<?xml version="1.0"?>

<!DOCTYPE instance-list SYSTEM "../instance_list.dtd">

<instance-list>
<instance name="gear" id="1">
<reach-time complete="yes">0.5</reach-time>
<states>2689</states>
<state-size>22</state-size>
<prediction>0</prediction>
<reach-goal prop-id="1" answer="yes" length="88"/>
<reach-goal prop-id="2" answer="yes" length="14"/>
<reach-goal prop-id="3" answer="yes" length="22"/>
<reach-goal prop-id="4" answer="yes" length="20"/>
</instance>

<instance name="gear" id="2">
<reach-time complete="yes">1.1</reach-time>
<states>16689</states>
<state-size>22</state-size>
<prediction>0</prediction>
<reach-goal prop-id="1" answer="yes" length="563"/>
<reach-goal prop-id="2" answer="yes" length="14"/>
<reach-goal prop-id="3" answer="yes" length="22"/>
<reach-goal prop-id="4" answer="yes" length="20"/>
</instance>

</instance-list>
