<?xml version="1.0"?>
<!DOCTYPE state-space-info SYSTEM "../../state_space_info.dtd">


<state-space-info>
<states>24330</states>
<edges>56219</edges>
<bfs-info>
 <levels>92</levels>
<max-level>1211</max-level>

<back-level-edges>1032</back-level-edges>
<max-back-level-edge>7</max-back-level-edge>
<avg-back-level-edge>2.11628</avg-back-level-edge>
<bfs-levels>
<level id="0"><states>1</states><edges>1</edges></level>
<level id="1"><states>1</states><edges>1</edges></level>
<level id="2"><states>1</states><edges>1</edges></level>
<level id="3"><states>1</states><edges>1</edges></level>
<level id="4"><states>1</states><edges>1</edges></level>
<level id="5"><states>1</states><edges>1</edges></level>
<level id="6"><states>1</states><edges>1</edges></level>
<level id="7"><states>1</states><edges>1</edges></level>
<level id="8"><states>1</states><edges>1</edges></level>
<level id="9"><states>1</states><edges>1</edges></level>
<level id="10"><states>1</states><edges>2</edges></level>
<level id="11"><states>2</states><edges>4</edges></level>
<level id="12"><states>3</states><edges>7</edges></level>
<level id="13"><states>4</states><edges>8</edges></level>
<level id="14"><states>4</states><edges>8</edges></level>
<level id="15"><states>4</states><edges>7</edges></level>
<level id="16"><states>3</states><edges>4</edges></level>
<level id="17"><states>2</states><edges>3</edges></level>
<level id="18"><states>2</states><edges>3</edges></level>
<level id="19"><states>2</states><edges>4</edges></level>
<level id="20"><states>3</states><edges>7</edges></level>
<level id="21"><states>4</states><edges>8</edges></level>
<level id="22"><states>4</states><edges>8</edges></level>
<level id="23"><states>4</states><edges>10</edges></level>
<level id="24"><states>6</states><edges>16</edges></level>
<level id="25"><states>8</states><edges>17</edges></level>
<level id="26"><states>10</states><edges>24</edges></level>
<level id="27"><states>18</states><edges>42</edges></level>
<level id="28"><states>22</states><edges>43</edges></level>
<level id="29"><states>28</states><edges>59</edges></level>
<level id="30"><states>42</states><edges>85</edges></level>
<level id="31"><states>52</states><edges>95</edges></level>
<level id="32"><states>56</states><edges>94</edges></level>
<level id="33"><states>56</states><edges>83</edges></level>
<level id="34"><states>49</states><edges>72</edges></level>
<level id="35"><states>49</states><edges>77</edges></level>
<level id="36"><states>56</states><edges>99</edges></level>
<level id="37"><states>71</states><edges>140</edges></level>
<level id="38"><states>93</states><edges>193</edges></level>
<level id="39"><states>116</states><edges>244</edges></level>
<level id="40"><states>132</states><edges>259</edges></level>
<level id="41"><states>127</states><edges>245</edges></level>
<level id="42"><states>127</states><edges>251</edges></level>
<level id="43"><states>142</states><edges>298</edges></level>
<level id="44"><states>180</states><edges>410</edges></level>
<level id="45"><states>258</states><edges>584</edges></level>
<level id="46"><states>352</states><edges>788</edges></level>
<level id="47"><states>461</states><edges>1016</edges></level>
<level id="48"><states>583</states><edges>1322</edges></level>
<level id="49"><states>723</states><edges>1704</edges></level>
<level id="50"><states>880</states><edges>2124</edges></level>
<level id="51"><states>1039</states><edges>2504</edges></level>
<level id="52"><states>1159</states><edges>2720</edges></level>
<level id="53"><states>1211</states><edges>2788</edges></level>
<level id="54"><states>1191</states><edges>2704</edges></level>
<level id="55"><states>1109</states><edges>2543</edges></level>
<level id="56"><states>998</states><edges>2325</edges></level>
<level id="57"><states>864</states><edges>2045</edges></level>
<level id="58"><states>734</states><edges>1743</edges></level>
<level id="59"><states>610</states><edges>1417</edges></level>
<level id="60"><states>501</states><edges>1150</edges></level>
<level id="61"><states>431</states><edges>995</edges></level>
<level id="62"><states>402</states><edges>966</edges></level>
<level id="63"><states>408</states><edges>995</edges></level>
<level id="64"><states>417</states><edges>991</edges></level>
<level id="65"><states>407</states><edges>917</edges></level>
<level id="66"><states>380</states><edges>824</edges></level>
<level id="67"><states>364</states><edges>784</edges></level>
<level id="68"><states>369</states><edges>832</edges></level>
<level id="69"><states>398</states><edges>950</edges></level>
<level id="70"><states>441</states><edges>1070</edges></level>
<level id="71"><states>467</states><edges>1163</edges></level>
<level id="72"><states>478</states><edges>1205</edges></level>
<level id="73"><states>468</states><edges>1143</edges></level>
<level id="74"><states>429</states><edges>986</edges></level>
<level id="75"><states>373</states><edges>824</edges></level>
<level id="76"><states>336</states><edges>803</edges></level>
<level id="77"><states>356</states><edges>939</edges></level>
<level id="78"><states>405</states><edges>1104</edges></level>
<level id="79"><states>438</states><edges>1154</edges></level>
<level id="80"><states>428</states><edges>1054</edges></level>
<level id="81"><states>390</states><edges>882</edges></level>
<level id="82"><states>332</states><edges>692</edges></level>
<level id="83"><states>262</states><edges>538</edges></level>
<level id="84"><states>210</states><edges>452</edges></level>
<level id="85"><states>176</states><edges>404</edges></level>
<level id="86"><states>148</states><edges>336</edges></level>
<level id="87"><states>132</states><edges>280</edges></level>
<level id="88"><states>128</states><edges>264</edges></level>
<level id="89"><states>112</states><edges>192</edges></level>
<level id="90"><states>64</states><edges>64</edges></level>
<level id="91"><states>16</states><edges>0</edges></level>
</bfs-levels>
<back-level-length id="0">0</back-level-length>
<back-level-length id="1">81.3953</back-level-length>
<back-level-length id="2">0</back-level-length>
<back-level-length id="3">0</back-level-length>
<back-level-length id="4">0</back-level-length>
<back-level-length id="5">0</back-level-length>
<back-level-length id="6">0</back-level-length>
<back-level-length id="7">18.6047</back-level-length>
</bfs-info>
<degrees>
<avg>2.31069</avg>
<max-in>5</max-in>
<max-out>5</max-out>
<degree id="0"><in>1</in><out>132</out></degree>
<degree id="1"><in>4811</in><out>4326</out></degree>
<degree id="2"><in>10039</in><out>9990</out></degree>
<degree id="3"><in>6997</in><out>7745</out></degree>
<degree id="4"><in>2071</in><out>2007</out></degree>
<degree id="5"><in>411</in><out>130</out></degree>
</degrees>
<scc-info>
<count>23226</count>
<height>107</height>
<nontrivial-height>4</nontrivial-height>
<trivial>23178</trivial>
<terminal>132</terminal>
<largest>24</largest>
<largest-position> </largest-position>
</scc-info>
<dfs-info>
<stack-size id="121">0.250719</stack-size>
<stack-size id="242">0.26305</stack-size>
<stack-size id="363">0.217838</stack-size>
<stack-size id="484">0.205508</stack-size>
<stack-size id="605">0.213728</stack-size>
<stack-size id="726">0.160296</stack-size>
<stack-size id="847">0.234279</stack-size>
<stack-size id="968">0.230169</stack-size>
<stack-size id="1089">0.197287</stack-size>
<stack-size id="1210">0.226058</stack-size>
<stack-size id="1331">0.234279</stack-size>
<stack-size id="1452">0.123305</stack-size>
<stack-size id="1573">0.238389</stack-size>
<stack-size id="1694">0.304151</stack-size>
<stack-size id="1815">0.246609</stack-size>
<stack-size id="1936">0.201397</stack-size>
<stack-size id="2057">0.221948</stack-size>
<stack-size id="2178">0.193177</stack-size>
<stack-size id="2299">0.26305</stack-size>
<stack-size id="2420">0.27127</stack-size>
<stack-size id="2541">0.226058</stack-size>
<stack-size id="2662">0.226058</stack-size>
<stack-size id="2783">0.209618</stack-size>
<stack-size id="2904">0.201397</stack-size>
<stack-size id="3025">0.131525</stack-size>
<stack-size id="3146">0.295931</stack-size>
<stack-size id="3267">0.27949</stack-size>
<stack-size id="3388">0.234279</stack-size>
<stack-size id="3509">0.221948</stack-size>
<stack-size id="3630">0.205508</stack-size>
<stack-size id="3751">0.217838</stack-size>
<stack-size id="3872">0.312372</stack-size>
<stack-size id="3993">0.295931</stack-size>
<stack-size id="4114">0.250719</stack-size>
<stack-size id="4235">0.234279</stack-size>
<stack-size id="4356">0.242499</stack-size>
<stack-size id="4477">0.217838</stack-size>
<stack-size id="4598">0.127415</stack-size>
<stack-size id="4719">0.287711</stack-size>
<stack-size id="4840">0.328812</stack-size>
<stack-size id="4961">0.242499</stack-size>
<stack-size id="5082">0.238389</stack-size>
<stack-size id="5203">0.238389</stack-size>
<stack-size id="5324">0.209618</stack-size>
<stack-size id="5445">0.172626</stack-size>
<stack-size id="5566">0.246609</stack-size>
<stack-size id="5687">0.316482</stack-size>
<stack-size id="5808">0.238389</stack-size>
<stack-size id="5929">0.230169</stack-size>
<stack-size id="6050">0.213728</stack-size>
<stack-size id="6171">0.230169</stack-size>
<stack-size id="6292">0.197287</stack-size>
<stack-size id="6413">0.246609</stack-size>
<stack-size id="6534">0.312372</stack-size>
<stack-size id="6655">0.213728</stack-size>
<stack-size id="6776">0.217838</stack-size>
<stack-size id="6897">0.197287</stack-size>
<stack-size id="7018">0.209618</stack-size>
<stack-size id="7139">0.189067</stack-size>
<stack-size id="7260">0.26305</stack-size>
<stack-size id="7381">0.26305</stack-size>
<stack-size id="7502">0.234279</stack-size>
<stack-size id="7623">0.221948</stack-size>
<stack-size id="7744">0.197287</stack-size>
<stack-size id="7865">0.201397</stack-size>
<stack-size id="7986">0.164406</stack-size>
<stack-size id="8107">0.324702</stack-size>
<stack-size id="8228">0.337032</stack-size>
<stack-size id="8349">0.27949</stack-size>
<stack-size id="8470">0.312372</stack-size>
<stack-size id="8591">0.324702</stack-size>
<stack-size id="8712">0.291821</stack-size>
<stack-size id="8833">0.26716</stack-size>
<stack-size id="8954">0.217838</stack-size>
<stack-size id="9075">0.213728</stack-size>
<stack-size id="9196">0.308261</stack-size>
<stack-size id="9317">0.312372</stack-size>
<stack-size id="9438">0.238389</stack-size>
<stack-size id="9559">0.209618</stack-size>
<stack-size id="9680">0.337032</stack-size>
<stack-size id="9801">0.353473</stack-size>
<stack-size id="9922">0.27538</stack-size>
<stack-size id="10043">0.337032</stack-size>
<stack-size id="10164">0.238389</stack-size>
<stack-size id="10285">0.316482</stack-size>
<stack-size id="10406">0.26305</stack-size>
<stack-size id="10527">0.27949</stack-size>
<stack-size id="10648">0.242499</stack-size>
<stack-size id="10769">0.213728</stack-size>
<stack-size id="10890">0.295931</stack-size>
<stack-size id="11011">0.242499</stack-size>
<stack-size id="11132">0.25894</stack-size>
<stack-size id="11253">0.189067</stack-size>
<stack-size id="11374">0.213728</stack-size>
<stack-size id="11495">0.221948</stack-size>
<stack-size id="11616">0.234279</stack-size>
<stack-size id="11737">0.295931</stack-size>
<stack-size id="11858">0.238389</stack-size>
<stack-size id="11979">0.217838</stack-size>
<stack-size id="12100">0.209618</stack-size>
<stack-size id="12221">0.217838</stack-size>
<stack-size id="12342">0.180847</stack-size>
<stack-size id="12463">0.205508</stack-size>
<stack-size id="12584">0.353473</stack-size>
<stack-size id="12705">0.234279</stack-size>
<stack-size id="12826">0.304151</stack-size>
<stack-size id="12947">0.374024</stack-size>
<stack-size id="13068">0.341143</stack-size>
<stack-size id="13189">0.349363</stack-size>
<stack-size id="13310">0.246609</stack-size>
<stack-size id="13431">0.230169</stack-size>
<stack-size id="13552">0.226058</stack-size>
<stack-size id="13673">0.332922</stack-size>
<stack-size id="13794">0.25894</stack-size>
<stack-size id="13915">0.26716</stack-size>
<stack-size id="14036">0.230169</stack-size>
<stack-size id="14157">0.361693</stack-size>
<stack-size id="14278">0.386354</stack-size>
<stack-size id="14399">0.353473</stack-size>
<stack-size id="14520">0.357583</stack-size>
<stack-size id="14641">0.304151</stack-size>
<stack-size id="14762">0.337032</stack-size>
<stack-size id="14883">0.26305</stack-size>
<stack-size id="15004">0.242499</stack-size>
<stack-size id="15125">0.230169</stack-size>
<stack-size id="15246">0.193177</stack-size>
<stack-size id="15367">0.312372</stack-size>
<stack-size id="15488">0.287711</stack-size>
<stack-size id="15609">0.230169</stack-size>
<stack-size id="15730">0.217838</stack-size>
<stack-size id="15851">0.221948</stack-size>
<stack-size id="15972">0.213728</stack-size>
<stack-size id="16093">0.300041</stack-size>
<stack-size id="16214">0.332922</stack-size>
<stack-size id="16335">0.25894</stack-size>
<stack-size id="16456">0.332922</stack-size>
<stack-size id="16577">0.250719</stack-size>
<stack-size id="16698">0.357583</stack-size>
<stack-size id="16819">0.238389</stack-size>
<stack-size id="16940">0.2836</stack-size>
<stack-size id="17061">0.250719</stack-size>
<stack-size id="17182">0.217838</stack-size>
<stack-size id="17303">0.332922</stack-size>
<stack-size id="17424">0.308261</stack-size>
<stack-size id="17545">0.209618</stack-size>
<stack-size id="17666">0.201397</stack-size>
<stack-size id="17787">0.365804</stack-size>
<stack-size id="17908">0.26716</stack-size>
<stack-size id="18029">0.374024</stack-size>
<stack-size id="18150">0.25894</stack-size>
<stack-size id="18271">0.365804</stack-size>
<stack-size id="18392">0.390464</stack-size>
<stack-size id="18513">0.295931</stack-size>
<stack-size id="18634">0.295931</stack-size>
<stack-size id="18755">0.221948</stack-size>
<stack-size id="18876">0.189067</stack-size>
<stack-size id="18997">0.230169</stack-size>
<stack-size id="19118">0.320592</stack-size>
<stack-size id="19239">0.221948</stack-size>
<stack-size id="19360">0.221948</stack-size>
<stack-size id="19481">0.242499</stack-size>
<stack-size id="19602">0.217838</stack-size>
<stack-size id="19723">0.168516</stack-size>
<stack-size id="19844">0.308261</stack-size>
<stack-size id="19965">0.328812</stack-size>
<stack-size id="20086">0.230169</stack-size>
<stack-size id="20207">0.300041</stack-size>
<stack-size id="20328">0.287711</stack-size>
<stack-size id="20449">0.312372</stack-size>
<stack-size id="20570">0.353473</stack-size>
<stack-size id="20691">0.234279</stack-size>
<stack-size id="20812">0.238389</stack-size>
<stack-size id="20933">0.205508</stack-size>
<stack-size id="21054">0.295931</stack-size>
<stack-size id="21175">0.27949</stack-size>
<stack-size id="21296">0.234279</stack-size>
<stack-size id="21417">0.221948</stack-size>
<stack-size id="21538">0.316482</stack-size>
<stack-size id="21659">0.2836</stack-size>
<stack-size id="21780">0.337032</stack-size>
<stack-size id="21901">0.27949</stack-size>
<stack-size id="22022">0.341143</stack-size>
<stack-size id="22143">0.361693</stack-size>
<stack-size id="22264">0.26305</stack-size>
<stack-size id="22385">0.26305</stack-size>
<stack-size id="22506">0.193177</stack-size>
<stack-size id="22627">0.160296</stack-size>
<stack-size id="22748">0.291821</stack-size>
<stack-size id="22869">0.238389</stack-size>
<stack-size id="22990">0.254829</stack-size>
<stack-size id="23111">0.184957</stack-size>
<stack-size id="23232">0.209618</stack-size>
<stack-size id="23353">0.217838</stack-size>
<stack-size id="23474">0.168516</stack-size>
<stack-size id="23595">0.221948</stack-size>
<stack-size id="23716">0.291821</stack-size>
<stack-size id="23837">0.201397</stack-size>
<stack-size id="23958">0.184957</stack-size>
<stack-size id="24079">0.213728</stack-size>
<stack-size id="24200">0.221948</stack-size>
<stack-size id="24321">0.0493218</stack-size>
<max-stack>96</max-stack>
<front-edges>24329</front-edges>
<back-edges>528</back-edges>
<cross-edges>31362</cross-edges>
<shortest-cycle>8</shortest-cycle>
</dfs-info>
<rw-info>
<coverage step="2420">4.63625</coverage>
<coverage step="4840">7.48459</coverage>
<coverage step="7260">9.94657</coverage>
<coverage step="9680">11.755</coverage>
<coverage step="12100">13.3169</coverage>
<coverage step="14520">14.7308</coverage>
<coverage step="16940">15.8611</coverage>
<coverage step="19360">16.9544</coverage>
<coverage step="21780">17.7846</coverage>
<coverage step="24200">18.7957</coverage>
<coverage step="26620">19.5931</coverage>
<coverage step="29040">20.337</coverage>
<coverage step="31460">21.6523</coverage>
<coverage step="33880">22.1332</coverage>
<coverage step="36300">22.8401</coverage>
<coverage step="38720">23.4566</coverage>
<coverage step="41140">23.9581</coverage>
<coverage step="43560">24.924</coverage>
<coverage step="45980">25.3185</coverage>
<coverage step="48400">26.1241</coverage>
<coverage step="50820">26.5351</coverage>
<coverage step="53240">26.79</coverage>
<coverage step="55660">27.2174</coverage>
<coverage step="58080">27.6695</coverage>
<coverage step="60500">28.171</coverage>
<coverage step="62920">28.6765</coverage>
<coverage step="65340">29.0136</coverage>
<coverage step="67760">29.6794</coverage>
<coverage step="70180">30.0863</coverage>
<coverage step="72600">30.7316</coverage>
<coverage step="75020">30.9782</coverage>
<coverage step="77440">31.1755</coverage>
<coverage step="79860">31.4344</coverage>
<coverage step="82280">31.7797</coverage>
<coverage step="84700">32.2647</coverage>
<coverage step="87120">32.5812</coverage>
<coverage step="89540">32.8853</coverage>
<coverage step="91960">33.0908</coverage>
<coverage step="94380">33.3909</coverage>
<coverage step="96800">33.5799</coverage>
<coverage step="99220">33.8348</coverage>
<coverage step="101640">34.0567</coverage>
<coverage step="104060">34.4266</coverage>
<coverage step="106480">34.6979</coverage>
<coverage step="108900">34.9363</coverage>
<coverage step="111320">35.1582</coverage>
<coverage step="113740">35.5651</coverage>
<coverage step="116160">35.7254</coverage>
<coverage step="118580">35.9597</coverage>
<coverage step="121000">36.1652</coverage>
<coverage step="123420">36.4488</coverage>
<coverage step="125840">36.5762</coverage>
<coverage step="128260">36.7406</coverage>
<coverage step="130680">36.8968</coverage>
<coverage step="133100">37.1928</coverage>
<coverage step="135520">37.2709</coverage>
<coverage step="137940">37.3777</coverage>
<coverage step="140360">37.4764</coverage>
<coverage step="142780">37.575</coverage>
<coverage step="145200">37.7024</coverage>
<coverage step="147620">37.9819</coverage>
<coverage step="150040">38.0806</coverage>
<coverage step="152460">38.1669</coverage>
<coverage step="154880">38.3395</coverage>
<coverage step="157300">38.5203</coverage>
<coverage step="159720">38.6683</coverage>
<coverage step="162140">38.7875</coverage>
<coverage step="164560">38.9108</coverage>
<coverage step="166980">39.104</coverage>
<coverage step="169400">39.2848</coverage>
<coverage step="171820">39.3999</coverage>
<coverage step="174240">39.5027</coverage>
<coverage step="176660">39.5767</coverage>
<coverage step="179080">39.6876</coverage>
<coverage step="181500">39.8109</coverage>
<coverage step="183920">39.9794</coverage>
<coverage step="186340">40.1356</coverage>
<coverage step="188760">40.2589</coverage>
<coverage step="191180">40.411</coverage>
<coverage step="193600">40.6042</coverage>
<coverage step="196020">40.7152</coverage>
<coverage step="198440">40.8303</coverage>
<coverage step="200860">40.896</coverage>
<coverage step="203280">41.0234</coverage>
<coverage step="205700">41.1344</coverage>
<coverage step="208120">41.2084</coverage>
<coverage step="210540">41.2741</coverage>
<coverage step="212960">41.3975</coverage>
<coverage step="215380">41.5372</coverage>
<coverage step="217800">41.8126</coverage>
<coverage step="220220">41.9811</coverage>
<coverage step="222640">42.1044</coverage>
<coverage step="225060">42.2524</coverage>
<coverage step="227480">42.3551</coverage>
<coverage step="229900">42.462</coverage>
<coverage step="232320">42.6058</coverage>
<coverage step="234740">42.6675</coverage>
<coverage step="237160">42.8607</coverage>
<coverage step="239580">43.0415</coverage>
<coverage step="242000">43.1237</coverage>
<rw-visits order="1">3435</rw-visits>
<rw-visits order="53">393</rw-visits>
<rw-visits order="105">217</rw-visits>
<rw-visits order="157">192</rw-visits>
<rw-visits order="209">145</rw-visits>
<rw-visits order="261">123</rw-visits>
<rw-visits order="313">103</rw-visits>
<rw-visits order="365">94</rw-visits>
<rw-visits order="417">86</rw-visits>
<rw-visits order="469">79</rw-visits>
<rw-visits order="521">71</rw-visits>
<rw-visits order="573">67</rw-visits>
<rw-visits order="625">59</rw-visits>
<rw-visits order="677">54</rw-visits>
<rw-visits order="729">49</rw-visits>
<rw-visits order="781">45</rw-visits>
<rw-visits order="833">43</rw-visits>
<rw-visits order="885">41</rw-visits>
<rw-visits order="937">39</rw-visits>
<rw-visits order="989">38</rw-visits>
<rw-visits order="1041">36</rw-visits>
<rw-visits order="1093">35</rw-visits>
<rw-visits order="1145">33</rw-visits>
<rw-visits order="1197">32</rw-visits>
<rw-visits order="1249">30</rw-visits>
<rw-visits order="1301">29</rw-visits>
<rw-visits order="1353">27</rw-visits>
<rw-visits order="1405">26</rw-visits>
<rw-visits order="1457">25</rw-visits>
<rw-visits order="1509">24</rw-visits>
<rw-visits order="1561">23</rw-visits>
<rw-visits order="1613">22</rw-visits>
<rw-visits order="1665">21</rw-visits>
<rw-visits order="1717">21</rw-visits>
<rw-visits order="1769">20</rw-visits>
<rw-visits order="1821">19</rw-visits>
<rw-visits order="1873">19</rw-visits>
<rw-visits order="1925">18</rw-visits>
<rw-visits order="1977">17</rw-visits>
<rw-visits order="2029">17</rw-visits>
<rw-visits order="2081">16</rw-visits>
<rw-visits order="2133">16</rw-visits>
<rw-visits order="2185">15</rw-visits>
<rw-visits order="2237">15</rw-visits>
<rw-visits order="2289">14</rw-visits>
<rw-visits order="2341">14</rw-visits>
<rw-visits order="2393">14</rw-visits>
<rw-visits order="2445">13</rw-visits>
<rw-visits order="2497">13</rw-visits>
<rw-visits order="2549">13</rw-visits>
<rw-visits order="2601">12</rw-visits>
<rw-visits order="2653">12</rw-visits>
<rw-visits order="2705">12</rw-visits>
<rw-visits order="2757">11</rw-visits>
<rw-visits order="2809">11</rw-visits>
<rw-visits order="2861">11</rw-visits>
<rw-visits order="2913">11</rw-visits>
<rw-visits order="2965">10</rw-visits>
<rw-visits order="3017">10</rw-visits>
<rw-visits order="3069">10</rw-visits>
<rw-visits order="3121">10</rw-visits>
<rw-visits order="3173">9</rw-visits>
<rw-visits order="3225">9</rw-visits>
<rw-visits order="3277">9</rw-visits>
<rw-visits order="3329">9</rw-visits>
<rw-visits order="3381">9</rw-visits>
<rw-visits order="3433">8</rw-visits>
<rw-visits order="3485">8</rw-visits>
<rw-visits order="3537">8</rw-visits>
<rw-visits order="3589">8</rw-visits>
<rw-visits order="3641">8</rw-visits>
<rw-visits order="3693">8</rw-visits>
<rw-visits order="3745">7</rw-visits>
<rw-visits order="3797">7</rw-visits>
<rw-visits order="3849">7</rw-visits>
<rw-visits order="3901">7</rw-visits>
<rw-visits order="3953">7</rw-visits>
<rw-visits order="4005">7</rw-visits>
<rw-visits order="4057">7</rw-visits>
<rw-visits order="4109">6</rw-visits>
<rw-visits order="4161">6</rw-visits>
<rw-visits order="4213">6</rw-visits>
<rw-visits order="4265">6</rw-visits>
<rw-visits order="4317">6</rw-visits>
<rw-visits order="4369">6</rw-visits>
<rw-visits order="4421">6</rw-visits>
<rw-visits order="4473">6</rw-visits>
<rw-visits order="4525">6</rw-visits>
<rw-visits order="4577">5</rw-visits>
<rw-visits order="4629">5</rw-visits>
<rw-visits order="4681">5</rw-visits>
<rw-visits order="4733">5</rw-visits>
<rw-visits order="4785">5</rw-visits>
<rw-visits order="4837">5</rw-visits>
<rw-visits order="4889">5</rw-visits>
<rw-visits order="4941">5</rw-visits>
<rw-visits order="4993">5</rw-visits>
<rw-visits order="5045">4</rw-visits>
<rw-visits order="5097">4</rw-visits>
<rw-visits order="5149">4</rw-visits>
<rw-visits order="5201">4</rw-visits>
<rw-visits order="5253">4</rw-visits>
<rw-visits order="5305">4</rw-visits>
<rw-visits order="5357">4</rw-visits>
<rw-visits order="5409">4</rw-visits>
<rw-visits order="5461">4</rw-visits>
<rw-visits order="5513">4</rw-visits>
<rw-visits order="5565">4</rw-visits>
<rw-visits order="5617">4</rw-visits>
<rw-visits order="5669">4</rw-visits>
<rw-visits order="5721">3</rw-visits>
<rw-visits order="5773">3</rw-visits>
<rw-visits order="5825">3</rw-visits>
<rw-visits order="5877">3</rw-visits>
<rw-visits order="5929">3</rw-visits>
<rw-visits order="5981">3</rw-visits>
<rw-visits order="6033">3</rw-visits>
<rw-visits order="6085">3</rw-visits>
<rw-visits order="6137">3</rw-visits>
<rw-visits order="6189">3</rw-visits>
<rw-visits order="6241">3</rw-visits>
<rw-visits order="6293">3</rw-visits>
<rw-visits order="6345">3</rw-visits>
<rw-visits order="6397">3</rw-visits>
<rw-visits order="6449">3</rw-visits>
<rw-visits order="6501">3</rw-visits>
<rw-visits order="6553">3</rw-visits>
<rw-visits order="6605">2</rw-visits>
<rw-visits order="6657">2</rw-visits>
<rw-visits order="6709">2</rw-visits>
<rw-visits order="6761">2</rw-visits>
<rw-visits order="6813">2</rw-visits>
<rw-visits order="6865">2</rw-visits>
<rw-visits order="6917">2</rw-visits>
<rw-visits order="6969">2</rw-visits>
<rw-visits order="7021">2</rw-visits>
<rw-visits order="7073">2</rw-visits>
<rw-visits order="7125">2</rw-visits>
<rw-visits order="7177">2</rw-visits>
<rw-visits order="7229">2</rw-visits>
<rw-visits order="7281">2</rw-visits>
<rw-visits order="7333">2</rw-visits>
<rw-visits order="7385">2</rw-visits>
<rw-visits order="7437">2</rw-visits>
<rw-visits order="7489">2</rw-visits>
<rw-visits order="7541">2</rw-visits>
<rw-visits order="7593">2</rw-visits>
<rw-visits order="7645">2</rw-visits>
<rw-visits order="7697">2</rw-visits>
<rw-visits order="7749">2</rw-visits>
<rw-visits order="7801">2</rw-visits>
<rw-visits order="7853">2</rw-visits>
<rw-visits order="7905">1</rw-visits>
<rw-visits order="7957">1</rw-visits>
<rw-visits order="8009">1</rw-visits>
<rw-visits order="8061">1</rw-visits>
<rw-visits order="8113">1</rw-visits>
<rw-visits order="8165">1</rw-visits>
<rw-visits order="8217">1</rw-visits>
<rw-visits order="8269">1</rw-visits>
<rw-visits order="8321">1</rw-visits>
<rw-visits order="8373">1</rw-visits>
<rw-visits order="8425">1</rw-visits>
<rw-visits order="8477">1</rw-visits>
<rw-visits order="8529">1</rw-visits>
<rw-visits order="8581">1</rw-visits>
<rw-visits order="8633">1</rw-visits>
<rw-visits order="8685">1</rw-visits>
<rw-visits order="8737">1</rw-visits>
<rw-visits order="8789">1</rw-visits>
<rw-visits order="8841">1</rw-visits>
<rw-visits order="8893">1</rw-visits>
<rw-visits order="8945">1</rw-visits>
<rw-visits order="8997">1</rw-visits>
<rw-visits order="9049">1</rw-visits>
<rw-visits order="9101">1</rw-visits>
<rw-visits order="9153">1</rw-visits>
<rw-visits order="9205">1</rw-visits>
<rw-visits order="9257">1</rw-visits>
<rw-visits order="9309">1</rw-visits>
<rw-visits order="9361">1</rw-visits>
<rw-visits order="9413">1</rw-visits>
<rw-visits order="9465">1</rw-visits>
<rw-visits order="9517">1</rw-visits>
<rw-visits order="9569">1</rw-visits>
<rw-visits order="9621">1</rw-visits>
<rw-visits order="9673">1</rw-visits>
<rw-visits order="9725">1</rw-visits>
<rw-visits order="9777">1</rw-visits>
<rw-visits order="9829">1</rw-visits>
<rw-visits order="9881">1</rw-visits>
<rw-visits order="9933">1</rw-visits>
<rw-visits order="9985">1</rw-visits>
<rw-visits order="10037">1</rw-visits>
<rw-visits order="10089">1</rw-visits>
<rw-visits order="10141">1</rw-visits>
<rw-visits order="10193">1</rw-visits>
<rw-visits order="10245">1</rw-visits>
<rw-visits order="10297">1</rw-visits>
<rw-visits order="10349">1</rw-visits>
<rw-visits order="10401">1</rw-visits>
<rw-visits order="10453">1</rw-visits>
<final-coverage>43.1319</final-coverage>
</rw-info>
<local-info>
<diamonds>79.8192</diamonds>
<neighborhood k="4">15</neighborhood>
<clustering k="4">1.5196</clustering>
</local-info>
<label-info>
<edge-label id="1.2">1</edge-label>
<edge-label id="1.3+2.0">1</edge-label>
<edge-label id="1.7">4978</edge-label>
<edge-label id="10.0+1.0">1</edge-label>
<edge-label id="2.1+9.2">1</edge-label>
<edge-label id="2.11+9.21">4</edge-label>
<edge-label id="2.13+9.21">4</edge-label>
<edge-label id="2.15+9.21">58</edge-label>
<edge-label id="2.17+9.21">136</edge-label>
<edge-label id="2.19+9.21">720</edge-label>
<edge-label id="2.21">3038</edge-label>
<edge-label id="2.23">376</edge-label>
<edge-label id="2.24+1.4">428</edge-label>
<edge-label id="2.25">120</edge-label>
<edge-label id="2.26+1.4">2318</edge-label>
<edge-label id="2.29">192</edge-label>
<edge-label id="2.36">1376</edge-label>
<edge-label id="2.37">856</edge-label>
<edge-label id="2.4">1</edge-label>
<edge-label id="2.9+9.21">1</edge-label>
<edge-label id="3.3">1900</edge-label>
<edge-label id="3.5+5.68">864</edge-label>
<edge-label id="5.36">4750</edge-label>
<edge-label id="5.37">343</edge-label>
<edge-label id="5.40+9.69">150</edge-label>
<edge-label id="5.44">18</edge-label>
<edge-label id="5.47+9.12">16</edge-label>
<edge-label id="5.47+9.26">16</edge-label>
<edge-label id="5.49">96</edge-label>
<edge-label id="5.51">70</edge-label>
<edge-label id="5.52">238</edge-label>
<edge-label id="5.54">532</edge-label>
<edge-label id="5.57">560</edge-label>
<edge-label id="5.59">260</edge-label>
<edge-label id="5.6">1008</edge-label>
<edge-label id="5.62+3.0">280</edge-label>
<edge-label id="5.63+3.0">280</edge-label>
<edge-label id="5.65">160</edge-label>
<edge-label id="5.67+9.22">192</edge-label>
<edge-label id="5.67+9.69">160</edge-label>
<edge-label id="5.7">11</edge-label>
<edge-label id="5.70+9.22">96</edge-label>
<edge-label id="5.70+9.69">80</edge-label>
<edge-label id="5.72+9.22">96</edge-label>
<edge-label id="8.36">8899</edge-label>
<edge-label id="8.37">728</edge-label>
<edge-label id="8.40+9.70">100</edge-label>
<edge-label id="8.44">229</edge-label>
<edge-label id="8.47+9.13">7</edge-label>
<edge-label id="8.47+9.27">12</edge-label>
<edge-label id="8.49">160</edge-label>
<edge-label id="8.52">234</edge-label>
<edge-label id="8.6">896</edge-label>
<edge-label id="8.7">204</edge-label>
<edge-label id="9.0">560</edge-label>
<edge-label id="9.1">560</edge-label>
<edge-label id="9.17">21</edge-label>
<edge-label id="9.18+2.10">4</edge-label>
<edge-label id="9.18+2.12">4</edge-label>
<edge-label id="9.18+2.14">58</edge-label>
<edge-label id="9.18+2.16">136</edge-label>
<edge-label id="9.18+2.18">720</edge-label>
<edge-label id="9.18+2.8">1</edge-label>
<edge-label id="9.19+5.66">192</edge-label>
<edge-label id="9.19+5.69">96</edge-label>
<edge-label id="9.19+5.71">96</edge-label>
<edge-label id="9.24">2507</edge-label>
<edge-label id="9.31">28</edge-label>
<edge-label id="9.32+2.22">832</edge-label>
<edge-label id="9.32+2.27">16</edge-label>
<edge-label id="9.32+2.35">256</edge-label>
<edge-label id="9.33+5.35">1616</edge-label>
<edge-label id="9.33+5.41">2</edge-label>
<edge-label id="9.33+5.45">2</edge-label>
<edge-label id="9.33+5.5">1</edge-label>
<edge-label id="9.33+5.50">24</edge-label>
<edge-label id="9.33+5.53">12</edge-label>
<edge-label id="9.33+5.56">240</edge-label>
<edge-label id="9.34+8.35">1546</edge-label>
<edge-label id="9.34+8.41">50</edge-label>
<edge-label id="9.34+8.45">6</edge-label>
<edge-label id="9.34+8.5">194</edge-label>
<edge-label id="9.34+8.50">12</edge-label>
<edge-label id="9.36+5.35">56</edge-label>
<edge-label id="9.36+5.53">12</edge-label>
<edge-label id="9.37+8.35">204</edge-label>
<edge-label id="9.39+5.35">56</edge-label>
<edge-label id="9.39+5.56">12</edge-label>
<edge-label id="9.40+8.35">120</edge-label>
<edge-label id="9.42+5.35">56</edge-label>
<edge-label id="9.42+5.53">12</edge-label>
<edge-label id="9.43+8.35">204</edge-label>
<edge-label id="9.45+5.35">10</edge-label>
<edge-label id="9.45+5.50">16</edge-label>
<edge-label id="9.46+8.35">20</edge-label>
<edge-label id="9.46+8.50">14</edge-label>
<edge-label id="9.47+2.27">16</edge-label>
<edge-label id="9.47+2.35">32</edge-label>
<edge-label id="9.49+8.35">48</edge-label>
<edge-label id="9.49+8.41">48</edge-label>
<edge-label id="9.50">16</edge-label>
<edge-label id="9.51">16</edge-label>
<edge-label id="9.52">16</edge-label>
<edge-label id="9.54+5.45">6</edge-label>
<edge-label id="9.55+8.45">15</edge-label>
<edge-label id="9.56">1669</edge-label>
<edge-label id="9.57">720</edge-label>
<edge-label id="9.58">80</edge-label>
<edge-label id="9.59">640</edge-label>
<edge-label id="9.60">990</edge-label>
<edge-label id="9.62+5.38">150</edge-label>
<edge-label id="9.62+5.64">160</edge-label>
<edge-label id="9.63+8.38">100</edge-label>
<edge-label id="9.65+5.39">150</edge-label>
<edge-label id="9.65+5.66">160</edge-label>
<edge-label id="9.65+5.69">80</edge-label>
<edge-label id="9.66+8.39">100</edge-label>
<edge-label id="9.67">400</edge-label>
<edge-label id="9.71">80</edge-label>
<edge-label id="9.72">120</edge-label>
<edge-label id="9.73">130</edge-label>
<edge-label id="9.74">240</edge-label>
<edge-label id="9.75+2.22">42</edge-label>
<edge-label id="9.75+2.35">84</edge-label>
<edge-label id="9.76+5.35">63</edge-label>
<edge-label id="9.76+5.5">168</edge-label>
<edge-label id="9.77+8.35">182</edge-label>
<edge-label id="9.77+8.5">98</edge-label>
<edge-label id="9.78">560</edge-label>
<edge-label id="9.8+2.2">1</edge-label>
<state-labels procid="0">
<label id="[]">24330</label>
</state-labels><state-labels procid="1">
<label id="[0,0]">24330</label>
</state-labels><state-labels procid="2">
<label id="[0,0,0]">1</label>
<label id="[0,1,106]">4978</label>
<label id="[1,1,0]">1</label>
<label id="[2,1,0]">1</label>
<label id="[3,1,0]">14371</label>
<label id="[4,1,106]">4978</label>
</state-labels><state-labels procid="3">
<label id="[0,-1,0,0,0,0]">3</label>
<label id="[0,1,0,0,0,0]">1</label>
<label id="[0,1,1,122,0,0]">856</label>
<label id="[0,1,3,122,0,0]">856</label>
<label id="[1,1,0,0,0,0]">1</label>
<label id="[10,1,1,110,0,0]">178</label>
<label id="[11,1,1,110,0,0]">58</label>
<label id="[12,1,1,110,0,0]">540</label>
<label id="[13,1,1,110,0,0]">136</label>
<label id="[14,1,1,110,0,0]">2496</label>
<label id="[15,1,1,110,0,0]">720</label>
<label id="[16,1,1,110,0,0]">3038</label>
<label id="[17,1,1,110,0,0]">3038</label>
<label id="[17,1,1,121,0,0]">376</label>
<label id="[18,1,1,119,0,0]">120</label>
<label id="[18,1,1,120,0,0]">2318</label>
<label id="[18,1,1,121,0,0]">376</label>
<label id="[18,1,1,122,0,0]">428</label>
<label id="[19,1,1,119,0,0]">120</label>
<label id="[2,1,0,110,0,0]">1</label>
<label id="[20,1,1,112,0,0]">96</label>
<label id="[20,1,1,113,0,0]">96</label>
<label id="[21,1,1,112,0,0]">96</label>
<label id="[21,1,1,113,0,0]">96</label>
<label id="[24,1,3,112,0,0]">192</label>
<label id="[24,1,3,113,0,0]">192</label>
<label id="[24,1,3,119,0,0]">240</label>
<label id="[24,1,3,120,0,0]">4636</label>
<label id="[24,1,3,121,0,0]">752</label>
<label id="[25,1,3,112,0,0]">192</label>
<label id="[25,1,3,113,0,0]">192</label>
<label id="[25,1,3,119,0,0]">240</label>
<label id="[25,1,3,121,0,0]">752</label>
<label id="[25,1,3,122,0,0]">856</label>
<label id="[4,1,1,110,0,0]">1</label>
<label id="[5,1,1,110,0,0]">1</label>
<label id="[6,1,1,110,0,0]">12</label>
<label id="[7,1,1,110,0,0]">4</label>
<label id="[8,1,1,110,0,0]">20</label>
<label id="[9,1,1,110,0,0]">4</label>
</state-labels><state-labels procid="4">
<label id="[0,0]">17142</label>
<label id="[0,103]">1694</label>
<label id="[0,104]">1694</label>
<label id="[1,103]">950</label>
<label id="[1,104]">950</label>
<label id="[3,103]">950</label>
<label id="[3,104]">950</label>
</state-labels><state-labels procid="5">
<label id="[0,0,0]">24330</label>
</state-labels><state-labels procid="6">
<label id="[0,-1,0,0,0,0]">10</label>
<label id="[0,-1,1,110,0,0]">366</label>
<label id="[0,-1,1,110,0,116]">132</label>
<label id="[0,-1,1,122,0,0]">742</label>
<label id="[0,-1,1,122,0,116]">266</label>
<label id="[0,-1,3,122,0,0]">343</label>
<label id="[24,-1,1,109,0,0]">98</label>
<label id="[24,-1,1,115,0,0]">140</label>
<label id="[24,-1,1,116,0,0]">762</label>
<label id="[24,-1,1,117,0,0]">722</label>
<label id="[24,-1,1,120,0,0]">770</label>
<label id="[24,-1,1,120,0,116]">280</label>
<label id="[24,-1,1,123,0,0]">722</label>
<label id="[24,-1,1,123,0,116]">260</label>
<label id="[24,-1,3,115,0,0]">92</label>
<label id="[24,-1,3,116,0,0]">342</label>
<label id="[24,-1,3,117,0,0]">326</label>
<label id="[24,-1,3,118,0,0]">60</label>
<label id="[24,-1,3,120,0,0]">408</label>
<label id="[24,-1,3,123,0,0]">326</label>
<label id="[25,-1,1,116,0,0]">762</label>
<label id="[25,-1,1,117,0,0]">722</label>
<label id="[25,-1,1,120,0,0]">770</label>
<label id="[25,-1,1,120,0,116]">280</label>
<label id="[25,-1,1,123,0,0]">722</label>
<label id="[25,-1,3,115,0,0]">92</label>
<label id="[25,-1,3,116,0,0]">342</label>
<label id="[25,-1,3,117,0,0]">326</label>
<label id="[25,-1,3,120,0,0]">408</label>
<label id="[25,-1,3,122,0,0]">343</label>
<label id="[25,-1,3,123,0,0]">326</label>
<label id="[26,-1,1,110,0,0]">110</label>
<label id="[26,-1,1,110,0,116]">40</label>
<label id="[27,-1,1,110,0,0]">390</label>
<label id="[27,-1,1,110,0,116]">150</label>
<label id="[28,-1,0,119,0,0]">11</label>
<label id="[29,-1,0,118,0,0]">18</label>
<label id="[3,-1,0,119,0,0]">11</label>
<label id="[3,-1,1,122,0,0]">742</label>
<label id="[3,-1,1,122,0,116]">266</label>
<label id="[30,-1,0,118,0,0]">18</label>
<label id="[31,-1,0,118,0,0]">48</label>
<label id="[31,-1,1,118,0,0]">96</label>
<label id="[31,-1,2,118,0,0]">48</label>
<label id="[32,-1,1,118,0,0]">112</label>
<label id="[33,-1,1,109,0,0]">98</label>
<label id="[33,-1,1,114,0,0]">70</label>
<label id="[33,-1,1,115,0,0]">140</label>
<label id="[34,-1,1,114,0,0]">70</label>
<label id="[35,-1,1,114,0,116]">272</label>
<label id="[35,-1,1,114,0,117]">260</label>
<label id="[36,-1,1,114,0,116]">272</label>
<label id="[36,-1,1,114,0,117]">260</label>
<label id="[37,-1,1,120,0,116]">280</label>
<label id="[37,-1,1,120,0,117]">280</label>
<label id="[37,-1,1,123,0,116]">260</label>
<label id="[38,-1,1,120,0,116]">280</label>
<label id="[38,-1,1,120,0,117]">280</label>
<label id="[40,-1,1,120,0,116]">560</label>
<label id="[40,-1,1,120,0,117]">560</label>
<label id="[41,-1,1,110,0,116]">80</label>
<label id="[41,-1,1,110,0,117]">80</label>
<label id="[42,-1,1,110,0,116]">864</label>
<label id="[42,-1,1,110,0,117]">864</label>
<label id="[43,-1,1,110,0,116]">396</label>
<label id="[43,-1,1,110,0,117]">396</label>
<label id="[44,-1,1,107,0,116]">198</label>
<label id="[44,-1,1,107,0,117]">198</label>
<label id="[45,-1,1,107,0,116]">432</label>
<label id="[45,-1,1,107,0,117]">432</label>
<label id="[46,-1,1,107,0,116]">392</label>
<label id="[46,-1,1,107,0,117]">392</label>
<label id="[47,-1,1,107,0,116]">48</label>
<label id="[47,-1,1,107,0,117]">48</label>
<label id="[48,-1,1,107,0,116]">624</label>
<label id="[48,-1,1,107,0,117]">624</label>
</state-labels><state-labels procid="7">
<label id="[0,0]">24330</label>
</state-labels><state-labels procid="8">
<label id="[0,0,0]">24330</label>
</state-labels><state-labels procid="9">
<label id="[0,-1,0,0,0,0]">12</label>
<label id="[0,-1,2,110,0,0]">946</label>
<label id="[0,-1,2,121,0,0]">504</label>
<label id="[0,-1,2,122,0,0]">392</label>
<label id="[0,-1,3,122,0,0]">728</label>
<label id="[24,-1,2,109,0,0]">108</label>
<label id="[24,-1,2,115,0,0]">126</label>
<label id="[24,-1,2,116,0,0]">612</label>
<label id="[24,-1,2,117,0,0]">570</label>
<label id="[24,-1,2,120,0,0]">830</label>
<label id="[24,-1,2,123,0,0]">570</label>
<label id="[24,-1,3,109,0,0]">108</label>
<label id="[24,-1,3,112,0,0]">96</label>
<label id="[24,-1,3,113,0,0]">96</label>
<label id="[24,-1,3,114,0,0]">90</label>
<label id="[24,-1,3,115,0,0]">180</label>
<label id="[24,-1,3,116,0,0]">1068</label>
<label id="[24,-1,3,117,0,0]">990</label>
<label id="[24,-1,3,118,0,0]">144</label>
<label id="[24,-1,3,119,0,0]">192</label>
<label id="[24,-1,3,120,0,0]">2003</label>
<label id="[24,-1,3,121,0,0]">504</label>
<label id="[24,-1,3,123,0,0]">990</label>
<label id="[25,-1,2,116,0,0]">612</label>
<label id="[25,-1,2,117,0,0]">570</label>
<label id="[25,-1,2,120,0,0]">830</label>
<label id="[25,-1,2,123,0,0]">570</label>
<label id="[25,-1,3,109,0,0]">108</label>
<label id="[25,-1,3,112,0,0]">96</label>
<label id="[25,-1,3,113,0,0]">96</label>
<label id="[25,-1,3,114,0,0]">90</label>
<label id="[25,-1,3,115,0,0]">180</label>
<label id="[25,-1,3,116,0,0]">1068</label>
<label id="[25,-1,3,117,0,0]">990</label>
<label id="[25,-1,3,119,0,0]">192</label>
<label id="[25,-1,3,120,0,0]">2003</label>
<label id="[25,-1,3,121,0,0]">504</label>
<label id="[25,-1,3,122,0,0]">728</label>
<label id="[25,-1,3,123,0,0]">990</label>
<label id="[26,-1,2,110,0,0]">100</label>
<label id="[27,-1,2,110,0,0]">450</label>
<label id="[28,-1,0,119,0,0]">12</label>
<label id="[28,-1,2,119,0,0]">192</label>
<label id="[29,-1,0,118,0,0]">37</label>
<label id="[29,-1,2,112,0,0]">96</label>
<label id="[29,-1,2,113,0,0]">96</label>
<label id="[3,-1,0,119,0,0]">12</label>
<label id="[3,-1,2,119,0,0]">192</label>
<label id="[3,-1,2,121,0,0]">504</label>
<label id="[3,-1,2,122,0,0]">392</label>
<label id="[30,-1,0,118,0,0]">37</label>
<label id="[30,-1,2,112,0,0]">96</label>
<label id="[30,-1,2,113,0,0]">96</label>
<label id="[31,-1,0,118,0,0]">51</label>
<label id="[31,-1,1,118,0,0]">109</label>
<label id="[31,-1,2,118,0,0]">51</label>
<label id="[32,-1,2,118,0,0]">87</label>
<label id="[33,-1,2,109,0,0]">108</label>
<label id="[33,-1,2,115,0,0]">126</label>
</state-labels><state-labels procid="10">
<label id="[0,{0|0|0},{0|0|0},{0|0|0},0,0,0,0]">4</label>
<label id="[0,{0|0|0},{0|0|0},{0|0|0},0,3,120,3]">28</label>
<label id="[0,{0|0|0},{0|0|0},{0|0|0},1,3,120,3]">56</label>
<label id="[0,{0|0|0},{0|0|1},{0|0|0},0,3,120,3]">28</label>
<label id="[0,{0|0|0},{0|0|1},{0|0|0},1,3,120,3]">112</label>
<label id="[0,{0|0|0},{0|0|1},{0|0|0},2,3,120,3]">56</label>
<label id="[0,{0|0|0},{0|1|0},{0|0|0},0,3,120,3]">28</label>
<label id="[0,{0|0|0},{0|1|0},{0|0|0},1,3,120,3]">28</label>
<label id="[0,{0|0|0},{0|1|0},{0|0|0},2,3,120,3]">28</label>
<label id="[0,{0|0|0},{0|1|1},{0|0|0},0,3,120,3]">56</label>
<label id="[0,{0|0|0},{0|1|1},{0|0|0},1,3,120,3]">84</label>
<label id="[0,{0|0|0},{0|1|1},{0|0|0},2,3,120,3]">56</label>
<label id="[0,{1|0|0},{0|0|0},{0|0|0},0,3,120,3]">28</label>
<label id="[0,{1|0|0},{0|0|0},{0|0|0},1,3,120,3]">56</label>
<label id="[0,{1|0|0},{0|0|1},{0|0|0},0,3,120,3]">28</label>
<label id="[0,{1|0|0},{0|0|1},{0|0|0},1,3,120,3]">112</label>
<label id="[0,{1|0|0},{0|0|1},{0|0|0},2,3,120,3]">56</label>
<label id="[0,{1|0|0},{0|1|0},{0|0|0},0,3,120,3]">28</label>
<label id="[0,{1|0|0},{0|1|0},{0|0|0},1,3,120,3]">28</label>
<label id="[0,{1|0|0},{0|1|0},{0|0|0},2,3,120,3]">28</label>
<label id="[0,{1|0|0},{0|1|1},{0|0|0},0,3,120,3]">56</label>
<label id="[0,{1|0|0},{0|1|1},{0|0|0},1,3,120,3]">84</label>
<label id="[0,{1|0|0},{0|1|1},{0|0|0},2,3,120,3]">56</label>
<label id="[1,{1|0|0},{0|0|0},{0|0|0},0,3,120,3]">28</label>
<label id="[1,{1|0|0},{0|0|0},{0|0|0},1,3,120,3]">56</label>
<label id="[1,{1|0|0},{0|0|1},{0|0|0},0,3,120,3]">28</label>
<label id="[1,{1|0|0},{0|0|1},{0|0|0},1,3,120,3]">112</label>
<label id="[1,{1|0|0},{0|0|1},{0|0|0},2,3,120,3]">56</label>
<label id="[1,{1|0|0},{0|1|0},{0|0|0},0,3,120,3]">28</label>
<label id="[1,{1|0|0},{0|1|0},{0|0|0},1,3,120,3]">28</label>
<label id="[1,{1|0|0},{0|1|0},{0|0|0},2,3,120,3]">28</label>
<label id="[1,{1|0|0},{0|1|1},{0|0|0},0,3,120,3]">56</label>
<label id="[1,{1|0|0},{0|1|1},{0|0|0},1,3,120,3]">84</label>
<label id="[1,{1|0|0},{0|1|1},{0|0|0},2,3,120,3]">56</label>
<label id="[10,{1|0|0},{0|0|0},{0|1|0},0,1,120,3]">10</label>
<label id="[10,{1|0|0},{0|0|0},{0|1|0},1,1,119,3]">20</label>
<label id="[10,{1|0|0},{0|0|0},{0|1|0},1,1,120,3]">20</label>
<label id="[10,{1|0|0},{0|0|0},{0|1|0},1,1,121,3]">60</label>
<label id="[10,{1|0|0},{0|0|1},{0|1|0},0,1,120,3]">10</label>
<label id="[10,{1|0|0},{0|0|1},{0|1|0},1,1,119,3]">30</label>
<label id="[10,{1|0|0},{0|0|1},{0|1|0},1,1,120,3]">30</label>
<label id="[10,{1|0|0},{0|0|1},{0|1|0},1,1,121,3]">90</label>
<label id="[10,{1|0|0},{0|0|1},{0|1|0},2,1,119,3]">10</label>
<label id="[10,{1|0|0},{0|0|1},{0|1|0},2,1,120,3]">10</label>
<label id="[10,{1|0|0},{0|0|1},{0|1|0},2,1,121,3]">30</label>
<label id="[10,{1|0|0},{0|0|1},{0|1|1},1,1,119,3]">10</label>
<label id="[10,{1|0|0},{0|0|1},{0|1|1},1,1,120,3]">10</label>
<label id="[10,{1|0|0},{0|0|1},{0|1|1},1,1,121,3]">30</label>
<label id="[10,{1|0|0},{0|0|1},{0|1|1},1,2,120,3]">40</label>
<label id="[10,{1|0|0},{0|0|1},{0|1|1},2,1,119,3]">10</label>
<label id="[10,{1|0|0},{0|0|1},{0|1|1},2,1,120,3]">10</label>
<label id="[10,{1|0|0},{0|0|1},{0|1|1},2,1,121,3]">30</label>
<label id="[10,{1|0|0},{0|0|1},{0|1|1},2,2,120,3]">40</label>
<label id="[10,{1|0|0},{0|1|0},{0|1|0},1,1,120,3]">10</label>
<label id="[10,{1|0|0},{0|1|1},{0|0|1},2,2,120,3]">10</label>
<label id="[10,{1|0|0},{0|1|1},{0|1|0},0,1,120,3]">10</label>
<label id="[10,{1|0|0},{0|1|1},{0|1|0},1,1,120,3]">15</label>
<label id="[10,{1|0|0},{0|1|1},{0|1|0},2,1,120,3]">5</label>
<label id="[10,{1|0|0},{0|1|1},{0|1|1},1,1,120,3]">5</label>
<label id="[10,{1|0|0},{0|1|1},{0|1|1},1,2,120,3]">5</label>
<label id="[10,{1|0|0},{0|1|1},{0|1|1},2,1,120,3]">5</label>
<label id="[10,{1|0|0},{0|1|1},{0|1|1},2,2,120,3]">5</label>
<label id="[11,{1|0|0},{0|0|0},{0|0|0},0,0,1,0]">4</label>
<label id="[11,{1|0|0},{0|0|0},{0|0|0},0,0,114,0]">2</label>
<label id="[11,{1|0|0},{0|0|0},{0|0|0},0,0,118,0]">4</label>
<label id="[11,{1|0|0},{0|0|0},{0|0|0},0,0,119,0]">1</label>
<label id="[11,{1|0|0},{0|0|0},{0|0|0},0,1,1,0]">4</label>
<label id="[11,{1|0|0},{0|0|0},{0|0|0},0,1,114,0]">2</label>
<label id="[11,{1|0|0},{0|0|0},{0|0|0},0,1,118,0]">4</label>
<label id="[11,{1|0|0},{0|0|0},{0|0|0},0,1,119,0]">1</label>
<label id="[11,{1|0|0},{0|0|0},{0|0|0},0,2,1,0]">2</label>
<label id="[11,{1|0|0},{0|0|0},{0|0|0},0,2,118,0]">4</label>
<label id="[11,{1|0|0},{0|0|0},{0|0|0},0,2,119,0]">2</label>
<label id="[11,{1|0|0},{0|0|0},{0|0|0},0,3,1,0]">2</label>
<label id="[11,{1|0|0},{0|0|0},{0|0|0},0,3,118,0]">4</label>
<label id="[11,{1|0|0},{0|0|0},{0|0|0},0,3,119,0]">4</label>
<label id="[11,{1|0|0},{0|0|0},{0|0|0},1,0,112,1]">24</label>
<label id="[11,{1|0|0},{0|0|0},{0|0|0},1,0,119,1]">44</label>
<label id="[11,{1|0|0},{0|0|0},{0|0|0},1,0,121,1]">132</label>
<label id="[11,{1|0|0},{0|0|0},{0|0|0},1,1,112,1]">48</label>
<label id="[11,{1|0|0},{0|0|0},{0|0|0},1,1,119,1]">48</label>
<label id="[11,{1|0|0},{0|0|0},{0|0|0},1,1,121,1]">144</label>
<label id="[11,{1|0|0},{0|0|0},{0|0|0},1,2,112,1]">48</label>
<label id="[11,{1|0|0},{0|0|0},{0|0|0},1,2,119,1]">48</label>
<label id="[11,{1|0|0},{0|0|0},{0|0|0},1,2,121,1]">144</label>
<label id="[11,{1|0|0},{0|0|0},{0|0|0},1,3,112,1]">96</label>
<label id="[11,{1|0|0},{0|0|0},{0|0|0},1,3,119,1]">24</label>
<label id="[11,{1|0|0},{0|0|0},{0|0|0},1,3,121,1]">72</label>
<label id="[11,{1|0|0},{0|0|0},{0|1|0},0,0,116,0]">4</label>
<label id="[11,{1|0|0},{0|0|0},{0|1|0},0,0,120,0]">72</label>
<label id="[11,{1|0|0},{0|0|0},{0|1|0},0,1,109,0]">2</label>
<label id="[11,{1|0|0},{0|0|0},{0|1|0},0,1,116,0]">4</label>
<label id="[11,{1|0|0},{0|0|0},{0|1|0},0,1,120,0]">180</label>
<label id="[11,{1|0|0},{0|0|0},{0|1|0},0,2,109,0]">4</label>
<label id="[11,{1|0|0},{0|0|0},{0|1|0},0,2,116,0]">12</label>
<label id="[11,{1|0|0},{0|0|0},{0|1|0},0,2,120,0]">60</label>
<label id="[11,{1|0|0},{0|0|0},{0|1|0},0,3,109,0]">4</label>
<label id="[11,{1|0|0},{0|0|0},{0|1|0},0,3,116,0]">36</label>
<label id="[11,{1|0|0},{0|0|0},{0|1|0},0,3,120,0]">20</label>
<label id="[11,{1|0|0},{0|0|0},{0|1|0},1,0,114,0]">2</label>
<label id="[11,{1|0|0},{0|0|0},{0|1|0},1,0,116,0]">16</label>
<label id="[11,{1|0|0},{0|0|0},{0|1|0},1,0,120,0]">144</label>
<label id="[11,{1|0|0},{0|0|0},{0|1|0},1,1,114,0]">2</label>
<label id="[11,{1|0|0},{0|0|0},{0|1|0},1,1,116,0]">16</label>
<label id="[11,{1|0|0},{0|0|0},{0|1|0},1,1,120,0]">360</label>
<label id="[11,{1|0|0},{0|0|0},{0|1|0},1,2,114,0]">8</label>
<label id="[11,{1|0|0},{0|0|0},{0|1|0},1,2,116,0]">48</label>
<label id="[11,{1|0|0},{0|0|0},{0|1|0},1,2,120,0]">360</label>
<label id="[11,{1|0|0},{0|0|0},{0|1|0},1,3,114,0]">16</label>
<label id="[11,{1|0|0},{0|0|0},{0|1|0},1,3,116,0]">72</label>
<label id="[11,{1|0|0},{0|0|0},{0|1|0},1,3,120,0]">120</label>
<label id="[11,{1|0|0},{0|0|1},{0|0|0},0,0,114,0]">2</label>
<label id="[11,{1|0|0},{0|0|1},{0|0|0},0,1,114,0]">2</label>
<label id="[11,{1|0|0},{0|0|1},{0|0|0},0,3,1,0]">2</label>
<label id="[11,{1|0|0},{0|0|1},{0|0|0},1,0,112,1]">48</label>
<label id="[11,{1|0|0},{0|0|1},{0|0|0},1,0,114,0]">2</label>
<label id="[11,{1|0|0},{0|0|1},{0|0|0},1,0,119,1]">78</label>
<label id="[11,{1|0|0},{0|0|1},{0|0|0},1,0,121,1]">234</label>
<label id="[11,{1|0|0},{0|0|1},{0|0|0},1,1,112,1]">96</label>
<label id="[11,{1|0|0},{0|0|1},{0|0|0},1,1,114,0]">2</label>
<label id="[11,{1|0|0},{0|0|1},{0|0|0},1,1,119,1]">84</label>
<label id="[11,{1|0|0},{0|0|1},{0|0|0},1,1,121,1]">252</label>
<label id="[11,{1|0|0},{0|0|1},{0|0|0},1,2,112,1]">96</label>
<label id="[11,{1|0|0},{0|0|1},{0|0|0},1,2,119,1]">84</label>
<label id="[11,{1|0|0},{0|0|1},{0|0|0},1,2,121,1]">252</label>
<label id="[11,{1|0|0},{0|0|1},{0|0|0},1,3,1,0]">2</label>
<label id="[11,{1|0|0},{0|0|1},{0|0|0},1,3,112,1]">192</label>
<label id="[11,{1|0|0},{0|0|1},{0|0|0},1,3,119,1]">48</label>
<label id="[11,{1|0|0},{0|0|1},{0|0|0},1,3,121,1]">144</label>
<label id="[11,{1|0|0},{0|0|1},{0|0|0},2,0,112,1]">24</label>
<label id="[11,{1|0|0},{0|0|1},{0|0|0},2,0,114,0]">1</label>
<label id="[11,{1|0|0},{0|0|1},{0|0|0},2,0,119,1]">34</label>
<label id="[11,{1|0|0},{0|0|1},{0|0|0},2,0,121,1]">102</label>
<label id="[11,{1|0|0},{0|0|1},{0|0|0},2,1,112,1]">48</label>
<label id="[11,{1|0|0},{0|0|1},{0|0|0},2,1,114,0]">1</label>
<label id="[11,{1|0|0},{0|0|1},{0|0|0},2,1,119,1]">36</label>
<label id="[11,{1|0|0},{0|0|1},{0|0|0},2,1,121,1]">108</label>
<label id="[11,{1|0|0},{0|0|1},{0|0|0},2,2,112,1]">48</label>
<label id="[11,{1|0|0},{0|0|1},{0|0|0},2,2,119,1]">36</label>
<label id="[11,{1|0|0},{0|0|1},{0|0|0},2,2,121,1]">108</label>
<label id="[11,{1|0|0},{0|0|1},{0|0|0},2,3,1,0]">1</label>
<label id="[11,{1|0|0},{0|0|1},{0|0|0},2,3,112,1]">96</label>
<label id="[11,{1|0|0},{0|0|1},{0|0|0},2,3,119,1]">24</label>
<label id="[11,{1|0|0},{0|0|1},{0|0|0},2,3,121,1]">72</label>
<label id="[11,{1|0|0},{0|0|1},{0|0|1},2,0,114,0]">1</label>
<label id="[11,{1|0|0},{0|0|1},{0|0|1},2,1,114,0]">1</label>
<label id="[11,{1|0|0},{0|0|1},{0|1|0},0,0,116,0]">4</label>
<label id="[11,{1|0|0},{0|0|1},{0|1|0},0,0,120,0]">72</label>
<label id="[11,{1|0|0},{0|0|1},{0|1|0},0,1,109,0]">2</label>
<label id="[11,{1|0|0},{0|0|1},{0|1|0},0,1,116,0]">4</label>
<label id="[11,{1|0|0},{0|0|1},{0|1|0},0,1,120,0]">180</label>
<label id="[11,{1|0|0},{0|0|1},{0|1|0},0,2,109,0]">4</label>
<label id="[11,{1|0|0},{0|0|1},{0|1|0},0,2,116,0]">12</label>
<label id="[11,{1|0|0},{0|0|1},{0|1|0},0,2,120,0]">60</label>
<label id="[11,{1|0|0},{0|0|1},{0|1|0},0,3,109,0]">4</label>
<label id="[11,{1|0|0},{0|0|1},{0|1|0},0,3,116,0]">36</label>
<label id="[11,{1|0|0},{0|0|1},{0|1|0},0,3,120,0]">20</label>
<label id="[11,{1|0|0},{0|0|1},{0|1|0},1,0,114,0]">4</label>
<label id="[11,{1|0|0},{0|0|1},{0|1|0},1,0,116,0]">12</label>
<label id="[11,{1|0|0},{0|0|1},{0|1|0},1,0,120,0]">144</label>
<label id="[11,{1|0|0},{0|0|1},{0|1|0},1,1,109,0]">2</label>
<label id="[11,{1|0|0},{0|0|1},{0|1|0},1,1,114,0]">4</label>
<label id="[11,{1|0|0},{0|0|1},{0|1|0},1,1,116,0]">12</label>
<label id="[11,{1|0|0},{0|0|1},{0|1|0},1,1,120,0]">360</label>
<label id="[11,{1|0|0},{0|0|1},{0|1|0},1,2,109,0]">4</label>
<label id="[11,{1|0|0},{0|0|1},{0|1|0},1,2,114,0]">16</label>
<label id="[11,{1|0|0},{0|0|1},{0|1|0},1,2,116,0]">36</label>
<label id="[11,{1|0|0},{0|0|1},{0|1|0},1,2,120,0]">360</label>
<label id="[11,{1|0|0},{0|0|1},{0|1|0},1,3,109,0]">4</label>
<label id="[11,{1|0|0},{0|0|1},{0|1|0},1,3,114,0]">8</label>
<label id="[11,{1|0|0},{0|0|1},{0|1|0},1,3,116,0]">72</label>
<label id="[11,{1|0|0},{0|0|1},{0|1|0},1,3,120,0]">120</label>
<label id="[11,{1|0|0},{0|0|1},{0|1|0},2,1,109,0]">1</label>
<label id="[11,{1|0|0},{0|0|1},{0|1|0},2,2,109,0]">2</label>
<label id="[11,{1|0|0},{0|0|1},{0|1|1},1,0,114,0]">1</label>
<label id="[11,{1|0|0},{0|0|1},{0|1|1},1,0,116,0]">16</label>
<label id="[11,{1|0|0},{0|0|1},{0|1|1},1,0,120,0]">144</label>
<label id="[11,{1|0|0},{0|0|1},{0|1|1},1,1,114,0]">1</label>
<label id="[11,{1|0|0},{0|0|1},{0|1|1},1,1,116,0]">16</label>
<label id="[11,{1|0|0},{0|0|1},{0|1|1},1,1,120,0]">360</label>
<label id="[11,{1|0|0},{0|0|1},{0|1|1},1,2,109,0]">4</label>
<label id="[11,{1|0|0},{0|0|1},{0|1|1},1,2,114,0]">4</label>
<label id="[11,{1|0|0},{0|0|1},{0|1|1},1,2,116,0]">48</label>
<label id="[11,{1|0|0},{0|0|1},{0|1|1},1,2,120,0]">360</label>
<label id="[11,{1|0|0},{0|0|1},{0|1|1},1,3,109,0]">8</label>
<label id="[11,{1|0|0},{0|0|1},{0|1|1},1,3,114,0]">8</label>
<label id="[11,{1|0|0},{0|0|1},{0|1|1},1,3,116,0]">72</label>
<label id="[11,{1|0|0},{0|0|1},{0|1|1},1,3,120,0]">120</label>
<label id="[11,{1|0|0},{0|0|1},{0|1|1},2,0,114,0]">1</label>
<label id="[11,{1|0|0},{0|0|1},{0|1|1},2,0,116,0]">12</label>
<label id="[11,{1|0|0},{0|0|1},{0|1|1},2,0,120,0]">144</label>
<label id="[11,{1|0|0},{0|0|1},{0|1|1},2,1,109,0]">1</label>
<label id="[11,{1|0|0},{0|0|1},{0|1|1},2,1,114,0]">1</label>
<label id="[11,{1|0|0},{0|0|1},{0|1|1},2,1,116,0]">12</label>
<label id="[11,{1|0|0},{0|0|1},{0|1|1},2,1,120,0]">360</label>
<label id="[11,{1|0|0},{0|0|1},{0|1|1},2,2,109,0]">2</label>
<label id="[11,{1|0|0},{0|0|1},{0|1|1},2,2,114,0]">4</label>
<label id="[11,{1|0|0},{0|0|1},{0|1|1},2,2,116,0]">36</label>
<label id="[11,{1|0|0},{0|0|1},{0|1|1},2,2,120,0]">360</label>
<label id="[11,{1|0|0},{0|0|1},{0|1|1},2,3,109,0]">4</label>
<label id="[11,{1|0|0},{0|0|1},{0|1|1},2,3,114,0]">8</label>
<label id="[11,{1|0|0},{0|0|1},{0|1|1},2,3,116,0]">72</label>
<label id="[11,{1|0|0},{0|0|1},{0|1|1},2,3,120,0]">120</label>
<label id="[11,{1|0|0},{0|1|0},{0|0|0},0,0,114,0]">4</label>
<label id="[11,{1|0|0},{0|1|0},{0|0|0},0,0,116,0]">8</label>
<label id="[11,{1|0|0},{0|1|0},{0|0|0},0,0,120,0]">72</label>
<label id="[11,{1|0|0},{0|1|0},{0|0|0},0,1,114,0]">4</label>
<label id="[11,{1|0|0},{0|1|0},{0|0|0},0,1,116,0]">8</label>
<label id="[11,{1|0|0},{0|1|0},{0|0|0},0,1,120,0]">180</label>
<label id="[11,{1|0|0},{0|1|0},{0|0|0},0,2,1,0]">4</label>
<label id="[11,{1|0|0},{0|1|0},{0|0|0},0,2,114,0]">4</label>
<label id="[11,{1|0|0},{0|1|0},{0|0|0},0,2,116,0]">24</label>
<label id="[11,{1|0|0},{0|1|0},{0|0|0},0,2,120,0]">60</label>
<label id="[11,{1|0|0},{0|1|0},{0|0|0},0,3,1,0]">4</label>
<label id="[11,{1|0|0},{0|1|0},{0|0|0},0,3,114,0]">8</label>
<label id="[11,{1|0|0},{0|1|0},{0|0|0},0,3,116,0]">36</label>
<label id="[11,{1|0|0},{0|1|0},{0|0|0},0,3,120,0]">20</label>
<label id="[11,{1|0|0},{0|1|0},{0|0|0},1,0,114,0]">2</label>
<label id="[11,{1|0|0},{0|1|0},{0|0|0},1,1,114,0]">2</label>
<label id="[11,{1|0|0},{0|1|0},{0|0|0},1,2,1,0]">2</label>
<label id="[11,{1|0|0},{0|1|0},{0|0|0},1,3,1,0]">2</label>
<label id="[11,{1|0|0},{0|1|0},{0|0|0},2,0,114,0]">4</label>
<label id="[11,{1|0|0},{0|1|0},{0|0|0},2,0,116,0]">8</label>
<label id="[11,{1|0|0},{0|1|0},{0|0|0},2,0,120,0]">72</label>
<label id="[11,{1|0|0},{0|1|0},{0|0|0},2,1,114,0]">4</label>
<label id="[11,{1|0|0},{0|1|0},{0|0|0},2,1,116,0]">8</label>
<label id="[11,{1|0|0},{0|1|0},{0|0|0},2,1,120,0]">180</label>
<label id="[11,{1|0|0},{0|1|0},{0|0|0},2,2,1,0]">4</label>
<label id="[11,{1|0|0},{0|1|0},{0|0|0},2,2,114,0]">4</label>
<label id="[11,{1|0|0},{0|1|0},{0|0|0},2,2,116,0]">24</label>
<label id="[11,{1|0|0},{0|1|0},{0|0|0},2,2,120,0]">60</label>
<label id="[11,{1|0|0},{0|1|0},{0|0|0},2,3,1,0]">4</label>
<label id="[11,{1|0|0},{0|1|0},{0|0|0},2,3,114,0]">8</label>
<label id="[11,{1|0|0},{0|1|0},{0|0|0},2,3,116,0]">36</label>
<label id="[11,{1|0|0},{0|1|0},{0|0|0},2,3,120,0]">20</label>
<label id="[11,{1|0|0},{0|1|0},{0|1|0},1,0,114,0]">2</label>
<label id="[11,{1|0|0},{0|1|0},{0|1|0},1,0,116,0]">12</label>
<label id="[11,{1|0|0},{0|1|0},{0|1|0},1,0,120,0]">72</label>
<label id="[11,{1|0|0},{0|1|0},{0|1|0},1,1,109,0]">2</label>
<label id="[11,{1|0|0},{0|1|0},{0|1|0},1,1,114,0]">2</label>
<label id="[11,{1|0|0},{0|1|0},{0|1|0},1,1,116,0]">12</label>
<label id="[11,{1|0|0},{0|1|0},{0|1|0},1,1,120,0]">180</label>
<label id="[11,{1|0|0},{0|1|0},{0|1|0},1,2,109,0]">4</label>
<label id="[11,{1|0|0},{0|1|0},{0|1|0},1,2,114,0]">4</label>
<label id="[11,{1|0|0},{0|1|0},{0|1|0},1,2,116,0]">36</label>
<label id="[11,{1|0|0},{0|1|0},{0|1|0},1,2,120,0]">60</label>
<label id="[11,{1|0|0},{0|1|0},{0|1|0},1,3,109,0]">4</label>
<label id="[11,{1|0|0},{0|1|0},{0|1|0},1,3,114,0]">8</label>
<label id="[11,{1|0|0},{0|1|0},{0|1|0},1,3,116,0]">36</label>
<label id="[11,{1|0|0},{0|1|0},{0|1|0},1,3,120,0]">20</label>
<label id="[11,{1|0|0},{0|1|1},{0|0|0},0,0,114,0]">8</label>
<label id="[11,{1|0|0},{0|1|1},{0|0|0},0,0,116,0]">4</label>
<label id="[11,{1|0|0},{0|1|1},{0|0|0},0,0,120,0]">72</label>
<label id="[11,{1|0|0},{0|1|1},{0|0|0},0,1,114,0]">8</label>
<label id="[11,{1|0|0},{0|1|1},{0|0|0},0,1,116,0]">4</label>
<label id="[11,{1|0|0},{0|1|1},{0|0|0},0,1,120,0]">180</label>
<label id="[11,{1|0|0},{0|1|1},{0|0|0},0,2,114,0]">4</label>
<label id="[11,{1|0|0},{0|1|1},{0|0|0},0,2,116,0]">12</label>
<label id="[11,{1|0|0},{0|1|1},{0|0|0},0,2,120,0]">60</label>
<label id="[11,{1|0|0},{0|1|1},{0|0|0},0,3,1,0]">8</label>
<label id="[11,{1|0|0},{0|1|1},{0|0|0},0,3,114,0]">4</label>
<label id="[11,{1|0|0},{0|1|1},{0|0|0},0,3,116,0]">36</label>
<label id="[11,{1|0|0},{0|1|1},{0|0|0},0,3,120,0]">20</label>
<label id="[11,{1|0|0},{0|1|1},{0|0|0},1,0,114,0]">8</label>
<label id="[11,{1|0|0},{0|1|1},{0|0|0},1,0,116,0]">4</label>
<label id="[11,{1|0|0},{0|1|1},{0|0|0},1,0,120,0]">72</label>
<label id="[11,{1|0|0},{0|1|1},{0|0|0},1,1,114,0]">8</label>
<label id="[11,{1|0|0},{0|1|1},{0|0|0},1,1,116,0]">4</label>
<label id="[11,{1|0|0},{0|1|1},{0|0|0},1,1,120,0]">180</label>
<label id="[11,{1|0|0},{0|1|1},{0|0|0},1,2,114,0]">4</label>
<label id="[11,{1|0|0},{0|1|1},{0|0|0},1,2,116,0]">12</label>
<label id="[11,{1|0|0},{0|1|1},{0|0|0},1,2,120,0]">60</label>
<label id="[11,{1|0|0},{0|1|1},{0|0|0},1,3,1,0]">8</label>
<label id="[11,{1|0|0},{0|1|1},{0|0|0},1,3,114,0]">4</label>
<label id="[11,{1|0|0},{0|1|1},{0|0|0},1,3,116,0]">36</label>
<label id="[11,{1|0|0},{0|1|1},{0|0|0},1,3,120,0]">20</label>
<label id="[11,{1|0|0},{0|1|1},{0|0|0},2,0,114,0]">4</label>
<label id="[11,{1|0|0},{0|1|1},{0|0|0},2,1,114,0]">4</label>
<label id="[11,{1|0|0},{0|1|1},{0|0|0},2,2,114,0]">2</label>
<label id="[11,{1|0|0},{0|1|1},{0|0|0},2,3,1,0]">4</label>
<label id="[11,{1|0|0},{0|1|1},{0|0|1},2,0,114,0]">4</label>
<label id="[11,{1|0|0},{0|1|1},{0|0|1},2,0,116,0]">8</label>
<label id="[11,{1|0|0},{0|1|1},{0|0|1},2,0,120,0]">72</label>
<label id="[11,{1|0|0},{0|1|1},{0|0|1},2,1,114,0]">4</label>
<label id="[11,{1|0|0},{0|1|1},{0|0|1},2,1,116,0]">8</label>
<label id="[11,{1|0|0},{0|1|1},{0|0|1},2,1,120,0]">180</label>
<label id="[11,{1|0|0},{0|1|1},{0|0|1},2,2,109,0]">2</label>
<label id="[11,{1|0|0},{0|1|1},{0|0|1},2,2,114,0]">2</label>
<label id="[11,{1|0|0},{0|1|1},{0|0|1},2,2,116,0]">24</label>
<label id="[11,{1|0|0},{0|1|1},{0|0|1},2,2,120,0]">60</label>
<label id="[11,{1|0|0},{0|1|1},{0|0|1},2,3,109,0]">4</label>
<label id="[11,{1|0|0},{0|1|1},{0|0|1},2,3,114,0]">4</label>
<label id="[11,{1|0|0},{0|1|1},{0|0|1},2,3,116,0]">36</label>
<label id="[11,{1|0|0},{0|1|1},{0|0|1},2,3,120,0]">20</label>
<label id="[11,{1|0|0},{0|1|1},{0|1|0},0,0,116,0]">4</label>
<label id="[11,{1|0|0},{0|1|1},{0|1|0},0,0,120,0]">72</label>
<label id="[11,{1|0|0},{0|1|1},{0|1|0},0,1,109,0]">2</label>
<label id="[11,{1|0|0},{0|1|1},{0|1|0},0,1,116,0]">4</label>
<label id="[11,{1|0|0},{0|1|1},{0|1|0},0,1,120,0]">180</label>
<label id="[11,{1|0|0},{0|1|1},{0|1|0},0,2,109,0]">4</label>
<label id="[11,{1|0|0},{0|1|1},{0|1|0},0,2,116,0]">12</label>
<label id="[11,{1|0|0},{0|1|1},{0|1|0},0,2,120,0]">60</label>
<label id="[11,{1|0|0},{0|1|1},{0|1|0},0,3,109,0]">4</label>
<label id="[11,{1|0|0},{0|1|1},{0|1|0},0,3,116,0]">36</label>
<label id="[11,{1|0|0},{0|1|1},{0|1|0},0,3,120,0]">20</label>
<label id="[11,{1|0|0},{0|1|1},{0|1|0},1,0,114,0]">4</label>
<label id="[11,{1|0|0},{0|1|1},{0|1|0},1,0,116,0]">8</label>
<label id="[11,{1|0|0},{0|1|1},{0|1|0},1,0,120,0]">72</label>
<label id="[11,{1|0|0},{0|1|1},{0|1|0},1,1,109,0]">2</label>
<label id="[11,{1|0|0},{0|1|1},{0|1|0},1,1,114,0]">4</label>
<label id="[11,{1|0|0},{0|1|1},{0|1|0},1,1,116,0]">8</label>
<label id="[11,{1|0|0},{0|1|1},{0|1|0},1,1,120,0]">180</label>
<label id="[11,{1|0|0},{0|1|1},{0|1|0},1,2,109,0]">4</label>
<label id="[11,{1|0|0},{0|1|1},{0|1|0},1,2,114,0]">8</label>
<label id="[11,{1|0|0},{0|1|1},{0|1|0},1,2,116,0]">24</label>
<label id="[11,{1|0|0},{0|1|1},{0|1|0},1,2,120,0]">60</label>
<label id="[11,{1|0|0},{0|1|1},{0|1|0},1,3,109,0]">4</label>
<label id="[11,{1|0|0},{0|1|1},{0|1|0},1,3,114,0]">4</label>
<label id="[11,{1|0|0},{0|1|1},{0|1|0},1,3,116,0]">36</label>
<label id="[11,{1|0|0},{0|1|1},{0|1|0},1,3,120,0]">20</label>
<label id="[11,{1|0|0},{0|1|1},{0|1|0},2,1,109,0]">1</label>
<label id="[11,{1|0|0},{0|1|1},{0|1|0},2,2,109,0]">2</label>
<label id="[11,{1|0|0},{0|1|1},{0|1|1},1,0,114,0]">1</label>
<label id="[11,{1|0|0},{0|1|1},{0|1|1},1,0,116,0]">8</label>
<label id="[11,{1|0|0},{0|1|1},{0|1|1},1,0,120,0]">72</label>
<label id="[11,{1|0|0},{0|1|1},{0|1|1},1,1,114,0]">1</label>
<label id="[11,{1|0|0},{0|1|1},{0|1|1},1,1,116,0]">8</label>
<label id="[11,{1|0|0},{0|1|1},{0|1|1},1,1,120,0]">180</label>
<label id="[11,{1|0|0},{0|1|1},{0|1|1},1,2,109,0]">2</label>
<label id="[11,{1|0|0},{0|1|1},{0|1|1},1,2,114,0]">2</label>
<label id="[11,{1|0|0},{0|1|1},{0|1|1},1,2,116,0]">24</label>
<label id="[11,{1|0|0},{0|1|1},{0|1|1},1,2,120,0]">60</label>
<label id="[11,{1|0|0},{0|1|1},{0|1|1},1,3,109,0]">4</label>
<label id="[11,{1|0|0},{0|1|1},{0|1|1},1,3,114,0]">4</label>
<label id="[11,{1|0|0},{0|1|1},{0|1|1},1,3,116,0]">36</label>
<label id="[11,{1|0|0},{0|1|1},{0|1|1},1,3,120,0]">20</label>
<label id="[11,{1|0|0},{0|1|1},{0|1|1},2,0,114,0]">1</label>
<label id="[11,{1|0|0},{0|1|1},{0|1|1},2,0,116,0]">8</label>
<label id="[11,{1|0|0},{0|1|1},{0|1|1},2,0,120,0]">72</label>
<label id="[11,{1|0|0},{0|1|1},{0|1|1},2,1,109,0]">1</label>
<label id="[11,{1|0|0},{0|1|1},{0|1|1},2,1,114,0]">1</label>
<label id="[11,{1|0|0},{0|1|1},{0|1|1},2,1,116,0]">8</label>
<label id="[11,{1|0|0},{0|1|1},{0|1|1},2,1,120,0]">180</label>
<label id="[11,{1|0|0},{0|1|1},{0|1|1},2,2,109,0]">2</label>
<label id="[11,{1|0|0},{0|1|1},{0|1|1},2,2,114,0]">2</label>
<label id="[11,{1|0|0},{0|1|1},{0|1|1},2,2,116,0]">24</label>
<label id="[11,{1|0|0},{0|1|1},{0|1|1},2,2,120,0]">60</label>
<label id="[11,{1|0|0},{0|1|1},{0|1|1},2,3,109,0]">4</label>
<label id="[11,{1|0|0},{0|1|1},{0|1|1},2,3,114,0]">4</label>
<label id="[11,{1|0|0},{0|1|1},{0|1|1},2,3,116,0]">36</label>
<label id="[11,{1|0|0},{0|1|1},{0|1|1},2,3,120,0]">20</label>
<label id="[12,{1|0|0},{0|0|0},{0|0|0},0,1,109,0]">2</label>
<label id="[12,{1|0|0},{0|0|1},{0|0|0},0,1,109,0]">2</label>
<label id="[12,{1|0|0},{0|0|1},{0|0|0},1,1,109,0]">2</label>
<label id="[12,{1|0|0},{0|0|1},{0|0|0},2,1,109,0]">1</label>
<label id="[12,{1|0|0},{0|0|1},{0|0|1},2,1,109,0]">1</label>
<label id="[12,{1|0|0},{0|0|1},{0|1|0},1,2,109,0]">4</label>
<label id="[12,{1|0|0},{0|0|1},{0|1|0},2,2,109,0]">2</label>
<label id="[12,{1|0|0},{0|1|0},{0|0|0},1,1,109,0]">2</label>
<label id="[12,{1|0|0},{0|1|1},{0|0|0},0,1,109,0]">2</label>
<label id="[12,{1|0|0},{0|1|1},{0|0|0},1,1,109,0]">2</label>
<label id="[12,{1|0|0},{0|1|1},{0|0|0},2,1,109,0]">1</label>
<label id="[12,{1|0|0},{0|1|1},{0|0|0},2,2,109,0]">2</label>
<label id="[12,{1|0|0},{0|1|1},{0|0|1},2,1,109,0]">1</label>
<label id="[12,{1|0|0},{0|1|1},{0|1|0},1,2,109,0]">2</label>
<label id="[12,{1|0|0},{0|1|1},{0|1|0},2,2,109,0]">2</label>
<label id="[13,{1|0|0},{0|0|1},{0|0|0},0,2,1,0]">2</label>
<label id="[13,{1|0|0},{0|0|1},{0|0|0},1,2,1,0]">2</label>
<label id="[13,{1|0|0},{0|0|1},{0|0|0},2,2,1,0]">2</label>
<label id="[13,{1|0|0},{0|1|0},{0|0|0},0,1,1,0]">4</label>
<label id="[13,{1|0|0},{0|1|0},{0|0|0},1,1,1,0]">4</label>
<label id="[13,{1|0|0},{0|1|0},{0|0|0},2,1,1,0]">4</label>
<label id="[13,{1|0|0},{0|1|1},{0|0|0},0,2,1,0]">8</label>
<label id="[13,{1|0|0},{0|1|1},{0|0|0},1,2,1,0]">8</label>
<label id="[13,{1|0|0},{0|1|1},{0|0|0},2,2,1,0]">8</label>
<label id="[14,{1|0|0},{0|0|0},{0|1|0},0,1,116,0]">4</label>
<label id="[14,{1|0|0},{0|0|0},{0|1|0},0,2,116,0]">12</label>
<label id="[14,{1|0|0},{0|0|0},{0|1|0},1,1,116,0]">16</label>
<label id="[14,{1|0|0},{0|0|0},{0|1|0},1,2,116,0]">24</label>
<label id="[14,{1|0|0},{0|0|1},{0|1|0},0,1,116,0]">4</label>
<label id="[14,{1|0|0},{0|0|1},{0|1|0},0,2,116,0]">12</label>
<label id="[14,{1|0|0},{0|0|1},{0|1|0},1,1,116,0]">12</label>
<label id="[14,{1|0|0},{0|0|1},{0|1|0},1,2,116,0]">24</label>
<label id="[14,{1|0|0},{0|0|1},{0|1|1},1,1,116,0]">16</label>
<label id="[14,{1|0|0},{0|0|1},{0|1|1},1,2,116,0]">24</label>
<label id="[14,{1|0|0},{0|0|1},{0|1|1},2,1,116,0]">12</label>
<label id="[14,{1|0|0},{0|0|1},{0|1|1},2,2,116,0]">24</label>
<label id="[14,{1|0|0},{0|1|0},{0|0|0},0,1,116,0]">8</label>
<label id="[14,{1|0|0},{0|1|0},{0|0|0},0,2,116,0]">12</label>
<label id="[14,{1|0|0},{0|1|0},{0|0|0},2,1,116,0]">8</label>
<label id="[14,{1|0|0},{0|1|0},{0|0|0},2,2,116,0]">12</label>
<label id="[14,{1|0|0},{0|1|0},{0|1|0},1,1,116,0]">12</label>
<label id="[14,{1|0|0},{0|1|0},{0|1|0},1,2,116,0]">12</label>
<label id="[14,{1|0|0},{0|1|1},{0|0|0},0,1,116,0]">4</label>
<label id="[14,{1|0|0},{0|1|1},{0|0|0},0,2,116,0]">12</label>
<label id="[14,{1|0|0},{0|1|1},{0|0|0},1,1,116,0]">4</label>
<label id="[14,{1|0|0},{0|1|1},{0|0|0},1,2,116,0]">12</label>
<label id="[14,{1|0|0},{0|1|1},{0|0|1},2,1,116,0]">8</label>
<label id="[14,{1|0|0},{0|1|1},{0|0|1},2,2,116,0]">12</label>
<label id="[14,{1|0|0},{0|1|1},{0|1|0},0,1,116,0]">4</label>
<label id="[14,{1|0|0},{0|1|1},{0|1|0},0,2,116,0]">12</label>
<label id="[14,{1|0|0},{0|1|1},{0|1|0},1,1,116,0]">8</label>
<label id="[14,{1|0|0},{0|1|1},{0|1|0},1,2,116,0]">12</label>
<label id="[14,{1|0|0},{0|1|1},{0|1|1},1,1,116,0]">8</label>
<label id="[14,{1|0|0},{0|1|1},{0|1|1},1,2,116,0]">12</label>
<label id="[14,{1|0|0},{0|1|1},{0|1|1},2,1,116,0]">8</label>
<label id="[14,{1|0|0},{0|1|1},{0|1|1},2,2,116,0]">12</label>
<label id="[2,{0|0|0},{0|0|0},{0|0|0},0,0,108,0]">1</label>
<label id="[3,{1|0|0},{0|0|0},{0|0|0},0,0,108,0]">2</label>
<label id="[3,{1|0|0},{0|0|0},{0|0|0},0,3,1,0]">2</label>
<label id="[3,{1|0|0},{0|0|0},{0|0|0},0,3,118,0]">4</label>
<label id="[3,{1|0|0},{0|0|0},{0|0|0},0,3,119,0]">4</label>
<label id="[3,{1|0|0},{0|0|0},{0|0|0},1,3,112,1]">96</label>
<label id="[3,{1|0|0},{0|0|0},{0|0|0},1,3,119,1]">24</label>
<label id="[3,{1|0|0},{0|0|0},{0|0|0},1,3,121,1]">72</label>
<label id="[3,{1|0|0},{0|0|0},{0|1|0},0,3,109,0]">4</label>
<label id="[3,{1|0|0},{0|0|0},{0|1|0},0,3,116,0]">36</label>
<label id="[3,{1|0|0},{0|0|0},{0|1|0},0,3,120,3]">20</label>
<label id="[3,{1|0|0},{0|0|0},{0|1|0},1,3,109,0]">2</label>
<label id="[3,{1|0|0},{0|0|0},{0|1|0},1,3,114,0]">16</label>
<label id="[3,{1|0|0},{0|0|0},{0|1|0},1,3,116,0]">72</label>
<label id="[3,{1|0|0},{0|0|0},{0|1|0},1,3,120,3]">120</label>
<label id="[3,{1|0|0},{0|0|1},{0|0|0},0,3,1,0]">2</label>
<label id="[3,{1|0|0},{0|0|1},{0|0|0},1,3,1,0]">2</label>
<label id="[3,{1|0|0},{0|0|1},{0|0|0},1,3,112,1]">192</label>
<label id="[3,{1|0|0},{0|0|1},{0|0|0},1,3,119,1]">48</label>
<label id="[3,{1|0|0},{0|0|1},{0|0|0},1,3,121,1]">144</label>
<label id="[3,{1|0|0},{0|0|1},{0|0|0},2,3,1,0]">1</label>
<label id="[3,{1|0|0},{0|0|1},{0|0|0},2,3,112,1]">96</label>
<label id="[3,{1|0|0},{0|0|1},{0|0|0},2,3,119,1]">24</label>
<label id="[3,{1|0|0},{0|0|1},{0|0|0},2,3,121,1]">72</label>
<label id="[3,{1|0|0},{0|0|1},{0|0|1},2,3,109,0]">1</label>
<label id="[3,{1|0|0},{0|0|1},{0|1|0},0,3,109,0]">4</label>
<label id="[3,{1|0|0},{0|0|1},{0|1|0},0,3,116,0]">36</label>
<label id="[3,{1|0|0},{0|0|1},{0|1|0},0,3,120,3]">20</label>
<label id="[3,{1|0|0},{0|0|1},{0|1|0},1,3,109,0]">8</label>
<label id="[3,{1|0|0},{0|0|1},{0|1|0},1,3,114,0]">8</label>
<label id="[3,{1|0|0},{0|0|1},{0|1|0},1,3,116,0]">72</label>
<label id="[3,{1|0|0},{0|0|1},{0|1|0},1,3,120,3]">120</label>
<label id="[3,{1|0|0},{0|0|1},{0|1|1},1,3,109,0]">9</label>
<label id="[3,{1|0|0},{0|0|1},{0|1|1},1,3,114,0]">8</label>
<label id="[3,{1|0|0},{0|0|1},{0|1|1},1,3,116,0]">72</label>
<label id="[3,{1|0|0},{0|0|1},{0|1|1},1,3,120,3]">120</label>
<label id="[3,{1|0|0},{0|0|1},{0|1|1},2,3,109,0]">5</label>
<label id="[3,{1|0|0},{0|0|1},{0|1|1},2,3,114,0]">8</label>
<label id="[3,{1|0|0},{0|0|1},{0|1|1},2,3,116,0]">72</label>
<label id="[3,{1|0|0},{0|0|1},{0|1|1},2,3,120,3]">120</label>
<label id="[3,{1|0|0},{0|1|0},{0|0|0},0,3,1,0]">4</label>
<label id="[3,{1|0|0},{0|1|0},{0|0|0},0,3,114,0]">8</label>
<label id="[3,{1|0|0},{0|1|0},{0|0|0},0,3,116,0]">36</label>
<label id="[3,{1|0|0},{0|1|0},{0|0|0},0,3,120,3]">20</label>
<label id="[3,{1|0|0},{0|1|0},{0|0|0},1,3,1,0]">2</label>
<label id="[3,{1|0|0},{0|1|0},{0|0|0},2,3,1,0]">4</label>
<label id="[3,{1|0|0},{0|1|0},{0|0|0},2,3,114,0]">8</label>
<label id="[3,{1|0|0},{0|1|0},{0|0|0},2,3,116,0]">36</label>
<label id="[3,{1|0|0},{0|1|0},{0|0|0},2,3,120,3]">20</label>
<label id="[3,{1|0|0},{0|1|0},{0|1|0},1,3,109,0]">6</label>
<label id="[3,{1|0|0},{0|1|0},{0|1|0},1,3,114,0]">8</label>
<label id="[3,{1|0|0},{0|1|0},{0|1|0},1,3,116,0]">36</label>
<label id="[3,{1|0|0},{0|1|0},{0|1|0},1,3,120,3]">20</label>
<label id="[3,{1|0|0},{0|1|1},{0|0|0},0,3,1,0]">8</label>
<label id="[3,{1|0|0},{0|1|1},{0|0|0},0,3,114,0]">4</label>
<label id="[3,{1|0|0},{0|1|1},{0|0|0},0,3,116,0]">36</label>
<label id="[3,{1|0|0},{0|1|1},{0|0|0},0,3,120,3]">20</label>
<label id="[3,{1|0|0},{0|1|1},{0|0|0},1,3,1,0]">8</label>
<label id="[3,{1|0|0},{0|1|1},{0|0|0},1,3,114,0]">4</label>
<label id="[3,{1|0|0},{0|1|1},{0|0|0},1,3,116,0]">36</label>
<label id="[3,{1|0|0},{0|1|1},{0|0|0},1,3,120,3]">20</label>
<label id="[3,{1|0|0},{0|1|1},{0|0|0},2,3,1,0]">4</label>
<label id="[3,{1|0|0},{0|1|1},{0|0|1},2,3,109,0]">8</label>
<label id="[3,{1|0|0},{0|1|1},{0|0|1},2,3,114,0]">4</label>
<label id="[3,{1|0|0},{0|1|1},{0|0|1},2,3,116,0]">36</label>
<label id="[3,{1|0|0},{0|1|1},{0|0|1},2,3,120,3]">20</label>
<label id="[3,{1|0|0},{0|1|1},{0|1|0},0,3,109,0]">4</label>
<label id="[3,{1|0|0},{0|1|1},{0|1|0},0,3,116,0]">36</label>
<label id="[3,{1|0|0},{0|1|1},{0|1|0},0,3,120,3]">20</label>
<label id="[3,{1|0|0},{0|1|1},{0|1|0},1,3,109,0]">8</label>
<label id="[3,{1|0|0},{0|1|1},{0|1|0},1,3,114,0]">4</label>
<label id="[3,{1|0|0},{0|1|1},{0|1|0},1,3,116,0]">36</label>
<label id="[3,{1|0|0},{0|1|1},{0|1|0},1,3,120,3]">20</label>
<label id="[3,{1|0|0},{0|1|1},{0|1|1},1,3,109,0]">5</label>
<label id="[3,{1|0|0},{0|1|1},{0|1|1},1,3,114,0]">4</label>
<label id="[3,{1|0|0},{0|1|1},{0|1|1},1,3,116,0]">36</label>
<label id="[3,{1|0|0},{0|1|1},{0|1|1},1,3,120,3]">20</label>
<label id="[3,{1|0|0},{0|1|1},{0|1|1},2,3,109,0]">5</label>
<label id="[3,{1|0|0},{0|1|1},{0|1|1},2,3,114,0]">4</label>
<label id="[3,{1|0|0},{0|1|1},{0|1|1},2,3,116,0]">36</label>
<label id="[3,{1|0|0},{0|1|1},{0|1|1},2,3,120,3]">20</label>
<label id="[4,{1|0|0},{0|0|0},{0|0|0},1,3,109,0]">2</label>
<label id="[4,{1|0|0},{0|0|1},{0|0|0},1,3,109,0]">4</label>
<label id="[4,{1|0|0},{0|0|1},{0|0|0},2,3,109,0]">1</label>
<label id="[4,{1|0|0},{0|0|1},{0|0|1},1,3,109,0]">1</label>
<label id="[4,{1|0|0},{0|0|1},{0|1|0},2,3,109,0]">1</label>
<label id="[4,{1|0|0},{0|1|0},{0|0|0},1,3,109,0]">2</label>
<label id="[4,{1|0|0},{0|1|1},{0|0|0},1,3,109,0]">4</label>
<label id="[4,{1|0|0},{0|1|1},{0|0|0},2,3,109,0]">4</label>
<label id="[4,{1|0|0},{0|1|1},{0|0|1},1,3,109,0]">1</label>
<label id="[4,{1|0|0},{0|1|1},{0|1|0},2,3,109,0]">1</label>
<label id="[5,{1|0|0},{0|0|0},{0|0|0},0,0,120,3]">10</label>
<label id="[5,{1|0|0},{0|0|0},{0|0|0},0,1,120,3]">14</label>
<label id="[5,{1|0|0},{0|0|0},{0|0|0},0,2,120,3]">28</label>
<label id="[5,{1|0|0},{0|0|0},{0|0|0},0,3,120,3]">28</label>
<label id="[5,{1|0|0},{0|0|0},{0|0|0},1,0,120,3]">20</label>
<label id="[5,{1|0|0},{0|0|0},{0|0|0},1,1,120,3]">28</label>
<label id="[5,{1|0|0},{0|0|0},{0|0|0},1,2,120,3]">56</label>
<label id="[5,{1|0|0},{0|0|0},{0|0|0},1,3,120,3]">56</label>
<label id="[5,{1|0|0},{0|0|1},{0|0|0},0,0,120,3]">10</label>
<label id="[5,{1|0|0},{0|0|1},{0|0|0},0,1,120,3]">14</label>
<label id="[5,{1|0|0},{0|0|1},{0|0|0},0,2,120,3]">28</label>
<label id="[5,{1|0|0},{0|0|1},{0|0|0},0,3,120,3]">28</label>
<label id="[5,{1|0|0},{0|0|1},{0|0|0},1,0,120,3]">30</label>
<label id="[5,{1|0|0},{0|0|1},{0|0|0},1,1,120,3]">42</label>
<label id="[5,{1|0|0},{0|0|1},{0|0|0},1,2,120,3]">84</label>
<label id="[5,{1|0|0},{0|0|1},{0|0|0},1,3,120,3]">112</label>
<label id="[5,{1|0|0},{0|0|1},{0|0|0},2,0,120,3]">10</label>
<label id="[5,{1|0|0},{0|0|1},{0|0|0},2,1,120,3]">14</label>
<label id="[5,{1|0|0},{0|0|1},{0|0|0},2,2,120,3]">28</label>
<label id="[5,{1|0|0},{0|0|1},{0|0|0},2,3,120,3]">56</label>
<label id="[5,{1|0|0},{0|1|0},{0|0|0},0,0,120,3]">20</label>
<label id="[5,{1|0|0},{0|1|0},{0|0|0},0,1,120,3]">28</label>
<label id="[5,{1|0|0},{0|1|0},{0|0|0},0,2,120,3]">28</label>
<label id="[5,{1|0|0},{0|1|0},{0|0|0},0,3,120,3]">28</label>
<label id="[5,{1|0|0},{0|1|0},{0|0|0},1,0,120,3]">10</label>
<label id="[5,{1|0|0},{0|1|0},{0|0|0},1,1,120,3]">14</label>
<label id="[5,{1|0|0},{0|1|0},{0|0|0},1,2,120,3]">28</label>
<label id="[5,{1|0|0},{0|1|0},{0|0|0},1,3,120,3]">28</label>
<label id="[5,{1|0|0},{0|1|0},{0|0|0},2,0,120,3]">20</label>
<label id="[5,{1|0|0},{0|1|0},{0|0|0},2,1,120,3]">28</label>
<label id="[5,{1|0|0},{0|1|0},{0|0|0},2,2,120,3]">28</label>
<label id="[5,{1|0|0},{0|1|0},{0|0|0},2,3,120,3]">28</label>
<label id="[5,{1|0|0},{0|1|1},{0|0|0},0,0,120,3]">30</label>
<label id="[5,{1|0|0},{0|1|1},{0|0|0},0,1,120,3]">42</label>
<label id="[5,{1|0|0},{0|1|1},{0|0|0},0,2,120,3]">56</label>
<label id="[5,{1|0|0},{0|1|1},{0|0|0},0,3,120,3]">56</label>
<label id="[5,{1|0|0},{0|1|1},{0|0|0},1,0,120,3]">35</label>
<label id="[5,{1|0|0},{0|1|1},{0|0|0},1,1,120,3]">49</label>
<label id="[5,{1|0|0},{0|1|1},{0|0|0},1,2,120,3]">70</label>
<label id="[5,{1|0|0},{0|1|1},{0|0|0},1,3,120,3]">84</label>
<label id="[5,{1|0|0},{0|1|1},{0|0|0},2,0,120,3]">15</label>
<label id="[5,{1|0|0},{0|1|1},{0|0|0},2,1,120,3]">21</label>
<label id="[5,{1|0|0},{0|1|1},{0|0|0},2,2,120,3]">28</label>
<label id="[5,{1|0|0},{0|1|1},{0|0|0},2,3,120,3]">56</label>
<label id="[6,{1|0|0},{0|0|0},{0|0|0},0,0,108,0]">1</label>
<label id="[6,{1|0|0},{0|0|0},{0|0|0},0,3,1,0]">2</label>
<label id="[6,{1|0|0},{0|0|0},{0|0|0},0,3,118,0]">4</label>
<label id="[6,{1|0|0},{0|0|0},{0|0|0},0,3,119,0]">4</label>
<label id="[6,{1|0|0},{0|0|0},{0|0|0},1,3,119,1]">24</label>
<label id="[6,{1|0|0},{0|0|0},{0|0|0},1,3,121,1]">72</label>
<label id="[6,{1|0|0},{0|0|0},{0|1|0},0,3,109,0]">4</label>
<label id="[6,{1|0|0},{0|0|0},{0|1|0},0,3,116,0]">36</label>
<label id="[6,{1|0|0},{0|0|0},{0|1|0},1,3,109,0]">2</label>
<label id="[6,{1|0|0},{0|0|0},{0|1|0},1,3,114,0]">16</label>
<label id="[6,{1|0|0},{0|0|0},{0|1|0},1,3,116,0]">72</label>
<label id="[6,{1|0|0},{0|0|1},{0|0|0},0,3,1,0]">2</label>
<label id="[6,{1|0|0},{0|0|1},{0|0|0},1,3,1,0]">2</label>
<label id="[6,{1|0|0},{0|0|1},{0|0|0},1,3,119,1]">48</label>
<label id="[6,{1|0|0},{0|0|1},{0|0|0},1,3,121,1]">144</label>
<label id="[6,{1|0|0},{0|0|1},{0|0|0},2,3,1,0]">1</label>
<label id="[6,{1|0|0},{0|0|1},{0|0|0},2,3,119,1]">24</label>
<label id="[6,{1|0|0},{0|0|1},{0|0|0},2,3,121,1]">72</label>
<label id="[6,{1|0|0},{0|0|1},{0|0|1},2,3,109,0]">1</label>
<label id="[6,{1|0|0},{0|0|1},{0|1|0},0,3,109,0]">4</label>
<label id="[6,{1|0|0},{0|0|1},{0|1|0},0,3,116,0]">36</label>
<label id="[6,{1|0|0},{0|0|1},{0|1|0},1,3,109,0]">8</label>
<label id="[6,{1|0|0},{0|0|1},{0|1|0},1,3,114,0]">8</label>
<label id="[6,{1|0|0},{0|0|1},{0|1|0},1,3,116,0]">72</label>
<label id="[6,{1|0|0},{0|0|1},{0|1|1},1,3,109,0]">9</label>
<label id="[6,{1|0|0},{0|0|1},{0|1|1},1,3,114,0]">8</label>
<label id="[6,{1|0|0},{0|0|1},{0|1|1},1,3,116,0]">72</label>
<label id="[6,{1|0|0},{0|0|1},{0|1|1},2,3,109,0]">5</label>
<label id="[6,{1|0|0},{0|0|1},{0|1|1},2,3,114,0]">8</label>
<label id="[6,{1|0|0},{0|0|1},{0|1|1},2,3,116,0]">72</label>
<label id="[6,{1|0|0},{0|1|0},{0|0|0},0,3,1,0]">4</label>
<label id="[6,{1|0|0},{0|1|0},{0|0|0},0,3,114,0]">8</label>
<label id="[6,{1|0|0},{0|1|0},{0|0|0},0,3,116,0]">36</label>
<label id="[6,{1|0|0},{0|1|0},{0|0|0},1,3,1,0]">2</label>
<label id="[6,{1|0|0},{0|1|0},{0|0|0},2,3,1,0]">4</label>
<label id="[6,{1|0|0},{0|1|0},{0|0|0},2,3,114,0]">8</label>
<label id="[6,{1|0|0},{0|1|0},{0|0|0},2,3,116,0]">36</label>
<label id="[6,{1|0|0},{0|1|0},{0|1|0},1,3,109,0]">6</label>
<label id="[6,{1|0|0},{0|1|0},{0|1|0},1,3,114,0]">8</label>
<label id="[6,{1|0|0},{0|1|0},{0|1|0},1,3,116,0]">36</label>
<label id="[6,{1|0|0},{0|1|1},{0|0|0},0,3,1,0]">8</label>
<label id="[6,{1|0|0},{0|1|1},{0|0|0},0,3,114,0]">4</label>
<label id="[6,{1|0|0},{0|1|1},{0|0|0},0,3,116,0]">36</label>
<label id="[6,{1|0|0},{0|1|1},{0|0|0},1,3,1,0]">8</label>
<label id="[6,{1|0|0},{0|1|1},{0|0|0},1,3,114,0]">4</label>
<label id="[6,{1|0|0},{0|1|1},{0|0|0},1,3,116,0]">36</label>
<label id="[6,{1|0|0},{0|1|1},{0|0|0},2,3,1,0]">4</label>
<label id="[6,{1|0|0},{0|1|1},{0|0|1},2,3,109,0]">8</label>
<label id="[6,{1|0|0},{0|1|1},{0|0|1},2,3,114,0]">4</label>
<label id="[6,{1|0|0},{0|1|1},{0|0|1},2,3,116,0]">36</label>
<label id="[6,{1|0|0},{0|1|1},{0|1|0},0,3,109,0]">4</label>
<label id="[6,{1|0|0},{0|1|1},{0|1|0},0,3,116,0]">36</label>
<label id="[6,{1|0|0},{0|1|1},{0|1|0},1,3,109,0]">8</label>
<label id="[6,{1|0|0},{0|1|1},{0|1|0},1,3,114,0]">4</label>
<label id="[6,{1|0|0},{0|1|1},{0|1|0},1,3,116,0]">36</label>
<label id="[6,{1|0|0},{0|1|1},{0|1|1},1,3,109,0]">5</label>
<label id="[6,{1|0|0},{0|1|1},{0|1|1},1,3,114,0]">4</label>
<label id="[6,{1|0|0},{0|1|1},{0|1|1},1,3,116,0]">36</label>
<label id="[6,{1|0|0},{0|1|1},{0|1|1},2,3,109,0]">5</label>
<label id="[6,{1|0|0},{0|1|1},{0|1|1},2,3,114,0]">4</label>
<label id="[6,{1|0|0},{0|1|1},{0|1|1},2,3,116,0]">36</label>
<label id="[7,{1|0|0},{0|0|0},{0|1|0},0,0,120,3]">20</label>
<label id="[7,{1|0|0},{0|0|0},{0|1|0},0,1,120,3]">20</label>
<label id="[7,{1|0|0},{0|0|0},{0|1|0},0,2,120,3]">10</label>
<label id="[7,{1|0|0},{0|0|0},{0|1|0},0,3,120,3]">10</label>
<label id="[7,{1|0|0},{0|0|0},{0|1|0},1,0,120,3]">120</label>
<label id="[7,{1|0|0},{0|0|0},{0|1|0},1,1,120,3]">120</label>
<label id="[7,{1|0|0},{0|0|0},{0|1|0},1,2,120,3]">80</label>
<label id="[7,{1|0|0},{0|0|0},{0|1|0},1,3,120,3]">80</label>
<label id="[7,{1|0|0},{0|0|1},{0|0|1},1,1,120,3]">10</label>
<label id="[7,{1|0|0},{0|0|1},{0|0|1},1,2,120,3]">10</label>
<label id="[7,{1|0|0},{0|0|1},{0|0|1},2,1,120,3]">10</label>
<label id="[7,{1|0|0},{0|0|1},{0|0|1},2,2,120,3]">10</label>
<label id="[7,{1|0|0},{0|0|1},{0|1|0},0,0,120,3]">20</label>
<label id="[7,{1|0|0},{0|0|1},{0|1|0},0,1,120,3]">20</label>
<label id="[7,{1|0|0},{0|0|1},{0|1|0},0,2,120,3]">10</label>
<label id="[7,{1|0|0},{0|0|1},{0|1|0},0,3,120,3]">10</label>
<label id="[7,{1|0|0},{0|0|1},{0|1|0},1,0,120,3]">120</label>
<label id="[7,{1|0|0},{0|0|1},{0|1|0},1,1,120,3]">120</label>
<label id="[7,{1|0|0},{0|0|1},{0|1|0},1,2,120,3]">120</label>
<label id="[7,{1|0|0},{0|0|1},{0|1|0},1,3,120,3]">120</label>
<label id="[7,{1|0|0},{0|0|1},{0|1|0},2,2,120,3]">40</label>
<label id="[7,{1|0|0},{0|0|1},{0|1|0},2,3,120,3]">40</label>
<label id="[7,{1|0|0},{0|0|1},{0|1|1},1,0,120,3]">120</label>
<label id="[7,{1|0|0},{0|0|1},{0|1|1},1,1,119,3]">10</label>
<label id="[7,{1|0|0},{0|0|1},{0|1|1},1,1,120,3]">120</label>
<label id="[7,{1|0|0},{0|0|1},{0|1|1},1,1,121,3]">30</label>
<label id="[7,{1|0|0},{0|0|1},{0|1|1},1,2,120,3]">80</label>
<label id="[7,{1|0|0},{0|0|1},{0|1|1},1,3,120,3]">40</label>
<label id="[7,{1|0|0},{0|0|1},{0|1|1},2,0,120,3]">120</label>
<label id="[7,{1|0|0},{0|0|1},{0|1|1},2,1,119,3]">10</label>
<label id="[7,{1|0|0},{0|0|1},{0|1|1},2,1,120,3]">120</label>
<label id="[7,{1|0|0},{0|0|1},{0|1|1},2,1,121,3]">30</label>
<label id="[7,{1|0|0},{0|0|1},{0|1|1},2,2,120,3]">80</label>
<label id="[7,{1|0|0},{0|0|1},{0|1|1},2,3,120,3]">40</label>
<label id="[7,{1|0|0},{0|1|0},{0|1|0},1,0,120,3]">20</label>
<label id="[7,{1|0|0},{0|1|0},{0|1|0},1,1,120,3]">20</label>
<label id="[7,{1|0|0},{0|1|0},{0|1|0},1,2,120,3]">10</label>
<label id="[7,{1|0|0},{0|1|0},{0|1|0},1,3,120,3]">10</label>
<label id="[7,{1|0|0},{0|1|1},{0|0|1},1,1,120,3]">5</label>
<label id="[7,{1|0|0},{0|1|1},{0|0|1},1,2,120,3]">5</label>
<label id="[7,{1|0|0},{0|1|1},{0|0|1},2,0,120,3]">20</label>
<label id="[7,{1|0|0},{0|1|1},{0|0|1},2,1,120,3]">25</label>
<label id="[7,{1|0|0},{0|1|1},{0|0|1},2,2,120,3]">25</label>
<label id="[7,{1|0|0},{0|1|1},{0|0|1},2,3,120,3]">10</label>
<label id="[7,{1|0|0},{0|1|1},{0|1|0},0,0,120,3]">20</label>
<label id="[7,{1|0|0},{0|1|1},{0|1|0},0,1,120,3]">20</label>
<label id="[7,{1|0|0},{0|1|1},{0|1|0},0,2,120,3]">10</label>
<label id="[7,{1|0|0},{0|1|1},{0|1|0},0,3,120,3]">10</label>
<label id="[7,{1|0|0},{0|1|1},{0|1|0},1,0,120,3]">20</label>
<label id="[7,{1|0|0},{0|1|1},{0|1|0},1,1,120,3]">20</label>
<label id="[7,{1|0|0},{0|1|1},{0|1|0},1,2,120,3]">15</label>
<label id="[7,{1|0|0},{0|1|1},{0|1|0},1,3,120,3]">15</label>
<label id="[7,{1|0|0},{0|1|1},{0|1|0},2,2,120,3]">5</label>
<label id="[7,{1|0|0},{0|1|1},{0|1|0},2,3,120,3]">5</label>
<label id="[7,{1|0|0},{0|1|1},{0|1|1},1,0,120,3]">20</label>
<label id="[7,{1|0|0},{0|1|1},{0|1|1},1,1,120,3]">20</label>
<label id="[7,{1|0|0},{0|1|1},{0|1|1},1,2,120,3]">10</label>
<label id="[7,{1|0|0},{0|1|1},{0|1|1},1,3,120,3]">5</label>
<label id="[7,{1|0|0},{0|1|1},{0|1|1},2,0,120,3]">20</label>
<label id="[7,{1|0|0},{0|1|1},{0|1|1},2,1,120,3]">20</label>
<label id="[7,{1|0|0},{0|1|1},{0|1|1},2,2,120,3]">10</label>
<label id="[7,{1|0|0},{0|1|1},{0|1|1},2,3,120,3]">5</label>
<label id="[8,{1|0|0},{0|0|0},{0|1|0},0,1,120,3]">10</label>
<label id="[8,{1|0|0},{0|0|0},{0|1|0},1,1,120,3]">120</label>
<label id="[8,{1|0|0},{0|0|1},{0|1|0},0,1,120,3]">10</label>
<label id="[8,{1|0|0},{0|0|1},{0|1|0},1,1,120,3]">120</label>
<label id="[8,{1|0|0},{0|0|1},{0|1|1},1,1,120,3]">120</label>
<label id="[8,{1|0|0},{0|0|1},{0|1|1},1,2,120,3]">40</label>
<label id="[8,{1|0|0},{0|0|1},{0|1|1},2,1,120,3]">120</label>
<label id="[8,{1|0|0},{0|0|1},{0|1|1},2,2,120,3]">40</label>
<label id="[8,{1|0|0},{0|1|0},{0|1|0},1,1,120,3]">10</label>
<label id="[8,{1|0|0},{0|1|1},{0|0|1},2,2,120,3]">10</label>
<label id="[8,{1|0|0},{0|1|1},{0|1|0},0,1,120,3]">10</label>
<label id="[8,{1|0|0},{0|1|1},{0|1|0},1,1,120,3]">10</label>
<label id="[8,{1|0|0},{0|1|1},{0|1|1},1,1,120,3]">10</label>
<label id="[8,{1|0|0},{0|1|1},{0|1|1},1,2,120,3]">5</label>
<label id="[8,{1|0|0},{0|1|1},{0|1|1},2,1,120,3]">10</label>
<label id="[8,{1|0|0},{0|1|1},{0|1|1},2,2,120,3]">5</label>
<label id="[9,{1|0|0},{0|0|0},{0|1|0},0,3,120,3]">10</label>
<label id="[9,{1|0|0},{0|0|0},{0|1|0},1,3,120,3]">80</label>
<label id="[9,{1|0|0},{0|0|1},{0|1|0},0,3,120,3]">10</label>
<label id="[9,{1|0|0},{0|0|1},{0|1|0},1,3,120,3]">120</label>
<label id="[9,{1|0|0},{0|0|1},{0|1|0},2,3,120,3]">40</label>
<label id="[9,{1|0|0},{0|0|1},{0|1|1},1,3,120,3]">40</label>
<label id="[9,{1|0|0},{0|0|1},{0|1|1},2,3,120,3]">40</label>
<label id="[9,{1|0|0},{0|1|0},{0|1|0},1,3,120,3]">10</label>
<label id="[9,{1|0|0},{0|1|1},{0|0|1},2,3,120,3]">10</label>
<label id="[9,{1|0|0},{0|1|1},{0|1|0},0,3,120,3]">10</label>
<label id="[9,{1|0|0},{0|1|1},{0|1|0},1,3,120,3]">15</label>
<label id="[9,{1|0|0},{0|1|1},{0|1|0},2,3,120,3]">5</label>
<label id="[9,{1|0|0},{0|1|1},{0|1|1},1,3,120,3]">5</label>
<label id="[9,{1|0|0},{0|1|1},{0|1|1},2,3,120,3]">5</label>
</state-labels><state-labels procid="11">
<label id="[0]">1</label>
<label id="[1]">24329</label>
</state-labels></label-info>
</state-space-info>
