<?xml version="1.0"?>
<!DOCTYPE state-space-info SYSTEM "../../state_space_info.dtd">


<state-space-info>
<states>1724</states>
<edges>3301</edges>
<bfs-info>
 <levels>68</levels>
<max-level>90</max-level>

<back-level-edges>44</back-level-edges>
<max-back-level-edge>5</max-back-level-edge>
<avg-back-level-edge>3.18182</avg-back-level-edge>
<bfs-levels>
<level id="0"><states>1</states><edges>1</edges></level>
<level id="1"><states>1</states><edges>1</edges></level>
<level id="2"><states>1</states><edges>1</edges></level>
<level id="3"><states>1</states><edges>1</edges></level>
<level id="4"><states>1</states><edges>1</edges></level>
<level id="5"><states>1</states><edges>1</edges></level>
<level id="6"><states>1</states><edges>1</edges></level>
<level id="7"><states>1</states><edges>1</edges></level>
<level id="8"><states>1</states><edges>1</edges></level>
<level id="9"><states>1</states><edges>1</edges></level>
<level id="10"><states>1</states><edges>2</edges></level>
<level id="11"><states>2</states><edges>3</edges></level>
<level id="12"><states>2</states><edges>3</edges></level>
<level id="13"><states>2</states><edges>3</edges></level>
<level id="14"><states>2</states><edges>2</edges></level>
<level id="15"><states>1</states><edges>1</edges></level>
<level id="16"><states>1</states><edges>2</edges></level>
<level id="17"><states>2</states><edges>3</edges></level>
<level id="18"><states>2</states><edges>3</edges></level>
<level id="19"><states>2</states><edges>3</edges></level>
<level id="20"><states>2</states><edges>4</edges></level>
<level id="21"><states>3</states><edges>5</edges></level>
<level id="22"><states>3</states><edges>3</edges></level>
<level id="23"><states>3</states><edges>5</edges></level>
<level id="24"><states>5</states><edges>7</edges></level>
<level id="25"><states>6</states><edges>7</edges></level>
<level id="26"><states>6</states><edges>7</edges></level>
<level id="27"><states>6</states><edges>6</edges></level>
<level id="28"><states>5</states><edges>6</edges></level>
<level id="29"><states>6</states><edges>10</edges></level>
<level id="30"><states>10</states><edges>16</edges></level>
<level id="31"><states>12</states><edges>18</edges></level>
<level id="32"><states>12</states><edges>18</edges></level>
<level id="33"><states>12</states><edges>14</edges></level>
<level id="34"><states>8</states><edges>16</edges></level>
<level id="35"><states>14</states><edges>26</edges></level>
<level id="36"><states>23</states><edges>33</edges></level>
<level id="37"><states>25</states><edges>39</edges></level>
<level id="38"><states>29</states><edges>52</edges></level>
<level id="39"><states>38</states><edges>79</edges></level>
<level id="40"><states>48</states><edges>89</edges></level>
<level id="41"><states>51</states><edges>101</edges></level>
<level id="42"><states>62</states><edges>124</edges></level>
<level id="43"><states>70</states><edges>145</edges></level>
<level id="44"><states>76</states><edges>164</edges></level>
<level id="45"><states>79</states><edges>158</edges></level>
<level id="46"><states>69</states><edges>136</edges></level>
<level id="47"><states>61</states><edges>112</edges></level>
<level id="48"><states>53</states><edges>99</edges></level>
<level id="49"><states>51</states><edges>103</edges></level>
<level id="50"><states>55</states><edges>111</edges></level>
<level id="51"><states>57</states><edges>106</edges></level>
<level id="52"><states>53</states><edges>96</edges></level>
<level id="53"><states>50</states><edges>90</edges></level>
<level id="54"><states>52</states><edges>102</edges></level>
<level id="55"><states>59</states><edges>134</edges></level>
<level id="56"><states>73</states><edges>177</edges></level>
<level id="57"><states>87</states><edges>203</edges></level>
<level id="58"><states>90</states><edges>194</edges></level>
<level id="59"><states>79</states><edges>149</edges></level>
<level id="60"><states>59</states><edges>98</edges></level>
<level id="61"><states>38</states><edges>60</edges></level>
<level id="62"><states>23</states><edges>36</edges></level>
<level id="63"><states>18</states><edges>32</edges></level>
<level id="64"><states>20</states><edges>36</edges></level>
<level id="65"><states>20</states><edges>28</edges></level>
<level id="66"><states>12</states><edges>12</edges></level>
<level id="67"><states>4</states><edges>0</edges></level>
</bfs-levels>
<back-level-length id="0">0</back-level-length>
<back-level-length id="1">45.4545</back-level-length>
<back-level-length id="2">0</back-level-length>
<back-level-length id="3">0</back-level-length>
<back-level-length id="4">0</back-level-length>
<back-level-length id="5">54.5455</back-level-length>
</bfs-info>
<degrees>
<avg>1.91473</avg>
<max-in>4</max-in>
<max-out>4</max-out>
<degree id="0"><in>1</in><out>18</out></degree>
<degree id="1"><in>561</in><out>520</out></degree>
<degree id="2"><in>789</in><out>806</out></degree>
<degree id="3"><in>330</in><out>351</out></degree>
<degree id="4"><in>43</in><out>29</out></degree>
</degrees>
<scc-info>
<count>1616</count>
<height>75</height>
<nontrivial-height>4</nontrivial-height>
<trivial>1604</trivial>
<terminal>18</terminal>
<largest>10</largest>
<largest-position> </largest-position>
</scc-info>
<dfs-info>
<stack-size id="8">0.464037</stack-size>
<stack-size id="16">0.928074</stack-size>
<stack-size id="24">1.39211</stack-size>
<stack-size id="32">1.85615</stack-size>
<stack-size id="40">2.32019</stack-size>
<stack-size id="48">2.78422</stack-size>
<stack-size id="56">3.01624</stack-size>
<stack-size id="64">2.95824</stack-size>
<stack-size id="72">2.90023</stack-size>
<stack-size id="80">2.4942</stack-size>
<stack-size id="88">2.95824</stack-size>
<stack-size id="96">2.90023</stack-size>
<stack-size id="104">2.66821</stack-size>
<stack-size id="112">2.78422</stack-size>
<stack-size id="120">3.01624</stack-size>
<stack-size id="128">2.95824</stack-size>
<stack-size id="136">2.61021</stack-size>
<stack-size id="144">2.61021</stack-size>
<stack-size id="152">2.37819</stack-size>
<stack-size id="160">2.32019</stack-size>
<stack-size id="168">2.4942</stack-size>
<stack-size id="176">2.61021</stack-size>
<stack-size id="184">2.43619</stack-size>
<stack-size id="192">2.32019</stack-size>
<stack-size id="200">1.91415</stack-size>
<stack-size id="208">1.45012</stack-size>
<stack-size id="216">1.91415</stack-size>
<stack-size id="224">2.37819</stack-size>
<stack-size id="232">2.84223</stack-size>
<stack-size id="240">3.30626</stack-size>
<stack-size id="248">3.24826</stack-size>
<stack-size id="256">3.19026</stack-size>
<stack-size id="264">2.61021</stack-size>
<stack-size id="272">2.78422</stack-size>
<stack-size id="280">3.24826</stack-size>
<stack-size id="288">3.48028</stack-size>
<stack-size id="296">3.42227</stack-size>
<stack-size id="304">2.78422</stack-size>
<stack-size id="312">3.24826</stack-size>
<stack-size id="320">3.48028</stack-size>
<stack-size id="328">3.42227</stack-size>
<stack-size id="336">2.78422</stack-size>
<stack-size id="344">2.72622</stack-size>
<stack-size id="352">2.84223</stack-size>
<stack-size id="360">2.26218</stack-size>
<stack-size id="368">2.14617</stack-size>
<stack-size id="376">2.61021</stack-size>
<stack-size id="384">2.4942</stack-size>
<stack-size id="392">2.26218</stack-size>
<stack-size id="400">2.43619</stack-size>
<stack-size id="408">2.5522</stack-size>
<stack-size id="416">1.62413</stack-size>
<stack-size id="424">2.08817</stack-size>
<stack-size id="432">1.50812</stack-size>
<stack-size id="440">1.97216</stack-size>
<stack-size id="448">2.43619</stack-size>
<stack-size id="456">2.90023</stack-size>
<stack-size id="464">3.36427</stack-size>
<stack-size id="472">3.82831</stack-size>
<stack-size id="480">3.7703</stack-size>
<stack-size id="488">3.19026</stack-size>
<stack-size id="496">3.36427</stack-size>
<stack-size id="504">3.42227</stack-size>
<stack-size id="512">3.53828</stack-size>
<stack-size id="520">3.07425</stack-size>
<stack-size id="528">3.24826</stack-size>
<stack-size id="536">2.61021</stack-size>
<stack-size id="544">2.78422</stack-size>
<stack-size id="552">3.24826</stack-size>
<stack-size id="560">3.7123</stack-size>
<stack-size id="568">3.82831</stack-size>
<stack-size id="576">3.65429</stack-size>
<stack-size id="584">3.53828</stack-size>
<stack-size id="592">3.30626</stack-size>
<stack-size id="600">3.42227</stack-size>
<stack-size id="608">2.95824</stack-size>
<stack-size id="616">3.42227</stack-size>
<stack-size id="624">2.72622</stack-size>
<stack-size id="632">2.66821</stack-size>
<stack-size id="640">3.13225</stack-size>
<stack-size id="648">3.59629</stack-size>
<stack-size id="656">3.7123</stack-size>
<stack-size id="664">3.53828</stack-size>
<stack-size id="672">3.42227</stack-size>
<stack-size id="680">3.59629</stack-size>
<stack-size id="688">3.65429</stack-size>
<stack-size id="696">2.84223</stack-size>
<stack-size id="704">3.30626</stack-size>
<stack-size id="712">3.48028</stack-size>
<stack-size id="720">2.5522</stack-size>
<stack-size id="728">3.01624</stack-size>
<stack-size id="736">3.19026</stack-size>
<stack-size id="744">2.95824</stack-size>
<stack-size id="752">2.61021</stack-size>
<stack-size id="760">2.72622</stack-size>
<stack-size id="768">3.19026</stack-size>
<stack-size id="776">2.66821</stack-size>
<stack-size id="784">2.5522</stack-size>
<stack-size id="792">2.26218</stack-size>
<stack-size id="800">2.14617</stack-size>
<stack-size id="808">2.61021</stack-size>
<stack-size id="816">3.07425</stack-size>
<stack-size id="824">3.53828</stack-size>
<stack-size id="832">3.48028</stack-size>
<stack-size id="840">3.42227</stack-size>
<stack-size id="848">2.5522</stack-size>
<stack-size id="856">3.01624</stack-size>
<stack-size id="864">3.48028</stack-size>
<stack-size id="872">3.42227</stack-size>
<stack-size id="880">2.84223</stack-size>
<stack-size id="888">3.01624</stack-size>
<stack-size id="896">3.48028</stack-size>
<stack-size id="904">3.42227</stack-size>
<stack-size id="912">2.84223</stack-size>
<stack-size id="920">3.01624</stack-size>
<stack-size id="928">2.61021</stack-size>
<stack-size id="936">3.07425</stack-size>
<stack-size id="944">2.4942</stack-size>
<stack-size id="952">2.26218</stack-size>
<stack-size id="960">2.72622</stack-size>
<stack-size id="968">3.19026</stack-size>
<stack-size id="976">3.65429</stack-size>
<stack-size id="984">3.7703</stack-size>
<stack-size id="992">3.01624</stack-size>
<stack-size id="1000">3.48028</stack-size>
<stack-size id="1008">3.24826</stack-size>
<stack-size id="1016">3.36427</stack-size>
<stack-size id="1024">2.90023</stack-size>
<stack-size id="1032">3.36427</stack-size>
<stack-size id="1040">2.66821</stack-size>
<stack-size id="1048">2.61021</stack-size>
<stack-size id="1056">3.07425</stack-size>
<stack-size id="1064">3.53828</stack-size>
<stack-size id="1072">3.82831</stack-size>
<stack-size id="1080">3.48028</stack-size>
<stack-size id="1088">3.36427</stack-size>
<stack-size id="1096">3.53828</stack-size>
<stack-size id="1104">3.59629</stack-size>
<stack-size id="1112">2.78422</stack-size>
<stack-size id="1120">3.24826</stack-size>
<stack-size id="1128">3.42227</stack-size>
<stack-size id="1136">2.78422</stack-size>
<stack-size id="1144">2.95824</stack-size>
<stack-size id="1152">3.42227</stack-size>
<stack-size id="1160">3.88631</stack-size>
<stack-size id="1168">3.82831</stack-size>
<stack-size id="1176">3.24826</stack-size>
<stack-size id="1184">3.42227</stack-size>
<stack-size id="1192">3.48028</stack-size>
<stack-size id="1200">3.59629</stack-size>
<stack-size id="1208">3.13225</stack-size>
<stack-size id="1216">3.30626</stack-size>
<stack-size id="1224">2.66821</stack-size>
<stack-size id="1232">2.84223</stack-size>
<stack-size id="1240">3.01624</stack-size>
<stack-size id="1248">2.78422</stack-size>
<stack-size id="1256">2.66821</stack-size>
<stack-size id="1264">2.5522</stack-size>
<stack-size id="1272">3.01624</stack-size>
<stack-size id="1280">3.19026</stack-size>
<stack-size id="1288">2.95824</stack-size>
<stack-size id="1296">2.61021</stack-size>
<stack-size id="1304">2.4942</stack-size>
<stack-size id="1312">1.85615</stack-size>
<stack-size id="1320">2.32019</stack-size>
<stack-size id="1328">2.78422</stack-size>
<stack-size id="1336">3.24826</stack-size>
<stack-size id="1344">3.19026</stack-size>
<stack-size id="1352">3.13225</stack-size>
<stack-size id="1360">2.5522</stack-size>
<stack-size id="1368">2.72622</stack-size>
<stack-size id="1376">3.19026</stack-size>
<stack-size id="1384">3.42227</stack-size>
<stack-size id="1392">3.36427</stack-size>
<stack-size id="1400">2.72622</stack-size>
<stack-size id="1408">3.19026</stack-size>
<stack-size id="1416">3.42227</stack-size>
<stack-size id="1424">3.36427</stack-size>
<stack-size id="1432">2.72622</stack-size>
<stack-size id="1440">2.66821</stack-size>
<stack-size id="1448">2.78422</stack-size>
<stack-size id="1456">2.20418</stack-size>
<stack-size id="1464">2.08817</stack-size>
<stack-size id="1472">2.5522</stack-size>
<stack-size id="1480">2.43619</stack-size>
<stack-size id="1488">2.20418</stack-size>
<stack-size id="1496">2.37819</stack-size>
<stack-size id="1504">2.4942</stack-size>
<stack-size id="1512">1.56613</stack-size>
<stack-size id="1520">2.03016</stack-size>
<stack-size id="1528">2.4942</stack-size>
<stack-size id="1536">2.95824</stack-size>
<stack-size id="1544">3.42227</stack-size>
<stack-size id="1552">3.36427</stack-size>
<stack-size id="1560">3.30626</stack-size>
<stack-size id="1568">2.43619</stack-size>
<stack-size id="1576">2.90023</stack-size>
<stack-size id="1584">3.36427</stack-size>
<stack-size id="1592">3.30626</stack-size>
<stack-size id="1600">2.72622</stack-size>
<stack-size id="1608">2.90023</stack-size>
<stack-size id="1616">3.36427</stack-size>
<stack-size id="1624">3.30626</stack-size>
<stack-size id="1632">2.72622</stack-size>
<stack-size id="1640">2.90023</stack-size>
<stack-size id="1648">2.4942</stack-size>
<stack-size id="1656">2.95824</stack-size>
<stack-size id="1664">2.37819</stack-size>
<stack-size id="1672">2.26218</stack-size>
<stack-size id="1680">2.66821</stack-size>
<stack-size id="1688">2.5522</stack-size>
<stack-size id="1696">2.37819</stack-size>
<stack-size id="1704">2.26218</stack-size>
<stack-size id="1712">1.85615</stack-size>
<stack-size id="1720">1.2761</stack-size>
<max-stack>68</max-stack>
<front-edges>1723</front-edges>
<back-edges>12</back-edges>
<cross-edges>1566</cross-edges>
<shortest-cycle>6</shortest-cycle>
</dfs-info>
<rw-info>
<coverage step="160">6.90255</coverage>
<coverage step="320">10.7889</coverage>
<coverage step="480">13.4571</coverage>
<coverage step="640">16.8213</coverage>
<coverage step="800">18.2135</coverage>
<coverage step="960">19.1415</coverage>
<coverage step="1120">21.9258</coverage>
<coverage step="1280">23.9559</coverage>
<coverage step="1440">26.0441</coverage>
<coverage step="1600">27.7262</coverage>
<coverage step="1760">29.2923</coverage>
<coverage step="1920">31.5545</coverage>
<coverage step="2080">33.0626</coverage>
<coverage step="2240">33.1206</coverage>
<coverage step="2400">33.4687</coverage>
<coverage step="2560">34.5128</coverage>
<coverage step="2720">34.8028</coverage>
<coverage step="2880">35.0928</coverage>
<coverage step="3040">35.8469</coverage>
<coverage step="3200">36.0209</coverage>
<coverage step="3360">38.109</coverage>
<coverage step="3520">38.2251</coverage>
<coverage step="3680">38.3991</coverage>
<coverage step="3840">38.5151</coverage>
<coverage step="4000">39.1531</coverage>
<coverage step="4160">39.2111</coverage>
<coverage step="4320">39.9072</coverage>
<coverage step="4480">41.0673</coverage>
<coverage step="4640">41.1253</coverage>
<coverage step="4800">41.4733</coverage>
<coverage step="4960">41.6473</coverage>
<coverage step="5120">42.0534</coverage>
<coverage step="5280">42.1114</coverage>
<coverage step="5440">42.2274</coverage>
<coverage step="5600">42.3434</coverage>
<coverage step="5760">42.3434</coverage>
<coverage step="5920">42.4594</coverage>
<coverage step="6080">42.5174</coverage>
<coverage step="6240">42.9814</coverage>
<coverage step="6400">43.0974</coverage>
<coverage step="6560">43.0974</coverage>
<coverage step="6720">44.9536</coverage>
<coverage step="6880">44.9536</coverage>
<coverage step="7040">45.2436</coverage>
<coverage step="7200">45.5336</coverage>
<coverage step="7360">45.5916</coverage>
<coverage step="7520">45.7657</coverage>
<coverage step="7680">45.7657</coverage>
<coverage step="7840">45.7657</coverage>
<coverage step="8000">45.8817</coverage>
<coverage step="8160">45.8817</coverage>
<coverage step="8320">46.5777</coverage>
<coverage step="8480">46.6357</coverage>
<coverage step="8640">46.6357</coverage>
<coverage step="8800">48.3759</coverage>
<coverage step="8960">48.8979</coverage>
<coverage step="9120">49.1299</coverage>
<coverage step="9280">49.1299</coverage>
<coverage step="9440">49.1879</coverage>
<coverage step="9600">49.3619</coverage>
<coverage step="9760">49.42</coverage>
<coverage step="9920">50.29</coverage>
<coverage step="10080">50.29</coverage>
<coverage step="10240">50.58</coverage>
<coverage step="10400">50.6381</coverage>
<coverage step="10560">50.9281</coverage>
<coverage step="10720">50.9281</coverage>
<coverage step="10880">51.2761</coverage>
<coverage step="11040">51.3921</coverage>
<coverage step="11200">51.4501</coverage>
<coverage step="11360">51.4501</coverage>
<coverage step="11520">51.6241</coverage>
<coverage step="11680">52.0302</coverage>
<coverage step="11840">52.0302</coverage>
<coverage step="12000">52.9582</coverage>
<coverage step="12160">53.0162</coverage>
<coverage step="12320">53.1323</coverage>
<coverage step="12480">53.1323</coverage>
<coverage step="12640">53.1323</coverage>
<coverage step="12800">53.1323</coverage>
<coverage step="12960">53.1903</coverage>
<coverage step="13120">53.1903</coverage>
<coverage step="13280">53.2483</coverage>
<coverage step="13440">53.2483</coverage>
<coverage step="13600">53.3063</coverage>
<coverage step="13760">53.4223</coverage>
<coverage step="13920">53.4803</coverage>
<coverage step="14080">53.5963</coverage>
<coverage step="14240">53.6543</coverage>
<coverage step="14400">53.6543</coverage>
<coverage step="14560">53.6543</coverage>
<coverage step="14720">53.6543</coverage>
<coverage step="14880">53.8863</coverage>
<coverage step="15040">54.1763</coverage>
<coverage step="15200">54.4664</coverage>
<coverage step="15360">54.5244</coverage>
<coverage step="15520">54.5244</coverage>
<coverage step="15680">54.6404</coverage>
<coverage step="15840">55.1044</coverage>
<coverage step="16000">55.6265</coverage>
<coverage step="16160">55.9745</coverage>
<coverage step="16320">57.1346</coverage>
<coverage step="16480">57.1346</coverage>
<coverage step="16640">57.1346</coverage>
<coverage step="16800">57.1926</coverage>
<coverage step="16960">57.1926</coverage>
<coverage step="17120">57.3086</coverage>
<rw-visits order="1">311</rw-visits>
<rw-visits order="5">311</rw-visits>
<rw-visits order="9">309</rw-visits>
<rw-visits order="13">305</rw-visits>
<rw-visits order="17">273</rw-visits>
<rw-visits order="21">158</rw-visits>
<rw-visits order="25">102</rw-visits>
<rw-visits order="29">100</rw-visits>
<rw-visits order="33">97</rw-visits>
<rw-visits order="37">90</rw-visits>
<rw-visits order="41">76</rw-visits>
<rw-visits order="45">74</rw-visits>
<rw-visits order="49">73</rw-visits>
<rw-visits order="53">66</rw-visits>
<rw-visits order="57">59</rw-visits>
<rw-visits order="61">59</rw-visits>
<rw-visits order="65">58</rw-visits>
<rw-visits order="69">52</rw-visits>
<rw-visits order="73">49</rw-visits>
<rw-visits order="77">49</rw-visits>
<rw-visits order="81">48</rw-visits>
<rw-visits order="85">47</rw-visits>
<rw-visits order="89">44</rw-visits>
<rw-visits order="93">41</rw-visits>
<rw-visits order="97">40</rw-visits>
<rw-visits order="101">37</rw-visits>
<rw-visits order="105">36</rw-visits>
<rw-visits order="109">36</rw-visits>
<rw-visits order="113">35</rw-visits>
<rw-visits order="117">35</rw-visits>
<rw-visits order="121">32</rw-visits>
<rw-visits order="125">31</rw-visits>
<rw-visits order="129">31</rw-visits>
<rw-visits order="133">30</rw-visits>
<rw-visits order="137">29</rw-visits>
<rw-visits order="141">29</rw-visits>
<rw-visits order="145">28</rw-visits>
<rw-visits order="149">27</rw-visits>
<rw-visits order="153">26</rw-visits>
<rw-visits order="157">25</rw-visits>
<rw-visits order="161">25</rw-visits>
<rw-visits order="165">23</rw-visits>
<rw-visits order="169">22</rw-visits>
<rw-visits order="173">21</rw-visits>
<rw-visits order="177">20</rw-visits>
<rw-visits order="181">20</rw-visits>
<rw-visits order="185">20</rw-visits>
<rw-visits order="189">19</rw-visits>
<rw-visits order="193">19</rw-visits>
<rw-visits order="197">18</rw-visits>
<rw-visits order="201">18</rw-visits>
<rw-visits order="205">18</rw-visits>
<rw-visits order="209">18</rw-visits>
<rw-visits order="213">17</rw-visits>
<rw-visits order="217">17</rw-visits>
<rw-visits order="221">17</rw-visits>
<rw-visits order="225">17</rw-visits>
<rw-visits order="229">16</rw-visits>
<rw-visits order="233">15</rw-visits>
<rw-visits order="237">14</rw-visits>
<rw-visits order="241">14</rw-visits>
<rw-visits order="245">14</rw-visits>
<rw-visits order="249">13</rw-visits>
<rw-visits order="253">13</rw-visits>
<rw-visits order="257">13</rw-visits>
<rw-visits order="261">13</rw-visits>
<rw-visits order="265">13</rw-visits>
<rw-visits order="269">12</rw-visits>
<rw-visits order="273">12</rw-visits>
<rw-visits order="277">12</rw-visits>
<rw-visits order="281">11</rw-visits>
<rw-visits order="285">11</rw-visits>
<rw-visits order="289">11</rw-visits>
<rw-visits order="293">11</rw-visits>
<rw-visits order="297">11</rw-visits>
<rw-visits order="301">11</rw-visits>
<rw-visits order="305">10</rw-visits>
<rw-visits order="309">10</rw-visits>
<rw-visits order="313">9</rw-visits>
<rw-visits order="317">9</rw-visits>
<rw-visits order="321">9</rw-visits>
<rw-visits order="325">9</rw-visits>
<rw-visits order="329">9</rw-visits>
<rw-visits order="333">8</rw-visits>
<rw-visits order="337">8</rw-visits>
<rw-visits order="341">8</rw-visits>
<rw-visits order="345">8</rw-visits>
<rw-visits order="349">8</rw-visits>
<rw-visits order="353">8</rw-visits>
<rw-visits order="357">8</rw-visits>
<rw-visits order="361">7</rw-visits>
<rw-visits order="365">7</rw-visits>
<rw-visits order="369">7</rw-visits>
<rw-visits order="373">7</rw-visits>
<rw-visits order="377">7</rw-visits>
<rw-visits order="381">7</rw-visits>
<rw-visits order="385">7</rw-visits>
<rw-visits order="389">7</rw-visits>
<rw-visits order="393">6</rw-visits>
<rw-visits order="397">6</rw-visits>
<rw-visits order="401">6</rw-visits>
<rw-visits order="405">6</rw-visits>
<rw-visits order="409">6</rw-visits>
<rw-visits order="413">6</rw-visits>
<rw-visits order="417">6</rw-visits>
<rw-visits order="421">6</rw-visits>
<rw-visits order="425">6</rw-visits>
<rw-visits order="429">6</rw-visits>
<rw-visits order="433">6</rw-visits>
<rw-visits order="437">5</rw-visits>
<rw-visits order="441">5</rw-visits>
<rw-visits order="445">5</rw-visits>
<rw-visits order="449">5</rw-visits>
<rw-visits order="453">5</rw-visits>
<rw-visits order="457">5</rw-visits>
<rw-visits order="461">5</rw-visits>
<rw-visits order="465">5</rw-visits>
<rw-visits order="469">4</rw-visits>
<rw-visits order="473">4</rw-visits>
<rw-visits order="477">4</rw-visits>
<rw-visits order="481">4</rw-visits>
<rw-visits order="485">4</rw-visits>
<rw-visits order="489">4</rw-visits>
<rw-visits order="493">4</rw-visits>
<rw-visits order="497">4</rw-visits>
<rw-visits order="501">4</rw-visits>
<rw-visits order="505">4</rw-visits>
<rw-visits order="509">4</rw-visits>
<rw-visits order="513">4</rw-visits>
<rw-visits order="517">4</rw-visits>
<rw-visits order="521">4</rw-visits>
<rw-visits order="525">4</rw-visits>
<rw-visits order="529">4</rw-visits>
<rw-visits order="533">3</rw-visits>
<rw-visits order="537">3</rw-visits>
<rw-visits order="541">3</rw-visits>
<rw-visits order="545">3</rw-visits>
<rw-visits order="549">3</rw-visits>
<rw-visits order="553">3</rw-visits>
<rw-visits order="557">3</rw-visits>
<rw-visits order="561">3</rw-visits>
<rw-visits order="565">3</rw-visits>
<rw-visits order="569">3</rw-visits>
<rw-visits order="573">3</rw-visits>
<rw-visits order="577">3</rw-visits>
<rw-visits order="581">3</rw-visits>
<rw-visits order="585">3</rw-visits>
<rw-visits order="589">3</rw-visits>
<rw-visits order="593">3</rw-visits>
<rw-visits order="597">3</rw-visits>
<rw-visits order="601">3</rw-visits>
<rw-visits order="605">3</rw-visits>
<rw-visits order="609">3</rw-visits>
<rw-visits order="613">3</rw-visits>
<rw-visits order="617">3</rw-visits>
<rw-visits order="621">3</rw-visits>
<rw-visits order="625">3</rw-visits>
<rw-visits order="629">3</rw-visits>
<rw-visits order="633">2</rw-visits>
<rw-visits order="637">2</rw-visits>
<rw-visits order="641">2</rw-visits>
<rw-visits order="645">2</rw-visits>
<rw-visits order="649">2</rw-visits>
<rw-visits order="653">2</rw-visits>
<rw-visits order="657">2</rw-visits>
<rw-visits order="661">2</rw-visits>
<rw-visits order="665">2</rw-visits>
<rw-visits order="669">2</rw-visits>
<rw-visits order="673">2</rw-visits>
<rw-visits order="677">2</rw-visits>
<rw-visits order="681">2</rw-visits>
<rw-visits order="685">2</rw-visits>
<rw-visits order="689">2</rw-visits>
<rw-visits order="693">2</rw-visits>
<rw-visits order="697">2</rw-visits>
<rw-visits order="701">2</rw-visits>
<rw-visits order="705">2</rw-visits>
<rw-visits order="709">2</rw-visits>
<rw-visits order="713">2</rw-visits>
<rw-visits order="717">2</rw-visits>
<rw-visits order="721">2</rw-visits>
<rw-visits order="725">2</rw-visits>
<rw-visits order="729">2</rw-visits>
<rw-visits order="733">2</rw-visits>
<rw-visits order="737">2</rw-visits>
<rw-visits order="741">2</rw-visits>
<rw-visits order="745">2</rw-visits>
<rw-visits order="749">2</rw-visits>
<rw-visits order="753">2</rw-visits>
<rw-visits order="757">2</rw-visits>
<rw-visits order="761">2</rw-visits>
<rw-visits order="765">2</rw-visits>
<rw-visits order="769">2</rw-visits>
<rw-visits order="773">2</rw-visits>
<rw-visits order="777">1</rw-visits>
<rw-visits order="781">1</rw-visits>
<rw-visits order="785">1</rw-visits>
<rw-visits order="789">1</rw-visits>
<rw-visits order="793">1</rw-visits>
<rw-visits order="797">1</rw-visits>
<rw-visits order="801">1</rw-visits>
<rw-visits order="805">1</rw-visits>
<rw-visits order="809">1</rw-visits>
<rw-visits order="813">1</rw-visits>
<rw-visits order="817">1</rw-visits>
<rw-visits order="821">1</rw-visits>
<rw-visits order="825">1</rw-visits>
<rw-visits order="829">1</rw-visits>
<rw-visits order="833">1</rw-visits>
<rw-visits order="837">1</rw-visits>
<rw-visits order="841">1</rw-visits>
<rw-visits order="845">1</rw-visits>
<rw-visits order="849">1</rw-visits>
<rw-visits order="853">1</rw-visits>
<rw-visits order="857">1</rw-visits>
<rw-visits order="861">1</rw-visits>
<rw-visits order="865">1</rw-visits>
<rw-visits order="869">1</rw-visits>
<rw-visits order="873">1</rw-visits>
<rw-visits order="877">1</rw-visits>
<rw-visits order="881">1</rw-visits>
<rw-visits order="885">1</rw-visits>
<rw-visits order="889">1</rw-visits>
<rw-visits order="893">1</rw-visits>
<rw-visits order="897">1</rw-visits>
<rw-visits order="901">1</rw-visits>
<rw-visits order="905">1</rw-visits>
<rw-visits order="909">1</rw-visits>
<rw-visits order="913">1</rw-visits>
<rw-visits order="917">1</rw-visits>
<rw-visits order="921">1</rw-visits>
<rw-visits order="925">1</rw-visits>
<rw-visits order="929">1</rw-visits>
<rw-visits order="933">1</rw-visits>
<rw-visits order="937">1</rw-visits>
<rw-visits order="941">1</rw-visits>
<rw-visits order="945">1</rw-visits>
<rw-visits order="949">1</rw-visits>
<rw-visits order="953">1</rw-visits>
<rw-visits order="957">1</rw-visits>
<rw-visits order="961">1</rw-visits>
<rw-visits order="965">1</rw-visits>
<rw-visits order="969">1</rw-visits>
<rw-visits order="973">1</rw-visits>
<rw-visits order="977">1</rw-visits>
<rw-visits order="981">1</rw-visits>
<rw-visits order="985">1</rw-visits>
<final-coverage>57.3086</final-coverage>
</rw-info>
<local-info>
<diamonds>66.6473</diamonds>
<neighborhood k="4">10</neighborhood>
<clustering k="4">1.38433</clustering>
</local-info>
<label-info>
<edge-label id="1.2">1</edge-label>
<edge-label id="1.3+2.0">1</edge-label>
<edge-label id="1.7">404</edge-label>
<edge-label id="2.1+6.2">1</edge-label>
<edge-label id="2.11+6.15">2</edge-label>
<edge-label id="2.13+6.15">2</edge-label>
<edge-label id="2.15+6.15">6</edge-label>
<edge-label id="2.17+6.15">12</edge-label>
<edge-label id="2.19+6.15">30</edge-label>
<edge-label id="2.21">188</edge-label>
<edge-label id="2.23">32</edge-label>
<edge-label id="2.24+1.4">46</edge-label>
<edge-label id="2.25">10</edge-label>
<edge-label id="2.26+1.4">158</edge-label>
<edge-label id="2.29">12</edge-label>
<edge-label id="2.36">108</edge-label>
<edge-label id="2.37">92</edge-label>
<edge-label id="2.4">1</edge-label>
<edge-label id="2.9+6.15">1</edge-label>
<edge-label id="3.3">160</edge-label>
<edge-label id="3.5+5.68">78</edge-label>
<edge-label id="5.36">231</edge-label>
<edge-label id="5.37">28</edge-label>
<edge-label id="5.40+6.50">20</edge-label>
<edge-label id="5.44">7</edge-label>
<edge-label id="5.47+6.19">2</edge-label>
<edge-label id="5.47+6.9">2</edge-label>
<edge-label id="5.49">5</edge-label>
<edge-label id="5.51">5</edge-label>
<edge-label id="5.52">20</edge-label>
<edge-label id="5.54">21</edge-label>
<edge-label id="5.57">40</edge-label>
<edge-label id="5.59">10</edge-label>
<edge-label id="5.6">112</edge-label>
<edge-label id="5.62+3.0">20</edge-label>
<edge-label id="5.63+3.0">20</edge-label>
<edge-label id="5.65">20</edge-label>
<edge-label id="5.67+6.16">24</edge-label>
<edge-label id="5.67+6.50">20</edge-label>
<edge-label id="5.7">5</edge-label>
<edge-label id="5.70+6.16">12</edge-label>
<edge-label id="5.70+6.50">10</edge-label>
<edge-label id="5.72+6.16">12</edge-label>
<edge-label id="6.0">70</edge-label>
<edge-label id="6.1">70</edge-label>
<edge-label id="6.12">2</edge-label>
<edge-label id="6.13+2.10">2</edge-label>
<edge-label id="6.13+2.12">2</edge-label>
<edge-label id="6.13+2.14">6</edge-label>
<edge-label id="6.13+2.16">12</edge-label>
<edge-label id="6.13+2.18">30</edge-label>
<edge-label id="6.13+2.8">1</edge-label>
<edge-label id="6.14+5.66">24</edge-label>
<edge-label id="6.14+5.69">12</edge-label>
<edge-label id="6.14+5.71">12</edge-label>
<edge-label id="6.17">155</edge-label>
<edge-label id="6.22">2</edge-label>
<edge-label id="6.23+2.22">46</edge-label>
<edge-label id="6.23+2.27">2</edge-label>
<edge-label id="6.23+2.35">36</edge-label>
<edge-label id="6.24+5.35">70</edge-label>
<edge-label id="6.24+5.41">1</edge-label>
<edge-label id="6.24+5.45">1</edge-label>
<edge-label id="6.24+5.5">1</edge-label>
<edge-label id="6.24+5.50">3</edge-label>
<edge-label id="6.24+5.53">1</edge-label>
<edge-label id="6.24+5.56">10</edge-label>
<edge-label id="6.26+5.35">5</edge-label>
<edge-label id="6.26+5.53">1</edge-label>
<edge-label id="6.28+5.35">4</edge-label>
<edge-label id="6.28+5.56">1</edge-label>
<edge-label id="6.30+5.35">5</edge-label>
<edge-label id="6.30+5.53">1</edge-label>
<edge-label id="6.32+5.35">1</edge-label>
<edge-label id="6.32+5.50">2</edge-label>
<edge-label id="6.33+2.27">2</edge-label>
<edge-label id="6.33+2.35">4</edge-label>
<edge-label id="6.35">2</edge-label>
<edge-label id="6.36">2</edge-label>
<edge-label id="6.38+5.45">2</edge-label>
<edge-label id="6.39">122</edge-label>
<edge-label id="6.40">90</edge-label>
<edge-label id="6.41">10</edge-label>
<edge-label id="6.42">80</edge-label>
<edge-label id="6.43">80</edge-label>
<edge-label id="6.45+5.38">20</edge-label>
<edge-label id="6.45+5.64">20</edge-label>
<edge-label id="6.47+5.39">20</edge-label>
<edge-label id="6.47+5.66">20</edge-label>
<edge-label id="6.47+5.69">10</edge-label>
<edge-label id="6.48">50</edge-label>
<edge-label id="6.53">20</edge-label>
<edge-label id="6.54">40</edge-label>
<edge-label id="6.55+2.22">6</edge-label>
<edge-label id="6.55+2.35">12</edge-label>
<edge-label id="6.56+5.35">7</edge-label>
<edge-label id="6.56+5.5">28</edge-label>
<edge-label id="6.57">70</edge-label>
<edge-label id="6.6+2.2">1</edge-label>
<edge-label id="7.0+1.0">1</edge-label>
<state-labels procid="0">
<label id="[]">1724</label>
</state-labels><state-labels procid="1">
<label id="[0,0]">1724</label>
</state-labels><state-labels procid="2">
<label id="[0,0,0]">1</label>
<label id="[0,1,106]">404</label>
<label id="[1,1,0]">1</label>
<label id="[2,1,0]">1</label>
<label id="[3,1,0]">913</label>
<label id="[4,1,106]">404</label>
</state-labels><state-labels procid="3">
<label id="[0,-1,0,0,0,0]">3</label>
<label id="[0,1,0,0,0,0]">1</label>
<label id="[0,1,1,122,0,0]">92</label>
<label id="[0,1,2,122,0,0]">92</label>
<label id="[1,1,0,0,0,0]">1</label>
<label id="[10,1,1,110,0,0]">20</label>
<label id="[11,1,1,110,0,0]">6</label>
<label id="[12,1,1,110,0,0]">40</label>
<label id="[13,1,1,110,0,0]">12</label>
<label id="[14,1,1,110,0,0]">94</label>
<label id="[15,1,1,110,0,0]">30</label>
<label id="[16,1,1,110,0,0]">188</label>
<label id="[17,1,1,110,0,0]">188</label>
<label id="[17,1,1,121,0,0]">32</label>
<label id="[18,1,1,119,0,0]">10</label>
<label id="[18,1,1,120,0,0]">158</label>
<label id="[18,1,1,121,0,0]">32</label>
<label id="[18,1,1,122,0,0]">46</label>
<label id="[19,1,1,119,0,0]">10</label>
<label id="[2,1,0,110,0,0]">1</label>
<label id="[20,1,1,112,0,0]">6</label>
<label id="[20,1,1,113,0,0]">6</label>
<label id="[21,1,1,112,0,0]">6</label>
<label id="[21,1,1,113,0,0]">6</label>
<label id="[24,1,2,112,0,0]">12</label>
<label id="[24,1,2,113,0,0]">12</label>
<label id="[24,1,2,119,0,0]">20</label>
<label id="[24,1,2,120,0,0]">316</label>
<label id="[24,1,2,121,0,0]">64</label>
<label id="[25,1,2,112,0,0]">12</label>
<label id="[25,1,2,113,0,0]">12</label>
<label id="[25,1,2,119,0,0]">20</label>
<label id="[25,1,2,121,0,0]">64</label>
<label id="[25,1,2,122,0,0]">92</label>
<label id="[4,1,1,110,0,0]">1</label>
<label id="[5,1,1,110,0,0]">1</label>
<label id="[6,1,1,110,0,0]">6</label>
<label id="[7,1,1,110,0,0]">2</label>
<label id="[8,1,1,110,0,0]">8</label>
<label id="[9,1,1,110,0,0]">2</label>
</state-labels><state-labels procid="4">
<label id="[0,0]">1130</label>
<label id="[0,103]">137</label>
<label id="[0,104]">137</label>
<label id="[1,103]">80</label>
<label id="[1,104]">80</label>
<label id="[3,103]">80</label>
<label id="[3,104]">80</label>
</state-labels><state-labels procid="5">
<label id="[0,0,0]">1724</label>
</state-labels><state-labels procid="6">
<label id="[0,-1,0,0,0,0]">10</label>
<label id="[0,-1,1,110,0,0]">51</label>
<label id="[0,-1,1,110,0,116]">17</label>
<label id="[0,-1,1,122,0,0]">84</label>
<label id="[0,-1,1,122,0,116]">28</label>
<label id="[0,-1,2,122,0,0]">28</label>
<label id="[24,-1,1,109,0,0]">10</label>
<label id="[24,-1,1,115,0,0]">10</label>
<label id="[24,-1,1,116,0,0]">33</label>
<label id="[24,-1,1,117,0,0]">30</label>
<label id="[24,-1,1,120,0,0]">60</label>
<label id="[24,-1,1,120,0,116]">20</label>
<label id="[24,-1,1,123,0,0]">30</label>
<label id="[24,-1,1,123,0,116]">10</label>
<label id="[24,-1,2,115,0,0]">5</label>
<label id="[24,-1,2,116,0,0]">11</label>
<label id="[24,-1,2,117,0,0]">10</label>
<label id="[24,-1,2,118,0,0]">5</label>
<label id="[24,-1,2,120,0,0]">22</label>
<label id="[24,-1,2,123,0,0]">10</label>
<label id="[25,-1,1,116,0,0]">33</label>
<label id="[25,-1,1,117,0,0]">30</label>
<label id="[25,-1,1,120,0,0]">60</label>
<label id="[25,-1,1,120,0,116]">20</label>
<label id="[25,-1,1,123,0,0]">30</label>
<label id="[25,-1,2,115,0,0]">5</label>
<label id="[25,-1,2,116,0,0]">11</label>
<label id="[25,-1,2,117,0,0]">10</label>
<label id="[25,-1,2,120,0,0]">22</label>
<label id="[25,-1,2,122,0,0]">28</label>
<label id="[25,-1,2,123,0,0]">10</label>
<label id="[26,-1,1,110,0,0]">15</label>
<label id="[26,-1,1,110,0,116]">5</label>
<label id="[27,-1,1,110,0,0]">30</label>
<label id="[27,-1,1,110,0,116]">10</label>
<label id="[28,-1,0,119,0,0]">5</label>
<label id="[29,-1,0,118,0,0]">7</label>
<label id="[3,-1,0,119,0,0]">5</label>
<label id="[3,-1,1,122,0,0]">84</label>
<label id="[3,-1,1,122,0,116]">28</label>
<label id="[30,-1,0,118,0,0]">7</label>
<label id="[31,-1,0,118,0,0]">5</label>
<label id="[31,-1,1,118,0,0]">10</label>
<label id="[32,-1,1,118,0,0]">14</label>
<label id="[33,-1,1,109,0,0]">10</label>
<label id="[33,-1,1,114,0,0]">5</label>
<label id="[33,-1,1,115,0,0]">10</label>
<label id="[34,-1,1,114,0,0]">5</label>
<label id="[35,-1,1,114,0,116]">11</label>
<label id="[35,-1,1,114,0,117]">10</label>
<label id="[36,-1,1,114,0,116]">11</label>
<label id="[36,-1,1,114,0,117]">10</label>
<label id="[37,-1,1,120,0,116]">20</label>
<label id="[37,-1,1,120,0,117]">20</label>
<label id="[37,-1,1,123,0,116]">10</label>
<label id="[38,-1,1,120,0,116]">20</label>
<label id="[38,-1,1,120,0,117]">20</label>
<label id="[40,-1,1,120,0,116]">40</label>
<label id="[40,-1,1,120,0,117]">40</label>
<label id="[41,-1,1,110,0,116]">10</label>
<label id="[41,-1,1,110,0,117]">10</label>
<label id="[42,-1,1,110,0,116]">78</label>
<label id="[42,-1,1,110,0,117]">78</label>
<label id="[43,-1,1,110,0,116]">32</label>
<label id="[43,-1,1,110,0,117]">32</label>
<label id="[44,-1,1,107,0,116]">16</label>
<label id="[44,-1,1,107,0,117]">16</label>
<label id="[45,-1,1,107,0,116]">39</label>
<label id="[45,-1,1,107,0,117]">39</label>
<label id="[46,-1,1,107,0,116]">34</label>
<label id="[46,-1,1,107,0,117]">34</label>
<label id="[47,-1,1,107,0,116]">6</label>
<label id="[47,-1,1,107,0,117]">6</label>
<label id="[48,-1,1,107,0,116]">42</label>
<label id="[48,-1,1,107,0,117]">42</label>
</state-labels><state-labels procid="7">
<label id="[0,{0|0},{0|0},{0|0},0,0,0,0]">4</label>
<label id="[0,{0|0},{0|0},{0|0},0,2,120,2]">14</label>
<label id="[0,{0|0},{0|0},{0|0},1,2,120,2]">28</label>
<label id="[0,{0|0},{0|1},{0|0},0,2,120,2]">14</label>
<label id="[0,{0|0},{0|1},{0|0},1,2,120,2]">14</label>
<label id="[0,{1|0},{0|0},{0|0},0,2,120,2]">14</label>
<label id="[0,{1|0},{0|0},{0|0},1,2,120,2]">28</label>
<label id="[0,{1|0},{0|1},{0|0},0,2,120,2]">14</label>
<label id="[0,{1|0},{0|1},{0|0},1,2,120,2]">14</label>
<label id="[1,{1|0},{0|0},{0|0},0,2,120,2]">14</label>
<label id="[1,{1|0},{0|0},{0|0},1,2,120,2]">28</label>
<label id="[1,{1|0},{0|1},{0|0},0,2,120,2]">14</label>
<label id="[1,{1|0},{0|1},{0|0},1,2,120,2]">14</label>
<label id="[10,{1|0},{0|0},{0|1},0,1,120,2]">5</label>
<label id="[10,{1|0},{0|0},{0|1},1,1,119,2]">10</label>
<label id="[10,{1|0},{0|0},{0|1},1,1,120,2]">10</label>
<label id="[10,{1|0},{0|0},{0|1},1,1,121,2]">30</label>
<label id="[10,{1|0},{0|1},{0|1},1,1,120,2]">5</label>
<label id="[11,{1|0},{0|0},{0|0},0,0,1,0]">2</label>
<label id="[11,{1|0},{0|0},{0|0},0,0,114,0]">1</label>
<label id="[11,{1|0},{0|0},{0|0},0,0,118,0]">2</label>
<label id="[11,{1|0},{0|0},{0|0},0,0,119,0]">1</label>
<label id="[11,{1|0},{0|0},{0|0},0,1,1,0]">2</label>
<label id="[11,{1|0},{0|0},{0|0},0,1,114,0]">1</label>
<label id="[11,{1|0},{0|0},{0|0},0,1,118,0]">2</label>
<label id="[11,{1|0},{0|0},{0|0},0,1,119,0]">1</label>
<label id="[11,{1|0},{0|0},{0|0},0,2,1,0]">1</label>
<label id="[11,{1|0},{0|0},{0|0},0,2,118,0]">2</label>
<label id="[11,{1|0},{0|0},{0|0},0,2,119,0]">2</label>
<label id="[11,{1|0},{0|0},{0|0},1,0,112,1]">12</label>
<label id="[11,{1|0},{0|0},{0|0},1,0,119,1]">22</label>
<label id="[11,{1|0},{0|0},{0|0},1,0,121,1]">66</label>
<label id="[11,{1|0},{0|0},{0|0},1,1,112,1]">24</label>
<label id="[11,{1|0},{0|0},{0|0},1,1,119,1]">12</label>
<label id="[11,{1|0},{0|0},{0|0},1,1,121,1]">36</label>
<label id="[11,{1|0},{0|0},{0|0},1,2,112,1]">24</label>
<label id="[11,{1|0},{0|0},{0|0},1,2,119,1]">12</label>
<label id="[11,{1|0},{0|0},{0|0},1,2,121,1]">36</label>
<label id="[11,{1|0},{0|0},{0|1},0,0,116,0]">2</label>
<label id="[11,{1|0},{0|0},{0|1},0,0,120,0]">12</label>
<label id="[11,{1|0},{0|0},{0|1},0,1,109,0]">1</label>
<label id="[11,{1|0},{0|0},{0|1},0,1,116,0]">2</label>
<label id="[11,{1|0},{0|0},{0|1},0,1,120,0]">30</label>
<label id="[11,{1|0},{0|0},{0|1},0,2,109,0]">2</label>
<label id="[11,{1|0},{0|0},{0|1},0,2,116,0]">6</label>
<label id="[11,{1|0},{0|0},{0|1},0,2,120,0]">10</label>
<label id="[11,{1|0},{0|0},{0|1},1,0,114,0]">1</label>
<label id="[11,{1|0},{0|0},{0|1},1,0,116,0]">4</label>
<label id="[11,{1|0},{0|0},{0|1},1,0,120,0]">24</label>
<label id="[11,{1|0},{0|0},{0|1},1,1,114,0]">1</label>
<label id="[11,{1|0},{0|0},{0|1},1,1,116,0]">4</label>
<label id="[11,{1|0},{0|0},{0|1},1,1,120,0]">60</label>
<label id="[11,{1|0},{0|0},{0|1},1,2,114,0]">4</label>
<label id="[11,{1|0},{0|0},{0|1},1,2,116,0]">12</label>
<label id="[11,{1|0},{0|0},{0|1},1,2,120,0]">60</label>
<label id="[11,{1|0},{0|1},{0|0},0,0,114,0]">2</label>
<label id="[11,{1|0},{0|1},{0|0},0,0,116,0]">2</label>
<label id="[11,{1|0},{0|1},{0|0},0,0,120,0]">12</label>
<label id="[11,{1|0},{0|1},{0|0},0,1,114,0]">2</label>
<label id="[11,{1|0},{0|1},{0|0},0,1,116,0]">2</label>
<label id="[11,{1|0},{0|1},{0|0},0,1,120,0]">30</label>
<label id="[11,{1|0},{0|1},{0|0},0,2,1,0]">2</label>
<label id="[11,{1|0},{0|1},{0|0},0,2,114,0]">2</label>
<label id="[11,{1|0},{0|1},{0|0},0,2,116,0]">6</label>
<label id="[11,{1|0},{0|1},{0|0},0,2,120,0]">10</label>
<label id="[11,{1|0},{0|1},{0|0},1,0,114,0]">1</label>
<label id="[11,{1|0},{0|1},{0|0},1,1,114,0]">1</label>
<label id="[11,{1|0},{0|1},{0|0},1,2,1,0]">1</label>
<label id="[11,{1|0},{0|1},{0|1},1,0,114,0]">1</label>
<label id="[11,{1|0},{0|1},{0|1},1,0,116,0]">4</label>
<label id="[11,{1|0},{0|1},{0|1},1,0,120,0]">12</label>
<label id="[11,{1|0},{0|1},{0|1},1,1,109,0]">1</label>
<label id="[11,{1|0},{0|1},{0|1},1,1,114,0]">1</label>
<label id="[11,{1|0},{0|1},{0|1},1,1,116,0]">4</label>
<label id="[11,{1|0},{0|1},{0|1},1,1,120,0]">30</label>
<label id="[11,{1|0},{0|1},{0|1},1,2,109,0]">2</label>
<label id="[11,{1|0},{0|1},{0|1},1,2,114,0]">2</label>
<label id="[11,{1|0},{0|1},{0|1},1,2,116,0]">6</label>
<label id="[11,{1|0},{0|1},{0|1},1,2,120,0]">10</label>
<label id="[12,{1|0},{0|0},{0|0},0,1,109,0]">1</label>
<label id="[12,{1|0},{0|1},{0|0},1,1,109,0]">1</label>
<label id="[13,{1|0},{0|1},{0|0},0,1,1,0]">2</label>
<label id="[13,{1|0},{0|1},{0|0},1,1,1,0]">2</label>
<label id="[14,{1|0},{0|0},{0|1},0,1,116,0]">2</label>
<label id="[14,{1|0},{0|0},{0|1},1,1,116,0]">4</label>
<label id="[14,{1|0},{0|1},{0|0},0,1,116,0]">2</label>
<label id="[14,{1|0},{0|1},{0|1},1,1,116,0]">2</label>
<label id="[2,{0|0},{0|0},{0|0},0,0,108,0]">1</label>
<label id="[3,{1|0},{0|0},{0|0},0,0,108,0]">2</label>
<label id="[3,{1|0},{0|0},{0|0},0,2,1,0]">1</label>
<label id="[3,{1|0},{0|0},{0|0},0,2,118,0]">2</label>
<label id="[3,{1|0},{0|0},{0|0},0,2,119,0]">2</label>
<label id="[3,{1|0},{0|0},{0|0},1,2,112,1]">24</label>
<label id="[3,{1|0},{0|0},{0|0},1,2,119,1]">12</label>
<label id="[3,{1|0},{0|0},{0|0},1,2,121,1]">36</label>
<label id="[3,{1|0},{0|0},{0|1},0,2,109,0]">2</label>
<label id="[3,{1|0},{0|0},{0|1},0,2,116,0]">6</label>
<label id="[3,{1|0},{0|0},{0|1},0,2,120,2]">10</label>
<label id="[3,{1|0},{0|0},{0|1},1,2,109,0]">1</label>
<label id="[3,{1|0},{0|0},{0|1},1,2,114,0]">4</label>
<label id="[3,{1|0},{0|0},{0|1},1,2,116,0]">12</label>
<label id="[3,{1|0},{0|0},{0|1},1,2,120,2]">60</label>
<label id="[3,{1|0},{0|1},{0|0},0,2,1,0]">2</label>
<label id="[3,{1|0},{0|1},{0|0},0,2,114,0]">2</label>
<label id="[3,{1|0},{0|1},{0|0},0,2,116,0]">6</label>
<label id="[3,{1|0},{0|1},{0|0},0,2,120,2]">10</label>
<label id="[3,{1|0},{0|1},{0|0},1,2,1,0]">1</label>
<label id="[3,{1|0},{0|1},{0|1},1,2,109,0]">3</label>
<label id="[3,{1|0},{0|1},{0|1},1,2,114,0]">2</label>
<label id="[3,{1|0},{0|1},{0|1},1,2,116,0]">6</label>
<label id="[3,{1|0},{0|1},{0|1},1,2,120,2]">10</label>
<label id="[4,{1|0},{0|0},{0|0},1,2,109,0]">1</label>
<label id="[4,{1|0},{0|1},{0|0},1,2,109,0]">1</label>
<label id="[5,{1|0},{0|0},{0|0},0,0,120,2]">5</label>
<label id="[5,{1|0},{0|0},{0|0},0,1,120,2]">7</label>
<label id="[5,{1|0},{0|0},{0|0},0,2,120,2]">14</label>
<label id="[5,{1|0},{0|0},{0|0},1,0,120,2]">10</label>
<label id="[5,{1|0},{0|0},{0|0},1,1,120,2]">14</label>
<label id="[5,{1|0},{0|0},{0|0},1,2,120,2]">28</label>
<label id="[5,{1|0},{0|1},{0|0},0,0,120,2]">10</label>
<label id="[5,{1|0},{0|1},{0|0},0,1,120,2]">14</label>
<label id="[5,{1|0},{0|1},{0|0},0,2,120,2]">14</label>
<label id="[5,{1|0},{0|1},{0|0},1,0,120,2]">5</label>
<label id="[5,{1|0},{0|1},{0|0},1,1,120,2]">7</label>
<label id="[5,{1|0},{0|1},{0|0},1,2,120,2]">14</label>
<label id="[6,{1|0},{0|0},{0|0},0,0,108,0]">1</label>
<label id="[6,{1|0},{0|0},{0|0},0,2,1,0]">1</label>
<label id="[6,{1|0},{0|0},{0|0},0,2,118,0]">2</label>
<label id="[6,{1|0},{0|0},{0|0},0,2,119,0]">2</label>
<label id="[6,{1|0},{0|0},{0|0},1,2,119,1]">12</label>
<label id="[6,{1|0},{0|0},{0|0},1,2,121,1]">36</label>
<label id="[6,{1|0},{0|0},{0|1},0,2,109,0]">2</label>
<label id="[6,{1|0},{0|0},{0|1},0,2,116,0]">6</label>
<label id="[6,{1|0},{0|0},{0|1},1,2,109,0]">1</label>
<label id="[6,{1|0},{0|0},{0|1},1,2,114,0]">4</label>
<label id="[6,{1|0},{0|0},{0|1},1,2,116,0]">12</label>
<label id="[6,{1|0},{0|1},{0|0},0,2,1,0]">2</label>
<label id="[6,{1|0},{0|1},{0|0},0,2,114,0]">2</label>
<label id="[6,{1|0},{0|1},{0|0},0,2,116,0]">6</label>
<label id="[6,{1|0},{0|1},{0|0},1,2,1,0]">1</label>
<label id="[6,{1|0},{0|1},{0|1},1,2,109,0]">3</label>
<label id="[6,{1|0},{0|1},{0|1},1,2,114,0]">2</label>
<label id="[6,{1|0},{0|1},{0|1},1,2,116,0]">6</label>
<label id="[7,{1|0},{0|0},{0|1},0,0,120,2]">10</label>
<label id="[7,{1|0},{0|0},{0|1},0,1,120,2]">10</label>
<label id="[7,{1|0},{0|0},{0|1},0,2,120,2]">5</label>
<label id="[7,{1|0},{0|0},{0|1},1,0,120,2]">60</label>
<label id="[7,{1|0},{0|0},{0|1},1,1,120,2]">60</label>
<label id="[7,{1|0},{0|0},{0|1},1,2,120,2]">40</label>
<label id="[7,{1|0},{0|1},{0|1},1,0,120,2]">10</label>
<label id="[7,{1|0},{0|1},{0|1},1,1,120,2]">10</label>
<label id="[7,{1|0},{0|1},{0|1},1,2,120,2]">5</label>
<label id="[8,{1|0},{0|0},{0|1},0,1,120,2]">5</label>
<label id="[8,{1|0},{0|0},{0|1},1,1,120,2]">60</label>
<label id="[8,{1|0},{0|1},{0|1},1,1,120,2]">5</label>
<label id="[9,{1|0},{0|0},{0|1},0,2,120,2]">5</label>
<label id="[9,{1|0},{0|0},{0|1},1,2,120,2]">40</label>
<label id="[9,{1|0},{0|1},{0|1},1,2,120,2]">5</label>
</state-labels><state-labels procid="8">
<label id="[0]">1</label>
<label id="[1]">1723</label>
</state-labels></label-info>
</state-space-info>
