<?xml version="1.0"?>
<!DOCTYPE state-space-info SYSTEM "../../state_space_info.dtd">


<state-space-info>
<states>18138</states>
<edges>45536</edges>
<bfs-info>
 <levels>62</levels>
<max-level>785</max-level>

<back-level-edges>14206</back-level-edges>
<max-back-level-edge>28</max-back-level-edge>
<avg-back-level-edge>3.79382</avg-back-level-edge>
<bfs-levels>
<level id="0"><states>1</states><edges>3</edges></level>
<level id="1"><states>3</states><edges>9</edges></level>
<level id="2"><states>7</states><edges>17</edges></level>
<level id="3"><states>11</states><edges>30</edges></level>
<level id="4"><states>15</states><edges>39</edges></level>
<level id="5"><states>21</states><edges>60</edges></level>
<level id="6"><states>36</states><edges>92</edges></level>
<level id="7"><states>44</states><edges>137</edges></level>
<level id="8"><states>69</states><edges>212</edges></level>
<level id="9"><states>102</states><edges>301</edges></level>
<level id="10"><states>135</states><edges>376</edges></level>
<level id="11"><states>167</states><edges>453</edges></level>
<level id="12"><states>205</states><edges>529</edges></level>
<level id="13"><states>221</states><edges>640</edges></level>
<level id="14"><states>277</states><edges>776</edges></level>
<level id="15"><states>335</states><edges>925</edges></level>
<level id="16"><states>388</states><edges>1063</edges></level>
<level id="17"><states>438</states><edges>1188</edges></level>
<level id="18"><states>502</states><edges>1312</edges></level>
<level id="19"><states>528</states><edges>1445</edges></level>
<level id="20"><states>585</states><edges>1572</edges></level>
<level id="21"><states>648</states><edges>1694</edges></level>
<level id="22"><states>680</states><edges>1765</edges></level>
<level id="23"><states>705</states><edges>1801</edges></level>
<level id="24"><states>734</states><edges>1834</edges></level>
<level id="25"><states>725</states><edges>1862</edges></level>
<level id="26"><states>737</states><edges>1903</edges></level>
<level id="27"><states>766</states><edges>1969</edges></level>
<level id="28"><states>785</states><edges>1989</edges></level>
<level id="29"><states>771</states><edges>1962</edges></level>
<level id="30"><states>783</states><edges>1933</edges></level>
<level id="31"><states>743</states><edges>1879</edges></level>
<level id="32"><states>715</states><edges>1793</edges></level>
<level id="33"><states>683</states><edges>1703</edges></level>
<level id="34"><states>650</states><edges>1589</edges></level>
<level id="35"><states>587</states><edges>1450</edges></level>
<level id="36"><states>555</states><edges>1333</edges></level>
<level id="37"><states>507</states><edges>1175</edges></level>
<level id="38"><states>435</states><edges>995</edges></level>
<level id="39"><states>374</states><edges>840</edges></level>
<level id="40"><states>322</states><edges>671</edges></level>
<level id="41"><states>253</states><edges>524</edges></level>
<level id="42"><states>208</states><edges>409</edges></level>
<level id="43"><states>169</states><edges>302</edges></level>
<level id="44"><states>121</states><edges>222</edges></level>
<level id="45"><states>92</states><edges>176</edges></level>
<level id="46"><states>70</states><edges>133</edges></level>
<level id="47"><states>48</states><edges>99</edges></level>
<level id="48"><states>39</states><edges>79</edges></level>
<level id="49"><states>33</states><edges>67</edges></level>
<level id="50"><states>27</states><edges>52</edges></level>
<level id="51"><states>21</states><edges>41</edges></level>
<level id="52"><states>16</states><edges>31</edges></level>
<level id="53"><states>13</states><edges>24</edges></level>
<level id="54"><states>10</states><edges>19</edges></level>
<level id="55"><states>8</states><edges>14</edges></level>
<level id="56"><states>5</states><edges>9</edges></level>
<level id="57"><states>4</states><edges>6</edges></level>
<level id="58"><states>2</states><edges>4</edges></level>
<level id="59"><states>2</states><edges>3</edges></level>
<level id="60"><states>1</states><edges>2</edges></level>
<level id="61"><states>1</states><edges>1</edges></level>
</bfs-levels>
<back-level-length id="0">11.284</back-level-length>
<back-level-length id="1">21.7443</back-level-length>
<back-level-length id="2">6.16641</back-level-length>
<back-level-length id="3">36.1256</back-level-length>
<back-level-length id="4">9.56638</back-level-length>
<back-level-length id="5">3.59003</back-level-length>
<back-level-length id="6">3.66043</back-level-length>
<back-level-length id="7">0</back-level-length>
<back-level-length id="8">0.049275</back-level-length>
<back-level-length id="9">0</back-level-length>
<back-level-length id="10">0</back-level-length>
<back-level-length id="11">0.0563142</back-level-length>
<back-level-length id="12">0</back-level-length>
<back-level-length id="13">0.133746</back-level-length>
<back-level-length id="14">1.48529</back-level-length>
<back-level-length id="15">0</back-level-length>
<back-level-length id="16">0.267493</back-level-length>
<back-level-length id="17">0</back-level-length>
<back-level-length id="18">0.760242</back-level-length>
<back-level-length id="19">0.0281571</back-level-length>
<back-level-length id="20">1.48529</back-level-length>
<back-level-length id="21">0</back-level-length>
<back-level-length id="22">0.267493</back-level-length>
<back-level-length id="23">1.48529</back-level-length>
<back-level-length id="24">0.760242</back-level-length>
<back-level-length id="25">0.29565</back-level-length>
<back-level-length id="26">0</back-level-length>
<back-level-length id="27">0.760242</back-level-length>
<back-level-length id="28">0.0281571</back-level-length>
</bfs-info>
<degrees>
<avg>2.51053</avg>
<max-in>13</max-in>
<max-out>6</max-out>
<degree id="0"><in>0</in><out>0</out></degree>
<degree id="1"><in>3411</in><out>3240</out></degree>
<degree id="2"><in>6350</in><out>7507</out></degree>
<degree id="3"><in>5971</in><out>3332</out></degree>
<degree id="4"><in>1532</in><out>3171</out></degree>
<degree id="5"><in>424</in><out>726</out></degree>
<degree id="6"><in>161</in><out>162</out></degree>
<degree id="7"><in>164</in><out>0</out></degree>
<degree id="8"><in>71</in><out>0</out></degree>
<degree id="9"><in>14</in><out>0</out></degree>
<degree id="10"><in>6</in><out>0</out></degree>
<degree id="11"><in>19</in><out>0</out></degree>
<degree id="12"><in>8</in><out>0</out></degree>
<degree id="13"><in>7</in><out>0</out></degree>
</degrees>
<scc-info>
<count>1</count>
<height>0</height>
<nontrivial-height>0</nontrivial-height>
<trivial>0</trivial>
<terminal>1</terminal>
<largest>18138</largest>
<largest-position> initial the only terminal</largest-position>
</scc-info>
<dfs-info>
<stack-size id="90">0.270151</stack-size>
<stack-size id="180">0.413497</stack-size>
<stack-size id="270">0.606462</stack-size>
<stack-size id="360">0.623001</stack-size>
<stack-size id="450">0.634028</stack-size>
<stack-size id="540">0.656081</stack-size>
<stack-size id="630">0.639541</stack-size>
<stack-size id="720">0.909692</stack-size>
<stack-size id="810">0.920719</stack-size>
<stack-size id="900">0.975852</stack-size>
<stack-size id="990">1.01996</stack-size>
<stack-size id="1080">1.32319</stack-size>
<stack-size id="1170">1.45551</stack-size>
<stack-size id="1260">1.53821</stack-size>
<stack-size id="1350">1.68155</stack-size>
<stack-size id="1440">1.84144</stack-size>
<stack-size id="1530">1.91862</stack-size>
<stack-size id="1620">1.91311</stack-size>
<stack-size id="1710">1.91862</stack-size>
<stack-size id="1800">1.84695</stack-size>
<stack-size id="1890">1.89106</stack-size>
<stack-size id="1980">1.92414</stack-size>
<stack-size id="2070">2.00132</stack-size>
<stack-size id="2160">2.19429</stack-size>
<stack-size id="2250">2.25493</stack-size>
<stack-size id="2340">2.34315</stack-size>
<stack-size id="2430">2.42585</stack-size>
<stack-size id="2520">2.75113</stack-size>
<stack-size id="2610">3.01577</stack-size>
<stack-size id="2700">3.02128</stack-size>
<stack-size id="2790">3.17014</stack-size>
<stack-size id="2880">3.35208</stack-size>
<stack-size id="2970">3.55607</stack-size>
<stack-size id="3060">3.71596</stack-size>
<stack-size id="3150">3.90892</stack-size>
<stack-size id="3240">4.24523</stack-size>
<stack-size id="3330">4.22318</stack-size>
<stack-size id="3420">4.25626</stack-size>
<stack-size id="3510">4.2342</stack-size>
<stack-size id="3600">4.2728</stack-size>
<stack-size id="3690">4.54295</stack-size>
<stack-size id="3780">4.55398</stack-size>
<stack-size id="3870">4.74694</stack-size>
<stack-size id="3960">4.91234</stack-size>
<stack-size id="4050">5.0612</stack-size>
<stack-size id="4140">5.08325</stack-size>
<stack-size id="4230">5.21006</stack-size>
<stack-size id="4320">5.55739</stack-size>
<stack-size id="4410">5.71177</stack-size>
<stack-size id="4500">5.8937</stack-size>
<stack-size id="4590">5.94332</stack-size>
<stack-size id="4680">6.20245</stack-size>
<stack-size id="4770">6.39541</stack-size>
<stack-size id="4860">6.42849</stack-size>
<stack-size id="4950">6.62146</stack-size>
<stack-size id="5040">6.81994</stack-size>
<stack-size id="5130">7.03495</stack-size>
<stack-size id="5220">7.15073</stack-size>
<stack-size id="5310">7.17279</stack-size>
<stack-size id="5400">7.34921</stack-size>
<stack-size id="5490">7.37126</stack-size>
<stack-size id="5580">7.45396</stack-size>
<stack-size id="5670">7.46499</stack-size>
<stack-size id="5760">7.64142</stack-size>
<stack-size id="5850">7.7186</stack-size>
<stack-size id="5940">7.7186</stack-size>
<stack-size id="6030">7.70206</stack-size>
<stack-size id="6120">7.73514</stack-size>
<stack-size id="6210">7.73514</stack-size>
<stack-size id="6300">7.76822</stack-size>
<stack-size id="6390">7.92811</stack-size>
<stack-size id="6480">8.06594</stack-size>
<stack-size id="6570">8.1762</stack-size>
<stack-size id="6660">8.43533</stack-size>
<stack-size id="6750">8.68343</stack-size>
<stack-size id="6840">8.78267</stack-size>
<stack-size id="6930">8.84883</stack-size>
<stack-size id="7020">9.16308</stack-size>
<stack-size id="7110">9.31194</stack-size>
<stack-size id="7200">9.60966</stack-size>
<stack-size id="7290">9.95148</stack-size>
<stack-size id="7380">10.1169</stack-size>
<stack-size id="7470">10.1444</stack-size>
<stack-size id="7560">10.5359</stack-size>
<stack-size id="7650">10.7289</stack-size>
<stack-size id="7740">10.9604</stack-size>
<stack-size id="7830">11.1534</stack-size>
<stack-size id="7920">11.2581</stack-size>
<stack-size id="8010">11.2857</stack-size>
<stack-size id="8100">11.3408</stack-size>
<stack-size id="8190">11.3574</stack-size>
<stack-size id="8280">11.3629</stack-size>
<stack-size id="8370">11.4566</stack-size>
<stack-size id="8460">11.5228</stack-size>
<stack-size id="8550">11.6275</stack-size>
<stack-size id="8640">11.8536</stack-size>
<stack-size id="8730">12.1844</stack-size>
<stack-size id="8820">12.4104</stack-size>
<stack-size id="8910">12.6034</stack-size>
<stack-size id="9000">12.675</stack-size>
<stack-size id="9090">12.6806</stack-size>
<stack-size id="9180">12.7577</stack-size>
<stack-size id="9270">13.05</stack-size>
<stack-size id="9360">13.2595</stack-size>
<stack-size id="9450">13.3311</stack-size>
<stack-size id="9540">13.4579</stack-size>
<stack-size id="9630">13.8328</stack-size>
<stack-size id="9720">14.1857</stack-size>
<stack-size id="9810">14.4503</stack-size>
<stack-size id="9900">14.6047</stack-size>
<stack-size id="9990">14.8363</stack-size>
<stack-size id="10080">14.9741</stack-size>
<stack-size id="10170">15.0292</stack-size>
<stack-size id="10260">15.2939</stack-size>
<stack-size id="10350">15.6247</stack-size>
<stack-size id="10440">15.8397</stack-size>
<stack-size id="10530">15.9279</stack-size>
<stack-size id="10620">16.2642</stack-size>
<stack-size id="10710">16.5013</stack-size>
<stack-size id="10800">16.7549</stack-size>
<stack-size id="10890">16.9754</stack-size>
<stack-size id="10980">17.2731</stack-size>
<stack-size id="11070">17.4881</stack-size>
<stack-size id="11160">17.648</stack-size>
<stack-size id="11250">17.9843</stack-size>
<stack-size id="11340">18.2986</stack-size>
<stack-size id="11430">18.6404</stack-size>
<stack-size id="11520">18.6459</stack-size>
<stack-size id="11610">18.6073</stack-size>
<stack-size id="11700">18.861</stack-size>
<stack-size id="11790">19.1532</stack-size>
<stack-size id="11880">19.2028</stack-size>
<stack-size id="11970">19.1587</stack-size>
<stack-size id="12060">19.3241</stack-size>
<stack-size id="12150">19.3461</stack-size>
<stack-size id="12240">19.1697</stack-size>
<stack-size id="12330">19.1752</stack-size>
<stack-size id="12420">19.2028</stack-size>
<stack-size id="12510">19.1311</stack-size>
<stack-size id="12600">19.0594</stack-size>
<stack-size id="12690">19.1035</stack-size>
<stack-size id="12780">19.1421</stack-size>
<stack-size id="12870">19.1366</stack-size>
<stack-size id="12960">19.2524</stack-size>
<stack-size id="13050">19.3737</stack-size>
<stack-size id="13140">19.484</stack-size>
<stack-size id="13230">19.1256</stack-size>
<stack-size id="13320">19.0484</stack-size>
<stack-size id="13410">19.0815</stack-size>
<stack-size id="13500">19.0539</stack-size>
<stack-size id="13590">18.9822</stack-size>
<stack-size id="13680">19.0539</stack-size>
<stack-size id="13770">19.0649</stack-size>
<stack-size id="13860">18.9767</stack-size>
<stack-size id="13950">18.9657</stack-size>
<stack-size id="14040">18.9381</stack-size>
<stack-size id="14130">18.9161</stack-size>
<stack-size id="14220">18.8554</stack-size>
<stack-size id="14310">18.8665</stack-size>
<stack-size id="14400">18.8665</stack-size>
<stack-size id="14490">18.9657</stack-size>
<stack-size id="14580">19.1421</stack-size>
<stack-size id="14670">19.2745</stack-size>
<stack-size id="14760">18.8499</stack-size>
<stack-size id="14850">18.8499</stack-size>
<stack-size id="14940">18.8389</stack-size>
<stack-size id="15030">18.7783</stack-size>
<stack-size id="15120">18.861</stack-size>
<stack-size id="15210">18.8058</stack-size>
<stack-size id="15300">18.8003</stack-size>
<stack-size id="15390">18.8168</stack-size>
<stack-size id="15480">18.8885</stack-size>
<stack-size id="15570">19.0153</stack-size>
<stack-size id="15660">19.1807</stack-size>
<stack-size id="15750">18.7341</stack-size>
<stack-size id="15840">18.6845</stack-size>
<stack-size id="15930">18.6349</stack-size>
<stack-size id="16020">17.5267</stack-size>
<stack-size id="16110">16.9478</stack-size>
<stack-size id="16200">16.0492</stack-size>
<stack-size id="16290">15.6688</stack-size>
<stack-size id="16380">14.6929</stack-size>
<stack-size id="16470">14.2904</stack-size>
<stack-size id="16560">13.4634</stack-size>
<stack-size id="16650">12.9783</stack-size>
<stack-size id="16740">12.7247</stack-size>
<stack-size id="16830">12.4655</stack-size>
<stack-size id="16920">10.4256</stack-size>
<stack-size id="17010">9.89635</stack-size>
<stack-size id="17100">9.11898</stack-size>
<stack-size id="17190">7.97221</stack-size>
<stack-size id="17280">6.82545</stack-size>
<stack-size id="17370">5.86614</stack-size>
<stack-size id="17460">4.62565</stack-size>
<stack-size id="17550">3.71044</stack-size>
<stack-size id="17640">3.30797</stack-size>
<stack-size id="17730">2.79524</stack-size>
<stack-size id="17820">1.61539</stack-size>
<stack-size id="17910">1.45551</stack-size>
<stack-size id="18000">1.40589</stack-size>
<stack-size id="18090">0.904179</stack-size>
<max-stack>3546</max-stack>
<front-edges>18137</front-edges>
<back-edges>4672</back-edges>
<cross-edges>22727</cross-edges>
<shortest-cycle>2</shortest-cycle>
</dfs-info>
<rw-info>
<coverage step="1800">0.854559</coverage>
<coverage step="3600">1.39486</coverage>
<coverage step="5400">1.60988</coverage>
<coverage step="7200">1.91311</coverage>
<coverage step="9000">2.21083</coverage>
<coverage step="10800">2.42585</coverage>
<coverage step="12600">2.54163</coverage>
<coverage step="14400">2.65189</coverage>
<coverage step="16200">2.75113</coverage>
<coverage step="18000">2.86691</coverage>
<coverage step="19800">2.93858</coverage>
<coverage step="21600">3.05987</coverage>
<coverage step="23400">3.21976</coverage>
<coverage step="25200">3.41824</coverage>
<coverage step="27000">3.4844</coverage>
<coverage step="28800">3.51748</coverage>
<coverage step="30600">3.57812</coverage>
<coverage step="32400">3.89238</coverage>
<coverage step="34200">3.92546</coverage>
<coverage step="36000">4.1901</coverage>
<coverage step="37800">4.1901</coverage>
<coverage step="39600">4.29485</coverage>
<coverage step="41400">4.34998</coverage>
<coverage step="43200">4.36101</coverage>
<coverage step="45000">4.41614</coverage>
<coverage step="46800">4.42717</coverage>
<coverage step="48600">4.50436</coverage>
<coverage step="50400">4.565</coverage>
<coverage step="52200">4.63667</coverage>
<coverage step="54000">4.6477</coverage>
<coverage step="55800">4.69732</coverage>
<coverage step="57600">4.71937</coverage>
<coverage step="59400">4.7304</coverage>
<coverage step="61200">4.73591</coverage>
<coverage step="63000">4.79105</coverage>
<coverage step="64800">4.86272</coverage>
<coverage step="66600">4.8958</coverage>
<coverage step="68400">4.91785</coverage>
<coverage step="70200">4.93439</coverage>
<coverage step="72000">5.01158</coverage>
<coverage step="73800">5.12184</coverage>
<coverage step="75600">5.15492</coverage>
<coverage step="77400">5.15492</coverage>
<coverage step="79200">5.18249</coverage>
<coverage step="81000">5.20454</coverage>
<coverage step="82800">5.38097</coverage>
<coverage step="84600">5.41956</coverage>
<coverage step="86400">5.45815</coverage>
<coverage step="88200">5.46367</coverage>
<coverage step="90000">5.57945</coverage>
<coverage step="91800">5.60701</coverage>
<coverage step="93600">5.61804</coverage>
<coverage step="95400">5.62355</coverage>
<coverage step="97200">5.66766</coverage>
<coverage step="99000">5.71728</coverage>
<coverage step="100800">5.83857</coverage>
<coverage step="102600">5.87716</coverage>
<coverage step="104400">5.94884</coverage>
<coverage step="106200">5.95435</coverage>
<coverage step="108000">6.1418</coverage>
<coverage step="109800">6.18591</coverage>
<coverage step="111600">6.20245</coverage>
<coverage step="113400">6.2245</coverage>
<coverage step="115200">6.24104</coverage>
<coverage step="117000">6.26861</coverage>
<coverage step="118800">6.26861</coverage>
<coverage step="120600">6.26861</coverage>
<coverage step="122400">6.27963</coverage>
<coverage step="124200">6.28515</coverage>
<coverage step="126000">6.28515</coverage>
<coverage step="127800">6.28515</coverage>
<coverage step="129600">6.29066</coverage>
<coverage step="131400">6.31271</coverage>
<coverage step="133200">6.37336</coverage>
<coverage step="135000">6.42849</coverage>
<coverage step="136800">6.43952</coverage>
<coverage step="138600">6.45055</coverage>
<coverage step="140400">6.45055</coverage>
<coverage step="142200">6.4726</coverage>
<coverage step="144000">6.50568</coverage>
<coverage step="145800">6.53325</coverage>
<coverage step="147600">6.5994</coverage>
<coverage step="149400">6.5994</coverage>
<coverage step="151200">6.66556</coverage>
<coverage step="153000">6.67108</coverage>
<coverage step="154800">6.69313</coverage>
<coverage step="156600">6.69313</coverage>
<coverage step="158400">6.72621</coverage>
<coverage step="160200">6.81442</coverage>
<coverage step="162000">6.85302</coverage>
<coverage step="163800">6.85302</coverage>
<coverage step="165600">6.85302</coverage>
<coverage step="167400">6.88058</coverage>
<coverage step="169200">6.91918</coverage>
<coverage step="171000">6.91918</coverage>
<coverage step="172800">6.91918</coverage>
<coverage step="174600">6.92469</coverage>
<coverage step="176400">6.94674</coverage>
<coverage step="178200">6.95777</coverage>
<coverage step="180000">6.99085</coverage>
<rw-visits order="1">11975</rw-visits>
<rw-visits order="7">6879</rw-visits>
<rw-visits order="13">4197</rw-visits>
<rw-visits order="19">2103</rw-visits>
<rw-visits order="25">1618</rw-visits>
<rw-visits order="31">1304</rw-visits>
<rw-visits order="37">966</rw-visits>
<rw-visits order="43">787</rw-visits>
<rw-visits order="49">617</rw-visits>
<rw-visits order="55">508</rw-visits>
<rw-visits order="61">446</rw-visits>
<rw-visits order="67">403</rw-visits>
<rw-visits order="73">333</rw-visits>
<rw-visits order="79">295</rw-visits>
<rw-visits order="85">233</rw-visits>
<rw-visits order="91">201</rw-visits>
<rw-visits order="97">174</rw-visits>
<rw-visits order="103">164</rw-visits>
<rw-visits order="109">129</rw-visits>
<rw-visits order="115">113</rw-visits>
<rw-visits order="121">107</rw-visits>
<rw-visits order="127">100</rw-visits>
<rw-visits order="133">91</rw-visits>
<rw-visits order="139">78</rw-visits>
<rw-visits order="145">72</rw-visits>
<rw-visits order="151">66</rw-visits>
<rw-visits order="157">59</rw-visits>
<rw-visits order="163">54</rw-visits>
<rw-visits order="169">49</rw-visits>
<rw-visits order="175">44</rw-visits>
<rw-visits order="181">42</rw-visits>
<rw-visits order="187">40</rw-visits>
<rw-visits order="193">36</rw-visits>
<rw-visits order="199">33</rw-visits>
<rw-visits order="205">31</rw-visits>
<rw-visits order="211">30</rw-visits>
<rw-visits order="217">29</rw-visits>
<rw-visits order="223">27</rw-visits>
<rw-visits order="229">26</rw-visits>
<rw-visits order="235">25</rw-visits>
<rw-visits order="241">24</rw-visits>
<rw-visits order="247">23</rw-visits>
<rw-visits order="253">23</rw-visits>
<rw-visits order="259">22</rw-visits>
<rw-visits order="265">21</rw-visits>
<rw-visits order="271">19</rw-visits>
<rw-visits order="277">18</rw-visits>
<rw-visits order="283">17</rw-visits>
<rw-visits order="289">16</rw-visits>
<rw-visits order="295">16</rw-visits>
<rw-visits order="301">15</rw-visits>
<rw-visits order="307">15</rw-visits>
<rw-visits order="313">14</rw-visits>
<rw-visits order="319">14</rw-visits>
<rw-visits order="325">13</rw-visits>
<rw-visits order="331">13</rw-visits>
<rw-visits order="337">13</rw-visits>
<rw-visits order="343">12</rw-visits>
<rw-visits order="349">11</rw-visits>
<rw-visits order="355">11</rw-visits>
<rw-visits order="361">10</rw-visits>
<rw-visits order="367">10</rw-visits>
<rw-visits order="373">10</rw-visits>
<rw-visits order="379">9</rw-visits>
<rw-visits order="385">9</rw-visits>
<rw-visits order="391">9</rw-visits>
<rw-visits order="397">9</rw-visits>
<rw-visits order="403">8</rw-visits>
<rw-visits order="409">8</rw-visits>
<rw-visits order="415">8</rw-visits>
<rw-visits order="421">8</rw-visits>
<rw-visits order="427">7</rw-visits>
<rw-visits order="433">7</rw-visits>
<rw-visits order="439">7</rw-visits>
<rw-visits order="445">7</rw-visits>
<rw-visits order="451">7</rw-visits>
<rw-visits order="457">7</rw-visits>
<rw-visits order="463">6</rw-visits>
<rw-visits order="469">6</rw-visits>
<rw-visits order="475">6</rw-visits>
<rw-visits order="481">6</rw-visits>
<rw-visits order="487">6</rw-visits>
<rw-visits order="493">6</rw-visits>
<rw-visits order="499">6</rw-visits>
<rw-visits order="505">6</rw-visits>
<rw-visits order="511">5</rw-visits>
<rw-visits order="517">5</rw-visits>
<rw-visits order="523">5</rw-visits>
<rw-visits order="529">5</rw-visits>
<rw-visits order="535">5</rw-visits>
<rw-visits order="541">5</rw-visits>
<rw-visits order="547">5</rw-visits>
<rw-visits order="553">5</rw-visits>
<rw-visits order="559">5</rw-visits>
<rw-visits order="565">4</rw-visits>
<rw-visits order="571">4</rw-visits>
<rw-visits order="577">4</rw-visits>
<rw-visits order="583">4</rw-visits>
<rw-visits order="589">4</rw-visits>
<rw-visits order="595">4</rw-visits>
<rw-visits order="601">4</rw-visits>
<rw-visits order="607">4</rw-visits>
<rw-visits order="613">4</rw-visits>
<rw-visits order="619">3</rw-visits>
<rw-visits order="625">3</rw-visits>
<rw-visits order="631">3</rw-visits>
<rw-visits order="637">3</rw-visits>
<rw-visits order="643">3</rw-visits>
<rw-visits order="649">3</rw-visits>
<rw-visits order="655">3</rw-visits>
<rw-visits order="661">3</rw-visits>
<rw-visits order="667">3</rw-visits>
<rw-visits order="673">3</rw-visits>
<rw-visits order="679">3</rw-visits>
<rw-visits order="685">3</rw-visits>
<rw-visits order="691">3</rw-visits>
<rw-visits order="697">3</rw-visits>
<rw-visits order="703">3</rw-visits>
<rw-visits order="709">3</rw-visits>
<rw-visits order="715">2</rw-visits>
<rw-visits order="721">2</rw-visits>
<rw-visits order="727">2</rw-visits>
<rw-visits order="733">2</rw-visits>
<rw-visits order="739">2</rw-visits>
<rw-visits order="745">2</rw-visits>
<rw-visits order="751">2</rw-visits>
<rw-visits order="757">2</rw-visits>
<rw-visits order="763">2</rw-visits>
<rw-visits order="769">2</rw-visits>
<rw-visits order="775">2</rw-visits>
<rw-visits order="781">2</rw-visits>
<rw-visits order="787">2</rw-visits>
<rw-visits order="793">2</rw-visits>
<rw-visits order="799">2</rw-visits>
<rw-visits order="805">2</rw-visits>
<rw-visits order="811">2</rw-visits>
<rw-visits order="817">2</rw-visits>
<rw-visits order="823">2</rw-visits>
<rw-visits order="829">2</rw-visits>
<rw-visits order="835">2</rw-visits>
<rw-visits order="841">2</rw-visits>
<rw-visits order="847">2</rw-visits>
<rw-visits order="853">2</rw-visits>
<rw-visits order="859">2</rw-visits>
<rw-visits order="865">2</rw-visits>
<rw-visits order="871">2</rw-visits>
<rw-visits order="877">2</rw-visits>
<rw-visits order="883">2</rw-visits>
<rw-visits order="889">2</rw-visits>
<rw-visits order="895">1</rw-visits>
<rw-visits order="901">1</rw-visits>
<rw-visits order="907">1</rw-visits>
<rw-visits order="913">1</rw-visits>
<rw-visits order="919">1</rw-visits>
<rw-visits order="925">1</rw-visits>
<rw-visits order="931">1</rw-visits>
<rw-visits order="937">1</rw-visits>
<rw-visits order="943">1</rw-visits>
<rw-visits order="949">1</rw-visits>
<rw-visits order="955">1</rw-visits>
<rw-visits order="961">1</rw-visits>
<rw-visits order="967">1</rw-visits>
<rw-visits order="973">1</rw-visits>
<rw-visits order="979">1</rw-visits>
<rw-visits order="985">1</rw-visits>
<rw-visits order="991">1</rw-visits>
<rw-visits order="997">1</rw-visits>
<rw-visits order="1003">1</rw-visits>
<rw-visits order="1009">1</rw-visits>
<rw-visits order="1015">1</rw-visits>
<rw-visits order="1021">1</rw-visits>
<rw-visits order="1027">1</rw-visits>
<rw-visits order="1033">1</rw-visits>
<rw-visits order="1039">1</rw-visits>
<rw-visits order="1045">1</rw-visits>
<rw-visits order="1051">1</rw-visits>
<rw-visits order="1057">1</rw-visits>
<rw-visits order="1063">1</rw-visits>
<rw-visits order="1069">1</rw-visits>
<rw-visits order="1075">1</rw-visits>
<rw-visits order="1081">1</rw-visits>
<rw-visits order="1087">1</rw-visits>
<rw-visits order="1093">1</rw-visits>
<rw-visits order="1099">1</rw-visits>
<rw-visits order="1105">1</rw-visits>
<rw-visits order="1111">1</rw-visits>
<rw-visits order="1117">1</rw-visits>
<rw-visits order="1123">1</rw-visits>
<rw-visits order="1129">1</rw-visits>
<rw-visits order="1135">1</rw-visits>
<rw-visits order="1141">1</rw-visits>
<rw-visits order="1147">1</rw-visits>
<rw-visits order="1153">1</rw-visits>
<rw-visits order="1159">1</rw-visits>
<rw-visits order="1165">1</rw-visits>
<rw-visits order="1171">1</rw-visits>
<rw-visits order="1177">1</rw-visits>
<rw-visits order="1183">1</rw-visits>
<rw-visits order="1189">1</rw-visits>
<rw-visits order="1195">1</rw-visits>
<rw-visits order="1201">1</rw-visits>
<rw-visits order="1207">1</rw-visits>
<rw-visits order="1213">1</rw-visits>
<rw-visits order="1219">1</rw-visits>
<rw-visits order="1225">1</rw-visits>
<rw-visits order="1231">1</rw-visits>
<rw-visits order="1237">1</rw-visits>
<rw-visits order="1243">1</rw-visits>
<rw-visits order="1249">1</rw-visits>
<rw-visits order="1255">1</rw-visits>
<rw-visits order="1261">1</rw-visits>
<rw-visits order="1267">1</rw-visits>
<final-coverage>6.99085</final-coverage>
</rw-info>
<local-info>
<diamonds>73.8064</diamonds>
<neighborhood k="4">31</neighborhood>
<clustering k="4">1.43922</clustering>
</local-info>
<label-info>
<edge-label id="0.10">308</edge-label>
<edge-label id="0.12+2.2">251</edge-label>
<edge-label id="0.13+2.1">251</edge-label>
<edge-label id="0.14+2.0">770</edge-label>
<edge-label id="0.16+2.1">770</edge-label>
<edge-label id="0.18+2.2">770</edge-label>
<edge-label id="0.20+2.0">2713</edge-label>
<edge-label id="0.24+2.1">2700</edge-label>
<edge-label id="0.25">276</edge-label>
<edge-label id="0.3+2.0">812</edge-label>
<edge-label id="0.4+2.0">148</edge-label>
<edge-label id="0.5">780</edge-label>
<edge-label id="1.11">264</edge-label>
<edge-label id="1.13+3.2">224</edge-label>
<edge-label id="1.14+3.1">224</edge-label>
<edge-label id="1.15+3.0">560</edge-label>
<edge-label id="1.17+3.1">560</edge-label>
<edge-label id="1.19+3.2">560</edge-label>
<edge-label id="1.21+3.0">3455</edge-label>
<edge-label id="1.23+3.1">3455</edge-label>
<edge-label id="1.25+3.1">2364</edge-label>
<edge-label id="1.26">276</edge-label>
<edge-label id="1.28">780</edge-label>
<edge-label id="1.3+3.0">754</edge-label>
<edge-label id="1.4+3.1">754</edge-label>
<edge-label id="1.5+3.0">160</edge-label>
<edge-label id="1.6">732</edge-label>
<edge-label id="2.3+1.0">30</edge-label>
<edge-label id="2.3+1.10">192</edge-label>
<edge-label id="2.3+1.16">60</edge-label>
<edge-label id="2.3+1.22">188</edge-label>
<edge-label id="2.4+1.18">660</edge-label>
<edge-label id="2.4+1.2">216</edge-label>
<edge-label id="2.4+1.24">2899</edge-label>
<edge-label id="2.4+1.8">2626</edge-label>
<edge-label id="2.5+1.1">504</edge-label>
<edge-label id="2.5+1.27">1300</edge-label>
<edge-label id="2.5+1.9">1230</edge-label>
<edge-label id="3.3+0.0">30</edge-label>
<edge-label id="3.3+0.15">68</edge-label>
<edge-label id="3.3+0.21">144</edge-label>
<edge-label id="3.3+0.9">274</edge-label>
<edge-label id="3.4+0.17">872</edge-label>
<edge-label id="3.4+0.2">286</edge-label>
<edge-label id="3.4+0.23">3016</edge-label>
<edge-label id="3.4+0.8">3222</edge-label>
<edge-label id="3.5+0.1">504</edge-label>
<edge-label id="3.5+0.22">520</edge-label>
<edge-label id="3.5+0.7">1024</edge-label>
<state-labels procid="0">
<label id="[]">18138</label>
</state-labels><state-labels procid="1">
<label id="[0,-1,0]">86</label>
<label id="[0,-1,1]">50</label>
<label id="[0,-1,2]">50</label>
<label id="[0,-1,3]">50</label>
<label id="[0,0,1]">195</label>
<label id="[0,1,2]">195</label>
<label id="[0,2,3]">195</label>
<label id="[0,3,0]">195</label>
<label id="[1,-1,0]">4</label>
<label id="[1,-1,1]">2</label>
<label id="[1,-1,2]">2</label>
<label id="[1,-1,3]">2</label>
<label id="[1,0,0]">73</label>
<label id="[1,0,1]">5</label>
<label id="[1,1,1]">45</label>
<label id="[1,1,2]">5</label>
<label id="[1,2,2]">45</label>
<label id="[1,2,3]">5</label>
<label id="[1,3,0]">5</label>
<label id="[1,3,3]">45</label>
<label id="[2,-1,0]">152</label>
<label id="[2,-1,1]">78</label>
<label id="[2,-1,2]">78</label>
<label id="[2,-1,3]">78</label>
<label id="[2,0,0]">1075</label>
<label id="[2,0,1]">213</label>
<label id="[2,1,1]">913</label>
<label id="[2,1,2]">213</label>
<label id="[2,2,2]">913</label>
<label id="[2,2,3]">213</label>
<label id="[2,3,0]">213</label>
<label id="[2,3,3]">913</label>
<label id="[3,0,0]">96</label>
<label id="[3,1,1]">69</label>
<label id="[3,2,2]">69</label>
<label id="[3,3,3]">69</label>
<label id="[4,0,0]">330</label>
<label id="[4,1,1]">258</label>
<label id="[4,2,2]">258</label>
<label id="[4,3,3]">258</label>
<label id="[5,0,0]">1155</label>
<label id="[5,1,1]">974</label>
<label id="[5,2,2]">974</label>
<label id="[5,3,3]">974</label>
<label id="[6,0,1]">195</label>
<label id="[6,1,2]">195</label>
<label id="[6,2,3]">195</label>
<label id="[6,3,0]">195</label>
<label id="[7,0,0]">1112</label>
<label id="[7,0,1]">69</label>
<label id="[7,1,1]">932</label>
<label id="[7,1,2]">69</label>
<label id="[7,2,2]">932</label>
<label id="[7,2,3]">69</label>
<label id="[7,3,0]">69</label>
<label id="[7,3,3]">932</label>
<label id="[8,0,0]">323</label>
<label id="[8,1,1]">251</label>
<label id="[8,2,2]">251</label>
<label id="[8,3,3]">251</label>
<label id="[9,-1,0]">36</label>
<label id="[9,0,1]">68</label>
<label id="[9,1,2]">68</label>
<label id="[9,2,3]">68</label>
<label id="[9,3,0]">68</label>
</state-labels><state-labels procid="2">
<label id="[0,0,0]">237</label>
<label id="[0,0,1]">48</label>
<label id="[0,0,2]">48</label>
<label id="[0,0,3]">42</label>
<label id="[0,1,1]">195</label>
<label id="[0,2,2]">195</label>
<label id="[0,3,3]">195</label>
<label id="[1,0,0]">15</label>
<label id="[1,0,1]">15</label>
<label id="[1,0,2]">15</label>
<label id="[1,0,3]">55</label>
<label id="[1,1,0]">45</label>
<label id="[1,1,1]">5</label>
<label id="[1,2,1]">45</label>
<label id="[1,2,2]">5</label>
<label id="[1,3,2]">45</label>
<label id="[1,3,3]">5</label>
<label id="[11,0,0]">195</label>
<label id="[11,1,1]">195</label>
<label id="[11,2,2]">195</label>
<label id="[11,3,3]">195</label>
<label id="[2,0,0]">264</label>
<label id="[2,0,1]">260</label>
<label id="[2,0,2]">260</label>
<label id="[2,0,3]">854</label>
<label id="[2,1,0]">793</label>
<label id="[2,1,1]">199</label>
<label id="[2,2,1]">793</label>
<label id="[2,2,2]">199</label>
<label id="[2,3,2]">793</label>
<label id="[2,3,3]">199</label>
<label id="[3,0,3]">69</label>
<label id="[3,1,0]">69</label>
<label id="[3,2,1]">69</label>
<label id="[3,3,2]">69</label>
<label id="[4,0,3]">210</label>
<label id="[4,1,0]">210</label>
<label id="[4,2,1]">210</label>
<label id="[4,3,2]">210</label>
<label id="[5,0,0]">263</label>
<label id="[5,0,1]">263</label>
<label id="[5,0,2]">263</label>
<label id="[5,0,3]">938</label>
<label id="[5,1,0]">879</label>
<label id="[5,1,1]">198</label>
<label id="[5,2,1]">879</label>
<label id="[5,2,2]">198</label>
<label id="[5,3,2]">879</label>
<label id="[5,3,3]">198</label>
<label id="[6,0,0]">183</label>
<label id="[6,1,1]">183</label>
<label id="[6,2,2]">183</label>
<label id="[6,3,3]">183</label>
<label id="[7,0,0]">69</label>
<label id="[7,0,3]">843</label>
<label id="[7,1,0]">843</label>
<label id="[7,1,1]">69</label>
<label id="[7,2,1]">843</label>
<label id="[7,2,2]">69</label>
<label id="[7,3,2]">843</label>
<label id="[7,3,3]">69</label>
<label id="[8,0,3]">204</label>
<label id="[8,1,0]">204</label>
<label id="[8,2,1]">204</label>
<label id="[8,3,2]">204</label>
<label id="[9,0,0]">66</label>
<label id="[9,1,1]">66</label>
<label id="[9,2,2]">66</label>
<label id="[9,3,3]">66</label>
</state-labels><state-labels procid="3">
<label id="[0,{0|0|0|0},0,0]">571</label>
<label id="[0,{0|0|0|0},0,1]">602</label>
<label id="[0,{0|0|0|0},0,2]">602</label>
<label id="[0,{0|0|0|0},0,3]">562</label>
<label id="[0,{0|0|0|0},1,0]">179</label>
<label id="[0,{0|0|0|0},1,1]">190</label>
<label id="[0,{0|0|0|0},1,2]">190</label>
<label id="[0,{0|0|0|0},1,3]">179</label>
<label id="[0,{0|0|0|0},2,0]">3</label>
<label id="[0,{0|0|0|0},2,1]">5</label>
<label id="[0,{0|0|0|0},2,2]">5</label>
<label id="[0,{0|0|0|0},2,3]">3</label>
<label id="[0,{11|0|0|0},1,1]">382</label>
<label id="[0,{11|0|0|0},2,1]">174</label>
<label id="[0,{11|0|0|0},3,1]">3</label>
<label id="[0,{11|11|0|0},2,1]">383</label>
<label id="[0,{11|11|0|0},3,1]">174</label>
<label id="[0,{11|11|0|0},4,1]">3</label>
<label id="[0,{11|11|11|0},3,1]">381</label>
<label id="[0,{11|11|11|0},4,1]">174</label>
<label id="[0,{11|11|11|11},4,1]">344</label>
<label id="[0,{11|11|11|19},4,2]">28</label>
<label id="[0,{11|11|11|20},4,2]">28</label>
<label id="[0,{11|11|19|0},3,2]">29</label>
<label id="[0,{11|11|19|0},4,2]">15</label>
<label id="[0,{11|11|19|19},4,2]">28</label>
<label id="[0,{11|11|20|0},3,2]">29</label>
<label id="[0,{11|11|20|0},4,2]">15</label>
<label id="[0,{11|11|20|19},4,2]">28</label>
<label id="[0,{11|11|20|20},4,2]">28</label>
<label id="[0,{11|19|0|0},2,2]">29</label>
<label id="[0,{11|19|0|0},3,2]">15</label>
<label id="[0,{11|19|0|0},4,2]">1</label>
<label id="[0,{11|19|19|0},3,2]">29</label>
<label id="[0,{11|19|19|0},4,2]">15</label>
<label id="[0,{11|19|19|19},4,2]">28</label>
<label id="[0,{11|20|0|0},2,2]">29</label>
<label id="[0,{11|20|0|0},3,2]">15</label>
<label id="[0,{11|20|0|0},4,2]">1</label>
<label id="[0,{11|20|19|0},3,2]">29</label>
<label id="[0,{11|20|19|0},4,2]">15</label>
<label id="[0,{11|20|19|19},4,2]">28</label>
<label id="[0,{11|20|20|0},3,2]">29</label>
<label id="[0,{11|20|20|0},4,2]">15</label>
<label id="[0,{11|20|20|19},4,2]">28</label>
<label id="[0,{11|20|20|20},4,2]">28</label>
<label id="[0,{12|0|0|0},1,1]">78</label>
<label id="[0,{12|0|0|0},2,1]">40</label>
<label id="[0,{12|0|0|0},3,1]">2</label>
<label id="[0,{12|11|0|0},2,1]">78</label>
<label id="[0,{12|11|0|0},3,1]">40</label>
<label id="[0,{12|11|0|0},4,1]">2</label>
<label id="[0,{12|11|11|0},3,1]">77</label>
<label id="[0,{12|11|11|0},4,1]">40</label>
<label id="[0,{12|11|11|11},4,1]">72</label>
<label id="[0,{12|12|0|0},2,1]">78</label>
<label id="[0,{12|12|0|0},3,1]">40</label>
<label id="[0,{12|12|0|0},4,1]">2</label>
<label id="[0,{12|12|11|0},3,1]">77</label>
<label id="[0,{12|12|11|0},4,1]">40</label>
<label id="[0,{12|12|11|11},4,1]">72</label>
<label id="[0,{12|12|12|0},3,1]">77</label>
<label id="[0,{12|12|12|0},4,1]">40</label>
<label id="[0,{12|12|12|11},4,1]">74</label>
<label id="[0,{12|12|12|12},4,1]">72</label>
<label id="[0,{19|0|0|0},1,2]">382</label>
<label id="[0,{19|0|0|0},2,2]">174</label>
<label id="[0,{19|0|0|0},3,2]">3</label>
<label id="[0,{19|19|0|0},2,2]">383</label>
<label id="[0,{19|19|0|0},3,2]">174</label>
<label id="[0,{19|19|0|0},4,2]">3</label>
<label id="[0,{19|19|19|0},3,2]">381</label>
<label id="[0,{19|19|19|0},4,2]">174</label>
<label id="[0,{19|19|19|19},4,2]">344</label>
<label id="[0,{19|19|19|27},4,3]">28</label>
<label id="[0,{19|19|19|28},4,3]">28</label>
<label id="[0,{19|19|27|0},3,3]">29</label>
<label id="[0,{19|19|27|0},4,3]">15</label>
<label id="[0,{19|19|27|27},4,3]">28</label>
<label id="[0,{19|19|28|0},3,3]">29</label>
<label id="[0,{19|19|28|0},4,3]">15</label>
<label id="[0,{19|19|28|27},4,3]">28</label>
<label id="[0,{19|19|28|28},4,3]">28</label>
<label id="[0,{19|27|0|0},2,3]">29</label>
<label id="[0,{19|27|0|0},3,3]">15</label>
<label id="[0,{19|27|0|0},4,3]">1</label>
<label id="[0,{19|27|27|0},3,3]">29</label>
<label id="[0,{19|27|27|0},4,3]">15</label>
<label id="[0,{19|27|27|27},4,3]">28</label>
<label id="[0,{19|28|0|0},2,3]">29</label>
<label id="[0,{19|28|0|0},3,3]">15</label>
<label id="[0,{19|28|0|0},4,3]">1</label>
<label id="[0,{19|28|27|0},3,3]">29</label>
<label id="[0,{19|28|27|0},4,3]">15</label>
<label id="[0,{19|28|27|27},4,3]">28</label>
<label id="[0,{19|28|28|0},3,3]">29</label>
<label id="[0,{19|28|28|0},4,3]">15</label>
<label id="[0,{19|28|28|27},4,3]">28</label>
<label id="[0,{19|28|28|28},4,3]">28</label>
<label id="[0,{20|0|0|0},1,2]">78</label>
<label id="[0,{20|0|0|0},2,2]">40</label>
<label id="[0,{20|0|0|0},3,2]">2</label>
<label id="[0,{20|19|0|0},2,2]">78</label>
<label id="[0,{20|19|0|0},3,2]">40</label>
<label id="[0,{20|19|0|0},4,2]">2</label>
<label id="[0,{20|19|19|0},3,2]">77</label>
<label id="[0,{20|19|19|0},4,2]">40</label>
<label id="[0,{20|19|19|19},4,2]">72</label>
<label id="[0,{20|20|0|0},2,2]">78</label>
<label id="[0,{20|20|0|0},3,2]">40</label>
<label id="[0,{20|20|0|0},4,2]">2</label>
<label id="[0,{20|20|19|0},3,2]">77</label>
<label id="[0,{20|20|19|0},4,2]">40</label>
<label id="[0,{20|20|19|19},4,2]">72</label>
<label id="[0,{20|20|20|0},3,2]">77</label>
<label id="[0,{20|20|20|0},4,2]">40</label>
<label id="[0,{20|20|20|19},4,2]">74</label>
<label id="[0,{20|20|20|20},4,2]">72</label>
<label id="[0,{27|0|0|0},1,3]">382</label>
<label id="[0,{27|0|0|0},2,3]">174</label>
<label id="[0,{27|0|0|0},3,3]">3</label>
<label id="[0,{27|27|0|0},2,3]">383</label>
<label id="[0,{27|27|0|0},3,3]">174</label>
<label id="[0,{27|27|0|0},4,3]">3</label>
<label id="[0,{27|27|27|0},3,3]">381</label>
<label id="[0,{27|27|27|0},4,3]">174</label>
<label id="[0,{27|27|27|27},4,3]">344</label>
<label id="[0,{27|27|27|3},4,0]">28</label>
<label id="[0,{27|27|27|4},4,0]">28</label>
<label id="[0,{27|27|3|0},3,0]">29</label>
<label id="[0,{27|27|3|0},4,0]">15</label>
<label id="[0,{27|27|3|3},4,0]">28</label>
<label id="[0,{27|27|4|0},3,0]">29</label>
<label id="[0,{27|27|4|0},4,0]">15</label>
<label id="[0,{27|27|4|3},4,0]">28</label>
<label id="[0,{27|27|4|4},4,0]">28</label>
<label id="[0,{27|3|0|0},2,0]">29</label>
<label id="[0,{27|3|0|0},3,0]">15</label>
<label id="[0,{27|3|0|0},4,0]">1</label>
<label id="[0,{27|3|3|0},3,0]">29</label>
<label id="[0,{27|3|3|0},4,0]">15</label>
<label id="[0,{27|3|3|3},4,0]">28</label>
<label id="[0,{27|4|0|0},2,0]">29</label>
<label id="[0,{27|4|0|0},3,0]">15</label>
<label id="[0,{27|4|0|0},4,0]">1</label>
<label id="[0,{27|4|3|0},3,0]">29</label>
<label id="[0,{27|4|3|0},4,0]">15</label>
<label id="[0,{27|4|3|3},4,0]">28</label>
<label id="[0,{27|4|4|0},3,0]">29</label>
<label id="[0,{27|4|4|0},4,0]">15</label>
<label id="[0,{27|4|4|3},4,0]">28</label>
<label id="[0,{27|4|4|4},4,0]">28</label>
<label id="[0,{28|0|0|0},1,3]">78</label>
<label id="[0,{28|0|0|0},2,3]">40</label>
<label id="[0,{28|0|0|0},3,3]">2</label>
<label id="[0,{28|27|0|0},2,3]">78</label>
<label id="[0,{28|27|0|0},3,3]">40</label>
<label id="[0,{28|27|0|0},4,3]">2</label>
<label id="[0,{28|27|27|0},3,3]">77</label>
<label id="[0,{28|27|27|0},4,3]">40</label>
<label id="[0,{28|27|27|27},4,3]">72</label>
<label id="[0,{28|28|0|0},2,3]">78</label>
<label id="[0,{28|28|0|0},3,3]">40</label>
<label id="[0,{28|28|0|0},4,3]">2</label>
<label id="[0,{28|28|27|0},3,3]">77</label>
<label id="[0,{28|28|27|0},4,3]">40</label>
<label id="[0,{28|28|27|27},4,3]">72</label>
<label id="[0,{28|28|28|0},3,3]">77</label>
<label id="[0,{28|28|28|0},4,3]">40</label>
<label id="[0,{28|28|28|27},4,3]">74</label>
<label id="[0,{28|28|28|28},4,3]">72</label>
<label id="[0,{3|0|0|0},1,0]">421</label>
<label id="[0,{3|0|0|0},2,0]">194</label>
<label id="[0,{3|0|0|0},3,0]">5</label>
<label id="[0,{3|11|0|0},2,1]">29</label>
<label id="[0,{3|11|0|0},3,1]">15</label>
<label id="[0,{3|11|0|0},4,1]">1</label>
<label id="[0,{3|11|11|0},3,1]">29</label>
<label id="[0,{3|11|11|0},4,1]">15</label>
<label id="[0,{3|11|11|11},4,1]">28</label>
<label id="[0,{3|12|0|0},2,1]">29</label>
<label id="[0,{3|12|0|0},3,1]">15</label>
<label id="[0,{3|12|0|0},4,1]">1</label>
<label id="[0,{3|12|11|0},3,1]">29</label>
<label id="[0,{3|12|11|0},4,1]">15</label>
<label id="[0,{3|12|11|11},4,1]">28</label>
<label id="[0,{3|12|12|0},3,1]">29</label>
<label id="[0,{3|12|12|0},4,1]">15</label>
<label id="[0,{3|12|12|11},4,1]">28</label>
<label id="[0,{3|12|12|12},4,1]">28</label>
<label id="[0,{3|3|0|0},2,0]">421</label>
<label id="[0,{3|3|0|0},3,0]">194</label>
<label id="[0,{3|3|0|0},4,0]">5</label>
<label id="[0,{3|3|11|0},3,1]">29</label>
<label id="[0,{3|3|11|0},4,1]">15</label>
<label id="[0,{3|3|11|11},4,1]">28</label>
<label id="[0,{3|3|12|0},3,1]">29</label>
<label id="[0,{3|3|12|0},4,1]">15</label>
<label id="[0,{3|3|12|11},4,1]">28</label>
<label id="[0,{3|3|12|12},4,1]">28</label>
<label id="[0,{3|3|3|0},3,0]">419</label>
<label id="[0,{3|3|3|0},4,0]">194</label>
<label id="[0,{3|3|3|11},4,1]">28</label>
<label id="[0,{3|3|3|12},4,1]">28</label>
<label id="[0,{3|3|3|3},4,0]">382</label>
<label id="[0,{4|0|0|0},1,0]">116</label>
<label id="[0,{4|0|0|0},2,0]">60</label>
<label id="[0,{4|0|0|0},3,0]">4</label>
<label id="[0,{4|3|0|0},2,0]">116</label>
<label id="[0,{4|3|0|0},3,0]">60</label>
<label id="[0,{4|3|0|0},4,0]">4</label>
<label id="[0,{4|3|3|0},3,0]">115</label>
<label id="[0,{4|3|3|0},4,0]">60</label>
<label id="[0,{4|3|3|3},4,0]">110</label>
<label id="[0,{4|4|0|0},2,0]">116</label>
<label id="[0,{4|4|0|0},3,0]">60</label>
<label id="[0,{4|4|0|0},4,0]">4</label>
<label id="[0,{4|4|3|0},3,0]">115</label>
<label id="[0,{4|4|3|0},4,0]">60</label>
<label id="[0,{4|4|3|3},4,0]">110</label>
<label id="[0,{4|4|4|0},3,0]">115</label>
<label id="[0,{4|4|4|0},4,0]">60</label>
<label id="[0,{4|4|4|3},4,0]">112</label>
<label id="[0,{4|4|4|4},4,0]">110</label>
</state-labels><state-labels procid="4">
<label id="[0,{0|0|0|0},0,0]">678</label>
<label id="[0,{0|0|0|0},0,1]">528</label>
<label id="[0,{0|0|0|0},0,2]">528</label>
<label id="[0,{0|0|0|0},0,3]">528</label>
<label id="[0,{0|0|0|0},1,0]">242</label>
<label id="[0,{0|0|0|0},1,1]">155</label>
<label id="[0,{0|0|0|0},1,2]">155</label>
<label id="[0,{0|0|0|0},1,3]">155</label>
<label id="[0,{0|0|0|0},2,0]">6</label>
<label id="[0,{0|0|0|0},2,1]">4</label>
<label id="[0,{0|0|0|0},2,2]">4</label>
<label id="[0,{0|0|0|0},2,3]">4</label>
<label id="[0,{0|1|0|0},2,0]">18</label>
<label id="[0,{0|1|0|0},3,0]">18</label>
<label id="[0,{0|1|1|0},3,0]">18</label>
<label id="[0,{0|1|1|0},4,0]">18</label>
<label id="[0,{0|1|1|1},4,0]">18</label>
<label id="[0,{10|0|0|0},1,1]">58</label>
<label id="[0,{10|0|0|0},2,1]">30</label>
<label id="[0,{10|0|0|0},3,1]">2</label>
<label id="[0,{10|0|1|0},3,0]">2</label>
<label id="[0,{10|0|1|0},4,0]">2</label>
<label id="[0,{10|0|1|1},4,0]">2</label>
<label id="[0,{10|10|0|0},2,1]">58</label>
<label id="[0,{10|10|0|0},3,1]">30</label>
<label id="[0,{10|10|0|0},4,1]">2</label>
<label id="[0,{10|10|0|1},4,0]">2</label>
<label id="[0,{10|10|10|0},3,1]">58</label>
<label id="[0,{10|10|10|0},4,1]">30</label>
<label id="[0,{10|10|10|10},4,1]">55</label>
<label id="[0,{10|10|10|9},4,1]">55</label>
<label id="[0,{10|10|9|0},3,1]">58</label>
<label id="[0,{10|10|9|0},4,1]">30</label>
<label id="[0,{10|10|9|9},4,1]">55</label>
<label id="[0,{10|9|0|0},2,1]">58</label>
<label id="[0,{10|9|0|0},3,1]">30</label>
<label id="[0,{10|9|0|0},4,1]">2</label>
<label id="[0,{10|9|0|1},4,0]">2</label>
<label id="[0,{10|9|9|0},3,1]">58</label>
<label id="[0,{10|9|9|0},4,1]">30</label>
<label id="[0,{10|9|9|9},4,1]">55</label>
<label id="[0,{17|0|0|0},1,2]">443</label>
<label id="[0,{17|0|0|0},2,2]">164</label>
<label id="[0,{17|0|0|0},3,2]">3</label>
<label id="[0,{17|0|1|0},3,0]">3</label>
<label id="[0,{17|0|1|0},4,0]">3</label>
<label id="[0,{17|0|1|1},4,0]">3</label>
<label id="[0,{17|17|0|0},2,2]">443</label>
<label id="[0,{17|17|0|0},3,2]">164</label>
<label id="[0,{17|17|0|0},4,2]">3</label>
<label id="[0,{17|17|0|1},4,0]">3</label>
<label id="[0,{17|17|17|0},3,2]">437</label>
<label id="[0,{17|17|17|0},4,2]">164</label>
<label id="[0,{17|17|17|17},4,2]">395</label>
<label id="[0,{17|17|17|25},4,3]">28</label>
<label id="[0,{17|17|17|26},4,3]">28</label>
<label id="[0,{17|17|25|0},3,3]">29</label>
<label id="[0,{17|17|25|0},4,3]">15</label>
<label id="[0,{17|17|25|25},4,3]">28</label>
<label id="[0,{17|17|26|0},3,3]">29</label>
<label id="[0,{17|17|26|0},4,3]">15</label>
<label id="[0,{17|17|26|25},4,3]">28</label>
<label id="[0,{17|17|26|26},4,3]">28</label>
<label id="[0,{17|25|0|0},2,3]">29</label>
<label id="[0,{17|25|0|0},3,3]">15</label>
<label id="[0,{17|25|0|0},4,3]">1</label>
<label id="[0,{17|25|0|1},4,0]">1</label>
<label id="[0,{17|25|25|0},3,3]">29</label>
<label id="[0,{17|25|25|0},4,3]">15</label>
<label id="[0,{17|25|25|25},4,3]">28</label>
<label id="[0,{17|26|0|0},2,3]">29</label>
<label id="[0,{17|26|0|0},3,3]">15</label>
<label id="[0,{17|26|0|0},4,3]">1</label>
<label id="[0,{17|26|0|1},4,0]">1</label>
<label id="[0,{17|26|25|0},3,3]">29</label>
<label id="[0,{17|26|25|0},4,3]">15</label>
<label id="[0,{17|26|25|25},4,3]">28</label>
<label id="[0,{17|26|26|0},3,3]">29</label>
<label id="[0,{17|26|26|0},4,3]">15</label>
<label id="[0,{17|26|26|25},4,3]">28</label>
<label id="[0,{17|26|26|26},4,3]">28</label>
<label id="[0,{18|0|0|0},1,2]">58</label>
<label id="[0,{18|0|0|0},2,2]">30</label>
<label id="[0,{18|0|0|0},3,2]">2</label>
<label id="[0,{18|0|1|0},3,0]">2</label>
<label id="[0,{18|0|1|0},4,0]">2</label>
<label id="[0,{18|0|1|1},4,0]">2</label>
<label id="[0,{18|17|0|0},2,2]">58</label>
<label id="[0,{18|17|0|0},3,2]">30</label>
<label id="[0,{18|17|0|0},4,2]">2</label>
<label id="[0,{18|17|0|1},4,0]">2</label>
<label id="[0,{18|17|17|0},3,2]">58</label>
<label id="[0,{18|17|17|0},4,2]">30</label>
<label id="[0,{18|17|17|17},4,2]">55</label>
<label id="[0,{18|18|0|0},2,2]">58</label>
<label id="[0,{18|18|0|0},3,2]">30</label>
<label id="[0,{18|18|0|0},4,2]">2</label>
<label id="[0,{18|18|0|1},4,0]">2</label>
<label id="[0,{18|18|17|0},3,2]">58</label>
<label id="[0,{18|18|17|0},4,2]">30</label>
<label id="[0,{18|18|17|17},4,2]">55</label>
<label id="[0,{18|18|18|0},3,2]">58</label>
<label id="[0,{18|18|18|0},4,2]">30</label>
<label id="[0,{18|18|18|17},4,2]">55</label>
<label id="[0,{18|18|18|18},4,2]">55</label>
<label id="[0,{1|0|0|0},1,0]">554</label>
<label id="[0,{1|0|0|0},2,0]">275</label>
<label id="[0,{1|0|0|0},3,0]">13</label>
<label id="[0,{1|0|1|0},3,0]">13</label>
<label id="[0,{1|0|1|0},4,0]">13</label>
<label id="[0,{1|0|1|1},4,0]">13</label>
<label id="[0,{1|10|0|0},2,1]">29</label>
<label id="[0,{1|10|0|0},3,1]">15</label>
<label id="[0,{1|10|0|0},4,1]">1</label>
<label id="[0,{1|10|0|1},4,0]">1</label>
<label id="[0,{1|10|10|0},3,1]">29</label>
<label id="[0,{1|10|10|0},4,1]">15</label>
<label id="[0,{1|10|10|10},4,1]">28</label>
<label id="[0,{1|10|10|9},4,1]">28</label>
<label id="[0,{1|10|9|0},3,1]">29</label>
<label id="[0,{1|10|9|0},4,1]">15</label>
<label id="[0,{1|10|9|9},4,1]">28</label>
<label id="[0,{1|1|0|0},2,0]">554</label>
<label id="[0,{1|1|0|0},3,0]">275</label>
<label id="[0,{1|1|0|0},4,0]">13</label>
<label id="[0,{1|1|0|1},4,0]">13</label>
<label id="[0,{1|1|10|0},3,1]">29</label>
<label id="[0,{1|1|10|0},4,1]">15</label>
<label id="[0,{1|1|10|10},4,1]">28</label>
<label id="[0,{1|1|10|9},4,1]">28</label>
<label id="[0,{1|1|1|0},3,0]">548</label>
<label id="[0,{1|1|1|0},4,0]">275</label>
<label id="[0,{1|1|1|10},4,1]">28</label>
<label id="[0,{1|1|1|1},4,0]">506</label>
<label id="[0,{1|1|1|9},4,1]">28</label>
<label id="[0,{1|1|9|0},3,1]">29</label>
<label id="[0,{1|1|9|0},4,1]">15</label>
<label id="[0,{1|1|9|9},4,1]">28</label>
<label id="[0,{1|9|0|0},2,1]">29</label>
<label id="[0,{1|9|0|0},3,1]">15</label>
<label id="[0,{1|9|0|0},4,1]">1</label>
<label id="[0,{1|9|0|1},4,0]">1</label>
<label id="[0,{1|9|9|0},3,1]">29</label>
<label id="[0,{1|9|9|0},4,1]">15</label>
<label id="[0,{1|9|9|9},4,1]">28</label>
<label id="[0,{25|0|0|0},1,3]">443</label>
<label id="[0,{25|0|0|0},2,3]">164</label>
<label id="[0,{25|0|0|0},3,3]">3</label>
<label id="[0,{25|0|1|0},3,0]">3</label>
<label id="[0,{25|0|1|0},4,0]">3</label>
<label id="[0,{25|0|1|1},4,0]">3</label>
<label id="[0,{25|1|0|0},2,0]">29</label>
<label id="[0,{25|1|0|0},3,0]">15</label>
<label id="[0,{25|1|0|0},4,0]">1</label>
<label id="[0,{25|1|0|1},4,0]">1</label>
<label id="[0,{25|1|1|0},3,0]">29</label>
<label id="[0,{25|1|1|0},4,0]">15</label>
<label id="[0,{25|1|1|1},4,0]">28</label>
<label id="[0,{25|25|0|0},2,3]">443</label>
<label id="[0,{25|25|0|0},3,3]">164</label>
<label id="[0,{25|25|0|0},4,3]">3</label>
<label id="[0,{25|25|0|1},4,0]">3</label>
<label id="[0,{25|25|1|0},3,0]">29</label>
<label id="[0,{25|25|1|0},4,0]">15</label>
<label id="[0,{25|25|1|1},4,0]">28</label>
<label id="[0,{25|25|25|0},3,3]">437</label>
<label id="[0,{25|25|25|0},4,3]">164</label>
<label id="[0,{25|25|25|1},4,0]">28</label>
<label id="[0,{25|25|25|25},4,3]">395</label>
<label id="[0,{25|25|25|2},4,0]">28</label>
<label id="[0,{25|25|2|0},3,0]">29</label>
<label id="[0,{25|25|2|0},4,0]">15</label>
<label id="[0,{25|25|2|1},4,0]">28</label>
<label id="[0,{25|25|2|2},4,0]">28</label>
<label id="[0,{25|2|0|0},2,0]">29</label>
<label id="[0,{25|2|0|0},3,0]">15</label>
<label id="[0,{25|2|0|0},4,0]">1</label>
<label id="[0,{25|2|0|1},4,0]">1</label>
<label id="[0,{25|2|1|0},3,0]">29</label>
<label id="[0,{25|2|1|0},4,0]">15</label>
<label id="[0,{25|2|1|1},4,0]">28</label>
<label id="[0,{25|2|2|0},3,0]">29</label>
<label id="[0,{25|2|2|0},4,0]">15</label>
<label id="[0,{25|2|2|1},4,0]">28</label>
<label id="[0,{25|2|2|2},4,0]">28</label>
<label id="[0,{26|0|0|0},1,3]">58</label>
<label id="[0,{26|0|0|0},2,3]">30</label>
<label id="[0,{26|0|0|0},3,3]">2</label>
<label id="[0,{26|0|1|0},3,0]">2</label>
<label id="[0,{26|0|1|0},4,0]">2</label>
<label id="[0,{26|0|1|1},4,0]">2</label>
<label id="[0,{26|25|0|0},2,3]">58</label>
<label id="[0,{26|25|0|0},3,3]">30</label>
<label id="[0,{26|25|0|0},4,3]">2</label>
<label id="[0,{26|25|0|1},4,0]">2</label>
<label id="[0,{26|25|25|0},3,3]">58</label>
<label id="[0,{26|25|25|0},4,3]">30</label>
<label id="[0,{26|25|25|25},4,3]">55</label>
<label id="[0,{26|26|0|0},2,3]">58</label>
<label id="[0,{26|26|0|0},3,3]">30</label>
<label id="[0,{26|26|0|0},4,3]">2</label>
<label id="[0,{26|26|0|1},4,0]">2</label>
<label id="[0,{26|26|25|0},3,3]">58</label>
<label id="[0,{26|26|25|0},4,3]">30</label>
<label id="[0,{26|26|25|25},4,3]">55</label>
<label id="[0,{26|26|26|0},3,3]">58</label>
<label id="[0,{26|26|26|0},4,3]">30</label>
<label id="[0,{26|26|26|25},4,3]">55</label>
<label id="[0,{26|26|26|26},4,3]">55</label>
<label id="[0,{2|0|0|0},1,0]">58</label>
<label id="[0,{2|0|0|0},2,0]">30</label>
<label id="[0,{2|0|0|0},3,0]">2</label>
<label id="[0,{2|0|1|0},3,0]">2</label>
<label id="[0,{2|0|1|0},4,0]">2</label>
<label id="[0,{2|0|1|1},4,0]">2</label>
<label id="[0,{2|1|0|0},2,0]">58</label>
<label id="[0,{2|1|0|0},3,0]">30</label>
<label id="[0,{2|1|0|0},4,0]">2</label>
<label id="[0,{2|1|0|1},4,0]">2</label>
<label id="[0,{2|1|1|0},3,0]">58</label>
<label id="[0,{2|1|1|0},4,0]">30</label>
<label id="[0,{2|1|1|1},4,0]">55</label>
<label id="[0,{2|2|0|0},2,0]">58</label>
<label id="[0,{2|2|0|0},3,0]">30</label>
<label id="[0,{2|2|0|0},4,0]">2</label>
<label id="[0,{2|2|0|1},4,0]">2</label>
<label id="[0,{2|2|1|0},3,0]">58</label>
<label id="[0,{2|2|1|0},4,0]">30</label>
<label id="[0,{2|2|1|1},4,0]">55</label>
<label id="[0,{2|2|2|0},3,0]">58</label>
<label id="[0,{2|2|2|0},4,0]">30</label>
<label id="[0,{2|2|2|1},4,0]">55</label>
<label id="[0,{2|2|2|2},4,0]">55</label>
<label id="[0,{9|0|0|0},1,1]">443</label>
<label id="[0,{9|0|0|0},2,1]">164</label>
<label id="[0,{9|0|0|0},3,1]">3</label>
<label id="[0,{9|0|1|0},3,0]">3</label>
<label id="[0,{9|0|1|0},4,0]">3</label>
<label id="[0,{9|0|1|1},4,0]">3</label>
<label id="[0,{9|17|0|0},2,2]">29</label>
<label id="[0,{9|17|0|0},3,2]">15</label>
<label id="[0,{9|17|0|0},4,2]">1</label>
<label id="[0,{9|17|0|1},4,0]">1</label>
<label id="[0,{9|17|17|0},3,2]">29</label>
<label id="[0,{9|17|17|0},4,2]">15</label>
<label id="[0,{9|17|17|17},4,2]">28</label>
<label id="[0,{9|18|0|0},2,2]">29</label>
<label id="[0,{9|18|0|0},3,2]">15</label>
<label id="[0,{9|18|0|0},4,2]">1</label>
<label id="[0,{9|18|0|1},4,0]">1</label>
<label id="[0,{9|18|17|0},3,2]">29</label>
<label id="[0,{9|18|17|0},4,2]">15</label>
<label id="[0,{9|18|17|17},4,2]">28</label>
<label id="[0,{9|18|18|0},3,2]">29</label>
<label id="[0,{9|18|18|0},4,2]">15</label>
<label id="[0,{9|18|18|17},4,2]">28</label>
<label id="[0,{9|18|18|18},4,2]">28</label>
<label id="[0,{9|9|0|0},2,1]">443</label>
<label id="[0,{9|9|0|0},3,1]">164</label>
<label id="[0,{9|9|0|0},4,1]">3</label>
<label id="[0,{9|9|0|1},4,0]">3</label>
<label id="[0,{9|9|17|0},3,2]">29</label>
<label id="[0,{9|9|17|0},4,2]">15</label>
<label id="[0,{9|9|17|17},4,2]">28</label>
<label id="[0,{9|9|18|0},3,2]">29</label>
<label id="[0,{9|9|18|0},4,2]">15</label>
<label id="[0,{9|9|18|17},4,2]">28</label>
<label id="[0,{9|9|18|18},4,2]">28</label>
<label id="[0,{9|9|9|0},3,1]">437</label>
<label id="[0,{9|9|9|0},4,1]">164</label>
<label id="[0,{9|9|9|17},4,2]">28</label>
<label id="[0,{9|9|9|18},4,2]">28</label>
<label id="[0,{9|9|9|9},4,1]">395</label>
</state-labels></label-info>
</state-space-info>
