<?xml version="1.0"?>
<!DOCTYPE state-space-info SYSTEM "../../state_space_info.dtd">


<state-space-info>
<states>11339</states>
<edges>26768</edges>
<bfs-info>
 <levels>69</levels>
<max-level>452</max-level>

<back-level-edges>7796</back-level-edges>
<max-back-level-edge>44</max-back-level-edge>
<avg-back-level-edge>5.09094</avg-back-level-edge>
<bfs-levels>
<level id="0"><states>1</states><edges>3</edges></level>
<level id="1"><states>3</states><edges>9</edges></level>
<level id="2"><states>7</states><edges>17</edges></level>
<level id="3"><states>11</states><edges>28</edges></level>
<level id="4"><states>13</states><edges>33</edges></level>
<level id="5"><states>19</states><edges>47</edges></level>
<level id="6"><states>26</states><edges>80</edges></level>
<level id="7"><states>42</states><edges>129</edges></level>
<level id="8"><states>65</states><edges>189</edges></level>
<level id="9"><states>87</states><edges>237</edges></level>
<level id="10"><states>102</states><edges>260</edges></level>
<level id="11"><states>116</states><edges>286</edges></level>
<level id="12"><states>127</states><edges>353</edges></level>
<level id="13"><states>159</states><edges>425</edges></level>
<level id="14"><states>191</states><edges>520</edges></level>
<level id="15"><states>238</states><edges>625</edges></level>
<level id="16"><states>262</states><edges>677</edges></level>
<level id="17"><states>292</states><edges>716</edges></level>
<level id="18"><states>306</states><edges>782</edges></level>
<level id="19"><states>333</states><edges>843</edges></level>
<level id="20"><states>364</states><edges>895</edges></level>
<level id="21"><states>385</states><edges>949</edges></level>
<level id="22"><states>393</states><edges>963</edges></level>
<level id="23"><states>403</states><edges>973</edges></level>
<level id="24"><states>413</states><edges>1027</edges></level>
<level id="25"><states>422</states><edges>1052</edges></level>
<level id="26"><states>441</states><edges>1070</edges></level>
<level id="27"><states>452</states><edges>1089</edges></level>
<level id="28"><states>448</states><edges>1072</edges></level>
<level id="29"><states>446</states><edges>1054</edges></level>
<level id="30"><states>443</states><edges>1083</edges></level>
<level id="31"><states>435</states><edges>1048</edges></level>
<level id="32"><states>416</states><edges>970</edges></level>
<level id="33"><states>389</states><edges>878</edges></level>
<level id="34"><states>346</states><edges>777</edges></level>
<level id="35"><states>312</states><edges>693</edges></level>
<level id="36"><states>298</states><edges>652</edges></level>
<level id="37"><states>265</states><edges>573</edges></level>
<level id="38"><states>239</states><edges>500</edges></level>
<level id="39"><states>207</states><edges>400</edges></level>
<level id="40"><states>167</states><edges>327</edges></level>
<level id="41"><states>146</states><edges>287</edges></level>
<level id="42"><states>131</states><edges>282</edges></level>
<level id="43"><states>124</states><edges>253</edges></level>
<level id="44"><states>110</states><edges>240</edges></level>
<level id="45"><states>105</states><edges>207</edges></level>
<level id="46"><states>85</states><edges>164</edges></level>
<level id="47"><states>75</states><edges>135</edges></level>
<level id="48"><states>63</states><edges>130</edges></level>
<level id="49"><states>63</states><edges>120</edges></level>
<level id="50"><states>57</states><edges>117</edges></level>
<level id="51"><states>54</states><edges>103</edges></level>
<level id="52"><states>42</states><edges>75</edges></level>
<level id="53"><states>34</states><edges>57</edges></level>
<level id="54"><states>27</states><edges>51</edges></level>
<level id="55"><states>25</states><edges>48</edges></level>
<level id="56"><states>24</states><edges>42</edges></level>
<level id="57"><states>18</states><edges>36</edges></level>
<level id="58"><states>17</states><edges>27</edges></level>
<level id="59"><states>13</states><edges>22</edges></level>
<level id="60"><states>11</states><edges>18</edges></level>
<level id="61"><states>7</states><edges>14</edges></level>
<level id="62"><states>7</states><edges>10</edges></level>
<level id="63"><states>3</states><edges>6</edges></level>
<level id="64"><states>3</states><edges>4</edges></level>
<level id="65"><states>4</states><edges>6</edges></level>
<level id="66"><states>4</states><edges>5</edges></level>
<level id="67"><states>1</states><edges>3</edges></level>
<level id="68"><states>2</states><edges>2</edges></level>
</bfs-levels>
<back-level-length id="0">7.36275</back-level-length>
<back-level-length id="1">16.8805</back-level-length>
<back-level-length id="2">6.40072</back-level-length>
<back-level-length id="3">29.6178</back-level-length>
<back-level-length id="4">8.53002</back-level-length>
<back-level-length id="5">12.1088</back-level-length>
<back-level-length id="6">1.20575</back-level-length>
<back-level-length id="7">2.65521</back-level-length>
<back-level-length id="8">2.52694</back-level-length>
<back-level-length id="9">1.11596</back-level-length>
<back-level-length id="10">0.115444</back-level-length>
<back-level-length id="11">1.18009</back-level-length>
<back-level-length id="12">0</back-level-length>
<back-level-length id="13">0.641355</back-level-length>
<back-level-length id="14">1.56491</back-level-length>
<back-level-length id="15">0.384813</back-level-length>
<back-level-length id="16">0.230888</back-level-length>
<back-level-length id="17">0.153925</back-level-length>
<back-level-length id="18">0.590046</back-level-length>
<back-level-length id="19">0.128271</back-level-length>
<back-level-length id="20">1.43663</back-level-length>
<back-level-length id="21">0</back-level-length>
<back-level-length id="22">0.230888</back-level-length>
<back-level-length id="23">1.50077</back-level-length>
<back-level-length id="24">0.641355</back-level-length>
<back-level-length id="25">0.282196</back-level-length>
<back-level-length id="26">0</back-level-length>
<back-level-length id="27">0.731144</back-level-length>
<back-level-length id="28">0.115444</back-level-length>
<back-level-length id="29">0.39764</back-level-length>
<back-level-length id="30">0.0128271</back-level-length>
<back-level-length id="31">0.205233</back-level-length>
<back-level-length id="32">0.0641355</back-level-length>
<back-level-length id="33">0.205233</back-level-length>
<back-level-length id="34">0.0128271</back-level-length>
<back-level-length id="35">0.205233</back-level-length>
<back-level-length id="36">0.102617</back-level-length>
<back-level-length id="37">0.153925</back-level-length>
<back-level-length id="38">0.0256542</back-level-length>
<back-level-length id="39">0.115444</back-level-length>
<back-level-length id="40">0.0641355</back-level-length>
<back-level-length id="41">0.0256542</back-level-length>
<back-level-length id="42">0.0128271</back-level-length>
<back-level-length id="43">0.0256542</back-level-length>
<back-level-length id="44">0.0384813</back-level-length>
</bfs-info>
<degrees>
<avg>2.3607</avg>
<max-in>15</max-in>
<max-out>6</max-out>
<degree id="0"><in>0</in><out>16</out></degree>
<degree id="1"><in>2908</in><out>2540</out></degree>
<degree id="2"><in>4291</in><out>4590</out></degree>
<degree id="3"><in>2651</in><out>2196</out></degree>
<degree id="4"><in>749</in><out>1589</out></degree>
<degree id="5"><in>441</in><out>344</out></degree>
<degree id="6"><in>161</in><out>64</out></degree>
<degree id="7"><in>69</in><out>0</out></degree>
<degree id="8"><in>24</in><out>0</out></degree>
<degree id="9"><in>15</in><out>0</out></degree>
<degree id="10"><in>10</in><out>0</out></degree>
<degree id="11"><in>6</in><out>0</out></degree>
<degree id="12"><in>5</in><out>0</out></degree>
<degree id="13"><in>5</in><out>0</out></degree>
<degree id="14"><in>3</in><out>0</out></degree>
<degree id="15"><in>1</in><out>0</out></degree>
</degrees>
<scc-info>
<count>41</count>
<height>7</height>
<nontrivial-height>1</nontrivial-height>
<trivial>40</trivial>
<terminal>16</terminal>
<largest>11299</largest>
<largest-position> initial </largest-position>
</scc-info>
<dfs-info>
<stack-size id="56">0.20284</stack-size>
<stack-size id="112">0.194021</stack-size>
<stack-size id="168">0.537966</stack-size>
<stack-size id="224">0.617338</stack-size>
<stack-size id="280">0.69671</stack-size>
<stack-size id="336">0.731987</stack-size>
<stack-size id="392">1.00538</stack-size>
<stack-size id="448">0.996561</stack-size>
<stack-size id="504">1.17294</stack-size>
<stack-size id="560">1.35814</stack-size>
<stack-size id="616">1.58744</stack-size>
<stack-size id="672">1.72855</stack-size>
<stack-size id="728">1.86083</stack-size>
<stack-size id="784">1.87847</stack-size>
<stack-size id="840">1.94903</stack-size>
<stack-size id="896">1.91375</stack-size>
<stack-size id="952">1.91375</stack-size>
<stack-size id="1008">1.9843</stack-size>
<stack-size id="1064">1.94903</stack-size>
<stack-size id="1120">1.94903</stack-size>
<stack-size id="1176">2.25769</stack-size>
<stack-size id="1232">2.33707</stack-size>
<stack-size id="1288">2.51345</stack-size>
<stack-size id="1344">2.67219</stack-size>
<stack-size id="1400">2.68101</stack-size>
<stack-size id="1456">2.6281</stack-size>
<stack-size id="1512">2.96322</stack-size>
<stack-size id="1568">3.21898</stack-size>
<stack-size id="1624">3.43064</stack-size>
<stack-size id="1680">3.65112</stack-size>
<stack-size id="1736">3.98624</stack-size>
<stack-size id="1792">4.04798</stack-size>
<stack-size id="1848">4.13617</stack-size>
<stack-size id="1904">4.25082</stack-size>
<stack-size id="1960">4.23318</stack-size>
<stack-size id="2016">4.25963</stack-size>
<stack-size id="2072">4.25082</stack-size>
<stack-size id="2128">4.27727</stack-size>
<stack-size id="2184">4.29491</stack-size>
<stack-size id="2240">4.59476</stack-size>
<stack-size id="2296">4.63004</stack-size>
<stack-size id="2352">4.94753</stack-size>
<stack-size id="2408">5.3973</stack-size>
<stack-size id="2464">5.34439</stack-size>
<stack-size id="2520">5.67069</stack-size>
<stack-size id="2576">5.88235</stack-size>
<stack-size id="2632">6.04992</stack-size>
<stack-size id="2688">6.34095</stack-size>
<stack-size id="2744">6.44678</stack-size>
<stack-size id="2800">6.5967</stack-size>
<stack-size id="2856">6.74663</stack-size>
<stack-size id="2912">6.93183</stack-size>
<stack-size id="2968">7.13467</stack-size>
<stack-size id="3024">7.30223</stack-size>
<stack-size id="3080">7.41688</stack-size>
<stack-size id="3136">7.37278</stack-size>
<stack-size id="3192">7.43452</stack-size>
<stack-size id="3248">7.3816</stack-size>
<stack-size id="3304">7.49625</stack-size>
<stack-size id="3360">7.52271</stack-size>
<stack-size id="3416">7.57562</stack-size>
<stack-size id="3472">7.69909</stack-size>
<stack-size id="3528">7.8402</stack-size>
<stack-size id="3584">7.96367</stack-size>
<stack-size id="3640">8.13123</stack-size>
<stack-size id="3696">8.36053</stack-size>
<stack-size id="3752">8.3958</stack-size>
<stack-size id="3808">8.47517</stack-size>
<stack-size id="3864">8.52809</stack-size>
<stack-size id="3920">8.79266</stack-size>
<stack-size id="3976">8.63392</stack-size>
<stack-size id="4032">8.581</stack-size>
<stack-size id="4088">8.57218</stack-size>
<stack-size id="4144">8.78384</stack-size>
<stack-size id="4200">8.98668</stack-size>
<stack-size id="4256">9.03078</stack-size>
<stack-size id="4312">9.19834</stack-size>
<stack-size id="4368">9.40118</stack-size>
<stack-size id="4424">9.6393</stack-size>
<stack-size id="4480">9.80686</stack-size>
<stack-size id="4536">10.0185</stack-size>
<stack-size id="4592">10.0362</stack-size>
<stack-size id="4648">10.2037</stack-size>
<stack-size id="4704">10.4771</stack-size>
<stack-size id="4760">10.627</stack-size>
<stack-size id="4816">10.6535</stack-size>
<stack-size id="4872">10.7064</stack-size>
<stack-size id="4928">10.971</stack-size>
<stack-size id="4984">10.8563</stack-size>
<stack-size id="5040">10.9093</stack-size>
<stack-size id="5096">11.0945</stack-size>
<stack-size id="5152">11.1474</stack-size>
<stack-size id="5208">11.3414</stack-size>
<stack-size id="5264">11.3414</stack-size>
<stack-size id="5320">11.3237</stack-size>
<stack-size id="5376">11.4208</stack-size>
<stack-size id="5432">11.6765</stack-size>
<stack-size id="5488">12.0116</stack-size>
<stack-size id="5544">12.0557</stack-size>
<stack-size id="5600">12.091</stack-size>
<stack-size id="5656">12.3556</stack-size>
<stack-size id="5712">12.4438</stack-size>
<stack-size id="5768">12.7965</stack-size>
<stack-size id="5824">13.1493</stack-size>
<stack-size id="5880">13.4403</stack-size>
<stack-size id="5936">13.7314</stack-size>
<stack-size id="5992">13.8548</stack-size>
<stack-size id="6048">14.1459</stack-size>
<stack-size id="6104">14.3487</stack-size>
<stack-size id="6160">14.2341</stack-size>
<stack-size id="6216">14.2782</stack-size>
<stack-size id="6272">14.4457</stack-size>
<stack-size id="6328">14.5515</stack-size>
<stack-size id="6384">14.4369</stack-size>
<stack-size id="6440">14.5075</stack-size>
<stack-size id="6496">14.4457</stack-size>
<stack-size id="6552">14.4986</stack-size>
<stack-size id="6608">14.5427</stack-size>
<stack-size id="6664">14.4104</stack-size>
<stack-size id="6720">14.3487</stack-size>
<stack-size id="6776">14.2958</stack-size>
<stack-size id="6832">14.3134</stack-size>
<stack-size id="6888">14.481</stack-size>
<stack-size id="6944">14.6662</stack-size>
<stack-size id="7000">14.4545</stack-size>
<stack-size id="7056">14.4457</stack-size>
<stack-size id="7112">14.481</stack-size>
<stack-size id="7168">14.3928</stack-size>
<stack-size id="7224">14.4722</stack-size>
<stack-size id="7280">14.6045</stack-size>
<stack-size id="7336">14.9396</stack-size>
<stack-size id="7392">15.0983</stack-size>
<stack-size id="7448">15.2483</stack-size>
<stack-size id="7504">15.2306</stack-size>
<stack-size id="7560">15.1777</stack-size>
<stack-size id="7616">15.3188</stack-size>
<stack-size id="7672">15.2042</stack-size>
<stack-size id="7728">15.3453</stack-size>
<stack-size id="7784">15.4246</stack-size>
<stack-size id="7840">15.0101</stack-size>
<stack-size id="7896">14.9925</stack-size>
<stack-size id="7952">14.966</stack-size>
<stack-size id="8008">14.9925</stack-size>
<stack-size id="8064">14.9396</stack-size>
<stack-size id="8120">14.966</stack-size>
<stack-size id="8176">14.9131</stack-size>
<stack-size id="8232">14.9308</stack-size>
<stack-size id="8288">15.116</stack-size>
<stack-size id="8344">14.9925</stack-size>
<stack-size id="8400">15.1424</stack-size>
<stack-size id="8456">15.1953</stack-size>
<stack-size id="8512">14.8602</stack-size>
<stack-size id="8568">14.8073</stack-size>
<stack-size id="8624">14.8073</stack-size>
<stack-size id="8680">14.8426</stack-size>
<stack-size id="8736">14.8426</stack-size>
<stack-size id="8792">14.8426</stack-size>
<stack-size id="8848">14.7279</stack-size>
<stack-size id="8904">14.7808</stack-size>
<stack-size id="8960">14.7456</stack-size>
<stack-size id="9016">14.8955</stack-size>
<stack-size id="9072">14.9837</stack-size>
<stack-size id="9128">15.1953</stack-size>
<stack-size id="9184">14.7279</stack-size>
<stack-size id="9240">14.7015</stack-size>
<stack-size id="9296">14.093</stack-size>
<stack-size id="9352">13.9518</stack-size>
<stack-size id="9408">13.8637</stack-size>
<stack-size id="9464">12.9641</stack-size>
<stack-size id="9520">13.0082</stack-size>
<stack-size id="9576">12.9465</stack-size>
<stack-size id="9632">12.7348</stack-size>
<stack-size id="9688">12.1351</stack-size>
<stack-size id="9744">12.0557</stack-size>
<stack-size id="9800">12.1351</stack-size>
<stack-size id="9856">11.6853</stack-size>
<stack-size id="9912">11.359</stack-size>
<stack-size id="9968">11.359</stack-size>
<stack-size id="10024">11.0415</stack-size>
<stack-size id="10080">10.9181</stack-size>
<stack-size id="10136">10.874</stack-size>
<stack-size id="10192">10.2655</stack-size>
<stack-size id="10248">10.0626</stack-size>
<stack-size id="10304">10.0538</stack-size>
<stack-size id="10360">9.52465</stack-size>
<stack-size id="10416">8.92495</stack-size>
<stack-size id="10472">7.76083</stack-size>
<stack-size id="10528">6.68489</stack-size>
<stack-size id="10584">6.69371</stack-size>
<stack-size id="10640">6.40268</stack-size>
<stack-size id="10696">6.25276</stack-size>
<stack-size id="10752">5.47667</stack-size>
<stack-size id="10808">4.87697</stack-size>
<stack-size id="10864">4.26845</stack-size>
<stack-size id="10920">3.06023</stack-size>
<stack-size id="10976">2.89267</stack-size>
<stack-size id="11032">2.53991</stack-size>
<stack-size id="11088">2.09895</stack-size>
<stack-size id="11144">1.87847</stack-size>
<stack-size id="11200">1.57862</stack-size>
<stack-size id="11256">1.34051</stack-size>
<stack-size id="11312">0.837816</stack-size>
<max-stack>1761</max-stack>
<front-edges>11338</front-edges>
<back-edges>2060</back-edges>
<cross-edges>13370</cross-edges>
<shortest-cycle>2</shortest-cycle>
</dfs-info>
<rw-info>
<coverage step="1120">1.34051</coverage>
<coverage step="2240">1.5698</coverage>
<coverage step="3360">1.94903</coverage>
<coverage step="4480">2.59282</coverage>
<coverage step="5600">2.83094</coverage>
<coverage step="6720">2.86621</coverage>
<coverage step="7840">2.98086</coverage>
<coverage step="8960">3.06023</coverage>
<coverage step="10080">3.38654</coverage>
<coverage step="11200">3.51883</coverage>
<coverage step="12320">3.51883</coverage>
<coverage step="13440">3.74813</coverage>
<coverage step="14560">3.8275</coverage>
<coverage step="15680">4.29491</coverage>
<coverage step="16800">4.33901</coverage>
<coverage step="17920">4.64768</coverage>
<coverage step="19040">4.72705</coverage>
<coverage step="20160">4.92107</coverage>
<coverage step="21280">4.96516</coverage>
<coverage step="22400">5.30911</coverage>
<coverage step="23520">5.46785</coverage>
<coverage step="24640">5.53841</coverage>
<coverage step="25760">5.56486</coverage>
<coverage step="26880">5.95291</coverage>
<coverage step="28000">6.07637</coverage>
<coverage step="29120">6.08519</coverage>
<coverage step="30240">6.10283</coverage>
<coverage step="31360">6.24394</coverage>
<coverage step="32480">6.29685</coverage>
<coverage step="33600">6.38504</coverage>
<coverage step="34720">6.48205</coverage>
<coverage step="35840">6.52615</coverage>
<coverage step="36960">6.57024</coverage>
<coverage step="38080">6.64962</coverage>
<coverage step="39200">6.75545</coverage>
<coverage step="40320">6.7819</coverage>
<coverage step="41440">6.7819</coverage>
<coverage step="42560">6.84364</coverage>
<coverage step="43680">6.86128</coverage>
<coverage step="44800">6.88773</coverage>
<coverage step="45920">6.88773</coverage>
<coverage step="47040">6.89655</coverage>
<coverage step="48160">6.94947</coverage>
<coverage step="49280">6.94947</coverage>
<coverage step="50400">7.00238</coverage>
<coverage step="51520">7.0112</coverage>
<coverage step="52640">7.10821</coverage>
<coverage step="53760">7.31987</coverage>
<coverage step="54880">7.36397</coverage>
<coverage step="56000">7.4257</coverage>
<coverage step="57120">7.54035</coverage>
<coverage step="58240">7.59326</coverage>
<coverage step="59360">7.59326</coverage>
<coverage step="60480">7.64618</coverage>
<coverage step="61600">7.64618</coverage>
<coverage step="62720">7.655</coverage>
<coverage step="63840">7.84902</coverage>
<coverage step="64960">7.85784</coverage>
<coverage step="66080">7.88429</coverage>
<coverage step="67200">8.10477</coverage>
<coverage step="68320">8.12241</coverage>
<coverage step="69440">8.12241</coverage>
<coverage step="70560">8.13123</coverage>
<coverage step="71680">8.13123</coverage>
<coverage step="72800">8.15769</coverage>
<coverage step="73920">8.23706</coverage>
<coverage step="75040">8.24588</coverage>
<coverage step="76160">8.2547</coverage>
<coverage step="77280">8.26352</coverage>
<coverage step="78400">8.28997</coverage>
<coverage step="79520">8.28997</coverage>
<coverage step="80640">8.29879</coverage>
<coverage step="81760">8.29879</coverage>
<coverage step="82880">8.36934</coverage>
<coverage step="84000">8.38698</coverage>
<coverage step="85120">8.40462</coverage>
<coverage step="86240">8.40462</coverage>
<coverage step="87360">8.65156</coverage>
<coverage step="88480">8.66919</coverage>
<coverage step="89600">8.69565</coverage>
<coverage step="90720">8.69565</coverage>
<coverage step="91840">8.75739</coverage>
<coverage step="92960">8.75739</coverage>
<coverage step="94080">8.77502</coverage>
<coverage step="95200">8.79266</coverage>
<coverage step="96320">8.86322</coverage>
<coverage step="97440">8.86322</coverage>
<coverage step="98560">8.87203</coverage>
<coverage step="99680">8.87203</coverage>
<coverage step="100800">8.87203</coverage>
<coverage step="101920">8.89849</coverage>
<coverage step="103040">8.89849</coverage>
<coverage step="104160">8.92495</coverage>
<coverage step="105280">8.92495</coverage>
<coverage step="106400">8.95141</coverage>
<coverage step="107520">8.95141</coverage>
<coverage step="108640">8.95141</coverage>
<coverage step="109760">8.95141</coverage>
<coverage step="110880">8.95141</coverage>
<coverage step="112000">9.03078</coverage>
<coverage step="113120">9.03078</coverage>
<rw-visits order="1">7452</rw-visits>
<rw-visits order="6">5623</rw-visits>
<rw-visits order="11">3239</rw-visits>
<rw-visits order="16">2032</rw-visits>
<rw-visits order="21">1310</rw-visits>
<rw-visits order="26">873</rw-visits>
<rw-visits order="31">802</rw-visits>
<rw-visits order="36">642</rw-visits>
<rw-visits order="41">540</rw-visits>
<rw-visits order="46">441</rw-visits>
<rw-visits order="51">320</rw-visits>
<rw-visits order="56">278</rw-visits>
<rw-visits order="61">239</rw-visits>
<rw-visits order="66">197</rw-visits>
<rw-visits order="71">163</rw-visits>
<rw-visits order="76">131</rw-visits>
<rw-visits order="81">111</rw-visits>
<rw-visits order="86">105</rw-visits>
<rw-visits order="91">96</rw-visits>
<rw-visits order="96">90</rw-visits>
<rw-visits order="101">84</rw-visits>
<rw-visits order="106">77</rw-visits>
<rw-visits order="111">68</rw-visits>
<rw-visits order="116">63</rw-visits>
<rw-visits order="121">51</rw-visits>
<rw-visits order="126">49</rw-visits>
<rw-visits order="131">47</rw-visits>
<rw-visits order="136">44</rw-visits>
<rw-visits order="141">42</rw-visits>
<rw-visits order="146">40</rw-visits>
<rw-visits order="151">37</rw-visits>
<rw-visits order="156">35</rw-visits>
<rw-visits order="161">34</rw-visits>
<rw-visits order="166">33</rw-visits>
<rw-visits order="171">30</rw-visits>
<rw-visits order="176">29</rw-visits>
<rw-visits order="181">28</rw-visits>
<rw-visits order="186">25</rw-visits>
<rw-visits order="191">23</rw-visits>
<rw-visits order="196">22</rw-visits>
<rw-visits order="201">21</rw-visits>
<rw-visits order="206">19</rw-visits>
<rw-visits order="211">19</rw-visits>
<rw-visits order="216">18</rw-visits>
<rw-visits order="221">17</rw-visits>
<rw-visits order="226">17</rw-visits>
<rw-visits order="231">17</rw-visits>
<rw-visits order="236">17</rw-visits>
<rw-visits order="241">17</rw-visits>
<rw-visits order="246">16</rw-visits>
<rw-visits order="251">16</rw-visits>
<rw-visits order="256">15</rw-visits>
<rw-visits order="261">14</rw-visits>
<rw-visits order="266">14</rw-visits>
<rw-visits order="271">13</rw-visits>
<rw-visits order="276">13</rw-visits>
<rw-visits order="281">12</rw-visits>
<rw-visits order="286">12</rw-visits>
<rw-visits order="291">12</rw-visits>
<rw-visits order="296">11</rw-visits>
<rw-visits order="301">11</rw-visits>
<rw-visits order="306">11</rw-visits>
<rw-visits order="311">11</rw-visits>
<rw-visits order="316">10</rw-visits>
<rw-visits order="321">10</rw-visits>
<rw-visits order="326">9</rw-visits>
<rw-visits order="331">9</rw-visits>
<rw-visits order="336">9</rw-visits>
<rw-visits order="341">8</rw-visits>
<rw-visits order="346">8</rw-visits>
<rw-visits order="351">8</rw-visits>
<rw-visits order="356">8</rw-visits>
<rw-visits order="361">7</rw-visits>
<rw-visits order="366">7</rw-visits>
<rw-visits order="371">7</rw-visits>
<rw-visits order="376">7</rw-visits>
<rw-visits order="381">7</rw-visits>
<rw-visits order="386">6</rw-visits>
<rw-visits order="391">6</rw-visits>
<rw-visits order="396">6</rw-visits>
<rw-visits order="401">6</rw-visits>
<rw-visits order="406">6</rw-visits>
<rw-visits order="411">6</rw-visits>
<rw-visits order="416">6</rw-visits>
<rw-visits order="421">5</rw-visits>
<rw-visits order="426">5</rw-visits>
<rw-visits order="431">5</rw-visits>
<rw-visits order="436">5</rw-visits>
<rw-visits order="441">5</rw-visits>
<rw-visits order="446">5</rw-visits>
<rw-visits order="451">5</rw-visits>
<rw-visits order="456">5</rw-visits>
<rw-visits order="461">4</rw-visits>
<rw-visits order="466">4</rw-visits>
<rw-visits order="471">4</rw-visits>
<rw-visits order="476">4</rw-visits>
<rw-visits order="481">4</rw-visits>
<rw-visits order="486">4</rw-visits>
<rw-visits order="491">4</rw-visits>
<rw-visits order="496">4</rw-visits>
<rw-visits order="501">4</rw-visits>
<rw-visits order="506">4</rw-visits>
<rw-visits order="511">4</rw-visits>
<rw-visits order="516">3</rw-visits>
<rw-visits order="521">3</rw-visits>
<rw-visits order="526">3</rw-visits>
<rw-visits order="531">3</rw-visits>
<rw-visits order="536">3</rw-visits>
<rw-visits order="541">3</rw-visits>
<rw-visits order="546">3</rw-visits>
<rw-visits order="551">3</rw-visits>
<rw-visits order="556">3</rw-visits>
<rw-visits order="561">3</rw-visits>
<rw-visits order="566">3</rw-visits>
<rw-visits order="571">3</rw-visits>
<rw-visits order="576">3</rw-visits>
<rw-visits order="581">2</rw-visits>
<rw-visits order="586">2</rw-visits>
<rw-visits order="591">2</rw-visits>
<rw-visits order="596">2</rw-visits>
<rw-visits order="601">2</rw-visits>
<rw-visits order="606">2</rw-visits>
<rw-visits order="611">2</rw-visits>
<rw-visits order="616">2</rw-visits>
<rw-visits order="621">2</rw-visits>
<rw-visits order="626">2</rw-visits>
<rw-visits order="631">2</rw-visits>
<rw-visits order="636">2</rw-visits>
<rw-visits order="641">2</rw-visits>
<rw-visits order="646">2</rw-visits>
<rw-visits order="651">2</rw-visits>
<rw-visits order="656">2</rw-visits>
<rw-visits order="661">2</rw-visits>
<rw-visits order="666">2</rw-visits>
<rw-visits order="671">2</rw-visits>
<rw-visits order="676">2</rw-visits>
<rw-visits order="681">2</rw-visits>
<rw-visits order="686">2</rw-visits>
<rw-visits order="691">2</rw-visits>
<rw-visits order="696">2</rw-visits>
<rw-visits order="701">2</rw-visits>
<rw-visits order="706">1</rw-visits>
<rw-visits order="711">1</rw-visits>
<rw-visits order="716">1</rw-visits>
<rw-visits order="721">1</rw-visits>
<rw-visits order="726">1</rw-visits>
<rw-visits order="731">1</rw-visits>
<rw-visits order="736">1</rw-visits>
<rw-visits order="741">1</rw-visits>
<rw-visits order="746">1</rw-visits>
<rw-visits order="751">1</rw-visits>
<rw-visits order="756">1</rw-visits>
<rw-visits order="761">1</rw-visits>
<rw-visits order="766">1</rw-visits>
<rw-visits order="771">1</rw-visits>
<rw-visits order="776">1</rw-visits>
<rw-visits order="781">1</rw-visits>
<rw-visits order="786">1</rw-visits>
<rw-visits order="791">1</rw-visits>
<rw-visits order="796">1</rw-visits>
<rw-visits order="801">1</rw-visits>
<rw-visits order="806">1</rw-visits>
<rw-visits order="811">1</rw-visits>
<rw-visits order="816">1</rw-visits>
<rw-visits order="821">1</rw-visits>
<rw-visits order="826">1</rw-visits>
<rw-visits order="831">1</rw-visits>
<rw-visits order="836">1</rw-visits>
<rw-visits order="841">1</rw-visits>
<rw-visits order="846">1</rw-visits>
<rw-visits order="851">1</rw-visits>
<rw-visits order="856">1</rw-visits>
<rw-visits order="861">1</rw-visits>
<rw-visits order="866">1</rw-visits>
<rw-visits order="871">1</rw-visits>
<rw-visits order="876">1</rw-visits>
<rw-visits order="881">1</rw-visits>
<rw-visits order="886">1</rw-visits>
<rw-visits order="891">1</rw-visits>
<rw-visits order="896">1</rw-visits>
<rw-visits order="901">1</rw-visits>
<rw-visits order="906">1</rw-visits>
<rw-visits order="911">1</rw-visits>
<rw-visits order="916">1</rw-visits>
<rw-visits order="921">1</rw-visits>
<rw-visits order="926">1</rw-visits>
<rw-visits order="931">1</rw-visits>
<rw-visits order="936">1</rw-visits>
<rw-visits order="941">1</rw-visits>
<rw-visits order="946">1</rw-visits>
<rw-visits order="951">1</rw-visits>
<rw-visits order="956">1</rw-visits>
<rw-visits order="961">1</rw-visits>
<rw-visits order="966">1</rw-visits>
<rw-visits order="971">1</rw-visits>
<rw-visits order="976">1</rw-visits>
<rw-visits order="981">1</rw-visits>
<rw-visits order="986">1</rw-visits>
<rw-visits order="991">1</rw-visits>
<rw-visits order="996">1</rw-visits>
<rw-visits order="1001">1</rw-visits>
<rw-visits order="1006">1</rw-visits>
<rw-visits order="1011">1</rw-visits>
<rw-visits order="1016">1</rw-visits>
<rw-visits order="1021">1</rw-visits>
<final-coverage>9.03078</final-coverage>
</rw-info>
<local-info>
<diamonds>66.7696</diamonds>
<neighborhood k="4">27</neighborhood>
<clustering k="4">1.39884</clustering>
</local-info>
<label-info>
<edge-label id="0.10">28</edge-label>
<edge-label id="0.12+2.2">357</edge-label>
<edge-label id="0.13+2.1">357</edge-label>
<edge-label id="0.14+2.0">560</edge-label>
<edge-label id="0.16+2.1">560</edge-label>
<edge-label id="0.18+2.2">384</edge-label>
<edge-label id="0.20+2.0">1726</edge-label>
<edge-label id="0.24+2.1">1710</edge-label>
<edge-label id="0.25">432</edge-label>
<edge-label id="0.3+2.0">110</edge-label>
<edge-label id="0.4+2.0">72</edge-label>
<edge-label id="1.11">264</edge-label>
<edge-label id="1.13+3.2">176</edge-label>
<edge-label id="1.14+3.1">176</edge-label>
<edge-label id="1.15+3.0">720</edge-label>
<edge-label id="1.17+3.1">720</edge-label>
<edge-label id="1.19+3.2">588</edge-label>
<edge-label id="1.20">172</edge-label>
<edge-label id="1.21+3.0">1521</edge-label>
<edge-label id="1.23+3.1">1521</edge-label>
<edge-label id="1.25+3.1">928</edge-label>
<edge-label id="1.26">296</edge-label>
<edge-label id="1.28">512</edge-label>
<edge-label id="1.3+3.0">424</edge-label>
<edge-label id="1.4+3.1">424</edge-label>
<edge-label id="1.5+3.0">106</edge-label>
<edge-label id="1.6">364</edge-label>
<edge-label id="2.3+1.0">38</edge-label>
<edge-label id="2.3+1.10">138</edge-label>
<edge-label id="2.3+1.16">60</edge-label>
<edge-label id="2.3+1.22">134</edge-label>
<edge-label id="2.4+1.18">796</edge-label>
<edge-label id="2.4+1.2">212</edge-label>
<edge-label id="2.4+1.24">1488</edge-label>
<edge-label id="2.4+1.8">1292</edge-label>
<edge-label id="2.5+1.1">228</edge-label>
<edge-label id="2.5+1.27">684</edge-label>
<edge-label id="2.5+1.9">634</edge-label>
<edge-label id="3.3+0.0">10</edge-label>
<edge-label id="3.3+0.15">46</edge-label>
<edge-label id="3.3+0.21">80</edge-label>
<edge-label id="3.3+0.9">174</edge-label>
<edge-label id="3.4+0.17">442</edge-label>
<edge-label id="3.4+0.2">50</edge-label>
<edge-label id="3.4+0.23">1252</edge-label>
<edge-label id="3.4+0.8">1338</edge-label>
<edge-label id="3.5+0.22">1244</edge-label>
<edge-label id="3.5+0.7">1220</edge-label>
<state-labels procid="0">
<label id="[]">11339</label>
</state-labels><state-labels procid="1">
<label id="[0,-1,0]">56</label>
<label id="[0,-1,1]">32</label>
<label id="[0,-1,2]">32</label>
<label id="[0,-1,3]">32</label>
<label id="[1,-1,0]">4</label>
<label id="[1,-1,1]">2</label>
<label id="[1,-1,2]">2</label>
<label id="[1,-1,3]">2</label>
<label id="[1,0,0]">44</label>
<label id="[1,1,1]">26</label>
<label id="[1,2,2]">26</label>
<label id="[1,3,3]">26</label>
<label id="[2,-1,0]">97</label>
<label id="[2,-1,1]">49</label>
<label id="[2,-1,2]">49</label>
<label id="[2,-1,3]">49</label>
<label id="[2,0,0]">668</label>
<label id="[2,0,1]">104</label>
<label id="[2,1,1]">598</label>
<label id="[2,1,2]">104</label>
<label id="[2,2,2]">598</label>
<label id="[2,2,3]">104</label>
<label id="[2,3,0]">104</label>
<label id="[2,3,3]">598</label>
<label id="[3,0,0]">129</label>
<label id="[3,1,1]">108</label>
<label id="[3,2,2]">108</label>
<label id="[3,3,3]">108</label>
<label id="[4,0,0]">243</label>
<label id="[4,1,1]">201</label>
<label id="[4,2,2]">201</label>
<label id="[4,3,3]">201</label>
<label id="[5,0,0]">792</label>
<label id="[5,1,1]">708</label>
<label id="[5,2,2]">708</label>
<label id="[5,3,3]">708</label>
<label id="[7,0,0]">733</label>
<label id="[7,0,1]">108</label>
<label id="[7,1,1]">649</label>
<label id="[7,1,2]">108</label>
<label id="[7,2,2]">649</label>
<label id="[7,2,3]">108</label>
<label id="[7,3,0]">108</label>
<label id="[7,3,3]">649</label>
<label id="[8,0,0]">176</label>
<label id="[8,1,1]">134</label>
<label id="[8,2,2]">134</label>
<label id="[8,3,3]">134</label>
<label id="[9,-1,0]">28</label>
</state-labels><state-labels procid="2">
<label id="[0,0,0]">157</label>
<label id="[0,0,1]">34</label>
<label id="[0,0,2]">34</label>
<label id="[0,0,3]">29</label>
<label id="[0,1,1]">128</label>
<label id="[0,2,2]">128</label>
<label id="[0,3,3]">128</label>
<label id="[1,0,0]">18</label>
<label id="[1,0,1]">12</label>
<label id="[1,0,2]">12</label>
<label id="[1,0,3]">36</label>
<label id="[1,1,0]">28</label>
<label id="[1,1,1]">10</label>
<label id="[1,2,1]">28</label>
<label id="[1,2,2]">10</label>
<label id="[1,3,2]">28</label>
<label id="[1,3,3]">10</label>
<label id="[11,0,0]">128</label>
<label id="[11,1,1]">128</label>
<label id="[11,2,2]">128</label>
<label id="[11,3,3]">128</label>
<label id="[2,0,0]">177</label>
<label id="[2,0,1]">137</label>
<label id="[2,0,2]">137</label>
<label id="[2,0,3]">406</label>
<label id="[2,1,0]">371</label>
<label id="[2,1,1]">139</label>
<label id="[2,2,1]">371</label>
<label id="[2,2,2]">139</label>
<label id="[2,3,2]">371</label>
<label id="[2,3,3]">139</label>
<label id="[3,0,3]">74</label>
<label id="[3,1,0]">74</label>
<label id="[3,2,1]">74</label>
<label id="[3,3,2]">74</label>
<label id="[4,0,0]">43</label>
<label id="[4,0,3]">229</label>
<label id="[4,1,0]">229</label>
<label id="[4,1,1]">43</label>
<label id="[4,2,1]">229</label>
<label id="[4,2,2]">43</label>
<label id="[4,3,2]">229</label>
<label id="[4,3,3]">43</label>
<label id="[5,0,0]">181</label>
<label id="[5,0,1]">138</label>
<label id="[5,0,2]">138</label>
<label id="[5,0,3]">468</label>
<label id="[5,1,0]">435</label>
<label id="[5,1,1]">144</label>
<label id="[5,2,1]">435</label>
<label id="[5,2,2]">144</label>
<label id="[5,3,2]">435</label>
<label id="[5,3,3]">144</label>
<label id="[6,0,0]">91</label>
<label id="[6,1,1]">91</label>
<label id="[6,2,2]">91</label>
<label id="[6,3,3]">91</label>
<label id="[7,0,0]">74</label>
<label id="[7,0,3]">400</label>
<label id="[7,1,0]">400</label>
<label id="[7,1,1]">74</label>
<label id="[7,2,1]">400</label>
<label id="[7,2,2]">74</label>
<label id="[7,3,2]">400</label>
<label id="[7,3,3]">74</label>
<label id="[8,0,0]">43</label>
<label id="[8,0,3]">217</label>
<label id="[8,1,0]">217</label>
<label id="[8,1,1]">43</label>
<label id="[8,2,1]">217</label>
<label id="[8,2,2]">43</label>
<label id="[8,3,2]">217</label>
<label id="[8,3,3]">43</label>
<label id="[9,0,0]">66</label>
<label id="[9,1,1]">66</label>
<label id="[9,2,2]">66</label>
<label id="[9,3,3]">66</label>
</state-labels><state-labels procid="3">
<label id="[0,{0|0|0},0,0]">406</label>
<label id="[0,{0|0|0},0,1]">427</label>
<label id="[0,{0|0|0},0,2]">427</label>
<label id="[0,{0|0|0},0,3]">399</label>
<label id="[0,{0|0|0},1,0]">149</label>
<label id="[0,{0|0|0},1,1]">158</label>
<label id="[0,{0|0|0},1,2]">158</label>
<label id="[0,{0|0|0},1,3]">149</label>
<label id="[0,{0|0|0},2,0]">3</label>
<label id="[0,{0|0|0},2,1]">5</label>
<label id="[0,{0|0|0},2,2]">5</label>
<label id="[0,{0|0|0},2,3]">3</label>
<label id="[0,{11|0|0},1,1]">320</label>
<label id="[0,{11|0|0},2,1]">162</label>
<label id="[0,{11|0|0},3,1]">3</label>
<label id="[0,{11|11|0},2,1]">316</label>
<label id="[0,{11|11|0},3,1]">158</label>
<label id="[0,{11|11|11},3,1]">272</label>
<label id="[0,{11|11|19},3,2]">53</label>
<label id="[0,{11|11|20},3,2]">39</label>
<label id="[0,{11|19|0},2,2]">57</label>
<label id="[0,{11|19|0},3,2]">29</label>
<label id="[0,{11|19|19},3,2]">53</label>
<label id="[0,{11|20|0},2,2]">40</label>
<label id="[0,{11|20|0},3,2]">29</label>
<label id="[0,{11|20|19},3,2]">53</label>
<label id="[0,{11|20|20},3,2]">22</label>
<label id="[0,{12|0|0},1,1]">79</label>
<label id="[0,{12|0|0},2,1]">49</label>
<label id="[0,{12|0|0},3,1]">2</label>
<label id="[0,{12|11|0},2,1]">95</label>
<label id="[0,{12|11|0},3,1]">49</label>
<label id="[0,{12|11|11},3,1]">87</label>
<label id="[0,{12|12|0},2,1]">61</label>
<label id="[0,{12|12|0},3,1]">32</label>
<label id="[0,{12|12|11},3,1]">58</label>
<label id="[0,{12|12|12},3,1]">56</label>
<label id="[0,{19|0|0},1,2]">320</label>
<label id="[0,{19|0|0},2,2]">162</label>
<label id="[0,{19|0|0},3,2]">3</label>
<label id="[0,{19|19|0},2,2]">316</label>
<label id="[0,{19|19|0},3,2]">158</label>
<label id="[0,{19|19|19},3,2]">272</label>
<label id="[0,{19|19|27},3,3]">53</label>
<label id="[0,{19|19|28},3,3]">39</label>
<label id="[0,{19|27|0},2,3]">57</label>
<label id="[0,{19|27|0},3,3]">29</label>
<label id="[0,{19|27|27},3,3]">53</label>
<label id="[0,{19|28|0},2,3]">40</label>
<label id="[0,{19|28|0},3,3]">29</label>
<label id="[0,{19|28|27},3,3]">53</label>
<label id="[0,{19|28|28},3,3]">22</label>
<label id="[0,{20|0|0},1,2]">79</label>
<label id="[0,{20|0|0},2,2]">49</label>
<label id="[0,{20|0|0},3,2]">2</label>
<label id="[0,{20|19|0},2,2]">95</label>
<label id="[0,{20|19|0},3,2]">49</label>
<label id="[0,{20|19|19},3,2]">87</label>
<label id="[0,{20|20|0},2,2]">61</label>
<label id="[0,{20|20|0},3,2]">32</label>
<label id="[0,{20|20|19},3,2]">58</label>
<label id="[0,{20|20|20},3,2]">56</label>
<label id="[0,{27|0|0},1,3]">320</label>
<label id="[0,{27|0|0},2,3]">162</label>
<label id="[0,{27|0|0},3,3]">3</label>
<label id="[0,{27|27|0},2,3]">316</label>
<label id="[0,{27|27|0},3,3]">158</label>
<label id="[0,{27|27|27},3,3]">272</label>
<label id="[0,{27|27|3},3,0]">53</label>
<label id="[0,{27|27|4},3,0]">39</label>
<label id="[0,{27|3|0},2,0]">57</label>
<label id="[0,{27|3|0},3,0]">29</label>
<label id="[0,{27|3|3},3,0]">53</label>
<label id="[0,{27|4|0},2,0]">40</label>
<label id="[0,{27|4|0},3,0]">29</label>
<label id="[0,{27|4|3},3,0]">53</label>
<label id="[0,{27|4|4},3,0]">22</label>
<label id="[0,{28|0|0},1,3]">79</label>
<label id="[0,{28|0|0},2,3]">49</label>
<label id="[0,{28|0|0},3,3]">2</label>
<label id="[0,{28|27|0},2,3]">95</label>
<label id="[0,{28|27|0},3,3]">49</label>
<label id="[0,{28|27|27},3,3]">87</label>
<label id="[0,{28|28|0},2,3]">61</label>
<label id="[0,{28|28|0},3,3]">32</label>
<label id="[0,{28|28|27},3,3]">58</label>
<label id="[0,{28|28|28},3,3]">56</label>
<label id="[0,{3|0|0},1,0]">350</label>
<label id="[0,{3|0|0},2,0]">178</label>
<label id="[0,{3|0|0},3,0]">5</label>
<label id="[0,{3|11|0},2,1]">57</label>
<label id="[0,{3|11|0},3,1]">29</label>
<label id="[0,{3|11|11},3,1]">53</label>
<label id="[0,{3|12|0},2,1]">40</label>
<label id="[0,{3|12|0},3,1]">29</label>
<label id="[0,{3|12|11},3,1]">53</label>
<label id="[0,{3|12|12},3,1]">22</label>
<label id="[0,{3|3|0},2,0]">346</label>
<label id="[0,{3|3|0},3,0]">174</label>
<label id="[0,{3|3|11},3,1]">53</label>
<label id="[0,{3|3|12},3,1]">39</label>
<label id="[0,{3|3|3},3,0]">302</label>
<label id="[0,{4|0|0},1,0]">109</label>
<label id="[0,{4|0|0},2,0]">65</label>
<label id="[0,{4|0|0},3,0]">4</label>
<label id="[0,{4|3|0},2,0]">125</label>
<label id="[0,{4|3|0},3,0]">65</label>
<label id="[0,{4|3|3},3,0]">117</label>
<label id="[0,{4|4|0},2,0]">91</label>
<label id="[0,{4|4|0},3,0]">48</label>
<label id="[0,{4|4|3},3,0]">88</label>
<label id="[0,{4|4|4},3,0]">86</label>
</state-labels><state-labels procid="4">
<label id="[0,{0|0|0},0,0]">495</label>
<label id="[0,{0|0|0},0,1]">398</label>
<label id="[0,{0|0|0},0,2]">398</label>
<label id="[0,{0|0|0},0,3]">398</label>
<label id="[0,{0|0|0},1,0]">145</label>
<label id="[0,{0|0|0},1,1]">86</label>
<label id="[0,{0|0|0},1,2]">86</label>
<label id="[0,{0|0|0},1,3]">86</label>
<label id="[0,{0|0|0},2,0]">6</label>
<label id="[0,{0|0|0},2,1]">4</label>
<label id="[0,{0|0|0},2,2]">4</label>
<label id="[0,{0|0|0},2,3]">4</label>
<label id="[0,{0|1|0},2,0]">18</label>
<label id="[0,{0|1|0},3,0]">18</label>
<label id="[0,{0|1|1},3,0]">18</label>
<label id="[0,{10|0|0},1,1]">123</label>
<label id="[0,{10|0|0},2,1]">64</label>
<label id="[0,{10|0|0},3,1]">3</label>
<label id="[0,{10|0|1},3,0]">3</label>
<label id="[0,{10|10|0},2,1]">123</label>
<label id="[0,{10|10|0},3,1]">64</label>
<label id="[0,{10|10|10},3,1]">112</label>
<label id="[0,{10|10|9},3,1]">149</label>
<label id="[0,{10|9|0},2,1]">164</label>
<label id="[0,{10|9|0},3,1]">64</label>
<label id="[0,{10|9|17},3,2]">22</label>
<label id="[0,{10|9|18},3,2]">22</label>
<label id="[0,{10|9|9},3,1]">150</label>
<label id="[0,{17|0|0},1,2]">264</label>
<label id="[0,{17|0|0},2,2]">92</label>
<label id="[0,{17|0|0},3,2]">3</label>
<label id="[0,{17|0|1},3,0]">3</label>
<label id="[0,{17|17|0},2,2]">260</label>
<label id="[0,{17|17|0},3,2]">92</label>
<label id="[0,{17|17|17},3,2]">228</label>
<label id="[0,{17|17|25},3,3]">22</label>
<label id="[0,{17|17|26},3,3]">22</label>
<label id="[0,{17|25|0},2,3]">23</label>
<label id="[0,{17|25|0},3,3]">12</label>
<label id="[0,{17|25|25},3,3]">22</label>
<label id="[0,{17|26|0},2,3]">23</label>
<label id="[0,{17|26|0},3,3]">12</label>
<label id="[0,{17|26|25},3,3]">22</label>
<label id="[0,{17|26|26},3,3]">22</label>
<label id="[0,{18|0|0},1,2]">123</label>
<label id="[0,{18|0|0},2,2]">64</label>
<label id="[0,{18|0|0},3,2]">3</label>
<label id="[0,{18|0|1},3,0]">3</label>
<label id="[0,{18|17|0},2,2]">164</label>
<label id="[0,{18|17|0},3,2]">64</label>
<label id="[0,{18|17|17},3,2]">150</label>
<label id="[0,{18|17|25},3,3]">22</label>
<label id="[0,{18|17|26},3,3]">22</label>
<label id="[0,{18|18|0},2,2]">123</label>
<label id="[0,{18|18|0},3,2]">64</label>
<label id="[0,{18|18|17},3,2]">149</label>
<label id="[0,{18|18|18},3,2]">112</label>
<label id="[0,{1|0|0},1,0]">347</label>
<label id="[0,{1|0|0},2,0]">175</label>
<label id="[0,{1|0|0},3,0]">13</label>
<label id="[0,{1|0|1},3,0]">13</label>
<label id="[0,{1|10|0},2,1]">23</label>
<label id="[0,{1|10|0},3,1]">12</label>
<label id="[0,{1|10|10},3,1]">22</label>
<label id="[0,{1|10|9},3,1]">22</label>
<label id="[0,{1|1|0},2,0]">343</label>
<label id="[0,{1|1|0},3,0]">175</label>
<label id="[0,{1|1|10},3,1]">22</label>
<label id="[0,{1|1|1},3,0]">311</label>
<label id="[0,{1|1|9},3,1]">22</label>
<label id="[0,{1|9|0},2,1]">23</label>
<label id="[0,{1|9|0},3,1]">12</label>
<label id="[0,{1|9|9},3,1]">22</label>
<label id="[0,{25|0|0},1,3]">264</label>
<label id="[0,{25|0|0},2,3]">92</label>
<label id="[0,{25|0|0},3,3]">3</label>
<label id="[0,{25|0|1},3,0]">3</label>
<label id="[0,{25|1|0},2,0]">23</label>
<label id="[0,{25|1|0},3,0]">12</label>
<label id="[0,{25|1|1},3,0]">22</label>
<label id="[0,{25|25|0},2,3]">260</label>
<label id="[0,{25|25|0},3,3]">92</label>
<label id="[0,{25|25|1},3,0]">22</label>
<label id="[0,{25|25|25},3,3]">228</label>
<label id="[0,{25|25|2},3,0]">22</label>
<label id="[0,{25|2|0},2,0]">23</label>
<label id="[0,{25|2|0},3,0]">12</label>
<label id="[0,{25|2|1},3,0]">22</label>
<label id="[0,{25|2|2},3,0]">22</label>
<label id="[0,{26|0|0},1,3]">123</label>
<label id="[0,{26|0|0},2,3]">64</label>
<label id="[0,{26|0|0},3,3]">3</label>
<label id="[0,{26|0|1},3,0]">3</label>
<label id="[0,{26|25|0},2,3]">164</label>
<label id="[0,{26|25|0},3,3]">64</label>
<label id="[0,{26|25|1},3,0]">22</label>
<label id="[0,{26|25|25},3,3]">150</label>
<label id="[0,{26|25|2},3,0]">22</label>
<label id="[0,{26|26|0},2,3]">123</label>
<label id="[0,{26|26|0},3,3]">64</label>
<label id="[0,{26|26|25},3,3]">149</label>
<label id="[0,{26|26|26},3,3]">112</label>
<label id="[0,{2|0|0},1,0]">123</label>
<label id="[0,{2|0|0},2,0]">64</label>
<label id="[0,{2|0|0},3,0]">3</label>
<label id="[0,{2|0|1},3,0]">3</label>
<label id="[0,{2|1|0},2,0]">164</label>
<label id="[0,{2|1|0},3,0]">64</label>
<label id="[0,{2|1|10},3,1]">22</label>
<label id="[0,{2|1|1},3,0]">150</label>
<label id="[0,{2|1|9},3,1]">22</label>
<label id="[0,{2|2|0},2,0]">123</label>
<label id="[0,{2|2|0},3,0]">64</label>
<label id="[0,{2|2|1},3,0]">149</label>
<label id="[0,{2|2|2},3,0]">112</label>
<label id="[0,{9|0|0},1,1]">264</label>
<label id="[0,{9|0|0},2,1]">92</label>
<label id="[0,{9|0|0},3,1]">3</label>
<label id="[0,{9|0|1},3,0]">3</label>
<label id="[0,{9|17|0},2,2]">23</label>
<label id="[0,{9|17|0},3,2]">12</label>
<label id="[0,{9|17|17},3,2]">22</label>
<label id="[0,{9|18|0},2,2]">23</label>
<label id="[0,{9|18|0},3,2]">12</label>
<label id="[0,{9|18|17},3,2]">22</label>
<label id="[0,{9|18|18},3,2]">22</label>
<label id="[0,{9|9|0},2,1]">260</label>
<label id="[0,{9|9|0},3,1]">92</label>
<label id="[0,{9|9|17},3,2]">22</label>
<label id="[0,{9|9|18},3,2]">22</label>
<label id="[0,{9|9|9},3,1]">228</label>
</state-labels></label-info>
</state-space-info>
