<?xml version="1.0"?>
<!DOCTYPE state-space-info SYSTEM "../../state_space_info.dtd">


<state-space-info>
<states>60463</states>
<edges>153956</edges>
<bfs-info>
 <levels>108</levels>
<max-level>1492</max-level>

<back-level-edges>47252</back-level-edges>
<max-back-level-edge>69</max-back-level-edge>
<avg-back-level-edge>6.12137</avg-back-level-edge>
<bfs-levels>
<level id="0"><states>1</states><edges>3</edges></level>
<level id="1"><states>3</states><edges>9</edges></level>
<level id="2"><states>7</states><edges>17</edges></level>
<level id="3"><states>11</states><edges>30</edges></level>
<level id="4"><states>15</states><edges>41</edges></level>
<level id="5"><states>23</states><edges>66</edges></level>
<level id="6"><states>38</states><edges>107</edges></level>
<level id="7"><states>56</states><edges>151</edges></level>
<level id="8"><states>68</states><edges>210</edges></level>
<level id="9"><states>93</states><edges>286</edges></level>
<level id="10"><states>121</states><edges>363</edges></level>
<level id="11"><states>157</states><edges>453</edges></level>
<level id="12"><states>191</states><edges>537</edges></level>
<level id="13"><states>227</states><edges>627</edges></level>
<level id="14"><states>262</states><edges>760</edges></level>
<level id="15"><states>318</states><edges>909</edges></level>
<level id="16"><states>395</states><edges>1041</edges></level>
<level id="17"><states>410</states><edges>1187</edges></level>
<level id="18"><states>490</states><edges>1338</edges></level>
<level id="19"><states>528</states><edges>1500</edges></level>
<level id="20"><states>611</states><edges>1705</edges></level>
<level id="21"><states>680</states><edges>1884</edges></level>
<level id="22"><states>752</states><edges>2064</edges></level>
<level id="23"><states>816</states><edges>2290</edges></level>
<level id="24"><states>897</states><edges>2486</edges></level>
<level id="25"><states>1003</states><edges>2676</edges></level>
<level id="26"><states>1025</states><edges>2837</edges></level>
<level id="27"><states>1117</states><edges>2987</edges></level>
<level id="28"><states>1136</states><edges>3054</edges></level>
<level id="29"><states>1185</states><edges>3108</edges></level>
<level id="30"><states>1197</states><edges>3163</edges></level>
<level id="31"><states>1240</states><edges>3238</edges></level>
<level id="32"><states>1264</states><edges>3358</edges></level>
<level id="33"><states>1304</states><edges>3465</edges></level>
<level id="34"><states>1358</states><edges>3572</edges></level>
<level id="35"><states>1359</states><edges>3649</edges></level>
<level id="36"><states>1400</states><edges>3688</edges></level>
<level id="37"><states>1396</states><edges>3682</edges></level>
<level id="38"><states>1419</states><edges>3695</edges></level>
<level id="39"><states>1432</states><edges>3732</edges></level>
<level id="40"><states>1460</states><edges>3778</edges></level>
<level id="41"><states>1473</states><edges>3850</edges></level>
<level id="42"><states>1476</states><edges>3855</edges></level>
<level id="43"><states>1492</states><edges>3854</edges></level>
<level id="44"><states>1452</states><edges>3804</edges></level>
<level id="45"><states>1449</states><edges>3732</edges></level>
<level id="46"><states>1410</states><edges>3613</edges></level>
<level id="47"><states>1381</states><edges>3512</edges></level>
<level id="48"><states>1353</states><edges>3420</edges></level>
<level id="49"><states>1317</states><edges>3317</edges></level>
<level id="50"><states>1283</states><edges>3190</edges></level>
<level id="51"><states>1211</states><edges>3035</edges></level>
<level id="52"><states>1163</states><edges>2946</edges></level>
<level id="53"><states>1131</states><edges>2814</edges></level>
<level id="54"><states>1081</states><edges>2677</edges></level>
<level id="55"><states>1037</states><edges>2500</edges></level>
<level id="56"><states>966</states><edges>2276</edges></level>
<level id="57"><states>889</states><edges>2071</edges></level>
<level id="58"><states>828</states><edges>1908</edges></level>
<level id="59"><states>769</states><edges>1759</edges></level>
<level id="60"><states>708</states><edges>1629</edges></level>
<level id="61"><states>641</states><edges>1517</edges></level>
<level id="62"><states>611</states><edges>1425</edges></level>
<level id="63"><states>560</states><edges>1325</edges></level>
<level id="64"><states>540</states><edges>1271</edges></level>
<level id="65"><states>511</states><edges>1210</edges></level>
<level id="66"><states>489</states><edges>1135</edges></level>
<level id="67"><states>463</states><edges>1072</edges></level>
<level id="68"><states>439</states><edges>997</edges></level>
<level id="69"><states>404</states><edges>920</edges></level>
<level id="70"><states>378</states><edges>853</edges></level>
<level id="71"><states>354</states><edges>793</edges></level>
<level id="72"><states>335</states><edges>759</edges></level>
<level id="73"><states>321</states><edges>727</edges></level>
<level id="74"><states>304</states><edges>676</edges></level>
<level id="75"><states>274</states><edges>595</edges></level>
<level id="76"><states>248</states><edges>531</edges></level>
<level id="77"><states>224</states><edges>471</edges></level>
<level id="78"><states>205</states><edges>444</edges></level>
<level id="79"><states>196</states><edges>419</edges></level>
<level id="80"><states>183</states><edges>401</edges></level>
<level id="81"><states>175</states><edges>374</edges></level>
<level id="82"><states>157</states><edges>346</edges></level>
<level id="83"><states>145</states><edges>292</edges></level>
<level id="84"><states>113</states><edges>228</edges></level>
<level id="85"><states>104</states><edges>206</edges></level>
<level id="86"><states>97</states><edges>204</edges></level>
<level id="87"><states>98</states><edges>203</edges></level>
<level id="88"><states>88</states><edges>182</edges></level>
<level id="89"><states>79</states><edges>159</edges></level>
<level id="90"><states>67</states><edges>131</edges></level>
<level id="91"><states>53</states><edges>100</edges></level>
<level id="92"><states>45</states><edges>84</edges></level>
<level id="93"><states>38</states><edges>72</edges></level>
<level id="94"><states>36</states><edges>68</edges></level>
<level id="95"><states>35</states><edges>60</edges></level>
<level id="96"><states>30</states><edges>54</edges></level>
<level id="97"><states>25</states><edges>43</edges></level>
<level id="98"><states>17</states><edges>33</edges></level>
<level id="99"><states>15</states><edges>22</edges></level>
<level id="100"><states>7</states><edges>10</edges></level>
<level id="101"><states>7</states><edges>9</edges></level>
<level id="102"><states>5</states><edges>9</edges></level>
<level id="103"><states>5</states><edges>6</edges></level>
<level id="104"><states>3</states><edges>5</edges></level>
<level id="105"><states>3</states><edges>4</edges></level>
<level id="106"><states>1</states><edges>2</edges></level>
<level id="107"><states>1</states><edges>1</edges></level>
</bfs-levels>
<back-level-length id="0">4.66224</back-level-length>
<back-level-length id="1">16.6702</back-level-length>
<back-level-length id="2">1.98298</back-level-length>
<back-level-length id="3">32.9129</back-level-length>
<back-level-length id="4">9.73081</back-level-length>
<back-level-length id="5">13.1169</back-level-length>
<back-level-length id="6">2.0761</back-level-length>
<back-level-length id="7">3.74164</back-level-length>
<back-level-length id="8">1.5047</back-level-length>
<back-level-length id="9">1.02853</back-level-length>
<back-level-length id="10">0.2984</back-level-length>
<back-level-length id="11">1.02853</back-level-length>
<back-level-length id="12">0.165072</back-level-length>
<back-level-length id="13">0.793617</back-level-length>
<back-level-length id="14">0.28147</back-level-length>
<back-level-length id="15">0.747058</back-level-length>
<back-level-length id="16">0.20105</back-level-length>
<back-level-length id="17">1.30576</back-level-length>
<back-level-length id="18">0.196817</back-level-length>
<back-level-length id="19">0.628545</back-level-length>
<back-level-length id="20">0.114281</back-level-length>
<back-level-length id="21">0.812664</back-level-length>
<back-level-length id="22">0.129095</back-level-length>
<back-level-length id="23">0.2984</back-level-length>
<back-level-length id="24">0.0253958</back-level-length>
<back-level-length id="25">0.146026</back-level-length>
<back-level-length id="26">0.778803</back-level-length>
<back-level-length id="27">0.133328</back-level-length>
<back-level-length id="28">0.135444</back-level-length>
<back-level-length id="29">0.0317447</back-level-length>
<back-level-length id="30">0.455007</back-level-length>
<back-level-length id="31">0.033861</back-level-length>
<back-level-length id="32">0</back-level-length>
<back-level-length id="33">0.00634894</back-level-length>
<back-level-length id="34">0.0275121</back-level-length>
<back-level-length id="35">0.753407</back-level-length>
<back-level-length id="36">0.0253958</back-level-length>
<back-level-length id="37">0.167189</back-level-length>
<back-level-length id="38">0.0952341</back-level-length>
<back-level-length id="39">0.550241</back-level-length>
<back-level-length id="40">0.0719546</back-level-length>
<back-level-length id="41">0.17777</back-level-length>
<back-level-length id="42">0.107932</back-level-length>
<back-level-length id="43">0.118514</back-level-length>
<back-level-length id="44">0.0888851</back-level-length>
<back-level-length id="45">0.173538</back-level-length>
<back-level-length id="46">0.0994667</back-level-length>
<back-level-length id="47">0.122746</back-level-length>
<back-level-length id="48">0.0550241</back-level-length>
<back-level-length id="49">0.162956</back-level-length>
<back-level-length id="50">0.0867688</back-level-length>
<back-level-length id="51">0.124862</back-level-length>
<back-level-length id="52">0.0465589</back-level-length>
<back-level-length id="53">0.150258</back-level-length>
<back-level-length id="54">0.0656057</back-level-length>
<back-level-length id="55">0.124862</back-level-length>
<back-level-length id="56">0.0380936</back-level-length>
<back-level-length id="57">0.12063</back-level-length>
<back-level-length id="58">0.0402099</back-level-length>
<back-level-length id="59">0.0994667</back-level-length>
<back-level-length id="60">0.00846525</back-level-length>
<back-level-length id="61">0.0486752</back-level-length>
<back-level-length id="62">0.00846525</back-level-length>
<back-level-length id="63">0.0444426</back-level-length>
<back-level-length id="64">0</back-level-length>
<back-level-length id="65">0.0105816</back-level-length>
<back-level-length id="66">0</back-level-length>
<back-level-length id="67">0.00846525</back-level-length>
<back-level-length id="68">0</back-level-length>
<back-level-length id="69">0.00211631</back-level-length>
</bfs-info>
<degrees>
<avg>2.54628</avg>
<max-in>15</max-in>
<max-out>6</max-out>
<degree id="0"><in>0</in><out>20</out></degree>
<degree id="1"><in>10044</in><out>9328</out></degree>
<degree id="2"><in>23096</in><out>25384</out></degree>
<degree id="3"><in>17929</in><out>12596</out></degree>
<degree id="4"><in>5665</in><out>9923</out></degree>
<degree id="5"><in>2352</in><out>2892</out></degree>
<degree id="6"><in>760</in><out>320</out></degree>
<degree id="7"><in>348</in><out>0</out></degree>
<degree id="8"><in>126</in><out>0</out></degree>
<degree id="9"><in>57</in><out>0</out></degree>
<degree id="10"><in>26</in><out>0</out></degree>
<degree id="11"><in>18</in><out>0</out></degree>
<degree id="12"><in>17</in><out>0</out></degree>
<degree id="13"><in>17</in><out>0</out></degree>
<degree id="14"><in>7</in><out>0</out></degree>
<degree id="15"><in>1</in><out>0</out></degree>
</degrees>
<scc-info>
<count>77</count>
<height>15</height>
<nontrivial-height>1</nontrivial-height>
<trivial>76</trivial>
<terminal>20</terminal>
<largest>60387</largest>
<largest-position> initial </largest-position>
</scc-info>
<dfs-info>
<stack-size id="302">0.117427</stack-size>
<stack-size id="604">0.231547</stack-size>
<stack-size id="906">0.297703</stack-size>
<stack-size id="1208">0.408514</stack-size>
<stack-size id="1510">0.635099</stack-size>
<stack-size id="1812">0.712833</stack-size>
<stack-size id="2114">0.888146</stack-size>
<stack-size id="2416">0.294395</stack-size>
<stack-size id="2718">0.310934</stack-size>
<stack-size id="3020">0.40686</stack-size>
<stack-size id="3322">0.441592</stack-size>
<stack-size id="3624">0.537519</stack-size>
<stack-size id="3926">0.600367</stack-size>
<stack-size id="4228">0.661562</stack-size>
<stack-size id="4530">0.635099</stack-size>
<stack-size id="4832">0.658254</stack-size>
<stack-size id="5134">0.651638</stack-size>
<stack-size id="5436">0.661562</stack-size>
<stack-size id="5738">0.653292</stack-size>
<stack-size id="6040">0.752526</stack-size>
<stack-size id="6342">0.780643</stack-size>
<stack-size id="6644">0.835222</stack-size>
<stack-size id="6946">0.863338</stack-size>
<stack-size id="7248">1.07504</stack-size>
<stack-size id="7550">1.27516</stack-size>
<stack-size id="7852">1.5249</stack-size>
<stack-size id="8154">1.60925</stack-size>
<stack-size id="8456">1.73991</stack-size>
<stack-size id="8758">1.18089</stack-size>
<stack-size id="9060">1.23712</stack-size>
<stack-size id="9362">1.34132</stack-size>
<stack-size id="9664">1.3959</stack-size>
<stack-size id="9966">1.38101</stack-size>
<stack-size id="10268">1.39424</stack-size>
<stack-size id="10570">1.39424</stack-size>
<stack-size id="10872">1.3959</stack-size>
<stack-size id="11174">1.40913</stack-size>
<stack-size id="11476">1.51332</stack-size>
<stack-size id="11778">1.56459</stack-size>
<stack-size id="12080">1.64729</stack-size>
<stack-size id="12382">1.66714</stack-size>
<stack-size id="12684">1.71179</stack-size>
<stack-size id="12986">1.9268</stack-size>
<stack-size id="13288">2.19969</stack-size>
<stack-size id="13590">2.27412</stack-size>
<stack-size id="13892">2.39485</stack-size>
<stack-size id="14194">1.69194</stack-size>
<stack-size id="14496">1.65721</stack-size>
<stack-size id="14798">1.64729</stack-size>
<stack-size id="15100">1.68698</stack-size>
<stack-size id="15402">1.80276</stack-size>
<stack-size id="15704">2.04423</stack-size>
<stack-size id="16006">2.25923</stack-size>
<stack-size id="16308">2.4147</stack-size>
<stack-size id="16610">2.49905</stack-size>
<stack-size id="16912">2.5404</stack-size>
<stack-size id="17214">2.57017</stack-size>
<stack-size id="17516">2.64128</stack-size>
<stack-size id="17818">2.64459</stack-size>
<stack-size id="18120">2.65121</stack-size>
<stack-size id="18422">2.65286</stack-size>
<stack-size id="18724">2.66775</stack-size>
<stack-size id="19026">2.66609</stack-size>
<stack-size id="19328">2.6909</stack-size>
<stack-size id="19630">2.69586</stack-size>
<stack-size id="19932">2.70744</stack-size>
<stack-size id="20234">2.78021</stack-size>
<stack-size id="20536">2.78187</stack-size>
<stack-size id="20838">2.80006</stack-size>
<stack-size id="21140">2.7951</stack-size>
<stack-size id="21442">2.7554</stack-size>
<stack-size id="21744">2.74713</stack-size>
<stack-size id="22046">2.85795</stack-size>
<stack-size id="22348">2.92245</stack-size>
<stack-size id="22650">2.9241</stack-size>
<stack-size id="22952">3.03988</stack-size>
<stack-size id="23254">3.02499</stack-size>
<stack-size id="23556">3.02168</stack-size>
<stack-size id="23858">3.11099</stack-size>
<stack-size id="24160">3.09611</stack-size>
<stack-size id="24462">3.12257</stack-size>
<stack-size id="24764">3.08288</stack-size>
<stack-size id="25066">3.16392</stack-size>
<stack-size id="25368">3.25488</stack-size>
<stack-size id="25670">3.27804</stack-size>
<stack-size id="25972">3.26977</stack-size>
<stack-size id="26274">3.28962</stack-size>
<stack-size id="26576">3.25984</stack-size>
<stack-size id="26878">3.23007</stack-size>
<stack-size id="27180">3.28631</stack-size>
<stack-size id="27482">3.36239</stack-size>
<stack-size id="27784">3.36569</stack-size>
<stack-size id="28086">3.47981</stack-size>
<stack-size id="28388">3.55755</stack-size>
<stack-size id="28690">3.54928</stack-size>
<stack-size id="28992">3.56912</stack-size>
<stack-size id="29294">3.56747</stack-size>
<stack-size id="29596">3.57078</stack-size>
<stack-size id="29898">3.54432</stack-size>
<stack-size id="30200">3.5592</stack-size>
<stack-size id="30502">3.6237</stack-size>
<stack-size id="30804">3.65347</stack-size>
<stack-size id="31106">3.61709</stack-size>
<stack-size id="31408">3.6634</stack-size>
<stack-size id="31710">3.68986</stack-size>
<stack-size id="32012">3.68159</stack-size>
<stack-size id="32314">3.83375</stack-size>
<stack-size id="32616">4.07026</stack-size>
<stack-size id="32918">4.22076</stack-size>
<stack-size id="33220">4.449</stack-size>
<stack-size id="33522">3.77752</stack-size>
<stack-size id="33824">3.98425</stack-size>
<stack-size id="34126">4.00741</stack-size>
<stack-size id="34428">4.05868</stack-size>
<stack-size id="34730">4.15461</stack-size>
<stack-size id="35032">4.18272</stack-size>
<stack-size id="35334">4.27203</stack-size>
<stack-size id="35636">4.43246</stack-size>
<stack-size id="35938">4.50358</stack-size>
<stack-size id="36240">4.55981</stack-size>
<stack-size id="36542">4.53831</stack-size>
<stack-size id="36844">4.54493</stack-size>
<stack-size id="37146">4.56643</stack-size>
<stack-size id="37448">4.58462</stack-size>
<stack-size id="37750">4.56147</stack-size>
<stack-size id="38052">4.52674</stack-size>
<stack-size id="38354">4.50854</stack-size>
<stack-size id="38656">4.61274</stack-size>
<stack-size id="38958">4.58131</stack-size>
<stack-size id="39260">4.63424</stack-size>
<stack-size id="39562">4.63755</stack-size>
<stack-size id="39864">4.7467</stack-size>
<stack-size id="40166">4.79963</stack-size>
<stack-size id="40468">4.8294</stack-size>
<stack-size id="40770">4.95013</stack-size>
<stack-size id="41072">5.07914</stack-size>
<stack-size id="41374">5.37353</stack-size>
<stack-size id="41676">5.56043</stack-size>
<stack-size id="41978">5.70597</stack-size>
<stack-size id="42280">5.77047</stack-size>
<stack-size id="42582">5.75393</stack-size>
<stack-size id="42884">5.76882</stack-size>
<stack-size id="43186">5.73574</stack-size>
<stack-size id="43488">5.86805</stack-size>
<stack-size id="43790">6.0351</stack-size>
<stack-size id="44092">6.05329</stack-size>
<stack-size id="44394">6.06156</stack-size>
<stack-size id="44696">6.33114</stack-size>
<stack-size id="44998">6.49654</stack-size>
<stack-size id="45300">6.65696</stack-size>
<stack-size id="45602">6.86039</stack-size>
<stack-size id="45904">7.07209</stack-size>
<stack-size id="46206">7.10517</stack-size>
<stack-size id="46508">7.06879</stack-size>
<stack-size id="46810">7.19779</stack-size>
<stack-size id="47112">7.2011</stack-size>
<stack-size id="47414">7.23087</stack-size>
<stack-size id="47716">7.35491</stack-size>
<stack-size id="48018">7.57984</stack-size>
<stack-size id="48320">7.62781</stack-size>
<stack-size id="48622">7.71877</stack-size>
<stack-size id="48924">7.78823</stack-size>
<stack-size id="49226">7.80312</stack-size>
<stack-size id="49528">7.8362</stack-size>
<stack-size id="49830">7.87424</stack-size>
<stack-size id="50132">7.93378</stack-size>
<stack-size id="50434">8.11736</stack-size>
<stack-size id="50736">8.10413</stack-size>
<stack-size id="51038">8.00159</stack-size>
<stack-size id="51340">7.97182</stack-size>
<stack-size id="51642">8.07932</stack-size>
<stack-size id="51944">8.16698</stack-size>
<stack-size id="52246">7.9652</stack-size>
<stack-size id="52548">7.95528</stack-size>
<stack-size id="52850">7.99828</stack-size>
<stack-size id="53152">7.99828</stack-size>
<stack-size id="53454">7.91228</stack-size>
<stack-size id="53756">7.88251</stack-size>
<stack-size id="54058">7.5203</stack-size>
<stack-size id="54360">6.8422</stack-size>
<stack-size id="54662">6.77108</stack-size>
<stack-size id="54964">6.48992</stack-size>
<stack-size id="55266">6.48827</stack-size>
<stack-size id="55568">5.64312</stack-size>
<stack-size id="55870">5.22634</stack-size>
<stack-size id="56172">5.32061</stack-size>
<stack-size id="56474">5.29745</stack-size>
<stack-size id="56776">5.24288</stack-size>
<stack-size id="57078">5.19822</stack-size>
<stack-size id="57380">4.59289</stack-size>
<stack-size id="57682">4.48539</stack-size>
<stack-size id="57984">4.41923</stack-size>
<stack-size id="58286">3.69482</stack-size>
<stack-size id="58588">2.89599</stack-size>
<stack-size id="58890">1.94334</stack-size>
<stack-size id="59192">1.38928</stack-size>
<stack-size id="59494">1.24704</stack-size>
<stack-size id="59796">0.873261</stack-size>
<stack-size id="60098">0.517672</stack-size>
<stack-size id="60400">0.335743</stack-size>
<max-stack>4942</max-stack>
<front-edges>60462</front-edges>
<back-edges>9173</back-edges>
<cross-edges>84321</cross-edges>
<shortest-cycle>2</shortest-cycle>
</dfs-info>
<rw-info>
<coverage step="6040">0.466401</coverage>
<coverage step="12080">0.654946</coverage>
<coverage step="18120">0.787258</coverage>
<coverage step="24160">0.883185</coverage>
<coverage step="30200">0.942725</coverage>
<coverage step="36240">1.10977</coverage>
<coverage step="42280">1.21066</coverage>
<coverage step="48320">1.25697</coverage>
<coverage step="54360">1.2917</coverage>
<coverage step="60400">1.32478</coverage>
<coverage step="66440">1.41078</coverage>
<coverage step="72480">1.52159</coverage>
<coverage step="78520">1.55136</coverage>
<coverage step="84560">1.60429</coverage>
<coverage step="90600">1.66217</coverage>
<coverage step="96640">1.68533</coverage>
<coverage step="102680">1.73164</coverage>
<coverage step="108720">1.8408</coverage>
<coverage step="114760">1.87718</coverage>
<coverage step="120800">1.88214</coverage>
<coverage step="126840">1.91357</coverage>
<coverage step="132880">1.91853</coverage>
<coverage step="138920">1.94168</coverage>
<coverage step="144960">1.95326</coverage>
<coverage step="151000">1.98138</coverage>
<coverage step="157040">2.01446</coverage>
<coverage step="163080">2.01611</coverage>
<coverage step="169120">2.06903</coverage>
<coverage step="175160">2.07069</coverage>
<coverage step="181200">2.09219</coverage>
<coverage step="187240">2.11865</coverage>
<coverage step="193280">2.16661</coverage>
<coverage step="199320">2.17654</coverage>
<coverage step="205360">2.21623</coverage>
<coverage step="211400">2.22781</coverage>
<coverage step="217440">2.23608</coverage>
<coverage step="223480">2.26254</coverage>
<coverage step="229520">2.3105</coverage>
<coverage step="235560">2.33531</coverage>
<coverage step="241600">2.3502</coverage>
<coverage step="247640">2.35847</coverage>
<coverage step="253680">2.36839</coverage>
<coverage step="259720">2.36839</coverage>
<coverage step="265760">2.37831</coverage>
<coverage step="271800">2.37831</coverage>
<coverage step="277840">2.37831</coverage>
<coverage step="283880">2.38824</coverage>
<coverage step="289920">2.40478</coverage>
<coverage step="295960">2.42297</coverage>
<coverage step="302000">2.45109</coverage>
<coverage step="308040">2.45439</coverage>
<coverage step="314080">2.50897</coverage>
<coverage step="320120">2.5222</coverage>
<coverage step="326160">2.52386</coverage>
<coverage step="332200">2.53213</coverage>
<coverage step="338240">2.53378</coverage>
<coverage step="344280">2.54205</coverage>
<coverage step="350320">2.55528</coverage>
<coverage step="356360">2.57678</coverage>
<coverage step="362400">2.59167</coverage>
<coverage step="368440">2.61482</coverage>
<coverage step="374480">2.63136</coverage>
<coverage step="380520">2.64128</coverage>
<coverage step="386560">2.65452</coverage>
<coverage step="392600">2.66444</coverage>
<coverage step="398640">2.6694</coverage>
<coverage step="404680">2.67932</coverage>
<coverage step="410720">2.69421</coverage>
<coverage step="416760">2.69752</coverage>
<coverage step="422800">2.71902</coverage>
<coverage step="428840">2.7306</coverage>
<coverage step="434880">2.73556</coverage>
<coverage step="440920">2.73887</coverage>
<coverage step="446960">2.77029</coverage>
<coverage step="453000">2.77525</coverage>
<coverage step="459040">2.78187</coverage>
<coverage step="465080">2.78187</coverage>
<coverage step="471120">2.78352</coverage>
<coverage step="477160">2.79014</coverage>
<coverage step="483200">2.80171</coverage>
<coverage step="489240">2.80502</coverage>
<coverage step="495280">2.80833</coverage>
<coverage step="501320">2.80833</coverage>
<coverage step="507360">2.81494</coverage>
<coverage step="513400">2.81991</coverage>
<coverage step="519440">2.83645</coverage>
<coverage step="525480">2.91914</coverage>
<coverage step="531520">2.92079</coverage>
<coverage step="537560">2.92079</coverage>
<coverage step="543600">2.92741</coverage>
<coverage step="549640">2.92906</coverage>
<coverage step="555680">2.92906</coverage>
<coverage step="561720">2.9456</coverage>
<coverage step="567760">2.9638</coverage>
<coverage step="573800">2.9638</coverage>
<coverage step="579840">2.96876</coverage>
<coverage step="585880">2.9886</coverage>
<coverage step="591920">2.9886</coverage>
<coverage step="597960">3.00184</coverage>
<coverage step="604000">3.01176</coverage>
<rw-visits order="1">40659</rw-visits>
<rw-visits order="10">16911</rw-visits>
<rw-visits order="19">6820</rw-visits>
<rw-visits order="28">4637</rw-visits>
<rw-visits order="37">3054</rw-visits>
<rw-visits order="46">2310</rw-visits>
<rw-visits order="55">1943</rw-visits>
<rw-visits order="64">1457</rw-visits>
<rw-visits order="73">1156</rw-visits>
<rw-visits order="82">866</rw-visits>
<rw-visits order="91">693</rw-visits>
<rw-visits order="100">595</rw-visits>
<rw-visits order="109">505</rw-visits>
<rw-visits order="118">451</rw-visits>
<rw-visits order="127">366</rw-visits>
<rw-visits order="136">318</rw-visits>
<rw-visits order="145">246</rw-visits>
<rw-visits order="154">214</rw-visits>
<rw-visits order="163">172</rw-visits>
<rw-visits order="172">147</rw-visits>
<rw-visits order="181">130</rw-visits>
<rw-visits order="190">115</rw-visits>
<rw-visits order="199">104</rw-visits>
<rw-visits order="208">97</rw-visits>
<rw-visits order="217">85</rw-visits>
<rw-visits order="226">78</rw-visits>
<rw-visits order="235">72</rw-visits>
<rw-visits order="244">67</rw-visits>
<rw-visits order="253">61</rw-visits>
<rw-visits order="262">54</rw-visits>
<rw-visits order="271">50</rw-visits>
<rw-visits order="280">46</rw-visits>
<rw-visits order="289">44</rw-visits>
<rw-visits order="298">42</rw-visits>
<rw-visits order="307">39</rw-visits>
<rw-visits order="316">35</rw-visits>
<rw-visits order="325">33</rw-visits>
<rw-visits order="334">29</rw-visits>
<rw-visits order="343">28</rw-visits>
<rw-visits order="352">26</rw-visits>
<rw-visits order="361">24</rw-visits>
<rw-visits order="370">23</rw-visits>
<rw-visits order="379">22</rw-visits>
<rw-visits order="388">21</rw-visits>
<rw-visits order="397">19</rw-visits>
<rw-visits order="406">19</rw-visits>
<rw-visits order="415">18</rw-visits>
<rw-visits order="424">17</rw-visits>
<rw-visits order="433">17</rw-visits>
<rw-visits order="442">16</rw-visits>
<rw-visits order="451">15</rw-visits>
<rw-visits order="460">15</rw-visits>
<rw-visits order="469">14</rw-visits>
<rw-visits order="478">14</rw-visits>
<rw-visits order="487">13</rw-visits>
<rw-visits order="496">13</rw-visits>
<rw-visits order="505">12</rw-visits>
<rw-visits order="514">11</rw-visits>
<rw-visits order="523">11</rw-visits>
<rw-visits order="532">11</rw-visits>
<rw-visits order="541">10</rw-visits>
<rw-visits order="550">10</rw-visits>
<rw-visits order="559">9</rw-visits>
<rw-visits order="568">9</rw-visits>
<rw-visits order="577">9</rw-visits>
<rw-visits order="586">9</rw-visits>
<rw-visits order="595">8</rw-visits>
<rw-visits order="604">8</rw-visits>
<rw-visits order="613">7</rw-visits>
<rw-visits order="622">7</rw-visits>
<rw-visits order="631">7</rw-visits>
<rw-visits order="640">6</rw-visits>
<rw-visits order="649">6</rw-visits>
<rw-visits order="658">6</rw-visits>
<rw-visits order="667">6</rw-visits>
<rw-visits order="676">6</rw-visits>
<rw-visits order="685">6</rw-visits>
<rw-visits order="694">5</rw-visits>
<rw-visits order="703">5</rw-visits>
<rw-visits order="712">5</rw-visits>
<rw-visits order="721">5</rw-visits>
<rw-visits order="730">5</rw-visits>
<rw-visits order="739">5</rw-visits>
<rw-visits order="748">4</rw-visits>
<rw-visits order="757">4</rw-visits>
<rw-visits order="766">4</rw-visits>
<rw-visits order="775">4</rw-visits>
<rw-visits order="784">4</rw-visits>
<rw-visits order="793">4</rw-visits>
<rw-visits order="802">4</rw-visits>
<rw-visits order="811">4</rw-visits>
<rw-visits order="820">4</rw-visits>
<rw-visits order="829">4</rw-visits>
<rw-visits order="838">3</rw-visits>
<rw-visits order="847">3</rw-visits>
<rw-visits order="856">3</rw-visits>
<rw-visits order="865">3</rw-visits>
<rw-visits order="874">3</rw-visits>
<rw-visits order="883">3</rw-visits>
<rw-visits order="892">3</rw-visits>
<rw-visits order="901">3</rw-visits>
<rw-visits order="910">3</rw-visits>
<rw-visits order="919">3</rw-visits>
<rw-visits order="928">3</rw-visits>
<rw-visits order="937">3</rw-visits>
<rw-visits order="946">3</rw-visits>
<rw-visits order="955">3</rw-visits>
<rw-visits order="964">2</rw-visits>
<rw-visits order="973">2</rw-visits>
<rw-visits order="982">2</rw-visits>
<rw-visits order="991">2</rw-visits>
<rw-visits order="1000">2</rw-visits>
<rw-visits order="1009">2</rw-visits>
<rw-visits order="1018">2</rw-visits>
<rw-visits order="1027">2</rw-visits>
<rw-visits order="1036">2</rw-visits>
<rw-visits order="1045">2</rw-visits>
<rw-visits order="1054">2</rw-visits>
<rw-visits order="1063">2</rw-visits>
<rw-visits order="1072">2</rw-visits>
<rw-visits order="1081">2</rw-visits>
<rw-visits order="1090">2</rw-visits>
<rw-visits order="1099">2</rw-visits>
<rw-visits order="1108">2</rw-visits>
<rw-visits order="1117">2</rw-visits>
<rw-visits order="1126">2</rw-visits>
<rw-visits order="1135">2</rw-visits>
<rw-visits order="1144">2</rw-visits>
<rw-visits order="1153">2</rw-visits>
<rw-visits order="1162">2</rw-visits>
<rw-visits order="1171">2</rw-visits>
<rw-visits order="1180">2</rw-visits>
<rw-visits order="1189">2</rw-visits>
<rw-visits order="1198">2</rw-visits>
<rw-visits order="1207">2</rw-visits>
<rw-visits order="1216">1</rw-visits>
<rw-visits order="1225">1</rw-visits>
<rw-visits order="1234">1</rw-visits>
<rw-visits order="1243">1</rw-visits>
<rw-visits order="1252">1</rw-visits>
<rw-visits order="1261">1</rw-visits>
<rw-visits order="1270">1</rw-visits>
<rw-visits order="1279">1</rw-visits>
<rw-visits order="1288">1</rw-visits>
<rw-visits order="1297">1</rw-visits>
<rw-visits order="1306">1</rw-visits>
<rw-visits order="1315">1</rw-visits>
<rw-visits order="1324">1</rw-visits>
<rw-visits order="1333">1</rw-visits>
<rw-visits order="1342">1</rw-visits>
<rw-visits order="1351">1</rw-visits>
<rw-visits order="1360">1</rw-visits>
<rw-visits order="1369">1</rw-visits>
<rw-visits order="1378">1</rw-visits>
<rw-visits order="1387">1</rw-visits>
<rw-visits order="1396">1</rw-visits>
<rw-visits order="1405">1</rw-visits>
<rw-visits order="1414">1</rw-visits>
<rw-visits order="1423">1</rw-visits>
<rw-visits order="1432">1</rw-visits>
<rw-visits order="1441">1</rw-visits>
<rw-visits order="1450">1</rw-visits>
<rw-visits order="1459">1</rw-visits>
<rw-visits order="1468">1</rw-visits>
<rw-visits order="1477">1</rw-visits>
<rw-visits order="1486">1</rw-visits>
<rw-visits order="1495">1</rw-visits>
<rw-visits order="1504">1</rw-visits>
<rw-visits order="1513">1</rw-visits>
<rw-visits order="1522">1</rw-visits>
<rw-visits order="1531">1</rw-visits>
<rw-visits order="1540">1</rw-visits>
<rw-visits order="1549">1</rw-visits>
<rw-visits order="1558">1</rw-visits>
<rw-visits order="1567">1</rw-visits>
<rw-visits order="1576">1</rw-visits>
<rw-visits order="1585">1</rw-visits>
<rw-visits order="1594">1</rw-visits>
<rw-visits order="1603">1</rw-visits>
<rw-visits order="1612">1</rw-visits>
<rw-visits order="1621">1</rw-visits>
<rw-visits order="1630">1</rw-visits>
<rw-visits order="1639">1</rw-visits>
<rw-visits order="1648">1</rw-visits>
<rw-visits order="1657">1</rw-visits>
<rw-visits order="1666">1</rw-visits>
<rw-visits order="1675">1</rw-visits>
<rw-visits order="1684">1</rw-visits>
<rw-visits order="1693">1</rw-visits>
<rw-visits order="1702">1</rw-visits>
<rw-visits order="1711">1</rw-visits>
<rw-visits order="1720">1</rw-visits>
<rw-visits order="1729">1</rw-visits>
<rw-visits order="1738">1</rw-visits>
<rw-visits order="1747">1</rw-visits>
<rw-visits order="1756">1</rw-visits>
<rw-visits order="1765">1</rw-visits>
<rw-visits order="1774">1</rw-visits>
<rw-visits order="1783">1</rw-visits>
<rw-visits order="1792">1</rw-visits>
<rw-visits order="1801">1</rw-visits>
<rw-visits order="1810">1</rw-visits>
<rw-visits order="1819">1</rw-visits>
<final-coverage>3.01176</final-coverage>
</rw-info>
<local-info>
<diamonds>76.9181</diamonds>
<neighborhood k="4">32</neighborhood>
<clustering k="4">1.42657</clustering>
</local-info>
<label-info>
<edge-label id="0.10">44</edge-label>
<edge-label id="0.12+2.2">1209</edge-label>
<edge-label id="0.13+2.1">1209</edge-label>
<edge-label id="0.14+2.0">2160</edge-label>
<edge-label id="0.16+2.1">2160</edge-label>
<edge-label id="0.18+2.2">1344</edge-label>
<edge-label id="0.20+2.0">12928</edge-label>
<edge-label id="0.24+2.1">12792</edge-label>
<edge-label id="0.25">1380</edge-label>
<edge-label id="0.3+2.0">256</edge-label>
<edge-label id="0.4+2.0">218</edge-label>
<edge-label id="1.11">1012</edge-label>
<edge-label id="1.13+3.2">1752</edge-label>
<edge-label id="1.14+3.1">1752</edge-label>
<edge-label id="1.15+3.0">3604</edge-label>
<edge-label id="1.17+3.1">3604</edge-label>
<edge-label id="1.19+3.2">2736</edge-label>
<edge-label id="1.20">1316</edge-label>
<edge-label id="1.21+3.0">9551</edge-label>
<edge-label id="1.23+3.1">9551</edge-label>
<edge-label id="1.25+3.1">6836</edge-label>
<edge-label id="1.26">1788</edge-label>
<edge-label id="1.28">1968</edge-label>
<edge-label id="1.3+3.0">1752</edge-label>
<edge-label id="1.4+3.1">1752</edge-label>
<edge-label id="1.5+3.0">370</edge-label>
<edge-label id="1.6">1284</edge-label>
<edge-label id="2.3+1.0">74</edge-label>
<edge-label id="2.3+1.10">402</edge-label>
<edge-label id="2.3+1.16">204</edge-label>
<edge-label id="2.3+1.22">426</edge-label>
<edge-label id="2.4+1.18">4256</edge-label>
<edge-label id="2.4+1.2">876</edge-label>
<edge-label id="2.4+1.24">9996</edge-label>
<edge-label id="2.4+1.8">9256</edge-label>
<edge-label id="2.5+1.1">940</edge-label>
<edge-label id="2.5+1.27">2920</edge-label>
<edge-label id="2.5+1.9">2830</edge-label>
<edge-label id="3.3+0.0">10</edge-label>
<edge-label id="3.3+0.15">94</edge-label>
<edge-label id="3.3+0.21">234</edge-label>
<edge-label id="3.3+0.9">400</edge-label>
<edge-label id="3.4+0.17">1502</edge-label>
<edge-label id="3.4+0.2">90</edge-label>
<edge-label id="3.4+0.23">7310</edge-label>
<edge-label id="3.4+0.8">7612</edge-label>
<edge-label id="3.5+0.22">9076</edge-label>
<edge-label id="3.5+0.7">9120</edge-label>
<state-labels procid="0">
<label id="[]">60463</label>
</state-labels><state-labels procid="1">
<label id="[0,-1,0]">124</label>
<label id="[0,-1,1]">74</label>
<label id="[0,-1,2]">74</label>
<label id="[0,-1,3]">74</label>
<label id="[1,-1,0]">4</label>
<label id="[1,-1,1]">2</label>
<label id="[1,-1,2]">2</label>
<label id="[1,-1,3]">2</label>
<label id="[1,0,0]">111</label>
<label id="[1,1,1]">71</label>
<label id="[1,2,2]">71</label>
<label id="[1,3,3]">71</label>
<label id="[2,-1,0]">222</label>
<label id="[2,-1,1]">116</label>
<label id="[2,-1,2]">116</label>
<label id="[2,-1,3]">116</label>
<label id="[2,0,0]">4268</label>
<label id="[2,0,1]">365</label>
<label id="[2,1,1]">3960</label>
<label id="[2,1,2]">365</label>
<label id="[2,2,2]">3960</label>
<label id="[2,2,3]">365</label>
<label id="[2,3,0]">365</label>
<label id="[2,3,3]">3960</label>
<label id="[3,0,0]">378</label>
<label id="[3,1,1]">345</label>
<label id="[3,2,2]">345</label>
<label id="[3,3,3]">345</label>
<label id="[4,0,0]">782</label>
<label id="[4,1,1]">672</label>
<label id="[4,2,2]">672</label>
<label id="[4,3,3]">672</label>
<label id="[5,0,0]">4626</label>
<label id="[5,1,1]">4296</label>
<label id="[5,2,2]">4296</label>
<label id="[5,3,3]">4296</label>
<label id="[7,0,0]">4415</label>
<label id="[7,0,1]">345</label>
<label id="[7,1,1]">4085</label>
<label id="[7,1,2]">345</label>
<label id="[7,2,2]">4085</label>
<label id="[7,2,3]">345</label>
<label id="[7,3,0]">345</label>
<label id="[7,3,3]">4085</label>
<label id="[8,0,0]">529</label>
<label id="[8,1,1]">419</label>
<label id="[8,2,2]">419</label>
<label id="[8,3,3]">419</label>
<label id="[9,-1,0]">44</label>
</state-labels><state-labels procid="2">
<label id="[0,0,0]">586</label>
<label id="[0,0,1]">101</label>
<label id="[0,0,2]">101</label>
<label id="[0,0,3]">94</label>
<label id="[0,1,1]">492</label>
<label id="[0,2,2]">492</label>
<label id="[0,3,3]">492</label>
<label id="[1,0,0]">58</label>
<label id="[1,0,1]">18</label>
<label id="[1,0,2]">18</label>
<label id="[1,0,3]">108</label>
<label id="[1,1,0]">96</label>
<label id="[1,1,1]">46</label>
<label id="[1,2,1]">96</label>
<label id="[1,2,2]">46</label>
<label id="[1,3,2]">96</label>
<label id="[1,3,3]">46</label>
<label id="[11,0,0]">492</label>
<label id="[11,1,1]">492</label>
<label id="[11,2,2]">492</label>
<label id="[11,3,3]">492</label>
<label id="[2,0,0]">833</label>
<label id="[2,0,1]">464</label>
<label id="[2,0,2]">464</label>
<label id="[2,0,3]">2544</label>
<label id="[2,1,0]">2423</label>
<label id="[2,1,1]">707</label>
<label id="[2,2,1]">2423</label>
<label id="[2,2,2]">707</label>
<label id="[2,3,2]">2423</label>
<label id="[2,3,3]">707</label>
<label id="[3,0,0]">447</label>
<label id="[3,0,3]">253</label>
<label id="[3,1,0]">253</label>
<label id="[3,1,1]">447</label>
<label id="[3,2,1]">253</label>
<label id="[3,2,2]">447</label>
<label id="[3,3,2]">253</label>
<label id="[3,3,3]">447</label>
<label id="[4,0,0]">336</label>
<label id="[4,0,3]">959</label>
<label id="[4,1,0]">959</label>
<label id="[4,1,1]">336</label>
<label id="[4,2,1]">959</label>
<label id="[4,2,2]">336</label>
<label id="[4,3,2]">959</label>
<label id="[4,3,3]">336</label>
<label id="[5,0,0]">839</label>
<label id="[5,0,1]">469</label>
<label id="[5,0,2]">469</label>
<label id="[5,0,3]">2767</label>
<label id="[5,1,0]">2648</label>
<label id="[5,1,1]">714</label>
<label id="[5,2,1]">2648</label>
<label id="[5,2,2]">714</label>
<label id="[5,3,2]">2648</label>
<label id="[5,3,3]">714</label>
<label id="[6,0,0]">321</label>
<label id="[6,1,1]">321</label>
<label id="[6,2,2]">321</label>
<label id="[6,3,3]">321</label>
<label id="[7,0,0]">447</label>
<label id="[7,0,3]">2545</label>
<label id="[7,1,0]">2545</label>
<label id="[7,1,1]">447</label>
<label id="[7,2,1]">2545</label>
<label id="[7,2,2]">447</label>
<label id="[7,3,2]">2545</label>
<label id="[7,3,3]">447</label>
<label id="[8,0,0]">329</label>
<label id="[8,0,3]">906</label>
<label id="[8,1,0]">906</label>
<label id="[8,1,1]">329</label>
<label id="[8,2,1]">906</label>
<label id="[8,2,2]">329</label>
<label id="[8,3,2]">906</label>
<label id="[8,3,3]">329</label>
<label id="[9,0,0]">253</label>
<label id="[9,1,1]">253</label>
<label id="[9,2,2]">253</label>
<label id="[9,3,3]">253</label>
</state-labels><state-labels procid="3">
<label id="[0,{0|0|0|0|0},0,0]">1421</label>
<label id="[0,{0|0|0|0|0},0,1]">1464</label>
<label id="[0,{0|0|0|0|0},0,2]">1464</label>
<label id="[0,{0|0|0|0|0},0,3]">1410</label>
<label id="[0,{0|0|0|0|0},1,0]">491</label>
<label id="[0,{0|0|0|0|0},1,1]">504</label>
<label id="[0,{0|0|0|0|0},1,2]">504</label>
<label id="[0,{0|0|0|0|0},1,3]">491</label>
<label id="[0,{0|0|0|0|0},2,0]">3</label>
<label id="[0,{0|0|0|0|0},2,1]">5</label>
<label id="[0,{0|0|0|0|0},2,2]">5</label>
<label id="[0,{0|0|0|0|0},2,3]">3</label>
<label id="[0,{11|0|0|0|0},1,1]">1050</label>
<label id="[0,{11|0|0|0|0},2,1]">527</label>
<label id="[0,{11|0|0|0|0},3,1]">3</label>
<label id="[0,{11|11|0|0|0},2,1]">1050</label>
<label id="[0,{11|11|0|0|0},3,1]">527</label>
<label id="[0,{11|11|0|0|0},4,1]">3</label>
<label id="[0,{11|11|11|0|0},3,1]">1050</label>
<label id="[0,{11|11|11|0|0},4,1]">527</label>
<label id="[0,{11|11|11|0|0},5,1]">3</label>
<label id="[0,{11|11|11|11|0},4,1]">1019</label>
<label id="[0,{11|11|11|11|0},5,1]">521</label>
<label id="[0,{11|11|11|11|11},5,1]">869</label>
<label id="[0,{11|11|11|11|19},5,2]">110</label>
<label id="[0,{11|11|11|11|20},5,2]">75</label>
<label id="[0,{11|11|11|19|0},4,2]">118</label>
<label id="[0,{11|11|11|19|0},5,2]">60</label>
<label id="[0,{11|11|11|19|19},5,2]">110</label>
<label id="[0,{11|11|11|20|0},4,2]">77</label>
<label id="[0,{11|11|11|20|0},5,2]">60</label>
<label id="[0,{11|11|11|20|19},5,2]">113</label>
<label id="[0,{11|11|11|20|20},5,2]">34</label>
<label id="[0,{11|11|19|0|0},3,2]">119</label>
<label id="[0,{11|11|19|0|0},4,2]">60</label>
<label id="[0,{11|11|19|0|0},5,2]">1</label>
<label id="[0,{11|11|19|19|0},4,2]">118</label>
<label id="[0,{11|11|19|19|0},5,2]">60</label>
<label id="[0,{11|11|19|19|19},5,2]">110</label>
<label id="[0,{11|11|20|0|0},3,2]">77</label>
<label id="[0,{11|11|20|0|0},4,2]">60</label>
<label id="[0,{11|11|20|0|0},5,2]">1</label>
<label id="[0,{11|11|20|19|0},4,2]">119</label>
<label id="[0,{11|11|20|19|0},5,2]">60</label>
<label id="[0,{11|11|20|19|19},5,2]">113</label>
<label id="[0,{11|11|20|20|0},4,2]">35</label>
<label id="[0,{11|11|20|20|0},5,2]">18</label>
<label id="[0,{11|11|20|20|19},5,2]">34</label>
<label id="[0,{11|11|20|20|20},5,2]">34</label>
<label id="[0,{11|19|0|0|0},2,2]">119</label>
<label id="[0,{11|19|0|0|0},3,2]">60</label>
<label id="[0,{11|19|0|0|0},4,2]">1</label>
<label id="[0,{11|19|19|0|0},3,2]">119</label>
<label id="[0,{11|19|19|0|0},4,2]">60</label>
<label id="[0,{11|19|19|0|0},5,2]">1</label>
<label id="[0,{11|19|19|19|0},4,2]">118</label>
<label id="[0,{11|19|19|19|0},5,2]">60</label>
<label id="[0,{11|19|19|19|19},5,2]">110</label>
<label id="[0,{11|20|0|0|0},2,2]">77</label>
<label id="[0,{11|20|0|0|0},3,2]">60</label>
<label id="[0,{11|20|0|0|0},4,2]">1</label>
<label id="[0,{11|20|19|0|0},3,2]">119</label>
<label id="[0,{11|20|19|0|0},4,2]">60</label>
<label id="[0,{11|20|19|0|0},5,2]">1</label>
<label id="[0,{11|20|19|19|0},4,2]">119</label>
<label id="[0,{11|20|19|19|0},5,2]">60</label>
<label id="[0,{11|20|19|19|19},5,2]">113</label>
<label id="[0,{11|20|20|0|0},3,2]">35</label>
<label id="[0,{11|20|20|0|0},4,2]">18</label>
<label id="[0,{11|20|20|0|0},5,2]">1</label>
<label id="[0,{11|20|20|19|0},4,2]">35</label>
<label id="[0,{11|20|20|19|0},5,2]">18</label>
<label id="[0,{11|20|20|19|19},5,2]">34</label>
<label id="[0,{11|20|20|20|0},4,2]">35</label>
<label id="[0,{11|20|20|20|0},5,2]">18</label>
<label id="[0,{11|20|20|20|19},5,2]">34</label>
<label id="[0,{11|20|20|20|20},5,2]">34</label>
<label id="[0,{12|0|0|0|0},1,1]">136</label>
<label id="[0,{12|0|0|0|0},2,1]">90</label>
<label id="[0,{12|0|0|0|0},3,1]">2</label>
<label id="[0,{12|11|0|0|0},2,1]">178</label>
<label id="[0,{12|11|0|0|0},3,1]">90</label>
<label id="[0,{12|11|0|0|0},4,1]">2</label>
<label id="[0,{12|11|11|0|0},3,1]">178</label>
<label id="[0,{12|11|11|0|0},4,1]">90</label>
<label id="[0,{12|11|11|0|0},5,1]">2</label>
<label id="[0,{12|11|11|11|0},4,1]">177</label>
<label id="[0,{12|11|11|11|0},5,1]">90</label>
<label id="[0,{12|11|11|11|11},5,1]">167</label>
<label id="[0,{12|12|0|0|0},2,1]">94</label>
<label id="[0,{12|12|0|0|0},3,1]">48</label>
<label id="[0,{12|12|0|0|0},4,1]">2</label>
<label id="[0,{12|12|11|0|0},3,1]">94</label>
<label id="[0,{12|12|11|0|0},4,1]">48</label>
<label id="[0,{12|12|11|0|0},5,1]">2</label>
<label id="[0,{12|12|11|11|0},4,1]">93</label>
<label id="[0,{12|12|11|11|0},5,1]">48</label>
<label id="[0,{12|12|11|11|11},5,1]">88</label>
<label id="[0,{12|12|12|0|0},3,1]">94</label>
<label id="[0,{12|12|12|0|0},4,1]">48</label>
<label id="[0,{12|12|12|0|0},5,1]">2</label>
<label id="[0,{12|12|12|11|0},4,1]">93</label>
<label id="[0,{12|12|12|11|0},5,1]">48</label>
<label id="[0,{12|12|12|11|11},5,1]">88</label>
<label id="[0,{12|12|12|12|0},4,1]">93</label>
<label id="[0,{12|12|12|12|0},5,1]">48</label>
<label id="[0,{12|12|12|12|11},5,1]">90</label>
<label id="[0,{12|12|12|12|12},5,1]">88</label>
<label id="[0,{19|0|0|0|0},1,2]">1050</label>
<label id="[0,{19|0|0|0|0},2,2]">527</label>
<label id="[0,{19|0|0|0|0},3,2]">3</label>
<label id="[0,{19|19|0|0|0},2,2]">1050</label>
<label id="[0,{19|19|0|0|0},3,2]">527</label>
<label id="[0,{19|19|0|0|0},4,2]">3</label>
<label id="[0,{19|19|19|0|0},3,2]">1050</label>
<label id="[0,{19|19|19|0|0},4,2]">527</label>
<label id="[0,{19|19|19|0|0},5,2]">3</label>
<label id="[0,{19|19|19|19|0},4,2]">1019</label>
<label id="[0,{19|19|19|19|0},5,2]">521</label>
<label id="[0,{19|19|19|19|19},5,2]">869</label>
<label id="[0,{19|19|19|19|27},5,3]">110</label>
<label id="[0,{19|19|19|19|28},5,3]">75</label>
<label id="[0,{19|19|19|27|0},4,3]">118</label>
<label id="[0,{19|19|19|27|0},5,3]">60</label>
<label id="[0,{19|19|19|27|27},5,3]">110</label>
<label id="[0,{19|19|19|28|0},4,3]">77</label>
<label id="[0,{19|19|19|28|0},5,3]">60</label>
<label id="[0,{19|19|19|28|27},5,3]">113</label>
<label id="[0,{19|19|19|28|28},5,3]">34</label>
<label id="[0,{19|19|27|0|0},3,3]">119</label>
<label id="[0,{19|19|27|0|0},4,3]">60</label>
<label id="[0,{19|19|27|0|0},5,3]">1</label>
<label id="[0,{19|19|27|27|0},4,3]">118</label>
<label id="[0,{19|19|27|27|0},5,3]">60</label>
<label id="[0,{19|19|27|27|27},5,3]">110</label>
<label id="[0,{19|19|28|0|0},3,3]">77</label>
<label id="[0,{19|19|28|0|0},4,3]">60</label>
<label id="[0,{19|19|28|0|0},5,3]">1</label>
<label id="[0,{19|19|28|27|0},4,3]">119</label>
<label id="[0,{19|19|28|27|0},5,3]">60</label>
<label id="[0,{19|19|28|27|27},5,3]">113</label>
<label id="[0,{19|19|28|28|0},4,3]">35</label>
<label id="[0,{19|19|28|28|0},5,3]">18</label>
<label id="[0,{19|19|28|28|27},5,3]">34</label>
<label id="[0,{19|19|28|28|28},5,3]">34</label>
<label id="[0,{19|27|0|0|0},2,3]">119</label>
<label id="[0,{19|27|0|0|0},3,3]">60</label>
<label id="[0,{19|27|0|0|0},4,3]">1</label>
<label id="[0,{19|27|27|0|0},3,3]">119</label>
<label id="[0,{19|27|27|0|0},4,3]">60</label>
<label id="[0,{19|27|27|0|0},5,3]">1</label>
<label id="[0,{19|27|27|27|0},4,3]">118</label>
<label id="[0,{19|27|27|27|0},5,3]">60</label>
<label id="[0,{19|27|27|27|27},5,3]">110</label>
<label id="[0,{19|28|0|0|0},2,3]">77</label>
<label id="[0,{19|28|0|0|0},3,3]">60</label>
<label id="[0,{19|28|0|0|0},4,3]">1</label>
<label id="[0,{19|28|27|0|0},3,3]">119</label>
<label id="[0,{19|28|27|0|0},4,3]">60</label>
<label id="[0,{19|28|27|0|0},5,3]">1</label>
<label id="[0,{19|28|27|27|0},4,3]">119</label>
<label id="[0,{19|28|27|27|0},5,3]">60</label>
<label id="[0,{19|28|27|27|27},5,3]">113</label>
<label id="[0,{19|28|28|0|0},3,3]">35</label>
<label id="[0,{19|28|28|0|0},4,3]">18</label>
<label id="[0,{19|28|28|0|0},5,3]">1</label>
<label id="[0,{19|28|28|27|0},4,3]">35</label>
<label id="[0,{19|28|28|27|0},5,3]">18</label>
<label id="[0,{19|28|28|27|27},5,3]">34</label>
<label id="[0,{19|28|28|28|0},4,3]">35</label>
<label id="[0,{19|28|28|28|0},5,3]">18</label>
<label id="[0,{19|28|28|28|27},5,3]">34</label>
<label id="[0,{19|28|28|28|28},5,3]">34</label>
<label id="[0,{20|0|0|0|0},1,2]">136</label>
<label id="[0,{20|0|0|0|0},2,2]">90</label>
<label id="[0,{20|0|0|0|0},3,2]">2</label>
<label id="[0,{20|19|0|0|0},2,2]">178</label>
<label id="[0,{20|19|0|0|0},3,2]">90</label>
<label id="[0,{20|19|0|0|0},4,2]">2</label>
<label id="[0,{20|19|19|0|0},3,2]">178</label>
<label id="[0,{20|19|19|0|0},4,2]">90</label>
<label id="[0,{20|19|19|0|0},5,2]">2</label>
<label id="[0,{20|19|19|19|0},4,2]">177</label>
<label id="[0,{20|19|19|19|0},5,2]">90</label>
<label id="[0,{20|19|19|19|19},5,2]">167</label>
<label id="[0,{20|20|0|0|0},2,2]">94</label>
<label id="[0,{20|20|0|0|0},3,2]">48</label>
<label id="[0,{20|20|0|0|0},4,2]">2</label>
<label id="[0,{20|20|19|0|0},3,2]">94</label>
<label id="[0,{20|20|19|0|0},4,2]">48</label>
<label id="[0,{20|20|19|0|0},5,2]">2</label>
<label id="[0,{20|20|19|19|0},4,2]">93</label>
<label id="[0,{20|20|19|19|0},5,2]">48</label>
<label id="[0,{20|20|19|19|19},5,2]">88</label>
<label id="[0,{20|20|20|0|0},3,2]">94</label>
<label id="[0,{20|20|20|0|0},4,2]">48</label>
<label id="[0,{20|20|20|0|0},5,2]">2</label>
<label id="[0,{20|20|20|19|0},4,2]">93</label>
<label id="[0,{20|20|20|19|0},5,2]">48</label>
<label id="[0,{20|20|20|19|19},5,2]">88</label>
<label id="[0,{20|20|20|20|0},4,2]">93</label>
<label id="[0,{20|20|20|20|0},5,2]">48</label>
<label id="[0,{20|20|20|20|19},5,2]">90</label>
<label id="[0,{20|20|20|20|20},5,2]">88</label>
<label id="[0,{27|0|0|0|0},1,3]">1050</label>
<label id="[0,{27|0|0|0|0},2,3]">527</label>
<label id="[0,{27|0|0|0|0},3,3]">3</label>
<label id="[0,{27|27|0|0|0},2,3]">1050</label>
<label id="[0,{27|27|0|0|0},3,3]">527</label>
<label id="[0,{27|27|0|0|0},4,3]">3</label>
<label id="[0,{27|27|27|0|0},3,3]">1050</label>
<label id="[0,{27|27|27|0|0},4,3]">527</label>
<label id="[0,{27|27|27|0|0},5,3]">3</label>
<label id="[0,{27|27|27|27|0},4,3]">1019</label>
<label id="[0,{27|27|27|27|0},5,3]">521</label>
<label id="[0,{27|27|27|27|27},5,3]">869</label>
<label id="[0,{27|27|27|27|3},5,0]">110</label>
<label id="[0,{27|27|27|27|4},5,0]">75</label>
<label id="[0,{27|27|27|3|0},4,0]">118</label>
<label id="[0,{27|27|27|3|0},5,0]">60</label>
<label id="[0,{27|27|27|3|3},5,0]">110</label>
<label id="[0,{27|27|27|4|0},4,0]">77</label>
<label id="[0,{27|27|27|4|0},5,0]">60</label>
<label id="[0,{27|27|27|4|3},5,0]">113</label>
<label id="[0,{27|27|27|4|4},5,0]">34</label>
<label id="[0,{27|27|3|0|0},3,0]">119</label>
<label id="[0,{27|27|3|0|0},4,0]">60</label>
<label id="[0,{27|27|3|0|0},5,0]">1</label>
<label id="[0,{27|27|3|3|0},4,0]">118</label>
<label id="[0,{27|27|3|3|0},5,0]">60</label>
<label id="[0,{27|27|3|3|3},5,0]">110</label>
<label id="[0,{27|27|4|0|0},3,0]">77</label>
<label id="[0,{27|27|4|0|0},4,0]">60</label>
<label id="[0,{27|27|4|0|0},5,0]">1</label>
<label id="[0,{27|27|4|3|0},4,0]">119</label>
<label id="[0,{27|27|4|3|0},5,0]">60</label>
<label id="[0,{27|27|4|3|3},5,0]">113</label>
<label id="[0,{27|27|4|4|0},4,0]">35</label>
<label id="[0,{27|27|4|4|0},5,0]">18</label>
<label id="[0,{27|27|4|4|3},5,0]">34</label>
<label id="[0,{27|27|4|4|4},5,0]">34</label>
<label id="[0,{27|3|0|0|0},2,0]">119</label>
<label id="[0,{27|3|0|0|0},3,0]">60</label>
<label id="[0,{27|3|0|0|0},4,0]">1</label>
<label id="[0,{27|3|3|0|0},3,0]">119</label>
<label id="[0,{27|3|3|0|0},4,0]">60</label>
<label id="[0,{27|3|3|0|0},5,0]">1</label>
<label id="[0,{27|3|3|3|0},4,0]">118</label>
<label id="[0,{27|3|3|3|0},5,0]">60</label>
<label id="[0,{27|3|3|3|3},5,0]">110</label>
<label id="[0,{27|4|0|0|0},2,0]">77</label>
<label id="[0,{27|4|0|0|0},3,0]">60</label>
<label id="[0,{27|4|0|0|0},4,0]">1</label>
<label id="[0,{27|4|3|0|0},3,0]">119</label>
<label id="[0,{27|4|3|0|0},4,0]">60</label>
<label id="[0,{27|4|3|0|0},5,0]">1</label>
<label id="[0,{27|4|3|3|0},4,0]">119</label>
<label id="[0,{27|4|3|3|0},5,0]">60</label>
<label id="[0,{27|4|3|3|3},5,0]">113</label>
<label id="[0,{27|4|4|0|0},3,0]">35</label>
<label id="[0,{27|4|4|0|0},4,0]">18</label>
<label id="[0,{27|4|4|0|0},5,0]">1</label>
<label id="[0,{27|4|4|3|0},4,0]">35</label>
<label id="[0,{27|4|4|3|0},5,0]">18</label>
<label id="[0,{27|4|4|3|3},5,0]">34</label>
<label id="[0,{27|4|4|4|0},4,0]">35</label>
<label id="[0,{27|4|4|4|0},5,0]">18</label>
<label id="[0,{27|4|4|4|3},5,0]">34</label>
<label id="[0,{27|4|4|4|4},5,0]">34</label>
<label id="[0,{28|0|0|0|0},1,3]">136</label>
<label id="[0,{28|0|0|0|0},2,3]">90</label>
<label id="[0,{28|0|0|0|0},3,3]">2</label>
<label id="[0,{28|27|0|0|0},2,3]">178</label>
<label id="[0,{28|27|0|0|0},3,3]">90</label>
<label id="[0,{28|27|0|0|0},4,3]">2</label>
<label id="[0,{28|27|27|0|0},3,3]">178</label>
<label id="[0,{28|27|27|0|0},4,3]">90</label>
<label id="[0,{28|27|27|0|0},5,3]">2</label>
<label id="[0,{28|27|27|27|0},4,3]">177</label>
<label id="[0,{28|27|27|27|0},5,3]">90</label>
<label id="[0,{28|27|27|27|27},5,3]">167</label>
<label id="[0,{28|28|0|0|0},2,3]">94</label>
<label id="[0,{28|28|0|0|0},3,3]">48</label>
<label id="[0,{28|28|0|0|0},4,3]">2</label>
<label id="[0,{28|28|27|0|0},3,3]">94</label>
<label id="[0,{28|28|27|0|0},4,3]">48</label>
<label id="[0,{28|28|27|0|0},5,3]">2</label>
<label id="[0,{28|28|27|27|0},4,3]">93</label>
<label id="[0,{28|28|27|27|0},5,3]">48</label>
<label id="[0,{28|28|27|27|27},5,3]">88</label>
<label id="[0,{28|28|28|0|0},3,3]">94</label>
<label id="[0,{28|28|28|0|0},4,3]">48</label>
<label id="[0,{28|28|28|0|0},5,3]">2</label>
<label id="[0,{28|28|28|27|0},4,3]">93</label>
<label id="[0,{28|28|28|27|0},5,3]">48</label>
<label id="[0,{28|28|28|27|27},5,3]">88</label>
<label id="[0,{28|28|28|28|0},4,3]">93</label>
<label id="[0,{28|28|28|28|0},5,3]">48</label>
<label id="[0,{28|28|28|28|27},5,3]">90</label>
<label id="[0,{28|28|28|28|28},5,3]">88</label>
<label id="[0,{3|0|0|0|0},1,0]">1096</label>
<label id="[0,{3|0|0|0|0},2,0]">551</label>
<label id="[0,{3|0|0|0|0},3,0]">5</label>
<label id="[0,{3|11|0|0|0},2,1]">119</label>
<label id="[0,{3|11|0|0|0},3,1]">60</label>
<label id="[0,{3|11|0|0|0},4,1]">1</label>
<label id="[0,{3|11|11|0|0},3,1]">119</label>
<label id="[0,{3|11|11|0|0},4,1]">60</label>
<label id="[0,{3|11|11|0|0},5,1]">1</label>
<label id="[0,{3|11|11|11|0},4,1]">118</label>
<label id="[0,{3|11|11|11|0},5,1]">60</label>
<label id="[0,{3|11|11|11|11},5,1]">110</label>
<label id="[0,{3|12|0|0|0},2,1]">77</label>
<label id="[0,{3|12|0|0|0},3,1]">60</label>
<label id="[0,{3|12|0|0|0},4,1]">1</label>
<label id="[0,{3|12|11|0|0},3,1]">119</label>
<label id="[0,{3|12|11|0|0},4,1]">60</label>
<label id="[0,{3|12|11|0|0},5,1]">1</label>
<label id="[0,{3|12|11|11|0},4,1]">119</label>
<label id="[0,{3|12|11|11|0},5,1]">60</label>
<label id="[0,{3|12|11|11|11},5,1]">113</label>
<label id="[0,{3|12|12|0|0},3,1]">35</label>
<label id="[0,{3|12|12|0|0},4,1]">18</label>
<label id="[0,{3|12|12|0|0},5,1]">1</label>
<label id="[0,{3|12|12|11|0},4,1]">35</label>
<label id="[0,{3|12|12|11|0},5,1]">18</label>
<label id="[0,{3|12|12|11|11},5,1]">34</label>
<label id="[0,{3|12|12|12|0},4,1]">35</label>
<label id="[0,{3|12|12|12|0},5,1]">18</label>
<label id="[0,{3|12|12|12|11},5,1]">34</label>
<label id="[0,{3|12|12|12|12},5,1]">34</label>
<label id="[0,{3|3|0|0|0},2,0]">1096</label>
<label id="[0,{3|3|0|0|0},3,0]">551</label>
<label id="[0,{3|3|0|0|0},4,0]">5</label>
<label id="[0,{3|3|11|0|0},3,1]">119</label>
<label id="[0,{3|3|11|0|0},4,1]">60</label>
<label id="[0,{3|3|11|0|0},5,1]">1</label>
<label id="[0,{3|3|11|11|0},4,1]">118</label>
<label id="[0,{3|3|11|11|0},5,1]">60</label>
<label id="[0,{3|3|11|11|11},5,1]">110</label>
<label id="[0,{3|3|12|0|0},3,1]">77</label>
<label id="[0,{3|3|12|0|0},4,1]">60</label>
<label id="[0,{3|3|12|0|0},5,1]">1</label>
<label id="[0,{3|3|12|11|0},4,1]">119</label>
<label id="[0,{3|3|12|11|0},5,1]">60</label>
<label id="[0,{3|3|12|11|11},5,1]">113</label>
<label id="[0,{3|3|12|12|0},4,1]">35</label>
<label id="[0,{3|3|12|12|0},5,1]">18</label>
<label id="[0,{3|3|12|12|11},5,1]">34</label>
<label id="[0,{3|3|12|12|12},5,1]">34</label>
<label id="[0,{3|3|3|0|0},3,0]">1096</label>
<label id="[0,{3|3|3|0|0},4,0]">551</label>
<label id="[0,{3|3|3|0|0},5,0]">5</label>
<label id="[0,{3|3|3|11|0},4,1]">118</label>
<label id="[0,{3|3|3|11|0},5,1]">60</label>
<label id="[0,{3|3|3|11|11},5,1]">110</label>
<label id="[0,{3|3|3|12|0},4,1]">77</label>
<label id="[0,{3|3|3|12|0},5,1]">60</label>
<label id="[0,{3|3|3|12|11},5,1]">113</label>
<label id="[0,{3|3|3|12|12},5,1]">34</label>
<label id="[0,{3|3|3|3|0},4,0]">1065</label>
<label id="[0,{3|3|3|3|0},5,0]">545</label>
<label id="[0,{3|3|3|3|11},5,1]">110</label>
<label id="[0,{3|3|3|3|12},5,1]">75</label>
<label id="[0,{3|3|3|3|3},5,0]">915</label>
<label id="[0,{4|0|0|0|0},1,0]">182</label>
<label id="[0,{4|0|0|0|0},2,0]">114</label>
<label id="[0,{4|0|0|0|0},3,0]">4</label>
<label id="[0,{4|3|0|0|0},2,0]">224</label>
<label id="[0,{4|3|0|0|0},3,0]">114</label>
<label id="[0,{4|3|0|0|0},4,0]">4</label>
<label id="[0,{4|3|3|0|0},3,0]">224</label>
<label id="[0,{4|3|3|0|0},4,0]">114</label>
<label id="[0,{4|3|3|0|0},5,0]">4</label>
<label id="[0,{4|3|3|3|0},4,0]">223</label>
<label id="[0,{4|3|3|3|0},5,0]">114</label>
<label id="[0,{4|3|3|3|3},5,0]">213</label>
<label id="[0,{4|4|0|0|0},2,0]">140</label>
<label id="[0,{4|4|0|0|0},3,0]">72</label>
<label id="[0,{4|4|0|0|0},4,0]">4</label>
<label id="[0,{4|4|3|0|0},3,0]">140</label>
<label id="[0,{4|4|3|0|0},4,0]">72</label>
<label id="[0,{4|4|3|0|0},5,0]">4</label>
<label id="[0,{4|4|3|3|0},4,0]">139</label>
<label id="[0,{4|4|3|3|0},5,0]">72</label>
<label id="[0,{4|4|3|3|3},5,0]">134</label>
<label id="[0,{4|4|4|0|0},3,0]">140</label>
<label id="[0,{4|4|4|0|0},4,0]">72</label>
<label id="[0,{4|4|4|0|0},5,0]">4</label>
<label id="[0,{4|4|4|3|0},4,0]">139</label>
<label id="[0,{4|4|4|3|0},5,0]">72</label>
<label id="[0,{4|4|4|3|3},5,0]">134</label>
<label id="[0,{4|4|4|4|0},4,0]">139</label>
<label id="[0,{4|4|4|4|0},5,0]">72</label>
<label id="[0,{4|4|4|4|3},5,0]">136</label>
<label id="[0,{4|4|4|4|4},5,0]">134</label>
</state-labels><state-labels procid="4">
<label id="[0,{0|0|0|0|0},0,0]">1186</label>
<label id="[0,{0|0|0|0|0},0,1]">973</label>
<label id="[0,{0|0|0|0|0},0,2]">973</label>
<label id="[0,{0|0|0|0|0},0,3]">973</label>
<label id="[0,{0|0|0|0|0},1,0]">335</label>
<label id="[0,{0|0|0|0|0},1,1]">214</label>
<label id="[0,{0|0|0|0|0},1,2]">214</label>
<label id="[0,{0|0|0|0|0},1,3]">214</label>
<label id="[0,{0|0|0|0|0},2,0]">6</label>
<label id="[0,{0|0|0|0|0},2,1]">4</label>
<label id="[0,{0|0|0|0|0},2,2]">4</label>
<label id="[0,{0|0|0|0|0},2,3]">4</label>
<label id="[0,{0|1|0|0|0},2,0]">18</label>
<label id="[0,{0|1|0|0|0},3,0]">18</label>
<label id="[0,{0|1|1|0|0},3,0]">18</label>
<label id="[0,{0|1|1|0|0},4,0]">18</label>
<label id="[0,{0|1|1|1|0},4,0]">18</label>
<label id="[0,{0|1|1|1|0},5,0]">18</label>
<label id="[0,{0|1|1|1|1},5,0]">18</label>
<label id="[0,{10|0|0|0|0},1,1]">255</label>
<label id="[0,{10|0|0|0|0},2,1]">130</label>
<label id="[0,{10|0|0|0|0},3,1]">3</label>
<label id="[0,{10|0|1|0|0},3,0]">3</label>
<label id="[0,{10|0|1|0|0},4,0]">3</label>
<label id="[0,{10|0|1|1|0},4,0]">3</label>
<label id="[0,{10|0|1|1|0},5,0]">3</label>
<label id="[0,{10|0|1|1|1},5,0]">3</label>
<label id="[0,{10|10|0|0|0},2,1]">255</label>
<label id="[0,{10|10|0|0|0},3,1]">130</label>
<label id="[0,{10|10|0|0|0},4,1]">3</label>
<label id="[0,{10|10|0|1|0},4,0]">3</label>
<label id="[0,{10|10|0|1|0},5,0]">3</label>
<label id="[0,{10|10|0|1|1},5,0]">3</label>
<label id="[0,{10|10|10|0|0},3,1]">255</label>
<label id="[0,{10|10|10|0|0},4,1]">130</label>
<label id="[0,{10|10|10|0|0},5,1]">3</label>
<label id="[0,{10|10|10|0|1},5,0]">3</label>
<label id="[0,{10|10|10|10|0},4,1]">245</label>
<label id="[0,{10|10|10|10|0},5,1]">129</label>
<label id="[0,{10|10|10|10|10},5,1]">214</label>
<label id="[0,{10|10|10|10|9},5,1]">314</label>
<label id="[0,{10|10|10|9|0},4,1]">336</label>
<label id="[0,{10|10|10|9|0},5,1]">130</label>
<label id="[0,{10|10|10|9|10},5,1]">34</label>
<label id="[0,{10|10|10|9|17},5,2]">31</label>
<label id="[0,{10|10|10|9|18},5,2]">31</label>
<label id="[0,{10|10|10|9|9},5,1]">316</label>
<label id="[0,{10|10|9|0|0},3,1]">338</label>
<label id="[0,{10|10|9|0|0},4,1]">130</label>
<label id="[0,{10|10|9|0|0},5,1]">3</label>
<label id="[0,{10|10|9|0|1},5,0]">3</label>
<label id="[0,{10|10|9|10|0},4,1]">35</label>
<label id="[0,{10|10|9|10|0},5,1]">18</label>
<label id="[0,{10|10|9|10|9},5,1]">50</label>
<label id="[0,{10|10|9|17|0},4,2]">34</label>
<label id="[0,{10|10|9|17|0},5,2]">18</label>
<label id="[0,{10|10|9|17|17},5,2]">34</label>
<label id="[0,{10|10|9|18|0},4,2]">34</label>
<label id="[0,{10|10|9|18|0},5,2]">18</label>
<label id="[0,{10|10|9|18|17},5,2]">34</label>
<label id="[0,{10|10|9|18|18},5,2]">31</label>
<label id="[0,{10|10|9|9|0},4,1]">337</label>
<label id="[0,{10|10|9|9|0},5,1]">130</label>
<label id="[0,{10|10|9|9|10},5,1]">34</label>
<label id="[0,{10|10|9|9|17},5,2]">31</label>
<label id="[0,{10|10|9|9|18},5,2]">31</label>
<label id="[0,{10|10|9|9|9},5,1]">316</label>
<label id="[0,{10|9|0|0|0},2,1]">338</label>
<label id="[0,{10|9|0|0|0},3,1]">130</label>
<label id="[0,{10|9|0|0|0},4,1]">3</label>
<label id="[0,{10|9|0|1|0},4,0]">3</label>
<label id="[0,{10|9|0|1|0},5,0]">3</label>
<label id="[0,{10|9|0|1|1},5,0]">3</label>
<label id="[0,{10|9|10|0|0},3,1]">35</label>
<label id="[0,{10|9|10|0|0},4,1]">18</label>
<label id="[0,{10|9|10|0|0},5,1]">1</label>
<label id="[0,{10|9|10|0|1},5,0]">1</label>
<label id="[0,{10|9|10|9|0},4,1]">52</label>
<label id="[0,{10|9|10|9|0},5,1]">18</label>
<label id="[0,{10|9|10|9|10},5,1]">34</label>
<label id="[0,{10|9|10|9|9},5,1]">50</label>
<label id="[0,{10|9|17|0|0},3,2]">35</label>
<label id="[0,{10|9|17|0|0},4,2]">18</label>
<label id="[0,{10|9|17|0|0},5,2]">1</label>
<label id="[0,{10|9|17|0|1},5,0]">1</label>
<label id="[0,{10|9|17|17|0},4,2]">35</label>
<label id="[0,{10|9|17|17|0},5,2]">18</label>
<label id="[0,{10|9|17|17|17},5,2]">34</label>
<label id="[0,{10|9|18|0|0},3,2]">35</label>
<label id="[0,{10|9|18|0|0},4,2]">18</label>
<label id="[0,{10|9|18|0|0},5,2]">1</label>
<label id="[0,{10|9|18|0|1},5,0]">1</label>
<label id="[0,{10|9|18|17|0},4,2]">35</label>
<label id="[0,{10|9|18|17|0},5,2]">18</label>
<label id="[0,{10|9|18|17|17},5,2]">34</label>
<label id="[0,{10|9|18|18|0},4,2]">34</label>
<label id="[0,{10|9|18|18|0},5,2]">18</label>
<label id="[0,{10|9|18|18|17},5,2]">34</label>
<label id="[0,{10|9|18|18|18},5,2]">31</label>
<label id="[0,{10|9|9|0|0},3,1]">339</label>
<label id="[0,{10|9|9|0|0},4,1]">130</label>
<label id="[0,{10|9|9|0|0},5,1]">3</label>
<label id="[0,{10|9|9|0|1},5,0]">3</label>
<label id="[0,{10|9|9|10|0},4,1]">35</label>
<label id="[0,{10|9|9|10|0},5,1]">18</label>
<label id="[0,{10|9|9|10|9},5,1]">50</label>
<label id="[0,{10|9|9|17|0},4,2]">34</label>
<label id="[0,{10|9|9|17|0},5,2]">18</label>
<label id="[0,{10|9|9|17|17},5,2]">34</label>
<label id="[0,{10|9|9|18|0},4,2]">34</label>
<label id="[0,{10|9|9|18|0},5,2]">18</label>
<label id="[0,{10|9|9|18|17},5,2]">34</label>
<label id="[0,{10|9|9|18|18},5,2]">31</label>
<label id="[0,{10|9|9|9|0},4,1]">337</label>
<label id="[0,{10|9|9|9|0},5,1]">130</label>
<label id="[0,{10|9|9|9|10},5,1]">34</label>
<label id="[0,{10|9|9|9|17},5,2]">31</label>
<label id="[0,{10|9|9|9|18},5,2]">31</label>
<label id="[0,{10|9|9|9|9},5,1]">316</label>
<label id="[0,{17|0|0|0|0},1,2]">629</label>
<label id="[0,{17|0|0|0|0},2,2]">226</label>
<label id="[0,{17|0|0|0|0},3,2]">3</label>
<label id="[0,{17|0|1|0|0},3,0]">3</label>
<label id="[0,{17|0|1|0|0},4,0]">3</label>
<label id="[0,{17|0|1|1|0},4,0]">3</label>
<label id="[0,{17|0|1|1|0},5,0]">3</label>
<label id="[0,{17|0|1|1|1},5,0]">3</label>
<label id="[0,{17|17|0|0|0},2,2]">629</label>
<label id="[0,{17|17|0|0|0},3,2]">226</label>
<label id="[0,{17|17|0|0|0},4,2]">3</label>
<label id="[0,{17|17|0|1|0},4,0]">3</label>
<label id="[0,{17|17|0|1|0},5,0]">3</label>
<label id="[0,{17|17|0|1|1},5,0]">3</label>
<label id="[0,{17|17|17|0|0},3,2]">629</label>
<label id="[0,{17|17|17|0|0},4,2]">226</label>
<label id="[0,{17|17|17|0|0},5,2]">3</label>
<label id="[0,{17|17|17|0|1},5,0]">3</label>
<label id="[0,{17|17|17|17|0},4,2]">622</label>
<label id="[0,{17|17|17|17|0},5,2]">226</label>
<label id="[0,{17|17|17|17|17},5,2]">569</label>
<label id="[0,{17|17|17|17|18},5,2]">34</label>
<label id="[0,{17|17|17|17|25},5,3]">31</label>
<label id="[0,{17|17|17|17|26},5,3]">31</label>
<label id="[0,{17|17|17|18|0},4,2]">35</label>
<label id="[0,{17|17|17|18|0},5,2]">18</label>
<label id="[0,{17|17|17|18|17},5,2]">50</label>
<label id="[0,{17|17|17|25|0},4,3]">34</label>
<label id="[0,{17|17|17|25|0},5,3]">18</label>
<label id="[0,{17|17|17|25|25},5,3]">34</label>
<label id="[0,{17|17|17|26|0},4,3]">34</label>
<label id="[0,{17|17|17|26|0},5,3]">18</label>
<label id="[0,{17|17|17|26|25},5,3]">34</label>
<label id="[0,{17|17|17|26|26},5,3]">31</label>
<label id="[0,{17|17|18|0|0},3,2]">35</label>
<label id="[0,{17|17|18|0|0},4,2]">18</label>
<label id="[0,{17|17|18|0|0},5,2]">1</label>
<label id="[0,{17|17|18|0|1},5,0]">1</label>
<label id="[0,{17|17|18|17|0},4,2]">52</label>
<label id="[0,{17|17|18|17|0},5,2]">18</label>
<label id="[0,{17|17|18|17|17},5,2]">50</label>
<label id="[0,{17|17|18|17|18},5,2]">34</label>
<label id="[0,{17|17|25|0|0},3,3]">35</label>
<label id="[0,{17|17|25|0|0},4,3]">18</label>
<label id="[0,{17|17|25|0|0},5,3]">1</label>
<label id="[0,{17|17|25|0|1},5,0]">1</label>
<label id="[0,{17|17|25|25|0},4,3]">35</label>
<label id="[0,{17|17|25|25|0},5,3]">18</label>
<label id="[0,{17|17|25|25|25},5,3]">34</label>
<label id="[0,{17|17|26|0|0},3,3]">35</label>
<label id="[0,{17|17|26|0|0},4,3]">18</label>
<label id="[0,{17|17|26|0|0},5,3]">1</label>
<label id="[0,{17|17|26|0|1},5,0]">1</label>
<label id="[0,{17|17|26|25|0},4,3]">35</label>
<label id="[0,{17|17|26|25|0},5,3]">18</label>
<label id="[0,{17|17|26|25|25},5,3]">34</label>
<label id="[0,{17|17|26|26|0},4,3]">34</label>
<label id="[0,{17|17|26|26|0},5,3]">18</label>
<label id="[0,{17|17|26|26|25},5,3]">34</label>
<label id="[0,{17|17|26|26|26},5,3]">31</label>
<label id="[0,{17|18|0|0|0},2,2]">35</label>
<label id="[0,{17|18|0|0|0},3,2]">18</label>
<label id="[0,{17|18|0|0|0},4,2]">1</label>
<label id="[0,{17|18|0|1|0},4,0]">1</label>
<label id="[0,{17|18|0|1|0},5,0]">1</label>
<label id="[0,{17|18|0|1|1},5,0]">1</label>
<label id="[0,{17|18|17|0|0},3,2]">52</label>
<label id="[0,{17|18|17|0|0},4,2]">18</label>
<label id="[0,{17|18|17|0|0},5,2]">1</label>
<label id="[0,{17|18|17|0|1},5,0]">1</label>
<label id="[0,{17|18|17|17|0},4,2]">52</label>
<label id="[0,{17|18|17|17|0},5,2]">18</label>
<label id="[0,{17|18|17|17|17},5,2]">50</label>
<label id="[0,{17|18|17|17|18},5,2]">34</label>
<label id="[0,{17|18|17|18|0},4,2]">35</label>
<label id="[0,{17|18|17|18|0},5,2]">18</label>
<label id="[0,{17|18|17|18|17},5,2]">50</label>
<label id="[0,{17|25|0|0|0},2,3]">35</label>
<label id="[0,{17|25|0|0|0},3,3]">18</label>
<label id="[0,{17|25|0|0|0},4,3]">1</label>
<label id="[0,{17|25|0|1|0},4,0]">1</label>
<label id="[0,{17|25|0|1|0},5,0]">1</label>
<label id="[0,{17|25|0|1|1},5,0]">1</label>
<label id="[0,{17|25|25|0|0},3,3]">35</label>
<label id="[0,{17|25|25|0|0},4,3]">18</label>
<label id="[0,{17|25|25|0|0},5,3]">1</label>
<label id="[0,{17|25|25|0|1},5,0]">1</label>
<label id="[0,{17|25|25|25|0},4,3]">35</label>
<label id="[0,{17|25|25|25|0},5,3]">18</label>
<label id="[0,{17|25|25|25|25},5,3]">34</label>
<label id="[0,{17|26|0|0|0},2,3]">35</label>
<label id="[0,{17|26|0|0|0},3,3]">18</label>
<label id="[0,{17|26|0|0|0},4,3]">1</label>
<label id="[0,{17|26|0|1|0},4,0]">1</label>
<label id="[0,{17|26|0|1|0},5,0]">1</label>
<label id="[0,{17|26|0|1|1},5,0]">1</label>
<label id="[0,{17|26|25|0|0},3,3]">35</label>
<label id="[0,{17|26|25|0|0},4,3]">18</label>
<label id="[0,{17|26|25|0|0},5,3]">1</label>
<label id="[0,{17|26|25|0|1},5,0]">1</label>
<label id="[0,{17|26|25|25|0},4,3]">35</label>
<label id="[0,{17|26|25|25|0},5,3]">18</label>
<label id="[0,{17|26|25|25|25},5,3]">34</label>
<label id="[0,{17|26|26|0|0},3,3]">35</label>
<label id="[0,{17|26|26|0|0},4,3]">18</label>
<label id="[0,{17|26|26|0|0},5,3]">1</label>
<label id="[0,{17|26|26|0|1},5,0]">1</label>
<label id="[0,{17|26|26|25|0},4,3]">35</label>
<label id="[0,{17|26|26|25|0},5,3]">18</label>
<label id="[0,{17|26|26|25|25},5,3]">34</label>
<label id="[0,{17|26|26|26|0},4,3]">34</label>
<label id="[0,{17|26|26|26|0},5,3]">18</label>
<label id="[0,{17|26|26|26|25},5,3]">34</label>
<label id="[0,{17|26|26|26|26},5,3]">31</label>
<label id="[0,{18|0|0|0|0},1,2]">255</label>
<label id="[0,{18|0|0|0|0},2,2]">130</label>
<label id="[0,{18|0|0|0|0},3,2]">3</label>
<label id="[0,{18|0|1|0|0},3,0]">3</label>
<label id="[0,{18|0|1|0|0},4,0]">3</label>
<label id="[0,{18|0|1|1|0},4,0]">3</label>
<label id="[0,{18|0|1|1|0},5,0]">3</label>
<label id="[0,{18|0|1|1|1},5,0]">3</label>
<label id="[0,{18|17|0|0|0},2,2]">338</label>
<label id="[0,{18|17|0|0|0},3,2]">130</label>
<label id="[0,{18|17|0|0|0},4,2]">3</label>
<label id="[0,{18|17|0|1|0},4,0]">3</label>
<label id="[0,{18|17|0|1|0},5,0]">3</label>
<label id="[0,{18|17|0|1|1},5,0]">3</label>
<label id="[0,{18|17|17|0|0},3,2]">339</label>
<label id="[0,{18|17|17|0|0},4,2]">130</label>
<label id="[0,{18|17|17|0|0},5,2]">3</label>
<label id="[0,{18|17|17|0|1},5,0]">3</label>
<label id="[0,{18|17|17|17|0},4,2]">337</label>
<label id="[0,{18|17|17|17|0},5,2]">130</label>
<label id="[0,{18|17|17|17|17},5,2]">316</label>
<label id="[0,{18|17|17|17|18},5,2]">34</label>
<label id="[0,{18|17|17|17|25},5,3]">31</label>
<label id="[0,{18|17|17|17|26},5,3]">31</label>
<label id="[0,{18|17|17|18|0},4,2]">35</label>
<label id="[0,{18|17|17|18|0},5,2]">18</label>
<label id="[0,{18|17|17|18|17},5,2]">50</label>
<label id="[0,{18|17|17|25|0},4,3]">34</label>
<label id="[0,{18|17|17|25|0},5,3]">18</label>
<label id="[0,{18|17|17|25|25},5,3]">34</label>
<label id="[0,{18|17|17|26|0},4,3]">34</label>
<label id="[0,{18|17|17|26|0},5,3]">18</label>
<label id="[0,{18|17|17|26|25},5,3]">34</label>
<label id="[0,{18|17|17|26|26},5,3]">31</label>
<label id="[0,{18|17|18|0|0},3,2]">35</label>
<label id="[0,{18|17|18|0|0},4,2]">18</label>
<label id="[0,{18|17|18|0|0},5,2]">1</label>
<label id="[0,{18|17|18|0|1},5,0]">1</label>
<label id="[0,{18|17|18|17|0},4,2]">52</label>
<label id="[0,{18|17|18|17|0},5,2]">18</label>
<label id="[0,{18|17|18|17|17},5,2]">50</label>
<label id="[0,{18|17|18|17|18},5,2]">34</label>
<label id="[0,{18|17|25|0|0},3,3]">35</label>
<label id="[0,{18|17|25|0|0},4,3]">18</label>
<label id="[0,{18|17|25|0|0},5,3]">1</label>
<label id="[0,{18|17|25|0|1},5,0]">1</label>
<label id="[0,{18|17|25|25|0},4,3]">35</label>
<label id="[0,{18|17|25|25|0},5,3]">18</label>
<label id="[0,{18|17|25|25|25},5,3]">34</label>
<label id="[0,{18|17|26|0|0},3,3]">35</label>
<label id="[0,{18|17|26|0|0},4,3]">18</label>
<label id="[0,{18|17|26|0|0},5,3]">1</label>
<label id="[0,{18|17|26|0|1},5,0]">1</label>
<label id="[0,{18|17|26|25|0},4,3]">35</label>
<label id="[0,{18|17|26|25|0},5,3]">18</label>
<label id="[0,{18|17|26|25|25},5,3]">34</label>
<label id="[0,{18|17|26|26|0},4,3]">34</label>
<label id="[0,{18|17|26|26|0},5,3]">18</label>
<label id="[0,{18|17|26|26|25},5,3]">34</label>
<label id="[0,{18|17|26|26|26},5,3]">31</label>
<label id="[0,{18|18|0|0|0},2,2]">255</label>
<label id="[0,{18|18|0|0|0},3,2]">130</label>
<label id="[0,{18|18|0|0|0},4,2]">3</label>
<label id="[0,{18|18|0|1|0},4,0]">3</label>
<label id="[0,{18|18|0|1|0},5,0]">3</label>
<label id="[0,{18|18|0|1|1},5,0]">3</label>
<label id="[0,{18|18|17|0|0},3,2]">338</label>
<label id="[0,{18|18|17|0|0},4,2]">130</label>
<label id="[0,{18|18|17|0|0},5,2]">3</label>
<label id="[0,{18|18|17|0|1},5,0]">3</label>
<label id="[0,{18|18|17|17|0},4,2]">337</label>
<label id="[0,{18|18|17|17|0},5,2]">130</label>
<label id="[0,{18|18|17|17|17},5,2]">316</label>
<label id="[0,{18|18|17|17|18},5,2]">34</label>
<label id="[0,{18|18|17|17|25},5,3]">31</label>
<label id="[0,{18|18|17|17|26},5,3]">31</label>
<label id="[0,{18|18|17|18|0},4,2]">35</label>
<label id="[0,{18|18|17|18|0},5,2]">18</label>
<label id="[0,{18|18|17|18|17},5,2]">50</label>
<label id="[0,{18|18|17|25|0},4,3]">34</label>
<label id="[0,{18|18|17|25|0},5,3]">18</label>
<label id="[0,{18|18|17|25|25},5,3]">34</label>
<label id="[0,{18|18|17|26|0},4,3]">34</label>
<label id="[0,{18|18|17|26|0},5,3]">18</label>
<label id="[0,{18|18|17|26|25},5,3]">34</label>
<label id="[0,{18|18|17|26|26},5,3]">31</label>
<label id="[0,{18|18|18|0|0},3,2]">255</label>
<label id="[0,{18|18|18|0|0},4,2]">130</label>
<label id="[0,{18|18|18|0|0},5,2]">3</label>
<label id="[0,{18|18|18|0|1},5,0]">3</label>
<label id="[0,{18|18|18|17|0},4,2]">336</label>
<label id="[0,{18|18|18|17|0},5,2]">130</label>
<label id="[0,{18|18|18|17|17},5,2]">316</label>
<label id="[0,{18|18|18|17|18},5,2]">34</label>
<label id="[0,{18|18|18|17|25},5,3]">31</label>
<label id="[0,{18|18|18|17|26},5,3]">31</label>
<label id="[0,{18|18|18|18|0},4,2]">245</label>
<label id="[0,{18|18|18|18|0},5,2]">129</label>
<label id="[0,{18|18|18|18|17},5,2]">314</label>
<label id="[0,{18|18|18|18|18},5,2]">214</label>
<label id="[0,{1|0|0|0|0},1,0]">774</label>
<label id="[0,{1|0|0|0|0},2,0]">371</label>
<label id="[0,{1|0|0|0|0},3,0]">13</label>
<label id="[0,{1|0|1|0|0},3,0]">13</label>
<label id="[0,{1|0|1|0|0},4,0]">13</label>
<label id="[0,{1|0|1|1|0},4,0]">13</label>
<label id="[0,{1|0|1|1|0},5,0]">13</label>
<label id="[0,{1|0|1|1|1},5,0]">13</label>
<label id="[0,{1|10|0|0|0},2,1]">35</label>
<label id="[0,{1|10|0|0|0},3,1]">18</label>
<label id="[0,{1|10|0|0|0},4,1]">1</label>
<label id="[0,{1|10|0|1|0},4,0]">1</label>
<label id="[0,{1|10|0|1|0},5,0]">1</label>
<label id="[0,{1|10|0|1|1},5,0]">1</label>
<label id="[0,{1|10|10|0|0},3,1]">35</label>
<label id="[0,{1|10|10|0|0},4,1]">18</label>
<label id="[0,{1|10|10|0|0},5,1]">1</label>
<label id="[0,{1|10|10|0|1},5,0]">1</label>
<label id="[0,{1|10|10|10|0},4,1]">34</label>
<label id="[0,{1|10|10|10|0},5,1]">18</label>
<label id="[0,{1|10|10|10|10},5,1]">31</label>
<label id="[0,{1|10|10|10|9},5,1]">34</label>
<label id="[0,{1|10|10|9|0},4,1]">35</label>
<label id="[0,{1|10|10|9|0},5,1]">18</label>
<label id="[0,{1|10|10|9|9},5,1]">34</label>
<label id="[0,{1|10|9|0|0},3,1]">35</label>
<label id="[0,{1|10|9|0|0},4,1]">18</label>
<label id="[0,{1|10|9|0|0},5,1]">1</label>
<label id="[0,{1|10|9|0|1},5,0]">1</label>
<label id="[0,{1|10|9|9|0},4,1]">35</label>
<label id="[0,{1|10|9|9|0},5,1]">18</label>
<label id="[0,{1|10|9|9|9},5,1]">34</label>
<label id="[0,{1|1|0|0|0},2,0]">774</label>
<label id="[0,{1|1|0|0|0},3,0]">371</label>
<label id="[0,{1|1|0|0|0},4,0]">13</label>
<label id="[0,{1|1|0|1|0},4,0]">13</label>
<label id="[0,{1|1|0|1|0},5,0]">13</label>
<label id="[0,{1|1|0|1|1},5,0]">13</label>
<label id="[0,{1|1|10|0|0},3,1]">35</label>
<label id="[0,{1|1|10|0|0},4,1]">18</label>
<label id="[0,{1|1|10|0|0},5,1]">1</label>
<label id="[0,{1|1|10|0|1},5,0]">1</label>
<label id="[0,{1|1|10|10|0},4,1]">34</label>
<label id="[0,{1|1|10|10|0},5,1]">18</label>
<label id="[0,{1|1|10|10|10},5,1]">31</label>
<label id="[0,{1|1|10|10|9},5,1]">34</label>
<label id="[0,{1|1|10|9|0},4,1]">35</label>
<label id="[0,{1|1|10|9|0},5,1]">18</label>
<label id="[0,{1|1|10|9|9},5,1]">34</label>
<label id="[0,{1|1|1|0|0},3,0]">774</label>
<label id="[0,{1|1|1|0|0},4,0]">371</label>
<label id="[0,{1|1|1|0|0},5,0]">13</label>
<label id="[0,{1|1|1|0|1},5,0]">13</label>
<label id="[0,{1|1|1|10|0},4,1]">34</label>
<label id="[0,{1|1|1|10|0},5,1]">18</label>
<label id="[0,{1|1|1|10|10},5,1]">31</label>
<label id="[0,{1|1|1|10|9},5,1]">34</label>
<label id="[0,{1|1|1|1|0},4,0]">767</label>
<label id="[0,{1|1|1|1|0},5,0]">371</label>
<label id="[0,{1|1|1|1|10},5,1]">31</label>
<label id="[0,{1|1|1|1|1},5,0]">714</label>
<label id="[0,{1|1|1|1|2},5,0]">34</label>
<label id="[0,{1|1|1|1|9},5,1]">31</label>
<label id="[0,{1|1|1|2|0},4,0]">35</label>
<label id="[0,{1|1|1|2|0},5,0]">18</label>
<label id="[0,{1|1|1|2|1},5,0]">50</label>
<label id="[0,{1|1|1|9|0},4,1]">34</label>
<label id="[0,{1|1|1|9|0},5,1]">18</label>
<label id="[0,{1|1|1|9|9},5,1]">34</label>
<label id="[0,{1|1|2|0|0},3,0]">35</label>
<label id="[0,{1|1|2|0|0},4,0]">18</label>
<label id="[0,{1|1|2|0|0},5,0]">1</label>
<label id="[0,{1|1|2|0|1},5,0]">1</label>
<label id="[0,{1|1|2|1|0},4,0]">52</label>
<label id="[0,{1|1|2|1|0},5,0]">18</label>
<label id="[0,{1|1|2|1|1},5,0]">50</label>
<label id="[0,{1|1|2|1|2},5,0]">34</label>
<label id="[0,{1|1|9|0|0},3,1]">35</label>
<label id="[0,{1|1|9|0|0},4,1]">18</label>
<label id="[0,{1|1|9|0|0},5,1]">1</label>
<label id="[0,{1|1|9|0|1},5,0]">1</label>
<label id="[0,{1|1|9|9|0},4,1]">35</label>
<label id="[0,{1|1|9|9|0},5,1]">18</label>
<label id="[0,{1|1|9|9|9},5,1]">34</label>
<label id="[0,{1|2|0|0|0},2,0]">35</label>
<label id="[0,{1|2|0|0|0},3,0]">18</label>
<label id="[0,{1|2|0|0|0},4,0]">1</label>
<label id="[0,{1|2|0|1|0},4,0]">1</label>
<label id="[0,{1|2|0|1|0},5,0]">1</label>
<label id="[0,{1|2|0|1|1},5,0]">1</label>
<label id="[0,{1|2|1|0|0},3,0]">52</label>
<label id="[0,{1|2|1|0|0},4,0]">18</label>
<label id="[0,{1|2|1|0|0},5,0]">1</label>
<label id="[0,{1|2|1|0|1},5,0]">1</label>
<label id="[0,{1|2|1|1|0},4,0]">52</label>
<label id="[0,{1|2|1|1|0},5,0]">18</label>
<label id="[0,{1|2|1|1|1},5,0]">50</label>
<label id="[0,{1|2|1|1|2},5,0]">34</label>
<label id="[0,{1|2|1|2|0},4,0]">35</label>
<label id="[0,{1|2|1|2|0},5,0]">18</label>
<label id="[0,{1|2|1|2|1},5,0]">50</label>
<label id="[0,{1|9|0|0|0},2,1]">35</label>
<label id="[0,{1|9|0|0|0},3,1]">18</label>
<label id="[0,{1|9|0|0|0},4,1]">1</label>
<label id="[0,{1|9|0|1|0},4,0]">1</label>
<label id="[0,{1|9|0|1|0},5,0]">1</label>
<label id="[0,{1|9|0|1|1},5,0]">1</label>
<label id="[0,{1|9|9|0|0},3,1]">35</label>
<label id="[0,{1|9|9|0|0},4,1]">18</label>
<label id="[0,{1|9|9|0|0},5,1]">1</label>
<label id="[0,{1|9|9|0|1},5,0]">1</label>
<label id="[0,{1|9|9|9|0},4,1]">35</label>
<label id="[0,{1|9|9|9|0},5,1]">18</label>
<label id="[0,{1|9|9|9|9},5,1]">34</label>
<label id="[0,{25|0|0|0|0},1,3]">629</label>
<label id="[0,{25|0|0|0|0},2,3]">226</label>
<label id="[0,{25|0|0|0|0},3,3]">3</label>
<label id="[0,{25|0|1|0|0},3,0]">3</label>
<label id="[0,{25|0|1|0|0},4,0]">3</label>
<label id="[0,{25|0|1|1|0},4,0]">3</label>
<label id="[0,{25|0|1|1|0},5,0]">3</label>
<label id="[0,{25|0|1|1|1},5,0]">3</label>
<label id="[0,{25|1|0|0|0},2,0]">35</label>
<label id="[0,{25|1|0|0|0},3,0]">18</label>
<label id="[0,{25|1|0|0|0},4,0]">1</label>
<label id="[0,{25|1|0|1|0},4,0]">1</label>
<label id="[0,{25|1|0|1|0},5,0]">1</label>
<label id="[0,{25|1|0|1|1},5,0]">1</label>
<label id="[0,{25|1|1|0|0},3,0]">35</label>
<label id="[0,{25|1|1|0|0},4,0]">18</label>
<label id="[0,{25|1|1|0|0},5,0]">1</label>
<label id="[0,{25|1|1|0|1},5,0]">1</label>
<label id="[0,{25|1|1|1|0},4,0]">35</label>
<label id="[0,{25|1|1|1|0},5,0]">18</label>
<label id="[0,{25|1|1|1|1},5,0]">34</label>
<label id="[0,{25|25|0|0|0},2,3]">629</label>
<label id="[0,{25|25|0|0|0},3,3]">226</label>
<label id="[0,{25|25|0|0|0},4,3]">3</label>
<label id="[0,{25|25|0|1|0},4,0]">3</label>
<label id="[0,{25|25|0|1|0},5,0]">3</label>
<label id="[0,{25|25|0|1|1},5,0]">3</label>
<label id="[0,{25|25|1|0|0},3,0]">35</label>
<label id="[0,{25|25|1|0|0},4,0]">18</label>
<label id="[0,{25|25|1|0|0},5,0]">1</label>
<label id="[0,{25|25|1|0|1},5,0]">1</label>
<label id="[0,{25|25|1|1|0},4,0]">35</label>
<label id="[0,{25|25|1|1|0},5,0]">18</label>
<label id="[0,{25|25|1|1|1},5,0]">34</label>
<label id="[0,{25|25|25|0|0},3,3]">629</label>
<label id="[0,{25|25|25|0|0},4,3]">226</label>
<label id="[0,{25|25|25|0|0},5,3]">3</label>
<label id="[0,{25|25|25|0|1},5,0]">3</label>
<label id="[0,{25|25|25|1|0},4,0]">34</label>
<label id="[0,{25|25|25|1|0},5,0]">18</label>
<label id="[0,{25|25|25|1|1},5,0]">34</label>
<label id="[0,{25|25|25|25|0},4,3]">622</label>
<label id="[0,{25|25|25|25|0},5,3]">226</label>
<label id="[0,{25|25|25|25|1},5,0]">31</label>
<label id="[0,{25|25|25|25|25},5,3]">569</label>
<label id="[0,{25|25|25|25|26},5,3]">34</label>
<label id="[0,{25|25|25|25|2},5,0]">31</label>
<label id="[0,{25|25|25|26|0},4,3]">35</label>
<label id="[0,{25|25|25|26|0},5,3]">18</label>
<label id="[0,{25|25|25|26|25},5,3]">50</label>
<label id="[0,{25|25|25|2|0},4,0]">34</label>
<label id="[0,{25|25|25|2|0},5,0]">18</label>
<label id="[0,{25|25|25|2|1},5,0]">34</label>
<label id="[0,{25|25|25|2|2},5,0]">31</label>
<label id="[0,{25|25|26|0|0},3,3]">35</label>
<label id="[0,{25|25|26|0|0},4,3]">18</label>
<label id="[0,{25|25|26|0|0},5,3]">1</label>
<label id="[0,{25|25|26|0|1},5,0]">1</label>
<label id="[0,{25|25|26|25|0},4,3]">52</label>
<label id="[0,{25|25|26|25|0},5,3]">18</label>
<label id="[0,{25|25|26|25|25},5,3]">50</label>
<label id="[0,{25|25|26|25|26},5,3]">34</label>
<label id="[0,{25|25|2|0|0},3,0]">35</label>
<label id="[0,{25|25|2|0|0},4,0]">18</label>
<label id="[0,{25|25|2|0|0},5,0]">1</label>
<label id="[0,{25|25|2|0|1},5,0]">1</label>
<label id="[0,{25|25|2|1|0},4,0]">35</label>
<label id="[0,{25|25|2|1|0},5,0]">18</label>
<label id="[0,{25|25|2|1|1},5,0]">34</label>
<label id="[0,{25|25|2|2|0},4,0]">34</label>
<label id="[0,{25|25|2|2|0},5,0]">18</label>
<label id="[0,{25|25|2|2|1},5,0]">34</label>
<label id="[0,{25|25|2|2|2},5,0]">31</label>
<label id="[0,{25|26|0|0|0},2,3]">35</label>
<label id="[0,{25|26|0|0|0},3,3]">18</label>
<label id="[0,{25|26|0|0|0},4,3]">1</label>
<label id="[0,{25|26|0|1|0},4,0]">1</label>
<label id="[0,{25|26|0|1|0},5,0]">1</label>
<label id="[0,{25|26|0|1|1},5,0]">1</label>
<label id="[0,{25|26|25|0|0},3,3]">52</label>
<label id="[0,{25|26|25|0|0},4,3]">18</label>
<label id="[0,{25|26|25|0|0},5,3]">1</label>
<label id="[0,{25|26|25|0|1},5,0]">1</label>
<label id="[0,{25|26|25|25|0},4,3]">52</label>
<label id="[0,{25|26|25|25|0},5,3]">18</label>
<label id="[0,{25|26|25|25|25},5,3]">50</label>
<label id="[0,{25|26|25|25|26},5,3]">34</label>
<label id="[0,{25|26|25|26|0},4,3]">35</label>
<label id="[0,{25|26|25|26|0},5,3]">18</label>
<label id="[0,{25|26|25|26|25},5,3]">50</label>
<label id="[0,{25|2|0|0|0},2,0]">35</label>
<label id="[0,{25|2|0|0|0},3,0]">18</label>
<label id="[0,{25|2|0|0|0},4,0]">1</label>
<label id="[0,{25|2|0|1|0},4,0]">1</label>
<label id="[0,{25|2|0|1|0},5,0]">1</label>
<label id="[0,{25|2|0|1|1},5,0]">1</label>
<label id="[0,{25|2|1|0|0},3,0]">35</label>
<label id="[0,{25|2|1|0|0},4,0]">18</label>
<label id="[0,{25|2|1|0|0},5,0]">1</label>
<label id="[0,{25|2|1|0|1},5,0]">1</label>
<label id="[0,{25|2|1|1|0},4,0]">35</label>
<label id="[0,{25|2|1|1|0},5,0]">18</label>
<label id="[0,{25|2|1|1|1},5,0]">34</label>
<label id="[0,{25|2|2|0|0},3,0]">35</label>
<label id="[0,{25|2|2|0|0},4,0]">18</label>
<label id="[0,{25|2|2|0|0},5,0]">1</label>
<label id="[0,{25|2|2|0|1},5,0]">1</label>
<label id="[0,{25|2|2|1|0},4,0]">35</label>
<label id="[0,{25|2|2|1|0},5,0]">18</label>
<label id="[0,{25|2|2|1|1},5,0]">34</label>
<label id="[0,{25|2|2|2|0},4,0]">34</label>
<label id="[0,{25|2|2|2|0},5,0]">18</label>
<label id="[0,{25|2|2|2|1},5,0]">34</label>
<label id="[0,{25|2|2|2|2},5,0]">31</label>
<label id="[0,{26|0|0|0|0},1,3]">255</label>
<label id="[0,{26|0|0|0|0},2,3]">130</label>
<label id="[0,{26|0|0|0|0},3,3]">3</label>
<label id="[0,{26|0|1|0|0},3,0]">3</label>
<label id="[0,{26|0|1|0|0},4,0]">3</label>
<label id="[0,{26|0|1|1|0},4,0]">3</label>
<label id="[0,{26|0|1|1|0},5,0]">3</label>
<label id="[0,{26|0|1|1|1},5,0]">3</label>
<label id="[0,{26|25|0|0|0},2,3]">338</label>
<label id="[0,{26|25|0|0|0},3,3]">130</label>
<label id="[0,{26|25|0|0|0},4,3]">3</label>
<label id="[0,{26|25|0|1|0},4,0]">3</label>
<label id="[0,{26|25|0|1|0},5,0]">3</label>
<label id="[0,{26|25|0|1|1},5,0]">3</label>
<label id="[0,{26|25|1|0|0},3,0]">35</label>
<label id="[0,{26|25|1|0|0},4,0]">18</label>
<label id="[0,{26|25|1|0|0},5,0]">1</label>
<label id="[0,{26|25|1|0|1},5,0]">1</label>
<label id="[0,{26|25|1|1|0},4,0]">35</label>
<label id="[0,{26|25|1|1|0},5,0]">18</label>
<label id="[0,{26|25|1|1|1},5,0]">34</label>
<label id="[0,{26|25|25|0|0},3,3]">339</label>
<label id="[0,{26|25|25|0|0},4,3]">130</label>
<label id="[0,{26|25|25|0|0},5,3]">3</label>
<label id="[0,{26|25|25|0|1},5,0]">3</label>
<label id="[0,{26|25|25|1|0},4,0]">34</label>
<label id="[0,{26|25|25|1|0},5,0]">18</label>
<label id="[0,{26|25|25|1|1},5,0]">34</label>
<label id="[0,{26|25|25|25|0},4,3]">337</label>
<label id="[0,{26|25|25|25|0},5,3]">130</label>
<label id="[0,{26|25|25|25|1},5,0]">31</label>
<label id="[0,{26|25|25|25|25},5,3]">316</label>
<label id="[0,{26|25|25|25|26},5,3]">34</label>
<label id="[0,{26|25|25|25|2},5,0]">31</label>
<label id="[0,{26|25|25|26|0},4,3]">35</label>
<label id="[0,{26|25|25|26|0},5,3]">18</label>
<label id="[0,{26|25|25|26|25},5,3]">50</label>
<label id="[0,{26|25|25|2|0},4,0]">34</label>
<label id="[0,{26|25|25|2|0},5,0]">18</label>
<label id="[0,{26|25|25|2|1},5,0]">34</label>
<label id="[0,{26|25|25|2|2},5,0]">31</label>
<label id="[0,{26|25|26|0|0},3,3]">35</label>
<label id="[0,{26|25|26|0|0},4,3]">18</label>
<label id="[0,{26|25|26|0|0},5,3]">1</label>
<label id="[0,{26|25|26|0|1},5,0]">1</label>
<label id="[0,{26|25|26|25|0},4,3]">52</label>
<label id="[0,{26|25|26|25|0},5,3]">18</label>
<label id="[0,{26|25|26|25|25},5,3]">50</label>
<label id="[0,{26|25|26|25|26},5,3]">34</label>
<label id="[0,{26|25|2|0|0},3,0]">35</label>
<label id="[0,{26|25|2|0|0},4,0]">18</label>
<label id="[0,{26|25|2|0|0},5,0]">1</label>
<label id="[0,{26|25|2|0|1},5,0]">1</label>
<label id="[0,{26|25|2|1|0},4,0]">35</label>
<label id="[0,{26|25|2|1|0},5,0]">18</label>
<label id="[0,{26|25|2|1|1},5,0]">34</label>
<label id="[0,{26|25|2|2|0},4,0]">34</label>
<label id="[0,{26|25|2|2|0},5,0]">18</label>
<label id="[0,{26|25|2|2|1},5,0]">34</label>
<label id="[0,{26|25|2|2|2},5,0]">31</label>
<label id="[0,{26|26|0|0|0},2,3]">255</label>
<label id="[0,{26|26|0|0|0},3,3]">130</label>
<label id="[0,{26|26|0|0|0},4,3]">3</label>
<label id="[0,{26|26|0|1|0},4,0]">3</label>
<label id="[0,{26|26|0|1|0},5,0]">3</label>
<label id="[0,{26|26|0|1|1},5,0]">3</label>
<label id="[0,{26|26|25|0|0},3,3]">338</label>
<label id="[0,{26|26|25|0|0},4,3]">130</label>
<label id="[0,{26|26|25|0|0},5,3]">3</label>
<label id="[0,{26|26|25|0|1},5,0]">3</label>
<label id="[0,{26|26|25|1|0},4,0]">34</label>
<label id="[0,{26|26|25|1|0},5,0]">18</label>
<label id="[0,{26|26|25|1|1},5,0]">34</label>
<label id="[0,{26|26|25|25|0},4,3]">337</label>
<label id="[0,{26|26|25|25|0},5,3]">130</label>
<label id="[0,{26|26|25|25|1},5,0]">31</label>
<label id="[0,{26|26|25|25|25},5,3]">316</label>
<label id="[0,{26|26|25|25|26},5,3]">34</label>
<label id="[0,{26|26|25|25|2},5,0]">31</label>
<label id="[0,{26|26|25|26|0},4,3]">35</label>
<label id="[0,{26|26|25|26|0},5,3]">18</label>
<label id="[0,{26|26|25|26|25},5,3]">50</label>
<label id="[0,{26|26|25|2|0},4,0]">34</label>
<label id="[0,{26|26|25|2|0},5,0]">18</label>
<label id="[0,{26|26|25|2|1},5,0]">34</label>
<label id="[0,{26|26|25|2|2},5,0]">31</label>
<label id="[0,{26|26|26|0|0},3,3]">255</label>
<label id="[0,{26|26|26|0|0},4,3]">130</label>
<label id="[0,{26|26|26|0|0},5,3]">3</label>
<label id="[0,{26|26|26|0|1},5,0]">3</label>
<label id="[0,{26|26|26|25|0},4,3]">336</label>
<label id="[0,{26|26|26|25|0},5,3]">130</label>
<label id="[0,{26|26|26|25|1},5,0]">31</label>
<label id="[0,{26|26|26|25|25},5,3]">316</label>
<label id="[0,{26|26|26|25|26},5,3]">34</label>
<label id="[0,{26|26|26|25|2},5,0]">31</label>
<label id="[0,{26|26|26|26|0},4,3]">245</label>
<label id="[0,{26|26|26|26|0},5,3]">129</label>
<label id="[0,{26|26|26|26|25},5,3]">314</label>
<label id="[0,{26|26|26|26|26},5,3]">214</label>
<label id="[0,{2|0|0|0|0},1,0]">255</label>
<label id="[0,{2|0|0|0|0},2,0]">130</label>
<label id="[0,{2|0|0|0|0},3,0]">3</label>
<label id="[0,{2|0|1|0|0},3,0]">3</label>
<label id="[0,{2|0|1|0|0},4,0]">3</label>
<label id="[0,{2|0|1|1|0},4,0]">3</label>
<label id="[0,{2|0|1|1|0},5,0]">3</label>
<label id="[0,{2|0|1|1|1},5,0]">3</label>
<label id="[0,{2|1|0|0|0},2,0]">338</label>
<label id="[0,{2|1|0|0|0},3,0]">130</label>
<label id="[0,{2|1|0|0|0},4,0]">3</label>
<label id="[0,{2|1|0|1|0},4,0]">3</label>
<label id="[0,{2|1|0|1|0},5,0]">3</label>
<label id="[0,{2|1|0|1|1},5,0]">3</label>
<label id="[0,{2|1|10|0|0},3,1]">35</label>
<label id="[0,{2|1|10|0|0},4,1]">18</label>
<label id="[0,{2|1|10|0|0},5,1]">1</label>
<label id="[0,{2|1|10|0|1},5,0]">1</label>
<label id="[0,{2|1|10|10|0},4,1]">34</label>
<label id="[0,{2|1|10|10|0},5,1]">18</label>
<label id="[0,{2|1|10|10|10},5,1]">31</label>
<label id="[0,{2|1|10|10|9},5,1]">34</label>
<label id="[0,{2|1|10|9|0},4,1]">35</label>
<label id="[0,{2|1|10|9|0},5,1]">18</label>
<label id="[0,{2|1|10|9|9},5,1]">34</label>
<label id="[0,{2|1|1|0|0},3,0]">339</label>
<label id="[0,{2|1|1|0|0},4,0]">130</label>
<label id="[0,{2|1|1|0|0},5,0]">3</label>
<label id="[0,{2|1|1|0|1},5,0]">3</label>
<label id="[0,{2|1|1|10|0},4,1]">34</label>
<label id="[0,{2|1|1|10|0},5,1]">18</label>
<label id="[0,{2|1|1|10|10},5,1]">31</label>
<label id="[0,{2|1|1|10|9},5,1]">34</label>
<label id="[0,{2|1|1|1|0},4,0]">337</label>
<label id="[0,{2|1|1|1|0},5,0]">130</label>
<label id="[0,{2|1|1|1|10},5,1]">31</label>
<label id="[0,{2|1|1|1|1},5,0]">316</label>
<label id="[0,{2|1|1|1|2},5,0]">34</label>
<label id="[0,{2|1|1|1|9},5,1]">31</label>
<label id="[0,{2|1|1|2|0},4,0]">35</label>
<label id="[0,{2|1|1|2|0},5,0]">18</label>
<label id="[0,{2|1|1|2|1},5,0]">50</label>
<label id="[0,{2|1|1|9|0},4,1]">34</label>
<label id="[0,{2|1|1|9|0},5,1]">18</label>
<label id="[0,{2|1|1|9|9},5,1]">34</label>
<label id="[0,{2|1|2|0|0},3,0]">35</label>
<label id="[0,{2|1|2|0|0},4,0]">18</label>
<label id="[0,{2|1|2|0|0},5,0]">1</label>
<label id="[0,{2|1|2|0|1},5,0]">1</label>
<label id="[0,{2|1|2|1|0},4,0]">52</label>
<label id="[0,{2|1|2|1|0},5,0]">18</label>
<label id="[0,{2|1|2|1|1},5,0]">50</label>
<label id="[0,{2|1|2|1|2},5,0]">34</label>
<label id="[0,{2|1|9|0|0},3,1]">35</label>
<label id="[0,{2|1|9|0|0},4,1]">18</label>
<label id="[0,{2|1|9|0|0},5,1]">1</label>
<label id="[0,{2|1|9|0|1},5,0]">1</label>
<label id="[0,{2|1|9|9|0},4,1]">35</label>
<label id="[0,{2|1|9|9|0},5,1]">18</label>
<label id="[0,{2|1|9|9|9},5,1]">34</label>
<label id="[0,{2|2|0|0|0},2,0]">255</label>
<label id="[0,{2|2|0|0|0},3,0]">130</label>
<label id="[0,{2|2|0|0|0},4,0]">3</label>
<label id="[0,{2|2|0|1|0},4,0]">3</label>
<label id="[0,{2|2|0|1|0},5,0]">3</label>
<label id="[0,{2|2|0|1|1},5,0]">3</label>
<label id="[0,{2|2|1|0|0},3,0]">338</label>
<label id="[0,{2|2|1|0|0},4,0]">130</label>
<label id="[0,{2|2|1|0|0},5,0]">3</label>
<label id="[0,{2|2|1|0|1},5,0]">3</label>
<label id="[0,{2|2|1|10|0},4,1]">34</label>
<label id="[0,{2|2|1|10|0},5,1]">18</label>
<label id="[0,{2|2|1|10|10},5,1]">31</label>
<label id="[0,{2|2|1|10|9},5,1]">34</label>
<label id="[0,{2|2|1|1|0},4,0]">337</label>
<label id="[0,{2|2|1|1|0},5,0]">130</label>
<label id="[0,{2|2|1|1|10},5,1]">31</label>
<label id="[0,{2|2|1|1|1},5,0]">316</label>
<label id="[0,{2|2|1|1|2},5,0]">34</label>
<label id="[0,{2|2|1|1|9},5,1]">31</label>
<label id="[0,{2|2|1|2|0},4,0]">35</label>
<label id="[0,{2|2|1|2|0},5,0]">18</label>
<label id="[0,{2|2|1|2|1},5,0]">50</label>
<label id="[0,{2|2|1|9|0},4,1]">34</label>
<label id="[0,{2|2|1|9|0},5,1]">18</label>
<label id="[0,{2|2|1|9|9},5,1]">34</label>
<label id="[0,{2|2|2|0|0},3,0]">255</label>
<label id="[0,{2|2|2|0|0},4,0]">130</label>
<label id="[0,{2|2|2|0|0},5,0]">3</label>
<label id="[0,{2|2|2|0|1},5,0]">3</label>
<label id="[0,{2|2|2|1|0},4,0]">336</label>
<label id="[0,{2|2|2|1|0},5,0]">130</label>
<label id="[0,{2|2|2|1|10},5,1]">31</label>
<label id="[0,{2|2|2|1|1},5,0]">316</label>
<label id="[0,{2|2|2|1|2},5,0]">34</label>
<label id="[0,{2|2|2|1|9},5,1]">31</label>
<label id="[0,{2|2|2|2|0},4,0]">245</label>
<label id="[0,{2|2|2|2|0},5,0]">129</label>
<label id="[0,{2|2|2|2|1},5,0]">314</label>
<label id="[0,{2|2|2|2|2},5,0]">214</label>
<label id="[0,{9|0|0|0|0},1,1]">629</label>
<label id="[0,{9|0|0|0|0},2,1]">226</label>
<label id="[0,{9|0|0|0|0},3,1]">3</label>
<label id="[0,{9|0|1|0|0},3,0]">3</label>
<label id="[0,{9|0|1|0|0},4,0]">3</label>
<label id="[0,{9|0|1|1|0},4,0]">3</label>
<label id="[0,{9|0|1|1|0},5,0]">3</label>
<label id="[0,{9|0|1|1|1},5,0]">3</label>
<label id="[0,{9|10|0|0|0},2,1]">35</label>
<label id="[0,{9|10|0|0|0},3,1]">18</label>
<label id="[0,{9|10|0|0|0},4,1]">1</label>
<label id="[0,{9|10|0|1|0},4,0]">1</label>
<label id="[0,{9|10|0|1|0},5,0]">1</label>
<label id="[0,{9|10|0|1|1},5,0]">1</label>
<label id="[0,{9|10|9|0|0},3,1]">52</label>
<label id="[0,{9|10|9|0|0},4,1]">18</label>
<label id="[0,{9|10|9|0|0},5,1]">1</label>
<label id="[0,{9|10|9|0|1},5,0]">1</label>
<label id="[0,{9|10|9|10|0},4,1]">35</label>
<label id="[0,{9|10|9|10|0},5,1]">18</label>
<label id="[0,{9|10|9|10|9},5,1]">50</label>
<label id="[0,{9|10|9|9|0},4,1]">52</label>
<label id="[0,{9|10|9|9|0},5,1]">18</label>
<label id="[0,{9|10|9|9|10},5,1]">34</label>
<label id="[0,{9|10|9|9|9},5,1]">50</label>
<label id="[0,{9|17|0|0|0},2,2]">35</label>
<label id="[0,{9|17|0|0|0},3,2]">18</label>
<label id="[0,{9|17|0|0|0},4,2]">1</label>
<label id="[0,{9|17|0|1|0},4,0]">1</label>
<label id="[0,{9|17|0|1|0},5,0]">1</label>
<label id="[0,{9|17|0|1|1},5,0]">1</label>
<label id="[0,{9|17|17|0|0},3,2]">35</label>
<label id="[0,{9|17|17|0|0},4,2]">18</label>
<label id="[0,{9|17|17|0|0},5,2]">1</label>
<label id="[0,{9|17|17|0|1},5,0]">1</label>
<label id="[0,{9|17|17|17|0},4,2]">35</label>
<label id="[0,{9|17|17|17|0},5,2]">18</label>
<label id="[0,{9|17|17|17|17},5,2]">34</label>
<label id="[0,{9|18|0|0|0},2,2]">35</label>
<label id="[0,{9|18|0|0|0},3,2]">18</label>
<label id="[0,{9|18|0|0|0},4,2]">1</label>
<label id="[0,{9|18|0|1|0},4,0]">1</label>
<label id="[0,{9|18|0|1|0},5,0]">1</label>
<label id="[0,{9|18|0|1|1},5,0]">1</label>
<label id="[0,{9|18|17|0|0},3,2]">35</label>
<label id="[0,{9|18|17|0|0},4,2]">18</label>
<label id="[0,{9|18|17|0|0},5,2]">1</label>
<label id="[0,{9|18|17|0|1},5,0]">1</label>
<label id="[0,{9|18|17|17|0},4,2]">35</label>
<label id="[0,{9|18|17|17|0},5,2]">18</label>
<label id="[0,{9|18|17|17|17},5,2]">34</label>
<label id="[0,{9|18|18|0|0},3,2]">35</label>
<label id="[0,{9|18|18|0|0},4,2]">18</label>
<label id="[0,{9|18|18|0|0},5,2]">1</label>
<label id="[0,{9|18|18|0|1},5,0]">1</label>
<label id="[0,{9|18|18|17|0},4,2]">35</label>
<label id="[0,{9|18|18|17|0},5,2]">18</label>
<label id="[0,{9|18|18|17|17},5,2]">34</label>
<label id="[0,{9|18|18|18|0},4,2]">34</label>
<label id="[0,{9|18|18|18|0},5,2]">18</label>
<label id="[0,{9|18|18|18|17},5,2]">34</label>
<label id="[0,{9|18|18|18|18},5,2]">31</label>
<label id="[0,{9|9|0|0|0},2,1]">629</label>
<label id="[0,{9|9|0|0|0},3,1]">226</label>
<label id="[0,{9|9|0|0|0},4,1]">3</label>
<label id="[0,{9|9|0|1|0},4,0]">3</label>
<label id="[0,{9|9|0|1|0},5,0]">3</label>
<label id="[0,{9|9|0|1|1},5,0]">3</label>
<label id="[0,{9|9|10|0|0},3,1]">35</label>
<label id="[0,{9|9|10|0|0},4,1]">18</label>
<label id="[0,{9|9|10|0|0},5,1]">1</label>
<label id="[0,{9|9|10|0|1},5,0]">1</label>
<label id="[0,{9|9|10|9|0},4,1]">52</label>
<label id="[0,{9|9|10|9|0},5,1]">18</label>
<label id="[0,{9|9|10|9|10},5,1]">34</label>
<label id="[0,{9|9|10|9|9},5,1]">50</label>
<label id="[0,{9|9|17|0|0},3,2]">35</label>
<label id="[0,{9|9|17|0|0},4,2]">18</label>
<label id="[0,{9|9|17|0|0},5,2]">1</label>
<label id="[0,{9|9|17|0|1},5,0]">1</label>
<label id="[0,{9|9|17|17|0},4,2]">35</label>
<label id="[0,{9|9|17|17|0},5,2]">18</label>
<label id="[0,{9|9|17|17|17},5,2]">34</label>
<label id="[0,{9|9|18|0|0},3,2]">35</label>
<label id="[0,{9|9|18|0|0},4,2]">18</label>
<label id="[0,{9|9|18|0|0},5,2]">1</label>
<label id="[0,{9|9|18|0|1},5,0]">1</label>
<label id="[0,{9|9|18|17|0},4,2]">35</label>
<label id="[0,{9|9|18|17|0},5,2]">18</label>
<label id="[0,{9|9|18|17|17},5,2]">34</label>
<label id="[0,{9|9|18|18|0},4,2]">34</label>
<label id="[0,{9|9|18|18|0},5,2]">18</label>
<label id="[0,{9|9|18|18|17},5,2]">34</label>
<label id="[0,{9|9|18|18|18},5,2]">31</label>
<label id="[0,{9|9|9|0|0},3,1]">629</label>
<label id="[0,{9|9|9|0|0},4,1]">226</label>
<label id="[0,{9|9|9|0|0},5,1]">3</label>
<label id="[0,{9|9|9|0|1},5,0]">3</label>
<label id="[0,{9|9|9|10|0},4,1]">35</label>
<label id="[0,{9|9|9|10|0},5,1]">18</label>
<label id="[0,{9|9|9|10|9},5,1]">50</label>
<label id="[0,{9|9|9|17|0},4,2]">34</label>
<label id="[0,{9|9|9|17|0},5,2]">18</label>
<label id="[0,{9|9|9|17|17},5,2]">34</label>
<label id="[0,{9|9|9|18|0},4,2]">34</label>
<label id="[0,{9|9|9|18|0},5,2]">18</label>
<label id="[0,{9|9|9|18|17},5,2]">34</label>
<label id="[0,{9|9|9|18|18},5,2]">31</label>
<label id="[0,{9|9|9|9|0},4,1]">622</label>
<label id="[0,{9|9|9|9|0},5,1]">226</label>
<label id="[0,{9|9|9|9|10},5,1]">34</label>
<label id="[0,{9|9|9|9|17},5,2]">31</label>
<label id="[0,{9|9|9|9|18},5,2]">31</label>
<label id="[0,{9|9|9|9|9},5,1]">569</label>
</state-labels></label-info>
</state-space-info>
