<?xml version="1.0"?>
<!DOCTYPE state-space-info SYSTEM "../../state_space_info.dtd">


<state-space-info>
<states>15940</states>
<edges>60907</edges>
<bfs-info>
 <levels>69</levels>
<max-level>671</max-level>

<back-level-edges>32937</back-level-edges>
<max-back-level-edge>50</max-back-level-edge>
<avg-back-level-edge>3.80615</avg-back-level-edge>
<bfs-levels>
<level id="0"><states>1</states><edges>3</edges></level>
<level id="1"><states>3</states><edges>12</edges></level>
<level id="2"><states>10</states><edges>29</edges></level>
<level id="3"><states>14</states><edges>48</edges></level>
<level id="4"><states>18</states><edges>57</edges></level>
<level id="5"><states>24</states><edges>81</edges></level>
<level id="6"><states>31</states><edges>136</edges></level>
<level id="7"><states>56</states><edges>222</edges></level>
<level id="8"><states>80</states><edges>321</edges></level>
<level id="9"><states>102</states><edges>406</edges></level>
<level id="10"><states>126</states><edges>467</edges></level>
<level id="11"><states>142</states><edges>529</edges></level>
<level id="12"><states>160</states><edges>653</edges></level>
<level id="13"><states>212</states><edges>826</edges></level>
<level id="14"><states>266</states><edges>1017</edges></level>
<level id="15"><states>332</states><edges>1268</edges></level>
<level id="16"><states>360</states><edges>1402</edges></level>
<level id="17"><states>397</states><edges>1501</edges></level>
<level id="18"><states>427</states><edges>1685</edges></level>
<level id="19"><states>483</states><edges>1836</edges></level>
<level id="20"><states>529</states><edges>1983</edges></level>
<level id="21"><states>566</states><edges>2137</edges></level>
<level id="22"><states>570</states><edges>2188</edges></level>
<level id="23"><states>578</states><edges>2205</edges></level>
<level id="24"><states>598</states><edges>2322</edges></level>
<level id="25"><states>622</states><edges>2353</edges></level>
<level id="26"><states>645</states><edges>2432</edges></level>
<level id="27"><states>671</states><edges>2534</edges></level>
<level id="28"><states>655</states><edges>2501</edges></level>
<level id="29"><states>645</states><edges>2444</edges></level>
<level id="30"><states>637</states><edges>2486</edges></level>
<level id="31"><states>630</states><edges>2404</edges></level>
<level id="32"><states>595</states><edges>2269</edges></level>
<level id="33"><states>566</states><edges>2140</edges></level>
<level id="34"><states>499</states><edges>1940</edges></level>
<level id="35"><states>453</states><edges>1771</edges></level>
<level id="36"><states>435</states><edges>1691</edges></level>
<level id="37"><states>392</states><edges>1519</edges></level>
<level id="38"><states>355</states><edges>1346</edges></level>
<level id="39"><states>301</states><edges>1131</edges></level>
<level id="40"><states>243</states><edges>913</edges></level>
<level id="41"><states>207</states><edges>785</edges></level>
<level id="42"><states>188</states><edges>712</edges></level>
<level id="43"><states>166</states><edges>621</edges></level>
<level id="44"><states>142</states><edges>547</edges></level>
<level id="45"><states>127</states><edges>476</edges></level>
<level id="46"><states>99</states><edges>364</edges></level>
<level id="47"><states>83</states><edges>303</edges></level>
<level id="48"><states>71</states><edges>276</edges></level>
<level id="49"><states>68</states><edges>259</edges></level>
<level id="50"><states>61</states><edges>236</edges></level>
<level id="51"><states>55</states><edges>209</edges></level>
<level id="52"><states>43</states><edges>160</edges></level>
<level id="53"><states>34</states><edges>125</edges></level>
<level id="54"><states>28</states><edges>107</edges></level>
<level id="55"><states>25</states><edges>98</edges></level>
<level id="56"><states>24</states><edges>89</edges></level>
<level id="57"><states>18</states><edges>71</edges></level>
<level id="58"><states>17</states><edges>61</edges></level>
<level id="59"><states>13</states><edges>48</edges></level>
<level id="60"><states>11</states><edges>40</edges></level>
<level id="61"><states>7</states><edges>28</edges></level>
<level id="62"><states>7</states><edges>24</edges></level>
<level id="63"><states>3</states><edges>12</edges></level>
<level id="64"><states>3</states><edges>10</edges></level>
<level id="65"><states>4</states><edges>14</edges></level>
<level id="66"><states>4</states><edges>13</edges></level>
<level id="67"><states>1</states><edges>5</edges></level>
<level id="68"><states>2</states><edges>6</edges></level>
</bfs-levels>
<back-level-length id="0">2.14652</back-level-length>
<back-level-length id="1">33.0115</back-level-length>
<back-level-length id="2">1.93096</back-level-length>
<back-level-length id="3">34.9091</back-level-length>
<back-level-length id="4">0.0971552</back-level-length>
<back-level-length id="5">15.7695</back-level-length>
<back-level-length id="6">0.30361</back-level-length>
<back-level-length id="7">4.49039</back-level-length>
<back-level-length id="8">0.755989</back-level-length>
<back-level-length id="9">1.52412</back-level-length>
<back-level-length id="10">0.0273249</back-level-length>
<back-level-length id="11">0.312718</back-level-length>
<back-level-length id="12">0.0121444</back-level-length>
<back-level-length id="13">0.831891</back-level-length>
<back-level-length id="14">0.534353</back-level-length>
<back-level-length id="15">0.118408</back-level-length>
<back-level-length id="16">0.0698303</back-level-length>
<back-level-length id="17">0.315754</back-level-length>
<back-level-length id="18">0.160913</back-level-length>
<back-level-length id="19">0.0485776</back-level-length>
<back-level-length id="20">0.44327</back-level-length>
<back-level-length id="21">0.0728664</back-level-length>
<back-level-length id="22">0.0698303</back-level-length>
<back-level-length id="23">0.452379</back-level-length>
<back-level-length id="24">0.163949</back-level-length>
<back-level-length id="25">0.0819747</back-level-length>
<back-level-length id="26">0</back-level-length>
<back-level-length id="27">0.197346</back-level-length>
<back-level-length id="28">0.0242888</back-level-length>
<back-level-length id="29">0.309682</back-level-length>
<back-level-length id="30">0.0546498</back-level-length>
<back-level-length id="31">0.060722</back-level-length>
<back-level-length id="32">0.0212527</back-level-length>
<back-level-length id="33">0.200383</back-level-length>
<back-level-length id="34">0.0091083</back-level-length>
<back-level-length id="35">0.0667942</back-level-length>
<back-level-length id="36">0.0333971</back-level-length>
<back-level-length id="37">0.151805</back-level-length>
<back-level-length id="38">0.0121444</back-level-length>
<back-level-length id="39">0.0394693</back-level-length>
<back-level-length id="40">0.0212527</back-level-length>
<back-level-length id="41">0.0728664</back-level-length>
<back-level-length id="42">0.0121444</back-level-length>
<back-level-length id="43">0.0091083</back-level-length>
<back-level-length id="44">0.0151805</back-level-length>
<back-level-length id="45">0.0242888</back-level-length>
<back-level-length id="46">0.0060722</back-level-length>
<back-level-length id="47">0</back-level-length>
<back-level-length id="48">0</back-level-length>
<back-level-length id="49">0</back-level-length>
<back-level-length id="50">0.0030361</back-level-length>
</bfs-info>
<degrees>
<avg>3.82102</avg>
<max-in>19</max-in>
<max-out>8</max-out>
<degree id="0"><in>0</in><out>90</out></degree>
<degree id="1"><in>1858</in><out>261</out></degree>
<degree id="2"><in>2919</in><out>2457</out></degree>
<degree id="3"><in>3159</in><out>3574</out></degree>
<degree id="4"><in>3054</in><out>5422</out></degree>
<degree id="5"><in>1934</in><out>2044</out></degree>
<degree id="6"><in>1265</in><out>1666</out></degree>
<degree id="7"><in>774</in><out>302</out></degree>
<degree id="8"><in>512</in><out>124</out></degree>
<degree id="9"><in>227</in><out>0</out></degree>
<degree id="10"><in>105</in><out>0</out></degree>
<degree id="11"><in>61</in><out>0</out></degree>
<degree id="12"><in>31</in><out>0</out></degree>
<degree id="13"><in>11</in><out>0</out></degree>
<degree id="14"><in>16</in><out>0</out></degree>
<degree id="15"><in>1</in><out>0</out></degree>
<degree id="16"><in>4</in><out>0</out></degree>
<degree id="17"><in>3</in><out>0</out></degree>
<degree id="18"><in>3</in><out>0</out></degree>
<degree id="19"><in>3</in><out>0</out></degree>
</degrees>
<scc-info>
<count>1580</count>
<height>24</height>
<nontrivial-height>10</nontrivial-height>
<trivial>1485</trivial>
<terminal>90</terminal>
<largest>13965</largest>
<largest-position> initial </largest-position>
</scc-info>
<dfs-info>
<stack-size id="79">0.144291</stack-size>
<stack-size id="158">0.175659</stack-size>
<stack-size id="237">0.250941</stack-size>
<stack-size id="316">0.514429</stack-size>
<stack-size id="395">0.621079</stack-size>
<stack-size id="474">0.796738</stack-size>
<stack-size id="553">0.890841</stack-size>
<stack-size id="632">0.941029</stack-size>
<stack-size id="711">1.23588</stack-size>
<stack-size id="790">1.22961</stack-size>
<stack-size id="869">1.38018</stack-size>
<stack-size id="948">1.38645</stack-size>
<stack-size id="1027">1.51192</stack-size>
<stack-size id="1106">1.66876</stack-size>
<stack-size id="1185">1.68758</stack-size>
<stack-size id="1264">1.72522</stack-size>
<stack-size id="1343">1.78795</stack-size>
<stack-size id="1422">2.02635</stack-size>
<stack-size id="1501">1.98243</stack-size>
<stack-size id="1580">2.09536</stack-size>
<stack-size id="1659">2.09536</stack-size>
<stack-size id="1738">2.05772</stack-size>
<stack-size id="1817">2.23338</stack-size>
<stack-size id="1896">2.42785</stack-size>
<stack-size id="1975">2.65997</stack-size>
<stack-size id="2054">2.70389</stack-size>
<stack-size id="2133">3.01757</stack-size>
<stack-size id="2212">3.07403</stack-size>
<stack-size id="2291">3.18695</stack-size>
<stack-size id="2370">3.45044</stack-size>
<stack-size id="2449">3.4128</stack-size>
<stack-size id="2528">3.52572</stack-size>
<stack-size id="2607">3.73275</stack-size>
<stack-size id="2686">3.97114</stack-size>
<stack-size id="2765">4.12171</stack-size>
<stack-size id="2844">4.1468</stack-size>
<stack-size id="2923">4.15935</stack-size>
<stack-size id="3002">4.19699</stack-size>
<stack-size id="3081">4.32873</stack-size>
<stack-size id="3160">4.52321</stack-size>
<stack-size id="3239">4.65496</stack-size>
<stack-size id="3318">4.62986</stack-size>
<stack-size id="3397">4.68632</stack-size>
<stack-size id="3476">4.9059</stack-size>
<stack-size id="3555">4.72396</stack-size>
<stack-size id="3634">4.96863</stack-size>
<stack-size id="3713">5.0941</stack-size>
<stack-size id="3792">5.13174</stack-size>
<stack-size id="3871">5.35132</stack-size>
<stack-size id="3950">5.43287</stack-size>
<stack-size id="4029">5.59598</stack-size>
<stack-size id="4108">5.77164</stack-size>
<stack-size id="4187">5.87829</stack-size>
<stack-size id="4266">6.10414</stack-size>
<stack-size id="4345">6.02258</stack-size>
<stack-size id="4424">6.14178</stack-size>
<stack-size id="4503">6.17942</stack-size>
<stack-size id="4582">6.23588</stack-size>
<stack-size id="4661">6.46173</stack-size>
<stack-size id="4740">6.61857</stack-size>
<stack-size id="4819">6.71895</stack-size>
<stack-size id="4898">6.8005</stack-size>
<stack-size id="4977">6.9197</stack-size>
<stack-size id="5056">7.17691</stack-size>
<stack-size id="5135">7.28984</stack-size>
<stack-size id="5214">7.35885</stack-size>
<stack-size id="5293">7.36512</stack-size>
<stack-size id="5372">7.43413</stack-size>
<stack-size id="5451">7.44668</stack-size>
<stack-size id="5530">7.58469</stack-size>
<stack-size id="5609">7.68507</stack-size>
<stack-size id="5688">7.79799</stack-size>
<stack-size id="5767">7.9611</stack-size>
<stack-size id="5846">8.06148</stack-size>
<stack-size id="5925">8.12422</stack-size>
<stack-size id="6004">8.16186</stack-size>
<stack-size id="6083">8.33124</stack-size>
<stack-size id="6162">8.52572</stack-size>
<stack-size id="6241">8.601</stack-size>
<stack-size id="6320">8.65119</stack-size>
<stack-size id="6399">8.67001</stack-size>
<stack-size id="6478">8.87704</stack-size>
<stack-size id="6557">9.17817</stack-size>
<stack-size id="6636">9.41656</stack-size>
<stack-size id="6715">9.62986</stack-size>
<stack-size id="6794">9.82434</stack-size>
<stack-size id="6873">9.89962</stack-size>
<stack-size id="6952">10.0125</stack-size>
<stack-size id="7031">10.3074</stack-size>
<stack-size id="7110">10.389</stack-size>
<stack-size id="7189">10.4266</stack-size>
<stack-size id="7268">10.665</stack-size>
<stack-size id="7347">10.9034</stack-size>
<stack-size id="7426">11.0602</stack-size>
<stack-size id="7505">11.2171</stack-size>
<stack-size id="7584">11.4492</stack-size>
<stack-size id="7663">11.6374</stack-size>
<stack-size id="7742">11.8695</stack-size>
<stack-size id="7821">11.9072</stack-size>
<stack-size id="7900">11.9385</stack-size>
<stack-size id="7979">12.1016</stack-size>
<stack-size id="8058">12.2522</stack-size>
<stack-size id="8137">12.4655</stack-size>
<stack-size id="8216">12.6412</stack-size>
<stack-size id="8295">12.7415</stack-size>
<stack-size id="8374">13.0552</stack-size>
<stack-size id="8453">13.1117</stack-size>
<stack-size id="8532">13.1368</stack-size>
<stack-size id="8611">13.1242</stack-size>
<stack-size id="8690">13.2622</stack-size>
<stack-size id="8769">13.4504</stack-size>
<stack-size id="8848">13.67</stack-size>
<stack-size id="8927">14.0025</stack-size>
<stack-size id="9006">13.9837</stack-size>
<stack-size id="9085">13.9962</stack-size>
<stack-size id="9164">14.1092</stack-size>
<stack-size id="9243">14.0339</stack-size>
<stack-size id="9322">13.9774</stack-size>
<stack-size id="9401">14.0715</stack-size>
<stack-size id="9480">14.2535</stack-size>
<stack-size id="9559">14.4166</stack-size>
<stack-size id="9638">14.4542</stack-size>
<stack-size id="9717">14.6236</stack-size>
<stack-size id="9796">14.5922</stack-size>
<stack-size id="9875">14.6801</stack-size>
<stack-size id="9954">14.6675</stack-size>
<stack-size id="10033">14.7051</stack-size>
<stack-size id="10112">14.7804</stack-size>
<stack-size id="10191">14.7428</stack-size>
<stack-size id="10270">14.6675</stack-size>
<stack-size id="10349">14.6487</stack-size>
<stack-size id="10428">14.7302</stack-size>
<stack-size id="10507">14.6487</stack-size>
<stack-size id="10586">14.6173</stack-size>
<stack-size id="10665">14.655</stack-size>
<stack-size id="10744">14.611</stack-size>
<stack-size id="10823">14.4856</stack-size>
<stack-size id="10902">14.5169</stack-size>
<stack-size id="10981">14.5169</stack-size>
<stack-size id="11060">14.5483</stack-size>
<stack-size id="11139">14.5671</stack-size>
<stack-size id="11218">14.5734</stack-size>
<stack-size id="11297">14.611</stack-size>
<stack-size id="11376">14.5922</stack-size>
<stack-size id="11455">14.5358</stack-size>
<stack-size id="11534">14.542</stack-size>
<stack-size id="11613">14.6424</stack-size>
<stack-size id="11692">14.5797</stack-size>
<stack-size id="11771">14.4856</stack-size>
<stack-size id="11850">14.4103</stack-size>
<stack-size id="11929">14.4793</stack-size>
<stack-size id="12008">14.5922</stack-size>
<stack-size id="12087">14.4228</stack-size>
<stack-size id="12166">14.4354</stack-size>
<stack-size id="12245">14.3726</stack-size>
<stack-size id="12324">14.473</stack-size>
<stack-size id="12403">14.5169</stack-size>
<stack-size id="12482">14.5295</stack-size>
<stack-size id="12561">14.5358</stack-size>
<stack-size id="12640">14.5169</stack-size>
<stack-size id="12719">14.4918</stack-size>
<stack-size id="12798">14.5107</stack-size>
<stack-size id="12877">14.3977</stack-size>
<stack-size id="12956">14.4793</stack-size>
<stack-size id="13035">14.3977</stack-size>
<stack-size id="13114">14.3789</stack-size>
<stack-size id="13193">14.4417</stack-size>
<stack-size id="13272">14.4417</stack-size>
<stack-size id="13351">14.3977</stack-size>
<stack-size id="13430">14.3538</stack-size>
<stack-size id="13509">14.3726</stack-size>
<stack-size id="13588">14.4793</stack-size>
<stack-size id="13667">14.3726</stack-size>
<stack-size id="13746">14.3162</stack-size>
<stack-size id="13825">14.2723</stack-size>
<stack-size id="13904">14.3852</stack-size>
<stack-size id="13983">14.2848</stack-size>
<stack-size id="14062">14.2284</stack-size>
<stack-size id="14141">14.3538</stack-size>
<stack-size id="14220">14.404</stack-size>
<stack-size id="14299">14.404</stack-size>
<stack-size id="14378">14.3852</stack-size>
<stack-size id="14457">14.3852</stack-size>
<stack-size id="14536">14.3664</stack-size>
<stack-size id="14615">14.266</stack-size>
<stack-size id="14694">14.2911</stack-size>
<stack-size id="14773">14.2785</stack-size>
<stack-size id="14852">14.2409</stack-size>
<stack-size id="14931">14.1719</stack-size>
<stack-size id="15010">13.3563</stack-size>
<stack-size id="15089">13.3124</stack-size>
<stack-size id="15168">13.2246</stack-size>
<stack-size id="15247">12.1205</stack-size>
<stack-size id="15326">12.1205</stack-size>
<stack-size id="15405">12.1016</stack-size>
<stack-size id="15484">6.17315</stack-size>
<stack-size id="15563">4.46048</stack-size>
<stack-size id="15642">2.88582</stack-size>
<stack-size id="15721">1.9197</stack-size>
<stack-size id="15800">1.79423</stack-size>
<stack-size id="15879">0.840652</stack-size>
<max-stack>2366</max-stack>
<front-edges>15939</front-edges>
<back-edges>8433</back-edges>
<cross-edges>36535</cross-edges>
<shortest-cycle>2</shortest-cycle>
</dfs-info>
<rw-info>
<coverage step="1580">0.664994</coverage>
<coverage step="3160">0.846926</coverage>
<coverage step="4740">1.02886</coverage>
<coverage step="6320">1.07277</coverage>
<coverage step="7900">1.13551</coverage>
<coverage step="9480">1.32371</coverage>
<coverage step="11060">1.6123</coverage>
<coverage step="12640">1.73149</coverage>
<coverage step="14220">1.79423</coverage>
<coverage step="15800">1.86324</coverage>
<coverage step="17380">1.93225</coverage>
<coverage step="18960">2.27729</coverage>
<coverage step="20540">2.27729</coverage>
<coverage step="22120">2.37767</coverage>
<coverage step="23700">2.37767</coverage>
<coverage step="25280">2.5596</coverage>
<coverage step="26860">2.62861</coverage>
<coverage step="28440">2.72898</coverage>
<coverage step="30020">2.75408</coverage>
<coverage step="31600">2.8921</coverage>
<coverage step="33180">2.89837</coverage>
<coverage step="34760">2.9611</coverage>
<coverage step="36340">2.9611</coverage>
<coverage step="37920">2.9862</coverage>
<coverage step="39500">3.03011</coverage>
<coverage step="41080">3.04266</coverage>
<coverage step="42660">3.11794</coverage>
<coverage step="44240">3.13676</coverage>
<coverage step="45820">3.14931</coverage>
<coverage step="47400">3.14931</coverage>
<coverage step="48980">3.19322</coverage>
<coverage step="50560">3.1995</coverage>
<coverage step="52140">3.1995</coverage>
<coverage step="53720">3.22459</coverage>
<coverage step="55300">3.22459</coverage>
<coverage step="56880">3.26223</coverage>
<coverage step="58460">3.29987</coverage>
<coverage step="60040">3.3187</coverage>
<coverage step="61620">3.3187</coverage>
<coverage step="63200">3.37516</coverage>
<coverage step="64780">3.39398</coverage>
<coverage step="66360">3.40025</coverage>
<coverage step="67940">3.43789</coverage>
<coverage step="69520">3.46926</coverage>
<coverage step="71100">3.52572</coverage>
<coverage step="72680">3.53827</coverage>
<coverage step="74260">3.53827</coverage>
<coverage step="75840">3.58218</coverage>
<coverage step="77420">3.59473</coverage>
<coverage step="79000">3.601</coverage>
<coverage step="80580">3.60728</coverage>
<coverage step="82160">3.61982</coverage>
<coverage step="83740">3.63237</coverage>
<coverage step="85320">3.67629</coverage>
<coverage step="86900">3.69511</coverage>
<coverage step="88480">3.69511</coverage>
<coverage step="90060">3.74529</coverage>
<coverage step="91640">3.77666</coverage>
<coverage step="93220">3.77666</coverage>
<coverage step="94800">3.79548</coverage>
<coverage step="96380">3.80803</coverage>
<coverage step="97960">3.8394</coverage>
<coverage step="99540">3.92095</coverage>
<coverage step="101120">3.93977</coverage>
<coverage step="102700">3.94605</coverage>
<coverage step="104280">3.95232</coverage>
<coverage step="105860">3.95232</coverage>
<coverage step="107440">3.97114</coverage>
<coverage step="109020">3.97114</coverage>
<coverage step="110600">3.97114</coverage>
<coverage step="112180">3.98369</coverage>
<coverage step="113760">3.98369</coverage>
<coverage step="115340">3.98369</coverage>
<coverage step="116920">4.04642</coverage>
<coverage step="118500">4.04642</coverage>
<coverage step="120080">4.04642</coverage>
<coverage step="121660">4.04642</coverage>
<coverage step="123240">4.04642</coverage>
<coverage step="124820">4.05897</coverage>
<coverage step="126400">4.05897</coverage>
<coverage step="127980">4.05897</coverage>
<coverage step="129560">4.08407</coverage>
<coverage step="131140">4.08407</coverage>
<coverage step="132720">4.09661</coverage>
<coverage step="134300">4.09661</coverage>
<coverage step="135880">4.09661</coverage>
<coverage step="137460">4.19072</coverage>
<coverage step="139040">4.22836</coverage>
<coverage step="140620">4.22836</coverage>
<coverage step="142200">4.22836</coverage>
<coverage step="143780">4.2409</coverage>
<coverage step="145360">4.2409</coverage>
<coverage step="146940">4.25345</coverage>
<coverage step="148520">4.37265</coverage>
<coverage step="150100">4.42911</coverage>
<coverage step="151680">4.42911</coverage>
<coverage step="153260">4.42911</coverage>
<coverage step="154840">4.4542</coverage>
<coverage step="156420">4.46048</coverage>
<coverage step="158000">4.46048</coverage>
<rw-visits order="1">15698</rw-visits>
<rw-visits order="4">11946</rw-visits>
<rw-visits order="7">8437</rw-visits>
<rw-visits order="10">5805</rw-visits>
<rw-visits order="13">3783</rw-visits>
<rw-visits order="16">3419</rw-visits>
<rw-visits order="19">2177</rw-visits>
<rw-visits order="22">1493</rw-visits>
<rw-visits order="25">1292</rw-visits>
<rw-visits order="28">1165</rw-visits>
<rw-visits order="31">1087</rw-visits>
<rw-visits order="34">931</rw-visits>
<rw-visits order="37">888</rw-visits>
<rw-visits order="40">755</rw-visits>
<rw-visits order="43">645</rw-visits>
<rw-visits order="46">539</rw-visits>
<rw-visits order="49">405</rw-visits>
<rw-visits order="52">371</rw-visits>
<rw-visits order="55">314</rw-visits>
<rw-visits order="58">298</rw-visits>
<rw-visits order="61">277</rw-visits>
<rw-visits order="64">258</rw-visits>
<rw-visits order="67">215</rw-visits>
<rw-visits order="70">168</rw-visits>
<rw-visits order="73">157</rw-visits>
<rw-visits order="76">148</rw-visits>
<rw-visits order="79">139</rw-visits>
<rw-visits order="82">119</rw-visits>
<rw-visits order="85">101</rw-visits>
<rw-visits order="88">90</rw-visits>
<rw-visits order="91">80</rw-visits>
<rw-visits order="94">77</rw-visits>
<rw-visits order="97">66</rw-visits>
<rw-visits order="100">61</rw-visits>
<rw-visits order="103">56</rw-visits>
<rw-visits order="106">54</rw-visits>
<rw-visits order="109">49</rw-visits>
<rw-visits order="112">44</rw-visits>
<rw-visits order="115">43</rw-visits>
<rw-visits order="118">42</rw-visits>
<rw-visits order="121">37</rw-visits>
<rw-visits order="124">36</rw-visits>
<rw-visits order="127">34</rw-visits>
<rw-visits order="130">32</rw-visits>
<rw-visits order="133">30</rw-visits>
<rw-visits order="136">30</rw-visits>
<rw-visits order="139">28</rw-visits>
<rw-visits order="142">27</rw-visits>
<rw-visits order="145">26</rw-visits>
<rw-visits order="148">26</rw-visits>
<rw-visits order="151">25</rw-visits>
<rw-visits order="154">24</rw-visits>
<rw-visits order="157">23</rw-visits>
<rw-visits order="160">22</rw-visits>
<rw-visits order="163">21</rw-visits>
<rw-visits order="166">21</rw-visits>
<rw-visits order="169">20</rw-visits>
<rw-visits order="172">19</rw-visits>
<rw-visits order="175">19</rw-visits>
<rw-visits order="178">19</rw-visits>
<rw-visits order="181">18</rw-visits>
<rw-visits order="184">17</rw-visits>
<rw-visits order="187">17</rw-visits>
<rw-visits order="190">16</rw-visits>
<rw-visits order="193">16</rw-visits>
<rw-visits order="196">15</rw-visits>
<rw-visits order="199">15</rw-visits>
<rw-visits order="202">14</rw-visits>
<rw-visits order="205">13</rw-visits>
<rw-visits order="208">13</rw-visits>
<rw-visits order="211">12</rw-visits>
<rw-visits order="214">12</rw-visits>
<rw-visits order="217">11</rw-visits>
<rw-visits order="220">11</rw-visits>
<rw-visits order="223">10</rw-visits>
<rw-visits order="226">10</rw-visits>
<rw-visits order="229">10</rw-visits>
<rw-visits order="232">10</rw-visits>
<rw-visits order="235">9</rw-visits>
<rw-visits order="238">9</rw-visits>
<rw-visits order="241">9</rw-visits>
<rw-visits order="244">8</rw-visits>
<rw-visits order="247">8</rw-visits>
<rw-visits order="250">8</rw-visits>
<rw-visits order="253">8</rw-visits>
<rw-visits order="256">7</rw-visits>
<rw-visits order="259">7</rw-visits>
<rw-visits order="262">7</rw-visits>
<rw-visits order="265">7</rw-visits>
<rw-visits order="268">7</rw-visits>
<rw-visits order="271">7</rw-visits>
<rw-visits order="274">6</rw-visits>
<rw-visits order="277">6</rw-visits>
<rw-visits order="280">6</rw-visits>
<rw-visits order="283">6</rw-visits>
<rw-visits order="286">6</rw-visits>
<rw-visits order="289">6</rw-visits>
<rw-visits order="292">5</rw-visits>
<rw-visits order="295">5</rw-visits>
<rw-visits order="298">5</rw-visits>
<rw-visits order="301">5</rw-visits>
<rw-visits order="304">5</rw-visits>
<rw-visits order="307">5</rw-visits>
<rw-visits order="310">5</rw-visits>
<rw-visits order="313">5</rw-visits>
<rw-visits order="316">4</rw-visits>
<rw-visits order="319">4</rw-visits>
<rw-visits order="322">4</rw-visits>
<rw-visits order="325">4</rw-visits>
<rw-visits order="328">4</rw-visits>
<rw-visits order="331">4</rw-visits>
<rw-visits order="334">4</rw-visits>
<rw-visits order="337">4</rw-visits>
<rw-visits order="340">4</rw-visits>
<rw-visits order="343">4</rw-visits>
<rw-visits order="346">3</rw-visits>
<rw-visits order="349">3</rw-visits>
<rw-visits order="352">3</rw-visits>
<rw-visits order="355">3</rw-visits>
<rw-visits order="358">3</rw-visits>
<rw-visits order="361">3</rw-visits>
<rw-visits order="364">3</rw-visits>
<rw-visits order="367">3</rw-visits>
<rw-visits order="370">3</rw-visits>
<rw-visits order="373">3</rw-visits>
<rw-visits order="376">3</rw-visits>
<rw-visits order="379">3</rw-visits>
<rw-visits order="382">3</rw-visits>
<rw-visits order="385">3</rw-visits>
<rw-visits order="388">3</rw-visits>
<rw-visits order="391">3</rw-visits>
<rw-visits order="394">3</rw-visits>
<rw-visits order="397">3</rw-visits>
<rw-visits order="400">3</rw-visits>
<rw-visits order="403">3</rw-visits>
<rw-visits order="406">3</rw-visits>
<rw-visits order="409">2</rw-visits>
<rw-visits order="412">2</rw-visits>
<rw-visits order="415">2</rw-visits>
<rw-visits order="418">2</rw-visits>
<rw-visits order="421">2</rw-visits>
<rw-visits order="424">2</rw-visits>
<rw-visits order="427">2</rw-visits>
<rw-visits order="430">2</rw-visits>
<rw-visits order="433">2</rw-visits>
<rw-visits order="436">2</rw-visits>
<rw-visits order="439">2</rw-visits>
<rw-visits order="442">2</rw-visits>
<rw-visits order="445">2</rw-visits>
<rw-visits order="448">2</rw-visits>
<rw-visits order="451">2</rw-visits>
<rw-visits order="454">2</rw-visits>
<rw-visits order="457">2</rw-visits>
<rw-visits order="460">2</rw-visits>
<rw-visits order="463">2</rw-visits>
<rw-visits order="466">2</rw-visits>
<rw-visits order="469">2</rw-visits>
<rw-visits order="472">2</rw-visits>
<rw-visits order="475">2</rw-visits>
<rw-visits order="478">2</rw-visits>
<rw-visits order="481">2</rw-visits>
<rw-visits order="484">2</rw-visits>
<rw-visits order="487">2</rw-visits>
<rw-visits order="490">2</rw-visits>
<rw-visits order="493">2</rw-visits>
<rw-visits order="496">2</rw-visits>
<rw-visits order="499">1</rw-visits>
<rw-visits order="502">1</rw-visits>
<rw-visits order="505">1</rw-visits>
<rw-visits order="508">1</rw-visits>
<rw-visits order="511">1</rw-visits>
<rw-visits order="514">1</rw-visits>
<rw-visits order="517">1</rw-visits>
<rw-visits order="520">1</rw-visits>
<rw-visits order="523">1</rw-visits>
<rw-visits order="526">1</rw-visits>
<rw-visits order="529">1</rw-visits>
<rw-visits order="532">1</rw-visits>
<rw-visits order="535">1</rw-visits>
<rw-visits order="538">1</rw-visits>
<rw-visits order="541">1</rw-visits>
<rw-visits order="544">1</rw-visits>
<rw-visits order="547">1</rw-visits>
<rw-visits order="550">1</rw-visits>
<rw-visits order="553">1</rw-visits>
<rw-visits order="556">1</rw-visits>
<rw-visits order="559">1</rw-visits>
<rw-visits order="562">1</rw-visits>
<rw-visits order="565">1</rw-visits>
<rw-visits order="568">1</rw-visits>
<rw-visits order="571">1</rw-visits>
<rw-visits order="574">1</rw-visits>
<rw-visits order="577">1</rw-visits>
<rw-visits order="580">1</rw-visits>
<rw-visits order="583">1</rw-visits>
<rw-visits order="586">1</rw-visits>
<rw-visits order="589">1</rw-visits>
<rw-visits order="592">1</rw-visits>
<rw-visits order="595">1</rw-visits>
<rw-visits order="598">1</rw-visits>
<rw-visits order="601">1</rw-visits>
<rw-visits order="604">1</rw-visits>
<rw-visits order="607">1</rw-visits>
<rw-visits order="610">1</rw-visits>
<rw-visits order="613">1</rw-visits>
<rw-visits order="616">1</rw-visits>
<rw-visits order="619">1</rw-visits>
<rw-visits order="622">1</rw-visits>
<rw-visits order="625">1</rw-visits>
<rw-visits order="628">1</rw-visits>
<rw-visits order="631">1</rw-visits>
<rw-visits order="634">1</rw-visits>
<rw-visits order="637">1</rw-visits>
<rw-visits order="640">1</rw-visits>
<rw-visits order="643">1</rw-visits>
<rw-visits order="646">1</rw-visits>
<rw-visits order="649">1</rw-visits>
<rw-visits order="652">1</rw-visits>
<rw-visits order="655">1</rw-visits>
<rw-visits order="658">1</rw-visits>
<rw-visits order="661">1</rw-visits>
<rw-visits order="664">1</rw-visits>
<rw-visits order="667">1</rw-visits>
<rw-visits order="670">1</rw-visits>
<rw-visits order="673">1</rw-visits>
<rw-visits order="676">1</rw-visits>
<rw-visits order="679">1</rw-visits>
<rw-visits order="682">1</rw-visits>
<rw-visits order="685">1</rw-visits>
<rw-visits order="688">1</rw-visits>
<rw-visits order="691">1</rw-visits>
<rw-visits order="694">1</rw-visits>
<rw-visits order="697">1</rw-visits>
<rw-visits order="700">1</rw-visits>
<rw-visits order="703">1</rw-visits>
<rw-visits order="706">1</rw-visits>
<rw-visits order="709">1</rw-visits>
<rw-visits order="712">1</rw-visits>
<final-coverage>4.47302</final-coverage>
</rw-info>
<local-info>
<diamonds>90.7905</diamonds>
<neighborhood k="4">61</neighborhood>
<clustering k="4">2.07141</clustering>
</local-info>
<label-info>
<edge-label id="0.10">80</edge-label>
<edge-label id="0.12+2.2">420</edge-label>
<edge-label id="0.13+2.1">420</edge-label>
<edge-label id="0.14+2.0">1504</edge-label>
<edge-label id="0.16+2.1">1504</edge-label>
<edge-label id="0.18+2.1">1252</edge-label>
<edge-label id="0.19">188</edge-label>
<edge-label id="0.20+2.0">1924</edge-label>
<edge-label id="0.24+2.1">1912</edge-label>
<edge-label id="0.25">448</edge-label>
<edge-label id="0.3+2.0">287</edge-label>
<edge-label id="0.4+2.0">95</edge-label>
<edge-label id="1.11">412</edge-label>
<edge-label id="1.13+3.2">288</edge-label>
<edge-label id="1.14+3.1">288</edge-label>
<edge-label id="1.15+3.0">992</edge-label>
<edge-label id="1.17+3.1">992</edge-label>
<edge-label id="1.19+3.2">848</edge-label>
<edge-label id="1.20">188</edge-label>
<edge-label id="1.21+3.0">2208</edge-label>
<edge-label id="1.23+3.1">2208</edge-label>
<edge-label id="1.25+3.1">1388</edge-label>
<edge-label id="1.26">448</edge-label>
<edge-label id="1.28">460</edge-label>
<edge-label id="1.3+3.0">504</edge-label>
<edge-label id="1.4+3.1">504</edge-label>
<edge-label id="1.5+3.0">179</edge-label>
<edge-label id="2.3">11503</edge-label>
<edge-label id="2.4+1.0">59</edge-label>
<edge-label id="2.4+1.10">326</edge-label>
<edge-label id="2.4+1.16">80</edge-label>
<edge-label id="2.4+1.22">216</edge-label>
<edge-label id="2.5+1.18">996</edge-label>
<edge-label id="2.5+1.2">304</edge-label>
<edge-label id="2.5+1.24">2120</edge-label>
<edge-label id="2.5+1.8">2104</edge-label>
<edge-label id="2.6+1.27">420</edge-label>
<edge-label id="2.6+1.9">462</edge-label>
<edge-label id="3.3">12842</edge-label>
<edge-label id="3.4+0.0">31</edge-label>
<edge-label id="3.4+0.15">89</edge-label>
<edge-label id="3.4+0.21">86</edge-label>
<edge-label id="3.4+0.9">378</edge-label>
<edge-label id="3.5+0.17">1101</edge-label>
<edge-label id="3.5+0.2">95</edge-label>
<edge-label id="3.5+0.23">1094</edge-label>
<edge-label id="3.5+0.8">1704</edge-label>
<edge-label id="3.6+0.22">1328</edge-label>
<edge-label id="3.6+0.7">1628</edge-label>
<state-labels procid="0">
<label id="[]">15940</label>
</state-labels><state-labels procid="1">
<label id="[0,-1,0]">128</label>
<label id="[0,-1,1]">66</label>
<label id="[0,-1,2]">66</label>
<label id="[0,-1,3]">60</label>
<label id="[1,-1,0]">11</label>
<label id="[1,-1,1]">7</label>
<label id="[1,-1,2]">7</label>
<label id="[1,-1,3]">6</label>
<label id="[1,0,0]">38</label>
<label id="[1,1,1]">21</label>
<label id="[1,2,2]">21</label>
<label id="[1,3,3]">21</label>
<label id="[10,0,1]">47</label>
<label id="[10,1,2]">47</label>
<label id="[10,2,3]">47</label>
<label id="[10,3,0]">47</label>
<label id="[2,-1,0]">343</label>
<label id="[2,-1,1]">153</label>
<label id="[2,-1,2]">153</label>
<label id="[2,-1,3]">140</label>
<label id="[2,0,0]">880</label>
<label id="[2,0,1]">147</label>
<label id="[2,1,0]">16</label>
<label id="[2,1,1]">761</label>
<label id="[2,1,2]">147</label>
<label id="[2,2,0]">16</label>
<label id="[2,2,2]">761</label>
<label id="[2,2,3]">147</label>
<label id="[2,3,0]">145</label>
<label id="[2,3,3]">751</label>
<label id="[3,0,0]">184</label>
<label id="[3,1,1]">112</label>
<label id="[3,2,2]">112</label>
<label id="[3,3,3]">112</label>
<label id="[4,0,0]">624</label>
<label id="[4,1,1]">488</label>
<label id="[4,2,2]">488</label>
<label id="[4,3,3]">488</label>
<label id="[5,0,0]">824</label>
<label id="[5,1,1]">712</label>
<label id="[5,2,2]">712</label>
<label id="[5,3,3]">712</label>
<label id="[7,0,0]">774</label>
<label id="[7,0,1]">112</label>
<label id="[7,1,1]">662</label>
<label id="[7,1,2]">112</label>
<label id="[7,2,2]">662</label>
<label id="[7,2,3]">112</label>
<label id="[7,3,0]">112</label>
<label id="[7,3,3]">662</label>
<label id="[8,0,0]">526</label>
<label id="[8,0,1]">47</label>
<label id="[8,1,1]">390</label>
<label id="[8,1,2]">47</label>
<label id="[8,2,2]">390</label>
<label id="[8,2,3]">47</label>
<label id="[8,3,0]">47</label>
<label id="[8,3,3]">390</label>
<label id="[9,-1,0]">80</label>
</state-labels><state-labels procid="2">
<label id="[0,0,0]">180</label>
<label id="[0,0,1]">86</label>
<label id="[0,0,2]">86</label>
<label id="[0,0,3]">52</label>
<label id="[0,1,1]">115</label>
<label id="[0,2,2]">115</label>
<label id="[0,3,3]">115</label>
<label id="[1,0,0]">29</label>
<label id="[1,0,1]">32</label>
<label id="[1,0,2]">32</label>
<label id="[1,0,3]">52</label>
<label id="[1,1,0]">39</label>
<label id="[1,1,1]">10</label>
<label id="[1,2,1]">39</label>
<label id="[1,2,2]">10</label>
<label id="[1,3,2]">39</label>
<label id="[1,3,3]">10</label>
<label id="[11,0,0]">115</label>
<label id="[11,1,1]">115</label>
<label id="[11,2,2]">115</label>
<label id="[11,3,3]">115</label>
<label id="[2,0,0]">331</label>
<label id="[2,0,1]">359</label>
<label id="[2,0,2]">359</label>
<label id="[2,0,3]">708</label>
<label id="[2,1,0]">630</label>
<label id="[2,1,1]">131</label>
<label id="[2,2,1]">630</label>
<label id="[2,2,2]">131</label>
<label id="[2,3,2]">630</label>
<label id="[2,3,3]">131</label>
<label id="[3,0,3]">112</label>
<label id="[3,1,0]">112</label>
<label id="[3,2,1]">112</label>
<label id="[3,3,2]">112</label>
<label id="[4,0,0]">47</label>
<label id="[4,0,3]">328</label>
<label id="[4,1,0]">328</label>
<label id="[4,1,1]">47</label>
<label id="[4,2,1]">328</label>
<label id="[4,2,2]">47</label>
<label id="[4,3,2]">328</label>
<label id="[4,3,3]">47</label>
<label id="[5,0,0]">267</label>
<label id="[5,0,1]">279</label>
<label id="[5,0,2]">279</label>
<label id="[5,0,3]">707</label>
<label id="[5,1,0]">636</label>
<label id="[5,1,1]">117</label>
<label id="[5,2,1]">636</label>
<label id="[5,2,2]">117</label>
<label id="[5,3,2]">636</label>
<label id="[5,3,3]">117</label>
<label id="[7,0,0]">112</label>
<label id="[7,0,3]">590</label>
<label id="[7,1,0]">590</label>
<label id="[7,1,1]">112</label>
<label id="[7,2,1]">590</label>
<label id="[7,2,2]">112</label>
<label id="[7,3,2]">590</label>
<label id="[7,3,3]">112</label>
<label id="[8,0,0]">47</label>
<label id="[8,0,3]">313</label>
<label id="[8,1,0]">313</label>
<label id="[8,1,1]">47</label>
<label id="[8,2,1]">313</label>
<label id="[8,2,2]">47</label>
<label id="[8,3,2]">313</label>
<label id="[8,3,3]">47</label>
<label id="[9,0,0]">103</label>
<label id="[9,1,1]">103</label>
<label id="[9,2,2]">103</label>
<label id="[9,3,3]">103</label>
</state-labels><state-labels procid="3">
<label id="[0,{0|0|0},0,0]">1193</label>
<label id="[0,{0|0|0},0,1]">1112</label>
<label id="[0,{0|0|0},0,2]">1112</label>
<label id="[0,{0|0|0},0,3]">1020</label>
<label id="[0,{0|0|0},1,0]">242</label>
<label id="[0,{0|0|0},1,1]">238</label>
<label id="[0,{0|0|0},1,2]">238</label>
<label id="[0,{0|0|0},1,3]">216</label>
<label id="[0,{0|0|0},2,0]">9</label>
<label id="[0,{0|0|0},2,1]">13</label>
<label id="[0,{0|0|0},2,2]">13</label>
<label id="[0,{0|0|0},2,3]">8</label>
<label id="[0,{11|0|0},1,1]">525</label>
<label id="[0,{11|0|0},2,1]">168</label>
<label id="[0,{11|0|0},3,1]">4</label>
<label id="[0,{11|11|0},2,1]">520</label>
<label id="[0,{11|11|0},3,1]">164</label>
<label id="[0,{11|11|11},3,1]">461</label>
<label id="[0,{11|11|19},3,2]">55</label>
<label id="[0,{11|11|20},3,2]">41</label>
<label id="[0,{11|19|0},2,2]">59</label>
<label id="[0,{11|19|0},3,2]">30</label>
<label id="[0,{11|19|19},3,2]">55</label>
<label id="[0,{11|20|0},2,2]">42</label>
<label id="[0,{11|20|0},3,2]">30</label>
<label id="[0,{11|20|19},3,2]">78</label>
<label id="[0,{12|0|0},1,1]">42</label>
<label id="[0,{12|0|0},2,1]">30</label>
<label id="[0,{12|0|0},3,1]">1</label>
<label id="[0,{12|11|0},2,1]">83</label>
<label id="[0,{12|11|0},3,1]">30</label>
<label id="[0,{12|11|11},3,1]">78</label>
<label id="[0,{19|0|0},1,2]">525</label>
<label id="[0,{19|0|0},2,2]">168</label>
<label id="[0,{19|0|0},3,2]">4</label>
<label id="[0,{19|19|0},2,2]">520</label>
<label id="[0,{19|19|0},3,2]">164</label>
<label id="[0,{19|19|19},3,2]">461</label>
<label id="[0,{19|19|27},3,3]">55</label>
<label id="[0,{19|19|28},3,3]">41</label>
<label id="[0,{19|27|0},2,3]">59</label>
<label id="[0,{19|27|0},3,3]">30</label>
<label id="[0,{19|27|27},3,3]">55</label>
<label id="[0,{19|28|0},2,3]">42</label>
<label id="[0,{19|28|0},3,3]">30</label>
<label id="[0,{19|28|27},3,3]">78</label>
<label id="[0,{20|0|0},1,2]">42</label>
<label id="[0,{20|0|0},2,2]">30</label>
<label id="[0,{20|0|0},3,2]">1</label>
<label id="[0,{20|19|0},2,2]">83</label>
<label id="[0,{20|19|0},3,2]">30</label>
<label id="[0,{20|19|19},3,2]">78</label>
<label id="[0,{27|0|0},1,3]">525</label>
<label id="[0,{27|0|0},2,3]">168</label>
<label id="[0,{27|0|0},3,3]">4</label>
<label id="[0,{27|27|0},2,3]">520</label>
<label id="[0,{27|27|0},3,3]">164</label>
<label id="[0,{27|27|27},3,3]">461</label>
<label id="[0,{27|27|3},3,0]">55</label>
<label id="[0,{27|27|4},3,0]">41</label>
<label id="[0,{27|3|0},2,0]">59</label>
<label id="[0,{27|3|0},3,0]">30</label>
<label id="[0,{27|3|3},3,0]">55</label>
<label id="[0,{27|4|0},2,0]">42</label>
<label id="[0,{27|4|0},3,0]">30</label>
<label id="[0,{27|4|3},3,0]">78</label>
<label id="[0,{28|0|0},1,3]">42</label>
<label id="[0,{28|0|0},2,3]">30</label>
<label id="[0,{28|0|0},3,3]">1</label>
<label id="[0,{28|27|0},2,3]">83</label>
<label id="[0,{28|27|0},3,3]">30</label>
<label id="[0,{28|27|27},3,3]">78</label>
<label id="[0,{3|0|0},1,0]">591</label>
<label id="[0,{3|0|0},2,0]">186</label>
<label id="[0,{3|0|0},3,0]">6</label>
<label id="[0,{3|11|0},2,1]">59</label>
<label id="[0,{3|11|0},3,1]">30</label>
<label id="[0,{3|11|11},3,1]">55</label>
<label id="[0,{3|12|0},2,1]">42</label>
<label id="[0,{3|12|0},3,1]">30</label>
<label id="[0,{3|12|11},3,1]">78</label>
<label id="[0,{3|3|0},2,0]">586</label>
<label id="[0,{3|3|0},3,0]">182</label>
<label id="[0,{3|3|11},3,1]">55</label>
<label id="[0,{3|3|12},3,1]">41</label>
<label id="[0,{3|3|3},3,0]">527</label>
<label id="[0,{4|0|0},1,0]">93</label>
<label id="[0,{4|0|0},2,0]">57</label>
<label id="[0,{4|0|0},3,0]">4</label>
<label id="[0,{4|3|0},2,0]">182</label>
<label id="[0,{4|3|0},3,0]">57</label>
<label id="[0,{4|3|3},3,0]">177</label>
</state-labels><state-labels procid="4">
<label id="[0,{0|0|0},0,0]">1100</label>
<label id="[0,{0|0|0},0,1]">666</label>
<label id="[0,{0|0|0},0,2]">666</label>
<label id="[0,{0|0|0},0,3]">666</label>
<label id="[0,{0|0|0},1,0]">298</label>
<label id="[0,{0|0|0},1,1]">132</label>
<label id="[0,{0|0|0},1,2]">132</label>
<label id="[0,{0|0|0},1,3]">132</label>
<label id="[0,{0|0|0},2,0]">25</label>
<label id="[0,{0|0|0},2,1]">8</label>
<label id="[0,{0|0|0},2,2]">8</label>
<label id="[0,{0|0|0},2,3]">8</label>
<label id="[0,{0|1|0},2,0]">33</label>
<label id="[0,{0|1|0},3,0]">33</label>
<label id="[0,{0|1|1},3,0]">33</label>
<label id="[0,{10|0|0},1,1]">156</label>
<label id="[0,{10|0|0},2,1]">81</label>
<label id="[0,{10|0|0},3,1]">4</label>
<label id="[0,{10|0|1},3,0]">4</label>
<label id="[0,{10|10|0},2,1]">156</label>
<label id="[0,{10|10|0},3,1]">81</label>
<label id="[0,{10|10|10},3,1]">144</label>
<label id="[0,{10|10|9},3,1]">189</label>
<label id="[0,{10|9|0},2,1]">205</label>
<label id="[0,{10|9|0},3,1]">81</label>
<label id="[0,{10|9|17},3,2]">24</label>
<label id="[0,{10|9|18},3,2]">24</label>
<label id="[0,{10|9|9},3,1]">190</label>
<label id="[0,{17|0|0},1,2]">300</label>
<label id="[0,{17|0|0},2,2]">112</label>
<label id="[0,{17|0|0},3,2]">4</label>
<label id="[0,{17|0|1},3,0]">4</label>
<label id="[0,{17|17|0},2,2]">298</label>
<label id="[0,{17|17|0},3,2]">112</label>
<label id="[0,{17|17|17},3,2]">269</label>
<label id="[0,{17|17|25},3,3]">39</label>
<label id="[0,{17|17|26},3,3]">39</label>
<label id="[0,{17|25|0},2,3]">41</label>
<label id="[0,{17|25|0},3,3]">21</label>
<label id="[0,{17|25|25},3,3]">39</label>
<label id="[0,{17|26|0},2,3]">41</label>
<label id="[0,{17|26|0},3,3]">21</label>
<label id="[0,{17|26|25},3,3]">39</label>
<label id="[0,{17|26|26},3,3]">39</label>
<label id="[0,{18|0|0},1,2]">156</label>
<label id="[0,{18|0|0},2,2]">81</label>
<label id="[0,{18|0|0},3,2]">4</label>
<label id="[0,{18|0|1},3,0]">4</label>
<label id="[0,{18|17|0},2,2]">205</label>
<label id="[0,{18|17|0},3,2]">81</label>
<label id="[0,{18|17|17},3,2]">190</label>
<label id="[0,{18|17|25},3,3]">24</label>
<label id="[0,{18|17|26},3,3]">24</label>
<label id="[0,{18|18|0},2,2]">156</label>
<label id="[0,{18|18|0},3,2]">81</label>
<label id="[0,{18|18|17},3,2]">189</label>
<label id="[0,{18|18|18},3,2]">144</label>
<label id="[0,{1|0|0},1,0]">486</label>
<label id="[0,{1|0|0},2,0]">298</label>
<label id="[0,{1|0|0},3,0]">25</label>
<label id="[0,{1|0|1},3,0]">25</label>
<label id="[0,{1|10|0},2,1]">41</label>
<label id="[0,{1|10|0},3,1]">21</label>
<label id="[0,{1|10|10},3,1]">39</label>
<label id="[0,{1|10|9},3,1]">39</label>
<label id="[0,{1|1|0},2,0]">484</label>
<label id="[0,{1|1|0},3,0]">298</label>
<label id="[0,{1|1|10},3,1]">39</label>
<label id="[0,{1|1|1},3,0]">455</label>
<label id="[0,{1|1|9},3,1]">39</label>
<label id="[0,{1|9|0},2,1]">41</label>
<label id="[0,{1|9|0},3,1]">21</label>
<label id="[0,{1|9|9},3,1]">39</label>
<label id="[0,{25|0|0},1,3]">300</label>
<label id="[0,{25|0|0},2,3]">112</label>
<label id="[0,{25|0|0},3,3]">4</label>
<label id="[0,{25|0|1},3,0]">4</label>
<label id="[0,{25|1|0},2,0]">41</label>
<label id="[0,{25|1|0},3,0]">21</label>
<label id="[0,{25|1|1},3,0]">39</label>
<label id="[0,{25|25|0},2,3]">298</label>
<label id="[0,{25|25|0},3,3]">112</label>
<label id="[0,{25|25|1},3,0]">39</label>
<label id="[0,{25|25|25},3,3]">269</label>
<label id="[0,{25|25|2},3,0]">39</label>
<label id="[0,{25|2|0},2,0]">41</label>
<label id="[0,{25|2|0},3,0]">21</label>
<label id="[0,{25|2|1},3,0]">39</label>
<label id="[0,{25|2|2},3,0]">39</label>
<label id="[0,{26|0|0},1,3]">156</label>
<label id="[0,{26|0|0},2,3]">81</label>
<label id="[0,{26|0|0},3,3]">4</label>
<label id="[0,{26|0|1},3,0]">4</label>
<label id="[0,{26|25|0},2,3]">205</label>
<label id="[0,{26|25|0},3,3]">81</label>
<label id="[0,{26|25|1},3,0]">24</label>
<label id="[0,{26|25|25},3,3]">190</label>
<label id="[0,{26|25|2},3,0]">24</label>
<label id="[0,{26|26|0},2,3]">156</label>
<label id="[0,{26|26|0},3,3]">81</label>
<label id="[0,{26|26|25},3,3]">189</label>
<label id="[0,{26|26|26},3,3]">144</label>
<label id="[0,{2|0|0},1,0]">156</label>
<label id="[0,{2|0|0},2,0]">81</label>
<label id="[0,{2|0|0},3,0]">4</label>
<label id="[0,{2|0|1},3,0]">4</label>
<label id="[0,{2|1|0},2,0]">205</label>
<label id="[0,{2|1|0},3,0]">81</label>
<label id="[0,{2|1|10},3,1]">24</label>
<label id="[0,{2|1|1},3,0]">190</label>
<label id="[0,{2|1|9},3,1]">24</label>
<label id="[0,{2|2|0},2,0]">156</label>
<label id="[0,{2|2|0},3,0]">81</label>
<label id="[0,{2|2|1},3,0]">189</label>
<label id="[0,{2|2|2},3,0]">144</label>
<label id="[0,{9|0|0},1,1]">300</label>
<label id="[0,{9|0|0},2,1]">112</label>
<label id="[0,{9|0|0},3,1]">4</label>
<label id="[0,{9|0|1},3,0]">4</label>
<label id="[0,{9|17|0},2,2]">41</label>
<label id="[0,{9|17|0},3,2]">21</label>
<label id="[0,{9|17|17},3,2]">39</label>
<label id="[0,{9|18|0},2,2]">41</label>
<label id="[0,{9|18|0},3,2]">21</label>
<label id="[0,{9|18|17},3,2]">39</label>
<label id="[0,{9|18|18},3,2]">39</label>
<label id="[0,{9|9|0},2,1]">298</label>
<label id="[0,{9|9|0},3,1]">112</label>
<label id="[0,{9|9|17},3,2]">39</label>
<label id="[0,{9|9|18},3,2]">39</label>
<label id="[0,{9|9|9},3,1]">269</label>
</state-labels></label-info>
</state-space-info>
