<?xml version="1.0"?>
<!DOCTYPE state-space-info SYSTEM "../../state_space_info.dtd">


<state-space-info>
<states>54976</states>
<edges>136377</edges>
<bfs-info>
 <levels>25</levels>
<max-level>9211</max-level>

<back-level-edges>14360</back-level-edges>
<max-back-level-edge>1</max-back-level-edge>
<avg-back-level-edge>0.0534819</avg-back-level-edge>
<bfs-levels>
<level id="0"><states>1</states><edges>30</edges></level>
<level id="1"><states>30</states><edges>476</edges></level>
<level id="2"><states>278</states><edges>1445</edges></level>
<level id="3"><states>899</states><edges>3897</edges></level>
<level id="4"><states>2027</states><edges>7822</edges></level>
<level id="5"><states>3579</states><edges>12231</edges></level>
<level id="6"><states>5627</states><edges>18912</edges></level>
<level id="7"><states>8132</states><edges>23151</edges></level>
<level id="8"><states>9211</states><edges>23776</edges></level>
<level id="9"><states>8969</states><edges>19813</edges></level>
<level id="10"><states>7163</states><edges>10073</edges></level>
<level id="11"><states>3377</states><edges>3845</edges></level>
<level id="12"><states>1319</states><edges>2575</edges></level>
<level id="13"><states>1090</states><edges>2015</edges></level>
<level id="14"><states>842</states><edges>1776</edges></level>
<level id="15"><states>695</states><edges>1485</edges></level>
<level id="16"><states>580</states><edges>1124</edges></level>
<level id="17"><states>436</states><edges>823</edges></level>
<level id="18"><states>317</states><edges>555</edges></level>
<level id="19"><states>204</states><edges>346</edges></level>
<level id="20"><states>121</states><edges>146</edges></level>
<level id="21"><states>55</states><edges>37</edges></level>
<level id="22"><states>15</states><edges>19</edges></level>
<level id="23"><states>7</states><edges>5</edges></level>
<level id="24"><states>2</states><edges>0</edges></level>
</bfs-levels>
<back-level-length id="0">94.6518</back-level-length>
<back-level-length id="1">5.34819</back-level-length>
</bfs-info>
<degrees>
<avg>2.48066</avg>
<max-in>4</max-in>
<max-out>30</max-out>
<degree id="0"><in>1</in><out>3035</out></degree>
<degree id="1"><in>8309</in><out>11263</out></degree>
<degree id="2"><in>21019</in><out>17007</out></degree>
<degree id="3"><in>16558</in><out>14934</out></degree>
<degree id="4"><in>9089</in><out>6932</out></degree>
<degree id="5"><in>0</in><out>719</out></degree>
<degree id="6"><in>0</in><out>54</out></degree>
<degree id="7"><in>0</in><out>0</out></degree>
<degree id="8"><in>0</in><out>0</out></degree>
<degree id="9"><in>0</in><out>0</out></degree>
<degree id="10"><in>0</in><out>0</out></degree>
<degree id="11"><in>0</in><out>0</out></degree>
<degree id="12"><in>0</in><out>126</out></degree>
<degree id="13"><in>0</in><out>257</out></degree>
<degree id="14"><in>0</in><out>263</out></degree>
<degree id="15"><in>0</in><out>196</out></degree>
<degree id="16"><in>0</in><out>131</out></degree>
<degree id="17"><in>0</in><out>51</out></degree>
<degree id="18"><in>0</in><out>0</out></degree>
<degree id="19"><in>0</in><out>0</out></degree>
<degree id="20"><in>0</in><out>0</out></degree>
<degree id="21"><in>0</in><out>0</out></degree>
<degree id="22"><in>0</in><out>0</out></degree>
<degree id="23"><in>0</in><out>0</out></degree>
<degree id="24"><in>0</in><out>2</out></degree>
<degree id="25"><in>0</in><out>0</out></degree>
<degree id="26"><in>0</in><out>2</out></degree>
<degree id="27"><in>0</in><out>2</out></degree>
<degree id="28"><in>0</in><out>0</out></degree>
<degree id="29"><in>0</in><out>1</out></degree>
<degree id="30"><in>0</in><out>1</out></degree>
</degrees>
<scc-info>
<count>54976</count>
<height>24</height>
<nontrivial-height>0</nontrivial-height>
<trivial>54976</trivial>
<terminal>3035</terminal>
<largest>1</largest>
<largest-position> terminal</largest-position>
</scc-info>
<dfs-info>
<stack-size id="274">0.0327416</stack-size>
<stack-size id="548">0.0181898</stack-size>
<stack-size id="822">0.0163708</stack-size>
<stack-size id="1096">0.0291036</stack-size>
<stack-size id="1370">0.0309226</stack-size>
<stack-size id="1644">0.0236467</stack-size>
<stack-size id="1918">0.0127328</stack-size>
<stack-size id="2192">0.0236467</stack-size>
<stack-size id="2466">0.0145518</stack-size>
<stack-size id="2740">0.0181898</stack-size>
<stack-size id="3014">0.0236467</stack-size>
<stack-size id="3288">0.0163708</stack-size>
<stack-size id="3562">0.0163708</stack-size>
<stack-size id="3836">0.0109139</stack-size>
<stack-size id="4110">0.0163708</stack-size>
<stack-size id="4384">0.0145518</stack-size>
<stack-size id="4658">0.00909488</stack-size>
<stack-size id="4932">0.0109139</stack-size>
<stack-size id="5206">0.0145518</stack-size>
<stack-size id="5480">0.0254657</stack-size>
<stack-size id="5754">0.0218277</stack-size>
<stack-size id="6028">0.0218277</stack-size>
<stack-size id="6302">0.0254657</stack-size>
<stack-size id="6576">0.0236467</stack-size>
<stack-size id="6850">0.0363795</stack-size>
<stack-size id="7124">0.0200087</stack-size>
<stack-size id="7398">0.0163708</stack-size>
<stack-size id="7672">0.0400175</stack-size>
<stack-size id="7946">0.0181898</stack-size>
<stack-size id="8220">0.0109139</stack-size>
<stack-size id="8494">0.0163708</stack-size>
<stack-size id="8768">0.0145518</stack-size>
<stack-size id="9042">0.0145518</stack-size>
<stack-size id="9316">0.0163708</stack-size>
<stack-size id="9590">0.0181898</stack-size>
<stack-size id="9864">0.0200087</stack-size>
<stack-size id="10138">0.0181898</stack-size>
<stack-size id="10412">0.0127328</stack-size>
<stack-size id="10686">0.0200087</stack-size>
<stack-size id="10960">0.0145518</stack-size>
<stack-size id="11234">0.0163708</stack-size>
<stack-size id="11508">0.0181898</stack-size>
<stack-size id="11782">0.0109139</stack-size>
<stack-size id="12056">0.0181898</stack-size>
<stack-size id="12330">0.0163708</stack-size>
<stack-size id="12604">0.0200087</stack-size>
<stack-size id="12878">0.0109139</stack-size>
<stack-size id="13152">0.0181898</stack-size>
<stack-size id="13426">0.0200087</stack-size>
<stack-size id="13700">0.0181898</stack-size>
<stack-size id="13974">0.0145518</stack-size>
<stack-size id="14248">0.0127328</stack-size>
<stack-size id="14522">0.0181898</stack-size>
<stack-size id="14796">0.0145518</stack-size>
<stack-size id="15070">0.0181898</stack-size>
<stack-size id="15344">0.0181898</stack-size>
<stack-size id="15618">0.0145518</stack-size>
<stack-size id="15892">0.0127328</stack-size>
<stack-size id="16166">0.0145518</stack-size>
<stack-size id="16440">0.0127328</stack-size>
<stack-size id="16714">0.0145518</stack-size>
<stack-size id="16988">0.0163708</stack-size>
<stack-size id="17262">0.0145518</stack-size>
<stack-size id="17536">0.0109139</stack-size>
<stack-size id="17810">0.0109139</stack-size>
<stack-size id="18084">0.0200087</stack-size>
<stack-size id="18358">0.0218277</stack-size>
<stack-size id="18632">0.0181898</stack-size>
<stack-size id="18906">0.0218277</stack-size>
<stack-size id="19180">0.0200087</stack-size>
<stack-size id="19454">0.0345605</stack-size>
<stack-size id="19728">0.0200087</stack-size>
<stack-size id="20002">0.0309226</stack-size>
<stack-size id="20276">0.0200087</stack-size>
<stack-size id="20550">0.0181898</stack-size>
<stack-size id="20824">0.0200087</stack-size>
<stack-size id="21098">0.0309226</stack-size>
<stack-size id="21372">0.0181898</stack-size>
<stack-size id="21646">0.0272846</stack-size>
<stack-size id="21920">0.0181898</stack-size>
<stack-size id="22194">0.0327416</stack-size>
<stack-size id="22468">0.0181898</stack-size>
<stack-size id="22742">0.0163708</stack-size>
<stack-size id="23016">0.0181898</stack-size>
<stack-size id="23290">0.0181898</stack-size>
<stack-size id="23564">0.0181898</stack-size>
<stack-size id="23838">0.0181898</stack-size>
<stack-size id="24112">0.0145518</stack-size>
<stack-size id="24386">0.0181898</stack-size>
<stack-size id="24660">0.0127328</stack-size>
<stack-size id="24934">0.0181898</stack-size>
<stack-size id="25208">0.0145518</stack-size>
<stack-size id="25482">0.0181898</stack-size>
<stack-size id="25756">0.0163708</stack-size>
<stack-size id="26030">0.0200087</stack-size>
<stack-size id="26304">0.0181898</stack-size>
<stack-size id="26578">0.0200087</stack-size>
<stack-size id="26852">0.0236467</stack-size>
<stack-size id="27126">0.0163708</stack-size>
<stack-size id="27400">0.0163708</stack-size>
<stack-size id="27674">0.0200087</stack-size>
<stack-size id="27948">0.0163708</stack-size>
<stack-size id="28222">0.0145518</stack-size>
<stack-size id="28496">0.0145518</stack-size>
<stack-size id="28770">0.0181898</stack-size>
<stack-size id="29044">0.0127328</stack-size>
<stack-size id="29318">0.0163708</stack-size>
<stack-size id="29592">0.0181898</stack-size>
<stack-size id="29866">0.0291036</stack-size>
<stack-size id="30140">0.0200087</stack-size>
<stack-size id="30414">0.0181898</stack-size>
<stack-size id="30688">0.0145518</stack-size>
<stack-size id="30962">0.0309226</stack-size>
<stack-size id="31236">0.0200087</stack-size>
<stack-size id="31510">0.0309226</stack-size>
<stack-size id="31784">0.0145518</stack-size>
<stack-size id="32058">0.0327416</stack-size>
<stack-size id="32332">0.0218277</stack-size>
<stack-size id="32606">0.0163708</stack-size>
<stack-size id="32880">0.0181898</stack-size>
<stack-size id="33154">0.0218277</stack-size>
<stack-size id="33428">0.0236467</stack-size>
<stack-size id="33702">0.0145518</stack-size>
<stack-size id="33976">0.0163708</stack-size>
<stack-size id="34250">0.0181898</stack-size>
<stack-size id="34524">0.0163708</stack-size>
<stack-size id="34798">0.0163708</stack-size>
<stack-size id="35072">0.00909488</stack-size>
<stack-size id="35346">0.0145518</stack-size>
<stack-size id="35620">0.0145518</stack-size>
<stack-size id="35894">0.0109139</stack-size>
<stack-size id="36168">0.0127328</stack-size>
<stack-size id="36442">0.0181898</stack-size>
<stack-size id="36716">0.0181898</stack-size>
<stack-size id="36990">0.0181898</stack-size>
<stack-size id="37264">0.0200087</stack-size>
<stack-size id="37538">0.0163708</stack-size>
<stack-size id="37812">0.0200087</stack-size>
<stack-size id="38086">0.0200087</stack-size>
<stack-size id="38360">0.0181898</stack-size>
<stack-size id="38634">0.0163708</stack-size>
<stack-size id="38908">0.0200087</stack-size>
<stack-size id="39182">0.0181898</stack-size>
<stack-size id="39456">0.0181898</stack-size>
<stack-size id="39730">0.0163708</stack-size>
<stack-size id="40004">0.0163708</stack-size>
<stack-size id="40278">0.0145518</stack-size>
<stack-size id="40552">0.0163708</stack-size>
<stack-size id="40826">0.0127328</stack-size>
<stack-size id="41100">0.0200087</stack-size>
<stack-size id="41374">0.0181898</stack-size>
<stack-size id="41648">0.0181898</stack-size>
<stack-size id="41922">0.0145518</stack-size>
<stack-size id="42196">0.0181898</stack-size>
<stack-size id="42470">0.0181898</stack-size>
<stack-size id="42744">0.0181898</stack-size>
<stack-size id="43018">0.0163708</stack-size>
<stack-size id="43292">0.0145518</stack-size>
<stack-size id="43566">0.0181898</stack-size>
<stack-size id="43840">0.0181898</stack-size>
<stack-size id="44114">0.0163708</stack-size>
<stack-size id="44388">0.0163708</stack-size>
<stack-size id="44662">0.0200087</stack-size>
<stack-size id="44936">0.0109139</stack-size>
<stack-size id="45210">0.0145518</stack-size>
<stack-size id="45484">0.0181898</stack-size>
<stack-size id="45758">0.0163708</stack-size>
<stack-size id="46032">0.0163708</stack-size>
<stack-size id="46306">0.0181898</stack-size>
<stack-size id="46580">0.00909488</stack-size>
<stack-size id="46854">0.00909488</stack-size>
<stack-size id="47128">0.0163708</stack-size>
<stack-size id="47402">0.0072759</stack-size>
<stack-size id="47676">0.00909488</stack-size>
<stack-size id="47950">0.0127328</stack-size>
<stack-size id="48224">0.0072759</stack-size>
<stack-size id="48498">0.0127328</stack-size>
<stack-size id="48772">0.0145518</stack-size>
<stack-size id="49046">0.0145518</stack-size>
<stack-size id="49320">0.0109139</stack-size>
<stack-size id="49594">0.0145518</stack-size>
<stack-size id="49868">0.0127328</stack-size>
<stack-size id="50142">0.0127328</stack-size>
<stack-size id="50416">0.0145518</stack-size>
<stack-size id="50690">0.00909488</stack-size>
<stack-size id="50964">0.0109139</stack-size>
<stack-size id="51238">0.0109139</stack-size>
<stack-size id="51512">0.0109139</stack-size>
<stack-size id="51786">0.0127328</stack-size>
<stack-size id="52060">0.0127328</stack-size>
<stack-size id="52334">0.0072759</stack-size>
<stack-size id="52608">0.0109139</stack-size>
<stack-size id="52882">0.00909488</stack-size>
<stack-size id="53156">0.0072759</stack-size>
<stack-size id="53430">0.0145518</stack-size>
<stack-size id="53704">0.0072759</stack-size>
<stack-size id="53978">0.0145518</stack-size>
<stack-size id="54252">0.0145518</stack-size>
<stack-size id="54526">0.00909488</stack-size>
<stack-size id="54800">0.00545693</stack-size>
<max-stack>25</max-stack>
<front-edges>54975</front-edges>
<back-edges>0</back-edges>
<cross-edges>81402</cross-edges>
<shortest-cycle>-1</shortest-cycle>
</dfs-info>
<rw-info>
<coverage step="5480">7.52146</coverage>
<coverage step="10960">13.0893</coverage>
<coverage step="16440">17.6786</coverage>
<coverage step="21920">21.3711</coverage>
<coverage step="27400">24.6198</coverage>
<coverage step="32880">27.6193</coverage>
<coverage step="38360">29.9731</coverage>
<coverage step="43840">32.3232</coverage>
<coverage step="49320">34.5605</coverage>
<coverage step="54800">36.4232</coverage>
<coverage step="60280">38.1639</coverage>
<coverage step="65760">39.7392</coverage>
<coverage step="71240">41.1998</coverage>
<coverage step="76720">42.5295</coverage>
<coverage step="82200">43.6809</coverage>
<coverage step="87680">44.8669</coverage>
<coverage step="93160">45.9546</coverage>
<coverage step="98640">46.9914</coverage>
<coverage step="104120">47.9773</coverage>
<coverage step="109600">48.8904</coverage>
<coverage step="115080">49.7872</coverage>
<coverage step="120560">50.5275</coverage>
<coverage step="126040">51.2387</coverage>
<coverage step="131520">51.9681</coverage>
<coverage step="137000">52.6684</coverage>
<coverage step="142480">53.3214</coverage>
<coverage step="147960">53.9635</coverage>
<coverage step="153440">54.5602</coverage>
<coverage step="158920">55.115</coverage>
<coverage step="164400">55.6443</coverage>
<coverage step="169880">56.2864</coverage>
<coverage step="175360">56.8648</coverage>
<coverage step="180840">57.396</coverage>
<coverage step="186320">57.9253</coverage>
<coverage step="191800">58.4619</coverage>
<coverage step="197280">58.9657</coverage>
<coverage step="202760">59.3532</coverage>
<coverage step="208240">59.8043</coverage>
<coverage step="213720">60.2008</coverage>
<coverage step="219200">60.6446</coverage>
<coverage step="224680">61.0557</coverage>
<coverage step="230160">61.4595</coverage>
<coverage step="235640">61.7979</coverage>
<coverage step="241120">62.1271</coverage>
<coverage step="246600">62.4673</coverage>
<coverage step="252080">62.7965</coverage>
<coverage step="257560">63.1185</coverage>
<coverage step="263040">63.455</coverage>
<coverage step="268520">63.7369</coverage>
<coverage step="274000">64.0516</coverage>
<coverage step="279480">64.3335</coverage>
<coverage step="284960">64.5955</coverage>
<coverage step="290440">64.8956</coverage>
<coverage step="295920">65.1848</coverage>
<coverage step="301400">65.3849</coverage>
<coverage step="306880">65.6177</coverage>
<coverage step="312360">65.8706</coverage>
<coverage step="317840">66.1507</coverage>
<coverage step="323320">66.3599</coverage>
<coverage step="328800">66.5618</coverage>
<coverage step="334280">66.8219</coverage>
<coverage step="339760">67.0274</coverage>
<coverage step="345240">67.2439</coverage>
<coverage step="350720">67.4276</coverage>
<coverage step="356200">67.6932</coverage>
<coverage step="361680">67.9151</coverage>
<coverage step="367160">68.0642</coverage>
<coverage step="372640">68.2607</coverage>
<coverage step="378120">68.4026</coverage>
<coverage step="383600">68.5845</coverage>
<coverage step="389080">68.7809</coverage>
<coverage step="394560">68.9374</coverage>
<coverage step="400040">69.1102</coverage>
<coverage step="405520">69.2884</coverage>
<coverage step="411000">69.4776</coverage>
<coverage step="416480">69.6558</coverage>
<coverage step="421960">69.8196</coverage>
<coverage step="427440">70.0324</coverage>
<coverage step="432920">70.1906</coverage>
<coverage step="438400">70.3325</coverage>
<coverage step="443880">70.4835</coverage>
<coverage step="449360">70.6399</coverage>
<coverage step="454840">70.7873</coverage>
<coverage step="460320">70.9673</coverage>
<coverage step="465800">71.1238</coverage>
<coverage step="471280">71.282</coverage>
<coverage step="476760">71.4039</coverage>
<coverage step="482240">71.5203</coverage>
<coverage step="487720">71.6476</coverage>
<coverage step="493200">71.764</coverage>
<coverage step="498680">71.8823</coverage>
<coverage step="504160">72.0114</coverage>
<coverage step="509640">72.1369</coverage>
<coverage step="515120">72.277</coverage>
<coverage step="520600">72.3916</coverage>
<coverage step="526080">72.4844</coverage>
<coverage step="531560">72.6044</coverage>
<coverage step="537040">72.7336</coverage>
<coverage step="542520">72.8736</coverage>
<coverage step="548000">72.9646</coverage>
<rw-visits order="1">52398</rw-visits>
<rw-visits order="201">200</rw-visits>
<rw-visits order="401">103</rw-visits>
<rw-visits order="601">81</rw-visits>
<rw-visits order="801">67</rw-visits>
<rw-visits order="1001">61</rw-visits>
<rw-visits order="1201">56</rw-visits>
<rw-visits order="1401">52</rw-visits>
<rw-visits order="1601">49</rw-visits>
<rw-visits order="1801">45</rw-visits>
<rw-visits order="2001">42</rw-visits>
<rw-visits order="2201">39</rw-visits>
<rw-visits order="2401">37</rw-visits>
<rw-visits order="2601">35</rw-visits>
<rw-visits order="2801">34</rw-visits>
<rw-visits order="3001">32</rw-visits>
<rw-visits order="3201">31</rw-visits>
<rw-visits order="3401">30</rw-visits>
<rw-visits order="3601">29</rw-visits>
<rw-visits order="3801">29</rw-visits>
<rw-visits order="4001">28</rw-visits>
<rw-visits order="4201">27</rw-visits>
<rw-visits order="4401">26</rw-visits>
<rw-visits order="4601">26</rw-visits>
<rw-visits order="4801">25</rw-visits>
<rw-visits order="5001">24</rw-visits>
<rw-visits order="5201">24</rw-visits>
<rw-visits order="5401">23</rw-visits>
<rw-visits order="5601">22</rw-visits>
<rw-visits order="5801">22</rw-visits>
<rw-visits order="6001">21</rw-visits>
<rw-visits order="6201">21</rw-visits>
<rw-visits order="6401">20</rw-visits>
<rw-visits order="6601">20</rw-visits>
<rw-visits order="6801">20</rw-visits>
<rw-visits order="7001">19</rw-visits>
<rw-visits order="7201">19</rw-visits>
<rw-visits order="7401">18</rw-visits>
<rw-visits order="7601">18</rw-visits>
<rw-visits order="7801">18</rw-visits>
<rw-visits order="8001">17</rw-visits>
<rw-visits order="8201">17</rw-visits>
<rw-visits order="8401">17</rw-visits>
<rw-visits order="8601">16</rw-visits>
<rw-visits order="8801">16</rw-visits>
<rw-visits order="9001">16</rw-visits>
<rw-visits order="9201">16</rw-visits>
<rw-visits order="9401">15</rw-visits>
<rw-visits order="9601">15</rw-visits>
<rw-visits order="9801">15</rw-visits>
<rw-visits order="10001">14</rw-visits>
<rw-visits order="10201">14</rw-visits>
<rw-visits order="10401">14</rw-visits>
<rw-visits order="10601">14</rw-visits>
<rw-visits order="10801">13</rw-visits>
<rw-visits order="11001">13</rw-visits>
<rw-visits order="11201">13</rw-visits>
<rw-visits order="11401">13</rw-visits>
<rw-visits order="11601">12</rw-visits>
<rw-visits order="11801">12</rw-visits>
<rw-visits order="12001">12</rw-visits>
<rw-visits order="12201">12</rw-visits>
<rw-visits order="12401">12</rw-visits>
<rw-visits order="12601">11</rw-visits>
<rw-visits order="12801">11</rw-visits>
<rw-visits order="13001">11</rw-visits>
<rw-visits order="13201">11</rw-visits>
<rw-visits order="13401">11</rw-visits>
<rw-visits order="13601">10</rw-visits>
<rw-visits order="13801">10</rw-visits>
<rw-visits order="14001">10</rw-visits>
<rw-visits order="14201">10</rw-visits>
<rw-visits order="14401">10</rw-visits>
<rw-visits order="14601">9</rw-visits>
<rw-visits order="14801">9</rw-visits>
<rw-visits order="15001">9</rw-visits>
<rw-visits order="15201">9</rw-visits>
<rw-visits order="15401">9</rw-visits>
<rw-visits order="15601">9</rw-visits>
<rw-visits order="15801">8</rw-visits>
<rw-visits order="16001">8</rw-visits>
<rw-visits order="16201">8</rw-visits>
<rw-visits order="16401">8</rw-visits>
<rw-visits order="16601">8</rw-visits>
<rw-visits order="16801">8</rw-visits>
<rw-visits order="17001">8</rw-visits>
<rw-visits order="17201">7</rw-visits>
<rw-visits order="17401">7</rw-visits>
<rw-visits order="17601">7</rw-visits>
<rw-visits order="17801">7</rw-visits>
<rw-visits order="18001">7</rw-visits>
<rw-visits order="18201">7</rw-visits>
<rw-visits order="18401">7</rw-visits>
<rw-visits order="18601">7</rw-visits>
<rw-visits order="18801">7</rw-visits>
<rw-visits order="19001">6</rw-visits>
<rw-visits order="19201">6</rw-visits>
<rw-visits order="19401">6</rw-visits>
<rw-visits order="19601">6</rw-visits>
<rw-visits order="19801">6</rw-visits>
<rw-visits order="20001">6</rw-visits>
<rw-visits order="20201">6</rw-visits>
<rw-visits order="20401">6</rw-visits>
<rw-visits order="20601">6</rw-visits>
<rw-visits order="20801">5</rw-visits>
<rw-visits order="21001">5</rw-visits>
<rw-visits order="21201">5</rw-visits>
<rw-visits order="21401">5</rw-visits>
<rw-visits order="21601">5</rw-visits>
<rw-visits order="21801">5</rw-visits>
<rw-visits order="22001">5</rw-visits>
<rw-visits order="22201">5</rw-visits>
<rw-visits order="22401">5</rw-visits>
<rw-visits order="22601">5</rw-visits>
<rw-visits order="22801">5</rw-visits>
<rw-visits order="23001">4</rw-visits>
<rw-visits order="23201">4</rw-visits>
<rw-visits order="23401">4</rw-visits>
<rw-visits order="23601">4</rw-visits>
<rw-visits order="23801">4</rw-visits>
<rw-visits order="24001">4</rw-visits>
<rw-visits order="24201">4</rw-visits>
<rw-visits order="24401">4</rw-visits>
<rw-visits order="24601">4</rw-visits>
<rw-visits order="24801">4</rw-visits>
<rw-visits order="25001">4</rw-visits>
<rw-visits order="25201">4</rw-visits>
<rw-visits order="25401">4</rw-visits>
<rw-visits order="25601">4</rw-visits>
<rw-visits order="25801">3</rw-visits>
<rw-visits order="26001">3</rw-visits>
<rw-visits order="26201">3</rw-visits>
<rw-visits order="26401">3</rw-visits>
<rw-visits order="26601">3</rw-visits>
<rw-visits order="26801">3</rw-visits>
<rw-visits order="27001">3</rw-visits>
<rw-visits order="27201">3</rw-visits>
<rw-visits order="27401">3</rw-visits>
<rw-visits order="27601">3</rw-visits>
<rw-visits order="27801">3</rw-visits>
<rw-visits order="28001">3</rw-visits>
<rw-visits order="28201">3</rw-visits>
<rw-visits order="28401">3</rw-visits>
<rw-visits order="28601">3</rw-visits>
<rw-visits order="28801">3</rw-visits>
<rw-visits order="29001">3</rw-visits>
<rw-visits order="29201">2</rw-visits>
<rw-visits order="29401">2</rw-visits>
<rw-visits order="29601">2</rw-visits>
<rw-visits order="29801">2</rw-visits>
<rw-visits order="30001">2</rw-visits>
<rw-visits order="30201">2</rw-visits>
<rw-visits order="30401">2</rw-visits>
<rw-visits order="30601">2</rw-visits>
<rw-visits order="30801">2</rw-visits>
<rw-visits order="31001">2</rw-visits>
<rw-visits order="31201">2</rw-visits>
<rw-visits order="31401">2</rw-visits>
<rw-visits order="31601">2</rw-visits>
<rw-visits order="31801">2</rw-visits>
<rw-visits order="32001">2</rw-visits>
<rw-visits order="32201">2</rw-visits>
<rw-visits order="32401">2</rw-visits>
<rw-visits order="32601">2</rw-visits>
<rw-visits order="32801">2</rw-visits>
<rw-visits order="33001">2</rw-visits>
<rw-visits order="33201">2</rw-visits>
<rw-visits order="33401">2</rw-visits>
<rw-visits order="33601">2</rw-visits>
<rw-visits order="33801">1</rw-visits>
<rw-visits order="34001">1</rw-visits>
<rw-visits order="34201">1</rw-visits>
<rw-visits order="34401">1</rw-visits>
<rw-visits order="34601">1</rw-visits>
<rw-visits order="34801">1</rw-visits>
<rw-visits order="35001">1</rw-visits>
<rw-visits order="35201">1</rw-visits>
<rw-visits order="35401">1</rw-visits>
<rw-visits order="35601">1</rw-visits>
<rw-visits order="35801">1</rw-visits>
<rw-visits order="36001">1</rw-visits>
<rw-visits order="36201">1</rw-visits>
<rw-visits order="36401">1</rw-visits>
<rw-visits order="36601">1</rw-visits>
<rw-visits order="36801">1</rw-visits>
<rw-visits order="37001">1</rw-visits>
<rw-visits order="37201">1</rw-visits>
<rw-visits order="37401">1</rw-visits>
<rw-visits order="37601">1</rw-visits>
<rw-visits order="37801">1</rw-visits>
<rw-visits order="38001">1</rw-visits>
<rw-visits order="38201">1</rw-visits>
<rw-visits order="38401">1</rw-visits>
<rw-visits order="38601">1</rw-visits>
<rw-visits order="38801">1</rw-visits>
<rw-visits order="39001">1</rw-visits>
<rw-visits order="39201">1</rw-visits>
<rw-visits order="39401">1</rw-visits>
<rw-visits order="39601">1</rw-visits>
<rw-visits order="39801">1</rw-visits>
<rw-visits order="40001">1</rw-visits>
<final-coverage>73.0064</final-coverage>
</rw-info>
<local-info>
<diamonds>61.8215</diamonds>
<neighborhood k="4">18</neighborhood>
<clustering k="4">1.39841</clustering>
</local-info>
<label-info>
<edge-label id="0.0+2.0">112</edge-label>
<edge-label id="0.0+3.0">290</edge-label>
<edge-label id="0.0+4.1">3216</edge-label>
<edge-label id="0.2">789</edge-label>
<edge-label id="0.3">5384</edge-label>
<edge-label id="0.4+2.4">781</edge-label>
<edge-label id="0.4+3.4">62</edge-label>
<edge-label id="0.4+4.2">557</edge-label>
<edge-label id="1.0+2.0">129</edge-label>
<edge-label id="1.0+3.0">437</edge-label>
<edge-label id="1.0+4.1">5779</edge-label>
<edge-label id="1.2">469</edge-label>
<edge-label id="1.3">5726</edge-label>
<edge-label id="1.4+2.4">308</edge-label>
<edge-label id="1.4+3.4">437</edge-label>
<edge-label id="1.4+4.2">251</edge-label>
<edge-label id="2.1">6649</edge-label>
<edge-label id="2.2">129</edge-label>
<edge-label id="2.3+0.1">5205</edge-label>
<edge-label id="2.3+1.1">4638</edge-label>
<edge-label id="2.3+4.0">3057</edge-label>
<edge-label id="2.5">308</edge-label>
<edge-label id="2.6">1669</edge-label>
<edge-label id="3.1">601</edge-label>
<edge-label id="3.2">23047</edge-label>
<edge-label id="3.3+0.1">344</edge-label>
<edge-label id="3.3+1.1">437</edge-label>
<edge-label id="3.3+4.0">327</edge-label>
<edge-label id="3.5">190</edge-label>
<edge-label id="3.6">437</edge-label>
<edge-label id="4.10">768</edge-label>
<edge-label id="4.11">4454</edge-label>
<edge-label id="4.12">128</edge-label>
<edge-label id="4.13">13592</edge-label>
<edge-label id="4.15">591</edge-label>
<edge-label id="4.19">364</edge-label>
<edge-label id="4.20">227</edge-label>
<edge-label id="4.21+2.0">242</edge-label>
<edge-label id="4.21+3.0">798</edge-label>
<edge-label id="4.22+2.0">242</edge-label>
<edge-label id="4.22+3.0">798</edge-label>
<edge-label id="4.23+2.0">242</edge-label>
<edge-label id="4.23+3.0">798</edge-label>
<edge-label id="4.24+2.0">242</edge-label>
<edge-label id="4.24+3.0">798</edge-label>
<edge-label id="4.25+2.0">242</edge-label>
<edge-label id="4.25+3.0">798</edge-label>
<edge-label id="4.26+2.0">242</edge-label>
<edge-label id="4.26+3.0">798</edge-label>
<edge-label id="4.27+2.0">242</edge-label>
<edge-label id="4.27+3.0">798</edge-label>
<edge-label id="4.28+2.0">242</edge-label>
<edge-label id="4.28+3.0">798</edge-label>
<edge-label id="4.29+2.0">242</edge-label>
<edge-label id="4.29+3.0">798</edge-label>
<edge-label id="4.3">14360</edge-label>
<edge-label id="4.30+2.0">242</edge-label>
<edge-label id="4.30+3.0">798</edge-label>
<edge-label id="4.31+2.0">242</edge-label>
<edge-label id="4.31+3.0">798</edge-label>
<edge-label id="4.32+2.0">242</edge-label>
<edge-label id="4.32+3.0">798</edge-label>
<edge-label id="4.34+0.1">404</edge-label>
<edge-label id="4.34+1.1">932</edge-label>
<edge-label id="4.39+2.0">93</edge-label>
<edge-label id="4.39+3.0">347</edge-label>
<edge-label id="4.4">768</edge-label>
<edge-label id="4.45+2.4">640</edge-label>
<edge-label id="4.45+3.4">104</edge-label>
<edge-label id="4.5">13592</edge-label>
<edge-label id="4.8">768</edge-label>
<state-labels procid="0">
<label id="[]">54976</label>
</state-labels><state-labels procid="1">
<label id="[0,0,0]">8142</label>
<label id="[1,0,0]">29386</label>
<label id="[2,1636,0]">789</label>
<label id="[2,1637,0]">420</label>
<label id="[2,1642,0]">420</label>
<label id="[2,1645,0]">420</label>
<label id="[2,1648,0]">420</label>
<label id="[2,1877,0]">344</label>
<label id="[2,2312,0]">420</label>
<label id="[2,2317,0]">420</label>
<label id="[2,2320,0]">420</label>
<label id="[2,2323,0]">420</label>
<label id="[2,512,0]">420</label>
<label id="[2,517,0]">420</label>
<label id="[2,520,0]">420</label>
<label id="[2,523,0]">420</label>
<label id="[3,1636,4]">789</label>
<label id="[4,1636,4]">5102</label>
<label id="[5,1637,0]">420</label>
<label id="[5,1642,0]">420</label>
<label id="[5,1645,0]">420</label>
<label id="[5,1648,0]">420</label>
<label id="[5,1877,0]">344</label>
<label id="[5,2312,0]">420</label>
<label id="[5,2317,0]">420</label>
<label id="[5,2320,0]">420</label>
<label id="[5,2323,0]">420</label>
<label id="[5,512,0]">420</label>
<label id="[5,517,0]">420</label>
<label id="[5,520,0]">420</label>
<label id="[5,523,0]">420</label>
</state-labels><state-labels procid="2">
<label id="[0,0,0]">11353</label>
<label id="[1,0,0]">28626</label>
<label id="[2,1636,0]">1286</label>
<label id="[2,1637,0]">370</label>
<label id="[2,1642,0]">370</label>
<label id="[2,1645,0]">370</label>
<label id="[2,1648,0]">370</label>
<label id="[2,1877,0]">469</label>
<label id="[2,2312,0]">370</label>
<label id="[2,2317,0]">370</label>
<label id="[2,2320,0]">370</label>
<label id="[2,2323,0]">370</label>
<label id="[2,512,0]">370</label>
<label id="[2,517,0]">370</label>
<label id="[2,520,0]">370</label>
<label id="[2,523,0]">370</label>
<label id="[3,1877,5]">469</label>
<label id="[4,1877,5]">2607</label>
<label id="[5,1636,0]">1286</label>
<label id="[5,1637,0]">370</label>
<label id="[5,1642,0]">370</label>
<label id="[5,1645,0]">370</label>
<label id="[5,1648,0]">370</label>
<label id="[5,2312,0]">370</label>
<label id="[5,2317,0]">370</label>
<label id="[5,2320,0]">370</label>
<label id="[5,2323,0]">370</label>
<label id="[5,512,0]">370</label>
<label id="[5,517,0]">370</label>
<label id="[5,520,0]">370</label>
<label id="[5,523,0]">370</label>
</state-labels><state-labels procid="3">
<label id="[0,0,0,0]">532</label>
<label id="[1,2282,0,0]">532</label>
<label id="[1,2287,0,0]">532</label>
<label id="[1,2290,0,0]">532</label>
<label id="[1,2293,0,0]">532</label>
<label id="[1,2356,0,0]">265</label>
<label id="[1,2357,0,0]">532</label>
<label id="[1,2362,0,0]">532</label>
<label id="[1,2365,0,0]">532</label>
<label id="[1,2368,0,0]">532</label>
<label id="[1,2402,0,0]">532</label>
<label id="[1,2407,0,0]">532</label>
<label id="[1,2410,0,0]">532</label>
<label id="[1,2413,0,0]">532</label>
<label id="[1,2597,0,0]">129</label>
<label id="[2,2282,2,2]">532</label>
<label id="[2,2287,2,7]">532</label>
<label id="[2,2290,2,10]">532</label>
<label id="[2,2293,2,13]">532</label>
<label id="[2,2356,7,1]">265</label>
<label id="[2,2357,7,2]">532</label>
<label id="[2,2362,7,7]">532</label>
<label id="[2,2365,7,10]">532</label>
<label id="[2,2368,7,13]">532</label>
<label id="[2,2402,10,2]">532</label>
<label id="[2,2407,10,7]">532</label>
<label id="[2,2410,10,10]">532</label>
<label id="[2,2413,10,13]">532</label>
<label id="[3,2282,2,2]">2807</label>
<label id="[3,2287,2,7]">2807</label>
<label id="[3,2290,2,10]">2807</label>
<label id="[3,2293,2,13]">2807</label>
<label id="[3,2356,7,1]">4738</label>
<label id="[3,2357,7,2]">2621</label>
<label id="[3,2362,7,7]">2621</label>
<label id="[3,2365,7,10]">2621</label>
<label id="[3,2368,7,13]">2621</label>
<label id="[3,2402,10,2]">2621</label>
<label id="[3,2407,10,7]">2621</label>
<label id="[3,2410,10,10]">2621</label>
<label id="[3,2413,10,13]">2621</label>
<label id="[4,154,7,1]">1669</label>
<label id="[4,170,10,10]">21</label>
<label id="[4,170,10,13]">21</label>
<label id="[4,170,10,2]">21</label>
<label id="[4,170,10,7]">21</label>
<label id="[4,170,2,10]">24</label>
<label id="[4,170,2,13]">24</label>
<label id="[4,170,2,2]">24</label>
<label id="[4,170,2,7]">24</label>
<label id="[4,170,7,10]">21</label>
<label id="[4,170,7,13]">21</label>
<label id="[4,170,7,1]">44</label>
<label id="[4,170,7,2]">21</label>
<label id="[4,170,7,7]">21</label>
<label id="[5,154,7,1]">1669</label>
<label id="[6,170,10,10]">21</label>
<label id="[6,170,10,13]">21</label>
<label id="[6,170,10,2]">21</label>
<label id="[6,170,10,7]">21</label>
<label id="[6,170,2,10]">24</label>
<label id="[6,170,2,13]">24</label>
<label id="[6,170,2,2]">24</label>
<label id="[6,170,2,7]">24</label>
<label id="[6,170,7,10]">21</label>
<label id="[6,170,7,13]">21</label>
<label id="[6,170,7,1]">44</label>
<label id="[6,170,7,2]">21</label>
<label id="[6,170,7,7]">21</label>
<label id="[6,2597,0,0]">129</label>
</state-labels><state-labels procid="4">
<label id="[0,0,0,0]">1836</label>
<label id="[1,2282,0,0]">1836</label>
<label id="[1,2287,0,0]">1836</label>
<label id="[1,2290,0,0]">1836</label>
<label id="[1,2293,0,0]">1836</label>
<label id="[1,2356,0,0]">1015</label>
<label id="[1,2357,0,0]">1836</label>
<label id="[1,2362,0,0]">1836</label>
<label id="[1,2365,0,0]">1836</label>
<label id="[1,2368,0,0]">1836</label>
<label id="[1,2402,0,0]">1836</label>
<label id="[1,2407,0,0]">1836</label>
<label id="[1,2410,0,0]">1836</label>
<label id="[1,2413,0,0]">1836</label>
<label id="[1,2597,0,0]">601</label>
<label id="[2,2597,8,2]">601</label>
<label id="[3,2597,8,2]">4590</label>
<label id="[4,154,8,2]">190</label>
<label id="[4,170,8,2]">437</label>
<label id="[5,170,8,2]">437</label>
<label id="[6,154,8,2]">190</label>
<label id="[6,2282,0,0]">1836</label>
<label id="[6,2287,0,0]">1836</label>
<label id="[6,2290,0,0]">1836</label>
<label id="[6,2293,0,0]">1836</label>
<label id="[6,2356,0,0]">1015</label>
<label id="[6,2357,0,0]">1836</label>
<label id="[6,2362,0,0]">1836</label>
<label id="[6,2365,0,0]">1836</label>
<label id="[6,2368,0,0]">1836</label>
<label id="[6,2402,0,0]">1836</label>
<label id="[6,2407,0,0]">1836</label>
<label id="[6,2410,0,0]">1836</label>
<label id="[6,2413,0,0]">1836</label>
</state-labels><state-labels procid="5">
<label id="[0,0,0,0,0,0,0]">1185</label>
<label id="[0,0,0,0,0,0,1636]">62</label>
<label id="[0,0,0,0,0,0,1637]">126</label>
<label id="[0,0,0,0,0,0,1642]">126</label>
<label id="[0,0,0,0,0,0,1645]">126</label>
<label id="[0,0,0,0,0,0,1648]">126</label>
<label id="[0,0,0,0,0,0,170]">107</label>
<label id="[0,0,0,0,0,0,1877]">157</label>
<label id="[0,0,0,0,0,0,2312]">126</label>
<label id="[0,0,0,0,0,0,2317]">126</label>
<label id="[0,0,0,0,0,0,2320]">126</label>
<label id="[0,0,0,0,0,0,2323]">126</label>
<label id="[0,0,0,0,0,0,2356]">4454</label>
<label id="[0,0,0,0,0,0,2597]">4045</label>
<label id="[0,0,0,0,0,0,512]">126</label>
<label id="[0,0,0,0,0,0,517]">126</label>
<label id="[0,0,0,0,0,0,520]">126</label>
<label id="[0,0,0,0,0,0,523]">126</label>
<label id="[0,0,0,0,0,1,154]">204</label>
<label id="[0,0,0,0,0,1,170]">9</label>
<label id="[0,0,0,0,0,1,1877]">9</label>
<label id="[0,0,0,0,0,1,2597]">75</label>
<label id="[0,0,0,0,1,0,1636]">66</label>
<label id="[0,0,0,0,1,0,1637]">66</label>
<label id="[0,0,0,0,1,0,1642]">66</label>
<label id="[0,0,0,0,1,0,1645]">66</label>
<label id="[0,0,0,0,1,0,1648]">66</label>
<label id="[0,0,0,0,1,0,170]">70</label>
<label id="[0,0,0,0,1,0,1877]">96</label>
<label id="[0,0,0,0,1,0,2312]">66</label>
<label id="[0,0,0,0,1,0,2317]">66</label>
<label id="[0,0,0,0,1,0,2320]">66</label>
<label id="[0,0,0,0,1,0,2323]">66</label>
<label id="[0,0,0,0,1,0,2356]">5206</label>
<label id="[0,0,0,0,1,0,2597]">2538</label>
<label id="[0,0,0,0,1,0,512]">66</label>
<label id="[0,0,0,0,1,0,517]">66</label>
<label id="[0,0,0,0,1,0,520]">66</label>
<label id="[0,0,0,0,1,0,523]">66</label>
<label id="[0,0,0,0,1,1,154]">216</label>
<label id="[0,0,0,0,1,1,170]">9</label>
<label id="[0,0,0,0,1,1,1877]">9</label>
<label id="[0,0,0,0,1,1,2597]">81</label>
<label id="[0,0,0,1,0,0,1636]">598</label>
<label id="[0,0,0,1,0,0,170]">7</label>
<label id="[0,0,0,1,0,0,1877]">21</label>
<label id="[0,0,0,1,0,0,2597]">375</label>
<label id="[0,0,0,1,0,1,154]">384</label>
<label id="[0,0,0,1,0,1,170]">9</label>
<label id="[0,0,0,1,0,1,1877]">27</label>
<label id="[0,0,0,1,0,1,2597]">225</label>
<label id="[0,0,0,1,1,0,1636]">638</label>
<label id="[0,0,0,1,1,0,170]">7</label>
<label id="[0,0,0,1,1,0,1877]">21</label>
<label id="[0,0,0,1,1,0,2597]">405</label>
<label id="[0,0,0,1,1,1,154]">408</label>
<label id="[0,0,0,1,1,1,170]">9</label>
<label id="[0,0,0,1,1,1,1877]">27</label>
<label id="[0,0,0,1,1,1,2597]">243</label>
<label id="[1,0,0,0,0,0,1636]">62</label>
<label id="[1,0,0,0,0,0,1637]">126</label>
<label id="[1,0,0,0,0,0,1642]">126</label>
<label id="[1,0,0,0,0,0,1645]">126</label>
<label id="[1,0,0,0,0,0,1648]">126</label>
<label id="[1,0,0,0,0,0,1877]">157</label>
<label id="[1,0,0,0,0,0,2312]">126</label>
<label id="[1,0,0,0,0,0,2317]">126</label>
<label id="[1,0,0,0,0,0,2320]">126</label>
<label id="[1,0,0,0,0,0,2323]">126</label>
<label id="[1,0,0,0,0,0,2356]">4454</label>
<label id="[1,0,0,0,0,0,2597]">4045</label>
<label id="[1,0,0,0,0,0,512]">126</label>
<label id="[1,0,0,0,0,0,517]">126</label>
<label id="[1,0,0,0,0,0,520]">126</label>
<label id="[1,0,0,0,0,0,523]">126</label>
<label id="[1,0,0,0,0,1,1877]">3</label>
<label id="[1,0,0,0,0,1,2597]">75</label>
<label id="[1,0,0,0,1,0,1636]">66</label>
<label id="[1,0,0,0,1,0,1637]">66</label>
<label id="[1,0,0,0,1,0,1642]">66</label>
<label id="[1,0,0,0,1,0,1645]">66</label>
<label id="[1,0,0,0,1,0,1648]">66</label>
<label id="[1,0,0,0,1,0,1877]">96</label>
<label id="[1,0,0,0,1,0,2312]">66</label>
<label id="[1,0,0,0,1,0,2317]">66</label>
<label id="[1,0,0,0,1,0,2320]">66</label>
<label id="[1,0,0,0,1,0,2323]">66</label>
<label id="[1,0,0,0,1,0,2597]">2538</label>
<label id="[1,0,0,0,1,0,512]">66</label>
<label id="[1,0,0,0,1,0,517]">66</label>
<label id="[1,0,0,0,1,0,520]">66</label>
<label id="[1,0,0,0,1,0,523]">66</label>
<label id="[1,0,0,0,1,1,1877]">3</label>
<label id="[1,0,0,0,1,1,2597]">81</label>
<label id="[1,0,0,1,0,0,1877]">21</label>
<label id="[1,0,0,1,0,0,2597]">125</label>
<label id="[1,0,0,1,0,1,1877]">9</label>
<label id="[1,0,0,1,0,1,2597]">75</label>
<label id="[1,0,0,1,1,0,1877]">21</label>
<label id="[1,0,0,1,1,0,2597]">135</label>
<label id="[1,0,0,1,1,1,1877]">9</label>
<label id="[1,0,0,1,1,1,2597]">81</label>
<label id="[2,0,0,0,0,0,512]">126</label>
<label id="[2,0,0,0,0,0,517]">126</label>
<label id="[2,0,0,0,0,0,520]">126</label>
<label id="[2,0,0,0,0,0,523]">126</label>
<label id="[2,0,0,0,1,0,512]">66</label>
<label id="[2,0,0,0,1,0,517]">66</label>
<label id="[2,0,0,0,1,0,520]">66</label>
<label id="[2,0,0,0,1,0,523]">66</label>
<label id="[3,0,0,0,0,0,512]">126</label>
<label id="[3,0,0,0,0,0,517]">126</label>
<label id="[3,0,0,0,0,0,520]">126</label>
<label id="[3,0,0,0,0,0,523]">126</label>
<label id="[3,0,0,0,1,0,512]">66</label>
<label id="[3,0,0,0,1,0,517]">66</label>
<label id="[3,0,0,0,1,0,520]">66</label>
<label id="[3,0,0,0,1,0,523]">66</label>
<label id="[4,0,0,0,0,0,1636]">62</label>
<label id="[4,0,0,0,0,0,1637]">126</label>
<label id="[4,0,0,0,0,0,1642]">126</label>
<label id="[4,0,0,0,0,0,1645]">126</label>
<label id="[4,0,0,0,0,0,1648]">126</label>
<label id="[4,0,0,0,0,0,1877]">157</label>
<label id="[4,0,0,0,0,0,2312]">126</label>
<label id="[4,0,0,0,0,0,2317]">126</label>
<label id="[4,0,0,0,0,0,2320]">126</label>
<label id="[4,0,0,0,0,0,2323]">126</label>
<label id="[4,0,0,0,0,0,2356]">4454</label>
<label id="[4,0,0,0,0,0,2597]">4045</label>
<label id="[4,0,0,0,0,1,1877]">3</label>
<label id="[4,0,0,0,0,1,2597]">75</label>
<label id="[4,0,0,0,1,0,1636]">66</label>
<label id="[4,0,0,0,1,0,1637]">66</label>
<label id="[4,0,0,0,1,0,1642]">66</label>
<label id="[4,0,0,0,1,0,1645]">66</label>
<label id="[4,0,0,0,1,0,1648]">66</label>
<label id="[4,0,0,0,1,0,1877]">96</label>
<label id="[4,0,0,0,1,0,2312]">66</label>
<label id="[4,0,0,0,1,0,2317]">66</label>
<label id="[4,0,0,0,1,0,2320]">66</label>
<label id="[4,0,0,0,1,0,2323]">66</label>
<label id="[4,0,0,0,1,0,2597]">2538</label>
<label id="[4,0,0,0,1,1,1877]">3</label>
<label id="[4,0,0,0,1,1,2597]">81</label>
<label id="[4,0,0,1,0,0,1877]">21</label>
<label id="[4,0,0,1,0,0,2597]">125</label>
<label id="[4,0,0,1,0,1,1877]">9</label>
<label id="[4,0,0,1,0,1,2597]">75</label>
<label id="[4,0,0,1,1,0,1877]">21</label>
<label id="[4,0,0,1,1,0,2597]">135</label>
<label id="[4,0,0,1,1,1,1877]">9</label>
<label id="[4,0,0,1,1,1,2597]">81</label>
<label id="[5,0,0,0,0,0,154]">60</label>
<label id="[5,0,0,0,0,0,170]">107</label>
<label id="[5,0,0,0,0,1,170]">9</label>
<label id="[5,0,0,0,1,0,154]">64</label>
<label id="[5,0,0,0,1,0,170]">70</label>
<label id="[5,0,0,0,1,1,170]">9</label>
<label id="[5,0,0,1,0,0,154]">116</label>
<label id="[5,0,0,1,0,0,170]">7</label>
<label id="[5,0,0,1,0,1,170]">9</label>
<label id="[5,0,0,1,1,0,154]">124</label>
<label id="[5,0,0,1,1,0,170]">7</label>
<label id="[5,0,0,1,1,1,170]">9</label>
<label id="[7,0,0,0,0,0,154]">60</label>
<label id="[7,0,0,0,0,0,170]">107</label>
<label id="[7,0,0,0,0,1,170]">9</label>
<label id="[7,0,0,0,1,0,154]">64</label>
<label id="[7,0,0,0,1,0,170]">70</label>
<label id="[7,0,0,0,1,1,170]">9</label>
<label id="[7,0,0,1,0,0,154]">116</label>
<label id="[7,0,0,1,0,0,170]">7</label>
<label id="[7,0,0,1,0,1,170]">9</label>
<label id="[7,0,0,1,1,0,154]">124</label>
<label id="[7,0,0,1,1,0,170]">7</label>
<label id="[7,0,0,1,1,1,170]">9</label>
</state-labels></label-info>
</state-space-info>
