<?xml version="1.0"?>
<!DOCTYPE state-space-info SYSTEM "../../state_space_info.dtd">


<state-space-info>
<states>497</states>
<edges>753</edges>
<bfs-info>
 <levels>16</levels>
<max-level>100</max-level>

<back-level-edges>101</back-level-edges>
<max-back-level-edge>1</max-back-level-edge>
<avg-back-level-edge>0.118812</avg-back-level-edge>
<bfs-levels>
<level id="0"><states>1</states><edges>14</edges></level>
<level id="1"><states>14</states><edges>27</edges></level>
<level id="2"><states>27</states><edges>76</edges></level>
<level id="3"><states>51</states><edges>124</edges></level>
<level id="4"><states>75</states><edges>137</edges></level>
<level id="5"><states>79</states><edges>151</edges></level>
<level id="6"><states>100</states><edges>106</edges></level>
<level id="7"><states>60</states><edges>33</edges></level>
<level id="8"><states>17</states><edges>20</edges></level>
<level id="9"><states>14</states><edges>14</edges></level>
<level id="10"><states>13</states><edges>19</edges></level>
<level id="11"><states>16</states><edges>19</edges></level>
<level id="12"><states>17</states><edges>9</edges></level>
<level id="13"><states>9</states><edges>3</edges></level>
<level id="14"><states>3</states><edges>1</edges></level>
<level id="15"><states>1</states><edges>0</edges></level>
</bfs-levels>
<back-level-length id="0">88.1188</back-level-length>
<back-level-length id="1">11.8812</back-level-length>
</bfs-info>
<degrees>
<avg>1.51509</avg>
<max-in>3</max-in>
<max-out>14</max-out>
<degree id="0"><in>1</in><out>93</out></degree>
<degree id="1"><in>290</in><out>164</out></degree>
<degree id="2"><in>155</in><out>161</out></degree>
<degree id="3"><in>51</in><out>76</out></degree>
<degree id="4"><in>0</in><out>0</out></degree>
<degree id="5"><in>0</in><out>0</out></degree>
<degree id="6"><in>0</in><out>0</out></degree>
<degree id="7"><in>0</in><out>0</out></degree>
<degree id="8"><in>0</in><out>0</out></degree>
<degree id="9"><in>0</in><out>0</out></degree>
<degree id="10"><in>0</in><out>0</out></degree>
<degree id="11"><in>0</in><out>0</out></degree>
<degree id="12"><in>0</in><out>1</out></degree>
<degree id="13"><in>0</in><out>1</out></degree>
<degree id="14"><in>0</in><out>1</out></degree>
</degrees>
<scc-info>
<count>497</count>
<height>15</height>
<nontrivial-height>0</nontrivial-height>
<trivial>497</trivial>
<terminal>93</terminal>
<largest>1</largest>
<largest-position> terminal</largest-position>
</scc-info>
<dfs-info>
<stack-size id="2">0.402414</stack-size>
<stack-size id="4">0.804829</stack-size>
<stack-size id="6">1.20724</stack-size>
<stack-size id="8">1.20724</stack-size>
<stack-size id="10">1.60966</stack-size>
<stack-size id="12">2.01207</stack-size>
<stack-size id="14">1.00604</stack-size>
<stack-size id="16">1.20724</stack-size>
<stack-size id="18">1.60966</stack-size>
<stack-size id="20">2.01207</stack-size>
<stack-size id="22">2.01207</stack-size>
<stack-size id="24">2.41449</stack-size>
<stack-size id="26">0.402414</stack-size>
<stack-size id="28">0.804829</stack-size>
<stack-size id="30">1.20724</stack-size>
<stack-size id="32">1.20724</stack-size>
<stack-size id="34">1.40845</stack-size>
<stack-size id="36">1.00604</stack-size>
<stack-size id="38">1.40845</stack-size>
<stack-size id="40">1.40845</stack-size>
<stack-size id="42">0.804829</stack-size>
<stack-size id="44">1.20724</stack-size>
<stack-size id="46">1.20724</stack-size>
<stack-size id="48">1.40845</stack-size>
<stack-size id="50">0.804829</stack-size>
<stack-size id="52">1.20724</stack-size>
<stack-size id="54">1.20724</stack-size>
<stack-size id="56">1.40845</stack-size>
<stack-size id="58">1.00604</stack-size>
<stack-size id="60">1.40845</stack-size>
<stack-size id="62">1.40845</stack-size>
<stack-size id="64">0.804829</stack-size>
<stack-size id="66">1.20724</stack-size>
<stack-size id="68">1.20724</stack-size>
<stack-size id="70">1.40845</stack-size>
<stack-size id="72">0.804829</stack-size>
<stack-size id="74">1.20724</stack-size>
<stack-size id="76">1.20724</stack-size>
<stack-size id="78">1.40845</stack-size>
<stack-size id="80">1.00604</stack-size>
<stack-size id="82">1.40845</stack-size>
<stack-size id="84">1.40845</stack-size>
<stack-size id="86">0.804829</stack-size>
<stack-size id="88">1.20724</stack-size>
<stack-size id="90">1.20724</stack-size>
<stack-size id="92">1.40845</stack-size>
<stack-size id="94">0.804829</stack-size>
<stack-size id="96">1.20724</stack-size>
<stack-size id="98">1.60966</stack-size>
<stack-size id="100">0.804829</stack-size>
<stack-size id="102">1.20724</stack-size>
<stack-size id="104">1.20724</stack-size>
<stack-size id="106">1.40845</stack-size>
<stack-size id="108">1.00604</stack-size>
<stack-size id="110">1.40845</stack-size>
<stack-size id="112">1.40845</stack-size>
<stack-size id="114">1.60966</stack-size>
<stack-size id="116">2.01207</stack-size>
<stack-size id="118">2.41449</stack-size>
<stack-size id="120">2.41449</stack-size>
<stack-size id="122">2.8169</stack-size>
<stack-size id="124">2.21328</stack-size>
<stack-size id="126">2.61569</stack-size>
<stack-size id="128">2.61569</stack-size>
<stack-size id="130">0.603622</stack-size>
<stack-size id="132">1.00604</stack-size>
<stack-size id="134">1.40845</stack-size>
<stack-size id="136">1.40845</stack-size>
<stack-size id="138">1.60966</stack-size>
<stack-size id="140">1.20724</stack-size>
<stack-size id="142">1.60966</stack-size>
<stack-size id="144">1.60966</stack-size>
<stack-size id="146">1.00604</stack-size>
<stack-size id="148">1.40845</stack-size>
<stack-size id="150">1.40845</stack-size>
<stack-size id="152">1.60966</stack-size>
<stack-size id="154">1.00604</stack-size>
<stack-size id="156">1.40845</stack-size>
<stack-size id="158">1.40845</stack-size>
<stack-size id="160">1.60966</stack-size>
<stack-size id="162">1.20724</stack-size>
<stack-size id="164">1.60966</stack-size>
<stack-size id="166">1.60966</stack-size>
<stack-size id="168">1.00604</stack-size>
<stack-size id="170">1.40845</stack-size>
<stack-size id="172">1.40845</stack-size>
<stack-size id="174">1.60966</stack-size>
<stack-size id="176">1.00604</stack-size>
<stack-size id="178">1.40845</stack-size>
<stack-size id="180">1.40845</stack-size>
<stack-size id="182">1.60966</stack-size>
<stack-size id="184">1.20724</stack-size>
<stack-size id="186">1.60966</stack-size>
<stack-size id="188">1.60966</stack-size>
<stack-size id="190">1.00604</stack-size>
<stack-size id="192">1.40845</stack-size>
<stack-size id="194">1.40845</stack-size>
<stack-size id="196">1.60966</stack-size>
<stack-size id="198">1.00604</stack-size>
<stack-size id="200">1.40845</stack-size>
<stack-size id="202">1.81087</stack-size>
<stack-size id="204">1.81087</stack-size>
<stack-size id="206">2.21328</stack-size>
<stack-size id="208">2.61569</stack-size>
<stack-size id="210">1.60966</stack-size>
<stack-size id="212">1.81087</stack-size>
<stack-size id="214">2.21328</stack-size>
<stack-size id="216">2.61569</stack-size>
<stack-size id="218">2.61569</stack-size>
<stack-size id="220">3.01811</stack-size>
<stack-size id="222">1.00604</stack-size>
<stack-size id="224">1.40845</stack-size>
<stack-size id="226">1.40845</stack-size>
<stack-size id="228">1.60966</stack-size>
<stack-size id="230">1.20724</stack-size>
<stack-size id="232">1.60966</stack-size>
<stack-size id="234">1.60966</stack-size>
<stack-size id="236">1.81087</stack-size>
<stack-size id="238">2.21328</stack-size>
<stack-size id="240">2.61569</stack-size>
<stack-size id="242">2.61569</stack-size>
<stack-size id="244">3.01811</stack-size>
<stack-size id="246">2.41449</stack-size>
<stack-size id="248">2.8169</stack-size>
<stack-size id="250">2.8169</stack-size>
<stack-size id="252">0.402414</stack-size>
<stack-size id="254">0.804829</stack-size>
<stack-size id="256">1.20724</stack-size>
<stack-size id="258">1.20724</stack-size>
<stack-size id="260">0.804829</stack-size>
<stack-size id="262">0.804829</stack-size>
<stack-size id="264">1.20724</stack-size>
<stack-size id="266">1.40845</stack-size>
<stack-size id="268">1.00604</stack-size>
<stack-size id="270">0.603622</stack-size>
<stack-size id="272">1.00604</stack-size>
<stack-size id="274">1.40845</stack-size>
<stack-size id="276">1.00604</stack-size>
<stack-size id="278">0.603622</stack-size>
<stack-size id="280">1.00604</stack-size>
<stack-size id="282">1.40845</stack-size>
<stack-size id="284">1.60966</stack-size>
<stack-size id="286">0.402414</stack-size>
<stack-size id="288">0.804829</stack-size>
<stack-size id="290">1.20724</stack-size>
<stack-size id="292">1.20724</stack-size>
<stack-size id="294">0.804829</stack-size>
<stack-size id="296">0.804829</stack-size>
<stack-size id="298">1.20724</stack-size>
<stack-size id="300">1.40845</stack-size>
<stack-size id="302">1.00604</stack-size>
<stack-size id="304">0.402414</stack-size>
<stack-size id="306">0.804829</stack-size>
<stack-size id="308">1.20724</stack-size>
<stack-size id="310">1.20724</stack-size>
<stack-size id="312">0.804829</stack-size>
<stack-size id="314">0.804829</stack-size>
<stack-size id="316">1.20724</stack-size>
<stack-size id="318">1.40845</stack-size>
<stack-size id="320">1.00604</stack-size>
<stack-size id="322">0.603622</stack-size>
<stack-size id="324">1.00604</stack-size>
<stack-size id="326">1.40845</stack-size>
<stack-size id="328">1.00604</stack-size>
<stack-size id="330">0.603622</stack-size>
<stack-size id="332">1.00604</stack-size>
<stack-size id="334">1.40845</stack-size>
<stack-size id="336">1.60966</stack-size>
<stack-size id="338">0.402414</stack-size>
<stack-size id="340">0.804829</stack-size>
<stack-size id="342">1.20724</stack-size>
<stack-size id="344">1.20724</stack-size>
<stack-size id="346">0.804829</stack-size>
<stack-size id="348">0.804829</stack-size>
<stack-size id="350">1.20724</stack-size>
<stack-size id="352">1.40845</stack-size>
<stack-size id="354">1.00604</stack-size>
<stack-size id="356">0.402414</stack-size>
<stack-size id="358">0.804829</stack-size>
<stack-size id="360">1.20724</stack-size>
<stack-size id="362">1.20724</stack-size>
<stack-size id="364">0.804829</stack-size>
<stack-size id="366">0.804829</stack-size>
<stack-size id="368">1.20724</stack-size>
<stack-size id="370">1.40845</stack-size>
<stack-size id="372">1.00604</stack-size>
<stack-size id="374">0.603622</stack-size>
<stack-size id="376">1.00604</stack-size>
<stack-size id="378">1.40845</stack-size>
<stack-size id="380">1.00604</stack-size>
<stack-size id="382">0.603622</stack-size>
<stack-size id="384">1.00604</stack-size>
<stack-size id="386">1.40845</stack-size>
<stack-size id="388">1.60966</stack-size>
<stack-size id="390">0.402414</stack-size>
<stack-size id="392">0.804829</stack-size>
<stack-size id="394">1.20724</stack-size>
<stack-size id="396">1.20724</stack-size>
<stack-size id="398">0.804829</stack-size>
<stack-size id="400">0.804829</stack-size>
<stack-size id="402">1.20724</stack-size>
<stack-size id="404">1.40845</stack-size>
<stack-size id="406">1.00604</stack-size>
<stack-size id="408">0.402414</stack-size>
<stack-size id="410">0.804829</stack-size>
<stack-size id="412">1.20724</stack-size>
<stack-size id="414">1.60966</stack-size>
<stack-size id="416">1.60966</stack-size>
<stack-size id="418">1.20724</stack-size>
<stack-size id="420">0.804829</stack-size>
<stack-size id="422">0.804829</stack-size>
<stack-size id="424">1.20724</stack-size>
<stack-size id="426">1.40845</stack-size>
<stack-size id="428">1.00604</stack-size>
<stack-size id="430">1.40845</stack-size>
<stack-size id="432">1.81087</stack-size>
<stack-size id="434">2.21328</stack-size>
<stack-size id="436">1.60966</stack-size>
<stack-size id="438">2.01207</stack-size>
<stack-size id="440">2.41449</stack-size>
<stack-size id="442">0.402414</stack-size>
<stack-size id="444">0.804829</stack-size>
<stack-size id="446">1.20724</stack-size>
<stack-size id="448">1.20724</stack-size>
<stack-size id="450">0.804829</stack-size>
<stack-size id="452">0.804829</stack-size>
<stack-size id="454">1.20724</stack-size>
<stack-size id="456">1.40845</stack-size>
<stack-size id="458">1.00604</stack-size>
<stack-size id="460">0.603622</stack-size>
<stack-size id="462">1.00604</stack-size>
<stack-size id="464">1.40845</stack-size>
<stack-size id="466">1.00604</stack-size>
<stack-size id="468">0.603622</stack-size>
<stack-size id="470">1.00604</stack-size>
<stack-size id="472">1.40845</stack-size>
<stack-size id="474">1.60966</stack-size>
<stack-size id="476">1.20724</stack-size>
<stack-size id="478">1.60966</stack-size>
<stack-size id="480">2.01207</stack-size>
<stack-size id="482">2.41449</stack-size>
<stack-size id="484">2.01207</stack-size>
<stack-size id="486">2.41449</stack-size>
<stack-size id="488">1.81087</stack-size>
<stack-size id="490">2.21328</stack-size>
<stack-size id="492">2.61569</stack-size>
<stack-size id="494">2.21328</stack-size>
<stack-size id="496">2.61569</stack-size>
<max-stack>16</max-stack>
<front-edges>496</front-edges>
<back-edges>0</back-edges>
<cross-edges>257</cross-edges>
<shortest-cycle>-1</shortest-cycle>
</dfs-info>
<rw-info>
<coverage step="40">7.64588</coverage>
<coverage step="80">14.6881</coverage>
<coverage step="120">18.9135</coverage>
<coverage step="160">23.34</coverage>
<coverage step="200">30.5835</coverage>
<coverage step="240">35.4125</coverage>
<coverage step="280">39.2354</coverage>
<coverage step="320">40.8451</coverage>
<coverage step="360">43.4608</coverage>
<coverage step="400">45.674</coverage>
<coverage step="440">48.0885</coverage>
<coverage step="480">49.497</coverage>
<coverage step="520">51.7103</coverage>
<coverage step="560">52.9175</coverage>
<coverage step="600">56.338</coverage>
<coverage step="640">58.7525</coverage>
<coverage step="680">60.161</coverage>
<coverage step="720">60.7646</coverage>
<coverage step="760">61.9718</coverage>
<coverage step="800">62.7767</coverage>
<coverage step="840">63.3803</coverage>
<coverage step="880">64.5875</coverage>
<coverage step="920">64.5875</coverage>
<coverage step="960">65.7948</coverage>
<coverage step="1000">66.1972</coverage>
<coverage step="1040">67.8068</coverage>
<coverage step="1080">69.4165</coverage>
<coverage step="1120">70.4225</coverage>
<coverage step="1160">72.6358</coverage>
<coverage step="1200">74.2455</coverage>
<coverage step="1240">75.2515</coverage>
<coverage step="1280">75.4527</coverage>
<coverage step="1320">76.66</coverage>
<coverage step="1360">76.8612</coverage>
<coverage step="1400">77.2636</coverage>
<coverage step="1440">78.2696</coverage>
<coverage step="1480">78.8732</coverage>
<coverage step="1520">79.8793</coverage>
<coverage step="1560">80.6841</coverage>
<coverage step="1600">80.8853</coverage>
<coverage step="1640">80.8853</coverage>
<coverage step="1680">81.6901</coverage>
<coverage step="1720">82.8974</coverage>
<coverage step="1760">84.3058</coverage>
<coverage step="1800">84.507</coverage>
<coverage step="1840">84.7082</coverage>
<coverage step="1880">84.9095</coverage>
<coverage step="1920">85.1107</coverage>
<coverage step="1960">85.1107</coverage>
<coverage step="2000">85.1107</coverage>
<coverage step="2040">85.7143</coverage>
<coverage step="2080">85.7143</coverage>
<coverage step="2120">85.9155</coverage>
<coverage step="2160">86.1167</coverage>
<coverage step="2200">86.5191</coverage>
<coverage step="2240">86.7203</coverage>
<coverage step="2280">86.7203</coverage>
<coverage step="2320">86.7203</coverage>
<coverage step="2360">88.1288</coverage>
<coverage step="2400">88.1288</coverage>
<coverage step="2440">88.1288</coverage>
<coverage step="2480">88.1288</coverage>
<coverage step="2520">88.7324</coverage>
<coverage step="2560">89.1348</coverage>
<coverage step="2600">89.336</coverage>
<coverage step="2640">89.5372</coverage>
<coverage step="2680">89.5372</coverage>
<coverage step="2720">89.5372</coverage>
<coverage step="2760">89.7384</coverage>
<coverage step="2800">89.7384</coverage>
<coverage step="2840">89.9396</coverage>
<coverage step="2880">90.1408</coverage>
<coverage step="2920">90.9457</coverage>
<coverage step="2960">90.9457</coverage>
<coverage step="3000">90.9457</coverage>
<coverage step="3040">90.9457</coverage>
<coverage step="3080">90.9457</coverage>
<coverage step="3120">91.5493</coverage>
<coverage step="3160">91.5493</coverage>
<coverage step="3200">91.5493</coverage>
<coverage step="3240">91.9517</coverage>
<coverage step="3280">91.9517</coverage>
<coverage step="3320">91.9517</coverage>
<coverage step="3360">91.9517</coverage>
<coverage step="3400">92.1529</coverage>
<coverage step="3440">92.1529</coverage>
<coverage step="3480">92.1529</coverage>
<coverage step="3520">92.1529</coverage>
<coverage step="3560">92.3541</coverage>
<coverage step="3600">92.3541</coverage>
<coverage step="3640">92.3541</coverage>
<coverage step="3680">92.5553</coverage>
<coverage step="3720">92.5553</coverage>
<coverage step="3760">92.7565</coverage>
<coverage step="3800">92.7565</coverage>
<coverage step="3840">93.3602</coverage>
<coverage step="3880">93.3602</coverage>
<coverage step="3920">93.3602</coverage>
<coverage step="3960">93.3602</coverage>
<coverage step="4000">93.3602</coverage>
<coverage step="4040">93.3602</coverage>
<coverage step="4080">93.3602</coverage>
<coverage step="4120">93.5614</coverage>
<coverage step="4160">93.5614</coverage>
<coverage step="4200">94.165</coverage>
<coverage step="4240">94.165</coverage>
<coverage step="4280">94.165</coverage>
<coverage step="4320">95.171</coverage>
<coverage step="4360">96.3783</coverage>
<coverage step="4400">96.3783</coverage>
<coverage step="4440">96.3783</coverage>
<coverage step="4480">96.3783</coverage>
<coverage step="4520">96.3783</coverage>
<coverage step="4560">96.3783</coverage>
<coverage step="4600">96.3783</coverage>
<coverage step="4640">96.3783</coverage>
<coverage step="4680">96.5795</coverage>
<coverage step="4720">96.5795</coverage>
<coverage step="4760">96.5795</coverage>
<coverage step="4800">96.5795</coverage>
<coverage step="4840">96.5795</coverage>
<coverage step="4880">96.5795</coverage>
<coverage step="4920">96.7807</coverage>
<coverage step="4960">96.7807</coverage>
<rw-visits order="1">707</rw-visits>
<rw-visits order="2">66</rw-visits>
<rw-visits order="3">57</rw-visits>
<rw-visits order="4">55</rw-visits>
<rw-visits order="5">54</rw-visits>
<rw-visits order="6">54</rw-visits>
<rw-visits order="7">52</rw-visits>
<rw-visits order="8">50</rw-visits>
<rw-visits order="9">49</rw-visits>
<rw-visits order="10">49</rw-visits>
<rw-visits order="11">47</rw-visits>
<rw-visits order="12">46</rw-visits>
<rw-visits order="13">43</rw-visits>
<rw-visits order="14">43</rw-visits>
<rw-visits order="15">42</rw-visits>
<rw-visits order="16">42</rw-visits>
<rw-visits order="17">37</rw-visits>
<rw-visits order="18">36</rw-visits>
<rw-visits order="19">35</rw-visits>
<rw-visits order="20">35</rw-visits>
<rw-visits order="21">33</rw-visits>
<rw-visits order="22">31</rw-visits>
<rw-visits order="23">31</rw-visits>
<rw-visits order="24">31</rw-visits>
<rw-visits order="25">31</rw-visits>
<rw-visits order="26">30</rw-visits>
<rw-visits order="27">30</rw-visits>
<rw-visits order="28">30</rw-visits>
<rw-visits order="29">30</rw-visits>
<rw-visits order="30">30</rw-visits>
<rw-visits order="31">30</rw-visits>
<rw-visits order="32">30</rw-visits>
<rw-visits order="33">29</rw-visits>
<rw-visits order="34">29</rw-visits>
<rw-visits order="35">29</rw-visits>
<rw-visits order="36">29</rw-visits>
<rw-visits order="37">28</rw-visits>
<rw-visits order="38">27</rw-visits>
<rw-visits order="39">27</rw-visits>
<rw-visits order="40">26</rw-visits>
<rw-visits order="41">26</rw-visits>
<rw-visits order="42">26</rw-visits>
<rw-visits order="43">24</rw-visits>
<rw-visits order="44">24</rw-visits>
<rw-visits order="45">24</rw-visits>
<rw-visits order="46">24</rw-visits>
<rw-visits order="47">24</rw-visits>
<rw-visits order="48">24</rw-visits>
<rw-visits order="49">23</rw-visits>
<rw-visits order="50">23</rw-visits>
<rw-visits order="51">22</rw-visits>
<rw-visits order="52">22</rw-visits>
<rw-visits order="53">22</rw-visits>
<rw-visits order="54">22</rw-visits>
<rw-visits order="55">22</rw-visits>
<rw-visits order="56">22</rw-visits>
<rw-visits order="57">22</rw-visits>
<rw-visits order="58">22</rw-visits>
<rw-visits order="59">22</rw-visits>
<rw-visits order="60">22</rw-visits>
<rw-visits order="61">22</rw-visits>
<rw-visits order="62">22</rw-visits>
<rw-visits order="63">21</rw-visits>
<rw-visits order="64">20</rw-visits>
<rw-visits order="65">20</rw-visits>
<rw-visits order="66">20</rw-visits>
<rw-visits order="67">20</rw-visits>
<rw-visits order="68">20</rw-visits>
<rw-visits order="69">20</rw-visits>
<rw-visits order="70">20</rw-visits>
<rw-visits order="71">20</rw-visits>
<rw-visits order="72">19</rw-visits>
<rw-visits order="73">19</rw-visits>
<rw-visits order="74">19</rw-visits>
<rw-visits order="75">19</rw-visits>
<rw-visits order="76">18</rw-visits>
<rw-visits order="77">18</rw-visits>
<rw-visits order="78">18</rw-visits>
<rw-visits order="79">18</rw-visits>
<rw-visits order="80">18</rw-visits>
<rw-visits order="81">18</rw-visits>
<rw-visits order="82">18</rw-visits>
<rw-visits order="83">18</rw-visits>
<rw-visits order="84">18</rw-visits>
<rw-visits order="85">18</rw-visits>
<rw-visits order="86">18</rw-visits>
<rw-visits order="87">17</rw-visits>
<rw-visits order="88">17</rw-visits>
<rw-visits order="89">17</rw-visits>
<rw-visits order="90">17</rw-visits>
<rw-visits order="91">17</rw-visits>
<rw-visits order="92">17</rw-visits>
<rw-visits order="93">17</rw-visits>
<rw-visits order="94">17</rw-visits>
<rw-visits order="95">17</rw-visits>
<rw-visits order="96">17</rw-visits>
<rw-visits order="97">17</rw-visits>
<rw-visits order="98">17</rw-visits>
<rw-visits order="99">16</rw-visits>
<rw-visits order="100">16</rw-visits>
<rw-visits order="101">16</rw-visits>
<rw-visits order="102">16</rw-visits>
<rw-visits order="103">16</rw-visits>
<rw-visits order="104">16</rw-visits>
<rw-visits order="105">16</rw-visits>
<rw-visits order="106">16</rw-visits>
<rw-visits order="107">16</rw-visits>
<rw-visits order="108">16</rw-visits>
<rw-visits order="109">16</rw-visits>
<rw-visits order="110">16</rw-visits>
<rw-visits order="111">16</rw-visits>
<rw-visits order="112">16</rw-visits>
<rw-visits order="113">16</rw-visits>
<rw-visits order="114">15</rw-visits>
<rw-visits order="115">15</rw-visits>
<rw-visits order="116">15</rw-visits>
<rw-visits order="117">15</rw-visits>
<rw-visits order="118">15</rw-visits>
<rw-visits order="119">15</rw-visits>
<rw-visits order="120">15</rw-visits>
<rw-visits order="121">15</rw-visits>
<rw-visits order="122">15</rw-visits>
<rw-visits order="123">15</rw-visits>
<rw-visits order="124">14</rw-visits>
<rw-visits order="125">14</rw-visits>
<rw-visits order="126">13</rw-visits>
<rw-visits order="127">13</rw-visits>
<rw-visits order="128">13</rw-visits>
<rw-visits order="129">13</rw-visits>
<rw-visits order="130">13</rw-visits>
<rw-visits order="131">13</rw-visits>
<rw-visits order="132">12</rw-visits>
<rw-visits order="133">12</rw-visits>
<rw-visits order="134">12</rw-visits>
<rw-visits order="135">12</rw-visits>
<rw-visits order="136">12</rw-visits>
<rw-visits order="137">12</rw-visits>
<rw-visits order="138">12</rw-visits>
<rw-visits order="139">12</rw-visits>
<rw-visits order="140">12</rw-visits>
<rw-visits order="141">12</rw-visits>
<rw-visits order="142">12</rw-visits>
<rw-visits order="143">12</rw-visits>
<rw-visits order="144">12</rw-visits>
<rw-visits order="145">12</rw-visits>
<rw-visits order="146">11</rw-visits>
<rw-visits order="147">11</rw-visits>
<rw-visits order="148">11</rw-visits>
<rw-visits order="149">11</rw-visits>
<rw-visits order="150">11</rw-visits>
<rw-visits order="151">11</rw-visits>
<rw-visits order="152">11</rw-visits>
<rw-visits order="153">11</rw-visits>
<rw-visits order="154">11</rw-visits>
<rw-visits order="155">11</rw-visits>
<rw-visits order="156">11</rw-visits>
<rw-visits order="157">11</rw-visits>
<rw-visits order="158">11</rw-visits>
<rw-visits order="159">11</rw-visits>
<rw-visits order="160">10</rw-visits>
<rw-visits order="161">10</rw-visits>
<rw-visits order="162">10</rw-visits>
<rw-visits order="163">10</rw-visits>
<rw-visits order="164">10</rw-visits>
<rw-visits order="165">10</rw-visits>
<rw-visits order="166">10</rw-visits>
<rw-visits order="167">10</rw-visits>
<rw-visits order="168">10</rw-visits>
<rw-visits order="169">10</rw-visits>
<rw-visits order="170">10</rw-visits>
<rw-visits order="171">10</rw-visits>
<rw-visits order="172">10</rw-visits>
<rw-visits order="173">10</rw-visits>
<rw-visits order="174">10</rw-visits>
<rw-visits order="175">10</rw-visits>
<rw-visits order="176">10</rw-visits>
<rw-visits order="177">10</rw-visits>
<rw-visits order="178">10</rw-visits>
<rw-visits order="179">10</rw-visits>
<rw-visits order="180">9</rw-visits>
<rw-visits order="181">9</rw-visits>
<rw-visits order="182">9</rw-visits>
<rw-visits order="183">9</rw-visits>
<rw-visits order="184">9</rw-visits>
<rw-visits order="185">9</rw-visits>
<rw-visits order="186">9</rw-visits>
<rw-visits order="187">9</rw-visits>
<rw-visits order="188">9</rw-visits>
<rw-visits order="189">9</rw-visits>
<rw-visits order="190">9</rw-visits>
<rw-visits order="191">9</rw-visits>
<rw-visits order="192">9</rw-visits>
<rw-visits order="193">9</rw-visits>
<rw-visits order="194">9</rw-visits>
<rw-visits order="195">9</rw-visits>
<rw-visits order="196">9</rw-visits>
<rw-visits order="197">9</rw-visits>
<rw-visits order="198">9</rw-visits>
<rw-visits order="199">9</rw-visits>
<rw-visits order="200">9</rw-visits>
<rw-visits order="201">9</rw-visits>
<rw-visits order="202">8</rw-visits>
<rw-visits order="203">8</rw-visits>
<rw-visits order="204">8</rw-visits>
<rw-visits order="205">8</rw-visits>
<rw-visits order="206">8</rw-visits>
<rw-visits order="207">8</rw-visits>
<rw-visits order="208">8</rw-visits>
<rw-visits order="209">8</rw-visits>
<rw-visits order="210">8</rw-visits>
<rw-visits order="211">8</rw-visits>
<rw-visits order="212">8</rw-visits>
<rw-visits order="213">8</rw-visits>
<rw-visits order="214">8</rw-visits>
<rw-visits order="215">8</rw-visits>
<rw-visits order="216">8</rw-visits>
<rw-visits order="217">8</rw-visits>
<rw-visits order="218">8</rw-visits>
<rw-visits order="219">8</rw-visits>
<rw-visits order="220">8</rw-visits>
<rw-visits order="221">8</rw-visits>
<rw-visits order="222">8</rw-visits>
<rw-visits order="223">8</rw-visits>
<rw-visits order="224">8</rw-visits>
<rw-visits order="225">7</rw-visits>
<rw-visits order="226">7</rw-visits>
<rw-visits order="227">7</rw-visits>
<rw-visits order="228">7</rw-visits>
<rw-visits order="229">7</rw-visits>
<rw-visits order="230">7</rw-visits>
<rw-visits order="231">7</rw-visits>
<rw-visits order="232">7</rw-visits>
<rw-visits order="233">7</rw-visits>
<rw-visits order="234">7</rw-visits>
<rw-visits order="235">7</rw-visits>
<rw-visits order="236">7</rw-visits>
<rw-visits order="237">7</rw-visits>
<rw-visits order="238">7</rw-visits>
<rw-visits order="239">7</rw-visits>
<rw-visits order="240">7</rw-visits>
<rw-visits order="241">7</rw-visits>
<rw-visits order="242">7</rw-visits>
<rw-visits order="243">7</rw-visits>
<rw-visits order="244">7</rw-visits>
<rw-visits order="245">7</rw-visits>
<rw-visits order="246">7</rw-visits>
<rw-visits order="247">7</rw-visits>
<rw-visits order="248">7</rw-visits>
<rw-visits order="249">7</rw-visits>
<rw-visits order="250">6</rw-visits>
<rw-visits order="251">6</rw-visits>
<rw-visits order="252">6</rw-visits>
<rw-visits order="253">6</rw-visits>
<rw-visits order="254">6</rw-visits>
<rw-visits order="255">6</rw-visits>
<rw-visits order="256">6</rw-visits>
<rw-visits order="257">6</rw-visits>
<rw-visits order="258">6</rw-visits>
<rw-visits order="259">6</rw-visits>
<rw-visits order="260">6</rw-visits>
<rw-visits order="261">6</rw-visits>
<rw-visits order="262">6</rw-visits>
<rw-visits order="263">6</rw-visits>
<rw-visits order="264">6</rw-visits>
<rw-visits order="265">6</rw-visits>
<rw-visits order="266">6</rw-visits>
<rw-visits order="267">6</rw-visits>
<rw-visits order="268">6</rw-visits>
<rw-visits order="269">6</rw-visits>
<rw-visits order="270">6</rw-visits>
<rw-visits order="271">6</rw-visits>
<rw-visits order="272">6</rw-visits>
<rw-visits order="273">6</rw-visits>
<rw-visits order="274">6</rw-visits>
<rw-visits order="275">6</rw-visits>
<rw-visits order="276">5</rw-visits>
<rw-visits order="277">5</rw-visits>
<rw-visits order="278">5</rw-visits>
<rw-visits order="279">5</rw-visits>
<rw-visits order="280">5</rw-visits>
<rw-visits order="281">5</rw-visits>
<rw-visits order="282">5</rw-visits>
<rw-visits order="283">5</rw-visits>
<rw-visits order="284">5</rw-visits>
<rw-visits order="285">5</rw-visits>
<rw-visits order="286">5</rw-visits>
<rw-visits order="287">5</rw-visits>
<rw-visits order="288">5</rw-visits>
<rw-visits order="289">5</rw-visits>
<rw-visits order="290">5</rw-visits>
<rw-visits order="291">5</rw-visits>
<rw-visits order="292">5</rw-visits>
<rw-visits order="293">5</rw-visits>
<rw-visits order="294">5</rw-visits>
<rw-visits order="295">5</rw-visits>
<rw-visits order="296">5</rw-visits>
<rw-visits order="297">5</rw-visits>
<rw-visits order="298">5</rw-visits>
<rw-visits order="299">5</rw-visits>
<rw-visits order="300">5</rw-visits>
<rw-visits order="301">5</rw-visits>
<rw-visits order="302">5</rw-visits>
<rw-visits order="303">5</rw-visits>
<rw-visits order="304">5</rw-visits>
<rw-visits order="305">5</rw-visits>
<rw-visits order="306">5</rw-visits>
<rw-visits order="307">4</rw-visits>
<rw-visits order="308">4</rw-visits>
<rw-visits order="309">4</rw-visits>
<rw-visits order="310">4</rw-visits>
<rw-visits order="311">4</rw-visits>
<rw-visits order="312">4</rw-visits>
<rw-visits order="313">4</rw-visits>
<rw-visits order="314">4</rw-visits>
<rw-visits order="315">4</rw-visits>
<rw-visits order="316">4</rw-visits>
<rw-visits order="317">4</rw-visits>
<rw-visits order="318">4</rw-visits>
<rw-visits order="319">4</rw-visits>
<rw-visits order="320">4</rw-visits>
<rw-visits order="321">4</rw-visits>
<rw-visits order="322">4</rw-visits>
<rw-visits order="323">4</rw-visits>
<rw-visits order="324">4</rw-visits>
<rw-visits order="325">4</rw-visits>
<rw-visits order="326">4</rw-visits>
<rw-visits order="327">4</rw-visits>
<rw-visits order="328">4</rw-visits>
<rw-visits order="329">4</rw-visits>
<rw-visits order="330">4</rw-visits>
<rw-visits order="331">4</rw-visits>
<rw-visits order="332">4</rw-visits>
<rw-visits order="333">4</rw-visits>
<rw-visits order="334">4</rw-visits>
<rw-visits order="335">4</rw-visits>
<rw-visits order="336">4</rw-visits>
<rw-visits order="337">4</rw-visits>
<rw-visits order="338">4</rw-visits>
<rw-visits order="339">4</rw-visits>
<rw-visits order="340">4</rw-visits>
<rw-visits order="341">4</rw-visits>
<rw-visits order="342">4</rw-visits>
<rw-visits order="343">4</rw-visits>
<rw-visits order="344">4</rw-visits>
<rw-visits order="345">4</rw-visits>
<rw-visits order="346">4</rw-visits>
<rw-visits order="347">4</rw-visits>
<rw-visits order="348">4</rw-visits>
<rw-visits order="349">4</rw-visits>
<rw-visits order="350">4</rw-visits>
<rw-visits order="351">4</rw-visits>
<rw-visits order="352">3</rw-visits>
<rw-visits order="353">3</rw-visits>
<rw-visits order="354">3</rw-visits>
<rw-visits order="355">3</rw-visits>
<rw-visits order="356">3</rw-visits>
<rw-visits order="357">3</rw-visits>
<rw-visits order="358">3</rw-visits>
<rw-visits order="359">3</rw-visits>
<rw-visits order="360">3</rw-visits>
<rw-visits order="361">3</rw-visits>
<rw-visits order="362">3</rw-visits>
<rw-visits order="363">3</rw-visits>
<rw-visits order="364">3</rw-visits>
<rw-visits order="365">3</rw-visits>
<rw-visits order="366">3</rw-visits>
<rw-visits order="367">3</rw-visits>
<rw-visits order="368">3</rw-visits>
<rw-visits order="369">3</rw-visits>
<rw-visits order="370">3</rw-visits>
<rw-visits order="371">3</rw-visits>
<rw-visits order="372">3</rw-visits>
<rw-visits order="373">3</rw-visits>
<rw-visits order="374">3</rw-visits>
<rw-visits order="375">3</rw-visits>
<rw-visits order="376">3</rw-visits>
<rw-visits order="377">3</rw-visits>
<rw-visits order="378">3</rw-visits>
<rw-visits order="379">3</rw-visits>
<rw-visits order="380">3</rw-visits>
<rw-visits order="381">3</rw-visits>
<rw-visits order="382">3</rw-visits>
<rw-visits order="383">3</rw-visits>
<rw-visits order="384">3</rw-visits>
<rw-visits order="385">3</rw-visits>
<rw-visits order="386">3</rw-visits>
<rw-visits order="387">3</rw-visits>
<rw-visits order="388">3</rw-visits>
<rw-visits order="389">3</rw-visits>
<rw-visits order="390">3</rw-visits>
<rw-visits order="391">3</rw-visits>
<rw-visits order="392">3</rw-visits>
<rw-visits order="393">3</rw-visits>
<rw-visits order="394">3</rw-visits>
<rw-visits order="395">2</rw-visits>
<rw-visits order="396">2</rw-visits>
<rw-visits order="397">2</rw-visits>
<rw-visits order="398">2</rw-visits>
<rw-visits order="399">2</rw-visits>
<rw-visits order="400">2</rw-visits>
<rw-visits order="401">2</rw-visits>
<rw-visits order="402">2</rw-visits>
<rw-visits order="403">2</rw-visits>
<rw-visits order="404">2</rw-visits>
<rw-visits order="405">2</rw-visits>
<rw-visits order="406">2</rw-visits>
<rw-visits order="407">2</rw-visits>
<rw-visits order="408">2</rw-visits>
<rw-visits order="409">2</rw-visits>
<rw-visits order="410">2</rw-visits>
<rw-visits order="411">2</rw-visits>
<rw-visits order="412">2</rw-visits>
<rw-visits order="413">2</rw-visits>
<rw-visits order="414">2</rw-visits>
<rw-visits order="415">2</rw-visits>
<rw-visits order="416">2</rw-visits>
<rw-visits order="417">2</rw-visits>
<rw-visits order="418">2</rw-visits>
<rw-visits order="419">2</rw-visits>
<rw-visits order="420">2</rw-visits>
<rw-visits order="421">2</rw-visits>
<rw-visits order="422">2</rw-visits>
<rw-visits order="423">2</rw-visits>
<rw-visits order="424">2</rw-visits>
<rw-visits order="425">2</rw-visits>
<rw-visits order="426">2</rw-visits>
<rw-visits order="427">2</rw-visits>
<rw-visits order="428">2</rw-visits>
<rw-visits order="429">2</rw-visits>
<rw-visits order="430">2</rw-visits>
<rw-visits order="431">2</rw-visits>
<rw-visits order="432">2</rw-visits>
<rw-visits order="433">2</rw-visits>
<rw-visits order="434">1</rw-visits>
<rw-visits order="435">1</rw-visits>
<rw-visits order="436">1</rw-visits>
<rw-visits order="437">1</rw-visits>
<rw-visits order="438">1</rw-visits>
<rw-visits order="439">1</rw-visits>
<rw-visits order="440">1</rw-visits>
<rw-visits order="441">1</rw-visits>
<rw-visits order="442">1</rw-visits>
<rw-visits order="443">1</rw-visits>
<rw-visits order="444">1</rw-visits>
<rw-visits order="445">1</rw-visits>
<rw-visits order="446">1</rw-visits>
<rw-visits order="447">1</rw-visits>
<rw-visits order="448">1</rw-visits>
<rw-visits order="449">1</rw-visits>
<rw-visits order="450">1</rw-visits>
<rw-visits order="451">1</rw-visits>
<rw-visits order="452">1</rw-visits>
<rw-visits order="453">1</rw-visits>
<rw-visits order="454">1</rw-visits>
<rw-visits order="455">1</rw-visits>
<rw-visits order="456">1</rw-visits>
<rw-visits order="457">1</rw-visits>
<rw-visits order="458">1</rw-visits>
<rw-visits order="459">1</rw-visits>
<rw-visits order="460">1</rw-visits>
<rw-visits order="461">1</rw-visits>
<rw-visits order="462">1</rw-visits>
<rw-visits order="463">1</rw-visits>
<rw-visits order="464">1</rw-visits>
<rw-visits order="465">1</rw-visits>
<rw-visits order="466">1</rw-visits>
<rw-visits order="467">1</rw-visits>
<rw-visits order="468">1</rw-visits>
<rw-visits order="469">1</rw-visits>
<rw-visits order="470">1</rw-visits>
<rw-visits order="471">1</rw-visits>
<rw-visits order="472">1</rw-visits>
<rw-visits order="473">1</rw-visits>
<rw-visits order="474">1</rw-visits>
<rw-visits order="475">1</rw-visits>
<rw-visits order="476">1</rw-visits>
<rw-visits order="477">1</rw-visits>
<rw-visits order="478">1</rw-visits>
<rw-visits order="479">1</rw-visits>
<rw-visits order="480">1</rw-visits>
<final-coverage>96.7807</final-coverage>
</rw-info>
<local-info>
<diamonds>17.7062</diamonds>
<neighborhood k="4">7</neighborhood>
<clustering k="4">1.13196</clustering>
</local-info>
<label-info>
<edge-label id="0.0+1.0">1</edge-label>
<edge-label id="0.0+2.1">39</edge-label>
<edge-label id="0.2">17</edge-label>
<edge-label id="0.3">44</edge-label>
<edge-label id="0.4+1.4">17</edge-label>
<edge-label id="0.4+2.2">15</edge-label>
<edge-label id="1.1">61</edge-label>
<edge-label id="1.3+0.1">49</edge-label>
<edge-label id="1.3+2.0">37</edge-label>
<edge-label id="1.5">8</edge-label>
<edge-label id="1.6">13</edge-label>
<edge-label id="2.10">12</edge-label>
<edge-label id="2.11">65</edge-label>
<edge-label id="2.12">3</edge-label>
<edge-label id="2.13">89</edge-label>
<edge-label id="2.15">8</edge-label>
<edge-label id="2.19">4</edge-label>
<edge-label id="2.20">4</edge-label>
<edge-label id="2.21+1.0">3</edge-label>
<edge-label id="2.22+1.0">3</edge-label>
<edge-label id="2.23+1.0">3</edge-label>
<edge-label id="2.24+1.0">3</edge-label>
<edge-label id="2.25+1.0">3</edge-label>
<edge-label id="2.26+1.0">3</edge-label>
<edge-label id="2.27+1.0">3</edge-label>
<edge-label id="2.28+1.0">3</edge-label>
<edge-label id="2.29+1.0">3</edge-label>
<edge-label id="2.3">101</edge-label>
<edge-label id="2.30+1.0">3</edge-label>
<edge-label id="2.31+1.0">3</edge-label>
<edge-label id="2.32+1.0">3</edge-label>
<edge-label id="2.33+0.1">4</edge-label>
<edge-label id="2.34+0.1">4</edge-label>
<edge-label id="2.35+0.1">4</edge-label>
<edge-label id="2.39+1.0">1</edge-label>
<edge-label id="2.4">12</edge-label>
<edge-label id="2.45+1.4">4</edge-label>
<edge-label id="2.5">89</edge-label>
<edge-label id="2.6">3</edge-label>
<edge-label id="2.8">9</edge-label>
<state-labels procid="0">
<label id="[]">497</label>
</state-labels><state-labels procid="1">
<label id="[0,0,0]">67</label>
<label id="[1,0,0]">242</label>
<label id="[2,1591,0]">4</label>
<label id="[2,1636,0]">9</label>
<label id="[2,1642,0]">4</label>
<label id="[2,1645,0]">4</label>
<label id="[2,1648,0]">4</label>
<label id="[2,1771,0]">4</label>
<label id="[2,2311,0]">4</label>
<label id="[2,2317,0]">4</label>
<label id="[2,2320,0]">4</label>
<label id="[2,2323,0]">4</label>
<label id="[2,286,0]">4</label>
<label id="[2,292,0]">4</label>
<label id="[2,295,0]">4</label>
<label id="[2,298,0]">4</label>
<label id="[3,1591,1]">4</label>
<label id="[3,1636,4]">9</label>
<label id="[3,1771,13]">4</label>
<label id="[4,1591,1]">14</label>
<label id="[4,1636,4]">38</label>
<label id="[4,1771,13]">14</label>
<label id="[5,1642,0]">4</label>
<label id="[5,1645,0]">4</label>
<label id="[5,1648,0]">4</label>
<label id="[5,2311,0]">4</label>
<label id="[5,2317,0]">4</label>
<label id="[5,2320,0]">4</label>
<label id="[5,2323,0]">4</label>
<label id="[5,286,0]">4</label>
<label id="[5,292,0]">4</label>
<label id="[5,295,0]">4</label>
<label id="[5,298,0]">4</label>
</state-labels><state-labels procid="2">
<label id="[0,0,0,0]">5</label>
<label id="[1,2266,0,0]">5</label>
<label id="[1,2272,0,0]">5</label>
<label id="[1,2275,0,0]">5</label>
<label id="[1,2278,0,0]">5</label>
<label id="[1,2356,0,0]">6</label>
<label id="[1,2362,0,0]">5</label>
<label id="[1,2365,0,0]">5</label>
<label id="[1,2368,0,0]">5</label>
<label id="[1,2401,0,0]">5</label>
<label id="[1,2407,0,0]">5</label>
<label id="[1,2410,0,0]">5</label>
<label id="[1,2413,0,0]">5</label>
<label id="[2,2266,1,1]">5</label>
<label id="[2,2272,1,7]">5</label>
<label id="[2,2275,1,10]">5</label>
<label id="[2,2278,1,13]">5</label>
<label id="[2,2356,7,1]">6</label>
<label id="[2,2362,7,7]">5</label>
<label id="[2,2365,7,10]">5</label>
<label id="[2,2368,7,13]">5</label>
<label id="[2,2401,10,1]">5</label>
<label id="[2,2407,10,7]">5</label>
<label id="[2,2410,10,10]">5</label>
<label id="[2,2413,10,13]">5</label>
<label id="[3,2266,1,1]">59</label>
<label id="[3,2272,1,7]">24</label>
<label id="[3,2275,1,10]">24</label>
<label id="[3,2278,1,13]">24</label>
<label id="[3,2356,7,1]">50</label>
<label id="[3,2362,7,7]">21</label>
<label id="[3,2365,7,10]">21</label>
<label id="[3,2368,7,13]">21</label>
<label id="[3,2401,10,1]">21</label>
<label id="[3,2407,10,7]">21</label>
<label id="[3,2410,10,10]">21</label>
<label id="[3,2413,10,13]">21</label>
<label id="[4,151,1,1]">4</label>
<label id="[4,154,7,1]">13</label>
<label id="[4,163,1,1]">4</label>
<label id="[5,154,7,1]">13</label>
<label id="[6,151,1,1]">4</label>
<label id="[6,163,1,1]">4</label>
</state-labels><state-labels procid="3">
<label id="[0,0,0,0,0,0,0]">31</label>
<label id="[0,0,0,0,0,0,1636]">2</label>
<label id="[0,0,0,0,0,0,1642]">2</label>
<label id="[0,0,0,0,0,0,1645]">2</label>
<label id="[0,0,0,0,0,0,1648]">2</label>
<label id="[0,0,0,0,0,0,2311]">2</label>
<label id="[0,0,0,0,0,0,2317]">2</label>
<label id="[0,0,0,0,0,0,2320]">2</label>
<label id="[0,0,0,0,0,0,2323]">2</label>
<label id="[0,0,0,0,0,0,2356]">63</label>
<label id="[0,0,0,0,0,0,286]">2</label>
<label id="[0,0,0,0,0,0,292]">2</label>
<label id="[0,0,0,0,0,0,295]">2</label>
<label id="[0,0,0,0,0,0,298]">2</label>
<label id="[0,0,0,0,0,1,154]">3</label>
<label id="[0,0,0,0,1,0,1636]">1</label>
<label id="[0,0,0,0,1,0,1642]">1</label>
<label id="[0,0,0,0,1,0,1645]">1</label>
<label id="[0,0,0,0,1,0,1648]">1</label>
<label id="[0,0,0,0,1,0,2311]">1</label>
<label id="[0,0,0,0,1,0,2317]">1</label>
<label id="[0,0,0,0,1,0,2320]">1</label>
<label id="[0,0,0,0,1,0,2323]">1</label>
<label id="[0,0,0,0,1,0,2356]">63</label>
<label id="[0,0,0,0,1,0,286]">1</label>
<label id="[0,0,0,0,1,0,292]">1</label>
<label id="[0,0,0,0,1,0,295]">1</label>
<label id="[0,0,0,0,1,0,298]">1</label>
<label id="[0,0,0,0,1,1,154]">3</label>
<label id="[0,0,0,1,0,0,1636]">6</label>
<label id="[0,0,0,1,0,0,2356]">5</label>
<label id="[0,0,0,1,0,1,154]">3</label>
<label id="[0,0,0,1,1,0,1636]">5</label>
<label id="[0,0,0,1,1,0,2356]">5</label>
<label id="[0,0,0,1,1,1,154]">3</label>
<label id="[0,1,0,0,0,0,151]">1</label>
<label id="[0,1,0,0,0,0,163]">1</label>
<label id="[0,1,0,0,0,0,2356]">9</label>
<label id="[0,1,0,0,0,0,286]">10</label>
<label id="[0,1,0,0,1,0,151]">1</label>
<label id="[0,1,0,0,1,0,163]">1</label>
<label id="[0,1,0,0,1,0,2356]">9</label>
<label id="[0,1,0,0,1,0,286]">9</label>
<label id="[1,0,0,0,0,0,1636]">2</label>
<label id="[1,0,0,0,0,0,1642]">2</label>
<label id="[1,0,0,0,0,0,1645]">2</label>
<label id="[1,0,0,0,0,0,1648]">2</label>
<label id="[1,0,0,0,0,0,2311]">2</label>
<label id="[1,0,0,0,0,0,2317]">2</label>
<label id="[1,0,0,0,0,0,2320]">2</label>
<label id="[1,0,0,0,0,0,2323]">2</label>
<label id="[1,0,0,0,0,0,2356]">63</label>
<label id="[1,0,0,0,0,0,286]">2</label>
<label id="[1,0,0,0,0,0,292]">2</label>
<label id="[1,0,0,0,0,0,295]">2</label>
<label id="[1,0,0,0,0,0,298]">2</label>
<label id="[1,0,0,0,1,0,1636]">1</label>
<label id="[1,0,0,0,1,0,1642]">1</label>
<label id="[1,0,0,0,1,0,1645]">1</label>
<label id="[1,0,0,0,1,0,1648]">1</label>
<label id="[1,0,0,0,1,0,2311]">1</label>
<label id="[1,0,0,0,1,0,2317]">1</label>
<label id="[1,0,0,0,1,0,2320]">1</label>
<label id="[1,0,0,0,1,0,2323]">1</label>
<label id="[1,0,0,0,1,0,286]">1</label>
<label id="[1,0,0,0,1,0,292]">1</label>
<label id="[1,0,0,0,1,0,295]">1</label>
<label id="[1,0,0,0,1,0,298]">1</label>
<label id="[1,0,0,1,0,0,2356]">1</label>
<label id="[1,1,0,0,0,0,2356]">1</label>
<label id="[2,0,0,0,0,0,286]">2</label>
<label id="[2,0,0,0,0,0,292]">2</label>
<label id="[2,0,0,0,0,0,295]">2</label>
<label id="[2,0,0,0,0,0,298]">2</label>
<label id="[2,0,0,0,1,0,286]">1</label>
<label id="[2,0,0,0,1,0,292]">1</label>
<label id="[2,0,0,0,1,0,295]">1</label>
<label id="[2,0,0,0,1,0,298]">1</label>
<label id="[3,0,0,0,0,0,292]">2</label>
<label id="[3,0,0,0,0,0,295]">2</label>
<label id="[3,0,0,0,0,0,298]">2</label>
<label id="[3,0,0,0,1,0,292]">1</label>
<label id="[3,0,0,0,1,0,295]">1</label>
<label id="[3,0,0,0,1,0,298]">1</label>
<label id="[3,1,0,0,0,0,286]">2</label>
<label id="[3,1,0,0,1,0,286]">1</label>
<label id="[4,0,0,0,0,0,1636]">2</label>
<label id="[4,0,0,0,0,0,1642]">2</label>
<label id="[4,0,0,0,0,0,1645]">2</label>
<label id="[4,0,0,0,0,0,1648]">2</label>
<label id="[4,0,0,0,0,0,2311]">2</label>
<label id="[4,0,0,0,0,0,2317]">2</label>
<label id="[4,0,0,0,0,0,2320]">2</label>
<label id="[4,0,0,0,0,0,2323]">2</label>
<label id="[4,0,0,0,0,0,2356]">63</label>
<label id="[4,0,0,0,1,0,1636]">1</label>
<label id="[4,0,0,0,1,0,1642]">1</label>
<label id="[4,0,0,0,1,0,1645]">1</label>
<label id="[4,0,0,0,1,0,1648]">1</label>
<label id="[4,0,0,0,1,0,2311]">1</label>
<label id="[4,0,0,0,1,0,2317]">1</label>
<label id="[4,0,0,0,1,0,2320]">1</label>
<label id="[4,0,0,0,1,0,2323]">1</label>
<label id="[4,0,0,1,0,0,2356]">1</label>
<label id="[4,1,0,0,0,0,2356]">1</label>
<label id="[5,0,0,0,0,0,154]">1</label>
<label id="[5,0,0,0,1,0,154]">1</label>
<label id="[5,0,0,1,0,0,154]">1</label>
<label id="[5,0,0,1,1,0,154]">1</label>
<label id="[5,1,0,0,0,0,151]">1</label>
<label id="[5,1,0,0,0,0,163]">1</label>
<label id="[5,1,0,0,1,0,151]">1</label>
<label id="[5,1,0,0,1,0,163]">1</label>
<label id="[7,0,0,0,0,0,154]">1</label>
<label id="[7,0,0,0,1,0,154]">1</label>
<label id="[7,0,0,1,0,0,154]">1</label>
<label id="[7,0,0,1,1,0,154]">1</label>
<label id="[7,1,0,0,0,0,151]">1</label>
<label id="[7,1,0,0,0,0,163]">1</label>
<label id="[7,1,0,0,1,0,151]">1</label>
<label id="[7,1,0,0,1,0,163]">1</label>
</state-labels></label-info>
</state-space-info>
