<?xml version="1.0"?>
<!DOCTYPE state-space-info SYSTEM "../../state_space_info.dtd">


<state-space-info>
<states>3186</states>
<edges>4565</edges>
<bfs-info>
 <levels>24</levels>
<max-level>313</max-level>

<back-level-edges>472</back-level-edges>
<max-back-level-edge>13</max-back-level-edge>
<avg-back-level-edge>2.87288</avg-back-level-edge>
<bfs-levels>
<level id="0"><states>1</states><edges>4</edges></level>
<level id="1"><states>4</states><edges>16</edges></level>
<level id="2"><states>16</states><edges>28</edges></level>
<level id="3"><states>28</states><edges>28</edges></level>
<level id="4"><states>16</states><edges>28</edges></level>
<level id="5"><states>28</states><edges>52</edges></level>
<level id="6"><states>40</states><edges>64</edges></level>
<level id="7"><states>58</states><edges>154</edges></level>
<level id="8"><states>142</states><edges>349</edges></level>
<level id="9"><states>249</states><edges>359</edges></level>
<level id="10"><states>230</states><edges>226</edges></level>
<level id="11"><states>166</states><edges>327</edges></level>
<level id="12"><states>263</states><edges>441</edges></level>
<level id="13"><states>289</states><edges>356</edges></level>
<level id="14"><states>267</states><edges>453</edges></level>
<level id="15"><states>313</states><edges>510</edges></level>
<level id="16"><states>312</states><edges>285</edges></level>
<level id="17"><states>180</states><edges>193</edges></level>
<level id="18"><states>154</states><edges>254</edges></level>
<level id="19"><states>158</states><edges>169</edges></level>
<level id="20"><states>108</states><edges>122</edges></level>
<level id="21"><states>84</states><edges>103</edges></level>
<level id="22"><states>56</states><edges>44</edges></level>
<level id="23"><states>24</states><edges>0</edges></level>
</bfs-levels>
<back-level-length id="0">0</back-level-length>
<back-level-length id="1">59.322</back-level-length>
<back-level-length id="2">0</back-level-length>
<back-level-length id="3">3.60169</back-level-length>
<back-level-length id="4">0</back-level-length>
<back-level-length id="5">28.6017</back-level-length>
<back-level-length id="6">0</back-level-length>
<back-level-length id="7">4.87288</back-level-length>
<back-level-length id="8">0</back-level-length>
<back-level-length id="9">0</back-level-length>
<back-level-length id="10">0</back-level-length>
<back-level-length id="11">3.38983</back-level-length>
<back-level-length id="12">0</back-level-length>
<back-level-length id="13">0.211864</back-level-length>
</bfs-info>
<degrees>
<avg>1.43283</avg>
<max-in>10</max-in>
<max-out>4</max-out>
<degree id="0"><in>1</in><out>839</out></degree>
<degree id="1"><in>2272</in><out>805</out></degree>
<degree id="2"><in>595</in><out>976</out></degree>
<degree id="3"><in>215</in><out>456</out></degree>
<degree id="4"><in>76</in><out>110</out></degree>
<degree id="5"><in>18</in><out>0</out></degree>
<degree id="6"><in>5</in><out>0</out></degree>
<degree id="7"><in>2</in><out>0</out></degree>
<degree id="8"><in>0</in><out>0</out></degree>
<degree id="9"><in>0</in><out>0</out></degree>
<degree id="10"><in>2</in><out>0</out></degree>
</degrees>
<scc-info>
<count>3186</count>
<height>39</height>
<nontrivial-height>0</nontrivial-height>
<trivial>3186</trivial>
<terminal>839</terminal>
<largest>1</largest>
<largest-position> terminal</largest-position>
</scc-info>
<dfs-info>
<stack-size id="15">0.47081</stack-size>
<stack-size id="30">0.94162</stack-size>
<stack-size id="45">1.25549</stack-size>
<stack-size id="60">1.19272</stack-size>
<stack-size id="75">1.25549</stack-size>
<stack-size id="90">1.12994</stack-size>
<stack-size id="105">1.09856</stack-size>
<stack-size id="120">1.00439</stack-size>
<stack-size id="135">1.06717</stack-size>
<stack-size id="150">1.06717</stack-size>
<stack-size id="165">1.06717</stack-size>
<stack-size id="180">1.09856</stack-size>
<stack-size id="195">1.09856</stack-size>
<stack-size id="210">1.00439</stack-size>
<stack-size id="225">0.878845</stack-size>
<stack-size id="240">1.06717</stack-size>
<stack-size id="255">0.94162</stack-size>
<stack-size id="270">0.878845</stack-size>
<stack-size id="285">0.94162</stack-size>
<stack-size id="300">0.878845</stack-size>
<stack-size id="315">0.910232</stack-size>
<stack-size id="330">0.910232</stack-size>
<stack-size id="345">0.847458</stack-size>
<stack-size id="360">0.81607</stack-size>
<stack-size id="375">0.81607</stack-size>
<stack-size id="390">0.910232</stack-size>
<stack-size id="405">0.910232</stack-size>
<stack-size id="420">0.81607</stack-size>
<stack-size id="435">0.910232</stack-size>
<stack-size id="450">0.784683</stack-size>
<stack-size id="465">0.878845</stack-size>
<stack-size id="480">0.753296</stack-size>
<stack-size id="495">0.878845</stack-size>
<stack-size id="510">0.81607</stack-size>
<stack-size id="525">0.690521</stack-size>
<stack-size id="540">0.847458</stack-size>
<stack-size id="555">0.847458</stack-size>
<stack-size id="570">0.81607</stack-size>
<stack-size id="585">0.847458</stack-size>
<stack-size id="600">0.659134</stack-size>
<stack-size id="615">0.690521</stack-size>
<stack-size id="630">0.94162</stack-size>
<stack-size id="645">0.784683</stack-size>
<stack-size id="660">0.847458</stack-size>
<stack-size id="675">0.81607</stack-size>
<stack-size id="690">0.784683</stack-size>
<stack-size id="705">0.784683</stack-size>
<stack-size id="720">0.81607</stack-size>
<stack-size id="735">0.659134</stack-size>
<stack-size id="750">0.81607</stack-size>
<stack-size id="765">0.721908</stack-size>
<stack-size id="780">0.81607</stack-size>
<stack-size id="795">0.847458</stack-size>
<stack-size id="810">0.81607</stack-size>
<stack-size id="825">0.690521</stack-size>
<stack-size id="840">0.627746</stack-size>
<stack-size id="855">0.721908</stack-size>
<stack-size id="870">0.721908</stack-size>
<stack-size id="885">0.627746</stack-size>
<stack-size id="900">0.721908</stack-size>
<stack-size id="915">0.596359</stack-size>
<stack-size id="930">0.690521</stack-size>
<stack-size id="945">0.659134</stack-size>
<stack-size id="960">0.81607</stack-size>
<stack-size id="975">0.784683</stack-size>
<stack-size id="990">0.721908</stack-size>
<stack-size id="1005">0.721908</stack-size>
<stack-size id="1020">0.721908</stack-size>
<stack-size id="1035">0.659134</stack-size>
<stack-size id="1050">0.721908</stack-size>
<stack-size id="1065">0.690521</stack-size>
<stack-size id="1080">0.47081</stack-size>
<stack-size id="1095">0.47081</stack-size>
<stack-size id="1110">0.690521</stack-size>
<stack-size id="1125">0.627746</stack-size>
<stack-size id="1140">0.596359</stack-size>
<stack-size id="1155">0.596359</stack-size>
<stack-size id="1170">0.47081</stack-size>
<stack-size id="1185">0.502197</stack-size>
<stack-size id="1200">0.753296</stack-size>
<stack-size id="1215">0.721908</stack-size>
<stack-size id="1230">0.659134</stack-size>
<stack-size id="1245">0.721908</stack-size>
<stack-size id="1260">0.753296</stack-size>
<stack-size id="1275">0.659134</stack-size>
<stack-size id="1290">0.627746</stack-size>
<stack-size id="1305">0.690521</stack-size>
<stack-size id="1320">0.690521</stack-size>
<stack-size id="1335">0.659134</stack-size>
<stack-size id="1350">0.564972</stack-size>
<stack-size id="1365">0.721908</stack-size>
<stack-size id="1380">0.627746</stack-size>
<stack-size id="1395">0.408035</stack-size>
<stack-size id="1410">0.753296</stack-size>
<stack-size id="1425">0.753296</stack-size>
<stack-size id="1440">0.627746</stack-size>
<stack-size id="1455">0.721908</stack-size>
<stack-size id="1470">0.627746</stack-size>
<stack-size id="1485">0.596359</stack-size>
<stack-size id="1500">0.533584</stack-size>
<stack-size id="1515">0.627746</stack-size>
<stack-size id="1530">0.596359</stack-size>
<stack-size id="1545">0.627746</stack-size>
<stack-size id="1560">0.533584</stack-size>
<stack-size id="1575">0.345261</stack-size>
<stack-size id="1590">0.659134</stack-size>
<stack-size id="1605">0.627746</stack-size>
<stack-size id="1620">0.596359</stack-size>
<stack-size id="1635">0.533584</stack-size>
<stack-size id="1650">0.408035</stack-size>
<stack-size id="1665">0.533584</stack-size>
<stack-size id="1680">0.533584</stack-size>
<stack-size id="1695">0.282486</stack-size>
<stack-size id="1710">0.564972</stack-size>
<stack-size id="1725">0.345261</stack-size>
<stack-size id="1740">0.502197</stack-size>
<stack-size id="1755">0.690521</stack-size>
<stack-size id="1770">0.533584</stack-size>
<stack-size id="1785">0.596359</stack-size>
<stack-size id="1800">0.533584</stack-size>
<stack-size id="1815">0.564972</stack-size>
<stack-size id="1830">0.313873</stack-size>
<stack-size id="1845">0.627746</stack-size>
<stack-size id="1860">0.690521</stack-size>
<stack-size id="1875">0.533584</stack-size>
<stack-size id="1890">0.313873</stack-size>
<stack-size id="1905">0.564972</stack-size>
<stack-size id="1920">0.596359</stack-size>
<stack-size id="1935">0.596359</stack-size>
<stack-size id="1950">0.47081</stack-size>
<stack-size id="1965">0.282486</stack-size>
<stack-size id="1980">0.282486</stack-size>
<stack-size id="1995">0.502197</stack-size>
<stack-size id="2010">0.564972</stack-size>
<stack-size id="2025">0.125549</stack-size>
<stack-size id="2040">0.533584</stack-size>
<stack-size id="2055">0.47081</stack-size>
<stack-size id="2070">0.533584</stack-size>
<stack-size id="2085">0.564972</stack-size>
<stack-size id="2100">0.564972</stack-size>
<stack-size id="2115">0.345261</stack-size>
<stack-size id="2130">0.564972</stack-size>
<stack-size id="2145">0.533584</stack-size>
<stack-size id="2160">0.47081</stack-size>
<stack-size id="2175">0.533584</stack-size>
<stack-size id="2190">0.502197</stack-size>
<stack-size id="2205">0.533584</stack-size>
<stack-size id="2220">0.627746</stack-size>
<stack-size id="2235">0.533584</stack-size>
<stack-size id="2250">0.345261</stack-size>
<stack-size id="2265">0.690521</stack-size>
<stack-size id="2280">0.690521</stack-size>
<stack-size id="2295">0.659134</stack-size>
<stack-size id="2310">0.627746</stack-size>
<stack-size id="2325">0.564972</stack-size>
<stack-size id="2340">0.47081</stack-size>
<stack-size id="2355">0.376648</stack-size>
<stack-size id="2370">0.345261</stack-size>
<stack-size id="2385">0.533584</stack-size>
<stack-size id="2400">0.376648</stack-size>
<stack-size id="2415">0.47081</stack-size>
<stack-size id="2430">0.564972</stack-size>
<stack-size id="2445">0.47081</stack-size>
<stack-size id="2460">0.564972</stack-size>
<stack-size id="2475">0.47081</stack-size>
<stack-size id="2490">0.564972</stack-size>
<stack-size id="2505">0.439422</stack-size>
<stack-size id="2520">0.439422</stack-size>
<stack-size id="2535">0.408035</stack-size>
<stack-size id="2550">0.47081</stack-size>
<stack-size id="2565">0.439422</stack-size>
<stack-size id="2580">0.313873</stack-size>
<stack-size id="2595">0.533584</stack-size>
<stack-size id="2610">0.251099</stack-size>
<stack-size id="2625">0.313873</stack-size>
<stack-size id="2640">0.345261</stack-size>
<stack-size id="2655">0.533584</stack-size>
<stack-size id="2670">0.439422</stack-size>
<stack-size id="2685">0.282486</stack-size>
<stack-size id="2700">0.47081</stack-size>
<stack-size id="2715">0.47081</stack-size>
<stack-size id="2730">0.219711</stack-size>
<stack-size id="2745">0.313873</stack-size>
<stack-size id="2760">0.345261</stack-size>
<stack-size id="2775">0.125549</stack-size>
<stack-size id="2790">0.282486</stack-size>
<stack-size id="2805">0.188324</stack-size>
<stack-size id="2820">0.533584</stack-size>
<stack-size id="2835">0.345261</stack-size>
<stack-size id="2850">0.47081</stack-size>
<stack-size id="2865">0.47081</stack-size>
<stack-size id="2880">0.439422</stack-size>
<stack-size id="2895">0.408035</stack-size>
<stack-size id="2910">0.219711</stack-size>
<stack-size id="2925">0.408035</stack-size>
<stack-size id="2940">0.345261</stack-size>
<stack-size id="2955">0.376648</stack-size>
<stack-size id="2970">0.219711</stack-size>
<stack-size id="2985">0.345261</stack-size>
<stack-size id="3000">0.533584</stack-size>
<stack-size id="3015">0.345261</stack-size>
<stack-size id="3030">0.125549</stack-size>
<stack-size id="3045">0.376648</stack-size>
<stack-size id="3060">0.408035</stack-size>
<stack-size id="3075">0.376648</stack-size>
<stack-size id="3090">0.219711</stack-size>
<stack-size id="3105">0.345261</stack-size>
<stack-size id="3120">0.282486</stack-size>
<stack-size id="3135">0.282486</stack-size>
<stack-size id="3150">0.156937</stack-size>
<stack-size id="3165">0.376648</stack-size>
<stack-size id="3180">0.345261</stack-size>
<max-stack>40</max-stack>
<front-edges>3185</front-edges>
<back-edges>0</back-edges>
<cross-edges>1380</cross-edges>
<shortest-cycle>-1</shortest-cycle>
</dfs-info>
<rw-info>
<coverage step="300">7.12492</coverage>
<coverage step="600">11.6447</coverage>
<coverage step="900">15.5681</coverage>
<coverage step="1200">18.7382</coverage>
<coverage step="1500">21.7514</coverage>
<coverage step="1800">24.1368</coverage>
<coverage step="2100">26.5537</coverage>
<coverage step="2400">29.1274</coverage>
<coverage step="2700">30.5085</coverage>
<coverage step="3000">32.5173</coverage>
<coverage step="3300">33.7728</coverage>
<coverage step="3600">35.1852</coverage>
<coverage step="3900">36.3151</coverage>
<coverage step="4200">37.2567</coverage>
<coverage step="4500">38.2611</coverage>
<coverage step="4800">39.8933</coverage>
<coverage step="5100">41.1488</coverage>
<coverage step="5400">42.6868</coverage>
<coverage step="5700">43.5656</coverage>
<coverage step="6000">44.7583</coverage>
<coverage step="6300">45.5116</coverage>
<coverage step="6600">46.0766</coverage>
<coverage step="6900">46.9868</coverage>
<coverage step="7200">47.489</coverage>
<coverage step="7500">48.2423</coverage>
<coverage step="7800">48.5562</coverage>
<coverage step="8100">49.1212</coverage>
<coverage step="8400">49.9686</coverage>
<coverage step="8700">50.6591</coverage>
<coverage step="9000">51.0044</coverage>
<coverage step="9300">51.4752</coverage>
<coverage step="9600">51.946</coverage>
<coverage step="9900">52.5424</coverage>
<coverage step="10200">52.9504</coverage>
<coverage step="10500">53.5782</coverage>
<coverage step="10800">53.7037</coverage>
<coverage step="11100">53.9548</coverage>
<coverage step="11400">54.6767</coverage>
<coverage step="11700">55.2731</coverage>
<coverage step="12000">55.5869</coverage>
<coverage step="12300">56.3089</coverage>
<coverage step="12600">56.8738</coverage>
<coverage step="12900">57.4388</coverage>
<coverage step="13200">57.6899</coverage>
<coverage step="13500">58.0665</coverage>
<coverage step="13800">58.506</coverage>
<coverage step="14100">58.914</coverage>
<coverage step="14400">59.6045</coverage>
<coverage step="14700">59.7928</coverage>
<coverage step="15000">60.2323</coverage>
<coverage step="15300">60.4206</coverage>
<coverage step="15600">60.6717</coverage>
<coverage step="15900">61.2994</coverage>
<coverage step="16200">61.4564</coverage>
<coverage step="16500">62.3352</coverage>
<coverage step="16800">62.4922</coverage>
<coverage step="17100">62.8374</coverage>
<coverage step="17400">63.3396</coverage>
<coverage step="17700">63.8104</coverage>
<coverage step="18000">64.5009</coverage>
<coverage step="18300">64.5951</coverage>
<coverage step="18600">64.8462</coverage>
<coverage step="18900">65.2856</coverage>
<coverage step="19200">65.5681</coverage>
<coverage step="19500">66.1959</coverage>
<coverage step="19800">66.3842</coverage>
<coverage step="20100">66.5725</coverage>
<coverage step="20400">66.6667</coverage>
<coverage step="20700">66.8864</coverage>
<coverage step="21000">67.4513</coverage>
<coverage step="21300">67.7338</coverage>
<coverage step="21600">67.9535</coverage>
<coverage step="21900">68.393</coverage>
<coverage step="22200">68.5499</coverage>
<coverage step="22500">68.6755</coverage>
<coverage step="22800">68.7068</coverage>
<coverage step="23100">68.7696</coverage>
<coverage step="23400">69.2404</coverage>
<coverage step="23700">69.4915</coverage>
<coverage step="24000">69.6171</coverage>
<coverage step="24300">69.8996</coverage>
<coverage step="24600">70.0565</coverage>
<coverage step="24900">70.4018</coverage>
<coverage step="25200">70.4959</coverage>
<coverage step="25500">70.6842</coverage>
<coverage step="25800">70.904</coverage>
<coverage step="26100">71.1864</coverage>
<coverage step="26400">71.3434</coverage>
<coverage step="26700">71.6259</coverage>
<coverage step="27000">71.72</coverage>
<coverage step="27300">72.0025</coverage>
<coverage step="27600">72.0025</coverage>
<coverage step="27900">72.0967</coverage>
<coverage step="28200">72.2536</coverage>
<coverage step="28500">72.5047</coverage>
<coverage step="28800">72.5989</coverage>
<coverage step="29100">72.693</coverage>
<coverage step="29400">72.7872</coverage>
<coverage step="29700">73.0069</coverage>
<coverage step="30000">73.0697</coverage>
<coverage step="30300">73.1325</coverage>
<coverage step="30600">73.3522</coverage>
<coverage step="30900">73.5091</coverage>
<coverage step="31200">73.6974</coverage>
<coverage step="31500">73.7916</coverage>
<coverage step="31800">74.0113</coverage>
<rw-visits order="1">2416</rw-visits>
<rw-visits order="12">172</rw-visits>
<rw-visits order="23">155</rw-visits>
<rw-visits order="34">147</rw-visits>
<rw-visits order="45">137</rw-visits>
<rw-visits order="56">94</rw-visits>
<rw-visits order="67">83</rw-visits>
<rw-visits order="78">79</rw-visits>
<rw-visits order="89">75</rw-visits>
<rw-visits order="100">73</rw-visits>
<rw-visits order="111">69</rw-visits>
<rw-visits order="122">63</rw-visits>
<rw-visits order="133">48</rw-visits>
<rw-visits order="144">45</rw-visits>
<rw-visits order="155">43</rw-visits>
<rw-visits order="166">40</rw-visits>
<rw-visits order="177">38</rw-visits>
<rw-visits order="188">35</rw-visits>
<rw-visits order="199">34</rw-visits>
<rw-visits order="210">33</rw-visits>
<rw-visits order="221">31</rw-visits>
<rw-visits order="232">29</rw-visits>
<rw-visits order="243">27</rw-visits>
<rw-visits order="254">26</rw-visits>
<rw-visits order="265">25</rw-visits>
<rw-visits order="276">24</rw-visits>
<rw-visits order="287">23</rw-visits>
<rw-visits order="298">22</rw-visits>
<rw-visits order="309">21</rw-visits>
<rw-visits order="320">21</rw-visits>
<rw-visits order="331">20</rw-visits>
<rw-visits order="342">19</rw-visits>
<rw-visits order="353">18</rw-visits>
<rw-visits order="364">17</rw-visits>
<rw-visits order="375">17</rw-visits>
<rw-visits order="386">16</rw-visits>
<rw-visits order="397">16</rw-visits>
<rw-visits order="408">15</rw-visits>
<rw-visits order="419">15</rw-visits>
<rw-visits order="430">14</rw-visits>
<rw-visits order="441">14</rw-visits>
<rw-visits order="452">14</rw-visits>
<rw-visits order="463">13</rw-visits>
<rw-visits order="474">13</rw-visits>
<rw-visits order="485">13</rw-visits>
<rw-visits order="496">13</rw-visits>
<rw-visits order="507">12</rw-visits>
<rw-visits order="518">12</rw-visits>
<rw-visits order="529">12</rw-visits>
<rw-visits order="540">11</rw-visits>
<rw-visits order="551">11</rw-visits>
<rw-visits order="562">11</rw-visits>
<rw-visits order="573">11</rw-visits>
<rw-visits order="584">10</rw-visits>
<rw-visits order="595">10</rw-visits>
<rw-visits order="606">10</rw-visits>
<rw-visits order="617">10</rw-visits>
<rw-visits order="628">9</rw-visits>
<rw-visits order="639">9</rw-visits>
<rw-visits order="650">9</rw-visits>
<rw-visits order="661">9</rw-visits>
<rw-visits order="672">9</rw-visits>
<rw-visits order="683">9</rw-visits>
<rw-visits order="694">8</rw-visits>
<rw-visits order="705">8</rw-visits>
<rw-visits order="716">8</rw-visits>
<rw-visits order="727">8</rw-visits>
<rw-visits order="738">8</rw-visits>
<rw-visits order="749">8</rw-visits>
<rw-visits order="760">7</rw-visits>
<rw-visits order="771">7</rw-visits>
<rw-visits order="782">7</rw-visits>
<rw-visits order="793">7</rw-visits>
<rw-visits order="804">7</rw-visits>
<rw-visits order="815">7</rw-visits>
<rw-visits order="826">7</rw-visits>
<rw-visits order="837">7</rw-visits>
<rw-visits order="848">6</rw-visits>
<rw-visits order="859">6</rw-visits>
<rw-visits order="870">6</rw-visits>
<rw-visits order="881">6</rw-visits>
<rw-visits order="892">6</rw-visits>
<rw-visits order="903">6</rw-visits>
<rw-visits order="914">6</rw-visits>
<rw-visits order="925">6</rw-visits>
<rw-visits order="936">6</rw-visits>
<rw-visits order="947">6</rw-visits>
<rw-visits order="958">6</rw-visits>
<rw-visits order="969">5</rw-visits>
<rw-visits order="980">5</rw-visits>
<rw-visits order="991">5</rw-visits>
<rw-visits order="1002">5</rw-visits>
<rw-visits order="1013">5</rw-visits>
<rw-visits order="1024">5</rw-visits>
<rw-visits order="1035">5</rw-visits>
<rw-visits order="1046">5</rw-visits>
<rw-visits order="1057">5</rw-visits>
<rw-visits order="1068">5</rw-visits>
<rw-visits order="1079">5</rw-visits>
<rw-visits order="1090">5</rw-visits>
<rw-visits order="1101">4</rw-visits>
<rw-visits order="1112">4</rw-visits>
<rw-visits order="1123">4</rw-visits>
<rw-visits order="1134">4</rw-visits>
<rw-visits order="1145">4</rw-visits>
<rw-visits order="1156">4</rw-visits>
<rw-visits order="1167">4</rw-visits>
<rw-visits order="1178">4</rw-visits>
<rw-visits order="1189">4</rw-visits>
<rw-visits order="1200">4</rw-visits>
<rw-visits order="1211">4</rw-visits>
<rw-visits order="1222">4</rw-visits>
<rw-visits order="1233">4</rw-visits>
<rw-visits order="1244">4</rw-visits>
<rw-visits order="1255">4</rw-visits>
<rw-visits order="1266">4</rw-visits>
<rw-visits order="1277">4</rw-visits>
<rw-visits order="1288">4</rw-visits>
<rw-visits order="1299">3</rw-visits>
<rw-visits order="1310">3</rw-visits>
<rw-visits order="1321">3</rw-visits>
<rw-visits order="1332">3</rw-visits>
<rw-visits order="1343">3</rw-visits>
<rw-visits order="1354">3</rw-visits>
<rw-visits order="1365">3</rw-visits>
<rw-visits order="1376">3</rw-visits>
<rw-visits order="1387">3</rw-visits>
<rw-visits order="1398">3</rw-visits>
<rw-visits order="1409">3</rw-visits>
<rw-visits order="1420">3</rw-visits>
<rw-visits order="1431">3</rw-visits>
<rw-visits order="1442">3</rw-visits>
<rw-visits order="1453">3</rw-visits>
<rw-visits order="1464">3</rw-visits>
<rw-visits order="1475">3</rw-visits>
<rw-visits order="1486">3</rw-visits>
<rw-visits order="1497">3</rw-visits>
<rw-visits order="1508">2</rw-visits>
<rw-visits order="1519">2</rw-visits>
<rw-visits order="1530">2</rw-visits>
<rw-visits order="1541">2</rw-visits>
<rw-visits order="1552">2</rw-visits>
<rw-visits order="1563">2</rw-visits>
<rw-visits order="1574">2</rw-visits>
<rw-visits order="1585">2</rw-visits>
<rw-visits order="1596">2</rw-visits>
<rw-visits order="1607">2</rw-visits>
<rw-visits order="1618">2</rw-visits>
<rw-visits order="1629">2</rw-visits>
<rw-visits order="1640">2</rw-visits>
<rw-visits order="1651">2</rw-visits>
<rw-visits order="1662">2</rw-visits>
<rw-visits order="1673">2</rw-visits>
<rw-visits order="1684">2</rw-visits>
<rw-visits order="1695">2</rw-visits>
<rw-visits order="1706">2</rw-visits>
<rw-visits order="1717">2</rw-visits>
<rw-visits order="1728">2</rw-visits>
<rw-visits order="1739">2</rw-visits>
<rw-visits order="1750">2</rw-visits>
<rw-visits order="1761">2</rw-visits>
<rw-visits order="1772">2</rw-visits>
<rw-visits order="1783">2</rw-visits>
<rw-visits order="1794">2</rw-visits>
<rw-visits order="1805">2</rw-visits>
<rw-visits order="1816">2</rw-visits>
<rw-visits order="1827">2</rw-visits>
<rw-visits order="1838">1</rw-visits>
<rw-visits order="1849">1</rw-visits>
<rw-visits order="1860">1</rw-visits>
<rw-visits order="1871">1</rw-visits>
<rw-visits order="1882">1</rw-visits>
<rw-visits order="1893">1</rw-visits>
<rw-visits order="1904">1</rw-visits>
<rw-visits order="1915">1</rw-visits>
<rw-visits order="1926">1</rw-visits>
<rw-visits order="1937">1</rw-visits>
<rw-visits order="1948">1</rw-visits>
<rw-visits order="1959">1</rw-visits>
<rw-visits order="1970">1</rw-visits>
<rw-visits order="1981">1</rw-visits>
<rw-visits order="1992">1</rw-visits>
<rw-visits order="2003">1</rw-visits>
<rw-visits order="2014">1</rw-visits>
<rw-visits order="2025">1</rw-visits>
<rw-visits order="2036">1</rw-visits>
<rw-visits order="2047">1</rw-visits>
<rw-visits order="2058">1</rw-visits>
<rw-visits order="2069">1</rw-visits>
<rw-visits order="2080">1</rw-visits>
<rw-visits order="2091">1</rw-visits>
<rw-visits order="2102">1</rw-visits>
<rw-visits order="2113">1</rw-visits>
<rw-visits order="2124">1</rw-visits>
<rw-visits order="2135">1</rw-visits>
<rw-visits order="2146">1</rw-visits>
<rw-visits order="2157">1</rw-visits>
<rw-visits order="2168">1</rw-visits>
<rw-visits order="2179">1</rw-visits>
<rw-visits order="2190">1</rw-visits>
<rw-visits order="2201">1</rw-visits>
<rw-visits order="2212">1</rw-visits>
<rw-visits order="2223">1</rw-visits>
<rw-visits order="2234">1</rw-visits>
<rw-visits order="2245">1</rw-visits>
<rw-visits order="2256">1</rw-visits>
<rw-visits order="2267">1</rw-visits>
<rw-visits order="2278">1</rw-visits>
<rw-visits order="2289">1</rw-visits>
<rw-visits order="2300">1</rw-visits>
<rw-visits order="2311">1</rw-visits>
<rw-visits order="2322">1</rw-visits>
<rw-visits order="2333">1</rw-visits>
<rw-visits order="2344">1</rw-visits>
<rw-visits order="2355">1</rw-visits>
<final-coverage>74.0113</final-coverage>
</rw-info>
<local-info>
<diamonds>6.34024</diamonds>
<neighborhood k="4">12</neighborhood>
<clustering k="4">1.01451</clustering>
</local-info>
<label-info>
<edge-label id="0.2">774</edge-label>
<edge-label id="0.3+1.1">82</edge-label>
<edge-label id="0.3+1.3">56</edge-label>
<edge-label id="0.3+2.1">76</edge-label>
<edge-label id="0.3+2.3">56</edge-label>
<edge-label id="0.3+3.1">75</edge-label>
<edge-label id="0.3+3.3">53</edge-label>
<edge-label id="0.3+4.1">79</edge-label>
<edge-label id="0.3+4.3">49</edge-label>
<edge-label id="0.4+1.1">82</edge-label>
<edge-label id="0.4+1.3">56</edge-label>
<edge-label id="0.4+2.1">76</edge-label>
<edge-label id="0.4+2.3">56</edge-label>
<edge-label id="0.4+3.1">75</edge-label>
<edge-label id="0.4+3.3">53</edge-label>
<edge-label id="0.4+4.1">79</edge-label>
<edge-label id="0.4+4.3">49</edge-label>
<edge-label id="0.5+1.1">162</edge-label>
<edge-label id="0.5+1.3">127</edge-label>
<edge-label id="0.5+2.1">117</edge-label>
<edge-label id="0.5+2.3">90</edge-label>
<edge-label id="0.5+3.1">84</edge-label>
<edge-label id="0.5+3.3">47</edge-label>
<edge-label id="0.5+4.1">70</edge-label>
<edge-label id="0.5+4.3">20</edge-label>
<edge-label id="1.0+0.0">106</edge-label>
<edge-label id="1.0+0.1">201</edge-label>
<edge-label id="1.2+0.0">105</edge-label>
<edge-label id="1.2+0.1">129</edge-label>
<edge-label id="2.0+0.0">96</edge-label>
<edge-label id="2.0+0.1">187</edge-label>
<edge-label id="2.2+0.0">101</edge-label>
<edge-label id="2.2+0.1">129</edge-label>
<edge-label id="3.0+0.0">91</edge-label>
<edge-label id="3.0+0.1">179</edge-label>
<edge-label id="3.2+0.0">94</edge-label>
<edge-label id="3.2+0.1">123</edge-label>
<edge-label id="4.0+0.0">97</edge-label>
<edge-label id="4.0+0.1">187</edge-label>
<edge-label id="4.2+0.0">84</edge-label>
<edge-label id="4.2+0.1">113</edge-label>
<state-labels procid="0">
<label id="[0,0,0]">21</label>
<label id="[0,0,1]">24</label>
<label id="[10,0,0]">21</label>
<label id="[10,0,1]">24</label>
<label id="[10,1,0]">7</label>
<label id="[10,1,1]">9</label>
<label id="[10,1,2]">2</label>
<label id="[15,0,1]">20</label>
<label id="[15,0,2]">12</label>
<label id="[15,1,0]">2</label>
<label id="[15,1,1]">1</label>
<label id="[20,0,0]">30</label>
<label id="[20,0,1]">38</label>
<label id="[20,0,2]">12</label>
<label id="[20,1,0]">19</label>
<label id="[20,1,1]">26</label>
<label id="[20,1,2]">6</label>
<label id="[25,0,1]">40</label>
<label id="[25,0,2]">23</label>
<label id="[25,1,0]">21</label>
<label id="[25,1,1]">27</label>
<label id="[25,1,2]">6</label>
<label id="[30,0,0]">30</label>
<label id="[30,0,1]">77</label>
<label id="[30,0,2]">35</label>
<label id="[30,1,0]">20</label>
<label id="[30,1,1]">27</label>
<label id="[30,1,2]">6</label>
<label id="[35,0,1]">60</label>
<label id="[35,0,2]">35</label>
<label id="[35,1,0]">32</label>
<label id="[35,1,1]">55</label>
<label id="[35,1,2]">22</label>
<label id="[35,1,3]">2</label>
<label id="[40,0,0]">39</label>
<label id="[40,0,1]">93</label>
<label id="[40,0,2]">55</label>
<label id="[40,0,3]">4</label>
<label id="[40,1,0]">32</label>
<label id="[40,1,1]">88</label>
<label id="[40,1,2]">52</label>
<label id="[40,1,3]">7</label>
<label id="[45,0,1]">67</label>
<label id="[45,0,2]">69</label>
<label id="[45,0,3]">11</label>
<label id="[45,1,0]">41</label>
<label id="[45,1,1]">95</label>
<label id="[45,1,2]">54</label>
<label id="[45,1,3]">7</label>
<label id="[5,1,0]">2</label>
<label id="[5,1,1]">1</label>
<label id="[50,0,0]">48</label>
<label id="[50,0,1]">106</label>
<label id="[50,0,2]">103</label>
<label id="[50,0,3]">18</label>
<label id="[50,1,0]">39</label>
<label id="[50,1,1]">111</label>
<label id="[50,1,2]">73</label>
<label id="[50,1,3]">10</label>
<label id="[55,0,0]">39</label>
<label id="[55,0,1]">112</label>
<label id="[55,0,2]">111</label>
<label id="[55,0,3]">21</label>
<label id="[55,1,0]">43</label>
<label id="[55,1,1]">124</label>
<label id="[55,1,2]">76</label>
<label id="[55,1,3]">10</label>
<label id="[60,0,0]">48</label>
<label id="[60,0,1]">127</label>
<label id="[60,0,2]">129</label>
<label id="[60,0,3]">21</label>
<label id="[60,1,0]">48</label>
<label id="[60,1,1]">126</label>
<label id="[60,1,2]">106</label>
<label id="[60,1,3]">26</label>
<label id="[60,1,4]">2</label>
</state-labels><state-labels procid="1">
<label id="[0,0,0]">144</label>
<label id="[0,0,10]">58</label>
<label id="[0,0,20]">25</label>
<label id="[0,0,5]">103</label>
<label id="[1,10,0]">84</label>
<label id="[1,10,10]">39</label>
<label id="[1,10,20]">14</label>
<label id="[1,10,5]">60</label>
<label id="[1,20,0]">80</label>
<label id="[1,20,10]">33</label>
<label id="[1,20,20]">16</label>
<label id="[1,20,5]">56</label>
<label id="[1,25,0]">79</label>
<label id="[1,25,10]">31</label>
<label id="[1,25,20]">16</label>
<label id="[1,25,5]">55</label>
<label id="[1,5,0]">89</label>
<label id="[1,5,10]">36</label>
<label id="[1,5,20]">15</label>
<label id="[1,5,5]">71</label>
<label id="[2,10,20]">43</label>
<label id="[2,10,25]">43</label>
<label id="[2,10,5]">46</label>
<label id="[2,20,10]">43</label>
<label id="[2,20,25]">39</label>
<label id="[2,20,5]">46</label>
<label id="[2,25,10]">43</label>
<label id="[2,25,20]">39</label>
<label id="[2,25,5]">46</label>
<label id="[2,5,10]">46</label>
<label id="[2,5,20]">46</label>
<label id="[2,5,25]">46</label>
<label id="[3,10,0]">145</label>
<label id="[3,10,10]">39</label>
<label id="[3,10,20]">14</label>
<label id="[3,10,5]">129</label>
<label id="[3,20,0]">198</label>
<label id="[3,20,10]">108</label>
<label id="[3,20,20]">16</label>
<label id="[3,20,5]">129</label>
<label id="[3,25,0]">242</label>
<label id="[3,25,10]">107</label>
<label id="[3,25,20]">89</label>
<label id="[3,25,5]">129</label>
<label id="[3,5,0]">89</label>
<label id="[3,5,10]">36</label>
<label id="[3,5,20]">15</label>
<label id="[3,5,5]">71</label>
</state-labels><state-labels procid="2">
<label id="[0]">1333</label>
<label id="[1]">540</label>
<label id="[2]">879</label>
<label id="[3]">434</label>
</state-labels><state-labels procid="3">
<label id="[0]">1317</label>
<label id="[1]">471</label>
<label id="[2]">1001</label>
<label id="[3]">397</label>
</state-labels><state-labels procid="4">
<label id="[0]">1367</label>
<label id="[1]">440</label>
<label id="[2]">1027</label>
<label id="[3]">352</label>
</state-labels><state-labels procid="5">
<label id="[0]">1474</label>
<label id="[1]">443</label>
<label id="[2]">964</label>
<label id="[3]">305</label>
</state-labels></label-info>
</state-space-info>
