<?xml version="1.0"?>
<!DOCTYPE state-space-info SYSTEM "../../state_space_info.dtd">


<state-space-info>
<states>96923</states>
<edges>191360</edges>
<bfs-info>
 <levels>38</levels>
<max-level>9558</max-level>

<back-level-edges>36005</back-level-edges>
<max-back-level-edge>13</max-back-level-edge>
<avg-back-level-edge>3.82122</avg-back-level-edge>
<bfs-levels>
<level id="0"><states>1</states><edges>6</edges></level>
<level id="1"><states>6</states><edges>36</edges></level>
<level id="2"><states>35</states><edges>64</edges></level>
<level id="3"><states>64</states><edges>64</edges></level>
<level id="4"><states>35</states><edges>64</edges></level>
<level id="5"><states>64</states><edges>122</edges></level>
<level id="6"><states>92</states><edges>146</edges></level>
<level id="7"><states>116</states><edges>466</edges></level>
<level id="8"><states>436</states><edges>1636</edges></level>
<level id="9"><states>1058</states><edges>1892</edges></level>
<level id="10"><states>1274</states><edges>1516</edges></level>
<level id="11"><states>912</states><edges>2060</edges></level>
<level id="12"><states>1786</states><edges>4046</edges></level>
<level id="13"><states>2378</states><edges>4178</edges></level>
<level id="14"><states>2920</states><edges>9088</edges></level>
<level id="15"><states>5649</states><edges>16699</edges></level>
<level id="16"><states>8280</states><edges>14548</edges></level>
<level id="17"><states>7565</states><edges>10524</edges></level>
<level id="18"><states>6444</states><edges>15910</edges></level>
<level id="19"><states>9558</states><edges>20627</edges></level>
<level id="20"><states>9184</states><edges>14433</edges></level>
<level id="21"><states>8063</states><edges>18390</edges></level>
<level id="22"><states>8190</states><edges>16745</edges></level>
<level id="23"><states>6218</states><edges>7086</edges></level>
<level id="24"><states>3804</states><edges>5134</edges></level>
<level id="25"><states>1850</states><edges>6311</edges></level>
<level id="26"><states>2602</states><edges>7546</edges></level>
<level id="27"><states>2748</states><edges>3634</edges></level>
<level id="28"><states>2007</states><edges>2514</edges></level>
<level id="29"><states>1248</states><edges>2243</edges></level>
<level id="30"><states>809</states><edges>1014</edges></level>
<level id="31"><states>476</states><edges>501</edges></level>
<level id="32"><states>193</states><edges>826</edges></level>
<level id="33"><states>258</states><edges>745</edges></level>
<level id="34"><states>308</states><edges>418</edges></level>
<level id="35"><states>237</states><edges>81</edges></level>
<level id="36"><states>39</states><edges>37</edges></level>
<level id="37"><states>16</states><edges>10</edges></level>
</bfs-levels>
<back-level-length id="0">0</back-level-length>
<back-level-length id="1">36.781</back-level-length>
<back-level-length id="2">0</back-level-length>
<back-level-length id="3">3.43841</back-level-length>
<back-level-length id="4">0</back-level-length>
<back-level-length id="5">46.974</back-level-length>
<back-level-length id="6">0</back-level-length>
<back-level-length id="7">10.243</back-level-length>
<back-level-length id="8">0</back-level-length>
<back-level-length id="9">0.077767</back-level-length>
<back-level-length id="10">0</back-level-length>
<back-level-length id="11">2.28024</back-level-length>
<back-level-length id="12">0</back-level-length>
<back-level-length id="13">0.205527</back-level-length>
</bfs-info>
<degrees>
<avg>1.97435</avg>
<max-in>16</max-in>
<max-out>6</max-out>
<degree id="0"><in>1</in><out>12915</out></degree>
<degree id="1"><in>63195</in><out>32646</out></degree>
<degree id="2"><in>13377</in><out>20912</out></degree>
<degree id="3"><in>4877</in><out>12164</out></degree>
<degree id="4"><in>3758</in><out>11935</out></degree>
<degree id="5"><in>2936</in><out>5448</out></degree>
<degree id="6"><in>7433</in><out>903</out></degree>
<degree id="7"><in>421</in><out>0</out></degree>
<degree id="8"><in>229</in><out>0</out></degree>
<degree id="9"><in>76</in><out>0</out></degree>
<degree id="10"><in>265</in><out>0</out></degree>
<degree id="11"><in>76</in><out>0</out></degree>
<degree id="12"><in>222</in><out>0</out></degree>
<degree id="13"><in>3</in><out>0</out></degree>
<degree id="14"><in>6</in><out>0</out></degree>
<degree id="15"><in>34</in><out>0</out></degree>
<degree id="16"><in>14</in><out>0</out></degree>
</degrees>
<scc-info>
<count>96923</count>
<height>87</height>
<nontrivial-height>0</nontrivial-height>
<trivial>96923</trivial>
<terminal>12915</terminal>
<largest>1</largest>
<largest-position> terminal</largest-position>
</scc-info>
<dfs-info>
<stack-size id="484">0.0794445</stack-size>
<stack-size id="968">0.0784128</stack-size>
<stack-size id="1452">0.0794445</stack-size>
<stack-size id="1936">0.0722223</stack-size>
<stack-size id="2420">0.073254</stack-size>
<stack-size id="2904">0.0742858</stack-size>
<stack-size id="3388">0.0711905</stack-size>
<stack-size id="3872">0.0701588</stack-size>
<stack-size id="4356">0.0680953</stack-size>
<stack-size id="4840">0.0660318</stack-size>
<stack-size id="5324">0.0680953</stack-size>
<stack-size id="5808">0.0680953</stack-size>
<stack-size id="6292">0.0639683</stack-size>
<stack-size id="6776">0.0670635</stack-size>
<stack-size id="7260">0.0660318</stack-size>
<stack-size id="7744">0.0557143</stack-size>
<stack-size id="8228">0.0670635</stack-size>
<stack-size id="8712">0.0608731</stack-size>
<stack-size id="9196">0.0577778</stack-size>
<stack-size id="9680">0.0650001</stack-size>
<stack-size id="10164">0.0619048</stack-size>
<stack-size id="10648">0.0608731</stack-size>
<stack-size id="11132">0.0680953</stack-size>
<stack-size id="11616">0.0619048</stack-size>
<stack-size id="12100">0.0598413</stack-size>
<stack-size id="12584">0.0577778</stack-size>
<stack-size id="13068">0.0557143</stack-size>
<stack-size id="13552">0.0557143</stack-size>
<stack-size id="14036">0.0546826</stack-size>
<stack-size id="14520">0.0536508</stack-size>
<stack-size id="15004">0.0557143</stack-size>
<stack-size id="15488">0.0588096</stack-size>
<stack-size id="15972">0.0557143</stack-size>
<stack-size id="16456">0.0577778</stack-size>
<stack-size id="16940">0.0557143</stack-size>
<stack-size id="17424">0.0577778</stack-size>
<stack-size id="17908">0.0588096</stack-size>
<stack-size id="18392">0.0619048</stack-size>
<stack-size id="18876">0.0588096</stack-size>
<stack-size id="19360">0.0557143</stack-size>
<stack-size id="19844">0.0495238</stack-size>
<stack-size id="20328">0.0526191</stack-size>
<stack-size id="20812">0.0484921</stack-size>
<stack-size id="21296">0.0546826</stack-size>
<stack-size id="21780">0.0515873</stack-size>
<stack-size id="22264">0.0505556</stack-size>
<stack-size id="22748">0.0433334</stack-size>
<stack-size id="23232">0.0557143</stack-size>
<stack-size id="23716">0.0536508</stack-size>
<stack-size id="24200">0.0546826</stack-size>
<stack-size id="24684">0.0505556</stack-size>
<stack-size id="25168">0.0443651</stack-size>
<stack-size id="25652">0.0546826</stack-size>
<stack-size id="26136">0.0453969</stack-size>
<stack-size id="26620">0.0546826</stack-size>
<stack-size id="27104">0.0567461</stack-size>
<stack-size id="27588">0.0495238</stack-size>
<stack-size id="28072">0.0495238</stack-size>
<stack-size id="28556">0.0464286</stack-size>
<stack-size id="29040">0.0526191</stack-size>
<stack-size id="29524">0.0515873</stack-size>
<stack-size id="30008">0.0464286</stack-size>
<stack-size id="30492">0.0495238</stack-size>
<stack-size id="30976">0.0464286</stack-size>
<stack-size id="31460">0.0423016</stack-size>
<stack-size id="31944">0.0433334</stack-size>
<stack-size id="32428">0.0546826</stack-size>
<stack-size id="32912">0.0464286</stack-size>
<stack-size id="33396">0.0423016</stack-size>
<stack-size id="33880">0.0464286</stack-size>
<stack-size id="34364">0.0433334</stack-size>
<stack-size id="34848">0.0474604</stack-size>
<stack-size id="35332">0.0464286</stack-size>
<stack-size id="35816">0.0474604</stack-size>
<stack-size id="36300">0.0484921</stack-size>
<stack-size id="36784">0.0392064</stack-size>
<stack-size id="37268">0.0536508</stack-size>
<stack-size id="37752">0.0515873</stack-size>
<stack-size id="38236">0.0402381</stack-size>
<stack-size id="38720">0.0484921</stack-size>
<stack-size id="39204">0.0423016</stack-size>
<stack-size id="39688">0.0381746</stack-size>
<stack-size id="40172">0.0443651</stack-size>
<stack-size id="40656">0.0453969</stack-size>
<stack-size id="41140">0.0392064</stack-size>
<stack-size id="41624">0.0392064</stack-size>
<stack-size id="42108">0.0443651</stack-size>
<stack-size id="42592">0.0423016</stack-size>
<stack-size id="43076">0.0278572</stack-size>
<stack-size id="43560">0.0299207</stack-size>
<stack-size id="44044">0.0371429</stack-size>
<stack-size id="44528">0.0402381</stack-size>
<stack-size id="45012">0.0412699</stack-size>
<stack-size id="45496">0.0423016</stack-size>
<stack-size id="45980">0.0392064</stack-size>
<stack-size id="46464">0.0412699</stack-size>
<stack-size id="46948">0.0402381</stack-size>
<stack-size id="47432">0.0392064</stack-size>
<stack-size id="47916">0.0443651</stack-size>
<stack-size id="48400">0.0350794</stack-size>
<stack-size id="48884">0.0423016</stack-size>
<stack-size id="49368">0.0381746</stack-size>
<stack-size id="49852">0.0443651</stack-size>
<stack-size id="50336">0.0309524</stack-size>
<stack-size id="50820">0.0330159</stack-size>
<stack-size id="51304">0.0402381</stack-size>
<stack-size id="51788">0.0330159</stack-size>
<stack-size id="52272">0.0412699</stack-size>
<stack-size id="52756">0.0381746</stack-size>
<stack-size id="53240">0.0371429</stack-size>
<stack-size id="53724">0.0288889</stack-size>
<stack-size id="54208">0.0319842</stack-size>
<stack-size id="54692">0.0237302</stack-size>
<stack-size id="55176">0.0299207</stack-size>
<stack-size id="55660">0.0330159</stack-size>
<stack-size id="56144">0.0484921</stack-size>
<stack-size id="56628">0.0350794</stack-size>
<stack-size id="57112">0.0402381</stack-size>
<stack-size id="57596">0.0361111</stack-size>
<stack-size id="58080">0.0350794</stack-size>
<stack-size id="58564">0.0340476</stack-size>
<stack-size id="59048">0.0371429</stack-size>
<stack-size id="59532">0.0371429</stack-size>
<stack-size id="60016">0.0309524</stack-size>
<stack-size id="60500">0.0412699</stack-size>
<stack-size id="60984">0.0340476</stack-size>
<stack-size id="61468">0.0319842</stack-size>
<stack-size id="61952">0.0443651</stack-size>
<stack-size id="62436">0.0319842</stack-size>
<stack-size id="62920">0.0402381</stack-size>
<stack-size id="63404">0.0309524</stack-size>
<stack-size id="63888">0.0350794</stack-size>
<stack-size id="64372">0.0299207</stack-size>
<stack-size id="64856">0.0299207</stack-size>
<stack-size id="65340">0.0226984</stack-size>
<stack-size id="65824">0.0268254</stack-size>
<stack-size id="66308">0.0268254</stack-size>
<stack-size id="66792">0.0237302</stack-size>
<stack-size id="67276">0.0268254</stack-size>
<stack-size id="67760">0.0330159</stack-size>
<stack-size id="68244">0.0299207</stack-size>
<stack-size id="68728">0.0165079</stack-size>
<stack-size id="69212">0.0247619</stack-size>
<stack-size id="69696">0.0319842</stack-size>
<stack-size id="70180">0.0299207</stack-size>
<stack-size id="70664">0.0309524</stack-size>
<stack-size id="71148">0.0216667</stack-size>
<stack-size id="71632">0.0319842</stack-size>
<stack-size id="72116">0.0319842</stack-size>
<stack-size id="72600">0.0319842</stack-size>
<stack-size id="73084">0.0268254</stack-size>
<stack-size id="73568">0.0237302</stack-size>
<stack-size id="74052">0.0361111</stack-size>
<stack-size id="74536">0.0278572</stack-size>
<stack-size id="75020">0.0361111</stack-size>
<stack-size id="75504">0.0165079</stack-size>
<stack-size id="75988">0.0216667</stack-size>
<stack-size id="76472">0.0361111</stack-size>
<stack-size id="76956">0.0288889</stack-size>
<stack-size id="77440">0.0299207</stack-size>
<stack-size id="77924">0.0247619</stack-size>
<stack-size id="78408">0.0237302</stack-size>
<stack-size id="78892">0.0216667</stack-size>
<stack-size id="79376">0.0247619</stack-size>
<stack-size id="79860">0.0165079</stack-size>
<stack-size id="80344">0.0206349</stack-size>
<stack-size id="80828">0.0154762</stack-size>
<stack-size id="81312">0.0175397</stack-size>
<stack-size id="81796">0.0247619</stack-size>
<stack-size id="82280">0.0257937</stack-size>
<stack-size id="82764">0.0103175</stack-size>
<stack-size id="83248">0.0299207</stack-size>
<stack-size id="83732">0.0309524</stack-size>
<stack-size id="84216">0.0206349</stack-size>
<stack-size id="84700">0.0309524</stack-size>
<stack-size id="85184">0.0206349</stack-size>
<stack-size id="85668">0.0216667</stack-size>
<stack-size id="86152">0.0288889</stack-size>
<stack-size id="86636">0.0237302</stack-size>
<stack-size id="87120">0.0175397</stack-size>
<stack-size id="87604">0.0185714</stack-size>
<stack-size id="88088">0.0319842</stack-size>
<stack-size id="88572">0.0175397</stack-size>
<stack-size id="89056">0.0185714</stack-size>
<stack-size id="89540">0.0288889</stack-size>
<stack-size id="90024">0.0237302</stack-size>
<stack-size id="90508">0.0278572</stack-size>
<stack-size id="90992">0.0206349</stack-size>
<stack-size id="91476">0.0185714</stack-size>
<stack-size id="91960">0.0144445</stack-size>
<stack-size id="92444">0.0206349</stack-size>
<stack-size id="92928">0.0113492</stack-size>
<stack-size id="93412">0.0165079</stack-size>
<stack-size id="93896">0.0144445</stack-size>
<stack-size id="94380">0.0144445</stack-size>
<stack-size id="94864">0.0144445</stack-size>
<stack-size id="95348">0.00928572</stack-size>
<stack-size id="95832">0.0154762</stack-size>
<stack-size id="96316">0.00412699</stack-size>
<stack-size id="96800">0.00928572</stack-size>
<max-stack>88</max-stack>
<front-edges>96922</front-edges>
<back-edges>0</back-edges>
<cross-edges>94438</cross-edges>
<shortest-cycle>-1</shortest-cycle>
</dfs-info>
<rw-info>
<coverage step="9680">5.42389</coverage>
<coverage step="19360">8.94112</coverage>
<coverage step="29040">11.764</coverage>
<coverage step="38720">14.2288</coverage>
<coverage step="48400">16.1778</coverage>
<coverage step="58080">17.8905</coverage>
<coverage step="67760">19.6197</coverage>
<coverage step="77440">21.1364</coverage>
<coverage step="87120">22.3714</coverage>
<coverage step="96800">23.5785</coverage>
<coverage step="106480">24.763</coverage>
<coverage step="116160">25.8133</coverage>
<coverage step="125840">26.8688</coverage>
<coverage step="135520">27.8592</coverage>
<coverage step="145200">28.7723</coverage>
<coverage step="154880">29.6235</coverage>
<coverage step="164560">30.3695</coverage>
<coverage step="174240">31.1257</coverage>
<coverage step="183920">31.8521</coverage>
<coverage step="193600">32.5372</coverage>
<coverage step="203280">33.1057</coverage>
<coverage step="212960">33.603</coverage>
<coverage step="222640">34.2148</coverage>
<coverage step="232320">34.8813</coverage>
<coverage step="242000">35.456</coverage>
<coverage step="251680">36.0214</coverage>
<coverage step="261360">36.4949</coverage>
<coverage step="271040">37.017</coverage>
<coverage step="280720">37.5298</coverage>
<coverage step="290400">38.0746</coverage>
<coverage step="300080">38.5574</coverage>
<coverage step="309760">39.0423</coverage>
<coverage step="319440">39.4953</coverage>
<coverage step="329120">39.9007</coverage>
<coverage step="338800">40.3145</coverage>
<coverage step="348480">40.7303</coverage>
<coverage step="358160">41.1492</coverage>
<coverage step="367840">41.5196</coverage>
<coverage step="377520">41.8827</coverage>
<coverage step="387200">42.2418</coverage>
<coverage step="396880">42.5441</coverage>
<coverage step="406560">42.9011</coverage>
<coverage step="416240">43.2137</coverage>
<coverage step="425920">43.5769</coverage>
<coverage step="435600">43.9153</coverage>
<coverage step="445280">44.2392</coverage>
<coverage step="454960">44.5188</coverage>
<coverage step="464640">44.7654</coverage>
<coverage step="474320">45.0564</coverage>
<coverage step="484000">45.3515</coverage>
<coverage step="493680">45.6146</coverage>
<coverage step="503360">45.8756</coverage>
<coverage step="513040">46.1604</coverage>
<coverage step="522720">46.4317</coverage>
<coverage step="532400">46.6711</coverage>
<coverage step="542080">46.9569</coverage>
<coverage step="551760">47.1942</coverage>
<coverage step="561440">47.4923</coverage>
<coverage step="571120">47.7431</coverage>
<coverage step="580800">48.0557</coverage>
<coverage step="590480">48.3023</coverage>
<coverage step="600160">48.5344</coverage>
<coverage step="609840">48.7531</coverage>
<coverage step="619520">48.9574</coverage>
<coverage step="629200">49.1576</coverage>
<coverage step="638880">49.4073</coverage>
<coverage step="648560">49.6115</coverage>
<coverage step="658240">49.8117</coverage>
<coverage step="667920">50.0036</coverage>
<coverage step="677600">50.1697</coverage>
<coverage step="687280">50.3431</coverage>
<coverage step="696960">50.5133</coverage>
<coverage step="706640">50.7155</coverage>
<coverage step="716320">50.8888</coverage>
<coverage step="726000">51.0766</coverage>
<coverage step="735680">51.2582</coverage>
<coverage step="745360">51.4274</coverage>
<coverage step="755040">51.6627</coverage>
<coverage step="764720">51.8896</coverage>
<coverage step="774400">52.0403</coverage>
<coverage step="784080">52.2033</coverage>
<coverage step="793760">52.3787</coverage>
<coverage step="803440">52.5634</coverage>
<coverage step="813120">52.714</coverage>
<coverage step="822800">52.8502</coverage>
<coverage step="832480">53.0246</coverage>
<coverage step="842160">53.1917</coverage>
<coverage step="851840">53.3341</coverage>
<coverage step="861520">53.4847</coverage>
<coverage step="871200">53.6457</coverage>
<coverage step="880880">53.7922</coverage>
<coverage step="890560">53.9769</coverage>
<coverage step="900240">54.143</coverage>
<coverage step="909920">54.2916</coverage>
<coverage step="919600">54.4308</coverage>
<coverage step="929280">54.5567</coverage>
<coverage step="938960">54.7084</coverage>
<coverage step="948640">54.8817</coverage>
<coverage step="958320">55.0354</coverage>
<coverage step="968000">55.1489</coverage>
<rw-visits order="1">43555</rw-visits>
<rw-visits order="267">576</rw-visits>
<rw-visits order="533">265</rw-visits>
<rw-visits order="799">169</rw-visits>
<rw-visits order="1065">116</rw-visits>
<rw-visits order="1331">95</rw-visits>
<rw-visits order="1597">79</rw-visits>
<rw-visits order="1863">69</rw-visits>
<rw-visits order="2129">63</rw-visits>
<rw-visits order="2395">58</rw-visits>
<rw-visits order="2661">54</rw-visits>
<rw-visits order="2927">50</rw-visits>
<rw-visits order="3193">46</rw-visits>
<rw-visits order="3459">43</rw-visits>
<rw-visits order="3725">40</rw-visits>
<rw-visits order="3991">37</rw-visits>
<rw-visits order="4257">35</rw-visits>
<rw-visits order="4523">32</rw-visits>
<rw-visits order="4789">30</rw-visits>
<rw-visits order="5055">29</rw-visits>
<rw-visits order="5321">28</rw-visits>
<rw-visits order="5587">26</rw-visits>
<rw-visits order="5853">25</rw-visits>
<rw-visits order="6119">24</rw-visits>
<rw-visits order="6385">23</rw-visits>
<rw-visits order="6651">23</rw-visits>
<rw-visits order="6917">22</rw-visits>
<rw-visits order="7183">21</rw-visits>
<rw-visits order="7449">20</rw-visits>
<rw-visits order="7715">19</rw-visits>
<rw-visits order="7981">19</rw-visits>
<rw-visits order="8247">18</rw-visits>
<rw-visits order="8513">18</rw-visits>
<rw-visits order="8779">17</rw-visits>
<rw-visits order="9045">17</rw-visits>
<rw-visits order="9311">16</rw-visits>
<rw-visits order="9577">16</rw-visits>
<rw-visits order="9843">15</rw-visits>
<rw-visits order="10109">15</rw-visits>
<rw-visits order="10375">14</rw-visits>
<rw-visits order="10641">14</rw-visits>
<rw-visits order="10907">14</rw-visits>
<rw-visits order="11173">13</rw-visits>
<rw-visits order="11439">13</rw-visits>
<rw-visits order="11705">13</rw-visits>
<rw-visits order="11971">12</rw-visits>
<rw-visits order="12237">12</rw-visits>
<rw-visits order="12503">12</rw-visits>
<rw-visits order="12769">12</rw-visits>
<rw-visits order="13035">11</rw-visits>
<rw-visits order="13301">11</rw-visits>
<rw-visits order="13567">11</rw-visits>
<rw-visits order="13833">11</rw-visits>
<rw-visits order="14099">10</rw-visits>
<rw-visits order="14365">10</rw-visits>
<rw-visits order="14631">10</rw-visits>
<rw-visits order="14897">10</rw-visits>
<rw-visits order="15163">9</rw-visits>
<rw-visits order="15429">9</rw-visits>
<rw-visits order="15695">9</rw-visits>
<rw-visits order="15961">9</rw-visits>
<rw-visits order="16227">9</rw-visits>
<rw-visits order="16493">8</rw-visits>
<rw-visits order="16759">8</rw-visits>
<rw-visits order="17025">8</rw-visits>
<rw-visits order="17291">8</rw-visits>
<rw-visits order="17557">8</rw-visits>
<rw-visits order="17823">7</rw-visits>
<rw-visits order="18089">7</rw-visits>
<rw-visits order="18355">7</rw-visits>
<rw-visits order="18621">7</rw-visits>
<rw-visits order="18887">7</rw-visits>
<rw-visits order="19153">7</rw-visits>
<rw-visits order="19419">7</rw-visits>
<rw-visits order="19685">6</rw-visits>
<rw-visits order="19951">6</rw-visits>
<rw-visits order="20217">6</rw-visits>
<rw-visits order="20483">6</rw-visits>
<rw-visits order="20749">6</rw-visits>
<rw-visits order="21015">6</rw-visits>
<rw-visits order="21281">6</rw-visits>
<rw-visits order="21547">6</rw-visits>
<rw-visits order="21813">5</rw-visits>
<rw-visits order="22079">5</rw-visits>
<rw-visits order="22345">5</rw-visits>
<rw-visits order="22611">5</rw-visits>
<rw-visits order="22877">5</rw-visits>
<rw-visits order="23143">5</rw-visits>
<rw-visits order="23409">5</rw-visits>
<rw-visits order="23675">5</rw-visits>
<rw-visits order="23941">5</rw-visits>
<rw-visits order="24207">5</rw-visits>
<rw-visits order="24473">4</rw-visits>
<rw-visits order="24739">4</rw-visits>
<rw-visits order="25005">4</rw-visits>
<rw-visits order="25271">4</rw-visits>
<rw-visits order="25537">4</rw-visits>
<rw-visits order="25803">4</rw-visits>
<rw-visits order="26069">4</rw-visits>
<rw-visits order="26335">4</rw-visits>
<rw-visits order="26601">4</rw-visits>
<rw-visits order="26867">4</rw-visits>
<rw-visits order="27133">4</rw-visits>
<rw-visits order="27399">4</rw-visits>
<rw-visits order="27665">4</rw-visits>
<rw-visits order="27931">4</rw-visits>
<rw-visits order="28197">3</rw-visits>
<rw-visits order="28463">3</rw-visits>
<rw-visits order="28729">3</rw-visits>
<rw-visits order="28995">3</rw-visits>
<rw-visits order="29261">3</rw-visits>
<rw-visits order="29527">3</rw-visits>
<rw-visits order="29793">3</rw-visits>
<rw-visits order="30059">3</rw-visits>
<rw-visits order="30325">3</rw-visits>
<rw-visits order="30591">3</rw-visits>
<rw-visits order="30857">3</rw-visits>
<rw-visits order="31123">3</rw-visits>
<rw-visits order="31389">3</rw-visits>
<rw-visits order="31655">3</rw-visits>
<rw-visits order="31921">3</rw-visits>
<rw-visits order="32187">3</rw-visits>
<rw-visits order="32453">3</rw-visits>
<rw-visits order="32719">3</rw-visits>
<rw-visits order="32985">2</rw-visits>
<rw-visits order="33251">2</rw-visits>
<rw-visits order="33517">2</rw-visits>
<rw-visits order="33783">2</rw-visits>
<rw-visits order="34049">2</rw-visits>
<rw-visits order="34315">2</rw-visits>
<rw-visits order="34581">2</rw-visits>
<rw-visits order="34847">2</rw-visits>
<rw-visits order="35113">2</rw-visits>
<rw-visits order="35379">2</rw-visits>
<rw-visits order="35645">2</rw-visits>
<rw-visits order="35911">2</rw-visits>
<rw-visits order="36177">2</rw-visits>
<rw-visits order="36443">2</rw-visits>
<rw-visits order="36709">2</rw-visits>
<rw-visits order="36975">2</rw-visits>
<rw-visits order="37241">2</rw-visits>
<rw-visits order="37507">2</rw-visits>
<rw-visits order="37773">2</rw-visits>
<rw-visits order="38039">2</rw-visits>
<rw-visits order="38305">2</rw-visits>
<rw-visits order="38571">2</rw-visits>
<rw-visits order="38837">2</rw-visits>
<rw-visits order="39103">2</rw-visits>
<rw-visits order="39369">2</rw-visits>
<rw-visits order="39635">2</rw-visits>
<rw-visits order="39901">2</rw-visits>
<rw-visits order="40167">2</rw-visits>
<rw-visits order="40433">1</rw-visits>
<rw-visits order="40699">1</rw-visits>
<rw-visits order="40965">1</rw-visits>
<rw-visits order="41231">1</rw-visits>
<rw-visits order="41497">1</rw-visits>
<rw-visits order="41763">1</rw-visits>
<rw-visits order="42029">1</rw-visits>
<rw-visits order="42295">1</rw-visits>
<rw-visits order="42561">1</rw-visits>
<rw-visits order="42827">1</rw-visits>
<rw-visits order="43093">1</rw-visits>
<rw-visits order="43359">1</rw-visits>
<rw-visits order="43625">1</rw-visits>
<rw-visits order="43891">1</rw-visits>
<rw-visits order="44157">1</rw-visits>
<rw-visits order="44423">1</rw-visits>
<rw-visits order="44689">1</rw-visits>
<rw-visits order="44955">1</rw-visits>
<rw-visits order="45221">1</rw-visits>
<rw-visits order="45487">1</rw-visits>
<rw-visits order="45753">1</rw-visits>
<rw-visits order="46019">1</rw-visits>
<rw-visits order="46285">1</rw-visits>
<rw-visits order="46551">1</rw-visits>
<rw-visits order="46817">1</rw-visits>
<rw-visits order="47083">1</rw-visits>
<rw-visits order="47349">1</rw-visits>
<rw-visits order="47615">1</rw-visits>
<rw-visits order="47881">1</rw-visits>
<rw-visits order="48147">1</rw-visits>
<rw-visits order="48413">1</rw-visits>
<rw-visits order="48679">1</rw-visits>
<rw-visits order="48945">1</rw-visits>
<rw-visits order="49211">1</rw-visits>
<rw-visits order="49477">1</rw-visits>
<rw-visits order="49743">1</rw-visits>
<rw-visits order="50009">1</rw-visits>
<rw-visits order="50275">1</rw-visits>
<rw-visits order="50541">1</rw-visits>
<rw-visits order="50807">1</rw-visits>
<rw-visits order="51073">1</rw-visits>
<rw-visits order="51339">1</rw-visits>
<rw-visits order="51605">1</rw-visits>
<rw-visits order="51871">1</rw-visits>
<rw-visits order="52137">1</rw-visits>
<rw-visits order="52403">1</rw-visits>
<rw-visits order="52669">1</rw-visits>
<rw-visits order="52935">1</rw-visits>
<rw-visits order="53201">1</rw-visits>
<final-coverage>55.1541</final-coverage>
</rw-info>
<local-info>
<diamonds>13.0114</diamonds>
<neighborhood k="4">29</neighborhood>
<clustering k="4">1.0307</clustering>
</local-info>
<label-info>
<edge-label id="0.2">28377</edge-label>
<edge-label id="0.3+1.1">1460</edge-label>
<edge-label id="0.3+1.3">1190</edge-label>
<edge-label id="0.3+2.1">1424</edge-label>
<edge-label id="0.3+2.3">1210</edge-label>
<edge-label id="0.3+3.1">1416</edge-label>
<edge-label id="0.3+3.3">1181</edge-label>
<edge-label id="0.3+4.1">1440</edge-label>
<edge-label id="0.3+4.3">1153</edge-label>
<edge-label id="0.3+5.1">1458</edge-label>
<edge-label id="0.3+5.3">1139</edge-label>
<edge-label id="0.3+6.1">1458</edge-label>
<edge-label id="0.3+6.3">1139</edge-label>
<edge-label id="0.4+1.1">1460</edge-label>
<edge-label id="0.4+1.3">1190</edge-label>
<edge-label id="0.4+2.1">1424</edge-label>
<edge-label id="0.4+2.3">1210</edge-label>
<edge-label id="0.4+3.1">1416</edge-label>
<edge-label id="0.4+3.3">1181</edge-label>
<edge-label id="0.4+4.1">1440</edge-label>
<edge-label id="0.4+4.3">1153</edge-label>
<edge-label id="0.4+5.1">1163</edge-label>
<edge-label id="0.4+5.3">918</edge-label>
<edge-label id="0.4+6.1">1163</edge-label>
<edge-label id="0.4+6.3">918</edge-label>
<edge-label id="0.5+1.1">4294</edge-label>
<edge-label id="0.5+1.3">3752</edge-label>
<edge-label id="0.5+2.1">3570</edge-label>
<edge-label id="0.5+2.3">3181</edge-label>
<edge-label id="0.5+3.1">2860</edge-label>
<edge-label id="0.5+3.3">2412</edge-label>
<edge-label id="0.5+4.1">2472</edge-label>
<edge-label id="0.5+4.3">1921</edge-label>
<edge-label id="0.5+5.1">2013</edge-label>
<edge-label id="0.5+5.3">1527</edge-label>
<edge-label id="0.5+6.1">2013</edge-label>
<edge-label id="0.5+6.3">1527</edge-label>
<edge-label id="1.0+0.0">2460</edge-label>
<edge-label id="1.0+0.1">6950</edge-label>
<edge-label id="1.2+0.0">2472</edge-label>
<edge-label id="1.2+0.1">5473</edge-label>
<edge-label id="2.0+0.0">2358</edge-label>
<edge-label id="2.0+0.1">6735</edge-label>
<edge-label id="2.2+0.0">2468</edge-label>
<edge-label id="2.2+0.1">5503</edge-label>
<edge-label id="3.0+0.0">2279</edge-label>
<edge-label id="3.0+0.1">6624</edge-label>
<edge-label id="3.2+0.0">2417</edge-label>
<edge-label id="3.2+0.1">5443</edge-label>
<edge-label id="4.0+0.0">2284</edge-label>
<edge-label id="4.0+0.1">6663</edge-label>
<edge-label id="4.2+0.0">2375</edge-label>
<edge-label id="4.2+0.1">5379</edge-label>
<edge-label id="5.0+0.0">2288</edge-label>
<edge-label id="5.0+0.1">6674</edge-label>
<edge-label id="5.2+0.0">2344</edge-label>
<edge-label id="5.2+0.1">5321</edge-label>
<edge-label id="6.0+0.0">2288</edge-label>
<edge-label id="6.0+0.1">6674</edge-label>
<edge-label id="6.2+0.0">2344</edge-label>
<edge-label id="6.2+0.1">5321</edge-label>
<state-labels procid="0">
<label id="[0,0,0]">42</label>
<label id="[0,0,1]">58</label>
<label id="[10,0,0]">42</label>
<label id="[10,0,1]">58</label>
<label id="[10,1,0]">7</label>
<label id="[10,1,1]">9</label>
<label id="[10,1,2]">2</label>
<label id="[100,0,0]">107</label>
<label id="[100,0,1]">540</label>
<label id="[100,0,2]">1007</label>
<label id="[100,0,3]">935</label>
<label id="[100,0,4]">256</label>
<label id="[100,0,5]">21</label>
<label id="[100,1,0]">117</label>
<label id="[100,1,1]">566</label>
<label id="[100,1,2]">1070</label>
<label id="[100,1,3]">937</label>
<label id="[100,1,4]">252</label>
<label id="[100,1,5]">18</label>
<label id="[105,0,0]">107</label>
<label id="[105,0,1]">511</label>
<label id="[105,0,2]">1047</label>
<label id="[105,0,3]">996</label>
<label id="[105,0,4]">296</label>
<label id="[105,0,5]">28</label>
<label id="[105,1,0]">113</label>
<label id="[105,1,1]">574</label>
<label id="[105,1,2]">1087</label>
<label id="[105,1,3]">976</label>
<label id="[105,1,4]">298</label>
<label id="[105,1,5]">22</label>
<label id="[110,0,0]">107</label>
<label id="[110,0,1]">540</label>
<label id="[110,0,2]">1088</label>
<label id="[110,0,3]">1048</label>
<label id="[110,0,4]">334</label>
<label id="[110,0,5]">35</label>
<label id="[110,1,0]">117</label>
<label id="[110,1,1]">586</label>
<label id="[110,1,2]">1112</label>
<label id="[110,1,3]">1010</label>
<label id="[110,1,4]">333</label>
<label id="[110,1,5]">25</label>
<label id="[115,0,0]">107</label>
<label id="[115,0,1]">540</label>
<label id="[115,0,2]">1088</label>
<label id="[115,0,3]">1065</label>
<label id="[115,0,4]">387</label>
<label id="[115,0,5]">39</label>
<label id="[115,1,0]">117</label>
<label id="[115,1,1]">596</label>
<label id="[115,1,2]">1122</label>
<label id="[115,1,3]">1031</label>
<label id="[115,1,4]">459</label>
<label id="[115,1,5]">54</label>
<label id="[115,1,6]">2</label>
<label id="[120,0,0]">107</label>
<label id="[120,0,1]">540</label>
<label id="[120,0,2]">1088</label>
<label id="[120,0,3]">1079</label>
<label id="[120,0,4]">437</label>
<label id="[120,0,5]">47</label>
<label id="[120,1,0]">121</label>
<label id="[120,1,1]">600</label>
<label id="[120,1,2]">1128</label>
<label id="[120,1,3]">1052</label>
<label id="[120,1,4]">480</label>
<label id="[120,1,5]">57</label>
<label id="[120,1,6]">2</label>
<label id="[125,0,0]">107</label>
<label id="[125,0,1]">540</label>
<label id="[125,0,2]">1088</label>
<label id="[125,0,3]">1093</label>
<label id="[125,0,4]">478</label>
<label id="[125,0,5]">51</label>
<label id="[125,1,0]">121</label>
<label id="[125,1,1]">600</label>
<label id="[125,1,2]">1128</label>
<label id="[125,1,3]">1052</label>
<label id="[125,1,4]">480</label>
<label id="[125,1,5]">69</label>
<label id="[125,1,6]">3</label>
<label id="[130,0,0]">107</label>
<label id="[130,0,1]">540</label>
<label id="[130,0,2]">1088</label>
<label id="[130,0,3]">1100</label>
<label id="[130,0,4]">501</label>
<label id="[130,0,5]">54</label>
<label id="[130,1,0]">121</label>
<label id="[130,1,1]">600</label>
<label id="[130,1,2]">1128</label>
<label id="[130,1,3]">1060</label>
<label id="[130,1,4]">507</label>
<label id="[130,1,5]">72</label>
<label id="[130,1,6]">3</label>
<label id="[135,0,0]">107</label>
<label id="[135,0,1]">540</label>
<label id="[135,0,2]">1088</label>
<label id="[135,0,3]">1100</label>
<label id="[135,0,4]">525</label>
<label id="[135,0,5]">61</label>
<label id="[135,1,0]">121</label>
<label id="[135,1,1]">600</label>
<label id="[135,1,2]">1128</label>
<label id="[135,1,3]">1060</label>
<label id="[135,1,4]">507</label>
<label id="[135,1,5]">84</label>
<label id="[135,1,6]">4</label>
<label id="[140,0,0]">107</label>
<label id="[140,0,1]">540</label>
<label id="[140,0,2]">1088</label>
<label id="[140,0,3]">1100</label>
<label id="[140,0,4]">551</label>
<label id="[140,0,5]">68</label>
<label id="[140,1,0]">121</label>
<label id="[140,1,1]">600</label>
<label id="[140,1,2]">1128</label>
<label id="[140,1,3]">1060</label>
<label id="[140,1,4]">507</label>
<label id="[140,1,5]">84</label>
<label id="[140,1,6]">4</label>
<label id="[15,0,1]">41</label>
<label id="[15,0,2]">38</label>
<label id="[15,1,0]">2</label>
<label id="[15,1,1]">1</label>
<label id="[20,0,0]">55</label>
<label id="[20,0,1]">89</label>
<label id="[20,0,2]">38</label>
<label id="[20,1,0]">19</label>
<label id="[20,1,1]">26</label>
<label id="[20,1,2]">6</label>
<label id="[25,0,1]">82</label>
<label id="[25,0,2]">73</label>
<label id="[25,1,0]">21</label>
<label id="[25,1,1]">27</label>
<label id="[25,1,2]">6</label>
<label id="[30,0,0]">55</label>
<label id="[30,0,1]">166</label>
<label id="[30,0,2]">107</label>
<label id="[30,1,0]">59</label>
<label id="[30,1,1]">97</label>
<label id="[30,1,2]">23</label>
<label id="[35,0,1]">207</label>
<label id="[35,0,2]">179</label>
<label id="[35,1,0]">32</label>
<label id="[35,1,1]">55</label>
<label id="[35,1,2]">22</label>
<label id="[35,1,3]">2</label>
<label id="[40,0,0]">68</label>
<label id="[40,0,1]">283</label>
<label id="[40,0,2]">234</label>
<label id="[40,0,3]">22</label>
<label id="[40,1,0]">71</label>
<label id="[40,1,1]">158</label>
<label id="[40,1,2]">69</label>
<label id="[40,1,3]">7</label>
<label id="[45,0,1]">218</label>
<label id="[45,0,2]">258</label>
<label id="[45,0,3]">61</label>
<label id="[45,1,0]">59</label>
<label id="[45,1,1]">222</label>
<label id="[45,1,2]">140</label>
<label id="[45,1,3]">20</label>
<label id="[5,1,0]">2</label>
<label id="[5,1,1]">1</label>
<label id="[50,0,0]">81</label>
<label id="[50,0,1]">324</label>
<label id="[50,0,2]">396</label>
<label id="[50,0,3]">138</label>
<label id="[50,1,0]">80</label>
<label id="[50,1,1]">276</label>
<label id="[50,1,2]">180</label>
<label id="[50,1,3]">25</label>
<label id="[55,0,0]">68</label>
<label id="[55,0,1]">336</label>
<label id="[55,0,2]">604</label>
<label id="[55,0,3]">285</label>
<label id="[55,1,0]">69</label>
<label id="[55,1,1]">330</label>
<label id="[55,1,2]">234</label>
<label id="[55,1,3]">34</label>
<label id="[60,0,0]">107</label>
<label id="[60,0,1]">408</label>
<label id="[60,0,2]">567</label>
<label id="[60,0,3]">225</label>
<label id="[60,1,0]">89</label>
<label id="[60,1,1]">415</label>
<label id="[60,1,2]">341</label>
<label id="[60,1,3]">61</label>
<label id="[60,1,4]">2</label>
<label id="[65,0,0]">68</label>
<label id="[65,0,1]">380</label>
<label id="[65,0,2]">700</label>
<label id="[65,0,3]">302</label>
<label id="[65,0,4]">10</label>
<label id="[65,1,0]">89</label>
<label id="[65,1,1]">433</label>
<label id="[65,1,2]">536</label>
<label id="[65,1,3]">151</label>
<label id="[65,1,4]">12</label>
<label id="[70,0,0]">107</label>
<label id="[70,0,1]">419</label>
<label id="[70,0,2]">733</label>
<label id="[70,0,3]">405</label>
<label id="[70,0,4]">68</label>
<label id="[70,1,0]">97</label>
<label id="[70,1,1]">472</label>
<label id="[70,1,2]">605</label>
<label id="[70,1,3]">163</label>
<label id="[70,1,4]">12</label>
<label id="[75,0,0]">81</label>
<label id="[75,0,1]">426</label>
<label id="[75,0,2]">799</label>
<label id="[75,0,3]">426</label>
<label id="[75,0,4]">84</label>
<label id="[75,1,0]">93</label>
<label id="[75,1,1]">461</label>
<label id="[75,1,2]">780</label>
<label id="[75,1,3]">354</label>
<label id="[75,1,4]">36</label>
<label id="[80,0,0]">107</label>
<label id="[80,0,1]">452</label>
<label id="[80,0,2]">867</label>
<label id="[80,0,3]">544</label>
<label id="[80,0,4]">119</label>
<label id="[80,1,0]">108</label>
<label id="[80,1,1]">510</label>
<label id="[80,1,2]">912</label>
<label id="[80,1,3]">462</label>
<label id="[80,1,4]">48</label>
<label id="[85,0,0]">81</label>
<label id="[85,0,1]">470</label>
<label id="[85,0,2]">912</label>
<label id="[85,0,3]">709</label>
<label id="[85,0,4]">176</label>
<label id="[85,1,0]">105</label>
<label id="[85,1,1]">514</label>
<label id="[85,1,2]">923</label>
<label id="[85,1,3]">561</label>
<label id="[85,1,4]">60</label>
<label id="[90,0,0]">107</label>
<label id="[90,0,1]">529</label>
<label id="[90,0,2]">957</label>
<label id="[90,0,3]">786</label>
<label id="[90,0,4]">176</label>
<label id="[90,1,0]">112</label>
<label id="[90,1,1]">541</label>
<label id="[90,1,2]">997</label>
<label id="[90,1,3]">743</label>
<label id="[90,1,4]">126</label>
<label id="[90,1,5]">6</label>
<label id="[95,0,0]">107</label>
<label id="[95,0,1]">511</label>
<label id="[95,0,2]">978</label>
<label id="[95,0,3]">869</label>
<label id="[95,0,4]">209</label>
<label id="[95,0,5]">10</label>
<label id="[95,1,0]">107</label>
<label id="[95,1,1]">556</label>
<label id="[95,1,2]">1038</label>
<label id="[95,1,3]">847</label>
<label id="[95,1,4]">206</label>
<label id="[95,1,5]">14</label>
</state-labels><state-labels procid="1">
<label id="[0,0,0]">1944</label>
<label id="[0,0,10]">1598</label>
<label id="[0,0,20]">1370</label>
<label id="[0,0,25]">1202</label>
<label id="[0,0,30]">1044</label>
<label id="[0,0,5]">1779</label>
<label id="[1,10,0]">1038</label>
<label id="[1,10,10]">895</label>
<label id="[1,10,20]">734</label>
<label id="[1,10,25]">646</label>
<label id="[1,10,30]">559</label>
<label id="[1,10,5]">954</label>
<label id="[1,20,0]">1014</label>
<label id="[1,20,10]">829</label>
<label id="[1,20,20]">768</label>
<label id="[1,20,25]">625</label>
<label id="[1,20,30]">538</label>
<label id="[1,20,5]">922</label>
<label id="[1,25,0]">1010</label>
<label id="[1,25,10]">821</label>
<label id="[1,25,20]">710</label>
<label id="[1,25,25]">672</label>
<label id="[1,25,30]">531</label>
<label id="[1,25,5]">915</label>
<label id="[1,30,0]">1992</label>
<label id="[1,30,10]">1636</label>
<label id="[1,30,20]">1414</label>
<label id="[1,30,25]">1260</label>
<label id="[1,30,30]">1146</label>
<label id="[1,30,5]">1816</label>
<label id="[1,5,0]">1050</label>
<label id="[1,5,10]">874</label>
<label id="[1,5,20]">750</label>
<label id="[1,5,25]">665</label>
<label id="[1,5,30]">580</label>
<label id="[1,5,5]">1013</label>
<label id="[2,10,20]">525</label>
<label id="[2,10,25]">527</label>
<label id="[2,10,30]">1052</label>
<label id="[2,10,5]">530</label>
<label id="[2,20,10]">525</label>
<label id="[2,20,25]">514</label>
<label id="[2,20,30]">1028</label>
<label id="[2,20,5]">530</label>
<label id="[2,25,10]">527</label>
<label id="[2,25,20]">514</label>
<label id="[2,25,30]">1022</label>
<label id="[2,25,5]">530</label>
<label id="[2,30,10]">1052</label>
<label id="[2,30,20]">1028</label>
<label id="[2,30,25]">1022</label>
<label id="[2,30,30]">516</label>
<label id="[2,30,5]">1060</label>
<label id="[2,5,10]">530</label>
<label id="[2,5,20]">530</label>
<label id="[2,5,25]">530</label>
<label id="[2,5,30]">1060</label>
<label id="[3,10,0]">1632</label>
<label id="[3,10,10]">895</label>
<label id="[3,10,20]">734</label>
<label id="[3,10,25]">646</label>
<label id="[3,10,30]">559</label>
<label id="[3,10,5]">1569</label>
<label id="[3,20,0]">2191</label>
<label id="[3,20,10]">1504</label>
<label id="[3,20,20]">768</label>
<label id="[3,20,25]">625</label>
<label id="[3,20,30]">538</label>
<label id="[3,20,5]">1569</label>
<label id="[3,25,0]">2732</label>
<label id="[3,25,10]">1507</label>
<label id="[3,25,20]">1422</label>
<label id="[3,25,25]">672</label>
<label id="[3,25,30]">531</label>
<label id="[3,25,5]">1569</label>
<label id="[3,30,0]">5471</label>
<label id="[3,30,10]">2749</label>
<label id="[3,30,20]">2587</label>
<label id="[3,30,25]">2498</label>
<label id="[3,30,30]">1682</label>
<label id="[3,30,5]">2875</label>
<label id="[3,5,0]">1050</label>
<label id="[3,5,10]">874</label>
<label id="[3,5,20]">750</label>
<label id="[3,5,25]">665</label>
<label id="[3,5,30]">580</label>
<label id="[3,5,5]">1013</label>
</state-labels><state-labels procid="2">
<label id="[0]">43435</label>
<label id="[1]">10504</label>
<label id="[2]">33550</label>
<label id="[3]">9434</label>
</state-labels><state-labels procid="3">
<label id="[0]">43005</label>
<label id="[1]">9730</label>
<label id="[2]">35163</label>
<label id="[3]">9025</label>
</state-labels><state-labels procid="4">
<label id="[0]">43642</label>
<label id="[1]">9156</label>
<label id="[2]">35732</label>
<label id="[3]">8393</label>
</state-labels><state-labels procid="5">
<label id="[0]">44613</label>
<label id="[1]">8842</label>
<label id="[2]">35638</label>
<label id="[3]">7830</label>
</state-labels><state-labels procid="6">
<label id="[0]">45891</label>
<label id="[1]">8050</label>
<label id="[2]">35920</label>
<label id="[3]">7062</label>
</state-labels><state-labels procid="7">
<label id="[0]">45891</label>
<label id="[1]">8050</label>
<label id="[2]">35920</label>
<label id="[3]">7062</label>
</state-labels></label-info>
</state-space-info>
