<?xml version="1.0"?>
<!DOCTYPE state-space-info SYSTEM "../../state_space_info.dtd">


<state-space-info>
<states>30772</states>
<edges>53247</edges>
<bfs-info>
 <levels>130</levels>
<max-level>714</max-level>

<back-level-edges>2874</back-level-edges>
<max-back-level-edge>20</max-back-level-edge>
<avg-back-level-edge>19.2255</avg-back-level-edge>
<bfs-levels>
<level id="0"><states>1</states><edges>3</edges></level>
<level id="1"><states>3</states><edges>3</edges></level>
<level id="2"><states>3</states><edges>3</edges></level>
<level id="3"><states>3</states><edges>3</edges></level>
<level id="4"><states>3</states><edges>3</edges></level>
<level id="5"><states>3</states><edges>6</edges></level>
<level id="6"><states>6</states><edges>9</edges></level>
<level id="7"><states>6</states><edges>6</edges></level>
<level id="8"><states>6</states><edges>6</edges></level>
<level id="9"><states>6</states><edges>3</edges></level>
<level id="10"><states>3</states><edges>3</edges></level>
<level id="11"><states>3</states><edges>3</edges></level>
<level id="12"><states>3</states><edges>3</edges></level>
<level id="13"><states>3</states><edges>3</edges></level>
<level id="14"><states>3</states><edges>6</edges></level>
<level id="15"><states>6</states><edges>9</edges></level>
<level id="16"><states>6</states><edges>12</edges></level>
<level id="17"><states>9</states><edges>18</edges></level>
<level id="18"><states>9</states><edges>12</edges></level>
<level id="19"><states>6</states><edges>9</edges></level>
<level id="20"><states>6</states><edges>9</edges></level>
<level id="21"><states>6</states><edges>9</edges></level>
<level id="22"><states>6</states><edges>9</edges></level>
<level id="23"><states>6</states><edges>9</edges></level>
<level id="24"><states>6</states><edges>12</edges></level>
<level id="25"><states>9</states><edges>21</edges></level>
<level id="26"><states>15</states><edges>27</edges></level>
<level id="27"><states>21</states><edges>42</edges></level>
<level id="28"><states>36</states><edges>63</edges></level>
<level id="29"><states>51</states><edges>81</edges></level>
<level id="30"><states>63</states><edges>123</edges></level>
<level id="31"><states>84</states><edges>171</edges></level>
<level id="32"><states>108</states><edges>222</edges></level>
<level id="33"><states>123</states><edges>228</edges></level>
<level id="34"><states>114</states><edges>162</edges></level>
<level id="35"><states>93</states><edges>117</edges></level>
<level id="36"><states>87</states><edges>150</edges></level>
<level id="37"><states>123</states><edges>231</edges></level>
<level id="38"><states>153</states><edges>297</edges></level>
<level id="39"><states>183</states><edges>393</edges></level>
<level id="40"><states>216</states><edges>414</edges></level>
<level id="41"><states>204</states><edges>324</edges></level>
<level id="42"><states>186</states><edges>279</edges></level>
<level id="43"><states>189</states><edges>300</edges></level>
<level id="44"><states>204</states><edges>351</edges></level>
<level id="45"><states>222</states><edges>423</edges></level>
<level id="46"><states>270</states><edges>564</edges></level>
<level id="47"><states>309</states><edges>579</edges></level>
<level id="48"><states>285</states><edges>393</edges></level>
<level id="49"><states>207</states><edges>243</edges></level>
<level id="50"><states>177</states><edges>291</edges></level>
<level id="51"><states>231</states><edges>453</edges></level>
<level id="52"><states>321</states><edges>666</edges></level>
<level id="53"><states>369</states><edges>693</edges></level>
<level id="54"><states>339</states><edges>465</edges></level>
<level id="55"><states>246</states><edges>285</edges></level>
<level id="56"><states>204</states><edges>315</edges></level>
<level id="57"><states>276</states><edges>510</edges></level>
<level id="58"><states>369</states><edges>681</edges></level>
<level id="59"><states>432</states><edges>933</edges></level>
<level id="60"><states>531</states><edges>1047</edges></level>
<level id="61"><states>516</states><edges>825</edges></level>
<level id="62"><states>456</states><edges>714</edges></level>
<level id="63"><states>459</states><edges>702</edges></level>
<level id="64"><states>450</states><edges>720</edges></level>
<level id="65"><states>444</states><edges>822</edges></level>
<level id="66"><states>522</states><edges>1128</edges></level>
<level id="67"><states>651</states><edges>1284</edges></level>
<level id="68"><states>609</states><edges>933</edges></level>
<level id="69"><states>471</states><edges>582</edges></level>
<level id="70"><states>345</states><edges>498</edges></level>
<level id="71"><states>393</states><edges>765</edges></level>
<level id="72"><states>543</states><edges>1164</edges></level>
<level id="73"><states>696</states><edges>1410</edges></level>
<level id="74"><states>690</states><edges>1140</edges></level>
<level id="75"><states>561</states><edges>717</edges></level>
<level id="76"><states>384</states><edges>486</edges></level>
<level id="77"><states>378</states><edges>639</edges></level>
<level id="78"><states>486</states><edges>867</edges></level>
<level id="79"><states>579</states><edges>1143</edges></level>
<level id="80"><states>678</states><edges>1398</edges></level>
<level id="81"><states>714</states><edges>1299</edges></level>
<level id="82"><states>654</states><edges>1017</edges></level>
<level id="83"><states>573</states><edges>882</edges></level>
<level id="84"><states>561</states><edges>870</edges></level>
<level id="85"><states>528</states><edges>843</edges></level>
<level id="86"><states>516</states><edges>1014</edges></level>
<level id="87"><states>633</states><edges>1320</edges></level>
<level id="88"><states>705</states><edges>1281</edges></level>
<level id="89"><states>603</states><edges>804</edges></level>
<level id="90"><states>402</states><edges>462</edges></level>
<level id="91"><states>309</states><edges>504</edges></level>
<level id="92"><states>402</states><edges>849</edges></level>
<level id="93"><states>555</states><edges>1149</edges></level>
<level id="94"><states>594</states><edges>1104</edges></level>
<level id="95"><states>501</states><edges>678</edges></level>
<level id="96"><states>333</states><edges>375</edges></level>
<level id="97"><states>249</states><edges>381</edges></level>
<level id="98"><states>315</states><edges>561</edges></level>
<level id="99"><states>393</states><edges>711</edges></level>
<level id="100"><states>405</states><edges>834</edges></level>
<level id="101"><states>429</states><edges>819</edges></level>
<level id="102"><states>369</states><edges>585</edges></level>
<level id="103"><states>306</states><edges>471</edges></level>
<level id="104"><states>282</states><edges>429</edges></level>
<level id="105"><states>240</states><edges>369</edges></level>
<level id="106"><states>198</states><edges>354</edges></level>
<level id="107"><states>198</states><edges>429</edges></level>
<level id="108"><states>225</states><edges>417</edges></level>
<level id="109"><states>180</states><edges>252</edges></level>
<level id="110"><states>114</states><edges>123</edges></level>
<level id="111"><states>72</states><edges>105</edges></level>
<level id="112"><states>81</states><edges>165</edges></level>
<level id="113"><states>102</states><edges>204</edges></level>
<level id="114"><states>102</states><edges>186</edges></level>
<level id="115"><states>81</states><edges>111</edges></level>
<level id="116"><states>48</states><edges>54</edges></level>
<level id="117"><states>30</states><edges>48</edges></level>
<level id="118"><states>36</states><edges>72</edges></level>
<level id="119"><states>45</states><edges>87</edges></level>
<level id="120"><states>39</states><edges>84</edges></level>
<level id="121"><states>39</states><edges>72</edges></level>
<level id="122"><states>30</states><edges>42</edges></level>
<level id="123"><states>18</states><edges>33</edges></level>
<level id="124"><states>18</states><edges>33</edges></level>
<level id="125"><states>15</states><edges>27</edges></level>
<level id="126"><states>15</states><edges>30</edges></level>
<level id="127"><states>15</states><edges>33</edges></level>
<level id="128"><states>12</states><edges>24</edges></level>
<level id="129"><states>6</states><edges>6</edges></level>
</bfs-levels>
<back-level-length id="0">0</back-level-length>
<back-level-length id="1">0</back-level-length>
<back-level-length id="2">0</back-level-length>
<back-level-length id="3">0</back-level-length>
<back-level-length id="4">0</back-level-length>
<back-level-length id="5">0</back-level-length>
<back-level-length id="6">0</back-level-length>
<back-level-length id="7">0</back-level-length>
<back-level-length id="8">0</back-level-length>
<back-level-length id="9">0</back-level-length>
<back-level-length id="10">0</back-level-length>
<back-level-length id="11">0</back-level-length>
<back-level-length id="12">0</back-level-length>
<back-level-length id="13">0</back-level-length>
<back-level-length id="14">0</back-level-length>
<back-level-length id="15">0</back-level-length>
<back-level-length id="16">0</back-level-length>
<back-level-length id="17">0</back-level-length>
<back-level-length id="18">0</back-level-length>
<back-level-length id="19">77.453</back-level-length>
<back-level-length id="20">22.547</back-level-length>
</bfs-info>
<degrees>
<avg>1.73037</avg>
<max-in>6</max-in>
<max-out>4</max-out>
<degree id="0"><in>1</in><out>3</out></degree>
<degree id="1"><in>14487</in><out>12528</out></degree>
<degree id="2"><in>11205</in><out>14112</out></degree>
<degree id="3"><in>4104</in><out>4021</out></degree>
<degree id="4"><in>846</in><out>108</out></degree>
<degree id="5"><in>120</in><out>0</out></degree>
<degree id="6"><in>9</in><out>0</out></degree>
</degrees>
<scc-info>
<count>17464</count>
<height>133</height>
<nontrivial-height>9</nontrivial-height>
<trivial>17164</trivial>
<terminal>201</terminal>
<largest>62</largest>
<largest-position> </largest-position>
</scc-info>
<dfs-info>
<stack-size id="153">0.487456</stack-size>
<stack-size id="306">0.66619</stack-size>
<stack-size id="459">0.506954</stack-size>
<stack-size id="612">0.750682</stack-size>
<stack-size id="765">0.487456</stack-size>
<stack-size id="918">0.688938</stack-size>
<stack-size id="1071">0.487456</stack-size>
<stack-size id="1224">0.464708</stack-size>
<stack-size id="1377">0.653191</stack-size>
<stack-size id="1530">0.545951</stack-size>
<stack-size id="1683">0.727934</stack-size>
<stack-size id="1836">0.532952</stack-size>
<stack-size id="1989">0.386715</stack-size>
<stack-size id="2142">0.480957</stack-size>
<stack-size id="2295">0.435461</stack-size>
<stack-size id="2448">0.484206</stack-size>
<stack-size id="2601">0.399714</stack-size>
<stack-size id="2754">0.409463</stack-size>
<stack-size id="2907">0.253477</stack-size>
<stack-size id="3060">0.474457</stack-size>
<stack-size id="3213">0.438711</stack-size>
<stack-size id="3366">0.415963</stack-size>
<stack-size id="3519">0.233979</stack-size>
<stack-size id="3672">0.302223</stack-size>
<stack-size id="3825">0.302223</stack-size>
<stack-size id="3978">0.367217</stack-size>
<stack-size id="4131">0.539451</stack-size>
<stack-size id="4284">0.750682</stack-size>
<stack-size id="4437">0.523203</stack-size>
<stack-size id="4590">0.731184</stack-size>
<stack-size id="4743">0.464708</stack-size>
<stack-size id="4896">0.396464</stack-size>
<stack-size id="5049">0.399714</stack-size>
<stack-size id="5202">0.415963</stack-size>
<stack-size id="5355">0.705187</stack-size>
<stack-size id="5508">0.425712</stack-size>
<stack-size id="5661">0.321721</stack-size>
<stack-size id="5814">0.344469</stack-size>
<stack-size id="5967">0.406213</stack-size>
<stack-size id="6120">0.32822</stack-size>
<stack-size id="6273">0.373716</stack-size>
<stack-size id="6426">0.272975</stack-size>
<stack-size id="6579">0.347719</stack-size>
<stack-size id="6732">0.370467</stack-size>
<stack-size id="6885">0.263226</stack-size>
<stack-size id="7038">0.308722</stack-size>
<stack-size id="7191">0.253477</stack-size>
<stack-size id="7344">0.386715</stack-size>
<stack-size id="7497">0.523203</stack-size>
<stack-size id="7650">0.649942</stack-size>
<stack-size id="7803">0.578448</stack-size>
<stack-size id="7956">0.500455</stack-size>
<stack-size id="8109">0.373716</stack-size>
<stack-size id="8262">0.484206</stack-size>
<stack-size id="8415">0.461458</stack-size>
<stack-size id="8568">0.578448</stack-size>
<stack-size id="8721">0.438711</stack-size>
<stack-size id="8874">0.350968</stack-size>
<stack-size id="9027">0.399714</stack-size>
<stack-size id="9180">0.302223</stack-size>
<stack-size id="9333">0.419212</stack-size>
<stack-size id="9486">0.233979</stack-size>
<stack-size id="9639">0.33147</stack-size>
<stack-size id="9792">0.250227</stack-size>
<stack-size id="9945">0.263226</stack-size>
<stack-size id="10098">0.211231</stack-size>
<stack-size id="10251">0.0617444</stack-size>
<stack-size id="10404">0.474457</stack-size>
<stack-size id="10557">0.766931</stack-size>
<stack-size id="10710">0.532952</stack-size>
<stack-size id="10863">0.708436</stack-size>
<stack-size id="11016">0.568699</stack-size>
<stack-size id="11169">0.656441</stack-size>
<stack-size id="11322">0.55245</stack-size>
<stack-size id="11475">0.396464</stack-size>
<stack-size id="11628">0.643442</stack-size>
<stack-size id="11781">0.565449</stack-size>
<stack-size id="11934">0.614195</stack-size>
<stack-size id="12087">0.568699</stack-size>
<stack-size id="12240">0.44196</stack-size>
<stack-size id="12393">0.451709</stack-size>
<stack-size id="12546">0.44846</stack-size>
<stack-size id="12699">0.412713</stack-size>
<stack-size id="12852">0.376966</stack-size>
<stack-size id="13005">0.354218</stack-size>
<stack-size id="13158">0.22748</stack-size>
<stack-size id="13311">0.438711</stack-size>
<stack-size id="13464">0.32822</stack-size>
<stack-size id="13617">0.305473</stack-size>
<stack-size id="13770">0.22423</stack-size>
<stack-size id="13923">0.285974</stack-size>
<stack-size id="14076">0.259977</stack-size>
<stack-size id="14229">0.474457</stack-size>
<stack-size id="14382">0.656441</stack-size>
<stack-size id="14535">0.737684</stack-size>
<stack-size id="14688">0.623944</stack-size>
<stack-size id="14841">0.747433</stack-size>
<stack-size id="14994">0.597946</stack-size>
<stack-size id="15147">0.467958</stack-size>
<stack-size id="15300">0.532952</stack-size>
<stack-size id="15453">0.708436</stack-size>
<stack-size id="15606">0.571949</stack-size>
<stack-size id="15759">0.545951</stack-size>
<stack-size id="15912">0.311972</stack-size>
<stack-size id="16065">0.451709</stack-size>
<stack-size id="16218">0.438711</stack-size>
<stack-size id="16371">0.347719</stack-size>
<stack-size id="16524">0.376966</stack-size>
<stack-size id="16677">0.285974</stack-size>
<stack-size id="16830">0.370467</stack-size>
<stack-size id="16983">0.477707</stack-size>
<stack-size id="17136">0.250227</stack-size>
<stack-size id="17289">0.341219</stack-size>
<stack-size id="17442">0.285974</stack-size>
<stack-size id="17595">0.383465</stack-size>
<stack-size id="17748">0.500455</stack-size>
<stack-size id="17901">0.571949</stack-size>
<stack-size id="18054">0.623944</stack-size>
<stack-size id="18207">0.477707</stack-size>
<stack-size id="18360">0.380216</stack-size>
<stack-size id="18513">0.389965</stack-size>
<stack-size id="18666">0.396464</stack-size>
<stack-size id="18819">0.601196</stack-size>
<stack-size id="18972">0.367217</stack-size>
<stack-size id="19125">0.386715</stack-size>
<stack-size id="19278">0.409463</stack-size>
<stack-size id="19431">0.318471</stack-size>
<stack-size id="19584">0.308722</stack-size>
<stack-size id="19737">0.240478</stack-size>
<stack-size id="19890">0.305473</stack-size>
<stack-size id="20043">0.256727</stack-size>
<stack-size id="20196">0.263226</stack-size>
<stack-size id="20349">0.201482</stack-size>
<stack-size id="20502">0.0974912</stack-size>
<stack-size id="20655">0.383465</stack-size>
<stack-size id="20808">0.659691</stack-size>
<stack-size id="20961">0.529702</stack-size>
<stack-size id="21114">0.711686</stack-size>
<stack-size id="21267">0.545951</stack-size>
<stack-size id="21420">0.753932</stack-size>
<stack-size id="21573">0.571949</stack-size>
<stack-size id="21726">0.389965</stack-size>
<stack-size id="21879">0.536202</stack-size>
<stack-size id="22032">0.594696</stack-size>
<stack-size id="22185">0.581698</stack-size>
<stack-size id="22338">0.607695</stack-size>
<stack-size id="22491">0.396464</stack-size>
<stack-size id="22644">0.458209</stack-size>
<stack-size id="22797">0.415963</stack-size>
<stack-size id="22950">0.487456</stack-size>
<stack-size id="23103">0.412713</stack-size>
<stack-size id="23256">0.389965</stack-size>
<stack-size id="23409">0.256727</stack-size>
<stack-size id="23562">0.44196</stack-size>
<stack-size id="23715">0.454959</stack-size>
<stack-size id="23868">0.438711</stack-size>
<stack-size id="24021">0.259977</stack-size>
<stack-size id="24174">0.308722</stack-size>
<stack-size id="24327">0.347719</stack-size>
<stack-size id="24480">0.380216</stack-size>
<stack-size id="24633">0.526453</stack-size>
<stack-size id="24786">0.679189</stack-size>
<stack-size id="24939">0.549201</stack-size>
<stack-size id="25092">0.653191</stack-size>
<stack-size id="25245">0.66944</stack-size>
<stack-size id="25398">0.458209</stack-size>
<stack-size id="25551">0.601196</stack-size>
<stack-size id="25704">0.66619</stack-size>
<stack-size id="25857">0.484206</stack-size>
<stack-size id="26010">0.474457</stack-size>
<stack-size id="26163">0.360718</stack-size>
<stack-size id="26316">0.350968</stack-size>
<stack-size id="26469">0.415963</stack-size>
<stack-size id="26622">0.347719</stack-size>
<stack-size id="26775">0.461458</stack-size>
<stack-size id="26928">0.295723</stack-size>
<stack-size id="27081">0.370467</stack-size>
<stack-size id="27234">0.360718</stack-size>
<stack-size id="27387">0.272975</stack-size>
<stack-size id="27540">0.259977</stack-size>
<stack-size id="27693">0.272975</stack-size>
<stack-size id="27846">0.380216</stack-size>
<stack-size id="27999">0.526453</stack-size>
<stack-size id="28152">0.594696</stack-size>
<stack-size id="28305">0.532952</stack-size>
<stack-size id="28458">0.627194</stack-size>
<stack-size id="28611">0.484206</stack-size>
<stack-size id="28764">0.406213</stack-size>
<stack-size id="28917">0.526453</stack-size>
<stack-size id="29070">0.623944</stack-size>
<stack-size id="29223">0.344469</stack-size>
<stack-size id="29376">0.350968</stack-size>
<stack-size id="29529">0.341219</stack-size>
<stack-size id="29682">0.298973</stack-size>
<stack-size id="29835">0.341219</stack-size>
<stack-size id="29988">0.233979</stack-size>
<stack-size id="30141">0.308722</stack-size>
<stack-size id="30294">0.259977</stack-size>
<stack-size id="30447">0.276225</stack-size>
<stack-size id="30600">0.22423</stack-size>
<stack-size id="30753">0.0877421</stack-size>
<max-stack>261</max-stack>
<front-edges>30771</front-edges>
<back-edges>1712</back-edges>
<cross-edges>20764</cross-edges>
<shortest-cycle>20</shortest-cycle>
</dfs-info>
<rw-info>
<coverage step="3060">1.89133</coverage>
<coverage step="6120">3.31795</coverage>
<coverage step="9180">4.00364</coverage>
<coverage step="12240">4.9948</coverage>
<coverage step="15300">6.28168</coverage>
<coverage step="18360">7.35734</coverage>
<coverage step="21420">8.54348</coverage>
<coverage step="24480">9.25842</coverage>
<coverage step="27540">10.1911</coverage>
<coverage step="30600">11.1172</coverage>
<coverage step="33660">11.7379</coverage>
<coverage step="36720">12.2969</coverage>
<coverage step="39780">13.0281</coverage>
<coverage step="42840">13.1093</coverage>
<coverage step="45900">13.8145</coverage>
<coverage step="48960">14.7667</coverage>
<coverage step="52020">15.7383</coverage>
<coverage step="55080">16.3395</coverage>
<coverage step="58140">16.671</coverage>
<coverage step="61200">17.3989</coverage>
<coverage step="64260">17.7597</coverage>
<coverage step="67320">18.5233</coverage>
<coverage step="70380">19.131</coverage>
<coverage step="73440">19.4398</coverage>
<coverage step="76500">20.0474</coverage>
<coverage step="79560">20.3074</coverage>
<coverage step="82620">20.8664</coverage>
<coverage step="85680">21.3571</coverage>
<coverage step="88740">22.02</coverage>
<coverage step="91800">22.4295</coverage>
<coverage step="94860">22.8649</coverage>
<coverage step="97920">23.6839</coverage>
<coverage step="100980">24.2071</coverage>
<coverage step="104040">24.3078</coverage>
<coverage step="107100">24.3793</coverage>
<coverage step="110160">24.5093</coverage>
<coverage step="113220">24.7563</coverage>
<coverage step="116280">24.8765</coverage>
<coverage step="119340">25.169</coverage>
<coverage step="122400">25.3737</coverage>
<coverage step="125460">25.6564</coverage>
<coverage step="128520">25.7799</coverage>
<coverage step="131580">26.2056</coverage>
<coverage step="134640">26.7093</coverage>
<coverage step="137700">26.9823</coverage>
<coverage step="140760">27.3073</coverage>
<coverage step="143820">27.6095</coverage>
<coverage step="146880">27.7135</coverage>
<coverage step="149940">28.1295</coverage>
<coverage step="153000">28.1522</coverage>
<coverage step="156060">28.2432</coverage>
<coverage step="159120">28.5129</coverage>
<coverage step="162180">28.5617</coverage>
<coverage step="165240">29.0784</coverage>
<coverage step="168300">29.3774</coverage>
<coverage step="171360">29.6438</coverage>
<coverage step="174420">29.7088</coverage>
<coverage step="177480">29.7576</coverage>
<coverage step="180540">29.8096</coverage>
<coverage step="183600">29.9201</coverage>
<coverage step="186660">30.18</coverage>
<coverage step="189720">30.3133</coverage>
<coverage step="192780">30.3458</coverage>
<coverage step="195840">30.4758</coverage>
<coverage step="198900">30.9242</coverage>
<coverage step="201960">31.3109</coverage>
<coverage step="205020">31.6684</coverage>
<coverage step="208080">32.0876</coverage>
<coverage step="211140">32.5816</coverage>
<coverage step="214200">32.6856</coverage>
<coverage step="217260">32.7278</coverage>
<coverage step="220320">32.8253</coverage>
<coverage step="223380">32.939</coverage>
<coverage step="226440">33.0853</coverage>
<coverage step="229500">33.4005</coverage>
<coverage step="232560">33.459</coverage>
<coverage step="235620">33.5565</coverage>
<coverage step="238680">33.6345</coverage>
<coverage step="241740">33.6735</coverage>
<coverage step="244800">33.9074</coverage>
<coverage step="247860">33.9594</coverage>
<coverage step="250920">34.1089</coverage>
<coverage step="253980">34.4469</coverage>
<coverage step="257040">34.4859</coverage>
<coverage step="260100">34.8466</coverage>
<coverage step="263160">35.1358</coverage>
<coverage step="266220">35.4966</coverage>
<coverage step="269280">35.607</coverage>
<coverage step="272340">35.6428</coverage>
<coverage step="275400">35.7208</coverage>
<coverage step="278460">35.7728</coverage>
<coverage step="281520">35.7858</coverage>
<coverage step="284580">35.9255</coverage>
<coverage step="287640">36.0945</coverage>
<coverage step="290700">36.2765</coverage>
<coverage step="293760">36.322</coverage>
<coverage step="296820">36.3967</coverage>
<coverage step="299880">36.5462</coverage>
<coverage step="302940">36.8484</coverage>
<coverage step="306000">37.1019</coverage>
<rw-visits order="1">818</rw-visits>
<rw-visits order="57">401</rw-visits>
<rw-visits order="113">321</rw-visits>
<rw-visits order="169">271</rw-visits>
<rw-visits order="225">229</rw-visits>
<rw-visits order="281">207</rw-visits>
<rw-visits order="337">192</rw-visits>
<rw-visits order="393">175</rw-visits>
<rw-visits order="449">160</rw-visits>
<rw-visits order="505">150</rw-visits>
<rw-visits order="561">138</rw-visits>
<rw-visits order="617">127</rw-visits>
<rw-visits order="673">115</rw-visits>
<rw-visits order="729">107</rw-visits>
<rw-visits order="785">101</rw-visits>
<rw-visits order="841">95</rw-visits>
<rw-visits order="897">89</rw-visits>
<rw-visits order="953">86</rw-visits>
<rw-visits order="1009">82</rw-visits>
<rw-visits order="1065">79</rw-visits>
<rw-visits order="1121">75</rw-visits>
<rw-visits order="1177">71</rw-visits>
<rw-visits order="1233">67</rw-visits>
<rw-visits order="1289">65</rw-visits>
<rw-visits order="1345">62</rw-visits>
<rw-visits order="1401">60</rw-visits>
<rw-visits order="1457">58</rw-visits>
<rw-visits order="1513">55</rw-visits>
<rw-visits order="1569">52</rw-visits>
<rw-visits order="1625">49</rw-visits>
<rw-visits order="1681">47</rw-visits>
<rw-visits order="1737">44</rw-visits>
<rw-visits order="1793">43</rw-visits>
<rw-visits order="1849">42</rw-visits>
<rw-visits order="1905">41</rw-visits>
<rw-visits order="1961">40</rw-visits>
<rw-visits order="2017">39</rw-visits>
<rw-visits order="2073">38</rw-visits>
<rw-visits order="2129">36</rw-visits>
<rw-visits order="2185">35</rw-visits>
<rw-visits order="2241">33</rw-visits>
<rw-visits order="2297">32</rw-visits>
<rw-visits order="2353">31</rw-visits>
<rw-visits order="2409">30</rw-visits>
<rw-visits order="2465">29</rw-visits>
<rw-visits order="2521">28</rw-visits>
<rw-visits order="2577">27</rw-visits>
<rw-visits order="2633">25</rw-visits>
<rw-visits order="2689">24</rw-visits>
<rw-visits order="2745">23</rw-visits>
<rw-visits order="2801">22</rw-visits>
<rw-visits order="2857">22</rw-visits>
<rw-visits order="2913">21</rw-visits>
<rw-visits order="2969">21</rw-visits>
<rw-visits order="3025">20</rw-visits>
<rw-visits order="3081">20</rw-visits>
<rw-visits order="3137">20</rw-visits>
<rw-visits order="3193">19</rw-visits>
<rw-visits order="3249">19</rw-visits>
<rw-visits order="3305">18</rw-visits>
<rw-visits order="3361">18</rw-visits>
<rw-visits order="3417">17</rw-visits>
<rw-visits order="3473">17</rw-visits>
<rw-visits order="3529">17</rw-visits>
<rw-visits order="3585">16</rw-visits>
<rw-visits order="3641">16</rw-visits>
<rw-visits order="3697">15</rw-visits>
<rw-visits order="3753">15</rw-visits>
<rw-visits order="3809">14</rw-visits>
<rw-visits order="3865">14</rw-visits>
<rw-visits order="3921">13</rw-visits>
<rw-visits order="3977">13</rw-visits>
<rw-visits order="4033">12</rw-visits>
<rw-visits order="4089">12</rw-visits>
<rw-visits order="4145">12</rw-visits>
<rw-visits order="4201">11</rw-visits>
<rw-visits order="4257">11</rw-visits>
<rw-visits order="4313">11</rw-visits>
<rw-visits order="4369">10</rw-visits>
<rw-visits order="4425">10</rw-visits>
<rw-visits order="4481">10</rw-visits>
<rw-visits order="4537">9</rw-visits>
<rw-visits order="4593">9</rw-visits>
<rw-visits order="4649">9</rw-visits>
<rw-visits order="4705">8</rw-visits>
<rw-visits order="4761">8</rw-visits>
<rw-visits order="4817">8</rw-visits>
<rw-visits order="4873">8</rw-visits>
<rw-visits order="4929">7</rw-visits>
<rw-visits order="4985">7</rw-visits>
<rw-visits order="5041">7</rw-visits>
<rw-visits order="5097">7</rw-visits>
<rw-visits order="5153">6</rw-visits>
<rw-visits order="5209">6</rw-visits>
<rw-visits order="5265">6</rw-visits>
<rw-visits order="5321">6</rw-visits>
<rw-visits order="5377">6</rw-visits>
<rw-visits order="5433">5</rw-visits>
<rw-visits order="5489">5</rw-visits>
<rw-visits order="5545">5</rw-visits>
<rw-visits order="5601">5</rw-visits>
<rw-visits order="5657">5</rw-visits>
<rw-visits order="5713">5</rw-visits>
<rw-visits order="5769">5</rw-visits>
<rw-visits order="5825">4</rw-visits>
<rw-visits order="5881">4</rw-visits>
<rw-visits order="5937">4</rw-visits>
<rw-visits order="5993">4</rw-visits>
<rw-visits order="6049">4</rw-visits>
<rw-visits order="6105">4</rw-visits>
<rw-visits order="6161">4</rw-visits>
<rw-visits order="6217">4</rw-visits>
<rw-visits order="6273">4</rw-visits>
<rw-visits order="6329">3</rw-visits>
<rw-visits order="6385">3</rw-visits>
<rw-visits order="6441">3</rw-visits>
<rw-visits order="6497">3</rw-visits>
<rw-visits order="6553">3</rw-visits>
<rw-visits order="6609">3</rw-visits>
<rw-visits order="6665">3</rw-visits>
<rw-visits order="6721">3</rw-visits>
<rw-visits order="6777">3</rw-visits>
<rw-visits order="6833">3</rw-visits>
<rw-visits order="6889">3</rw-visits>
<rw-visits order="6945">3</rw-visits>
<rw-visits order="7001">3</rw-visits>
<rw-visits order="7057">3</rw-visits>
<rw-visits order="7113">2</rw-visits>
<rw-visits order="7169">2</rw-visits>
<rw-visits order="7225">2</rw-visits>
<rw-visits order="7281">2</rw-visits>
<rw-visits order="7337">2</rw-visits>
<rw-visits order="7393">2</rw-visits>
<rw-visits order="7449">2</rw-visits>
<rw-visits order="7505">2</rw-visits>
<rw-visits order="7561">2</rw-visits>
<rw-visits order="7617">2</rw-visits>
<rw-visits order="7673">2</rw-visits>
<rw-visits order="7729">2</rw-visits>
<rw-visits order="7785">2</rw-visits>
<rw-visits order="7841">2</rw-visits>
<rw-visits order="7897">2</rw-visits>
<rw-visits order="7953">2</rw-visits>
<rw-visits order="8009">2</rw-visits>
<rw-visits order="8065">2</rw-visits>
<rw-visits order="8121">2</rw-visits>
<rw-visits order="8177">2</rw-visits>
<rw-visits order="8233">2</rw-visits>
<rw-visits order="8289">2</rw-visits>
<rw-visits order="8345">2</rw-visits>
<rw-visits order="8401">2</rw-visits>
<rw-visits order="8457">2</rw-visits>
<rw-visits order="8513">1</rw-visits>
<rw-visits order="8569">1</rw-visits>
<rw-visits order="8625">1</rw-visits>
<rw-visits order="8681">1</rw-visits>
<rw-visits order="8737">1</rw-visits>
<rw-visits order="8793">1</rw-visits>
<rw-visits order="8849">1</rw-visits>
<rw-visits order="8905">1</rw-visits>
<rw-visits order="8961">1</rw-visits>
<rw-visits order="9017">1</rw-visits>
<rw-visits order="9073">1</rw-visits>
<rw-visits order="9129">1</rw-visits>
<rw-visits order="9185">1</rw-visits>
<rw-visits order="9241">1</rw-visits>
<rw-visits order="9297">1</rw-visits>
<rw-visits order="9353">1</rw-visits>
<rw-visits order="9409">1</rw-visits>
<rw-visits order="9465">1</rw-visits>
<rw-visits order="9521">1</rw-visits>
<rw-visits order="9577">1</rw-visits>
<rw-visits order="9633">1</rw-visits>
<rw-visits order="9689">1</rw-visits>
<rw-visits order="9745">1</rw-visits>
<rw-visits order="9801">1</rw-visits>
<rw-visits order="9857">1</rw-visits>
<rw-visits order="9913">1</rw-visits>
<rw-visits order="9969">1</rw-visits>
<rw-visits order="10025">1</rw-visits>
<rw-visits order="10081">1</rw-visits>
<rw-visits order="10137">1</rw-visits>
<rw-visits order="10193">1</rw-visits>
<rw-visits order="10249">1</rw-visits>
<rw-visits order="10305">1</rw-visits>
<rw-visits order="10361">1</rw-visits>
<rw-visits order="10417">1</rw-visits>
<rw-visits order="10473">1</rw-visits>
<rw-visits order="10529">1</rw-visits>
<rw-visits order="10585">1</rw-visits>
<rw-visits order="10641">1</rw-visits>
<rw-visits order="10697">1</rw-visits>
<rw-visits order="10753">1</rw-visits>
<rw-visits order="10809">1</rw-visits>
<rw-visits order="10865">1</rw-visits>
<rw-visits order="10921">1</rw-visits>
<rw-visits order="10977">1</rw-visits>
<rw-visits order="11033">1</rw-visits>
<rw-visits order="11089">1</rw-visits>
<rw-visits order="11145">1</rw-visits>
<rw-visits order="11201">1</rw-visits>
<rw-visits order="11257">1</rw-visits>
<rw-visits order="11313">1</rw-visits>
<rw-visits order="11369">1</rw-visits>
<rw-visits order="11425">1</rw-visits>
<final-coverage>37.1572</final-coverage>
</rw-info>
<local-info>
<diamonds>56.4279</diamonds>
<neighborhood k="4">9</neighborhood>
<clustering k="4">1.30574</clustering>
</local-info>
<label-info>
<edge-label id="0.10+4.16">1224</edge-label>
<edge-label id="0.10+4.25">209</edge-label>
<edge-label id="0.10+4.9">6</edge-label>
<edge-label id="0.11">4842</edge-label>
<edge-label id="0.3+2.16">908</edge-label>
<edge-label id="0.3+2.25">154</edge-label>
<edge-label id="0.3+2.3">1</edge-label>
<edge-label id="0.3+2.6">3</edge-label>
<edge-label id="0.4+3.16">908</edge-label>
<edge-label id="0.4+3.25">154</edge-label>
<edge-label id="0.4+3.3">1</edge-label>
<edge-label id="0.4+3.6">3</edge-label>
<edge-label id="0.5+4.16">908</edge-label>
<edge-label id="0.5+4.25">154</edge-label>
<edge-label id="0.5+4.3">1</edge-label>
<edge-label id="0.5+4.6">3</edge-label>
<edge-label id="0.6">2409</edge-label>
<edge-label id="0.7">3099</edge-label>
<edge-label id="0.8+2.16">1224</edge-label>
<edge-label id="0.8+2.25">209</edge-label>
<edge-label id="0.8+2.9">6</edge-label>
<edge-label id="0.9+3.16">1224</edge-label>
<edge-label id="0.9+3.25">209</edge-label>
<edge-label id="0.9+3.9">6</edge-label>
<edge-label id="2.1+0.0">1</edge-label>
<edge-label id="2.10">8</edge-label>
<edge-label id="2.11">13</edge-label>
<edge-label id="2.12+0.0">17</edge-label>
<edge-label id="2.17">3805</edge-label>
<edge-label id="2.18">3120</edge-label>
<edge-label id="2.19+1.0">16</edge-label>
<edge-label id="2.19+1.1">27</edge-label>
<edge-label id="2.19+1.2">39</edge-label>
<edge-label id="2.2">2</edge-label>
<edge-label id="2.20+1.4">80</edge-label>
<edge-label id="2.20+1.5">105</edge-label>
<edge-label id="2.20+1.6">105</edge-label>
<edge-label id="2.21+1.0">18</edge-label>
<edge-label id="2.21+1.1">24</edge-label>
<edge-label id="2.21+1.2">21</edge-label>
<edge-label id="2.22+1.4">90</edge-label>
<edge-label id="2.22+1.5">90</edge-label>
<edge-label id="2.22+1.6">45</edge-label>
<edge-label id="2.23+0.0">1365</edge-label>
<edge-label id="2.28">333</edge-label>
<edge-label id="2.29">315</edge-label>
<edge-label id="2.30">195</edge-label>
<edge-label id="2.31">240</edge-label>
<edge-label id="2.32+0.0">72</edge-label>
<edge-label id="2.33+1.0">38</edge-label>
<edge-label id="2.33+1.1">21</edge-label>
<edge-label id="2.33+1.2">16</edge-label>
<edge-label id="2.34+1.4">190</edge-label>
<edge-label id="2.34+1.5">105</edge-label>
<edge-label id="2.34+1.6">80</edge-label>
<edge-label id="2.35+0.0">93</edge-label>
<edge-label id="2.4">6</edge-label>
<edge-label id="2.5+0.0">2</edge-label>
<edge-label id="2.7">3</edge-label>
<edge-label id="2.8+0.0">3</edge-label>
<edge-label id="3.1+0.1">1</edge-label>
<edge-label id="3.10">8</edge-label>
<edge-label id="3.11">13</edge-label>
<edge-label id="3.12+0.1">17</edge-label>
<edge-label id="3.17">3805</edge-label>
<edge-label id="3.18">3120</edge-label>
<edge-label id="3.19+1.0">16</edge-label>
<edge-label id="3.19+1.1">27</edge-label>
<edge-label id="3.19+1.2">39</edge-label>
<edge-label id="3.2">2</edge-label>
<edge-label id="3.20+1.4">80</edge-label>
<edge-label id="3.20+1.5">105</edge-label>
<edge-label id="3.20+1.6">105</edge-label>
<edge-label id="3.21+1.0">18</edge-label>
<edge-label id="3.21+1.1">24</edge-label>
<edge-label id="3.21+1.2">21</edge-label>
<edge-label id="3.22+1.4">90</edge-label>
<edge-label id="3.22+1.5">90</edge-label>
<edge-label id="3.22+1.6">45</edge-label>
<edge-label id="3.23+0.1">1365</edge-label>
<edge-label id="3.28">333</edge-label>
<edge-label id="3.29">315</edge-label>
<edge-label id="3.30">195</edge-label>
<edge-label id="3.31">240</edge-label>
<edge-label id="3.32+0.1">72</edge-label>
<edge-label id="3.33+1.0">38</edge-label>
<edge-label id="3.33+1.1">21</edge-label>
<edge-label id="3.33+1.2">16</edge-label>
<edge-label id="3.34+1.4">190</edge-label>
<edge-label id="3.34+1.5">105</edge-label>
<edge-label id="3.34+1.6">80</edge-label>
<edge-label id="3.35+0.1">93</edge-label>
<edge-label id="3.4">6</edge-label>
<edge-label id="3.5+0.1">2</edge-label>
<edge-label id="3.7">3</edge-label>
<edge-label id="3.8+0.1">3</edge-label>
<edge-label id="4.1+0.2">1</edge-label>
<edge-label id="4.10">8</edge-label>
<edge-label id="4.11">13</edge-label>
<edge-label id="4.12+0.2">17</edge-label>
<edge-label id="4.17">3805</edge-label>
<edge-label id="4.18">3120</edge-label>
<edge-label id="4.19+1.0">16</edge-label>
<edge-label id="4.19+1.1">27</edge-label>
<edge-label id="4.19+1.2">39</edge-label>
<edge-label id="4.2">2</edge-label>
<edge-label id="4.20+1.4">80</edge-label>
<edge-label id="4.20+1.5">105</edge-label>
<edge-label id="4.20+1.6">105</edge-label>
<edge-label id="4.21+1.0">18</edge-label>
<edge-label id="4.21+1.1">24</edge-label>
<edge-label id="4.21+1.2">21</edge-label>
<edge-label id="4.22+1.4">90</edge-label>
<edge-label id="4.22+1.5">90</edge-label>
<edge-label id="4.22+1.6">45</edge-label>
<edge-label id="4.23+0.2">1365</edge-label>
<edge-label id="4.28">333</edge-label>
<edge-label id="4.29">315</edge-label>
<edge-label id="4.30">195</edge-label>
<edge-label id="4.31">240</edge-label>
<edge-label id="4.32+0.2">72</edge-label>
<edge-label id="4.33+1.0">38</edge-label>
<edge-label id="4.33+1.1">21</edge-label>
<edge-label id="4.33+1.2">16</edge-label>
<edge-label id="4.34+1.4">190</edge-label>
<edge-label id="4.34+1.5">105</edge-label>
<edge-label id="4.34+1.6">80</edge-label>
<edge-label id="4.35+0.2">93</edge-label>
<edge-label id="4.4">6</edge-label>
<edge-label id="4.5+0.2">2</edge-label>
<edge-label id="4.7">3</edge-label>
<edge-label id="4.8+0.2">3</edge-label>
<edge-label id="5.0+2.0">1</edge-label>
<edge-label id="5.1+3.0">1</edge-label>
<edge-label id="5.10+3.14">377</edge-label>
<edge-label id="5.11+4.14">377</edge-label>
<edge-label id="5.12+2.15">635</edge-label>
<edge-label id="5.13+3.15">635</edge-label>
<edge-label id="5.14+4.15">635</edge-label>
<edge-label id="5.2+4.0">1</edge-label>
<edge-label id="5.3+2.13">21</edge-label>
<edge-label id="5.4+3.13">21</edge-label>
<edge-label id="5.5+4.13">21</edge-label>
<edge-label id="5.6+2.15">57</edge-label>
<edge-label id="5.7+3.15">57</edge-label>
<edge-label id="5.8+4.15">57</edge-label>
<edge-label id="5.9+2.14">377</edge-label>
<state-labels procid="0">
<label id="[{0|0|0},0]">4</label>
<label id="[{0|0|1},0]">4</label>
<label id="[{0|0|1},1]">6</label>
<label id="[{0|1|0},0]">4</label>
<label id="[{0|1|0},1]">6</label>
<label id="[{0|1|1},0]">3290</label>
<label id="[{0|1|1},1]">6956</label>
<label id="[{1|0|0},0]">4</label>
<label id="[{1|0|0},1]">6</label>
<label id="[{1|0|1},0]">3290</label>
<label id="[{1|0|1},1]">6956</label>
<label id="[{1|1|0},0]">3290</label>
<label id="[{1|1|0},1]">6956</label>
</state-labels><state-labels procid="1">
<label id="[0,0,0,0]">109</label>
<label id="[0,0,0,16]">473</label>
<label id="[0,0,0,17]">473</label>
<label id="[0,0,0,1]">88</label>
<label id="[0,0,0,24]">90</label>
<label id="[0,0,0,25]">90</label>
<label id="[0,0,0,8]">438</label>
<label id="[0,0,0,9]">438</label>
<label id="[0,0,1,10]">438</label>
<label id="[0,0,1,18]">473</label>
<label id="[0,0,1,26]">90</label>
<label id="[0,0,1,2]">88</label>
<label id="[0,0,1,34]">4</label>
<label id="[0,0,2,32]">4</label>
<label id="[0,0,2,33]">2</label>
<label id="[0,1,0,32]">4</label>
<label id="[0,1,0,33]">2</label>
<label id="[0,1,1,0]">105</label>
<label id="[0,1,1,16]">473</label>
<label id="[0,1,1,17]">473</label>
<label id="[0,1,1,1]">88</label>
<label id="[0,1,1,24]">90</label>
<label id="[0,1,1,25]">90</label>
<label id="[0,1,1,8]">438</label>
<label id="[0,1,1,9]">438</label>
<label id="[0,1,2,10]">438</label>
<label id="[0,1,2,18]">473</label>
<label id="[0,1,2,26]">90</label>
<label id="[0,1,2,2]">88</label>
<label id="[0,1,2,34]">4</label>
<label id="[0,2,0,10]">438</label>
<label id="[0,2,0,18]">473</label>
<label id="[0,2,0,26]">90</label>
<label id="[0,2,0,2]">88</label>
<label id="[0,2,0,34]">4</label>
<label id="[0,2,1,32]">4</label>
<label id="[0,2,1,33]">2</label>
<label id="[0,2,2,0]">105</label>
<label id="[0,2,2,16]">473</label>
<label id="[0,2,2,17]">473</label>
<label id="[0,2,2,1]">88</label>
<label id="[0,2,2,24]">90</label>
<label id="[0,2,2,25]">90</label>
<label id="[0,2,2,8]">438</label>
<label id="[0,2,2,9]">438</label>
<label id="[1,0,0,17]">321</label>
<label id="[1,0,0,1]">72</label>
<label id="[1,0,0,25]">54</label>
<label id="[1,0,0,9]">356</label>
<label id="[1,0,1,0]">38</label>
<label id="[1,0,1,10]">248</label>
<label id="[1,0,1,16]">202</label>
<label id="[1,0,1,17]">202</label>
<label id="[1,0,1,18]">202</label>
<label id="[1,0,1,1]">53</label>
<label id="[1,0,1,24]">36</label>
<label id="[1,0,1,25]">36</label>
<label id="[1,0,1,26]">36</label>
<label id="[1,0,1,2]">36</label>
<label id="[1,0,1,32]">1</label>
<label id="[1,0,1,33]">2</label>
<label id="[1,0,1,34]">1</label>
<label id="[1,0,1,8]">248</label>
<label id="[1,0,1,9]">248</label>
<label id="[1,0,2,10]">242</label>
<label id="[1,0,2,17]">196</label>
<label id="[1,0,2,18]">196</label>
<label id="[1,0,2,1]">60</label>
<label id="[1,0,2,25]">30</label>
<label id="[1,0,2,26]">30</label>
<label id="[1,0,2,2]">36</label>
<label id="[1,0,2,32]">1</label>
<label id="[1,0,2,33]">2</label>
<label id="[1,0,2,34]">2</label>
<label id="[1,0,2,9]">242</label>
<label id="[1,1,0,10]">242</label>
<label id="[1,1,0,17]">196</label>
<label id="[1,1,0,18]">196</label>
<label id="[1,1,0,1]">60</label>
<label id="[1,1,0,25]">30</label>
<label id="[1,1,0,26]">30</label>
<label id="[1,1,0,2]">36</label>
<label id="[1,1,0,32]">1</label>
<label id="[1,1,0,33]">2</label>
<label id="[1,1,0,34]">2</label>
<label id="[1,1,0,9]">242</label>
<label id="[1,1,1,17]">321</label>
<label id="[1,1,1,1]">72</label>
<label id="[1,1,1,25]">54</label>
<label id="[1,1,1,9]">356</label>
<label id="[1,1,2,0]">38</label>
<label id="[1,1,2,10]">248</label>
<label id="[1,1,2,16]">202</label>
<label id="[1,1,2,17]">202</label>
<label id="[1,1,2,18]">202</label>
<label id="[1,1,2,1]">53</label>
<label id="[1,1,2,24]">36</label>
<label id="[1,1,2,25]">36</label>
<label id="[1,1,2,26]">36</label>
<label id="[1,1,2,2]">36</label>
<label id="[1,1,2,32]">1</label>
<label id="[1,1,2,33]">2</label>
<label id="[1,1,2,34]">1</label>
<label id="[1,1,2,8]">248</label>
<label id="[1,1,2,9]">248</label>
<label id="[1,2,0,0]">38</label>
<label id="[1,2,0,10]">248</label>
<label id="[1,2,0,16]">202</label>
<label id="[1,2,0,17]">202</label>
<label id="[1,2,0,18]">202</label>
<label id="[1,2,0,1]">53</label>
<label id="[1,2,0,24]">36</label>
<label id="[1,2,0,25]">36</label>
<label id="[1,2,0,26]">36</label>
<label id="[1,2,0,2]">36</label>
<label id="[1,2,0,32]">1</label>
<label id="[1,2,0,33]">2</label>
<label id="[1,2,0,34]">1</label>
<label id="[1,2,0,8]">248</label>
<label id="[1,2,0,9]">248</label>
<label id="[1,2,1,10]">242</label>
<label id="[1,2,1,17]">196</label>
<label id="[1,2,1,18]">196</label>
<label id="[1,2,1,1]">60</label>
<label id="[1,2,1,25]">30</label>
<label id="[1,2,1,26]">30</label>
<label id="[1,2,1,2]">36</label>
<label id="[1,2,1,32]">1</label>
<label id="[1,2,1,33]">2</label>
<label id="[1,2,1,34]">2</label>
<label id="[1,2,1,9]">242</label>
<label id="[1,2,2,17]">321</label>
<label id="[1,2,2,1]">72</label>
<label id="[1,2,2,25]">54</label>
<label id="[1,2,2,9]">356</label>
<label id="[2,0,0,0]">74</label>
<label id="[2,0,0,16]">321</label>
<label id="[2,0,0,24]">54</label>
<label id="[2,0,0,8]">356</label>
<label id="[2,0,1,0]">76</label>
<label id="[2,0,1,10]">356</label>
<label id="[2,0,1,16]">351</label>
<label id="[2,0,1,18]">321</label>
<label id="[2,0,1,24]">60</label>
<label id="[2,0,1,26]">54</label>
<label id="[2,0,1,2]">72</label>
<label id="[2,0,1,34]">4</label>
<label id="[2,0,1,8]">401</label>
<label id="[2,0,2,0]">38</label>
<label id="[2,0,2,10]">242</label>
<label id="[2,0,2,16]">202</label>
<label id="[2,0,2,18]">196</label>
<label id="[2,0,2,24]">36</label>
<label id="[2,0,2,26]">30</label>
<label id="[2,0,2,2]">36</label>
<label id="[2,0,2,32]">1</label>
<label id="[2,0,2,33]">2</label>
<label id="[2,0,2,34]">2</label>
<label id="[2,0,2,8]">248</label>
<label id="[2,1,0,0]">38</label>
<label id="[2,1,0,10]">242</label>
<label id="[2,1,0,16]">202</label>
<label id="[2,1,0,18]">196</label>
<label id="[2,1,0,24]">36</label>
<label id="[2,1,0,26]">30</label>
<label id="[2,1,0,2]">36</label>
<label id="[2,1,0,32]">1</label>
<label id="[2,1,0,33]">2</label>
<label id="[2,1,0,34]">2</label>
<label id="[2,1,0,8]">248</label>
<label id="[2,1,1,0]">74</label>
<label id="[2,1,1,16]">321</label>
<label id="[2,1,1,24]">54</label>
<label id="[2,1,1,8]">356</label>
<label id="[2,1,2,0]">76</label>
<label id="[2,1,2,10]">356</label>
<label id="[2,1,2,16]">351</label>
<label id="[2,1,2,18]">321</label>
<label id="[2,1,2,24]">60</label>
<label id="[2,1,2,26]">54</label>
<label id="[2,1,2,2]">72</label>
<label id="[2,1,2,34]">4</label>
<label id="[2,1,2,8]">401</label>
<label id="[2,2,0,0]">76</label>
<label id="[2,2,0,10]">356</label>
<label id="[2,2,0,16]">351</label>
<label id="[2,2,0,18]">321</label>
<label id="[2,2,0,24]">60</label>
<label id="[2,2,0,26]">54</label>
<label id="[2,2,0,2]">72</label>
<label id="[2,2,0,34]">4</label>
<label id="[2,2,0,8]">401</label>
<label id="[2,2,1,0]">38</label>
<label id="[2,2,1,10]">242</label>
<label id="[2,2,1,16]">202</label>
<label id="[2,2,1,18]">196</label>
<label id="[2,2,1,24]">36</label>
<label id="[2,2,1,26]">30</label>
<label id="[2,2,1,2]">36</label>
<label id="[2,2,1,32]">1</label>
<label id="[2,2,1,33]">2</label>
<label id="[2,2,1,34]">2</label>
<label id="[2,2,1,8]">248</label>
<label id="[2,2,2,0]">74</label>
<label id="[2,2,2,16]">321</label>
<label id="[2,2,2,24]">54</label>
<label id="[2,2,2,8]">356</label>
</state-labels><state-labels procid="2">
<label id="[0,0]">15106</label>
<label id="[0,2]">13866</label>
<label id="[1,1]">645</label>
<label id="[1,2]">765</label>
<label id="[2,1]">147</label>
<label id="[2,2]">243</label>
</state-labels><state-labels procid="3">
<label id="[0,0,0,0,0,0]">13</label>
<label id="[1,0,0,1,0,0]">1</label>
<label id="[10,0,0,3,1,0]">54</label>
<label id="[10,0,0,3,1,1]">28</label>
<label id="[10,0,0,3,10,1]">40</label>
<label id="[10,0,0,3,17,1]">38</label>
<label id="[10,0,0,3,17,2]">18</label>
<label id="[10,0,0,3,18,1]">197</label>
<label id="[10,0,0,3,2,0]">240</label>
<label id="[10,0,0,3,2,1]">170</label>
<label id="[10,0,0,3,25,1]">3</label>
<label id="[10,0,0,3,26,1]">13</label>
<label id="[10,0,0,3,34,0]">32</label>
<label id="[10,0,0,3,34,1]">20</label>
<label id="[10,0,0,3,9,2]">45</label>
<label id="[10,0,1,3,10,0]">790</label>
<label id="[10,0,1,3,10,1]">361</label>
<label id="[10,0,1,3,10,2]">349</label>
<label id="[10,0,1,3,25,0]">39</label>
<label id="[10,0,1,3,25,1]">13</label>
<label id="[10,0,1,3,25,2]">13</label>
<label id="[10,0,1,3,26,0]">147</label>
<label id="[10,0,1,3,26,1]">49</label>
<label id="[10,0,1,3,26,2]">49</label>
<label id="[10,0,1,3,9,0]">189</label>
<label id="[10,0,1,3,9,1]">114</label>
<label id="[10,0,1,3,9,2]">81</label>
<label id="[10,0,2,3,17,0]">201</label>
<label id="[10,0,2,3,17,1]">116</label>
<label id="[10,0,2,3,17,2]">56</label>
<label id="[10,0,2,3,18,0]">954</label>
<label id="[10,0,2,3,18,1]">378</label>
<label id="[10,0,2,3,18,2]">254</label>
<label id="[10,0,2,3,25,0]">19</label>
<label id="[10,0,2,3,26,0]">125</label>
<label id="[10,1,0,3,0,0]">257</label>
<label id="[10,1,0,3,0,1]">172</label>
<label id="[10,1,0,3,10,2]">80</label>
<label id="[10,1,0,3,16,1]">246</label>
<label id="[10,1,0,3,18,1]">71</label>
<label id="[10,1,0,3,18,2]">36</label>
<label id="[10,1,0,3,2,0]">90</label>
<label id="[10,1,0,3,2,1]">46</label>
<label id="[10,1,0,3,24,1]">17</label>
<label id="[10,1,0,3,26,1]">6</label>
<label id="[10,1,0,3,8,1]">50</label>
<label id="[10,1,1,3,10,0]">295</label>
<label id="[10,1,1,3,10,1]">169</label>
<label id="[10,1,1,3,10,2]">129</label>
<label id="[10,1,1,3,24,0]">141</label>
<label id="[10,1,1,3,24,1]">47</label>
<label id="[10,1,1,3,24,2]">47</label>
<label id="[10,1,1,3,26,0]">60</label>
<label id="[10,1,1,3,26,1]">20</label>
<label id="[10,1,1,3,26,2]">20</label>
<label id="[10,1,1,3,8,0]">691</label>
<label id="[10,1,1,3,8,1]">317</label>
<label id="[10,1,1,3,8,2]">309</label>
<label id="[10,1,2,3,16,0]">825</label>
<label id="[10,1,2,3,16,1]">334</label>
<label id="[10,1,2,3,16,2]">222</label>
<label id="[10,1,2,3,18,0]">318</label>
<label id="[10,1,2,3,18,1]">174</label>
<label id="[10,1,2,3,18,2]">90</label>
<label id="[10,1,2,3,24,0]">122</label>
<label id="[10,1,2,3,26,0]">32</label>
<label id="[10,2,0,3,0,0]">85</label>
<label id="[10,2,0,3,0,1]">46</label>
<label id="[10,2,0,3,1,0]">216</label>
<label id="[10,2,0,3,1,1]">156</label>
<label id="[10,2,0,3,16,1]">38</label>
<label id="[10,2,0,3,16,2]">18</label>
<label id="[10,2,0,3,17,1]">196</label>
<label id="[10,2,0,3,24,1]">3</label>
<label id="[10,2,0,3,25,1]">12</label>
<label id="[10,2,0,3,8,2]">45</label>
<label id="[10,2,0,3,9,1]">40</label>
<label id="[10,2,1,3,24,0]">51</label>
<label id="[10,2,1,3,24,1]">17</label>
<label id="[10,2,1,3,24,2]">17</label>
<label id="[10,2,1,3,25,0]">138</label>
<label id="[10,2,1,3,25,1]">46</label>
<label id="[10,2,1,3,25,2]">46</label>
<label id="[10,2,1,3,8,0]">263</label>
<label id="[10,2,1,3,8,1]">170</label>
<label id="[10,2,1,3,8,2]">113</label>
<label id="[10,2,1,3,9,0]">735</label>
<label id="[10,2,1,3,9,1]">333</label>
<label id="[10,2,1,3,9,2]">321</label>
<label id="[10,2,2,3,16,0]">271</label>
<label id="[10,2,2,3,16,1]">158</label>
<label id="[10,2,2,3,16,2]">76</label>
<label id="[10,2,2,3,17,0]">874</label>
<label id="[10,2,2,3,17,1]">342</label>
<label id="[10,2,2,3,17,2]">228</label>
<label id="[10,2,2,3,24,0]">23</label>
<label id="[10,2,2,3,25,0]">120</label>
<label id="[11,0,0,3,1,0]">54</label>
<label id="[11,0,0,3,1,1]">28</label>
<label id="[11,0,0,3,10,0]">16</label>
<label id="[11,0,0,3,10,1]">8</label>
<label id="[11,0,0,3,10,2]">70</label>
<label id="[11,0,0,3,17,0]">14</label>
<label id="[11,0,0,3,17,1]">98</label>
<label id="[11,0,0,3,18,0]">14</label>
<label id="[11,0,0,3,18,1]">72</label>
<label id="[11,0,0,3,18,2]">46</label>
<label id="[11,0,0,3,2,0]">60</label>
<label id="[11,0,0,3,2,1]">32</label>
<label id="[11,0,0,3,9,0]">16</label>
<label id="[11,0,0,3,9,1]">83</label>
<label id="[11,0,1,3,10,0]">215</label>
<label id="[11,0,1,3,10,1]">111</label>
<label id="[11,0,1,3,10,2]">97</label>
<label id="[11,0,1,3,25,0]">45</label>
<label id="[11,0,1,3,25,1]">15</label>
<label id="[11,0,1,3,25,2]">15</label>
<label id="[11,0,1,3,26,0]">54</label>
<label id="[11,0,1,3,26,1]">18</label>
<label id="[11,0,1,3,26,2]">18</label>
<label id="[11,0,1,3,9,0]">125</label>
<label id="[11,0,1,3,9,1]">65</label>
<label id="[11,0,1,3,9,2]">65</label>
<label id="[11,0,2,3,10,0]">48</label>
<label id="[11,0,2,3,10,1]">18</label>
<label id="[11,0,2,3,10,2]">16</label>
<label id="[11,0,2,3,17,0]">187</label>
<label id="[11,0,2,3,17,1]">86</label>
<label id="[11,0,2,3,17,2]">56</label>
<label id="[11,0,2,3,18,0]">251</label>
<label id="[11,0,2,3,18,1]">112</label>
<label id="[11,0,2,3,18,2]">66</label>
<label id="[11,0,2,3,25,0]">21</label>
<label id="[11,0,2,3,26,0]">24</label>
<label id="[11,0,2,3,9,0]">48</label>
<label id="[11,0,2,3,9,1]">16</label>
<label id="[11,0,2,3,9,2]">16</label>
<label id="[11,1,0,3,0,0]">42</label>
<label id="[11,1,0,3,0,1]">22</label>
<label id="[11,1,0,3,10,0]">28</label>
<label id="[11,1,0,3,10,1]">123</label>
<label id="[11,1,0,3,16,0]">12</label>
<label id="[11,1,0,3,16,1]">46</label>
<label id="[11,1,0,3,16,2]">34</label>
<label id="[11,1,0,3,18,0]">26</label>
<label id="[11,1,0,3,18,1]">152</label>
<label id="[11,1,0,3,2,0]">90</label>
<label id="[11,1,0,3,2,1]">46</label>
<label id="[11,1,0,3,8,0]">12</label>
<label id="[11,1,0,3,8,1]">6</label>
<label id="[11,1,0,3,8,2]">40</label>
<label id="[11,1,1,3,10,0]">197</label>
<label id="[11,1,1,3,10,1]">103</label>
<label id="[11,1,1,3,10,2]">103</label>
<label id="[11,1,1,3,24,0]">36</label>
<label id="[11,1,1,3,24,1]">12</label>
<label id="[11,1,1,3,24,2]">12</label>
<label id="[11,1,1,3,26,0]">66</label>
<label id="[11,1,1,3,26,1]">22</label>
<label id="[11,1,1,3,26,2]">22</label>
<label id="[11,1,1,3,8,0]">133</label>
<label id="[11,1,1,3,8,1]">63</label>
<label id="[11,1,1,3,8,2]">63</label>
<label id="[11,1,2,3,10,0]">84</label>
<label id="[11,1,2,3,10,1]">28</label>
<label id="[11,1,2,3,10,2]">28</label>
<label id="[11,1,2,3,16,0]">173</label>
<label id="[11,1,2,3,16,1]">70</label>
<label id="[11,1,2,3,16,2]">46</label>
<label id="[11,1,2,3,18,0]">297</label>
<label id="[11,1,2,3,18,1]">138</label>
<label id="[11,1,2,3,18,2]">90</label>
<label id="[11,1,2,3,24,0]">18</label>
<label id="[11,1,2,3,26,0]">34</label>
<label id="[11,1,2,3,8,0]">36</label>
<label id="[11,1,2,3,8,1]">12</label>
<label id="[11,1,2,3,8,2]">12</label>
<label id="[11,2,0,3,0,0]">72</label>
<label id="[11,2,0,3,0,1]">38</label>
<label id="[11,2,0,3,1,0]">56</label>
<label id="[11,2,0,3,1,1]">31</label>
<label id="[11,2,0,3,16,0]">16</label>
<label id="[11,2,0,3,16,1]">133</label>
<label id="[11,2,0,3,17,0]">13</label>
<label id="[11,2,0,3,17,1]">59</label>
<label id="[11,2,0,3,17,2]">40</label>
<label id="[11,2,0,3,8,0]">20</label>
<label id="[11,2,0,3,8,1]">118</label>
<label id="[11,2,0,3,9,0]">14</label>
<label id="[11,2,0,3,9,1]">7</label>
<label id="[11,2,0,3,9,2]">55</label>
<label id="[11,2,1,3,24,0]">63</label>
<label id="[11,2,1,3,24,1]">21</label>
<label id="[11,2,1,3,24,2]">21</label>
<label id="[11,2,1,3,25,0]">45</label>
<label id="[11,2,1,3,25,1]">15</label>
<label id="[11,2,1,3,25,2]">15</label>
<label id="[11,2,1,3,8,0]">181</label>
<label id="[11,2,1,3,8,1]">93</label>
<label id="[11,2,1,3,8,2]">93</label>
<label id="[11,2,1,3,9,0]">174</label>
<label id="[11,2,1,3,9,1]">87</label>
<label id="[11,2,1,3,9,2]">80</label>
<label id="[11,2,2,3,16,0]">255</label>
<label id="[11,2,2,3,16,1]">118</label>
<label id="[11,2,2,3,16,2]">76</label>
<label id="[11,2,2,3,17,0]">212</label>
<label id="[11,2,2,3,17,1]">91</label>
<label id="[11,2,2,3,17,2]">56</label>
<label id="[11,2,2,3,24,0]">27</label>
<label id="[11,2,2,3,25,0]">21</label>
<label id="[11,2,2,3,8,0]">62</label>
<label id="[11,2,2,3,8,1]">20</label>
<label id="[11,2,2,3,8,2]">20</label>
<label id="[11,2,2,3,9,0]">42</label>
<label id="[11,2,2,3,9,1]">15</label>
<label id="[11,2,2,3,9,2]">14</label>
<label id="[12,0,0,3,2,0]">60</label>
<label id="[12,0,0,3,2,1]">32</label>
<label id="[12,0,1,3,10,0]">279</label>
<label id="[12,0,1,3,10,1]">137</label>
<label id="[12,0,1,3,10,2]">123</label>
<label id="[12,0,1,3,26,0]">42</label>
<label id="[12,0,1,3,26,1]">14</label>
<label id="[12,0,1,3,26,2]">14</label>
<label id="[12,0,2,3,18,0]">265</label>
<label id="[12,0,2,3,18,1]">120</label>
<label id="[12,0,2,3,18,2]">72</label>
<label id="[12,0,2,3,26,0]">20</label>
<label id="[12,1,0,3,0,0]">42</label>
<label id="[12,1,0,3,0,1]">22</label>
<label id="[12,1,1,3,24,0]">30</label>
<label id="[12,1,1,3,24,1]">10</label>
<label id="[12,1,1,3,24,2]">10</label>
<label id="[12,1,1,3,8,0]">181</label>
<label id="[12,1,1,3,8,1]">81</label>
<label id="[12,1,1,3,8,2]">75</label>
<label id="[12,1,2,3,16,0]">185</label>
<label id="[12,1,2,3,16,1]">74</label>
<label id="[12,1,2,3,16,2]">46</label>
<label id="[12,1,2,3,24,0]">16</label>
<label id="[12,2,0,3,1,0]">56</label>
<label id="[12,2,0,3,1,1]">31</label>
<label id="[12,2,1,3,25,0]">36</label>
<label id="[12,2,1,3,25,1]">12</label>
<label id="[12,2,1,3,25,2]">12</label>
<label id="[12,2,1,3,9,0]">230</label>
<label id="[12,2,1,3,9,1]">109</label>
<label id="[12,2,1,3,9,2]">99</label>
<label id="[12,2,2,3,17,0]">225</label>
<label id="[12,2,2,3,17,1]">97</label>
<label id="[12,2,2,3,17,2]">59</label>
<label id="[12,2,2,3,25,0]">18</label>
<label id="[13,0,1,3,1,1]">15</label>
<label id="[13,0,1,3,10,1]">100</label>
<label id="[13,0,1,3,17,1]">62</label>
<label id="[13,0,1,3,18,1]">309</label>
<label id="[13,0,1,3,2,1]">92</label>
<label id="[13,0,1,3,25,1]">3</label>
<label id="[13,0,1,3,26,1]">13</label>
<label id="[13,0,1,3,34,1]">10</label>
<label id="[13,0,1,3,9,2]">75</label>
<label id="[13,0,2,3,1,1]">5</label>
<label id="[13,0,2,3,17,2]">10</label>
<label id="[13,0,2,3,18,1]">20</label>
<label id="[13,0,2,3,2,1]">28</label>
<label id="[13,0,2,3,34,1]">6</label>
<label id="[13,1,1,3,0,1]">94</label>
<label id="[13,1,1,3,10,2]">110</label>
<label id="[13,1,1,3,16,1]">307</label>
<label id="[13,1,1,3,18,1]">95</label>
<label id="[13,1,1,3,2,1]">24</label>
<label id="[13,1,1,3,24,1]">17</label>
<label id="[13,1,1,3,26,1]">6</label>
<label id="[13,1,1,3,8,1]">90</label>
<label id="[13,1,2,3,0,1]">28</label>
<label id="[13,1,2,3,16,1]">18</label>
<label id="[13,1,2,3,18,2]">16</label>
<label id="[13,1,2,3,2,1]">8</label>
<label id="[13,2,1,3,0,1]">25</label>
<label id="[13,2,1,3,1,1]">86</label>
<label id="[13,2,1,3,16,1]">89</label>
<label id="[13,2,1,3,17,1]">287</label>
<label id="[13,2,1,3,24,1]">3</label>
<label id="[13,2,1,3,25,1]">12</label>
<label id="[13,2,1,3,8,2]">108</label>
<label id="[13,2,1,3,9,1]">90</label>
<label id="[13,2,2,3,0,1]">9</label>
<label id="[13,2,2,3,1,1]">26</label>
<label id="[13,2,2,3,16,2]">14</label>
<label id="[13,2,2,3,17,1]">18</label>
<label id="[14,0,1,3,1,1]">15</label>
<label id="[14,0,1,3,10,2]">70</label>
<label id="[14,0,1,3,17,1]">59</label>
<label id="[14,0,1,3,18,1]">72</label>
<label id="[14,0,1,3,2,1]">18</label>
<label id="[14,0,1,3,9,1]">75</label>
<label id="[14,0,2,3,1,1]">5</label>
<label id="[14,0,2,3,17,1]">10</label>
<label id="[14,0,2,3,18,2]">12</label>
<label id="[14,0,2,3,2,1]">6</label>
<label id="[14,1,1,3,0,1]">12</label>
<label id="[14,1,1,3,10,1]">110</label>
<label id="[14,1,1,3,16,1]">46</label>
<label id="[14,1,1,3,18,1]">90</label>
<label id="[14,1,1,3,2,1]">24</label>
<label id="[14,1,1,3,8,2]">40</label>
<label id="[14,1,2,3,0,1]">4</label>
<label id="[14,1,2,3,16,2]">8</label>
<label id="[14,1,2,3,18,1]">16</label>
<label id="[14,1,2,3,2,1]">8</label>
<label id="[14,2,1,3,0,1]">21</label>
<label id="[14,2,1,3,1,1]">17</label>
<label id="[14,2,1,3,16,1]">86</label>
<label id="[14,2,1,3,17,1]">59</label>
<label id="[14,2,1,3,8,1]">108</label>
<label id="[14,2,1,3,9,2]">55</label>
<label id="[14,2,2,3,0,1]">7</label>
<label id="[14,2,2,3,1,1]">6</label>
<label id="[14,2,2,3,16,1]">14</label>
<label id="[14,2,2,3,17,2]">10</label>
<label id="[15,0,1,3,10,3]">70</label>
<label id="[15,0,1,3,18,1]">72</label>
<label id="[15,0,1,3,2,1]">18</label>
<label id="[15,0,2,3,18,3]">12</label>
<label id="[15,0,2,3,2,1]">6</label>
<label id="[15,1,1,3,0,1]">12</label>
<label id="[15,1,1,3,16,1]">46</label>
<label id="[15,1,1,3,8,3]">40</label>
<label id="[15,1,2,3,0,1]">4</label>
<label id="[15,1,2,3,16,3]">8</label>
<label id="[15,2,1,3,1,1]">17</label>
<label id="[15,2,1,3,17,1]">59</label>
<label id="[15,2,1,3,9,3]">55</label>
<label id="[15,2,2,3,1,1]">6</label>
<label id="[15,2,2,3,17,3]">10</label>
<label id="[17,0,1,3,10,1]">140</label>
<label id="[17,0,2,3,18,1]">28</label>
<label id="[17,1,1,3,8,1]">115</label>
<label id="[17,1,2,3,16,1]">23</label>
<label id="[17,2,1,3,9,1]">120</label>
<label id="[17,2,2,3,17,1]">24</label>
<label id="[2,0,0,1,0,0]">8</label>
<label id="[3,0,0,1,0,0]">8</label>
<label id="[4,0,0,1,34,0]">6</label>
<label id="[5,0,0,3,34,0]">6</label>
<label id="[6,0,0,0,32,0]">4</label>
<label id="[6,0,0,0,33,0]">5</label>
<label id="[7,1,0,2,32,0]">2</label>
<label id="[7,2,0,3,33,0]">1</label>
<label id="[8,1,0,2,32,0]">13</label>
<label id="[8,1,0,3,34,0]">8</label>
<label id="[8,2,0,3,33,0]">17</label>
<label id="[9,1,0,2,34,0]">8</label>
<label id="[9,1,0,3,0,0]">19</label>
<label id="[9,2,0,3,0,0]">13</label>
</state-labels><state-labels procid="4">
<label id="[0,0,0,0,0,0]">13</label>
<label id="[1,0,0,1,0,0]">1</label>
<label id="[10,0,0,3,1,0]">54</label>
<label id="[10,0,0,3,1,1]">28</label>
<label id="[10,0,0,3,10,1]">40</label>
<label id="[10,0,0,3,17,1]">38</label>
<label id="[10,0,0,3,17,2]">18</label>
<label id="[10,0,0,3,18,1]">197</label>
<label id="[10,0,0,3,2,0]">240</label>
<label id="[10,0,0,3,2,1]">170</label>
<label id="[10,0,0,3,25,1]">3</label>
<label id="[10,0,0,3,26,1]">13</label>
<label id="[10,0,0,3,34,0]">32</label>
<label id="[10,0,0,3,34,1]">20</label>
<label id="[10,0,0,3,9,2]">45</label>
<label id="[10,0,1,3,10,0]">790</label>
<label id="[10,0,1,3,10,1]">361</label>
<label id="[10,0,1,3,10,2]">349</label>
<label id="[10,0,1,3,25,0]">39</label>
<label id="[10,0,1,3,25,1]">13</label>
<label id="[10,0,1,3,25,2]">13</label>
<label id="[10,0,1,3,26,0]">147</label>
<label id="[10,0,1,3,26,1]">49</label>
<label id="[10,0,1,3,26,2]">49</label>
<label id="[10,0,1,3,9,0]">189</label>
<label id="[10,0,1,3,9,1]">114</label>
<label id="[10,0,1,3,9,2]">81</label>
<label id="[10,0,2,3,17,0]">201</label>
<label id="[10,0,2,3,17,1]">116</label>
<label id="[10,0,2,3,17,2]">56</label>
<label id="[10,0,2,3,18,0]">954</label>
<label id="[10,0,2,3,18,1]">378</label>
<label id="[10,0,2,3,18,2]">254</label>
<label id="[10,0,2,3,25,0]">19</label>
<label id="[10,0,2,3,26,0]">125</label>
<label id="[10,1,0,3,0,0]">257</label>
<label id="[10,1,0,3,0,1]">172</label>
<label id="[10,1,0,3,10,2]">80</label>
<label id="[10,1,0,3,16,1]">246</label>
<label id="[10,1,0,3,18,1]">71</label>
<label id="[10,1,0,3,18,2]">36</label>
<label id="[10,1,0,3,2,0]">90</label>
<label id="[10,1,0,3,2,1]">46</label>
<label id="[10,1,0,3,24,1]">17</label>
<label id="[10,1,0,3,26,1]">6</label>
<label id="[10,1,0,3,8,1]">50</label>
<label id="[10,1,1,3,10,0]">295</label>
<label id="[10,1,1,3,10,1]">169</label>
<label id="[10,1,1,3,10,2]">129</label>
<label id="[10,1,1,3,24,0]">141</label>
<label id="[10,1,1,3,24,1]">47</label>
<label id="[10,1,1,3,24,2]">47</label>
<label id="[10,1,1,3,26,0]">60</label>
<label id="[10,1,1,3,26,1]">20</label>
<label id="[10,1,1,3,26,2]">20</label>
<label id="[10,1,1,3,8,0]">691</label>
<label id="[10,1,1,3,8,1]">317</label>
<label id="[10,1,1,3,8,2]">309</label>
<label id="[10,1,2,3,16,0]">825</label>
<label id="[10,1,2,3,16,1]">334</label>
<label id="[10,1,2,3,16,2]">222</label>
<label id="[10,1,2,3,18,0]">318</label>
<label id="[10,1,2,3,18,1]">174</label>
<label id="[10,1,2,3,18,2]">90</label>
<label id="[10,1,2,3,24,0]">122</label>
<label id="[10,1,2,3,26,0]">32</label>
<label id="[10,2,0,3,0,0]">85</label>
<label id="[10,2,0,3,0,1]">46</label>
<label id="[10,2,0,3,1,0]">216</label>
<label id="[10,2,0,3,1,1]">156</label>
<label id="[10,2,0,3,16,1]">38</label>
<label id="[10,2,0,3,16,2]">18</label>
<label id="[10,2,0,3,17,1]">196</label>
<label id="[10,2,0,3,24,1]">3</label>
<label id="[10,2,0,3,25,1]">12</label>
<label id="[10,2,0,3,8,2]">45</label>
<label id="[10,2,0,3,9,1]">40</label>
<label id="[10,2,1,3,24,0]">51</label>
<label id="[10,2,1,3,24,1]">17</label>
<label id="[10,2,1,3,24,2]">17</label>
<label id="[10,2,1,3,25,0]">138</label>
<label id="[10,2,1,3,25,1]">46</label>
<label id="[10,2,1,3,25,2]">46</label>
<label id="[10,2,1,3,8,0]">263</label>
<label id="[10,2,1,3,8,1]">170</label>
<label id="[10,2,1,3,8,2]">113</label>
<label id="[10,2,1,3,9,0]">735</label>
<label id="[10,2,1,3,9,1]">333</label>
<label id="[10,2,1,3,9,2]">321</label>
<label id="[10,2,2,3,16,0]">271</label>
<label id="[10,2,2,3,16,1]">158</label>
<label id="[10,2,2,3,16,2]">76</label>
<label id="[10,2,2,3,17,0]">874</label>
<label id="[10,2,2,3,17,1]">342</label>
<label id="[10,2,2,3,17,2]">228</label>
<label id="[10,2,2,3,24,0]">23</label>
<label id="[10,2,2,3,25,0]">120</label>
<label id="[11,0,0,3,1,0]">54</label>
<label id="[11,0,0,3,1,1]">28</label>
<label id="[11,0,0,3,10,0]">16</label>
<label id="[11,0,0,3,10,1]">8</label>
<label id="[11,0,0,3,10,2]">70</label>
<label id="[11,0,0,3,17,0]">14</label>
<label id="[11,0,0,3,17,1]">98</label>
<label id="[11,0,0,3,18,0]">14</label>
<label id="[11,0,0,3,18,1]">72</label>
<label id="[11,0,0,3,18,2]">46</label>
<label id="[11,0,0,3,2,0]">60</label>
<label id="[11,0,0,3,2,1]">32</label>
<label id="[11,0,0,3,9,0]">16</label>
<label id="[11,0,0,3,9,1]">83</label>
<label id="[11,0,1,3,10,0]">215</label>
<label id="[11,0,1,3,10,1]">111</label>
<label id="[11,0,1,3,10,2]">97</label>
<label id="[11,0,1,3,25,0]">45</label>
<label id="[11,0,1,3,25,1]">15</label>
<label id="[11,0,1,3,25,2]">15</label>
<label id="[11,0,1,3,26,0]">54</label>
<label id="[11,0,1,3,26,1]">18</label>
<label id="[11,0,1,3,26,2]">18</label>
<label id="[11,0,1,3,9,0]">125</label>
<label id="[11,0,1,3,9,1]">65</label>
<label id="[11,0,1,3,9,2]">65</label>
<label id="[11,0,2,3,10,0]">48</label>
<label id="[11,0,2,3,10,1]">18</label>
<label id="[11,0,2,3,10,2]">16</label>
<label id="[11,0,2,3,17,0]">187</label>
<label id="[11,0,2,3,17,1]">86</label>
<label id="[11,0,2,3,17,2]">56</label>
<label id="[11,0,2,3,18,0]">251</label>
<label id="[11,0,2,3,18,1]">112</label>
<label id="[11,0,2,3,18,2]">66</label>
<label id="[11,0,2,3,25,0]">21</label>
<label id="[11,0,2,3,26,0]">24</label>
<label id="[11,0,2,3,9,0]">48</label>
<label id="[11,0,2,3,9,1]">16</label>
<label id="[11,0,2,3,9,2]">16</label>
<label id="[11,1,0,3,0,0]">42</label>
<label id="[11,1,0,3,0,1]">22</label>
<label id="[11,1,0,3,10,0]">28</label>
<label id="[11,1,0,3,10,1]">123</label>
<label id="[11,1,0,3,16,0]">12</label>
<label id="[11,1,0,3,16,1]">46</label>
<label id="[11,1,0,3,16,2]">34</label>
<label id="[11,1,0,3,18,0]">26</label>
<label id="[11,1,0,3,18,1]">152</label>
<label id="[11,1,0,3,2,0]">90</label>
<label id="[11,1,0,3,2,1]">46</label>
<label id="[11,1,0,3,8,0]">12</label>
<label id="[11,1,0,3,8,1]">6</label>
<label id="[11,1,0,3,8,2]">40</label>
<label id="[11,1,1,3,10,0]">197</label>
<label id="[11,1,1,3,10,1]">103</label>
<label id="[11,1,1,3,10,2]">103</label>
<label id="[11,1,1,3,24,0]">36</label>
<label id="[11,1,1,3,24,1]">12</label>
<label id="[11,1,1,3,24,2]">12</label>
<label id="[11,1,1,3,26,0]">66</label>
<label id="[11,1,1,3,26,1]">22</label>
<label id="[11,1,1,3,26,2]">22</label>
<label id="[11,1,1,3,8,0]">133</label>
<label id="[11,1,1,3,8,1]">63</label>
<label id="[11,1,1,3,8,2]">63</label>
<label id="[11,1,2,3,10,0]">84</label>
<label id="[11,1,2,3,10,1]">28</label>
<label id="[11,1,2,3,10,2]">28</label>
<label id="[11,1,2,3,16,0]">173</label>
<label id="[11,1,2,3,16,1]">70</label>
<label id="[11,1,2,3,16,2]">46</label>
<label id="[11,1,2,3,18,0]">297</label>
<label id="[11,1,2,3,18,1]">138</label>
<label id="[11,1,2,3,18,2]">90</label>
<label id="[11,1,2,3,24,0]">18</label>
<label id="[11,1,2,3,26,0]">34</label>
<label id="[11,1,2,3,8,0]">36</label>
<label id="[11,1,2,3,8,1]">12</label>
<label id="[11,1,2,3,8,2]">12</label>
<label id="[11,2,0,3,0,0]">72</label>
<label id="[11,2,0,3,0,1]">38</label>
<label id="[11,2,0,3,1,0]">56</label>
<label id="[11,2,0,3,1,1]">31</label>
<label id="[11,2,0,3,16,0]">16</label>
<label id="[11,2,0,3,16,1]">133</label>
<label id="[11,2,0,3,17,0]">13</label>
<label id="[11,2,0,3,17,1]">59</label>
<label id="[11,2,0,3,17,2]">40</label>
<label id="[11,2,0,3,8,0]">20</label>
<label id="[11,2,0,3,8,1]">118</label>
<label id="[11,2,0,3,9,0]">14</label>
<label id="[11,2,0,3,9,1]">7</label>
<label id="[11,2,0,3,9,2]">55</label>
<label id="[11,2,1,3,24,0]">63</label>
<label id="[11,2,1,3,24,1]">21</label>
<label id="[11,2,1,3,24,2]">21</label>
<label id="[11,2,1,3,25,0]">45</label>
<label id="[11,2,1,3,25,1]">15</label>
<label id="[11,2,1,3,25,2]">15</label>
<label id="[11,2,1,3,8,0]">181</label>
<label id="[11,2,1,3,8,1]">93</label>
<label id="[11,2,1,3,8,2]">93</label>
<label id="[11,2,1,3,9,0]">174</label>
<label id="[11,2,1,3,9,1]">87</label>
<label id="[11,2,1,3,9,2]">80</label>
<label id="[11,2,2,3,16,0]">255</label>
<label id="[11,2,2,3,16,1]">118</label>
<label id="[11,2,2,3,16,2]">76</label>
<label id="[11,2,2,3,17,0]">212</label>
<label id="[11,2,2,3,17,1]">91</label>
<label id="[11,2,2,3,17,2]">56</label>
<label id="[11,2,2,3,24,0]">27</label>
<label id="[11,2,2,3,25,0]">21</label>
<label id="[11,2,2,3,8,0]">62</label>
<label id="[11,2,2,3,8,1]">20</label>
<label id="[11,2,2,3,8,2]">20</label>
<label id="[11,2,2,3,9,0]">42</label>
<label id="[11,2,2,3,9,1]">15</label>
<label id="[11,2,2,3,9,2]">14</label>
<label id="[12,0,0,3,2,0]">60</label>
<label id="[12,0,0,3,2,1]">32</label>
<label id="[12,0,1,3,10,0]">279</label>
<label id="[12,0,1,3,10,1]">137</label>
<label id="[12,0,1,3,10,2]">123</label>
<label id="[12,0,1,3,26,0]">42</label>
<label id="[12,0,1,3,26,1]">14</label>
<label id="[12,0,1,3,26,2]">14</label>
<label id="[12,0,2,3,18,0]">265</label>
<label id="[12,0,2,3,18,1]">120</label>
<label id="[12,0,2,3,18,2]">72</label>
<label id="[12,0,2,3,26,0]">20</label>
<label id="[12,1,0,3,0,0]">42</label>
<label id="[12,1,0,3,0,1]">22</label>
<label id="[12,1,1,3,24,0]">30</label>
<label id="[12,1,1,3,24,1]">10</label>
<label id="[12,1,1,3,24,2]">10</label>
<label id="[12,1,1,3,8,0]">181</label>
<label id="[12,1,1,3,8,1]">81</label>
<label id="[12,1,1,3,8,2]">75</label>
<label id="[12,1,2,3,16,0]">185</label>
<label id="[12,1,2,3,16,1]">74</label>
<label id="[12,1,2,3,16,2]">46</label>
<label id="[12,1,2,3,24,0]">16</label>
<label id="[12,2,0,3,1,0]">56</label>
<label id="[12,2,0,3,1,1]">31</label>
<label id="[12,2,1,3,25,0]">36</label>
<label id="[12,2,1,3,25,1]">12</label>
<label id="[12,2,1,3,25,2]">12</label>
<label id="[12,2,1,3,9,0]">230</label>
<label id="[12,2,1,3,9,1]">109</label>
<label id="[12,2,1,3,9,2]">99</label>
<label id="[12,2,2,3,17,0]">225</label>
<label id="[12,2,2,3,17,1]">97</label>
<label id="[12,2,2,3,17,2]">59</label>
<label id="[12,2,2,3,25,0]">18</label>
<label id="[13,0,1,3,1,1]">15</label>
<label id="[13,0,1,3,10,1]">100</label>
<label id="[13,0,1,3,17,1]">62</label>
<label id="[13,0,1,3,18,1]">309</label>
<label id="[13,0,1,3,2,1]">92</label>
<label id="[13,0,1,3,25,1]">3</label>
<label id="[13,0,1,3,26,1]">13</label>
<label id="[13,0,1,3,34,1]">10</label>
<label id="[13,0,1,3,9,2]">75</label>
<label id="[13,0,2,3,1,1]">5</label>
<label id="[13,0,2,3,17,2]">10</label>
<label id="[13,0,2,3,18,1]">20</label>
<label id="[13,0,2,3,2,1]">28</label>
<label id="[13,0,2,3,34,1]">6</label>
<label id="[13,1,1,3,0,1]">94</label>
<label id="[13,1,1,3,10,2]">110</label>
<label id="[13,1,1,3,16,1]">307</label>
<label id="[13,1,1,3,18,1]">95</label>
<label id="[13,1,1,3,2,1]">24</label>
<label id="[13,1,1,3,24,1]">17</label>
<label id="[13,1,1,3,26,1]">6</label>
<label id="[13,1,1,3,8,1]">90</label>
<label id="[13,1,2,3,0,1]">28</label>
<label id="[13,1,2,3,16,1]">18</label>
<label id="[13,1,2,3,18,2]">16</label>
<label id="[13,1,2,3,2,1]">8</label>
<label id="[13,2,1,3,0,1]">25</label>
<label id="[13,2,1,3,1,1]">86</label>
<label id="[13,2,1,3,16,1]">89</label>
<label id="[13,2,1,3,17,1]">287</label>
<label id="[13,2,1,3,24,1]">3</label>
<label id="[13,2,1,3,25,1]">12</label>
<label id="[13,2,1,3,8,2]">108</label>
<label id="[13,2,1,3,9,1]">90</label>
<label id="[13,2,2,3,0,1]">9</label>
<label id="[13,2,2,3,1,1]">26</label>
<label id="[13,2,2,3,16,2]">14</label>
<label id="[13,2,2,3,17,1]">18</label>
<label id="[14,0,1,3,1,1]">15</label>
<label id="[14,0,1,3,10,2]">70</label>
<label id="[14,0,1,3,17,1]">59</label>
<label id="[14,0,1,3,18,1]">72</label>
<label id="[14,0,1,3,2,1]">18</label>
<label id="[14,0,1,3,9,1]">75</label>
<label id="[14,0,2,3,1,1]">5</label>
<label id="[14,0,2,3,17,1]">10</label>
<label id="[14,0,2,3,18,2]">12</label>
<label id="[14,0,2,3,2,1]">6</label>
<label id="[14,1,1,3,0,1]">12</label>
<label id="[14,1,1,3,10,1]">110</label>
<label id="[14,1,1,3,16,1]">46</label>
<label id="[14,1,1,3,18,1]">90</label>
<label id="[14,1,1,3,2,1]">24</label>
<label id="[14,1,1,3,8,2]">40</label>
<label id="[14,1,2,3,0,1]">4</label>
<label id="[14,1,2,3,16,2]">8</label>
<label id="[14,1,2,3,18,1]">16</label>
<label id="[14,1,2,3,2,1]">8</label>
<label id="[14,2,1,3,0,1]">21</label>
<label id="[14,2,1,3,1,1]">17</label>
<label id="[14,2,1,3,16,1]">86</label>
<label id="[14,2,1,3,17,1]">59</label>
<label id="[14,2,1,3,8,1]">108</label>
<label id="[14,2,1,3,9,2]">55</label>
<label id="[14,2,2,3,0,1]">7</label>
<label id="[14,2,2,3,1,1]">6</label>
<label id="[14,2,2,3,16,1]">14</label>
<label id="[14,2,2,3,17,2]">10</label>
<label id="[15,0,1,3,10,3]">70</label>
<label id="[15,0,1,3,18,1]">72</label>
<label id="[15,0,1,3,2,1]">18</label>
<label id="[15,0,2,3,18,3]">12</label>
<label id="[15,0,2,3,2,1]">6</label>
<label id="[15,1,1,3,0,1]">12</label>
<label id="[15,1,1,3,16,1]">46</label>
<label id="[15,1,1,3,8,3]">40</label>
<label id="[15,1,2,3,0,1]">4</label>
<label id="[15,1,2,3,16,3]">8</label>
<label id="[15,2,1,3,1,1]">17</label>
<label id="[15,2,1,3,17,1]">59</label>
<label id="[15,2,1,3,9,3]">55</label>
<label id="[15,2,2,3,1,1]">6</label>
<label id="[15,2,2,3,17,3]">10</label>
<label id="[17,0,1,3,10,1]">140</label>
<label id="[17,0,2,3,18,1]">28</label>
<label id="[17,1,1,3,8,1]">115</label>
<label id="[17,1,2,3,16,1]">23</label>
<label id="[17,2,1,3,9,1]">120</label>
<label id="[17,2,2,3,17,1]">24</label>
<label id="[2,0,0,1,0,0]">8</label>
<label id="[3,0,0,1,0,0]">8</label>
<label id="[4,0,0,1,34,0]">6</label>
<label id="[5,0,0,3,34,0]">6</label>
<label id="[6,0,0,0,32,0]">4</label>
<label id="[6,0,0,0,33,0]">5</label>
<label id="[7,1,0,2,32,0]">2</label>
<label id="[7,2,0,3,33,0]">1</label>
<label id="[8,1,0,2,32,0]">13</label>
<label id="[8,1,0,3,34,0]">8</label>
<label id="[8,2,0,3,33,0]">17</label>
<label id="[9,1,0,2,34,0]">8</label>
<label id="[9,1,0,3,0,0]">19</label>
<label id="[9,2,0,3,0,0]">13</label>
</state-labels><state-labels procid="5">
<label id="[0,0,0,0,0,0]">13</label>
<label id="[1,0,0,1,0,0]">1</label>
<label id="[10,0,0,3,1,0]">54</label>
<label id="[10,0,0,3,1,1]">28</label>
<label id="[10,0,0,3,10,1]">40</label>
<label id="[10,0,0,3,17,1]">38</label>
<label id="[10,0,0,3,17,2]">18</label>
<label id="[10,0,0,3,18,1]">197</label>
<label id="[10,0,0,3,2,0]">240</label>
<label id="[10,0,0,3,2,1]">170</label>
<label id="[10,0,0,3,25,1]">3</label>
<label id="[10,0,0,3,26,1]">13</label>
<label id="[10,0,0,3,34,0]">32</label>
<label id="[10,0,0,3,34,1]">20</label>
<label id="[10,0,0,3,9,2]">45</label>
<label id="[10,0,1,3,10,0]">790</label>
<label id="[10,0,1,3,10,1]">361</label>
<label id="[10,0,1,3,10,2]">349</label>
<label id="[10,0,1,3,25,0]">39</label>
<label id="[10,0,1,3,25,1]">13</label>
<label id="[10,0,1,3,25,2]">13</label>
<label id="[10,0,1,3,26,0]">147</label>
<label id="[10,0,1,3,26,1]">49</label>
<label id="[10,0,1,3,26,2]">49</label>
<label id="[10,0,1,3,9,0]">189</label>
<label id="[10,0,1,3,9,1]">114</label>
<label id="[10,0,1,3,9,2]">81</label>
<label id="[10,0,2,3,17,0]">201</label>
<label id="[10,0,2,3,17,1]">116</label>
<label id="[10,0,2,3,17,2]">56</label>
<label id="[10,0,2,3,18,0]">954</label>
<label id="[10,0,2,3,18,1]">378</label>
<label id="[10,0,2,3,18,2]">254</label>
<label id="[10,0,2,3,25,0]">19</label>
<label id="[10,0,2,3,26,0]">125</label>
<label id="[10,1,0,3,0,0]">257</label>
<label id="[10,1,0,3,0,1]">172</label>
<label id="[10,1,0,3,10,2]">80</label>
<label id="[10,1,0,3,16,1]">246</label>
<label id="[10,1,0,3,18,1]">71</label>
<label id="[10,1,0,3,18,2]">36</label>
<label id="[10,1,0,3,2,0]">90</label>
<label id="[10,1,0,3,2,1]">46</label>
<label id="[10,1,0,3,24,1]">17</label>
<label id="[10,1,0,3,26,1]">6</label>
<label id="[10,1,0,3,8,1]">50</label>
<label id="[10,1,1,3,10,0]">295</label>
<label id="[10,1,1,3,10,1]">169</label>
<label id="[10,1,1,3,10,2]">129</label>
<label id="[10,1,1,3,24,0]">141</label>
<label id="[10,1,1,3,24,1]">47</label>
<label id="[10,1,1,3,24,2]">47</label>
<label id="[10,1,1,3,26,0]">60</label>
<label id="[10,1,1,3,26,1]">20</label>
<label id="[10,1,1,3,26,2]">20</label>
<label id="[10,1,1,3,8,0]">691</label>
<label id="[10,1,1,3,8,1]">317</label>
<label id="[10,1,1,3,8,2]">309</label>
<label id="[10,1,2,3,16,0]">825</label>
<label id="[10,1,2,3,16,1]">334</label>
<label id="[10,1,2,3,16,2]">222</label>
<label id="[10,1,2,3,18,0]">318</label>
<label id="[10,1,2,3,18,1]">174</label>
<label id="[10,1,2,3,18,2]">90</label>
<label id="[10,1,2,3,24,0]">122</label>
<label id="[10,1,2,3,26,0]">32</label>
<label id="[10,2,0,3,0,0]">85</label>
<label id="[10,2,0,3,0,1]">46</label>
<label id="[10,2,0,3,1,0]">216</label>
<label id="[10,2,0,3,1,1]">156</label>
<label id="[10,2,0,3,16,1]">38</label>
<label id="[10,2,0,3,16,2]">18</label>
<label id="[10,2,0,3,17,1]">196</label>
<label id="[10,2,0,3,24,1]">3</label>
<label id="[10,2,0,3,25,1]">12</label>
<label id="[10,2,0,3,8,2]">45</label>
<label id="[10,2,0,3,9,1]">40</label>
<label id="[10,2,1,3,24,0]">51</label>
<label id="[10,2,1,3,24,1]">17</label>
<label id="[10,2,1,3,24,2]">17</label>
<label id="[10,2,1,3,25,0]">138</label>
<label id="[10,2,1,3,25,1]">46</label>
<label id="[10,2,1,3,25,2]">46</label>
<label id="[10,2,1,3,8,0]">263</label>
<label id="[10,2,1,3,8,1]">170</label>
<label id="[10,2,1,3,8,2]">113</label>
<label id="[10,2,1,3,9,0]">735</label>
<label id="[10,2,1,3,9,1]">333</label>
<label id="[10,2,1,3,9,2]">321</label>
<label id="[10,2,2,3,16,0]">271</label>
<label id="[10,2,2,3,16,1]">158</label>
<label id="[10,2,2,3,16,2]">76</label>
<label id="[10,2,2,3,17,0]">874</label>
<label id="[10,2,2,3,17,1]">342</label>
<label id="[10,2,2,3,17,2]">228</label>
<label id="[10,2,2,3,24,0]">23</label>
<label id="[10,2,2,3,25,0]">120</label>
<label id="[11,0,0,3,1,0]">54</label>
<label id="[11,0,0,3,1,1]">28</label>
<label id="[11,0,0,3,10,0]">16</label>
<label id="[11,0,0,3,10,1]">8</label>
<label id="[11,0,0,3,10,2]">70</label>
<label id="[11,0,0,3,17,0]">14</label>
<label id="[11,0,0,3,17,1]">98</label>
<label id="[11,0,0,3,18,0]">14</label>
<label id="[11,0,0,3,18,1]">72</label>
<label id="[11,0,0,3,18,2]">46</label>
<label id="[11,0,0,3,2,0]">60</label>
<label id="[11,0,0,3,2,1]">32</label>
<label id="[11,0,0,3,9,0]">16</label>
<label id="[11,0,0,3,9,1]">83</label>
<label id="[11,0,1,3,10,0]">215</label>
<label id="[11,0,1,3,10,1]">111</label>
<label id="[11,0,1,3,10,2]">97</label>
<label id="[11,0,1,3,25,0]">45</label>
<label id="[11,0,1,3,25,1]">15</label>
<label id="[11,0,1,3,25,2]">15</label>
<label id="[11,0,1,3,26,0]">54</label>
<label id="[11,0,1,3,26,1]">18</label>
<label id="[11,0,1,3,26,2]">18</label>
<label id="[11,0,1,3,9,0]">125</label>
<label id="[11,0,1,3,9,1]">65</label>
<label id="[11,0,1,3,9,2]">65</label>
<label id="[11,0,2,3,10,0]">48</label>
<label id="[11,0,2,3,10,1]">18</label>
<label id="[11,0,2,3,10,2]">16</label>
<label id="[11,0,2,3,17,0]">187</label>
<label id="[11,0,2,3,17,1]">86</label>
<label id="[11,0,2,3,17,2]">56</label>
<label id="[11,0,2,3,18,0]">251</label>
<label id="[11,0,2,3,18,1]">112</label>
<label id="[11,0,2,3,18,2]">66</label>
<label id="[11,0,2,3,25,0]">21</label>
<label id="[11,0,2,3,26,0]">24</label>
<label id="[11,0,2,3,9,0]">48</label>
<label id="[11,0,2,3,9,1]">16</label>
<label id="[11,0,2,3,9,2]">16</label>
<label id="[11,1,0,3,0,0]">42</label>
<label id="[11,1,0,3,0,1]">22</label>
<label id="[11,1,0,3,10,0]">28</label>
<label id="[11,1,0,3,10,1]">123</label>
<label id="[11,1,0,3,16,0]">12</label>
<label id="[11,1,0,3,16,1]">46</label>
<label id="[11,1,0,3,16,2]">34</label>
<label id="[11,1,0,3,18,0]">26</label>
<label id="[11,1,0,3,18,1]">152</label>
<label id="[11,1,0,3,2,0]">90</label>
<label id="[11,1,0,3,2,1]">46</label>
<label id="[11,1,0,3,8,0]">12</label>
<label id="[11,1,0,3,8,1]">6</label>
<label id="[11,1,0,3,8,2]">40</label>
<label id="[11,1,1,3,10,0]">197</label>
<label id="[11,1,1,3,10,1]">103</label>
<label id="[11,1,1,3,10,2]">103</label>
<label id="[11,1,1,3,24,0]">36</label>
<label id="[11,1,1,3,24,1]">12</label>
<label id="[11,1,1,3,24,2]">12</label>
<label id="[11,1,1,3,26,0]">66</label>
<label id="[11,1,1,3,26,1]">22</label>
<label id="[11,1,1,3,26,2]">22</label>
<label id="[11,1,1,3,8,0]">133</label>
<label id="[11,1,1,3,8,1]">63</label>
<label id="[11,1,1,3,8,2]">63</label>
<label id="[11,1,2,3,10,0]">84</label>
<label id="[11,1,2,3,10,1]">28</label>
<label id="[11,1,2,3,10,2]">28</label>
<label id="[11,1,2,3,16,0]">173</label>
<label id="[11,1,2,3,16,1]">70</label>
<label id="[11,1,2,3,16,2]">46</label>
<label id="[11,1,2,3,18,0]">297</label>
<label id="[11,1,2,3,18,1]">138</label>
<label id="[11,1,2,3,18,2]">90</label>
<label id="[11,1,2,3,24,0]">18</label>
<label id="[11,1,2,3,26,0]">34</label>
<label id="[11,1,2,3,8,0]">36</label>
<label id="[11,1,2,3,8,1]">12</label>
<label id="[11,1,2,3,8,2]">12</label>
<label id="[11,2,0,3,0,0]">72</label>
<label id="[11,2,0,3,0,1]">38</label>
<label id="[11,2,0,3,1,0]">56</label>
<label id="[11,2,0,3,1,1]">31</label>
<label id="[11,2,0,3,16,0]">16</label>
<label id="[11,2,0,3,16,1]">133</label>
<label id="[11,2,0,3,17,0]">13</label>
<label id="[11,2,0,3,17,1]">59</label>
<label id="[11,2,0,3,17,2]">40</label>
<label id="[11,2,0,3,8,0]">20</label>
<label id="[11,2,0,3,8,1]">118</label>
<label id="[11,2,0,3,9,0]">14</label>
<label id="[11,2,0,3,9,1]">7</label>
<label id="[11,2,0,3,9,2]">55</label>
<label id="[11,2,1,3,24,0]">63</label>
<label id="[11,2,1,3,24,1]">21</label>
<label id="[11,2,1,3,24,2]">21</label>
<label id="[11,2,1,3,25,0]">45</label>
<label id="[11,2,1,3,25,1]">15</label>
<label id="[11,2,1,3,25,2]">15</label>
<label id="[11,2,1,3,8,0]">181</label>
<label id="[11,2,1,3,8,1]">93</label>
<label id="[11,2,1,3,8,2]">93</label>
<label id="[11,2,1,3,9,0]">174</label>
<label id="[11,2,1,3,9,1]">87</label>
<label id="[11,2,1,3,9,2]">80</label>
<label id="[11,2,2,3,16,0]">255</label>
<label id="[11,2,2,3,16,1]">118</label>
<label id="[11,2,2,3,16,2]">76</label>
<label id="[11,2,2,3,17,0]">212</label>
<label id="[11,2,2,3,17,1]">91</label>
<label id="[11,2,2,3,17,2]">56</label>
<label id="[11,2,2,3,24,0]">27</label>
<label id="[11,2,2,3,25,0]">21</label>
<label id="[11,2,2,3,8,0]">62</label>
<label id="[11,2,2,3,8,1]">20</label>
<label id="[11,2,2,3,8,2]">20</label>
<label id="[11,2,2,3,9,0]">42</label>
<label id="[11,2,2,3,9,1]">15</label>
<label id="[11,2,2,3,9,2]">14</label>
<label id="[12,0,0,3,2,0]">60</label>
<label id="[12,0,0,3,2,1]">32</label>
<label id="[12,0,1,3,10,0]">279</label>
<label id="[12,0,1,3,10,1]">137</label>
<label id="[12,0,1,3,10,2]">123</label>
<label id="[12,0,1,3,26,0]">42</label>
<label id="[12,0,1,3,26,1]">14</label>
<label id="[12,0,1,3,26,2]">14</label>
<label id="[12,0,2,3,18,0]">265</label>
<label id="[12,0,2,3,18,1]">120</label>
<label id="[12,0,2,3,18,2]">72</label>
<label id="[12,0,2,3,26,0]">20</label>
<label id="[12,1,0,3,0,0]">42</label>
<label id="[12,1,0,3,0,1]">22</label>
<label id="[12,1,1,3,24,0]">30</label>
<label id="[12,1,1,3,24,1]">10</label>
<label id="[12,1,1,3,24,2]">10</label>
<label id="[12,1,1,3,8,0]">181</label>
<label id="[12,1,1,3,8,1]">81</label>
<label id="[12,1,1,3,8,2]">75</label>
<label id="[12,1,2,3,16,0]">185</label>
<label id="[12,1,2,3,16,1]">74</label>
<label id="[12,1,2,3,16,2]">46</label>
<label id="[12,1,2,3,24,0]">16</label>
<label id="[12,2,0,3,1,0]">56</label>
<label id="[12,2,0,3,1,1]">31</label>
<label id="[12,2,1,3,25,0]">36</label>
<label id="[12,2,1,3,25,1]">12</label>
<label id="[12,2,1,3,25,2]">12</label>
<label id="[12,2,1,3,9,0]">230</label>
<label id="[12,2,1,3,9,1]">109</label>
<label id="[12,2,1,3,9,2]">99</label>
<label id="[12,2,2,3,17,0]">225</label>
<label id="[12,2,2,3,17,1]">97</label>
<label id="[12,2,2,3,17,2]">59</label>
<label id="[12,2,2,3,25,0]">18</label>
<label id="[13,0,1,3,1,1]">15</label>
<label id="[13,0,1,3,10,1]">100</label>
<label id="[13,0,1,3,17,1]">62</label>
<label id="[13,0,1,3,18,1]">309</label>
<label id="[13,0,1,3,2,1]">92</label>
<label id="[13,0,1,3,25,1]">3</label>
<label id="[13,0,1,3,26,1]">13</label>
<label id="[13,0,1,3,34,1]">10</label>
<label id="[13,0,1,3,9,2]">75</label>
<label id="[13,0,2,3,1,1]">5</label>
<label id="[13,0,2,3,17,2]">10</label>
<label id="[13,0,2,3,18,1]">20</label>
<label id="[13,0,2,3,2,1]">28</label>
<label id="[13,0,2,3,34,1]">6</label>
<label id="[13,1,1,3,0,1]">94</label>
<label id="[13,1,1,3,10,2]">110</label>
<label id="[13,1,1,3,16,1]">307</label>
<label id="[13,1,1,3,18,1]">95</label>
<label id="[13,1,1,3,2,1]">24</label>
<label id="[13,1,1,3,24,1]">17</label>
<label id="[13,1,1,3,26,1]">6</label>
<label id="[13,1,1,3,8,1]">90</label>
<label id="[13,1,2,3,0,1]">28</label>
<label id="[13,1,2,3,16,1]">18</label>
<label id="[13,1,2,3,18,2]">16</label>
<label id="[13,1,2,3,2,1]">8</label>
<label id="[13,2,1,3,0,1]">25</label>
<label id="[13,2,1,3,1,1]">86</label>
<label id="[13,2,1,3,16,1]">89</label>
<label id="[13,2,1,3,17,1]">287</label>
<label id="[13,2,1,3,24,1]">3</label>
<label id="[13,2,1,3,25,1]">12</label>
<label id="[13,2,1,3,8,2]">108</label>
<label id="[13,2,1,3,9,1]">90</label>
<label id="[13,2,2,3,0,1]">9</label>
<label id="[13,2,2,3,1,1]">26</label>
<label id="[13,2,2,3,16,2]">14</label>
<label id="[13,2,2,3,17,1]">18</label>
<label id="[14,0,1,3,1,1]">15</label>
<label id="[14,0,1,3,10,2]">70</label>
<label id="[14,0,1,3,17,1]">59</label>
<label id="[14,0,1,3,18,1]">72</label>
<label id="[14,0,1,3,2,1]">18</label>
<label id="[14,0,1,3,9,1]">75</label>
<label id="[14,0,2,3,1,1]">5</label>
<label id="[14,0,2,3,17,1]">10</label>
<label id="[14,0,2,3,18,2]">12</label>
<label id="[14,0,2,3,2,1]">6</label>
<label id="[14,1,1,3,0,1]">12</label>
<label id="[14,1,1,3,10,1]">110</label>
<label id="[14,1,1,3,16,1]">46</label>
<label id="[14,1,1,3,18,1]">90</label>
<label id="[14,1,1,3,2,1]">24</label>
<label id="[14,1,1,3,8,2]">40</label>
<label id="[14,1,2,3,0,1]">4</label>
<label id="[14,1,2,3,16,2]">8</label>
<label id="[14,1,2,3,18,1]">16</label>
<label id="[14,1,2,3,2,1]">8</label>
<label id="[14,2,1,3,0,1]">21</label>
<label id="[14,2,1,3,1,1]">17</label>
<label id="[14,2,1,3,16,1]">86</label>
<label id="[14,2,1,3,17,1]">59</label>
<label id="[14,2,1,3,8,1]">108</label>
<label id="[14,2,1,3,9,2]">55</label>
<label id="[14,2,2,3,0,1]">7</label>
<label id="[14,2,2,3,1,1]">6</label>
<label id="[14,2,2,3,16,1]">14</label>
<label id="[14,2,2,3,17,2]">10</label>
<label id="[15,0,1,3,10,3]">70</label>
<label id="[15,0,1,3,18,1]">72</label>
<label id="[15,0,1,3,2,1]">18</label>
<label id="[15,0,2,3,18,3]">12</label>
<label id="[15,0,2,3,2,1]">6</label>
<label id="[15,1,1,3,0,1]">12</label>
<label id="[15,1,1,3,16,1]">46</label>
<label id="[15,1,1,3,8,3]">40</label>
<label id="[15,1,2,3,0,1]">4</label>
<label id="[15,1,2,3,16,3]">8</label>
<label id="[15,2,1,3,1,1]">17</label>
<label id="[15,2,1,3,17,1]">59</label>
<label id="[15,2,1,3,9,3]">55</label>
<label id="[15,2,2,3,1,1]">6</label>
<label id="[15,2,2,3,17,3]">10</label>
<label id="[17,0,1,3,10,1]">140</label>
<label id="[17,0,2,3,18,1]">28</label>
<label id="[17,1,1,3,8,1]">115</label>
<label id="[17,1,2,3,16,1]">23</label>
<label id="[17,2,1,3,9,1]">120</label>
<label id="[17,2,2,3,17,1]">24</label>
<label id="[2,0,0,1,0,0]">8</label>
<label id="[3,0,0,1,0,0]">8</label>
<label id="[4,0,0,1,34,0]">6</label>
<label id="[5,0,0,3,34,0]">6</label>
<label id="[6,0,0,0,32,0]">4</label>
<label id="[6,0,0,0,33,0]">5</label>
<label id="[7,1,0,2,32,0]">2</label>
<label id="[7,2,0,3,33,0]">1</label>
<label id="[8,1,0,2,32,0]">13</label>
<label id="[8,1,0,3,34,0]">8</label>
<label id="[8,2,0,3,33,0]">17</label>
<label id="[9,1,0,2,34,0]">8</label>
<label id="[9,1,0,3,0,0]">19</label>
<label id="[9,2,0,3,0,0]">13</label>
</state-labels><state-labels procid="6">
<label id="[0]">1</label>
<label id="[1]">433</label>
<label id="[2]">3863</label>
<label id="[3]">433</label>
<label id="[4]">3863</label>
<label id="[5]">433</label>
<label id="[6]">3863</label>
<label id="[7]">261</label>
<label id="[8]">2442</label>
<label id="[9]">15180</label>
</state-labels></label-info>
</state-space-info>
