<?xml version="1.0"?>
<!DOCTYPE state-space-info SYSTEM "../../state_space_info.dtd">


<state-space-info>
<states>2664</states>
<edges>4490</edges>
<bfs-info>
 <levels>58</levels>
<max-level>124</max-level>

<back-level-edges>988</back-level-edges>
<max-back-level-edge>20</max-back-level-edge>
<avg-back-level-edge>4</avg-back-level-edge>
<bfs-levels>
<level id="0"><states>1</states><edges>2</edges></level>
<level id="1"><states>2</states><edges>4</edges></level>
<level id="2"><states>3</states><edges>4</edges></level>
<level id="3"><states>4</states><edges>2</edges></level>
<level id="4"><states>2</states><edges>4</edges></level>
<level id="5"><states>4</states><edges>6</edges></level>
<level id="6"><states>4</states><edges>2</edges></level>
<level id="7"><states>2</states><edges>2</edges></level>
<level id="8"><states>2</states><edges>4</edges></level>
<level id="9"><states>4</states><edges>4</edges></level>
<level id="10"><states>2</states><edges>2</edges></level>
<level id="11"><states>2</states><edges>2</edges></level>
<level id="12"><states>2</states><edges>2</edges></level>
<level id="13"><states>2</states><edges>2</edges></level>
<level id="14"><states>2</states><edges>6</edges></level>
<level id="15"><states>6</states><edges>10</edges></level>
<level id="16"><states>8</states><edges>14</edges></level>
<level id="17"><states>10</states><edges>18</edges></level>
<level id="18"><states>16</states><edges>26</edges></level>
<level id="19"><states>16</states><edges>28</edges></level>
<level id="20"><states>18</states><edges>30</edges></level>
<level id="21"><states>20</states><edges>30</edges></level>
<level id="22"><states>22</states><edges>38</edges></level>
<level id="23"><states>32</states><edges>48</edges></level>
<level id="24"><states>32</states><edges>60</edges></level>
<level id="25"><states>38</states><edges>64</edges></level>
<level id="26"><states>32</states><edges>52</edges></level>
<level id="27"><states>36</states><edges>50</edges></level>
<level id="28"><states>36</states><edges>68</edges></level>
<level id="29"><states>54</states><edges>92</edges></level>
<level id="30"><states>54</states><edges>90</edges></level>
<level id="31"><states>56</states><edges>88</edges></level>
<level id="32"><states>64</states><edges>88</edges></level>
<level id="33"><states>64</states><edges>108</edges></level>
<level id="34"><states>88</states><edges>148</edges></level>
<level id="35"><states>88</states><edges>172</edges></level>
<level id="36"><states>96</states><edges>176</edges></level>
<level id="37"><states>92</states><edges>152</edges></level>
<level id="38"><states>108</states><edges>188</edges></level>
<level id="39"><states>108</states><edges>212</edges></level>
<level id="40"><states>104</states><edges>188</edges></level>
<level id="41"><states>112</states><edges>160</edges></level>
<level id="42"><states>92</states><edges>128</edges></level>
<level id="43"><states>92</states><edges>156</edges></level>
<level id="44"><states>108</states><edges>192</edges></level>
<level id="45"><states>108</states><edges>204</edges></level>
<level id="46"><states>108</states><edges>196</edges></level>
<level id="47"><states>104</states><edges>180</edges></level>
<level id="48"><states>124</states><edges>192</edges></level>
<level id="49"><states>100</states><edges>192</edges></level>
<level id="50"><states>100</states><edges>176</edges></level>
<level id="51"><states>92</states><edges>124</edges></level>
<level id="52"><states>64</states><edges>92</edges></level>
<level id="53"><states>60</states><edges>92</edges></level>
<level id="54"><states>32</states><edges>68</edges></level>
<level id="55"><states>20</states><edges>36</edges></level>
<level id="56"><states>8</states><edges>12</edges></level>
<level id="57"><states>4</states><edges>4</edges></level>
</bfs-levels>
<back-level-length id="0">0</back-level-length>
<back-level-length id="1">62.753</back-level-length>
<back-level-length id="2">0</back-level-length>
<back-level-length id="3">0</back-level-length>
<back-level-length id="4">0</back-level-length>
<back-level-length id="5">0</back-level-length>
<back-level-length id="6">2.02429</back-level-length>
<back-level-length id="7">0</back-level-length>
<back-level-length id="8">14.9798</back-level-length>
<back-level-length id="9">9.31174</back-level-length>
<back-level-length id="10">9.7166</back-level-length>
<back-level-length id="11">0</back-level-length>
<back-level-length id="12">0</back-level-length>
<back-level-length id="13">0</back-level-length>
<back-level-length id="14">0</back-level-length>
<back-level-length id="15">0</back-level-length>
<back-level-length id="16">0</back-level-length>
<back-level-length id="17">0</back-level-length>
<back-level-length id="18">0</back-level-length>
<back-level-length id="19">0</back-level-length>
<back-level-length id="20">1.21457</back-level-length>
</bfs-info>
<degrees>
<avg>1.68544</avg>
<max-in>5</max-in>
<max-out>3</max-out>
<degree id="0"><in>1</in><out>4</out></degree>
<degree id="1"><in>1508</in><out>1282</out></degree>
<degree id="2"><in>635</in><out>926</out></degree>
<degree id="3"><in>400</in><out>452</out></degree>
<degree id="4"><in>88</in><out>0</out></degree>
<degree id="5"><in>32</in><out>0</out></degree>
</degrees>
<scc-info>
<count>484</count>
<height>39</height>
<nontrivial-height>9</nontrivial-height>
<trivial>430</trivial>
<terminal>6</terminal>
<largest>370</largest>
<largest-position> terminal</largest-position>
</scc-info>
<dfs-info>
<stack-size id="13">0.487988</stack-size>
<stack-size id="26">0.938438</stack-size>
<stack-size id="39">1.42643</stack-size>
<stack-size id="52">1.91441</stack-size>
<stack-size id="65">1.8018</stack-size>
<stack-size id="78">2.21471</stack-size>
<stack-size id="91">2.7027</stack-size>
<stack-size id="104">3.15315</stack-size>
<stack-size id="117">3.6036</stack-size>
<stack-size id="130">4.09159</stack-size>
<stack-size id="143">4.16667</stack-size>
<stack-size id="156">4.5045</stack-size>
<stack-size id="169">4.91742</stack-size>
<stack-size id="182">5.40541</stack-size>
<stack-size id="195">5.85586</stack-size>
<stack-size id="208">6.34384</stack-size>
<stack-size id="221">6.79429</stack-size>
<stack-size id="234">7.20721</stack-size>
<stack-size id="247">7.6952</stack-size>
<stack-size id="260">7.77027</stack-size>
<stack-size id="273">8.18318</stack-size>
<stack-size id="286">7.88288</stack-size>
<stack-size id="299">8.2958</stack-size>
<stack-size id="312">7.84535</stack-size>
<stack-size id="325">7.84535</stack-size>
<stack-size id="338">7.28228</stack-size>
<stack-size id="351">6.23123</stack-size>
<stack-size id="364">5.93093</stack-size>
<stack-size id="377">5.21772</stack-size>
<stack-size id="390">4.5045</stack-size>
<stack-size id="403">4.09159</stack-size>
<stack-size id="416">3.67868</stack-size>
<stack-size id="429">3.19069</stack-size>
<stack-size id="442">3.003</stack-size>
<stack-size id="455">2.28979</stack-size>
<stack-size id="468">2.32733</stack-size>
<stack-size id="481">2.81532</stack-size>
<stack-size id="494">2.89039</stack-size>
<stack-size id="507">3.37838</stack-size>
<stack-size id="520">3.6036</stack-size>
<stack-size id="533">3.41592</stack-size>
<stack-size id="546">3.11562</stack-size>
<stack-size id="559">2.55255</stack-size>
<stack-size id="572">1.8018</stack-size>
<stack-size id="585">1.46396</stack-size>
<stack-size id="598">1.95195</stack-size>
<stack-size id="611">2.1021</stack-size>
<stack-size id="624">2.59009</stack-size>
<stack-size id="637">2.74024</stack-size>
<stack-size id="650">3.22823</stack-size>
<stack-size id="663">3.37838</stack-size>
<stack-size id="676">3.86637</stack-size>
<stack-size id="689">4.27928</stack-size>
<stack-size id="702">4.54204</stack-size>
<stack-size id="715">4.91742</stack-size>
<stack-size id="728">4.95495</stack-size>
<stack-size id="741">4.42943</stack-size>
<stack-size id="754">3.71622</stack-size>
<stack-size id="767">3.04054</stack-size>
<stack-size id="780">1.76426</stack-size>
<stack-size id="793">2.06456</stack-size>
<stack-size id="806">2.21471</stack-size>
<stack-size id="819">2.55255</stack-size>
<stack-size id="832">2.96547</stack-size>
<stack-size id="845">2.17718</stack-size>
<stack-size id="858">1.31381</stack-size>
<stack-size id="871">1.31381</stack-size>
<stack-size id="884">1.76426</stack-size>
<stack-size id="897">1.35135</stack-size>
<stack-size id="910">1.5015</stack-size>
<stack-size id="923">1.53904</stack-size>
<stack-size id="936">1.98949</stack-size>
<stack-size id="949">1.46396</stack-size>
<stack-size id="962">1.87688</stack-size>
<stack-size id="975">1.72673</stack-size>
<stack-size id="988">1.35135</stack-size>
<stack-size id="1001">1.12613</stack-size>
<stack-size id="1014">1.61411</stack-size>
<stack-size id="1027">2.06456</stack-size>
<stack-size id="1040">2.28979</stack-size>
<stack-size id="1053">2.4024</stack-size>
<stack-size id="1066">2.74024</stack-size>
<stack-size id="1079">3.22823</stack-size>
<stack-size id="1092">3.67868</stack-size>
<stack-size id="1105">3.9039</stack-size>
<stack-size id="1118">4.24174</stack-size>
<stack-size id="1131">3.94144</stack-size>
<stack-size id="1144">3.71622</stack-size>
<stack-size id="1157">2.77778</stack-size>
<stack-size id="1170">1.98949</stack-size>
<stack-size id="1183">1.16366</stack-size>
<stack-size id="1196">1.61411</stack-size>
<stack-size id="1209">1.8018</stack-size>
<stack-size id="1222">1.95195</stack-size>
<stack-size id="1235">2.43994</stack-size>
<stack-size id="1248">2.74024</stack-size>
<stack-size id="1261">2.43994</stack-size>
<stack-size id="1274">1.87688</stack-size>
<stack-size id="1287">0.788288</stack-size>
<stack-size id="1300">1.23874</stack-size>
<stack-size id="1313">1.57658</stack-size>
<stack-size id="1326">0.675676</stack-size>
<stack-size id="1339">0.225225</stack-size>
<stack-size id="1352">0.675676</stack-size>
<stack-size id="1365">1.12613</stack-size>
<stack-size id="1378">1.61411</stack-size>
<stack-size id="1391">2.1021</stack-size>
<stack-size id="1404">2.59009</stack-size>
<stack-size id="1417">3.003</stack-size>
<stack-size id="1430">3.11562</stack-size>
<stack-size id="1443">3.56607</stack-size>
<stack-size id="1456">4.05405</stack-size>
<stack-size id="1469">4.54204</stack-size>
<stack-size id="1482">4.87988</stack-size>
<stack-size id="1495">5.29279</stack-size>
<stack-size id="1508">5.78078</stack-size>
<stack-size id="1521">5.89339</stack-size>
<stack-size id="1534">6.38138</stack-size>
<stack-size id="1547">6.79429</stack-size>
<stack-size id="1560">7.24474</stack-size>
<stack-size id="1573">7.73273</stack-size>
<stack-size id="1586">8.14565</stack-size>
<stack-size id="1599">8.55856</stack-size>
<stack-size id="1612">8.33333</stack-size>
<stack-size id="1625">8.74625</stack-size>
<stack-size id="1638">8.2958</stack-size>
<stack-size id="1651">7.92042</stack-size>
<stack-size id="1664">7.16967</stack-size>
<stack-size id="1677">6.26877</stack-size>
<stack-size id="1690">5.96847</stack-size>
<stack-size id="1703">5.59309</stack-size>
<stack-size id="1716">4.87988</stack-size>
<stack-size id="1729">4.46697</stack-size>
<stack-size id="1742">3.79129</stack-size>
<stack-size id="1755">3.34084</stack-size>
<stack-size id="1768">2.96547</stack-size>
<stack-size id="1781">2.59009</stack-size>
<stack-size id="1794">2.55255</stack-size>
<stack-size id="1807">3.04054</stack-size>
<stack-size id="1820">3.52853</stack-size>
<stack-size id="1833">4.01652</stack-size>
<stack-size id="1846">4.24174</stack-size>
<stack-size id="1859">4.05405</stack-size>
<stack-size id="1872">3.75375</stack-size>
<stack-size id="1885">3.07808</stack-size>
<stack-size id="1898">2.36486</stack-size>
<stack-size id="1911">1.91441</stack-size>
<stack-size id="1924">1.65165</stack-size>
<stack-size id="1937">2.13964</stack-size>
<stack-size id="1950">2.28979</stack-size>
<stack-size id="1963">2.55255</stack-size>
<stack-size id="1976">2.92793</stack-size>
<stack-size id="1989">3.22823</stack-size>
<stack-size id="2002">3.56607</stack-size>
<stack-size id="2015">4.05405</stack-size>
<stack-size id="2028">4.46697</stack-size>
<stack-size id="2041">4.61712</stack-size>
<stack-size id="2054">5.03003</stack-size>
<stack-size id="2067">4.72973</stack-size>
<stack-size id="2080">4.05405</stack-size>
<stack-size id="2093">3.3033</stack-size>
<stack-size id="2106">2.43994</stack-size>
<stack-size id="2119">1.76426</stack-size>
<stack-size id="2132">2.25225</stack-size>
<stack-size id="2145">2.4024</stack-size>
<stack-size id="2158">2.74024</stack-size>
<stack-size id="2171">2.55255</stack-size>
<stack-size id="2184">1.87688</stack-size>
<stack-size id="2197">1.05105</stack-size>
<stack-size id="2210">1.5015</stack-size>
<stack-size id="2223">1.65165</stack-size>
<stack-size id="2236">1.53904</stack-size>
<stack-size id="2249">1.23874</stack-size>
<stack-size id="2262">1.68919</stack-size>
<stack-size id="2275">2.02703</stack-size>
<stack-size id="2288">1.65165</stack-size>
<stack-size id="2301">1.42643</stack-size>
<stack-size id="2314">1.83934</stack-size>
<stack-size id="2327">0.825826</stack-size>
<stack-size id="2340">1.31381</stack-size>
<stack-size id="2353">1.8018</stack-size>
<stack-size id="2366">1.68919</stack-size>
<stack-size id="2379">1.91441</stack-size>
<stack-size id="2392">1.95195</stack-size>
<stack-size id="2405">2.43994</stack-size>
<stack-size id="2418">2.92793</stack-size>
<stack-size id="2431">3.04054</stack-size>
<stack-size id="2444">3.26577</stack-size>
<stack-size id="2457">3.41592</stack-size>
<stack-size id="2470">3.07808</stack-size>
<stack-size id="2483">2.7027</stack-size>
<stack-size id="2496">2.28979</stack-size>
<stack-size id="2509">1.68919</stack-size>
<stack-size id="2522">1.35135</stack-size>
<stack-size id="2535">1.57658</stack-size>
<stack-size id="2548">1.98949</stack-size>
<stack-size id="2561">2.13964</stack-size>
<stack-size id="2574">2.43994</stack-size>
<stack-size id="2587">2.77778</stack-size>
<stack-size id="2600">2.32733</stack-size>
<stack-size id="2613">1.42643</stack-size>
<stack-size id="2626">0.975976</stack-size>
<stack-size id="2639">1.42643</stack-size>
<stack-size id="2652">1.46396</stack-size>
<max-stack>234</max-stack>
<front-edges>2663</front-edges>
<back-edges>701</back-edges>
<cross-edges>1126</cross-edges>
<shortest-cycle>2</shortest-cycle>
</dfs-info>
<rw-info>
<coverage step="260">6.30631</coverage>
<coverage step="520">9.45946</coverage>
<coverage step="780">14.7147</coverage>
<coverage step="1040">18.8063</coverage>
<coverage step="1300">21.5465</coverage>
<coverage step="1560">24.3243</coverage>
<coverage step="1820">25.6006</coverage>
<coverage step="2080">27.7027</coverage>
<coverage step="2340">28.9414</coverage>
<coverage step="2600">30.0676</coverage>
<coverage step="2860">30.9685</coverage>
<coverage step="3120">32.3574</coverage>
<coverage step="3380">32.6201</coverage>
<coverage step="3640">33.5586</coverage>
<coverage step="3900">34.1216</coverage>
<coverage step="4160">36.1862</coverage>
<coverage step="4420">36.4114</coverage>
<coverage step="4680">37.8003</coverage>
<coverage step="4940">38.1757</coverage>
<coverage step="5200">39.1517</coverage>
<coverage step="5460">39.2267</coverage>
<coverage step="5720">40.4279</coverage>
<coverage step="5980">40.7658</coverage>
<coverage step="6240">41.4039</coverage>
<coverage step="6500">41.5165</coverage>
<coverage step="6760">43.0556</coverage>
<coverage step="7020">43.1306</coverage>
<coverage step="7280">43.5435</coverage>
<coverage step="7540">43.8438</coverage>
<coverage step="7800">45.9084</coverage>
<coverage step="8060">47.1096</coverage>
<coverage step="8320">47.6727</coverage>
<coverage step="8580">49.4369</coverage>
<coverage step="8840">51.6892</coverage>
<coverage step="9100">52.2898</coverage>
<coverage step="9360">52.3273</coverage>
<coverage step="9620">55.03</coverage>
<coverage step="9880">55.0676</coverage>
<coverage step="10140">55.5931</coverage>
<coverage step="10400">55.7808</coverage>
<coverage step="10660">56.8318</coverage>
<coverage step="10920">56.8694</coverage>
<coverage step="11180">57.4324</coverage>
<coverage step="11440">57.4324</coverage>
<coverage step="11700">57.5826</coverage>
<coverage step="11960">57.6577</coverage>
<coverage step="12220">59.6096</coverage>
<coverage step="12480">60.1727</coverage>
<coverage step="12740">61.3739</coverage>
<coverage step="13000">61.4489</coverage>
<coverage step="13260">62.1622</coverage>
<coverage step="13520">62.1997</coverage>
<coverage step="13780">62.4625</coverage>
<coverage step="14040">62.6502</coverage>
<coverage step="14300">63.5135</coverage>
<coverage step="14560">63.9264</coverage>
<coverage step="14820">64.039</coverage>
<coverage step="15080">64.4895</coverage>
<coverage step="15340">64.7523</coverage>
<coverage step="15600">65.2778</coverage>
<coverage step="15860">65.3153</coverage>
<coverage step="16120">65.3153</coverage>
<coverage step="16380">65.3153</coverage>
<coverage step="16640">65.9535</coverage>
<coverage step="16900">65.9535</coverage>
<coverage step="17160">66.8168</coverage>
<coverage step="17420">66.8168</coverage>
<coverage step="17680">67.1547</coverage>
<coverage step="17940">67.1547</coverage>
<coverage step="18200">68.0931</coverage>
<coverage step="18460">68.0931</coverage>
<coverage step="18720">68.5811</coverage>
<coverage step="18980">68.5811</coverage>
<coverage step="19240">68.6186</coverage>
<coverage step="19500">68.6186</coverage>
<coverage step="19760">68.6186</coverage>
<coverage step="20020">68.6186</coverage>
<coverage step="20280">69.4069</coverage>
<coverage step="20540">69.4069</coverage>
<coverage step="20800">70.1577</coverage>
<coverage step="21060">70.4955</coverage>
<coverage step="21320">70.4955</coverage>
<coverage step="21580">71.0586</coverage>
<coverage step="21840">71.0586</coverage>
<coverage step="22100">71.0586</coverage>
<coverage step="22360">71.0586</coverage>
<coverage step="22620">71.5841</coverage>
<coverage step="22880">71.5841</coverage>
<coverage step="23140">71.7718</coverage>
<coverage step="23400">71.7718</coverage>
<coverage step="23660">72.0721</coverage>
<coverage step="23920">72.0721</coverage>
<coverage step="24180">72.1847</coverage>
<coverage step="24440">72.1847</coverage>
<coverage step="24700">72.3348</coverage>
<coverage step="24960">72.3348</coverage>
<coverage step="25220">72.485</coverage>
<coverage step="25480">72.485</coverage>
<coverage step="25740">73.2357</coverage>
<coverage step="26000">73.2357</coverage>
<coverage step="26260">73.4985</coverage>
<coverage step="26520">73.4985</coverage>
<rw-visits order="1">177</rw-visits>
<rw-visits order="10">123</rw-visits>
<rw-visits order="19">100</rw-visits>
<rw-visits order="28">90</rw-visits>
<rw-visits order="37">85</rw-visits>
<rw-visits order="46">82</rw-visits>
<rw-visits order="55">73</rw-visits>
<rw-visits order="64">67</rw-visits>
<rw-visits order="73">63</rw-visits>
<rw-visits order="82">59</rw-visits>
<rw-visits order="91">57</rw-visits>
<rw-visits order="100">56</rw-visits>
<rw-visits order="109">52</rw-visits>
<rw-visits order="118">50</rw-visits>
<rw-visits order="127">49</rw-visits>
<rw-visits order="136">47</rw-visits>
<rw-visits order="145">46</rw-visits>
<rw-visits order="154">45</rw-visits>
<rw-visits order="163">43</rw-visits>
<rw-visits order="172">42</rw-visits>
<rw-visits order="181">40</rw-visits>
<rw-visits order="190">38</rw-visits>
<rw-visits order="199">37</rw-visits>
<rw-visits order="208">36</rw-visits>
<rw-visits order="217">36</rw-visits>
<rw-visits order="226">35</rw-visits>
<rw-visits order="235">34</rw-visits>
<rw-visits order="244">33</rw-visits>
<rw-visits order="253">32</rw-visits>
<rw-visits order="262">31</rw-visits>
<rw-visits order="271">31</rw-visits>
<rw-visits order="280">30</rw-visits>
<rw-visits order="289">29</rw-visits>
<rw-visits order="298">29</rw-visits>
<rw-visits order="307">28</rw-visits>
<rw-visits order="316">27</rw-visits>
<rw-visits order="325">27</rw-visits>
<rw-visits order="334">26</rw-visits>
<rw-visits order="343">26</rw-visits>
<rw-visits order="352">25</rw-visits>
<rw-visits order="361">25</rw-visits>
<rw-visits order="370">24</rw-visits>
<rw-visits order="379">24</rw-visits>
<rw-visits order="388">24</rw-visits>
<rw-visits order="397">23</rw-visits>
<rw-visits order="406">23</rw-visits>
<rw-visits order="415">22</rw-visits>
<rw-visits order="424">22</rw-visits>
<rw-visits order="433">21</rw-visits>
<rw-visits order="442">20</rw-visits>
<rw-visits order="451">20</rw-visits>
<rw-visits order="460">19</rw-visits>
<rw-visits order="469">19</rw-visits>
<rw-visits order="478">18</rw-visits>
<rw-visits order="487">18</rw-visits>
<rw-visits order="496">18</rw-visits>
<rw-visits order="505">17</rw-visits>
<rw-visits order="514">17</rw-visits>
<rw-visits order="523">16</rw-visits>
<rw-visits order="532">16</rw-visits>
<rw-visits order="541">15</rw-visits>
<rw-visits order="550">15</rw-visits>
<rw-visits order="559">15</rw-visits>
<rw-visits order="568">14</rw-visits>
<rw-visits order="577">14</rw-visits>
<rw-visits order="586">14</rw-visits>
<rw-visits order="595">13</rw-visits>
<rw-visits order="604">13</rw-visits>
<rw-visits order="613">12</rw-visits>
<rw-visits order="622">12</rw-visits>
<rw-visits order="631">11</rw-visits>
<rw-visits order="640">11</rw-visits>
<rw-visits order="649">11</rw-visits>
<rw-visits order="658">11</rw-visits>
<rw-visits order="667">10</rw-visits>
<rw-visits order="676">10</rw-visits>
<rw-visits order="685">10</rw-visits>
<rw-visits order="694">10</rw-visits>
<rw-visits order="703">10</rw-visits>
<rw-visits order="712">10</rw-visits>
<rw-visits order="721">9</rw-visits>
<rw-visits order="730">9</rw-visits>
<rw-visits order="739">9</rw-visits>
<rw-visits order="748">8</rw-visits>
<rw-visits order="757">8</rw-visits>
<rw-visits order="766">8</rw-visits>
<rw-visits order="775">8</rw-visits>
<rw-visits order="784">8</rw-visits>
<rw-visits order="793">7</rw-visits>
<rw-visits order="802">7</rw-visits>
<rw-visits order="811">7</rw-visits>
<rw-visits order="820">6</rw-visits>
<rw-visits order="829">6</rw-visits>
<rw-visits order="838">6</rw-visits>
<rw-visits order="847">6</rw-visits>
<rw-visits order="856">6</rw-visits>
<rw-visits order="865">6</rw-visits>
<rw-visits order="874">5</rw-visits>
<rw-visits order="883">5</rw-visits>
<rw-visits order="892">5</rw-visits>
<rw-visits order="901">5</rw-visits>
<rw-visits order="910">5</rw-visits>
<rw-visits order="919">5</rw-visits>
<rw-visits order="928">5</rw-visits>
<rw-visits order="937">5</rw-visits>
<rw-visits order="946">4</rw-visits>
<rw-visits order="955">4</rw-visits>
<rw-visits order="964">4</rw-visits>
<rw-visits order="973">4</rw-visits>
<rw-visits order="982">4</rw-visits>
<rw-visits order="991">4</rw-visits>
<rw-visits order="1000">4</rw-visits>
<rw-visits order="1009">4</rw-visits>
<rw-visits order="1018">4</rw-visits>
<rw-visits order="1027">4</rw-visits>
<rw-visits order="1036">4</rw-visits>
<rw-visits order="1045">4</rw-visits>
<rw-visits order="1054">4</rw-visits>
<rw-visits order="1063">3</rw-visits>
<rw-visits order="1072">3</rw-visits>
<rw-visits order="1081">3</rw-visits>
<rw-visits order="1090">3</rw-visits>
<rw-visits order="1099">3</rw-visits>
<rw-visits order="1108">3</rw-visits>
<rw-visits order="1117">3</rw-visits>
<rw-visits order="1126">3</rw-visits>
<rw-visits order="1135">3</rw-visits>
<rw-visits order="1144">3</rw-visits>
<rw-visits order="1153">3</rw-visits>
<rw-visits order="1162">3</rw-visits>
<rw-visits order="1171">3</rw-visits>
<rw-visits order="1180">3</rw-visits>
<rw-visits order="1189">3</rw-visits>
<rw-visits order="1198">3</rw-visits>
<rw-visits order="1207">3</rw-visits>
<rw-visits order="1216">2</rw-visits>
<rw-visits order="1225">2</rw-visits>
<rw-visits order="1234">2</rw-visits>
<rw-visits order="1243">2</rw-visits>
<rw-visits order="1252">2</rw-visits>
<rw-visits order="1261">2</rw-visits>
<rw-visits order="1270">2</rw-visits>
<rw-visits order="1279">2</rw-visits>
<rw-visits order="1288">2</rw-visits>
<rw-visits order="1297">2</rw-visits>
<rw-visits order="1306">2</rw-visits>
<rw-visits order="1315">2</rw-visits>
<rw-visits order="1324">2</rw-visits>
<rw-visits order="1333">2</rw-visits>
<rw-visits order="1342">2</rw-visits>
<rw-visits order="1351">2</rw-visits>
<rw-visits order="1360">2</rw-visits>
<rw-visits order="1369">2</rw-visits>
<rw-visits order="1378">2</rw-visits>
<rw-visits order="1387">2</rw-visits>
<rw-visits order="1396">2</rw-visits>
<rw-visits order="1405">2</rw-visits>
<rw-visits order="1414">2</rw-visits>
<rw-visits order="1423">2</rw-visits>
<rw-visits order="1432">2</rw-visits>
<rw-visits order="1441">2</rw-visits>
<rw-visits order="1450">2</rw-visits>
<rw-visits order="1459">2</rw-visits>
<rw-visits order="1468">2</rw-visits>
<rw-visits order="1477">2</rw-visits>
<rw-visits order="1486">2</rw-visits>
<rw-visits order="1495">2</rw-visits>
<rw-visits order="1504">2</rw-visits>
<rw-visits order="1513">2</rw-visits>
<rw-visits order="1522">2</rw-visits>
<rw-visits order="1531">2</rw-visits>
<rw-visits order="1540">1</rw-visits>
<rw-visits order="1549">1</rw-visits>
<rw-visits order="1558">1</rw-visits>
<rw-visits order="1567">1</rw-visits>
<rw-visits order="1576">1</rw-visits>
<rw-visits order="1585">1</rw-visits>
<rw-visits order="1594">1</rw-visits>
<rw-visits order="1603">1</rw-visits>
<rw-visits order="1612">1</rw-visits>
<rw-visits order="1621">1</rw-visits>
<rw-visits order="1630">1</rw-visits>
<rw-visits order="1639">1</rw-visits>
<rw-visits order="1648">1</rw-visits>
<rw-visits order="1657">1</rw-visits>
<rw-visits order="1666">1</rw-visits>
<rw-visits order="1675">1</rw-visits>
<rw-visits order="1684">1</rw-visits>
<rw-visits order="1693">1</rw-visits>
<rw-visits order="1702">1</rw-visits>
<rw-visits order="1711">1</rw-visits>
<rw-visits order="1720">1</rw-visits>
<rw-visits order="1729">1</rw-visits>
<rw-visits order="1738">1</rw-visits>
<rw-visits order="1747">1</rw-visits>
<rw-visits order="1756">1</rw-visits>
<rw-visits order="1765">1</rw-visits>
<rw-visits order="1774">1</rw-visits>
<rw-visits order="1783">1</rw-visits>
<rw-visits order="1792">1</rw-visits>
<rw-visits order="1801">1</rw-visits>
<rw-visits order="1810">1</rw-visits>
<rw-visits order="1819">1</rw-visits>
<rw-visits order="1828">1</rw-visits>
<rw-visits order="1837">1</rw-visits>
<rw-visits order="1846">1</rw-visits>
<rw-visits order="1855">1</rw-visits>
<rw-visits order="1864">1</rw-visits>
<rw-visits order="1873">1</rw-visits>
<rw-visits order="1882">1</rw-visits>
<rw-visits order="1891">1</rw-visits>
<rw-visits order="1900">1</rw-visits>
<rw-visits order="1909">1</rw-visits>
<rw-visits order="1918">1</rw-visits>
<rw-visits order="1927">1</rw-visits>
<rw-visits order="1936">1</rw-visits>
<rw-visits order="1945">1</rw-visits>
<rw-visits order="1954">1</rw-visits>
<final-coverage>73.4985</final-coverage>
</rw-info>
<local-info>
<diamonds>42.9805</diamonds>
<neighborhood k="4">10</neighborhood>
<clustering k="4">1.31214</clustering>
</local-info>
<label-info>
<edge-label id="0.2+2.16">84</edge-label>
<edge-label id="0.2+2.25">58</edge-label>
<edge-label id="0.2+2.3">1</edge-label>
<edge-label id="0.2+2.6">1</edge-label>
<edge-label id="0.3+3.16">84</edge-label>
<edge-label id="0.3+3.25">58</edge-label>
<edge-label id="0.3+3.3">1</edge-label>
<edge-label id="0.3+3.6">1</edge-label>
<edge-label id="0.4">302</edge-label>
<edge-label id="0.5">286</edge-label>
<edge-label id="0.6+2.16">82</edge-label>
<edge-label id="0.6+2.25">56</edge-label>
<edge-label id="0.6+2.9">1</edge-label>
<edge-label id="0.7+3.16">82</edge-label>
<edge-label id="0.7+3.25">56</edge-label>
<edge-label id="0.7+3.9">1</edge-label>
<edge-label id="0.8">298</edge-label>
<edge-label id="2.1+0.0">2</edge-label>
<edge-label id="2.12+0.0">4</edge-label>
<edge-label id="2.18">300</edge-label>
<edge-label id="2.2">2</edge-label>
<edge-label id="2.21+1.0">16</edge-label>
<edge-label id="2.21+1.2">16</edge-label>
<edge-label id="2.22+1.4">16</edge-label>
<edge-label id="2.22+1.6">16</edge-label>
<edge-label id="2.23+0.0">212</edge-label>
<edge-label id="2.30">48</edge-label>
<edge-label id="2.31">64</edge-label>
<edge-label id="2.32+0.0">24</edge-label>
<edge-label id="2.33+1.0">34</edge-label>
<edge-label id="2.33+1.2">14</edge-label>
<edge-label id="2.34+1.4">34</edge-label>
<edge-label id="2.34+1.6">14</edge-label>
<edge-label id="2.35+0.0">32</edge-label>
<edge-label id="2.4">2</edge-label>
<edge-label id="2.5+0.0">1</edge-label>
<edge-label id="2.7">2</edge-label>
<edge-label id="2.8+0.0">2</edge-label>
<edge-label id="3.1+0.1">2</edge-label>
<edge-label id="3.12+0.1">4</edge-label>
<edge-label id="3.18">300</edge-label>
<edge-label id="3.2">2</edge-label>
<edge-label id="3.21+1.0">16</edge-label>
<edge-label id="3.21+1.2">16</edge-label>
<edge-label id="3.22+1.4">16</edge-label>
<edge-label id="3.22+1.6">16</edge-label>
<edge-label id="3.23+0.1">212</edge-label>
<edge-label id="3.30">48</edge-label>
<edge-label id="3.31">64</edge-label>
<edge-label id="3.32+0.1">24</edge-label>
<edge-label id="3.33+1.0">34</edge-label>
<edge-label id="3.33+1.2">14</edge-label>
<edge-label id="3.34+1.4">34</edge-label>
<edge-label id="3.34+1.6">14</edge-label>
<edge-label id="3.35+0.1">32</edge-label>
<edge-label id="3.4">2</edge-label>
<edge-label id="3.5+0.1">1</edge-label>
<edge-label id="3.7">2</edge-label>
<edge-label id="3.8+0.1">2</edge-label>
<edge-label id="4.0+2.0">2</edge-label>
<edge-label id="4.1+3.0">2</edge-label>
<edge-label id="4.2+2.13">210</edge-label>
<edge-label id="4.3+3.13">210</edge-label>
<edge-label id="4.4+2.15">121</edge-label>
<edge-label id="4.5+3.15">121</edge-label>
<edge-label id="4.6+2.14">210</edge-label>
<edge-label id="4.7+3.14">210</edge-label>
<edge-label id="4.8+2.15">121</edge-label>
<edge-label id="4.9+3.15">121</edge-label>
<state-labels procid="0">
<label id="[{0|0},0]">3</label>
<label id="[{0|1},0]">593</label>
<label id="[{0|1},1]">734</label>
<label id="[{1|0},0]">593</label>
<label id="[{1|0},1]">734</label>
<label id="[{1|1},0]">3</label>
<label id="[{1|1},1]">4</label>
</state-labels><state-labels procid="1">
<label id="[0,0,0,0]">32</label>
<label id="[0,0,0,16]">116</label>
<label id="[0,0,0,17]">116</label>
<label id="[0,0,0,1]">24</label>
<label id="[0,0,0,24]">36</label>
<label id="[0,0,0,25]">36</label>
<label id="[0,0,0,32]">4</label>
<label id="[0,0,0,33]">2</label>
<label id="[0,0,0,8]">116</label>
<label id="[0,0,0,9]">116</label>
<label id="[0,1,1,0]">28</label>
<label id="[0,1,1,16]">116</label>
<label id="[0,1,1,17]">116</label>
<label id="[0,1,1,1]">24</label>
<label id="[0,1,1,24]">36</label>
<label id="[0,1,1,25]">36</label>
<label id="[0,1,1,32]">4</label>
<label id="[0,1,1,33]">2</label>
<label id="[0,1,1,8]">116</label>
<label id="[0,1,1,9]">116</label>
<label id="[1,0,0,17]">56</label>
<label id="[1,0,0,1]">16</label>
<label id="[1,0,0,25]">20</label>
<label id="[1,0,0,32]">1</label>
<label id="[1,0,0,33]">2</label>
<label id="[1,0,0,9]">56</label>
<label id="[1,0,1,0]">9</label>
<label id="[1,0,1,16]">57</label>
<label id="[1,0,1,17]">57</label>
<label id="[1,0,1,1]">12</label>
<label id="[1,0,1,24]">20</label>
<label id="[1,0,1,25]">20</label>
<label id="[1,0,1,32]">2</label>
<label id="[1,0,1,33]">2</label>
<label id="[1,0,1,8]">57</label>
<label id="[1,0,1,9]">57</label>
<label id="[1,1,0,0]">9</label>
<label id="[1,1,0,16]">57</label>
<label id="[1,1,0,17]">57</label>
<label id="[1,1,0,1]">12</label>
<label id="[1,1,0,24]">20</label>
<label id="[1,1,0,25]">20</label>
<label id="[1,1,0,32]">2</label>
<label id="[1,1,0,33]">2</label>
<label id="[1,1,0,8]">57</label>
<label id="[1,1,0,9]">57</label>
<label id="[1,1,1,17]">56</label>
<label id="[1,1,1,1]">16</label>
<label id="[1,1,1,25]">20</label>
<label id="[1,1,1,32]">1</label>
<label id="[1,1,1,33]">2</label>
<label id="[1,1,1,9]">56</label>
<label id="[2,0,0,0]">17</label>
<label id="[2,0,0,16]">56</label>
<label id="[2,0,0,24]">20</label>
<label id="[2,0,0,8]">56</label>
<label id="[2,0,1,0]">9</label>
<label id="[2,0,1,16]">57</label>
<label id="[2,0,1,24]">20</label>
<label id="[2,0,1,8]">57</label>
<label id="[2,1,0,0]">9</label>
<label id="[2,1,0,16]">57</label>
<label id="[2,1,0,24]">20</label>
<label id="[2,1,0,8]">57</label>
<label id="[2,1,1,0]">17</label>
<label id="[2,1,1,16]">56</label>
<label id="[2,1,1,24]">20</label>
<label id="[2,1,1,8]">56</label>
</state-labels><state-labels procid="2">
<label id="[0,0]">1248</label>
<label id="[0,1]">1248</label>
<label id="[1,1]">84</label>
<label id="[2,1]">84</label>
</state-labels><state-labels procid="3">
<label id="[0,0,0,0,0,0]">3</label>
<label id="[1,0,0,1,0,0]">3</label>
<label id="[10,0,0,2,1,0]">28</label>
<label id="[10,0,0,2,1,1]">40</label>
<label id="[10,0,0,2,17,1]">32</label>
<label id="[10,0,0,2,25,1]">6</label>
<label id="[10,0,0,2,33,0]">5</label>
<label id="[10,0,0,2,33,1]">2</label>
<label id="[10,0,0,2,9,1]">32</label>
<label id="[10,0,1,2,25,0]">24</label>
<label id="[10,0,1,2,25,1]">24</label>
<label id="[10,0,1,2,9,0]">69</label>
<label id="[10,0,1,2,9,1]">93</label>
<label id="[10,0,2,2,17,0]">69</label>
<label id="[10,0,2,2,17,1]">93</label>
<label id="[10,0,2,2,25,0]">24</label>
<label id="[10,0,2,2,25,1]">24</label>
<label id="[10,1,0,2,0,0]">32</label>
<label id="[10,1,0,2,0,1]">44</label>
<label id="[10,1,0,2,16,1]">42</label>
<label id="[10,1,0,2,24,1]">8</label>
<label id="[10,1,0,2,8,1]">42</label>
<label id="[10,1,1,2,24,0]">24</label>
<label id="[10,1,1,2,24,1]">24</label>
<label id="[10,1,1,2,8,0]">59</label>
<label id="[10,1,1,2,8,1]">78</label>
<label id="[10,1,2,2,16,0]">59</label>
<label id="[10,1,2,2,16,1]">78</label>
<label id="[10,1,2,2,24,0]">24</label>
<label id="[10,1,2,2,24,1]">24</label>
<label id="[11,0,0,2,1,0]">6</label>
<label id="[11,0,0,2,1,1]">6</label>
<label id="[11,0,0,2,17,0]">4</label>
<label id="[11,0,0,2,17,1]">25</label>
<label id="[11,0,0,2,9,0]">4</label>
<label id="[11,0,0,2,9,1]">25</label>
<label id="[11,0,1,2,17,0]">8</label>
<label id="[11,0,1,2,17,1]">8</label>
<label id="[11,0,1,2,25,0]">8</label>
<label id="[11,0,1,2,25,1]">8</label>
<label id="[11,0,1,2,9,0]">10</label>
<label id="[11,0,1,2,9,1]">14</label>
<label id="[11,0,2,2,17,0]">10</label>
<label id="[11,0,2,2,17,1]">14</label>
<label id="[11,0,2,2,25,0]">8</label>
<label id="[11,0,2,2,25,1]">8</label>
<label id="[11,0,2,2,9,0]">8</label>
<label id="[11,0,2,2,9,1]">8</label>
<label id="[11,1,0,2,0,0]">6</label>
<label id="[11,1,0,2,0,1]">6</label>
<label id="[11,1,0,2,16,0]">4</label>
<label id="[11,1,0,2,16,1]">25</label>
<label id="[11,1,0,2,8,0]">4</label>
<label id="[11,1,0,2,8,1]">25</label>
<label id="[11,1,1,2,16,0]">8</label>
<label id="[11,1,1,2,16,1]">8</label>
<label id="[11,1,1,2,24,0]">8</label>
<label id="[11,1,1,2,24,1]">8</label>
<label id="[11,1,1,2,8,0]">10</label>
<label id="[11,1,1,2,8,1]">14</label>
<label id="[11,1,2,2,16,0]">10</label>
<label id="[11,1,2,2,16,1]">14</label>
<label id="[11,1,2,2,24,0]">8</label>
<label id="[11,1,2,2,24,1]">8</label>
<label id="[11,1,2,2,8,0]">8</label>
<label id="[11,1,2,2,8,1]">8</label>
<label id="[12,0,0,2,1,0]">6</label>
<label id="[12,0,0,2,1,1]">6</label>
<label id="[12,0,1,2,25,0]">6</label>
<label id="[12,0,1,2,25,1]">6</label>
<label id="[12,0,1,2,9,0]">22</label>
<label id="[12,0,1,2,9,1]">33</label>
<label id="[12,0,2,2,17,0]">22</label>
<label id="[12,0,2,2,17,1]">33</label>
<label id="[12,0,2,2,25,0]">6</label>
<label id="[12,0,2,2,25,1]">6</label>
<label id="[12,1,0,2,0,0]">6</label>
<label id="[12,1,0,2,0,1]">6</label>
<label id="[12,1,1,2,24,0]">6</label>
<label id="[12,1,1,2,24,1]">6</label>
<label id="[12,1,1,2,8,0]">22</label>
<label id="[12,1,1,2,8,1]">33</label>
<label id="[12,1,2,2,16,0]">22</label>
<label id="[12,1,2,2,16,1]">33</label>
<label id="[12,1,2,2,24,0]">6</label>
<label id="[12,1,2,2,24,1]">6</label>
<label id="[13,0,1,2,1,1]">26</label>
<label id="[13,0,1,2,17,1]">52</label>
<label id="[13,0,1,2,25,1]">6</label>
<label id="[13,0,1,2,33,1]">2</label>
<label id="[13,0,1,2,9,1]">44</label>
<label id="[13,0,2,2,1,1]">26</label>
<label id="[13,0,2,2,17,1]">44</label>
<label id="[13,0,2,2,25,1]">6</label>
<label id="[13,0,2,2,33,1]">2</label>
<label id="[13,0,2,2,9,1]">52</label>
<label id="[13,1,1,2,0,1]">30</label>
<label id="[13,1,1,2,16,1]">56</label>
<label id="[13,1,1,2,24,1]">8</label>
<label id="[13,1,1,2,8,1]">50</label>
<label id="[13,1,2,2,0,1]">30</label>
<label id="[13,1,2,2,16,1]">50</label>
<label id="[13,1,2,2,24,1]">8</label>
<label id="[13,1,2,2,8,1]">56</label>
<label id="[14,0,1,2,1,1]">4</label>
<label id="[14,0,1,2,17,1]">12</label>
<label id="[14,0,1,2,9,1]">12</label>
<label id="[14,0,2,2,1,1]">4</label>
<label id="[14,0,2,2,17,1]">12</label>
<label id="[14,0,2,2,9,1]">12</label>
<label id="[14,1,1,2,0,1]">4</label>
<label id="[14,1,1,2,16,1]">12</label>
<label id="[14,1,1,2,8,1]">12</label>
<label id="[14,1,2,2,0,1]">4</label>
<label id="[14,1,2,2,16,1]">12</label>
<label id="[14,1,2,2,8,1]">12</label>
<label id="[15,0,1,2,1,1]">4</label>
<label id="[15,0,1,2,17,1]">12</label>
<label id="[15,0,1,2,9,2]">12</label>
<label id="[15,0,2,2,1,1]">4</label>
<label id="[15,0,2,2,17,2]">12</label>
<label id="[15,0,2,2,9,1]">12</label>
<label id="[15,1,1,2,0,1]">4</label>
<label id="[15,1,1,2,16,1]">12</label>
<label id="[15,1,1,2,8,2]">12</label>
<label id="[15,1,2,2,0,1]">4</label>
<label id="[15,1,2,2,16,2]">12</label>
<label id="[15,1,2,2,8,1]">12</label>
<label id="[17,0,1,2,9,1]">26</label>
<label id="[17,0,2,2,17,1]">26</label>
<label id="[17,1,1,2,8,1]">22</label>
<label id="[17,1,2,2,16,1]">22</label>
<label id="[2,0,0,1,0,0]">6</label>
<label id="[3,0,0,1,0,0]">3</label>
<label id="[4,0,0,1,33,0]">2</label>
<label id="[5,0,0,2,33,0]">2</label>
<label id="[6,0,0,0,32,0]">3</label>
<label id="[7,1,0,2,32,0]">2</label>
<label id="[8,1,0,2,32,0]">8</label>
<label id="[9,1,0,2,0,0]">5</label>
</state-labels><state-labels procid="4">
<label id="[0,0,0,0,0,0]">3</label>
<label id="[1,0,0,1,0,0]">3</label>
<label id="[10,0,0,2,1,0]">28</label>
<label id="[10,0,0,2,1,1]">40</label>
<label id="[10,0,0,2,17,1]">32</label>
<label id="[10,0,0,2,25,1]">6</label>
<label id="[10,0,0,2,33,0]">5</label>
<label id="[10,0,0,2,33,1]">2</label>
<label id="[10,0,0,2,9,1]">32</label>
<label id="[10,0,1,2,25,0]">24</label>
<label id="[10,0,1,2,25,1]">24</label>
<label id="[10,0,1,2,9,0]">69</label>
<label id="[10,0,1,2,9,1]">93</label>
<label id="[10,0,2,2,17,0]">69</label>
<label id="[10,0,2,2,17,1]">93</label>
<label id="[10,0,2,2,25,0]">24</label>
<label id="[10,0,2,2,25,1]">24</label>
<label id="[10,1,0,2,0,0]">32</label>
<label id="[10,1,0,2,0,1]">44</label>
<label id="[10,1,0,2,16,1]">42</label>
<label id="[10,1,0,2,24,1]">8</label>
<label id="[10,1,0,2,8,1]">42</label>
<label id="[10,1,1,2,24,0]">24</label>
<label id="[10,1,1,2,24,1]">24</label>
<label id="[10,1,1,2,8,0]">59</label>
<label id="[10,1,1,2,8,1]">78</label>
<label id="[10,1,2,2,16,0]">59</label>
<label id="[10,1,2,2,16,1]">78</label>
<label id="[10,1,2,2,24,0]">24</label>
<label id="[10,1,2,2,24,1]">24</label>
<label id="[11,0,0,2,1,0]">6</label>
<label id="[11,0,0,2,1,1]">6</label>
<label id="[11,0,0,2,17,0]">4</label>
<label id="[11,0,0,2,17,1]">25</label>
<label id="[11,0,0,2,9,0]">4</label>
<label id="[11,0,0,2,9,1]">25</label>
<label id="[11,0,1,2,17,0]">8</label>
<label id="[11,0,1,2,17,1]">8</label>
<label id="[11,0,1,2,25,0]">8</label>
<label id="[11,0,1,2,25,1]">8</label>
<label id="[11,0,1,2,9,0]">10</label>
<label id="[11,0,1,2,9,1]">14</label>
<label id="[11,0,2,2,17,0]">10</label>
<label id="[11,0,2,2,17,1]">14</label>
<label id="[11,0,2,2,25,0]">8</label>
<label id="[11,0,2,2,25,1]">8</label>
<label id="[11,0,2,2,9,0]">8</label>
<label id="[11,0,2,2,9,1]">8</label>
<label id="[11,1,0,2,0,0]">6</label>
<label id="[11,1,0,2,0,1]">6</label>
<label id="[11,1,0,2,16,0]">4</label>
<label id="[11,1,0,2,16,1]">25</label>
<label id="[11,1,0,2,8,0]">4</label>
<label id="[11,1,0,2,8,1]">25</label>
<label id="[11,1,1,2,16,0]">8</label>
<label id="[11,1,1,2,16,1]">8</label>
<label id="[11,1,1,2,24,0]">8</label>
<label id="[11,1,1,2,24,1]">8</label>
<label id="[11,1,1,2,8,0]">10</label>
<label id="[11,1,1,2,8,1]">14</label>
<label id="[11,1,2,2,16,0]">10</label>
<label id="[11,1,2,2,16,1]">14</label>
<label id="[11,1,2,2,24,0]">8</label>
<label id="[11,1,2,2,24,1]">8</label>
<label id="[11,1,2,2,8,0]">8</label>
<label id="[11,1,2,2,8,1]">8</label>
<label id="[12,0,0,2,1,0]">6</label>
<label id="[12,0,0,2,1,1]">6</label>
<label id="[12,0,1,2,25,0]">6</label>
<label id="[12,0,1,2,25,1]">6</label>
<label id="[12,0,1,2,9,0]">22</label>
<label id="[12,0,1,2,9,1]">33</label>
<label id="[12,0,2,2,17,0]">22</label>
<label id="[12,0,2,2,17,1]">33</label>
<label id="[12,0,2,2,25,0]">6</label>
<label id="[12,0,2,2,25,1]">6</label>
<label id="[12,1,0,2,0,0]">6</label>
<label id="[12,1,0,2,0,1]">6</label>
<label id="[12,1,1,2,24,0]">6</label>
<label id="[12,1,1,2,24,1]">6</label>
<label id="[12,1,1,2,8,0]">22</label>
<label id="[12,1,1,2,8,1]">33</label>
<label id="[12,1,2,2,16,0]">22</label>
<label id="[12,1,2,2,16,1]">33</label>
<label id="[12,1,2,2,24,0]">6</label>
<label id="[12,1,2,2,24,1]">6</label>
<label id="[13,0,1,2,1,1]">26</label>
<label id="[13,0,1,2,17,1]">52</label>
<label id="[13,0,1,2,25,1]">6</label>
<label id="[13,0,1,2,33,1]">2</label>
<label id="[13,0,1,2,9,1]">44</label>
<label id="[13,0,2,2,1,1]">26</label>
<label id="[13,0,2,2,17,1]">44</label>
<label id="[13,0,2,2,25,1]">6</label>
<label id="[13,0,2,2,33,1]">2</label>
<label id="[13,0,2,2,9,1]">52</label>
<label id="[13,1,1,2,0,1]">30</label>
<label id="[13,1,1,2,16,1]">56</label>
<label id="[13,1,1,2,24,1]">8</label>
<label id="[13,1,1,2,8,1]">50</label>
<label id="[13,1,2,2,0,1]">30</label>
<label id="[13,1,2,2,16,1]">50</label>
<label id="[13,1,2,2,24,1]">8</label>
<label id="[13,1,2,2,8,1]">56</label>
<label id="[14,0,1,2,1,1]">4</label>
<label id="[14,0,1,2,17,1]">12</label>
<label id="[14,0,1,2,9,1]">12</label>
<label id="[14,0,2,2,1,1]">4</label>
<label id="[14,0,2,2,17,1]">12</label>
<label id="[14,0,2,2,9,1]">12</label>
<label id="[14,1,1,2,0,1]">4</label>
<label id="[14,1,1,2,16,1]">12</label>
<label id="[14,1,1,2,8,1]">12</label>
<label id="[14,1,2,2,0,1]">4</label>
<label id="[14,1,2,2,16,1]">12</label>
<label id="[14,1,2,2,8,1]">12</label>
<label id="[15,0,1,2,1,1]">4</label>
<label id="[15,0,1,2,17,1]">12</label>
<label id="[15,0,1,2,9,2]">12</label>
<label id="[15,0,2,2,1,1]">4</label>
<label id="[15,0,2,2,17,2]">12</label>
<label id="[15,0,2,2,9,1]">12</label>
<label id="[15,1,1,2,0,1]">4</label>
<label id="[15,1,1,2,16,1]">12</label>
<label id="[15,1,1,2,8,2]">12</label>
<label id="[15,1,2,2,0,1]">4</label>
<label id="[15,1,2,2,16,2]">12</label>
<label id="[15,1,2,2,8,1]">12</label>
<label id="[17,0,1,2,9,1]">26</label>
<label id="[17,0,2,2,17,1]">26</label>
<label id="[17,1,1,2,8,1]">22</label>
<label id="[17,1,2,2,16,1]">22</label>
<label id="[2,0,0,1,0,0]">6</label>
<label id="[3,0,0,1,0,0]">3</label>
<label id="[4,0,0,1,33,0]">2</label>
<label id="[5,0,0,2,33,0]">2</label>
<label id="[6,0,0,0,32,0]">3</label>
<label id="[7,1,0,2,32,0]">2</label>
<label id="[8,1,0,2,32,0]">8</label>
<label id="[9,1,0,2,0,0]">5</label>
</state-labels><state-labels procid="5">
<label id="[0]">434</label>
<label id="[1]">434</label>
<label id="[2]">434</label>
<label id="[3]">434</label>
<label id="[4]">928</label>
</state-labels></label-info>
</state-space-info>
