<?xml version="1.0"?>
<!DOCTYPE state-space-info SYSTEM "../../state_space_info.dtd">


<state-space-info>
<states>2661</states>
<edges>4486</edges>
<bfs-info>
 <levels>58</levels>
<max-level>124</max-level>

<back-level-edges>988</back-level-edges>
<max-back-level-edge>20</max-back-level-edge>
<avg-back-level-edge>4</avg-back-level-edge>
<bfs-levels>
<level id="0"><states>1</states><edges>2</edges></level>
<level id="1"><states>2</states><edges>2</edges></level>
<level id="2"><states>2</states><edges>2</edges></level>
<level id="3"><states>2</states><edges>2</edges></level>
<level id="4"><states>2</states><edges>4</edges></level>
<level id="5"><states>4</states><edges>6</edges></level>
<level id="6"><states>4</states><edges>2</edges></level>
<level id="7"><states>2</states><edges>2</edges></level>
<level id="8"><states>2</states><edges>4</edges></level>
<level id="9"><states>4</states><edges>4</edges></level>
<level id="10"><states>2</states><edges>2</edges></level>
<level id="11"><states>2</states><edges>2</edges></level>
<level id="12"><states>2</states><edges>2</edges></level>
<level id="13"><states>2</states><edges>2</edges></level>
<level id="14"><states>2</states><edges>6</edges></level>
<level id="15"><states>6</states><edges>10</edges></level>
<level id="16"><states>8</states><edges>14</edges></level>
<level id="17"><states>10</states><edges>18</edges></level>
<level id="18"><states>16</states><edges>26</edges></level>
<level id="19"><states>16</states><edges>28</edges></level>
<level id="20"><states>18</states><edges>30</edges></level>
<level id="21"><states>20</states><edges>30</edges></level>
<level id="22"><states>22</states><edges>38</edges></level>
<level id="23"><states>32</states><edges>48</edges></level>
<level id="24"><states>32</states><edges>60</edges></level>
<level id="25"><states>38</states><edges>64</edges></level>
<level id="26"><states>32</states><edges>52</edges></level>
<level id="27"><states>36</states><edges>50</edges></level>
<level id="28"><states>36</states><edges>68</edges></level>
<level id="29"><states>54</states><edges>92</edges></level>
<level id="30"><states>54</states><edges>90</edges></level>
<level id="31"><states>56</states><edges>88</edges></level>
<level id="32"><states>64</states><edges>88</edges></level>
<level id="33"><states>64</states><edges>108</edges></level>
<level id="34"><states>88</states><edges>148</edges></level>
<level id="35"><states>88</states><edges>172</edges></level>
<level id="36"><states>96</states><edges>176</edges></level>
<level id="37"><states>92</states><edges>152</edges></level>
<level id="38"><states>108</states><edges>188</edges></level>
<level id="39"><states>108</states><edges>212</edges></level>
<level id="40"><states>104</states><edges>188</edges></level>
<level id="41"><states>112</states><edges>160</edges></level>
<level id="42"><states>92</states><edges>128</edges></level>
<level id="43"><states>92</states><edges>156</edges></level>
<level id="44"><states>108</states><edges>192</edges></level>
<level id="45"><states>108</states><edges>204</edges></level>
<level id="46"><states>108</states><edges>196</edges></level>
<level id="47"><states>104</states><edges>180</edges></level>
<level id="48"><states>124</states><edges>192</edges></level>
<level id="49"><states>100</states><edges>192</edges></level>
<level id="50"><states>100</states><edges>176</edges></level>
<level id="51"><states>92</states><edges>124</edges></level>
<level id="52"><states>64</states><edges>92</edges></level>
<level id="53"><states>60</states><edges>92</edges></level>
<level id="54"><states>32</states><edges>68</edges></level>
<level id="55"><states>20</states><edges>36</edges></level>
<level id="56"><states>8</states><edges>12</edges></level>
<level id="57"><states>4</states><edges>4</edges></level>
</bfs-levels>
<back-level-length id="0">0</back-level-length>
<back-level-length id="1">62.753</back-level-length>
<back-level-length id="2">0</back-level-length>
<back-level-length id="3">0</back-level-length>
<back-level-length id="4">0</back-level-length>
<back-level-length id="5">0</back-level-length>
<back-level-length id="6">2.02429</back-level-length>
<back-level-length id="7">0</back-level-length>
<back-level-length id="8">14.9798</back-level-length>
<back-level-length id="9">9.31174</back-level-length>
<back-level-length id="10">9.7166</back-level-length>
<back-level-length id="11">0</back-level-length>
<back-level-length id="12">0</back-level-length>
<back-level-length id="13">0</back-level-length>
<back-level-length id="14">0</back-level-length>
<back-level-length id="15">0</back-level-length>
<back-level-length id="16">0</back-level-length>
<back-level-length id="17">0</back-level-length>
<back-level-length id="18">0</back-level-length>
<back-level-length id="19">0</back-level-length>
<back-level-length id="20">1.21457</back-level-length>
</bfs-info>
<degrees>
<avg>1.68583</avg>
<max-in>5</max-in>
<max-out>3</max-out>
<degree id="0"><in>1</in><out>2</out></degree>
<degree id="1"><in>1506</in><out>1284</out></degree>
<degree id="2"><in>634</in><out>923</out></degree>
<degree id="3"><in>400</in><out>452</out></degree>
<degree id="4"><in>88</in><out>0</out></degree>
<degree id="5"><in>32</in><out>0</out></degree>
</degrees>
<scc-info>
<count>481</count>
<height>39</height>
<nontrivial-height>9</nontrivial-height>
<trivial>427</trivial>
<terminal>4</terminal>
<largest>370</largest>
<largest-position> terminal</largest-position>
</scc-info>
<dfs-info>
<stack-size id="13">0.488538</stack-size>
<stack-size id="26">0.939496</stack-size>
<stack-size id="39">1.42803</stack-size>
<stack-size id="52">1.91657</stack-size>
<stack-size id="65">1.80383</stack-size>
<stack-size id="78">2.21721</stack-size>
<stack-size id="91">2.70575</stack-size>
<stack-size id="104">3.15671</stack-size>
<stack-size id="117">3.60767</stack-size>
<stack-size id="130">4.0962</stack-size>
<stack-size id="143">4.17136</stack-size>
<stack-size id="156">4.50958</stack-size>
<stack-size id="169">4.92296</stack-size>
<stack-size id="182">5.4115</stack-size>
<stack-size id="195">5.86246</stack-size>
<stack-size id="208">6.351</stack-size>
<stack-size id="221">6.80195</stack-size>
<stack-size id="234">7.21533</stack-size>
<stack-size id="247">7.70387</stack-size>
<stack-size id="260">7.77903</stack-size>
<stack-size id="273">8.19241</stack-size>
<stack-size id="286">7.89177</stack-size>
<stack-size id="299">8.30515</stack-size>
<stack-size id="312">7.85419</stack-size>
<stack-size id="325">7.85419</stack-size>
<stack-size id="338">7.29049</stack-size>
<stack-size id="351">6.23826</stack-size>
<stack-size id="364">5.93762</stack-size>
<stack-size id="377">5.2236</stack-size>
<stack-size id="390">4.50958</stack-size>
<stack-size id="403">4.0962</stack-size>
<stack-size id="416">3.68283</stack-size>
<stack-size id="429">3.19429</stack-size>
<stack-size id="442">3.00639</stack-size>
<stack-size id="455">2.29237</stack-size>
<stack-size id="468">2.32995</stack-size>
<stack-size id="481">2.81849</stack-size>
<stack-size id="494">2.89365</stack-size>
<stack-size id="507">3.38219</stack-size>
<stack-size id="520">3.60767</stack-size>
<stack-size id="533">3.41977</stack-size>
<stack-size id="546">3.11913</stack-size>
<stack-size id="559">2.55543</stack-size>
<stack-size id="572">1.80383</stack-size>
<stack-size id="585">1.46561</stack-size>
<stack-size id="598">1.95415</stack-size>
<stack-size id="611">2.10447</stack-size>
<stack-size id="624">2.59301</stack-size>
<stack-size id="637">2.74333</stack-size>
<stack-size id="650">3.23187</stack-size>
<stack-size id="663">3.38219</stack-size>
<stack-size id="676">3.87073</stack-size>
<stack-size id="689">4.2841</stack-size>
<stack-size id="702">4.54716</stack-size>
<stack-size id="715">4.92296</stack-size>
<stack-size id="728">4.96054</stack-size>
<stack-size id="741">4.43442</stack-size>
<stack-size id="754">3.72041</stack-size>
<stack-size id="767">3.04397</stack-size>
<stack-size id="780">1.76625</stack-size>
<stack-size id="793">2.06689</stack-size>
<stack-size id="806">2.21721</stack-size>
<stack-size id="819">2.55543</stack-size>
<stack-size id="832">2.96881</stack-size>
<stack-size id="845">2.17963</stack-size>
<stack-size id="858">1.3153</stack-size>
<stack-size id="871">1.3153</stack-size>
<stack-size id="884">1.76625</stack-size>
<stack-size id="897">1.35287</stack-size>
<stack-size id="910">1.50319</stack-size>
<stack-size id="923">1.54077</stack-size>
<stack-size id="936">1.99173</stack-size>
<stack-size id="949">1.46561</stack-size>
<stack-size id="962">1.87899</stack-size>
<stack-size id="975">1.72867</stack-size>
<stack-size id="988">1.35287</stack-size>
<stack-size id="1001">1.1274</stack-size>
<stack-size id="1014">1.61593</stack-size>
<stack-size id="1027">2.06689</stack-size>
<stack-size id="1040">2.29237</stack-size>
<stack-size id="1053">2.40511</stack-size>
<stack-size id="1066">2.74333</stack-size>
<stack-size id="1079">3.23187</stack-size>
<stack-size id="1092">3.68283</stack-size>
<stack-size id="1105">3.90831</stack-size>
<stack-size id="1118">4.24652</stack-size>
<stack-size id="1131">3.94589</stack-size>
<stack-size id="1144">3.72041</stack-size>
<stack-size id="1157">2.78091</stack-size>
<stack-size id="1170">1.99173</stack-size>
<stack-size id="1183">1.16498</stack-size>
<stack-size id="1196">1.61593</stack-size>
<stack-size id="1209">1.80383</stack-size>
<stack-size id="1222">1.95415</stack-size>
<stack-size id="1235">2.44269</stack-size>
<stack-size id="1248">2.74333</stack-size>
<stack-size id="1261">2.44269</stack-size>
<stack-size id="1274">1.87899</stack-size>
<stack-size id="1287">0.789177</stack-size>
<stack-size id="1300">1.24014</stack-size>
<stack-size id="1313">1.57835</stack-size>
<stack-size id="1326">0.676437</stack-size>
<stack-size id="1339">0.300639</stack-size>
<stack-size id="1352">0.789177</stack-size>
<stack-size id="1365">1.24014</stack-size>
<stack-size id="1378">1.72867</stack-size>
<stack-size id="1391">2.21721</stack-size>
<stack-size id="1404">2.63059</stack-size>
<stack-size id="1417">3.11913</stack-size>
<stack-size id="1430">3.23187</stack-size>
<stack-size id="1443">3.68283</stack-size>
<stack-size id="1456">4.17136</stack-size>
<stack-size id="1469">4.58474</stack-size>
<stack-size id="1482">4.99812</stack-size>
<stack-size id="1495">5.4115</stack-size>
<stack-size id="1508">5.90004</stack-size>
<stack-size id="1521">6.01278</stack-size>
<stack-size id="1534">6.46374</stack-size>
<stack-size id="1547">6.87711</stack-size>
<stack-size id="1560">7.36565</stack-size>
<stack-size id="1573">7.85419</stack-size>
<stack-size id="1586">8.26757</stack-size>
<stack-size id="1599">8.60579</stack-size>
<stack-size id="1612">8.45547</stack-size>
<stack-size id="1625">8.79369</stack-size>
<stack-size id="1638">8.19241</stack-size>
<stack-size id="1651">7.77903</stack-size>
<stack-size id="1664">6.95227</stack-size>
<stack-size id="1677">6.12552</stack-size>
<stack-size id="1690">6.08794</stack-size>
<stack-size id="1703">5.56182</stack-size>
<stack-size id="1716">4.73506</stack-size>
<stack-size id="1729">4.58474</stack-size>
<stack-size id="1742">3.57009</stack-size>
<stack-size id="1755">3.26945</stack-size>
<stack-size id="1768">2.96881</stack-size>
<stack-size id="1781">2.70575</stack-size>
<stack-size id="1794">2.66817</stack-size>
<stack-size id="1807">3.15671</stack-size>
<stack-size id="1820">3.64525</stack-size>
<stack-size id="1833">4.13378</stack-size>
<stack-size id="1846">4.35926</stack-size>
<stack-size id="1859">4.17136</stack-size>
<stack-size id="1872">3.87073</stack-size>
<stack-size id="1885">2.93123</stack-size>
<stack-size id="1898">2.14205</stack-size>
<stack-size id="1911">1.39045</stack-size>
<stack-size id="1924">1.76625</stack-size>
<stack-size id="1937">1.91657</stack-size>
<stack-size id="1950">2.40511</stack-size>
<stack-size id="1963">2.55543</stack-size>
<stack-size id="1976">3.04397</stack-size>
<stack-size id="1989">3.19429</stack-size>
<stack-size id="2002">3.68283</stack-size>
<stack-size id="2015">4.0962</stack-size>
<stack-size id="2028">4.58474</stack-size>
<stack-size id="2041">4.73506</stack-size>
<stack-size id="2054">5.07328</stack-size>
<stack-size id="2067">4.6599</stack-size>
<stack-size id="2080">3.72041</stack-size>
<stack-size id="2093">3.15671</stack-size>
<stack-size id="2106">2.21721</stack-size>
<stack-size id="2119">1.87899</stack-size>
<stack-size id="2132">2.36753</stack-size>
<stack-size id="2145">2.51785</stack-size>
<stack-size id="2158">2.85607</stack-size>
<stack-size id="2171">2.63059</stack-size>
<stack-size id="2184">1.72867</stack-size>
<stack-size id="2197">1.16498</stack-size>
<stack-size id="2210">1.61593</stack-size>
<stack-size id="2223">1.16498</stack-size>
<stack-size id="2236">1.57835</stack-size>
<stack-size id="2249">1.35287</stack-size>
<stack-size id="2262">1.80383</stack-size>
<stack-size id="2275">1.95415</stack-size>
<stack-size id="2288">1.76625</stack-size>
<stack-size id="2301">1.54077</stack-size>
<stack-size id="2314">1.80383</stack-size>
<stack-size id="2327">0.939496</stack-size>
<stack-size id="2340">1.42803</stack-size>
<stack-size id="2353">1.76625</stack-size>
<stack-size id="2366">1.80383</stack-size>
<stack-size id="2379">2.02931</stack-size>
<stack-size id="2392">2.06689</stack-size>
<stack-size id="2405">2.55543</stack-size>
<stack-size id="2418">2.81849</stack-size>
<stack-size id="2431">3.15671</stack-size>
<stack-size id="2444">3.38219</stack-size>
<stack-size id="2457">3.23187</stack-size>
<stack-size id="2470">2.85607</stack-size>
<stack-size id="2483">2.70575</stack-size>
<stack-size id="2496">2.10447</stack-size>
<stack-size id="2509">1.69109</stack-size>
<stack-size id="2522">1.46561</stack-size>
<stack-size id="2535">1.61593</stack-size>
<stack-size id="2548">2.10447</stack-size>
<stack-size id="2561">2.25479</stack-size>
<stack-size id="2574">2.55543</stack-size>
<stack-size id="2587">2.70575</stack-size>
<stack-size id="2600">1.99173</stack-size>
<stack-size id="2613">1.24014</stack-size>
<stack-size id="2626">1.08982</stack-size>
<stack-size id="2639">1.54077</stack-size>
<stack-size id="2652">0.939496</stack-size>
<max-stack>234</max-stack>
<front-edges>2660</front-edges>
<back-edges>701</back-edges>
<cross-edges>1125</cross-edges>
<shortest-cycle>2</shortest-cycle>
</dfs-info>
<rw-info>
<coverage step="260">6.31342</coverage>
<coverage step="520">9.47012</coverage>
<coverage step="780">14.7313</coverage>
<coverage step="1040">19.053</coverage>
<coverage step="1300">21.0823</coverage>
<coverage step="1560">23.9759</coverage>
<coverage step="1820">24.4269</coverage>
<coverage step="2080">26.1556</coverage>
<coverage step="2340">26.6441</coverage>
<coverage step="2600">30.0639</coverage>
<coverage step="2860">32.6569</coverage>
<coverage step="3120">34.3104</coverage>
<coverage step="3380">34.348</coverage>
<coverage step="3640">35.062</coverage>
<coverage step="3900">35.9263</coverage>
<coverage step="4160">38.3315</coverage>
<coverage step="4420">38.9703</coverage>
<coverage step="4680">41.0748</coverage>
<coverage step="4940">41.3003</coverage>
<coverage step="5200">42.841</coverage>
<coverage step="5460">42.9914</coverage>
<coverage step="5720">44.006</coverage>
<coverage step="5980">44.4194</coverage>
<coverage step="6240">45.1334</coverage>
<coverage step="6500">45.171</coverage>
<coverage step="6760">47.2379</coverage>
<coverage step="7020">47.4258</coverage>
<coverage step="7280">49.6806</coverage>
<coverage step="7540">49.7182</coverage>
<coverage step="7800">52.0105</coverage>
<coverage step="8060">52.236</coverage>
<coverage step="8320">52.4615</coverage>
<coverage step="8580">53.401</coverage>
<coverage step="8840">54.1526</coverage>
<coverage step="9100">54.4156</coverage>
<coverage step="9360">54.5284</coverage>
<coverage step="9620">55.5054</coverage>
<coverage step="9880">55.5054</coverage>
<coverage step="10140">56.2946</coverage>
<coverage step="10400">56.4074</coverage>
<coverage step="10660">57.0838</coverage>
<coverage step="10920">57.1214</coverage>
<coverage step="11180">57.2717</coverage>
<coverage step="11440">57.3469</coverage>
<coverage step="11700">57.4596</coverage>
<coverage step="11960">57.5348</coverage>
<coverage step="12220">58.9628</coverage>
<coverage step="12480">59.6768</coverage>
<coverage step="12740">59.8271</coverage>
<coverage step="13000">59.8271</coverage>
<coverage step="13260">60.729</coverage>
<coverage step="13520">60.729</coverage>
<coverage step="13780">60.9169</coverage>
<coverage step="14040">60.9921</coverage>
<coverage step="14300">61.2552</coverage>
<coverage step="14560">61.4055</coverage>
<coverage step="14820">61.4806</coverage>
<coverage step="15080">62.0068</coverage>
<coverage step="15340">62.4953</coverage>
<coverage step="15600">62.8711</coverage>
<coverage step="15860">62.8711</coverage>
<coverage step="16120">62.8711</coverage>
<coverage step="16380">62.8711</coverage>
<coverage step="16640">62.9087</coverage>
<coverage step="16900">62.9087</coverage>
<coverage step="17160">64.0361</coverage>
<coverage step="17420">64.0361</coverage>
<coverage step="17680">64.0737</coverage>
<coverage step="17940">64.0737</coverage>
<coverage step="18200">64.7501</coverage>
<coverage step="18460">64.7501</coverage>
<coverage step="18720">65.2386</coverage>
<coverage step="18980">65.2386</coverage>
<coverage step="19240">65.3138</coverage>
<coverage step="19500">65.3138</coverage>
<coverage step="19760">65.4265</coverage>
<coverage step="20020">65.4265</coverage>
<coverage step="20280">65.4641</coverage>
<coverage step="20540">65.4641</coverage>
<coverage step="20800">66.0654</coverage>
<coverage step="21060">66.2533</coverage>
<coverage step="21320">66.4788</coverage>
<coverage step="21580">66.6667</coverage>
<coverage step="21840">66.7418</coverage>
<coverage step="22100">67.6437</coverage>
<coverage step="22360">67.6437</coverage>
<coverage step="22620">67.8692</coverage>
<coverage step="22880">67.9068</coverage>
<coverage step="23140">67.9068</coverage>
<coverage step="23400">67.9068</coverage>
<coverage step="23660">67.9444</coverage>
<coverage step="23920">67.9444</coverage>
<coverage step="24180">68.0947</coverage>
<coverage step="24440">68.0947</coverage>
<coverage step="24700">68.3953</coverage>
<coverage step="24960">68.3953</coverage>
<coverage step="25220">68.5457</coverage>
<coverage step="25480">68.5457</coverage>
<coverage step="25740">69.5979</coverage>
<coverage step="26000">69.5979</coverage>
<coverage step="26260">69.7482</coverage>
<coverage step="26520">69.7482</coverage>
<rw-visits order="1">173</rw-visits>
<rw-visits order="10">117</rw-visits>
<rw-visits order="19">97</rw-visits>
<rw-visits order="28">91</rw-visits>
<rw-visits order="37">86</rw-visits>
<rw-visits order="46">80</rw-visits>
<rw-visits order="55">73</rw-visits>
<rw-visits order="64">64</rw-visits>
<rw-visits order="73">62</rw-visits>
<rw-visits order="82">57</rw-visits>
<rw-visits order="91">56</rw-visits>
<rw-visits order="100">53</rw-visits>
<rw-visits order="109">51</rw-visits>
<rw-visits order="118">49</rw-visits>
<rw-visits order="127">48</rw-visits>
<rw-visits order="136">45</rw-visits>
<rw-visits order="145">44</rw-visits>
<rw-visits order="154">42</rw-visits>
<rw-visits order="163">40</rw-visits>
<rw-visits order="172">40</rw-visits>
<rw-visits order="181">39</rw-visits>
<rw-visits order="190">38</rw-visits>
<rw-visits order="199">37</rw-visits>
<rw-visits order="208">37</rw-visits>
<rw-visits order="217">35</rw-visits>
<rw-visits order="226">35</rw-visits>
<rw-visits order="235">35</rw-visits>
<rw-visits order="244">34</rw-visits>
<rw-visits order="253">33</rw-visits>
<rw-visits order="262">32</rw-visits>
<rw-visits order="271">31</rw-visits>
<rw-visits order="280">30</rw-visits>
<rw-visits order="289">30</rw-visits>
<rw-visits order="298">29</rw-visits>
<rw-visits order="307">29</rw-visits>
<rw-visits order="316">28</rw-visits>
<rw-visits order="325">27</rw-visits>
<rw-visits order="334">26</rw-visits>
<rw-visits order="343">25</rw-visits>
<rw-visits order="352">25</rw-visits>
<rw-visits order="361">24</rw-visits>
<rw-visits order="370">24</rw-visits>
<rw-visits order="379">23</rw-visits>
<rw-visits order="388">23</rw-visits>
<rw-visits order="397">22</rw-visits>
<rw-visits order="406">22</rw-visits>
<rw-visits order="415">22</rw-visits>
<rw-visits order="424">21</rw-visits>
<rw-visits order="433">21</rw-visits>
<rw-visits order="442">20</rw-visits>
<rw-visits order="451">20</rw-visits>
<rw-visits order="460">20</rw-visits>
<rw-visits order="469">19</rw-visits>
<rw-visits order="478">18</rw-visits>
<rw-visits order="487">17</rw-visits>
<rw-visits order="496">17</rw-visits>
<rw-visits order="505">16</rw-visits>
<rw-visits order="514">16</rw-visits>
<rw-visits order="523">16</rw-visits>
<rw-visits order="532">16</rw-visits>
<rw-visits order="541">15</rw-visits>
<rw-visits order="550">15</rw-visits>
<rw-visits order="559">14</rw-visits>
<rw-visits order="568">14</rw-visits>
<rw-visits order="577">14</rw-visits>
<rw-visits order="586">14</rw-visits>
<rw-visits order="595">13</rw-visits>
<rw-visits order="604">13</rw-visits>
<rw-visits order="613">13</rw-visits>
<rw-visits order="622">12</rw-visits>
<rw-visits order="631">12</rw-visits>
<rw-visits order="640">12</rw-visits>
<rw-visits order="649">11</rw-visits>
<rw-visits order="658">11</rw-visits>
<rw-visits order="667">11</rw-visits>
<rw-visits order="676">11</rw-visits>
<rw-visits order="685">10</rw-visits>
<rw-visits order="694">10</rw-visits>
<rw-visits order="703">10</rw-visits>
<rw-visits order="712">10</rw-visits>
<rw-visits order="721">9</rw-visits>
<rw-visits order="730">9</rw-visits>
<rw-visits order="739">9</rw-visits>
<rw-visits order="748">9</rw-visits>
<rw-visits order="757">9</rw-visits>
<rw-visits order="766">8</rw-visits>
<rw-visits order="775">8</rw-visits>
<rw-visits order="784">8</rw-visits>
<rw-visits order="793">8</rw-visits>
<rw-visits order="802">8</rw-visits>
<rw-visits order="811">7</rw-visits>
<rw-visits order="820">7</rw-visits>
<rw-visits order="829">7</rw-visits>
<rw-visits order="838">7</rw-visits>
<rw-visits order="847">7</rw-visits>
<rw-visits order="856">7</rw-visits>
<rw-visits order="865">7</rw-visits>
<rw-visits order="874">7</rw-visits>
<rw-visits order="883">6</rw-visits>
<rw-visits order="892">6</rw-visits>
<rw-visits order="901">6</rw-visits>
<rw-visits order="910">6</rw-visits>
<rw-visits order="919">6</rw-visits>
<rw-visits order="928">5</rw-visits>
<rw-visits order="937">5</rw-visits>
<rw-visits order="946">5</rw-visits>
<rw-visits order="955">5</rw-visits>
<rw-visits order="964">5</rw-visits>
<rw-visits order="973">5</rw-visits>
<rw-visits order="982">5</rw-visits>
<rw-visits order="991">5</rw-visits>
<rw-visits order="1000">5</rw-visits>
<rw-visits order="1009">4</rw-visits>
<rw-visits order="1018">4</rw-visits>
<rw-visits order="1027">4</rw-visits>
<rw-visits order="1036">4</rw-visits>
<rw-visits order="1045">4</rw-visits>
<rw-visits order="1054">4</rw-visits>
<rw-visits order="1063">4</rw-visits>
<rw-visits order="1072">4</rw-visits>
<rw-visits order="1081">4</rw-visits>
<rw-visits order="1090">4</rw-visits>
<rw-visits order="1099">4</rw-visits>
<rw-visits order="1108">4</rw-visits>
<rw-visits order="1117">4</rw-visits>
<rw-visits order="1126">3</rw-visits>
<rw-visits order="1135">3</rw-visits>
<rw-visits order="1144">3</rw-visits>
<rw-visits order="1153">3</rw-visits>
<rw-visits order="1162">3</rw-visits>
<rw-visits order="1171">3</rw-visits>
<rw-visits order="1180">3</rw-visits>
<rw-visits order="1189">3</rw-visits>
<rw-visits order="1198">3</rw-visits>
<rw-visits order="1207">3</rw-visits>
<rw-visits order="1216">3</rw-visits>
<rw-visits order="1225">3</rw-visits>
<rw-visits order="1234">3</rw-visits>
<rw-visits order="1243">3</rw-visits>
<rw-visits order="1252">3</rw-visits>
<rw-visits order="1261">3</rw-visits>
<rw-visits order="1270">2</rw-visits>
<rw-visits order="1279">2</rw-visits>
<rw-visits order="1288">2</rw-visits>
<rw-visits order="1297">2</rw-visits>
<rw-visits order="1306">2</rw-visits>
<rw-visits order="1315">2</rw-visits>
<rw-visits order="1324">2</rw-visits>
<rw-visits order="1333">2</rw-visits>
<rw-visits order="1342">2</rw-visits>
<rw-visits order="1351">2</rw-visits>
<rw-visits order="1360">2</rw-visits>
<rw-visits order="1369">2</rw-visits>
<rw-visits order="1378">2</rw-visits>
<rw-visits order="1387">2</rw-visits>
<rw-visits order="1396">2</rw-visits>
<rw-visits order="1405">2</rw-visits>
<rw-visits order="1414">2</rw-visits>
<rw-visits order="1423">2</rw-visits>
<rw-visits order="1432">2</rw-visits>
<rw-visits order="1441">2</rw-visits>
<rw-visits order="1450">2</rw-visits>
<rw-visits order="1459">2</rw-visits>
<rw-visits order="1468">2</rw-visits>
<rw-visits order="1477">2</rw-visits>
<rw-visits order="1486">2</rw-visits>
<rw-visits order="1495">2</rw-visits>
<rw-visits order="1504">1</rw-visits>
<rw-visits order="1513">1</rw-visits>
<rw-visits order="1522">1</rw-visits>
<rw-visits order="1531">1</rw-visits>
<rw-visits order="1540">1</rw-visits>
<rw-visits order="1549">1</rw-visits>
<rw-visits order="1558">1</rw-visits>
<rw-visits order="1567">1</rw-visits>
<rw-visits order="1576">1</rw-visits>
<rw-visits order="1585">1</rw-visits>
<rw-visits order="1594">1</rw-visits>
<rw-visits order="1603">1</rw-visits>
<rw-visits order="1612">1</rw-visits>
<rw-visits order="1621">1</rw-visits>
<rw-visits order="1630">1</rw-visits>
<rw-visits order="1639">1</rw-visits>
<rw-visits order="1648">1</rw-visits>
<rw-visits order="1657">1</rw-visits>
<rw-visits order="1666">1</rw-visits>
<rw-visits order="1675">1</rw-visits>
<rw-visits order="1684">1</rw-visits>
<rw-visits order="1693">1</rw-visits>
<rw-visits order="1702">1</rw-visits>
<rw-visits order="1711">1</rw-visits>
<rw-visits order="1720">1</rw-visits>
<rw-visits order="1729">1</rw-visits>
<rw-visits order="1738">1</rw-visits>
<rw-visits order="1747">1</rw-visits>
<rw-visits order="1756">1</rw-visits>
<rw-visits order="1765">1</rw-visits>
<rw-visits order="1774">1</rw-visits>
<rw-visits order="1783">1</rw-visits>
<rw-visits order="1792">1</rw-visits>
<rw-visits order="1801">1</rw-visits>
<rw-visits order="1810">1</rw-visits>
<rw-visits order="1819">1</rw-visits>
<rw-visits order="1828">1</rw-visits>
<rw-visits order="1837">1</rw-visits>
<rw-visits order="1846">1</rw-visits>
<rw-visits order="1855">1</rw-visits>
<final-coverage>69.7482</final-coverage>
</rw-info>
<local-info>
<diamonds>42.9914</diamonds>
<neighborhood k="4">10</neighborhood>
<clustering k="4">1.31245</clustering>
</local-info>
<label-info>
<edge-label id="0.2+2.16">84</edge-label>
<edge-label id="0.2+2.25">58</edge-label>
<edge-label id="0.2+2.3">1</edge-label>
<edge-label id="0.2+2.6">1</edge-label>
<edge-label id="0.3+3.16">84</edge-label>
<edge-label id="0.3+3.25">58</edge-label>
<edge-label id="0.3+3.3">1</edge-label>
<edge-label id="0.3+3.6">1</edge-label>
<edge-label id="0.4">302</edge-label>
<edge-label id="0.5">286</edge-label>
<edge-label id="0.6+2.16">82</edge-label>
<edge-label id="0.6+2.25">56</edge-label>
<edge-label id="0.6+2.9">1</edge-label>
<edge-label id="0.7+3.16">82</edge-label>
<edge-label id="0.7+3.25">56</edge-label>
<edge-label id="0.7+3.9">1</edge-label>
<edge-label id="0.8">298</edge-label>
<edge-label id="2.1+0.0">1</edge-label>
<edge-label id="2.12+0.0">4</edge-label>
<edge-label id="2.18">300</edge-label>
<edge-label id="2.2">2</edge-label>
<edge-label id="2.21+1.0">16</edge-label>
<edge-label id="2.21+1.2">16</edge-label>
<edge-label id="2.22+1.4">16</edge-label>
<edge-label id="2.22+1.6">16</edge-label>
<edge-label id="2.23+0.0">212</edge-label>
<edge-label id="2.30">48</edge-label>
<edge-label id="2.31">64</edge-label>
<edge-label id="2.32+0.0">24</edge-label>
<edge-label id="2.33+1.0">34</edge-label>
<edge-label id="2.33+1.2">14</edge-label>
<edge-label id="2.34+1.4">34</edge-label>
<edge-label id="2.34+1.6">14</edge-label>
<edge-label id="2.35+0.0">32</edge-label>
<edge-label id="2.4">2</edge-label>
<edge-label id="2.5+0.0">1</edge-label>
<edge-label id="2.7">2</edge-label>
<edge-label id="2.8+0.0">2</edge-label>
<edge-label id="3.1+0.1">1</edge-label>
<edge-label id="3.12+0.1">4</edge-label>
<edge-label id="3.18">300</edge-label>
<edge-label id="3.2">2</edge-label>
<edge-label id="3.21+1.0">16</edge-label>
<edge-label id="3.21+1.2">16</edge-label>
<edge-label id="3.22+1.4">16</edge-label>
<edge-label id="3.22+1.6">16</edge-label>
<edge-label id="3.23+0.1">212</edge-label>
<edge-label id="3.30">48</edge-label>
<edge-label id="3.31">64</edge-label>
<edge-label id="3.32+0.1">24</edge-label>
<edge-label id="3.33+1.0">34</edge-label>
<edge-label id="3.33+1.2">14</edge-label>
<edge-label id="3.34+1.4">34</edge-label>
<edge-label id="3.34+1.6">14</edge-label>
<edge-label id="3.35+0.1">32</edge-label>
<edge-label id="3.4">2</edge-label>
<edge-label id="3.5+0.1">1</edge-label>
<edge-label id="3.7">2</edge-label>
<edge-label id="3.8+0.1">2</edge-label>
<edge-label id="4.0+2.0">1</edge-label>
<edge-label id="4.1+3.0">1</edge-label>
<edge-label id="4.2+2.13">210</edge-label>
<edge-label id="4.3+3.13">210</edge-label>
<edge-label id="4.4+2.15">121</edge-label>
<edge-label id="4.5+3.15">121</edge-label>
<edge-label id="4.6+2.14">210</edge-label>
<edge-label id="4.7+3.14">210</edge-label>
<edge-label id="4.8+2.15">121</edge-label>
<edge-label id="4.9+3.15">121</edge-label>
<state-labels procid="0">
<label id="[{0|0},0]">3</label>
<label id="[{0|1},0]">593</label>
<label id="[{0|1},1]">734</label>
<label id="[{1|0},0]">593</label>
<label id="[{1|0},1]">734</label>
<label id="[{1|1},0]">2</label>
<label id="[{1|1},1]">2</label>
</state-labels><state-labels procid="1">
<label id="[0,0,0,0]">31</label>
<label id="[0,0,0,16]">116</label>
<label id="[0,0,0,17]">116</label>
<label id="[0,0,0,1]">24</label>
<label id="[0,0,0,24]">36</label>
<label id="[0,0,0,25]">36</label>
<label id="[0,0,0,32]">4</label>
<label id="[0,0,0,33]">2</label>
<label id="[0,0,0,8]">116</label>
<label id="[0,0,0,9]">116</label>
<label id="[0,1,1,0]">28</label>
<label id="[0,1,1,16]">116</label>
<label id="[0,1,1,17]">116</label>
<label id="[0,1,1,1]">24</label>
<label id="[0,1,1,24]">36</label>
<label id="[0,1,1,25]">36</label>
<label id="[0,1,1,32]">4</label>
<label id="[0,1,1,33]">2</label>
<label id="[0,1,1,8]">116</label>
<label id="[0,1,1,9]">116</label>
<label id="[1,0,0,17]">56</label>
<label id="[1,0,0,1]">16</label>
<label id="[1,0,0,25]">20</label>
<label id="[1,0,0,32]">1</label>
<label id="[1,0,0,33]">2</label>
<label id="[1,0,0,9]">56</label>
<label id="[1,0,1,0]">9</label>
<label id="[1,0,1,16]">57</label>
<label id="[1,0,1,17]">57</label>
<label id="[1,0,1,1]">12</label>
<label id="[1,0,1,24]">20</label>
<label id="[1,0,1,25]">20</label>
<label id="[1,0,1,32]">1</label>
<label id="[1,0,1,33]">2</label>
<label id="[1,0,1,8]">57</label>
<label id="[1,0,1,9]">57</label>
<label id="[1,1,0,0]">9</label>
<label id="[1,1,0,16]">57</label>
<label id="[1,1,0,17]">57</label>
<label id="[1,1,0,1]">12</label>
<label id="[1,1,0,24]">20</label>
<label id="[1,1,0,25]">20</label>
<label id="[1,1,0,32]">1</label>
<label id="[1,1,0,33]">2</label>
<label id="[1,1,0,8]">57</label>
<label id="[1,1,0,9]">57</label>
<label id="[1,1,1,17]">56</label>
<label id="[1,1,1,1]">16</label>
<label id="[1,1,1,25]">20</label>
<label id="[1,1,1,32]">1</label>
<label id="[1,1,1,33]">2</label>
<label id="[1,1,1,9]">56</label>
<label id="[2,0,0,0]">17</label>
<label id="[2,0,0,16]">56</label>
<label id="[2,0,0,24]">20</label>
<label id="[2,0,0,8]">56</label>
<label id="[2,0,1,0]">9</label>
<label id="[2,0,1,16]">57</label>
<label id="[2,0,1,24]">20</label>
<label id="[2,0,1,8]">57</label>
<label id="[2,1,0,0]">9</label>
<label id="[2,1,0,16]">57</label>
<label id="[2,1,0,24]">20</label>
<label id="[2,1,0,8]">57</label>
<label id="[2,1,1,0]">17</label>
<label id="[2,1,1,16]">56</label>
<label id="[2,1,1,24]">20</label>
<label id="[2,1,1,8]">56</label>
</state-labels><state-labels procid="2">
<label id="[0,0]">1245</label>
<label id="[0,1]">1248</label>
<label id="[1,1]">84</label>
<label id="[2,1]">84</label>
</state-labels><state-labels procid="3">
<label id="[0,0,0,0,0,0]">3</label>
<label id="[1,0,0,1,0,0]">1</label>
<label id="[10,0,0,2,1,0]">28</label>
<label id="[10,0,0,2,1,1]">40</label>
<label id="[10,0,0,2,17,1]">32</label>
<label id="[10,0,0,2,25,1]">6</label>
<label id="[10,0,0,2,33,0]">5</label>
<label id="[10,0,0,2,33,1]">2</label>
<label id="[10,0,0,2,9,1]">32</label>
<label id="[10,0,1,2,25,0]">24</label>
<label id="[10,0,1,2,25,1]">24</label>
<label id="[10,0,1,2,9,0]">69</label>
<label id="[10,0,1,2,9,1]">93</label>
<label id="[10,0,2,2,17,0]">69</label>
<label id="[10,0,2,2,17,1]">93</label>
<label id="[10,0,2,2,25,0]">24</label>
<label id="[10,0,2,2,25,1]">24</label>
<label id="[10,1,0,2,0,0]">32</label>
<label id="[10,1,0,2,0,1]">44</label>
<label id="[10,1,0,2,16,1]">42</label>
<label id="[10,1,0,2,24,1]">8</label>
<label id="[10,1,0,2,8,1]">42</label>
<label id="[10,1,1,2,24,0]">24</label>
<label id="[10,1,1,2,24,1]">24</label>
<label id="[10,1,1,2,8,0]">59</label>
<label id="[10,1,1,2,8,1]">78</label>
<label id="[10,1,2,2,16,0]">59</label>
<label id="[10,1,2,2,16,1]">78</label>
<label id="[10,1,2,2,24,0]">24</label>
<label id="[10,1,2,2,24,1]">24</label>
<label id="[11,0,0,2,1,0]">6</label>
<label id="[11,0,0,2,1,1]">6</label>
<label id="[11,0,0,2,17,0]">4</label>
<label id="[11,0,0,2,17,1]">25</label>
<label id="[11,0,0,2,9,0]">4</label>
<label id="[11,0,0,2,9,1]">25</label>
<label id="[11,0,1,2,17,0]">8</label>
<label id="[11,0,1,2,17,1]">8</label>
<label id="[11,0,1,2,25,0]">8</label>
<label id="[11,0,1,2,25,1]">8</label>
<label id="[11,0,1,2,9,0]">10</label>
<label id="[11,0,1,2,9,1]">14</label>
<label id="[11,0,2,2,17,0]">10</label>
<label id="[11,0,2,2,17,1]">14</label>
<label id="[11,0,2,2,25,0]">8</label>
<label id="[11,0,2,2,25,1]">8</label>
<label id="[11,0,2,2,9,0]">8</label>
<label id="[11,0,2,2,9,1]">8</label>
<label id="[11,1,0,2,0,0]">6</label>
<label id="[11,1,0,2,0,1]">6</label>
<label id="[11,1,0,2,16,0]">4</label>
<label id="[11,1,0,2,16,1]">25</label>
<label id="[11,1,0,2,8,0]">4</label>
<label id="[11,1,0,2,8,1]">25</label>
<label id="[11,1,1,2,16,0]">8</label>
<label id="[11,1,1,2,16,1]">8</label>
<label id="[11,1,1,2,24,0]">8</label>
<label id="[11,1,1,2,24,1]">8</label>
<label id="[11,1,1,2,8,0]">10</label>
<label id="[11,1,1,2,8,1]">14</label>
<label id="[11,1,2,2,16,0]">10</label>
<label id="[11,1,2,2,16,1]">14</label>
<label id="[11,1,2,2,24,0]">8</label>
<label id="[11,1,2,2,24,1]">8</label>
<label id="[11,1,2,2,8,0]">8</label>
<label id="[11,1,2,2,8,1]">8</label>
<label id="[12,0,0,2,1,0]">6</label>
<label id="[12,0,0,2,1,1]">6</label>
<label id="[12,0,1,2,25,0]">6</label>
<label id="[12,0,1,2,25,1]">6</label>
<label id="[12,0,1,2,9,0]">22</label>
<label id="[12,0,1,2,9,1]">33</label>
<label id="[12,0,2,2,17,0]">22</label>
<label id="[12,0,2,2,17,1]">33</label>
<label id="[12,0,2,2,25,0]">6</label>
<label id="[12,0,2,2,25,1]">6</label>
<label id="[12,1,0,2,0,0]">6</label>
<label id="[12,1,0,2,0,1]">6</label>
<label id="[12,1,1,2,24,0]">6</label>
<label id="[12,1,1,2,24,1]">6</label>
<label id="[12,1,1,2,8,0]">22</label>
<label id="[12,1,1,2,8,1]">33</label>
<label id="[12,1,2,2,16,0]">22</label>
<label id="[12,1,2,2,16,1]">33</label>
<label id="[12,1,2,2,24,0]">6</label>
<label id="[12,1,2,2,24,1]">6</label>
<label id="[13,0,1,2,1,1]">26</label>
<label id="[13,0,1,2,17,1]">52</label>
<label id="[13,0,1,2,25,1]">6</label>
<label id="[13,0,1,2,33,1]">2</label>
<label id="[13,0,1,2,9,1]">44</label>
<label id="[13,0,2,2,1,1]">26</label>
<label id="[13,0,2,2,17,1]">44</label>
<label id="[13,0,2,2,25,1]">6</label>
<label id="[13,0,2,2,33,1]">2</label>
<label id="[13,0,2,2,9,1]">52</label>
<label id="[13,1,1,2,0,1]">30</label>
<label id="[13,1,1,2,16,1]">56</label>
<label id="[13,1,1,2,24,1]">8</label>
<label id="[13,1,1,2,8,1]">50</label>
<label id="[13,1,2,2,0,1]">30</label>
<label id="[13,1,2,2,16,1]">50</label>
<label id="[13,1,2,2,24,1]">8</label>
<label id="[13,1,2,2,8,1]">56</label>
<label id="[14,0,1,2,1,1]">4</label>
<label id="[14,0,1,2,17,1]">12</label>
<label id="[14,0,1,2,9,1]">12</label>
<label id="[14,0,2,2,1,1]">4</label>
<label id="[14,0,2,2,17,1]">12</label>
<label id="[14,0,2,2,9,1]">12</label>
<label id="[14,1,1,2,0,1]">4</label>
<label id="[14,1,1,2,16,1]">12</label>
<label id="[14,1,1,2,8,1]">12</label>
<label id="[14,1,2,2,0,1]">4</label>
<label id="[14,1,2,2,16,1]">12</label>
<label id="[14,1,2,2,8,1]">12</label>
<label id="[15,0,1,2,1,1]">4</label>
<label id="[15,0,1,2,17,1]">12</label>
<label id="[15,0,1,2,9,2]">12</label>
<label id="[15,0,2,2,1,1]">4</label>
<label id="[15,0,2,2,17,2]">12</label>
<label id="[15,0,2,2,9,1]">12</label>
<label id="[15,1,1,2,0,1]">4</label>
<label id="[15,1,1,2,16,1]">12</label>
<label id="[15,1,1,2,8,2]">12</label>
<label id="[15,1,2,2,0,1]">4</label>
<label id="[15,1,2,2,16,2]">12</label>
<label id="[15,1,2,2,8,1]">12</label>
<label id="[17,0,1,2,9,1]">26</label>
<label id="[17,0,2,2,17,1]">26</label>
<label id="[17,1,1,2,8,1]">22</label>
<label id="[17,1,2,2,16,1]">22</label>
<label id="[2,0,0,1,0,0]">5</label>
<label id="[3,0,0,1,0,0]">3</label>
<label id="[4,0,0,1,33,0]">2</label>
<label id="[5,0,0,2,33,0]">2</label>
<label id="[6,0,0,0,32,0]">3</label>
<label id="[7,1,0,2,32,0]">2</label>
<label id="[8,1,0,2,32,0]">8</label>
<label id="[9,1,0,2,0,0]">5</label>
</state-labels><state-labels procid="4">
<label id="[0,0,0,0,0,0]">3</label>
<label id="[1,0,0,1,0,0]">1</label>
<label id="[10,0,0,2,1,0]">28</label>
<label id="[10,0,0,2,1,1]">40</label>
<label id="[10,0,0,2,17,1]">32</label>
<label id="[10,0,0,2,25,1]">6</label>
<label id="[10,0,0,2,33,0]">5</label>
<label id="[10,0,0,2,33,1]">2</label>
<label id="[10,0,0,2,9,1]">32</label>
<label id="[10,0,1,2,25,0]">24</label>
<label id="[10,0,1,2,25,1]">24</label>
<label id="[10,0,1,2,9,0]">69</label>
<label id="[10,0,1,2,9,1]">93</label>
<label id="[10,0,2,2,17,0]">69</label>
<label id="[10,0,2,2,17,1]">93</label>
<label id="[10,0,2,2,25,0]">24</label>
<label id="[10,0,2,2,25,1]">24</label>
<label id="[10,1,0,2,0,0]">32</label>
<label id="[10,1,0,2,0,1]">44</label>
<label id="[10,1,0,2,16,1]">42</label>
<label id="[10,1,0,2,24,1]">8</label>
<label id="[10,1,0,2,8,1]">42</label>
<label id="[10,1,1,2,24,0]">24</label>
<label id="[10,1,1,2,24,1]">24</label>
<label id="[10,1,1,2,8,0]">59</label>
<label id="[10,1,1,2,8,1]">78</label>
<label id="[10,1,2,2,16,0]">59</label>
<label id="[10,1,2,2,16,1]">78</label>
<label id="[10,1,2,2,24,0]">24</label>
<label id="[10,1,2,2,24,1]">24</label>
<label id="[11,0,0,2,1,0]">6</label>
<label id="[11,0,0,2,1,1]">6</label>
<label id="[11,0,0,2,17,0]">4</label>
<label id="[11,0,0,2,17,1]">25</label>
<label id="[11,0,0,2,9,0]">4</label>
<label id="[11,0,0,2,9,1]">25</label>
<label id="[11,0,1,2,17,0]">8</label>
<label id="[11,0,1,2,17,1]">8</label>
<label id="[11,0,1,2,25,0]">8</label>
<label id="[11,0,1,2,25,1]">8</label>
<label id="[11,0,1,2,9,0]">10</label>
<label id="[11,0,1,2,9,1]">14</label>
<label id="[11,0,2,2,17,0]">10</label>
<label id="[11,0,2,2,17,1]">14</label>
<label id="[11,0,2,2,25,0]">8</label>
<label id="[11,0,2,2,25,1]">8</label>
<label id="[11,0,2,2,9,0]">8</label>
<label id="[11,0,2,2,9,1]">8</label>
<label id="[11,1,0,2,0,0]">6</label>
<label id="[11,1,0,2,0,1]">6</label>
<label id="[11,1,0,2,16,0]">4</label>
<label id="[11,1,0,2,16,1]">25</label>
<label id="[11,1,0,2,8,0]">4</label>
<label id="[11,1,0,2,8,1]">25</label>
<label id="[11,1,1,2,16,0]">8</label>
<label id="[11,1,1,2,16,1]">8</label>
<label id="[11,1,1,2,24,0]">8</label>
<label id="[11,1,1,2,24,1]">8</label>
<label id="[11,1,1,2,8,0]">10</label>
<label id="[11,1,1,2,8,1]">14</label>
<label id="[11,1,2,2,16,0]">10</label>
<label id="[11,1,2,2,16,1]">14</label>
<label id="[11,1,2,2,24,0]">8</label>
<label id="[11,1,2,2,24,1]">8</label>
<label id="[11,1,2,2,8,0]">8</label>
<label id="[11,1,2,2,8,1]">8</label>
<label id="[12,0,0,2,1,0]">6</label>
<label id="[12,0,0,2,1,1]">6</label>
<label id="[12,0,1,2,25,0]">6</label>
<label id="[12,0,1,2,25,1]">6</label>
<label id="[12,0,1,2,9,0]">22</label>
<label id="[12,0,1,2,9,1]">33</label>
<label id="[12,0,2,2,17,0]">22</label>
<label id="[12,0,2,2,17,1]">33</label>
<label id="[12,0,2,2,25,0]">6</label>
<label id="[12,0,2,2,25,1]">6</label>
<label id="[12,1,0,2,0,0]">6</label>
<label id="[12,1,0,2,0,1]">6</label>
<label id="[12,1,1,2,24,0]">6</label>
<label id="[12,1,1,2,24,1]">6</label>
<label id="[12,1,1,2,8,0]">22</label>
<label id="[12,1,1,2,8,1]">33</label>
<label id="[12,1,2,2,16,0]">22</label>
<label id="[12,1,2,2,16,1]">33</label>
<label id="[12,1,2,2,24,0]">6</label>
<label id="[12,1,2,2,24,1]">6</label>
<label id="[13,0,1,2,1,1]">26</label>
<label id="[13,0,1,2,17,1]">52</label>
<label id="[13,0,1,2,25,1]">6</label>
<label id="[13,0,1,2,33,1]">2</label>
<label id="[13,0,1,2,9,1]">44</label>
<label id="[13,0,2,2,1,1]">26</label>
<label id="[13,0,2,2,17,1]">44</label>
<label id="[13,0,2,2,25,1]">6</label>
<label id="[13,0,2,2,33,1]">2</label>
<label id="[13,0,2,2,9,1]">52</label>
<label id="[13,1,1,2,0,1]">30</label>
<label id="[13,1,1,2,16,1]">56</label>
<label id="[13,1,1,2,24,1]">8</label>
<label id="[13,1,1,2,8,1]">50</label>
<label id="[13,1,2,2,0,1]">30</label>
<label id="[13,1,2,2,16,1]">50</label>
<label id="[13,1,2,2,24,1]">8</label>
<label id="[13,1,2,2,8,1]">56</label>
<label id="[14,0,1,2,1,1]">4</label>
<label id="[14,0,1,2,17,1]">12</label>
<label id="[14,0,1,2,9,1]">12</label>
<label id="[14,0,2,2,1,1]">4</label>
<label id="[14,0,2,2,17,1]">12</label>
<label id="[14,0,2,2,9,1]">12</label>
<label id="[14,1,1,2,0,1]">4</label>
<label id="[14,1,1,2,16,1]">12</label>
<label id="[14,1,1,2,8,1]">12</label>
<label id="[14,1,2,2,0,1]">4</label>
<label id="[14,1,2,2,16,1]">12</label>
<label id="[14,1,2,2,8,1]">12</label>
<label id="[15,0,1,2,1,1]">4</label>
<label id="[15,0,1,2,17,1]">12</label>
<label id="[15,0,1,2,9,2]">12</label>
<label id="[15,0,2,2,1,1]">4</label>
<label id="[15,0,2,2,17,2]">12</label>
<label id="[15,0,2,2,9,1]">12</label>
<label id="[15,1,1,2,0,1]">4</label>
<label id="[15,1,1,2,16,1]">12</label>
<label id="[15,1,1,2,8,2]">12</label>
<label id="[15,1,2,2,0,1]">4</label>
<label id="[15,1,2,2,16,2]">12</label>
<label id="[15,1,2,2,8,1]">12</label>
<label id="[17,0,1,2,9,1]">26</label>
<label id="[17,0,2,2,17,1]">26</label>
<label id="[17,1,1,2,8,1]">22</label>
<label id="[17,1,2,2,16,1]">22</label>
<label id="[2,0,0,1,0,0]">5</label>
<label id="[3,0,0,1,0,0]">3</label>
<label id="[4,0,0,1,33,0]">2</label>
<label id="[5,0,0,2,33,0]">2</label>
<label id="[6,0,0,0,32,0]">3</label>
<label id="[7,1,0,2,32,0]">2</label>
<label id="[8,1,0,2,32,0]">8</label>
<label id="[9,1,0,2,0,0]">5</label>
</state-labels><state-labels procid="5">
<label id="[0]">1</label>
<label id="[1]">434</label>
<label id="[2]">434</label>
<label id="[3]">434</label>
<label id="[4]">434</label>
<label id="[5]">924</label>
</state-labels></label-info>
</state-space-info>
