<?xml version="1.0"?>
<!DOCTYPE state-space-info SYSTEM "../../state_space_info.dtd">


<state-space-info>
<states>1048</states>
<edges>5446</edges>
<bfs-info>
 <levels>73</levels>
<max-level>67</max-level>

<back-level-edges>2527</back-level-edges>
<max-back-level-edge>1</max-back-level-edge>
<avg-back-level-edge>1</avg-back-level-edge>
<bfs-levels>
<level id="0"><states>1</states><edges>3</edges></level>
<level id="1"><states>3</states><edges>12</edges></level>
<level id="2"><states>6</states><edges>26</edges></level>
<level id="3"><states>9</states><edges>41</edges></level>
<level id="4"><states>11</states><edges>50</edges></level>
<level id="5"><states>11</states><edges>49</edges></level>
<level id="6"><states>9</states><edges>40</edges></level>
<level id="7"><states>7</states><edges>31</edges></level>
<level id="8"><states>6</states><edges>28</edges></level>
<level id="9"><states>7</states><edges>32</edges></level>
<level id="10"><states>9</states><edges>41</edges></level>
<level id="11"><states>11</states><edges>49</edges></level>
<level id="12"><states>11</states><edges>49</edges></level>
<level id="13"><states>10</states><edges>42</edges></level>
<level id="14"><states>8</states><edges>29</edges></level>
<level id="15"><states>4</states><edges>14</edges></level>
<level id="16"><states>2</states><edges>5</edges></level>
<level id="17"><states>1</states><edges>2</edges></level>
<level id="18"><states>1</states><edges>3</edges></level>
<level id="19"><states>2</states><edges>5</edges></level>
<level id="20"><states>2</states><edges>6</edges></level>
<level id="21"><states>2</states><edges>6</edges></level>
<level id="22"><states>2</states><edges>4</edges></level>
<level id="23"><states>1</states><edges>3</edges></level>
<level id="24"><states>2</states><edges>6</edges></level>
<level id="25"><states>3</states><edges>10</edges></level>
<level id="26"><states>4</states><edges>14</edges></level>
<level id="27"><states>5</states><edges>17</edges></level>
<level id="28"><states>5</states><edges>18</edges></level>
<level id="29"><states>5</states><edges>17</edges></level>
<level id="30"><states>4</states><edges>15</edges></level>
<level id="31"><states>4</states><edges>12</edges></level>
<level id="32"><states>3</states><edges>11</edges></level>
<level id="33"><states>4</states><edges>16</edges></level>
<level id="34"><states>6</states><edges>26</edges></level>
<level id="35"><states>8</states><edges>36</edges></level>
<level id="36"><states>9</states><edges>41</edges></level>
<level id="37"><states>9</states><edges>42</edges></level>
<level id="38"><states>9</states><edges>41</edges></level>
<level id="39"><states>8</states><edges>37</edges></level>
<level id="40"><states>7</states><edges>29</edges></level>
<level id="41"><states>5</states><edges>21</edges></level>
<level id="42"><states>5</states><edges>19</edges></level>
<level id="43"><states>5</states><edges>19</edges></level>
<level id="44"><states>4</states><edges>16</edges></level>
<level id="45"><states>3</states><edges>11</edges></level>
<level id="46"><states>2</states><edges>7</edges></level>
<level id="47"><states>2</states><edges>6</edges></level>
<level id="48"><states>2</states><edges>7</edges></level>
<level id="49"><states>3</states><edges>12</edges></level>
<level id="50"><states>5</states><edges>23</edges></level>
<level id="51"><states>9</states><edges>44</edges></level>
<level id="52"><states>15</states><edges>79</edges></level>
<level id="53"><states>22</states><edges>120</edges></level>
<level id="54"><states>29</states><edges>159</edges></level>
<level id="55"><states>35</states><edges>194</edges></level>
<level id="56"><states>40</states><edges>224</edges></level>
<level id="57"><states>44</states><edges>251</edges></level>
<level id="58"><states>48</states><edges>276</edges></level>
<level id="59"><states>52</states><edges>297</edges></level>
<level id="60"><states>55</states><edges>313</edges></level>
<level id="61"><states>58</states><edges>336</edges></level>
<level id="62"><states>63</states><edges>372</edges></level>
<level id="63"><states>67</states><edges>397</edges></level>
<level id="64"><states>64</states><edges>379</edges></level>
<level id="65"><states>55</states><edges>316</edges></level>
<level id="66"><states>42</states><edges>224</edges></level>
<level id="67"><states>29</states><edges>142</edges></level>
<level id="68"><states>21</states><edges>93</edges></level>
<level id="69"><states>16</states><edges>68</edges></level>
<level id="70"><states>11</states><edges>43</edges></level>
<level id="71"><states>5</states><edges>17</edges></level>
<level id="72"><states>1</states><edges>3</edges></level>
</bfs-levels>
<back-level-length id="0">0</back-level-length>
<back-level-length id="1">100</back-level-length>
</bfs-info>
<degrees>
<avg>5.19656</avg>
<max-in>9</max-in>
<max-out>9</max-out>
<degree id="0"><in>0</in><out>0</out></degree>
<degree id="1"><in>0</in><out>0</out></degree>
<degree id="2"><in>14</in><out>15</out></degree>
<degree id="3"><in>93</in><out>95</out></degree>
<degree id="4"><in>222</in><out>216</out></degree>
<degree id="5"><in>295</in><out>297</out></degree>
<degree id="6"><in>242</in><out>243</out></degree>
<degree id="7"><in>136</in><out>136</out></degree>
<degree id="8"><in>42</in><out>42</out></degree>
<degree id="9"><in>4</in><out>4</out></degree>
</degrees>
<scc-info>
<count>2</count>
<height>1</height>
<nontrivial-height>1</nontrivial-height>
<trivial>0</trivial>
<terminal>1</terminal>
<largest>656</largest>
<largest-position> initial </largest-position>
</scc-info>
<dfs-info>
<stack-size id="5">0.477099</stack-size>
<stack-size id="10">0.954198</stack-size>
<stack-size id="15">1.4313</stack-size>
<stack-size id="20">1.9084</stack-size>
<stack-size id="25">2.3855</stack-size>
<stack-size id="30">2.8626</stack-size>
<stack-size id="35">3.33969</stack-size>
<stack-size id="40">3.81679</stack-size>
<stack-size id="45">4.29389</stack-size>
<stack-size id="50">4.77099</stack-size>
<stack-size id="55">5.24809</stack-size>
<stack-size id="60">5.72519</stack-size>
<stack-size id="65">5.82061</stack-size>
<stack-size id="70">6.29771</stack-size>
<stack-size id="75">6.77481</stack-size>
<stack-size id="80">7.25191</stack-size>
<stack-size id="85">7.72901</stack-size>
<stack-size id="90">8.20611</stack-size>
<stack-size id="95">8.68321</stack-size>
<stack-size id="100">9.16031</stack-size>
<stack-size id="105">9.6374</stack-size>
<stack-size id="110">10.1145</stack-size>
<stack-size id="115">10.5916</stack-size>
<stack-size id="120">11.0687</stack-size>
<stack-size id="125">11.1641</stack-size>
<stack-size id="130">11.6412</stack-size>
<stack-size id="135">12.1183</stack-size>
<stack-size id="140">12.2137</stack-size>
<stack-size id="145">11.8321</stack-size>
<stack-size id="150">12.3092</stack-size>
<stack-size id="155">12.7863</stack-size>
<stack-size id="160">13.2634</stack-size>
<stack-size id="165">13.7405</stack-size>
<stack-size id="170">14.2176</stack-size>
<stack-size id="175">14.6947</stack-size>
<stack-size id="180">15.1718</stack-size>
<stack-size id="185">15.6489</stack-size>
<stack-size id="190">16.126</stack-size>
<stack-size id="195">16.6031</stack-size>
<stack-size id="200">17.0802</stack-size>
<stack-size id="205">17.5573</stack-size>
<stack-size id="210">18.0344</stack-size>
<stack-size id="215">18.2252</stack-size>
<stack-size id="220">18.7023</stack-size>
<stack-size id="225">19.1794</stack-size>
<stack-size id="230">19.6565</stack-size>
<stack-size id="235">20.1336</stack-size>
<stack-size id="240">20.6107</stack-size>
<stack-size id="245">21.0878</stack-size>
<stack-size id="250">21.5649</stack-size>
<stack-size id="255">22.042</stack-size>
<stack-size id="260">22.5191</stack-size>
<stack-size id="265">22.9962</stack-size>
<stack-size id="270">23.4733</stack-size>
<stack-size id="275">23.9504</stack-size>
<stack-size id="280">24.4275</stack-size>
<stack-size id="285">24.9046</stack-size>
<stack-size id="290">25.2863</stack-size>
<stack-size id="295">25.7634</stack-size>
<stack-size id="300">26.2405</stack-size>
<stack-size id="305">26.7176</stack-size>
<stack-size id="310">27.1947</stack-size>
<stack-size id="315">27.6718</stack-size>
<stack-size id="320">28.1489</stack-size>
<stack-size id="325">28.626</stack-size>
<stack-size id="330">29.1031</stack-size>
<stack-size id="335">29.5802</stack-size>
<stack-size id="340">30.0573</stack-size>
<stack-size id="345">30.5344</stack-size>
<stack-size id="350">31.0115</stack-size>
<stack-size id="355">31.4885</stack-size>
<stack-size id="360">31.9656</stack-size>
<stack-size id="365">32.4427</stack-size>
<stack-size id="370">32.9198</stack-size>
<stack-size id="375">33.3969</stack-size>
<stack-size id="380">33.874</stack-size>
<stack-size id="385">34.3511</stack-size>
<stack-size id="390">31.6794</stack-size>
<stack-size id="395">32.1565</stack-size>
<stack-size id="400">32.6336</stack-size>
<stack-size id="405">33.1107</stack-size>
<stack-size id="410">33.5878</stack-size>
<stack-size id="415">34.0649</stack-size>
<stack-size id="420">34.542</stack-size>
<stack-size id="425">35.0191</stack-size>
<stack-size id="430">35.4962</stack-size>
<stack-size id="435">35.9733</stack-size>
<stack-size id="440">36.0687</stack-size>
<stack-size id="445">36.5458</stack-size>
<stack-size id="450">37.0229</stack-size>
<stack-size id="455">37.5</stack-size>
<stack-size id="460">37.9771</stack-size>
<stack-size id="465">38.4542</stack-size>
<stack-size id="470">38.9313</stack-size>
<stack-size id="475">39.4084</stack-size>
<stack-size id="480">39.6947</stack-size>
<stack-size id="485">40.1718</stack-size>
<stack-size id="490">40.6489</stack-size>
<stack-size id="495">41.126</stack-size>
<stack-size id="500">41.6031</stack-size>
<stack-size id="505">42.0802</stack-size>
<stack-size id="510">42.5573</stack-size>
<stack-size id="515">43.0344</stack-size>
<stack-size id="520">43.5115</stack-size>
<stack-size id="525">43.9885</stack-size>
<stack-size id="530">44.4656</stack-size>
<stack-size id="535">44.9427</stack-size>
<stack-size id="540">45.4198</stack-size>
<stack-size id="545">45.8969</stack-size>
<stack-size id="550">46.374</stack-size>
<stack-size id="555">46.8511</stack-size>
<stack-size id="560">47.3282</stack-size>
<stack-size id="565">47.8053</stack-size>
<stack-size id="570">48.2824</stack-size>
<stack-size id="575">48.7595</stack-size>
<stack-size id="580">49.2366</stack-size>
<stack-size id="585">49.7137</stack-size>
<stack-size id="590">50.1908</stack-size>
<stack-size id="595">50.6679</stack-size>
<stack-size id="600">47.9962</stack-size>
<stack-size id="605">47.9962</stack-size>
<stack-size id="610">48.4733</stack-size>
<stack-size id="615">48.9504</stack-size>
<stack-size id="620">38.2634</stack-size>
<stack-size id="625">37.8817</stack-size>
<stack-size id="630">20.4198</stack-size>
<stack-size id="635">20.5153</stack-size>
<stack-size id="640">20.9924</stack-size>
<stack-size id="645">21.4695</stack-size>
<stack-size id="650">21.9466</stack-size>
<stack-size id="655">22.4237</stack-size>
<stack-size id="660">22.9008</stack-size>
<stack-size id="665">23.3779</stack-size>
<stack-size id="670">23.855</stack-size>
<stack-size id="675">24.3321</stack-size>
<stack-size id="680">24.8092</stack-size>
<stack-size id="685">25.1908</stack-size>
<stack-size id="690">25.6679</stack-size>
<stack-size id="695">26.145</stack-size>
<stack-size id="700">26.6221</stack-size>
<stack-size id="705">27.0992</stack-size>
<stack-size id="710">27.5763</stack-size>
<stack-size id="715">28.0534</stack-size>
<stack-size id="720">28.5305</stack-size>
<stack-size id="725">29.0076</stack-size>
<stack-size id="730">29.4847</stack-size>
<stack-size id="735">29.9618</stack-size>
<stack-size id="740">30.4389</stack-size>
<stack-size id="745">30.916</stack-size>
<stack-size id="750">31.3931</stack-size>
<stack-size id="755">31.8702</stack-size>
<stack-size id="760">32.3473</stack-size>
<stack-size id="765">32.8244</stack-size>
<stack-size id="770">33.3015</stack-size>
<stack-size id="775">33.7786</stack-size>
<stack-size id="780">34.2557</stack-size>
<stack-size id="785">31.584</stack-size>
<stack-size id="790">32.0611</stack-size>
<stack-size id="795">32.5382</stack-size>
<stack-size id="800">33.0153</stack-size>
<stack-size id="805">33.4924</stack-size>
<stack-size id="810">33.9695</stack-size>
<stack-size id="815">34.4466</stack-size>
<stack-size id="820">34.9237</stack-size>
<stack-size id="825">35.4008</stack-size>
<stack-size id="830">35.8779</stack-size>
<stack-size id="835">35.9733</stack-size>
<stack-size id="840">36.4504</stack-size>
<stack-size id="845">36.9275</stack-size>
<stack-size id="850">37.4046</stack-size>
<stack-size id="855">37.8817</stack-size>
<stack-size id="860">38.3588</stack-size>
<stack-size id="865">38.8359</stack-size>
<stack-size id="870">39.313</stack-size>
<stack-size id="875">39.5992</stack-size>
<stack-size id="880">40.0763</stack-size>
<stack-size id="885">40.5534</stack-size>
<stack-size id="890">41.0305</stack-size>
<stack-size id="895">41.5076</stack-size>
<stack-size id="900">41.9847</stack-size>
<stack-size id="905">42.4618</stack-size>
<stack-size id="910">42.9389</stack-size>
<stack-size id="915">43.416</stack-size>
<stack-size id="920">43.8931</stack-size>
<stack-size id="925">44.3702</stack-size>
<stack-size id="930">44.8473</stack-size>
<stack-size id="935">45.3244</stack-size>
<stack-size id="940">45.8015</stack-size>
<stack-size id="945">46.2786</stack-size>
<stack-size id="950">46.7557</stack-size>
<stack-size id="955">47.2328</stack-size>
<stack-size id="960">47.7099</stack-size>
<stack-size id="965">48.187</stack-size>
<stack-size id="970">48.6641</stack-size>
<stack-size id="975">49.1412</stack-size>
<stack-size id="980">49.6183</stack-size>
<stack-size id="985">50.0954</stack-size>
<stack-size id="990">50.5725</stack-size>
<stack-size id="995">47.9008</stack-size>
<stack-size id="1000">47.9008</stack-size>
<stack-size id="1005">48.3779</stack-size>
<stack-size id="1010">48.855</stack-size>
<stack-size id="1015">38.1679</stack-size>
<stack-size id="1020">37.7863</stack-size>
<stack-size id="1025">9.35115</stack-size>
<stack-size id="1030">9.82824</stack-size>
<stack-size id="1035">9.6374</stack-size>
<stack-size id="1040">10.1145</stack-size>
<stack-size id="1045">10.5916</stack-size>
<max-stack>535</max-stack>
<front-edges>1047</front-edges>
<back-edges>2527</back-edges>
<cross-edges>1872</cross-edges>
<shortest-cycle>2</shortest-cycle>
</dfs-info>
<rw-info>
<coverage step="100">4.86641</coverage>
<coverage step="200">6.87023</coverage>
<coverage step="300">8.68321</coverage>
<coverage step="400">9.82824</coverage>
<coverage step="500">11.9275</coverage>
<coverage step="600">12.1183</coverage>
<coverage step="700">12.2137</coverage>
<coverage step="800">12.6908</coverage>
<coverage step="900">12.6908</coverage>
<coverage step="1000">12.6908</coverage>
<coverage step="1100">12.6908</coverage>
<coverage step="1200">12.6908</coverage>
<coverage step="1300">12.6908</coverage>
<coverage step="1400">12.6908</coverage>
<coverage step="1500">12.7863</coverage>
<coverage step="1600">12.8817</coverage>
<coverage step="1700">12.8817</coverage>
<coverage step="1800">12.8817</coverage>
<coverage step="1900">12.8817</coverage>
<coverage step="2000">12.8817</coverage>
<coverage step="2100">12.8817</coverage>
<coverage step="2200">12.8817</coverage>
<coverage step="2300">12.8817</coverage>
<coverage step="2400">12.8817</coverage>
<coverage step="2500">12.8817</coverage>
<coverage step="2600">12.8817</coverage>
<coverage step="2700">12.8817</coverage>
<coverage step="2800">12.8817</coverage>
<coverage step="2900">12.8817</coverage>
<coverage step="3000">12.8817</coverage>
<coverage step="3100">12.8817</coverage>
<coverage step="3200">12.8817</coverage>
<coverage step="3300">12.8817</coverage>
<coverage step="3400">12.8817</coverage>
<coverage step="3500">12.8817</coverage>
<coverage step="3600">12.8817</coverage>
<coverage step="3700">12.8817</coverage>
<coverage step="3800">12.8817</coverage>
<coverage step="3900">12.8817</coverage>
<coverage step="4000">12.8817</coverage>
<coverage step="4100">12.8817</coverage>
<coverage step="4200">12.8817</coverage>
<coverage step="4300">12.8817</coverage>
<coverage step="4400">13.0725</coverage>
<coverage step="4500">13.0725</coverage>
<coverage step="4600">13.0725</coverage>
<coverage step="4700">13.0725</coverage>
<coverage step="4800">13.0725</coverage>
<coverage step="4900">13.0725</coverage>
<coverage step="5000">13.0725</coverage>
<coverage step="5100">13.0725</coverage>
<coverage step="5200">13.0725</coverage>
<coverage step="5300">13.0725</coverage>
<coverage step="5400">13.0725</coverage>
<coverage step="5500">13.0725</coverage>
<coverage step="5600">13.0725</coverage>
<coverage step="5700">13.0725</coverage>
<coverage step="5800">13.0725</coverage>
<coverage step="5900">13.0725</coverage>
<coverage step="6000">13.0725</coverage>
<coverage step="6100">13.0725</coverage>
<coverage step="6200">13.0725</coverage>
<coverage step="6300">13.0725</coverage>
<coverage step="6400">13.0725</coverage>
<coverage step="6500">13.0725</coverage>
<coverage step="6600">13.0725</coverage>
<coverage step="6700">13.0725</coverage>
<coverage step="6800">13.0725</coverage>
<coverage step="6900">13.0725</coverage>
<coverage step="7000">13.0725</coverage>
<coverage step="7100">13.0725</coverage>
<coverage step="7200">13.0725</coverage>
<coverage step="7300">13.0725</coverage>
<coverage step="7400">13.0725</coverage>
<coverage step="7500">13.0725</coverage>
<coverage step="7600">13.0725</coverage>
<coverage step="7700">13.0725</coverage>
<coverage step="7800">13.0725</coverage>
<coverage step="7900">13.0725</coverage>
<coverage step="8000">13.0725</coverage>
<coverage step="8100">13.0725</coverage>
<coverage step="8200">13.0725</coverage>
<coverage step="8300">13.0725</coverage>
<coverage step="8400">13.0725</coverage>
<coverage step="8500">13.0725</coverage>
<coverage step="8600">13.0725</coverage>
<coverage step="8700">13.0725</coverage>
<coverage step="8800">13.0725</coverage>
<coverage step="8900">13.0725</coverage>
<coverage step="9000">13.0725</coverage>
<coverage step="9100">13.0725</coverage>
<coverage step="9200">13.0725</coverage>
<coverage step="9300">13.0725</coverage>
<coverage step="9400">13.0725</coverage>
<coverage step="9500">15.5534</coverage>
<coverage step="9600">15.6489</coverage>
<coverage step="9700">15.6489</coverage>
<coverage step="9800">15.6489</coverage>
<coverage step="9900">15.6489</coverage>
<coverage step="10000">15.6489</coverage>
<coverage step="10100">15.6489</coverage>
<coverage step="10200">15.6489</coverage>
<coverage step="10300">15.6489</coverage>
<coverage step="10400">15.9351</coverage>
<rw-visits order="1">139</rw-visits>
<rw-visits order="2">138</rw-visits>
<rw-visits order="3">138</rw-visits>
<rw-visits order="4">136</rw-visits>
<rw-visits order="5">135</rw-visits>
<rw-visits order="6">131</rw-visits>
<rw-visits order="7">125</rw-visits>
<rw-visits order="8">122</rw-visits>
<rw-visits order="9">119</rw-visits>
<rw-visits order="10">116</rw-visits>
<rw-visits order="11">114</rw-visits>
<rw-visits order="12">112</rw-visits>
<rw-visits order="13">111</rw-visits>
<rw-visits order="14">110</rw-visits>
<rw-visits order="15">109</rw-visits>
<rw-visits order="16">109</rw-visits>
<rw-visits order="17">109</rw-visits>
<rw-visits order="18">108</rw-visits>
<rw-visits order="19">105</rw-visits>
<rw-visits order="20">103</rw-visits>
<rw-visits order="21">103</rw-visits>
<rw-visits order="22">102</rw-visits>
<rw-visits order="23">99</rw-visits>
<rw-visits order="24">98</rw-visits>
<rw-visits order="25">96</rw-visits>
<rw-visits order="26">96</rw-visits>
<rw-visits order="27">94</rw-visits>
<rw-visits order="28">93</rw-visits>
<rw-visits order="29">93</rw-visits>
<rw-visits order="30">93</rw-visits>
<rw-visits order="31">93</rw-visits>
<rw-visits order="32">92</rw-visits>
<rw-visits order="33">92</rw-visits>
<rw-visits order="34">92</rw-visits>
<rw-visits order="35">92</rw-visits>
<rw-visits order="36">91</rw-visits>
<rw-visits order="37">89</rw-visits>
<rw-visits order="38">89</rw-visits>
<rw-visits order="39">89</rw-visits>
<rw-visits order="40">88</rw-visits>
<rw-visits order="41">88</rw-visits>
<rw-visits order="42">88</rw-visits>
<rw-visits order="43">88</rw-visits>
<rw-visits order="44">88</rw-visits>
<rw-visits order="45">88</rw-visits>
<rw-visits order="46">88</rw-visits>
<rw-visits order="47">87</rw-visits>
<rw-visits order="48">87</rw-visits>
<rw-visits order="49">86</rw-visits>
<rw-visits order="50">85</rw-visits>
<rw-visits order="51">85</rw-visits>
<rw-visits order="52">84</rw-visits>
<rw-visits order="53">84</rw-visits>
<rw-visits order="54">84</rw-visits>
<rw-visits order="55">83</rw-visits>
<rw-visits order="56">83</rw-visits>
<rw-visits order="57">83</rw-visits>
<rw-visits order="58">82</rw-visits>
<rw-visits order="59">82</rw-visits>
<rw-visits order="60">81</rw-visits>
<rw-visits order="61">81</rw-visits>
<rw-visits order="62">80</rw-visits>
<rw-visits order="63">80</rw-visits>
<rw-visits order="64">79</rw-visits>
<rw-visits order="65">79</rw-visits>
<rw-visits order="66">78</rw-visits>
<rw-visits order="67">78</rw-visits>
<rw-visits order="68">77</rw-visits>
<rw-visits order="69">77</rw-visits>
<rw-visits order="70">77</rw-visits>
<rw-visits order="71">76</rw-visits>
<rw-visits order="72">76</rw-visits>
<rw-visits order="73">75</rw-visits>
<rw-visits order="74">74</rw-visits>
<rw-visits order="75">73</rw-visits>
<rw-visits order="76">73</rw-visits>
<rw-visits order="77">72</rw-visits>
<rw-visits order="78">72</rw-visits>
<rw-visits order="79">71</rw-visits>
<rw-visits order="80">71</rw-visits>
<rw-visits order="81">71</rw-visits>
<rw-visits order="82">70</rw-visits>
<rw-visits order="83">70</rw-visits>
<rw-visits order="84">70</rw-visits>
<rw-visits order="85">69</rw-visits>
<rw-visits order="86">68</rw-visits>
<rw-visits order="87">67</rw-visits>
<rw-visits order="88">66</rw-visits>
<rw-visits order="89">66</rw-visits>
<rw-visits order="90">66</rw-visits>
<rw-visits order="91">65</rw-visits>
<rw-visits order="92">65</rw-visits>
<rw-visits order="93">64</rw-visits>
<rw-visits order="94">64</rw-visits>
<rw-visits order="95">63</rw-visits>
<rw-visits order="96">63</rw-visits>
<rw-visits order="97">62</rw-visits>
<rw-visits order="98">62</rw-visits>
<rw-visits order="99">62</rw-visits>
<rw-visits order="100">61</rw-visits>
<rw-visits order="101">60</rw-visits>
<rw-visits order="102">60</rw-visits>
<rw-visits order="103">60</rw-visits>
<rw-visits order="104">60</rw-visits>
<rw-visits order="105">59</rw-visits>
<rw-visits order="106">58</rw-visits>
<rw-visits order="107">57</rw-visits>
<rw-visits order="108">57</rw-visits>
<rw-visits order="109">57</rw-visits>
<rw-visits order="110">55</rw-visits>
<rw-visits order="111">55</rw-visits>
<rw-visits order="112">54</rw-visits>
<rw-visits order="113">51</rw-visits>
<rw-visits order="114">50</rw-visits>
<rw-visits order="115">48</rw-visits>
<rw-visits order="116">48</rw-visits>
<rw-visits order="117">48</rw-visits>
<rw-visits order="118">44</rw-visits>
<rw-visits order="119">43</rw-visits>
<rw-visits order="120">41</rw-visits>
<rw-visits order="121">41</rw-visits>
<rw-visits order="122">40</rw-visits>
<rw-visits order="123">39</rw-visits>
<rw-visits order="124">36</rw-visits>
<rw-visits order="125">33</rw-visits>
<rw-visits order="126">29</rw-visits>
<rw-visits order="127">29</rw-visits>
<rw-visits order="128">29</rw-visits>
<rw-visits order="129">27</rw-visits>
<rw-visits order="130">25</rw-visits>
<rw-visits order="131">22</rw-visits>
<rw-visits order="132">21</rw-visits>
<rw-visits order="133">19</rw-visits>
<rw-visits order="134">16</rw-visits>
<rw-visits order="135">13</rw-visits>
<rw-visits order="136">12</rw-visits>
<rw-visits order="137">11</rw-visits>
<rw-visits order="138">11</rw-visits>
<rw-visits order="139">11</rw-visits>
<rw-visits order="140">10</rw-visits>
<rw-visits order="141">8</rw-visits>
<rw-visits order="142">8</rw-visits>
<rw-visits order="143">7</rw-visits>
<rw-visits order="144">7</rw-visits>
<rw-visits order="145">7</rw-visits>
<rw-visits order="146">7</rw-visits>
<rw-visits order="147">6</rw-visits>
<rw-visits order="148">6</rw-visits>
<rw-visits order="149">6</rw-visits>
<rw-visits order="150">6</rw-visits>
<rw-visits order="151">5</rw-visits>
<rw-visits order="152">5</rw-visits>
<rw-visits order="153">5</rw-visits>
<rw-visits order="154">5</rw-visits>
<rw-visits order="155">5</rw-visits>
<rw-visits order="156">4</rw-visits>
<rw-visits order="157">4</rw-visits>
<rw-visits order="158">4</rw-visits>
<rw-visits order="159">4</rw-visits>
<rw-visits order="160">3</rw-visits>
<rw-visits order="161">3</rw-visits>
<rw-visits order="162">3</rw-visits>
<rw-visits order="163">3</rw-visits>
<rw-visits order="164">3</rw-visits>
<rw-visits order="165">3</rw-visits>
<rw-visits order="166">3</rw-visits>
<rw-visits order="167">3</rw-visits>
<rw-visits order="168">3</rw-visits>
<rw-visits order="169">3</rw-visits>
<rw-visits order="170">2</rw-visits>
<rw-visits order="171">2</rw-visits>
<rw-visits order="172">2</rw-visits>
<rw-visits order="173">2</rw-visits>
<rw-visits order="174">2</rw-visits>
<rw-visits order="175">2</rw-visits>
<rw-visits order="176">1</rw-visits>
<rw-visits order="177">1</rw-visits>
<rw-visits order="178">1</rw-visits>
<rw-visits order="179">1</rw-visits>
<rw-visits order="180">1</rw-visits>
<rw-visits order="181">1</rw-visits>
<rw-visits order="182">1</rw-visits>
<rw-visits order="183">1</rw-visits>
<rw-visits order="184">1</rw-visits>
<final-coverage>17.6527</final-coverage>
</rw-info>
<local-info>
<diamonds>100</diamonds>
<neighborhood k="4">75</neighborhood>
<clustering k="4">3.12902</clustering>
</local-info>
<label-info>
<edge-label id="0.0">270</edge-label>
<edge-label id="0.1">270</edge-label>
<edge-label id="1.0">46</edge-label>
<edge-label id="1.1">46</edge-label>
<edge-label id="1.2">392</edge-label>
<edge-label id="2.0">456</edge-label>
<edge-label id="2.1">456</edge-label>
<edge-label id="3.0">648</edge-label>
<edge-label id="3.1">648</edge-label>
<edge-label id="4.0">553</edge-label>
<edge-label id="4.1">553</edge-label>
<edge-label id="5.0">438</edge-label>
<edge-label id="5.1">438</edge-label>
<edge-label id="6.0">116</edge-label>
<edge-label id="6.1">116</edge-label>
<state-labels procid="0">
<label id="[{0|0|0|1|1|1|0|0|0|1|0|0|0|0|0|1|1|1|1|0|0|1|1|1|1|0|1|0|0|0|1|0|1|1|1|1}]">2</label>
<label id="[{0|0|0|1|1|1|0|0|0|1|0|0|0|0|0|1|1|1|1|0|1|1|1|0|1|0|1|0|0|0|1|0|1|1|1|1}]">2</label>
<label id="[{0|0|0|1|1|1|0|0|0|1|0|0|0|0|0|1|1|1|1|0|1|1|1|1|1|0|1|0|0|0|1|0|0|1|1|1}]">2</label>
<label id="[{0|0|0|1|1|1|0|0|0|1|0|0|0|0|0|1|1|1|1|0|1|1|1|1|1|0|1|0|0|0|1|0|1|1|1|0}]">2</label>
<label id="[{0|0|0|1|1|1|0|0|0|1|0|0|0|0|0|1|1|1|1|0|1|1|1|1|1|0|1|0|0|0|1|1|1|1|0|0}]">2</label>
<label id="[{0|0|0|1|1|1|0|0|0|1|0|0|0|0|0|1|1|1|1|1|1|1|0|0|1|0|1|0|0|0|1|0|1|1|1|1}]">2</label>
<label id="[{0|0|0|1|1|1|0|0|0|1|0|0|0|0|1|1|1|1|1|0|1|1|1|1|1|0|0|0|0|0|1|0|0|1|1|1}]">2</label>
<label id="[{0|0|0|1|1|1|0|0|0|1|0|0|0|0|1|1|1|1|1|0|1|1|1|1|1|0|0|0|0|0|1|0|1|1|1|0}]">2</label>
<label id="[{0|0|0|1|1|1|0|0|0|1|0|0|0|0|1|1|1|1|1|0|1|1|1|1|1|0|0|0|0|0|1|1|1|1|0|0}]">2</label>
<label id="[{0|0|0|1|1|1|0|0|0|1|0|0|0|1|1|1|0|0|1|0|0|1|1|1|1|0|1|0|0|0|1|0|1|1|1|1}]">1</label>
<label id="[{0|0|0|1|1|1|0|0|0|1|0|0|0|1|1|1|0|0|1|0|1|1|1|0|1|0|1|0|0|0|1|0|1|1|1|1}]">1</label>
<label id="[{0|0|0|1|1|1|0|0|0|1|0|0|0|1|1|1|0|0|1|0|1|1|1|1|1|0|1|0|0|0|1|0|0|1|1|1}]">1</label>
<label id="[{0|0|0|1|1|1|0|0|0|1|0|0|0|1|1|1|0|0|1|0|1|1|1|1|1|0|1|0|0|0|1|0|1|1|1|0}]">1</label>
<label id="[{0|0|0|1|1|1|0|0|0|1|0|0|0|1|1|1|0|0|1|0|1|1|1|1|1|0|1|0|0|0|1|1|1|1|0|0}]">1</label>
<label id="[{0|0|0|1|1|1|0|0|0|1|0|0|0|1|1|1|0|0|1|1|1|1|0|0|1|0|1|0|0|0|1|0|1|1|1|1}]">1</label>
<label id="[{0|0|0|1|1|1|0|0|0|1|0|0|1|0|0|1|1|1|1|0|0|1|1|1|1|0|1|0|0|0|0|0|1|1|1|1}]">2</label>
<label id="[{0|0|0|1|1|1|0|0|0|1|0|0|1|0|0|1|1|1|1|0|1|1|1|0|1|0|1|0|0|0|0|0|1|1|1|1}]">2</label>
<label id="[{0|0|0|1|1|1|0|0|0|1|0|0|1|0|0|1|1|1|1|0|1|1|1|1|1|0|1|0|0|0|0|0|0|1|1|1}]">2</label>
<label id="[{0|0|0|1|1|1|0|0|0|1|0|0|1|0|0|1|1|1|1|0|1|1|1|1|1|0|1|0|0|0|0|0|1|1|1|0}]">2</label>
<label id="[{0|0|0|1|1|1|0|0|0|1|0|0|1|0|0|1|1|1|1|0|1|1|1|1|1|0|1|0|0|0|0|1|1|1|0|0}]">2</label>
<label id="[{0|0|0|1|1|1|0|0|0|1|0|0|1|0|0|1|1|1|1|0|1|1|1|1|1|0|1|0|0|0|1|1|1|0|0|0}]">2</label>
<label id="[{0|0|0|1|1|1|0|0|0|1|0|0|1|0|0|1|1|1|1|1|1|1|0|0|1|0|1|0|0|0|0|0|1|1|1|1}]">2</label>
<label id="[{0|0|0|1|1|1|0|0|0|1|0|0|1|0|1|1|1|1|1|0|1|1|1|1|1|0|0|0|0|0|0|0|0|1|1|1}]">2</label>
<label id="[{0|0|0|1|1|1|0|0|0|1|0|0|1|0|1|1|1|1|1|0|1|1|1|1|1|0|0|0|0|0|0|0|1|1|1|0}]">2</label>
<label id="[{0|0|0|1|1|1|0|0|0|1|0|0|1|0|1|1|1|1|1|0|1|1|1|1|1|0|0|0|0|0|0|1|1|1|0|0}]">2</label>
<label id="[{0|0|0|1|1|1|0|0|0|1|0|0|1|0|1|1|1|1|1|0|1|1|1|1|1|0|0|0|0|0|1|1|1|0|0|0}]">2</label>
<label id="[{0|0|0|1|1|1|0|0|0|1|0|0|1|1|0|1|0|0|1|0|0|1|1|1|1|0|1|0|0|0|1|0|1|1|1|1}]">1</label>
<label id="[{0|0|0|1|1|1|0|0|0|1|0|0|1|1|0|1|0|0|1|0|1|1|1|0|1|0|1|0|0|0|1|0|1|1|1|1}]">1</label>
<label id="[{0|0|0|1|1|1|0|0|0|1|0|0|1|1|0|1|0|0|1|0|1|1|1|1|1|0|1|0|0|0|1|0|0|1|1|1}]">1</label>
<label id="[{0|0|0|1|1|1|0|0|0|1|0|0|1|1|0|1|0|0|1|0|1|1|1|1|1|0|1|0|0|0|1|0|1|1|1|0}]">1</label>
<label id="[{0|0|0|1|1|1|0|0|0|1|0|0|1|1|0|1|0|0|1|0|1|1|1|1|1|0|1|0|0|0|1|1|1|1|0|0}]">1</label>
<label id="[{0|0|0|1|1|1|0|0|0|1|0|0|1|1|0|1|0|0|1|1|1|1|0|0|1|0|1|0|0|0|1|0|1|1|1|1}]">1</label>
<label id="[{0|0|0|1|1|1|0|0|0|1|0|0|1|1|1|1|0|0|1|0|0|1|1|1|1|0|1|0|0|0|0|0|1|1|1|1}]">1</label>
<label id="[{0|0|0|1|1|1|0|0|0|1|0|0|1|1|1|1|0|0|1|0|1|1|1|0|1|0|1|0|0|0|0|0|1|1|1|1}]">1</label>
<label id="[{0|0|0|1|1|1|0|0|0|1|0|0|1|1|1|1|0|0|1|0|1|1|1|1|1|0|0|0|0|0|1|0|0|1|1|1}]">1</label>
<label id="[{0|0|0|1|1|1|0|0|0|1|0|0|1|1|1|1|0|0|1|0|1|1|1|1|1|0|0|0|0|0|1|0|1|1|1|0}]">1</label>
<label id="[{0|0|0|1|1|1|0|0|0|1|0|0|1|1|1|1|0|0|1|0|1|1|1|1|1|0|0|0|0|0|1|1|1|1|0|0}]">1</label>
<label id="[{0|0|0|1|1|1|0|0|0|1|0|0|1|1|1|1|0|0|1|0|1|1|1|1|1|0|1|0|0|0|0|0|0|1|1|1}]">1</label>
<label id="[{0|0|0|1|1|1|0|0|0|1|0|0|1|1|1|1|0|0|1|0|1|1|1|1|1|0|1|0|0|0|0|0|1|1|1|0}]">1</label>
<label id="[{0|0|0|1|1|1|0|0|0|1|0|0|1|1|1|1|0|0|1|0|1|1|1|1|1|0|1|0|0|0|0|1|1|1|0|0}]">1</label>
<label id="[{0|0|0|1|1|1|0|0|0|1|0|0|1|1|1|1|0|0|1|0|1|1|1|1|1|0|1|0|0|0|1|1|1|0|0|0}]">1</label>
<label id="[{0|0|0|1|1|1|0|0|0|1|0|0|1|1|1|1|0|0|1|1|1|1|0|0|1|0|1|0|0|0|0|0|1|1|1|1}]">1</label>
<label id="[{0|0|0|1|1|1|0|0|1|1|0|0|0|0|1|1|1|1|1|0|0|1|1|1|1|0|0|0|0|0|1|0|0|1|1|1}]">2</label>
<label id="[{0|0|0|1|1|1|0|0|1|1|0|0|0|0|1|1|1|1|1|0|0|1|1|1|1|0|0|0|0|0|1|0|1|1|1|0}]">2</label>
<label id="[{0|0|0|1|1|1|0|0|1|1|0|0|0|0|1|1|1|1|1|0|0|1|1|1|1|0|0|0|0|0|1|1|1|1|0|0}]">2</label>
<label id="[{0|0|0|1|1|1|0|0|1|1|0|0|0|0|1|1|1|1|1|0|1|1|1|0|1|0|0|0|0|0|1|0|0|1|1|1}]">2</label>
<label id="[{0|0|0|1|1|1|0|0|1|1|0|0|0|0|1|1|1|1|1|0|1|1|1|0|1|0|0|0|0|0|1|0|1|1|1|0}]">2</label>
<label id="[{0|0|0|1|1|1|0|0|1|1|0|0|0|0|1|1|1|1|1|0|1|1|1|0|1|0|0|0|0|0|1|1|1|1|0|0}]">2</label>
<label id="[{0|0|0|1|1|1|0|0|1|1|0|0|0|0|1|1|1|1|1|1|1|1|0|0|1|0|0|0|0|0|1|0|0|1|1|1}]">2</label>
<label id="[{0|0|0|1|1|1|0|0|1|1|0|0|0|0|1|1|1|1|1|1|1|1|0|0|1|0|0|0|0|0|1|0|1|1|1|0}]">2</label>
<label id="[{0|0|0|1|1|1|0|0|1|1|0|0|0|0|1|1|1|1|1|1|1|1|0|0|1|0|0|0|0|0|1|1|1|1|0|0}]">2</label>
<label id="[{0|0|0|1|1|1|0|0|1|1|0|0|1|0|1|1|1|1|1|0|0|1|1|1|1|0|0|0|0|0|0|0|0|1|1|1}]">2</label>
<label id="[{0|0|0|1|1|1|0|0|1|1|0|0|1|0|1|1|1|1|1|0|0|1|1|1|1|0|0|0|0|0|0|0|1|1|1|0}]">2</label>
<label id="[{0|0|0|1|1|1|0|0|1|1|0|0|1|0|1|1|1|1|1|0|0|1|1|1|1|0|0|0|0|0|0|1|1|1|0|0}]">2</label>
<label id="[{0|0|0|1|1|1|0|0|1|1|0|0|1|0|1|1|1|1|1|0|0|1|1|1|1|0|0|0|0|0|1|1|1|0|0|0}]">2</label>
<label id="[{0|0|0|1|1|1|0|0|1|1|0|0|1|0|1|1|1|1|1|0|1|1|1|0|1|0|0|0|0|0|0|0|0|1|1|1}]">2</label>
<label id="[{0|0|0|1|1|1|0|0|1|1|0|0|1|0|1|1|1|1|1|0|1|1|1|0|1|0|0|0|0|0|0|0|1|1|1|0}]">2</label>
<label id="[{0|0|0|1|1|1|0|0|1|1|0|0|1|0|1|1|1|1|1|0|1|1|1|0|1|0|0|0|0|0|0|1|1|1|0|0}]">2</label>
<label id="[{0|0|0|1|1|1|0|0|1|1|0|0|1|0|1|1|1|1|1|0|1|1|1|0|1|0|0|0|0|0|1|1|1|0|0|0}]">2</label>
<label id="[{0|0|0|1|1|1|0|0|1|1|0|0|1|0|1|1|1|1|1|1|1|1|0|0|1|0|0|0|0|0|0|0|0|1|1|1}]">2</label>
<label id="[{0|0|0|1|1|1|0|0|1|1|0|0|1|0|1|1|1|1|1|1|1|1|0|0|1|0|0|0|0|0|0|0|1|1|1|0}]">2</label>
<label id="[{0|0|0|1|1|1|0|0|1|1|0|0|1|0|1|1|1|1|1|1|1|1|0|0|1|0|0|0|0|0|0|1|1|1|0|0}]">2</label>
<label id="[{0|0|0|1|1|1|0|0|1|1|0|0|1|0|1|1|1|1|1|1|1|1|0|0|1|0|0|0|0|0|1|1|1|0|0|0}]">2</label>
<label id="[{0|0|0|1|1|1|0|0|1|1|0|0|1|1|1|1|0|0|1|0|0|1|1|1|1|0|0|0|0|0|1|0|0|1|1|1}]">1</label>
<label id="[{0|0|0|1|1|1|0|0|1|1|0|0|1|1|1|1|0|0|1|0|0|1|1|1|1|0|0|0|0|0|1|0|1|1|1|0}]">1</label>
<label id="[{0|0|0|1|1|1|0|0|1|1|0|0|1|1|1|1|0|0|1|0|0|1|1|1|1|0|0|0|0|0|1|1|1|1|0|0}]">1</label>
<label id="[{0|0|0|1|1|1|0|0|1|1|0|0|1|1|1|1|0|0|1|0|1|1|1|0|1|0|0|0|0|0|1|0|0|1|1|1}]">1</label>
<label id="[{0|0|0|1|1|1|0|0|1|1|0|0|1|1|1|1|0|0|1|0|1|1|1|0|1|0|0|0|0|0|1|0|1|1|1|0}]">1</label>
<label id="[{0|0|0|1|1|1|0|0|1|1|0|0|1|1|1|1|0|0|1|0|1|1|1|0|1|0|0|0|0|0|1|1|1|1|0|0}]">1</label>
<label id="[{0|0|0|1|1|1|0|0|1|1|0|0|1|1|1|1|0|0|1|1|1|1|0|0|1|0|0|0|0|0|1|0|0|1|1|1}]">1</label>
<label id="[{0|0|0|1|1|1|0|0|1|1|0|0|1|1|1|1|0|0|1|1|1|1|0|0|1|0|0|0|0|0|1|0|1|1|1|0}]">1</label>
<label id="[{0|0|0|1|1|1|0|0|1|1|0|0|1|1|1|1|0|0|1|1|1|1|0|0|1|0|0|0|0|0|1|1|1|1|0|0}]">1</label>
<label id="[{0|0|0|1|1|1|1|0|0|1|0|0|1|0|0|1|1|1|1|0|0|1|1|1|0|0|1|0|0|0|0|0|1|1|1|1}]">2</label>
<label id="[{0|0|0|1|1|1|1|0|0|1|0|0|1|0|0|1|1|1|1|0|1|1|1|0|0|0|1|0|0|0|0|0|1|1|1|1}]">2</label>
<label id="[{0|0|0|1|1|1|1|0|0|1|0|0|1|0|0|1|1|1|1|0|1|1|1|1|0|0|1|0|0|0|0|0|0|1|1|1}]">2</label>
<label id="[{0|0|0|1|1|1|1|0|0|1|0|0|1|0|0|1|1|1|1|0|1|1|1|1|0|0|1|0|0|0|0|0|1|1|1|0}]">2</label>
<label id="[{0|0|0|1|1|1|1|0|0|1|0|0|1|0|0|1|1|1|1|0|1|1|1|1|0|0|1|0|0|0|0|1|1|1|0|0}]">2</label>
<label id="[{0|0|0|1|1|1|1|0|0|1|0|0|1|0|0|1|1|1|1|0|1|1|1|1|0|0|1|0|0|0|1|1|1|0|0|0}]">2</label>
<label id="[{0|0|0|1|1|1|1|0|0|1|0|0|1|0|0|1|1|1|1|1|1|1|0|0|0|0|1|0|0|0|0|0|1|1|1|1}]">2</label>
<label id="[{0|0|0|1|1|1|1|0|0|1|0|0|1|0|1|1|1|1|1|0|1|1|1|1|0|0|0|0|0|0|0|0|0|1|1|1}]">2</label>
<label id="[{0|0|0|1|1|1|1|0|0|1|0|0|1|0|1|1|1|1|1|0|1|1|1|1|0|0|0|0|0|0|0|0|1|1|1|0}]">2</label>
<label id="[{0|0|0|1|1|1|1|0|0|1|0|0|1|0|1|1|1|1|1|0|1|1|1|1|0|0|0|0|0|0|0|1|1|1|0|0}]">2</label>
<label id="[{0|0|0|1|1|1|1|0|0|1|0|0|1|0|1|1|1|1|1|0|1|1|1|1|0|0|0|0|0|0|1|1|1|0|0|0}]">2</label>
<label id="[{0|0|0|1|1|1|1|0|0|1|0|0|1|1|1|1|0|0|1|0|0|1|1|1|0|0|1|0|0|0|0|0|1|1|1|1}]">1</label>
<label id="[{0|0|0|1|1|1|1|0|0|1|0|0|1|1|1|1|0|0|1|0|1|1|1|0|0|0|1|0|0|0|0|0|1|1|1|1}]">1</label>
<label id="[{0|0|0|1|1|1|1|0|0|1|0|0|1|1|1|1|0|0|1|0|1|1|1|1|0|0|1|0|0|0|0|0|0|1|1|1}]">1</label>
<label id="[{0|0|0|1|1|1|1|0|0|1|0|0|1|1|1|1|0|0|1|0|1|1|1|1|0|0|1|0|0|0|0|0|1|1|1|0}]">1</label>
<label id="[{0|0|0|1|1|1|1|0|0|1|0|0|1|1|1|1|0|0|1|0|1|1|1|1|0|0|1|0|0|0|0|1|1|1|0|0}]">1</label>
<label id="[{0|0|0|1|1|1|1|0|0|1|0|0|1|1|1|1|0|0|1|0|1|1|1|1|0|0|1|0|0|0|1|1|1|0|0|0}]">1</label>
<label id="[{0|0|0|1|1|1|1|0|0|1|0|0|1|1|1|1|0|0|1|1|1|1|0|0|0|0|1|0|0|0|0|0|1|1|1|1}]">1</label>
<label id="[{0|0|0|1|1|1|1|0|1|1|0|0|1|0|1|1|1|1|1|0|0|1|1|1|0|0|0|0|0|0|0|0|0|1|1|1}]">2</label>
<label id="[{0|0|0|1|1|1|1|0|1|1|0|0|1|0|1|1|1|1|1|0|0|1|1|1|0|0|0|0|0|0|0|0|1|1|1|0}]">2</label>
<label id="[{0|0|0|1|1|1|1|0|1|1|0|0|1|0|1|1|1|1|1|0|0|1|1|1|0|0|0|0|0|0|0|1|1|1|0|0}]">2</label>
<label id="[{0|0|0|1|1|1|1|0|1|1|0|0|1|0|1|1|1|1|1|0|0|1|1|1|0|0|0|0|0|0|1|1|1|0|0|0}]">2</label>
<label id="[{0|0|0|1|1|1|1|0|1|1|0|0|1|0|1|1|1|1|1|0|1|1|1|0|0|0|0|0|0|0|0|0|0|1|1|1}]">2</label>
<label id="[{0|0|0|1|1|1|1|0|1|1|0|0|1|0|1|1|1|1|1|0|1|1|1|0|0|0|0|0|0|0|0|0|1|1|1|0}]">2</label>
<label id="[{0|0|0|1|1|1|1|0|1|1|0|0|1|0|1|1|1|1|1|0|1|1|1|0|0|0|0|0|0|0|0|1|1|1|0|0}]">2</label>
<label id="[{0|0|0|1|1|1|1|0|1|1|0|0|1|0|1|1|1|1|1|0|1|1|1|0|0|0|0|0|0|0|1|1|1|0|0|0}]">2</label>
<label id="[{0|0|0|1|1|1|1|0|1|1|0|0|1|0|1|1|1|1|1|1|1|1|0|0|0|0|0|0|0|0|0|0|0|1|1|1}]">2</label>
<label id="[{0|0|0|1|1|1|1|0|1|1|0|0|1|0|1|1|1|1|1|1|1|1|0|0|0|0|0|0|0|0|0|0|1|1|1|0}]">2</label>
<label id="[{0|0|0|1|1|1|1|0|1|1|0|0|1|0|1|1|1|1|1|1|1|1|0|0|0|0|0|0|0|0|0|1|1|1|0|0}]">2</label>
<label id="[{0|0|0|1|1|1|1|0|1|1|0|0|1|0|1|1|1|1|1|1|1|1|0|0|0|0|0|0|0|0|1|1|1|0|0|0}]">2</label>
<label id="[{0|0|1|1|1|1|0|0|1|1|0|0|0|0|0|1|1|1|1|0|0|1|1|1|1|0|0|0|0|0|1|0|0|1|1|1}]">2</label>
<label id="[{0|0|1|1|1|1|0|0|1|1|0|0|0|0|0|1|1|1|1|0|0|1|1|1|1|0|0|0|0|0|1|0|1|1|1|0}]">2</label>
<label id="[{0|0|1|1|1|1|0|0|1|1|0|0|0|0|0|1|1|1|1|0|0|1|1|1|1|0|0|0|0|0|1|1|1|1|0|0}]">2</label>
<label id="[{0|0|1|1|1|1|0|0|1|1|0|0|0|0|0|1|1|1|1|0|1|1|1|0|1|0|0|0|0|0|1|0|0|1|1|1}]">2</label>
<label id="[{0|0|1|1|1|1|0|0|1|1|0|0|0|0|0|1|1|1|1|0|1|1|1|0|1|0|0|0|0|0|1|0|1|1|1|0}]">2</label>
<label id="[{0|0|1|1|1|1|0|0|1|1|0|0|0|0|0|1|1|1|1|0|1|1|1|0|1|0|0|0|0|0|1|1|1|1|0|0}]">2</label>
<label id="[{0|0|1|1|1|1|0|0|1|1|0|0|0|0|0|1|1|1|1|1|1|1|0|0|1|0|0|0|0|0|1|0|0|1|1|1}]">2</label>
<label id="[{0|0|1|1|1|1|0|0|1|1|0|0|0|0|0|1|1|1|1|1|1|1|0|0|1|0|0|0|0|0|1|0|1|1|1|0}]">2</label>
<label id="[{0|0|1|1|1|1|0|0|1|1|0|0|0|0|0|1|1|1|1|1|1|1|0|0|1|0|0|0|0|0|1|1|1|1|0|0}]">2</label>
<label id="[{0|0|1|1|1|1|0|0|1|1|0|0|0|1|1|1|0|0|1|0|0|1|1|1|1|0|0|0|0|0|1|0|0|1|1|1}]">1</label>
<label id="[{0|0|1|1|1|1|0|0|1|1|0|0|0|1|1|1|0|0|1|0|0|1|1|1|1|0|0|0|0|0|1|0|1|1|1|0}]">1</label>
<label id="[{0|0|1|1|1|1|0|0|1|1|0|0|0|1|1|1|0|0|1|0|0|1|1|1|1|0|0|0|0|0|1|1|1|1|0|0}]">1</label>
<label id="[{0|0|1|1|1|1|0|0|1|1|0|0|0|1|1|1|0|0|1|0|1|1|1|0|1|0|0|0|0|0|1|0|0|1|1|1}]">1</label>
<label id="[{0|0|1|1|1|1|0|0|1|1|0|0|0|1|1|1|0|0|1|0|1|1|1|0|1|0|0|0|0|0|1|0|1|1|1|0}]">1</label>
<label id="[{0|0|1|1|1|1|0|0|1|1|0|0|0|1|1|1|0|0|1|0|1|1|1|0|1|0|0|0|0|0|1|1|1|1|0|0}]">1</label>
<label id="[{0|0|1|1|1|1|0|0|1|1|0|0|0|1|1|1|0|0|1|1|1|1|0|0|1|0|0|0|0|0|1|0|0|1|1|1}]">1</label>
<label id="[{0|0|1|1|1|1|0|0|1|1|0|0|0|1|1|1|0|0|1|1|1|1|0|0|1|0|0|0|0|0|1|0|1|1|1|0}]">1</label>
<label id="[{0|0|1|1|1|1|0|0|1|1|0|0|0|1|1|1|0|0|1|1|1|1|0|0|1|0|0|0|0|0|1|1|1|1|0|0}]">1</label>
<label id="[{0|0|1|1|1|1|0|0|1|1|0|0|1|0|0|1|1|1|1|0|0|1|1|1|1|0|0|0|0|0|0|0|0|1|1|1}]">2</label>
<label id="[{0|0|1|1|1|1|0|0|1|1|0|0|1|0|0|1|1|1|1|0|0|1|1|1|1|0|0|0|0|0|0|0|1|1|1|0}]">2</label>
<label id="[{0|0|1|1|1|1|0|0|1|1|0|0|1|0|0|1|1|1|1|0|0|1|1|1|1|0|0|0|0|0|0|1|1|1|0|0}]">2</label>
<label id="[{0|0|1|1|1|1|0|0|1|1|0|0|1|0|0|1|1|1|1|0|0|1|1|1|1|0|0|0|0|0|1|1|1|0|0|0}]">2</label>
<label id="[{0|0|1|1|1|1|0|0|1|1|0|0|1|0|0|1|1|1|1|0|1|1|1|0|1|0|0|0|0|0|0|0|0|1|1|1}]">2</label>
<label id="[{0|0|1|1|1|1|0|0|1|1|0|0|1|0|0|1|1|1|1|0|1|1|1|0|1|0|0|0|0|0|0|0|1|1|1|0}]">2</label>
<label id="[{0|0|1|1|1|1|0|0|1|1|0|0|1|0|0|1|1|1|1|0|1|1|1|0|1|0|0|0|0|0|0|1|1|1|0|0}]">2</label>
<label id="[{0|0|1|1|1|1|0|0|1|1|0|0|1|0|0|1|1|1|1|0|1|1|1|0|1|0|0|0|0|0|1|1|1|0|0|0}]">2</label>
<label id="[{0|0|1|1|1|1|0|0|1|1|0|0|1|0|0|1|1|1|1|1|1|1|0|0|1|0|0|0|0|0|0|0|0|1|1|1}]">2</label>
<label id="[{0|0|1|1|1|1|0|0|1|1|0|0|1|0|0|1|1|1|1|1|1|1|0|0|1|0|0|0|0|0|0|0|1|1|1|0}]">2</label>
<label id="[{0|0|1|1|1|1|0|0|1|1|0|0|1|0|0|1|1|1|1|1|1|1|0|0|1|0|0|0|0|0|0|1|1|1|0|0}]">2</label>
<label id="[{0|0|1|1|1|1|0|0|1|1|0|0|1|0|0|1|1|1|1|1|1|1|0|0|1|0|0|0|0|0|1|1|1|0|0|0}]">2</label>
<label id="[{0|0|1|1|1|1|0|0|1|1|0|0|1|1|0|1|0|0|1|0|0|1|1|1|1|0|0|0|0|0|1|0|0|1|1|1}]">1</label>
<label id="[{0|0|1|1|1|1|0|0|1|1|0|0|1|1|0|1|0|0|1|0|0|1|1|1|1|0|0|0|0|0|1|0|1|1|1|0}]">1</label>
<label id="[{0|0|1|1|1|1|0|0|1|1|0|0|1|1|0|1|0|0|1|0|0|1|1|1|1|0|0|0|0|0|1|1|1|1|0|0}]">1</label>
<label id="[{0|0|1|1|1|1|0|0|1|1|0|0|1|1|0|1|0|0|1|0|1|1|1|0|1|0|0|0|0|0|1|0|0|1|1|1}]">1</label>
<label id="[{0|0|1|1|1|1|0|0|1|1|0|0|1|1|0|1|0|0|1|0|1|1|1|0|1|0|0|0|0|0|1|0|1|1|1|0}]">1</label>
<label id="[{0|0|1|1|1|1|0|0|1|1|0|0|1|1|0|1|0|0|1|0|1|1|1|0|1|0|0|0|0|0|1|1|1|1|0|0}]">1</label>
<label id="[{0|0|1|1|1|1|0|0|1|1|0|0|1|1|0|1|0|0|1|1|1|1|0|0|1|0|0|0|0|0|1|0|0|1|1|1}]">1</label>
<label id="[{0|0|1|1|1|1|0|0|1|1|0|0|1|1|0|1|0|0|1|1|1|1|0|0|1|0|0|0|0|0|1|0|1|1|1|0}]">1</label>
<label id="[{0|0|1|1|1|1|0|0|1|1|0|0|1|1|0|1|0|0|1|1|1|1|0|0|1|0|0|0|0|0|1|1|1|1|0|0}]">1</label>
<label id="[{0|0|1|1|1|1|0|0|1|1|0|0|1|1|1|1|0|0|1|0|0|1|1|1|1|0|0|0|0|0|0|0|0|1|1|1}]">1</label>
<label id="[{0|0|1|1|1|1|0|0|1|1|0|0|1|1|1|1|0|0|1|0|0|1|1|1|1|0|0|0|0|0|0|0|1|1|1|0}]">1</label>
<label id="[{0|0|1|1|1|1|0|0|1|1|0|0|1|1|1|1|0|0|1|0|0|1|1|1|1|0|0|0|0|0|0|1|1|1|0|0}]">1</label>
<label id="[{0|0|1|1|1|1|0|0|1|1|0|0|1|1|1|1|0|0|1|0|0|1|1|1|1|0|0|0|0|0|1|1|1|0|0|0}]">1</label>
<label id="[{0|0|1|1|1|1|0|0|1|1|0|0|1|1|1|1|0|0|1|0|1|1|1|0|1|0|0|0|0|0|0|0|0|1|1|1}]">1</label>
<label id="[{0|0|1|1|1|1|0|0|1|1|0|0|1|1|1|1|0|0|1|0|1|1|1|0|1|0|0|0|0|0|0|0|1|1|1|0}]">1</label>
<label id="[{0|0|1|1|1|1|0|0|1|1|0|0|1|1|1|1|0|0|1|0|1|1|1|0|1|0|0|0|0|0|0|1|1|1|0|0}]">1</label>
<label id="[{0|0|1|1|1|1|0|0|1|1|0|0|1|1|1|1|0|0|1|0|1|1|1|0|1|0|0|0|0|0|1|1|1|0|0|0}]">1</label>
<label id="[{0|0|1|1|1|1|0|0|1|1|0|0|1|1|1|1|0|0|1|1|1|1|0|0|1|0|0|0|0|0|0|0|0|1|1|1}]">1</label>
<label id="[{0|0|1|1|1|1|0|0|1|1|0|0|1|1|1|1|0|0|1|1|1|1|0|0|1|0|0|0|0|0|0|0|1|1|1|0}]">1</label>
<label id="[{0|0|1|1|1|1|0|0|1|1|0|0|1|1|1|1|0|0|1|1|1|1|0|0|1|0|0|0|0|0|0|1|1|1|0|0}]">1</label>
<label id="[{0|0|1|1|1|1|0|0|1|1|0|0|1|1|1|1|0|0|1|1|1|1|0|0|1|0|0|0|0|0|1|1|1|0|0|0}]">1</label>
<label id="[{0|0|1|1|1|1|1|0|1|1|0|0|1|0|0|1|1|1|1|0|0|1|1|1|0|0|0|0|0|0|0|0|0|1|1|1}]">2</label>
<label id="[{0|0|1|1|1|1|1|0|1|1|0|0|1|0|0|1|1|1|1|0|0|1|1|1|0|0|0|0|0|0|0|0|1|1|1|0}]">2</label>
<label id="[{0|0|1|1|1|1|1|0|1|1|0|0|1|0|0|1|1|1|1|0|0|1|1|1|0|0|0|0|0|0|0|1|1|1|0|0}]">2</label>
<label id="[{0|0|1|1|1|1|1|0|1|1|0|0|1|0|0|1|1|1|1|0|0|1|1|1|0|0|0|0|0|0|1|1|1|0|0|0}]">2</label>
<label id="[{0|0|1|1|1|1|1|0|1|1|0|0|1|0|0|1|1|1|1|0|1|1|1|0|0|0|0|0|0|0|0|0|0|1|1|1}]">2</label>
<label id="[{0|0|1|1|1|1|1|0|1|1|0|0|1|0|0|1|1|1|1|0|1|1|1|0|0|0|0|0|0|0|0|0|1|1|1|0}]">2</label>
<label id="[{0|0|1|1|1|1|1|0|1|1|0|0|1|0|0|1|1|1|1|0|1|1|1|0|0|0|0|0|0|0|0|1|1|1|0|0}]">2</label>
<label id="[{0|0|1|1|1|1|1|0|1|1|0|0|1|0|0|1|1|1|1|0|1|1|1|0|0|0|0|0|0|0|1|1|1|0|0|0}]">2</label>
<label id="[{0|0|1|1|1|1|1|0|1|1|0|0|1|0|0|1|1|1|1|1|1|1|0|0|0|0|0|0|0|0|0|0|0|1|1|1}]">2</label>
<label id="[{0|0|1|1|1|1|1|0|1|1|0|0|1|0|0|1|1|1|1|1|1|1|0|0|0|0|0|0|0|0|0|0|1|1|1|0}]">2</label>
<label id="[{0|0|1|1|1|1|1|0|1|1|0|0|1|0|0|1|1|1|1|1|1|1|0|0|0|0|0|0|0|0|0|1|1|1|0|0}]">2</label>
<label id="[{0|0|1|1|1|1|1|0|1|1|0|0|1|0|0|1|1|1|1|1|1|1|0|0|0|0|0|0|0|0|1|1|1|0|0|0}]">2</label>
<label id="[{0|0|1|1|1|1|1|0|1|1|0|0|1|1|1|1|0|0|1|0|0|1|1|1|0|0|0|0|0|0|0|0|0|1|1|1}]">1</label>
<label id="[{0|0|1|1|1|1|1|0|1|1|0|0|1|1|1|1|0|0|1|0|0|1|1|1|0|0|0|0|0|0|0|0|1|1|1|0}]">1</label>
<label id="[{0|0|1|1|1|1|1|0|1|1|0|0|1|1|1|1|0|0|1|0|0|1|1|1|0|0|0|0|0|0|0|1|1|1|0|0}]">1</label>
<label id="[{0|0|1|1|1|1|1|0|1|1|0|0|1|1|1|1|0|0|1|0|0|1|1|1|0|0|0|0|0|0|1|1|1|0|0|0}]">1</label>
<label id="[{0|0|1|1|1|1|1|0|1|1|0|0|1|1|1|1|0|0|1|0|1|1|1|0|0|0|0|0|0|0|0|0|0|1|1|1}]">1</label>
<label id="[{0|0|1|1|1|1|1|0|1|1|0|0|1|1|1|1|0|0|1|0|1|1|1|0|0|0|0|0|0|0|0|0|1|1|1|0}]">1</label>
<label id="[{0|0|1|1|1|1|1|0|1|1|0|0|1|1|1|1|0|0|1|0|1|1|1|0|0|0|0|0|0|0|0|1|1|1|0|0}]">1</label>
<label id="[{0|0|1|1|1|1|1|0|1|1|0|0|1|1|1|1|0|0|1|0|1|1|1|0|0|0|0|0|0|0|1|1|1|0|0|0}]">1</label>
<label id="[{0|0|1|1|1|1|1|0|1|1|0|0|1|1|1|1|0|0|1|1|1|1|0|0|0|0|0|0|0|0|0|0|0|1|1|1}]">1</label>
<label id="[{0|0|1|1|1|1|1|0|1|1|0|0|1|1|1|1|0|0|1|1|1|1|0|0|0|0|0|0|0|0|0|0|1|1|1|0}]">1</label>
<label id="[{0|0|1|1|1|1|1|0|1|1|0|0|1|1|1|1|0|0|1|1|1|1|0|0|0|0|0|0|0|0|0|1|1|1|0|0}]">1</label>
<label id="[{0|0|1|1|1|1|1|0|1|1|0|0|1|1|1|1|0|0|1|1|1|1|0|0|0|0|0|0|0|0|1|1|1|0|0|0}]">1</label>
<label id="[{0|1|1|1|0|0|0|0|0|1|0|0|0|0|0|1|1|1|1|0|0|1|1|1|1|0|1|0|0|0|1|0|1|1|1|1}]">2</label>
<label id="[{0|1|1|1|0|0|0|0|0|1|0|0|0|0|0|1|1|1|1|0|1|1|1|0|1|0|1|0|0|0|1|0|1|1|1|1}]">2</label>
<label id="[{0|1|1|1|0|0|0|0|0|1|0|0|0|0|0|1|1|1|1|0|1|1|1|1|1|0|1|0|0|0|1|0|0|1|1|1}]">2</label>
<label id="[{0|1|1|1|0|0|0|0|0|1|0|0|0|0|0|1|1|1|1|0|1|1|1|1|1|0|1|0|0|0|1|0|1|1|1|0}]">2</label>
<label id="[{0|1|1|1|0|0|0|0|0|1|0|0|0|0|0|1|1|1|1|0|1|1|1|1|1|0|1|0|0|0|1|1|1|1|0|0}]">2</label>
<label id="[{0|1|1|1|0|0|0|0|0|1|0|0|0|0|0|1|1|1|1|1|1|1|0|0|1|0|1|0|0|0|1|0|1|1|1|1}]">2</label>
<label id="[{0|1|1|1|0|0|0|0|0|1|0|0|0|0|1|1|1|1|1|0|1|1|1|1|1|0|0|0|0|0|1|0|0|1|1|1}]">2</label>
<label id="[{0|1|1|1|0|0|0|0|0|1|0|0|0|0|1|1|1|1|1|0|1|1|1|1|1|0|0|0|0|0|1|0|1|1|1|0}]">2</label>
<label id="[{0|1|1|1|0|0|0|0|0|1|0|0|0|0|1|1|1|1|1|0|1|1|1|1|1|0|0|0|0|0|1|1|1|1|0|0}]">2</label>
<label id="[{0|1|1|1|0|0|0|0|0|1|0|0|0|1|1|1|0|0|1|0|0|1|1|1|1|0|1|0|0|0|1|0|1|1|1|1}]">1</label>
<label id="[{0|1|1|1|0|0|0|0|0|1|0|0|0|1|1|1|0|0|1|0|1|1|1|0|1|0|1|0|0|0|1|0|1|1|1|1}]">1</label>
<label id="[{0|1|1|1|0|0|0|0|0|1|0|0|0|1|1|1|0|0|1|0|1|1|1|1|1|0|1|0|0|0|1|0|0|1|1|1}]">1</label>
<label id="[{0|1|1|1|0|0|0|0|0|1|0|0|0|1|1|1|0|0|1|0|1|1|1|1|1|0|1|0|0|0|1|0|1|1|1|0}]">1</label>
<label id="[{0|1|1|1|0|0|0|0|0|1|0|0|0|1|1|1|0|0|1|0|1|1|1|1|1|0|1|0|0|0|1|1|1|1|0|0}]">1</label>
<label id="[{0|1|1|1|0|0|0|0|0|1|0|0|0|1|1|1|0|0|1|1|1|1|0|0|1|0|1|0|0|0|1|0|1|1|1|1}]">1</label>
<label id="[{0|1|1|1|0|0|0|0|0|1|0|0|1|0|0|1|1|1|1|0|0|1|1|1|1|0|1|0|0|0|0|0|1|1|1|1}]">2</label>
<label id="[{0|1|1|1|0|0|0|0|0|1|0|0|1|0|0|1|1|1|1|0|1|1|1|0|1|0|1|0|0|0|0|0|1|1|1|1}]">2</label>
<label id="[{0|1|1|1|0|0|0|0|0|1|0|0|1|0|0|1|1|1|1|0|1|1|1|1|1|0|1|0|0|0|0|0|0|1|1|1}]">2</label>
<label id="[{0|1|1|1|0|0|0|0|0|1|0|0|1|0|0|1|1|1|1|0|1|1|1|1|1|0|1|0|0|0|0|0|1|1|1|0}]">2</label>
<label id="[{0|1|1|1|0|0|0|0|0|1|0|0|1|0|0|1|1|1|1|0|1|1|1|1|1|0|1|0|0|0|0|1|1|1|0|0}]">2</label>
<label id="[{0|1|1|1|0|0|0|0|0|1|0|0|1|0|0|1|1|1|1|0|1|1|1|1|1|0|1|0|0|0|1|1|1|0|0|0}]">2</label>
<label id="[{0|1|1|1|0|0|0|0|0|1|0|0|1|0|0|1|1|1|1|1|1|1|0|0|1|0|1|0|0|0|0|0|1|1|1|1}]">2</label>
<label id="[{0|1|1|1|0|0|0|0|0|1|0|0|1|0|1|1|1|1|1|0|1|1|1|1|1|0|0|0|0|0|0|0|0|1|1|1}]">2</label>
<label id="[{0|1|1|1|0|0|0|0|0|1|0|0|1|0|1|1|1|1|1|0|1|1|1|1|1|0|0|0|0|0|0|0|1|1|1|0}]">2</label>
<label id="[{0|1|1|1|0|0|0|0|0|1|0|0|1|0|1|1|1|1|1|0|1|1|1|1|1|0|0|0|0|0|0|1|1|1|0|0}]">2</label>
<label id="[{0|1|1|1|0|0|0|0|0|1|0|0|1|0|1|1|1|1|1|0|1|1|1|1|1|0|0|0|0|0|1|1|1|0|0|0}]">2</label>
<label id="[{0|1|1|1|0|0|0|0|0|1|0|0|1|1|0|1|0|0|1|0|0|1|1|1|1|0|1|0|0|0|1|0|1|1|1|1}]">1</label>
<label id="[{0|1|1|1|0|0|0|0|0|1|0|0|1|1|0|1|0|0|1|0|1|1|1|0|1|0|1|0|0|0|1|0|1|1|1|1}]">1</label>
<label id="[{0|1|1|1|0|0|0|0|0|1|0|0|1|1|0|1|0|0|1|0|1|1|1|1|1|0|1|0|0|0|1|0|0|1|1|1}]">1</label>
<label id="[{0|1|1|1|0|0|0|0|0|1|0|0|1|1|0|1|0|0|1|0|1|1|1|1|1|0|1|0|0|0|1|0|1|1|1|0}]">1</label>
<label id="[{0|1|1|1|0|0|0|0|0|1|0|0|1|1|0|1|0|0|1|0|1|1|1|1|1|0|1|0|0|0|1|1|1|1|0|0}]">1</label>
<label id="[{0|1|1|1|0|0|0|0|0|1|0|0|1|1|0|1|0|0|1|1|1|1|0|0|1|0|1|0|0|0|1|0|1|1|1|1}]">1</label>
<label id="[{0|1|1|1|0|0|0|0|0|1|0|0|1|1|1|1|0|0|1|0|0|1|1|1|1|0|1|0|0|0|0|0|1|1|1|1}]">1</label>
<label id="[{0|1|1|1|0|0|0|0|0|1|0|0|1|1|1|1|0|0|1|0|1|1|1|0|1|0|1|0|0|0|0|0|1|1|1|1}]">1</label>
<label id="[{0|1|1|1|0|0|0|0|0|1|0|0|1|1|1|1|0|0|1|0|1|1|1|1|1|0|0|0|0|0|1|0|0|1|1|1}]">1</label>
<label id="[{0|1|1|1|0|0|0|0|0|1|0|0|1|1|1|1|0|0|1|0|1|1|1|1|1|0|0|0|0|0|1|0|1|1|1|0}]">1</label>
<label id="[{0|1|1|1|0|0|0|0|0|1|0|0|1|1|1|1|0|0|1|0|1|1|1|1|1|0|0|0|0|0|1|1|1|1|0|0}]">1</label>
<label id="[{0|1|1|1|0|0|0|0|0|1|0|0|1|1|1|1|0|0|1|0|1|1|1|1|1|0|1|0|0|0|0|0|0|1|1|1}]">1</label>
<label id="[{0|1|1|1|0|0|0|0|0|1|0|0|1|1|1|1|0|0|1|0|1|1|1|1|1|0|1|0|0|0|0|0|1|1|1|0}]">1</label>
<label id="[{0|1|1|1|0|0|0|0|0|1|0|0|1|1|1|1|0|0|1|0|1|1|1|1|1|0|1|0|0|0|0|1|1|1|0|0}]">1</label>
<label id="[{0|1|1|1|0|0|0|0|0|1|0|0|1|1|1|1|0|0|1|0|1|1|1|1|1|0|1|0|0|0|1|1|1|0|0|0}]">1</label>
<label id="[{0|1|1|1|0|0|0|0|0|1|0|0|1|1|1|1|0|0|1|1|1|1|0|0|1|0|1|0|0|0|0|0|1|1|1|1}]">1</label>
<label id="[{0|1|1|1|0|0|0|0|1|1|0|0|0|0|1|1|1|1|1|0|0|1|1|1|1|0|0|0|0|0|1|0|0|1|1|1}]">2</label>
<label id="[{0|1|1|1|0|0|0|0|1|1|0|0|0|0|1|1|1|1|1|0|0|1|1|1|1|0|0|0|0|0|1|0|1|1|1|0}]">2</label>
<label id="[{0|1|1|1|0|0|0|0|1|1|0|0|0|0|1|1|1|1|1|0|0|1|1|1|1|0|0|0|0|0|1|1|1|1|0|0}]">2</label>
<label id="[{0|1|1|1|0|0|0|0|1|1|0|0|0|0|1|1|1|1|1|0|1|1|1|0|1|0|0|0|0|0|1|0|0|1|1|1}]">2</label>
<label id="[{0|1|1|1|0|0|0|0|1|1|0|0|0|0|1|1|1|1|1|0|1|1|1|0|1|0|0|0|0|0|1|0|1|1|1|0}]">2</label>
<label id="[{0|1|1|1|0|0|0|0|1|1|0|0|0|0|1|1|1|1|1|0|1|1|1|0|1|0|0|0|0|0|1|1|1|1|0|0}]">2</label>
<label id="[{0|1|1|1|0|0|0|0|1|1|0|0|0|0|1|1|1|1|1|1|1|1|0|0|1|0|0|0|0|0|1|0|0|1|1|1}]">2</label>
<label id="[{0|1|1|1|0|0|0|0|1|1|0|0|0|0|1|1|1|1|1|1|1|1|0|0|1|0|0|0|0|0|1|0|1|1|1|0}]">2</label>
<label id="[{0|1|1|1|0|0|0|0|1|1|0|0|0|0|1|1|1|1|1|1|1|1|0|0|1|0|0|0|0|0|1|1|1|1|0|0}]">2</label>
<label id="[{0|1|1|1|0|0|0|0|1|1|0|0|1|0|1|1|1|1|1|0|0|1|1|1|1|0|0|0|0|0|0|0|0|1|1|1}]">2</label>
<label id="[{0|1|1|1|0|0|0|0|1|1|0|0|1|0|1|1|1|1|1|0|0|1|1|1|1|0|0|0|0|0|0|0|1|1|1|0}]">2</label>
<label id="[{0|1|1|1|0|0|0|0|1|1|0|0|1|0|1|1|1|1|1|0|0|1|1|1|1|0|0|0|0|0|0|1|1|1|0|0}]">2</label>
<label id="[{0|1|1|1|0|0|0|0|1|1|0|0|1|0|1|1|1|1|1|0|0|1|1|1|1|0|0|0|0|0|1|1|1|0|0|0}]">2</label>
<label id="[{0|1|1|1|0|0|0|0|1|1|0|0|1|0|1|1|1|1|1|0|1|1|1|0|1|0|0|0|0|0|0|0|0|1|1|1}]">2</label>
<label id="[{0|1|1|1|0|0|0|0|1|1|0|0|1|0|1|1|1|1|1|0|1|1|1|0|1|0|0|0|0|0|0|0|1|1|1|0}]">2</label>
<label id="[{0|1|1|1|0|0|0|0|1|1|0|0|1|0|1|1|1|1|1|0|1|1|1|0|1|0|0|0|0|0|0|1|1|1|0|0}]">2</label>
<label id="[{0|1|1|1|0|0|0|0|1|1|0|0|1|0|1|1|1|1|1|0|1|1|1|0|1|0|0|0|0|0|1|1|1|0|0|0}]">2</label>
<label id="[{0|1|1|1|0|0|0|0|1|1|0|0|1|0|1|1|1|1|1|1|1|1|0|0|1|0|0|0|0|0|0|0|0|1|1|1}]">2</label>
<label id="[{0|1|1|1|0|0|0|0|1|1|0|0|1|0|1|1|1|1|1|1|1|1|0|0|1|0|0|0|0|0|0|0|1|1|1|0}]">2</label>
<label id="[{0|1|1|1|0|0|0|0|1|1|0|0|1|0|1|1|1|1|1|1|1|1|0|0|1|0|0|0|0|0|0|1|1|1|0|0}]">2</label>
<label id="[{0|1|1|1|0|0|0|0|1|1|0|0|1|0|1|1|1|1|1|1|1|1|0|0|1|0|0|0|0|0|1|1|1|0|0|0}]">2</label>
<label id="[{0|1|1|1|0|0|0|0|1|1|0|0|1|1|1|1|0|0|1|0|0|1|1|1|1|0|0|0|0|0|1|0|0|1|1|1}]">1</label>
<label id="[{0|1|1|1|0|0|0|0|1|1|0|0|1|1|1|1|0|0|1|0|0|1|1|1|1|0|0|0|0|0|1|0|1|1|1|0}]">1</label>
<label id="[{0|1|1|1|0|0|0|0|1|1|0|0|1|1|1|1|0|0|1|0|0|1|1|1|1|0|0|0|0|0|1|1|1|1|0|0}]">1</label>
<label id="[{0|1|1|1|0|0|0|0|1|1|0|0|1|1|1|1|0|0|1|0|1|1|1|0|1|0|0|0|0|0|1|0|0|1|1|1}]">1</label>
<label id="[{0|1|1|1|0|0|0|0|1|1|0|0|1|1|1|1|0|0|1|0|1|1|1|0|1|0|0|0|0|0|1|0|1|1|1|0}]">1</label>
<label id="[{0|1|1|1|0|0|0|0|1|1|0|0|1|1|1|1|0|0|1|0|1|1|1|0|1|0|0|0|0|0|1|1|1|1|0|0}]">1</label>
<label id="[{0|1|1|1|0|0|0|0|1|1|0|0|1|1|1|1|0|0|1|1|1|1|0|0|1|0|0|0|0|0|1|0|0|1|1|1}]">1</label>
<label id="[{0|1|1|1|0|0|0|0|1|1|0|0|1|1|1|1|0|0|1|1|1|1|0|0|1|0|0|0|0|0|1|0|1|1|1|0}]">1</label>
<label id="[{0|1|1|1|0|0|0|0|1|1|0|0|1|1|1|1|0|0|1|1|1|1|0|0|1|0|0|0|0|0|1|1|1|1|0|0}]">1</label>
<label id="[{0|1|1|1|0|0|1|0|0|1|0|0|1|0|0|1|1|1|1|0|0|1|1|1|0|0|1|0|0|0|0|0|1|1|1|1}]">2</label>
<label id="[{0|1|1|1|0|0|1|0|0|1|0|0|1|0|0|1|1|1|1|0|1|1|1|0|0|0|1|0|0|0|0|0|1|1|1|1}]">2</label>
<label id="[{0|1|1|1|0|0|1|0|0|1|0|0|1|0|0|1|1|1|1|0|1|1|1|1|0|0|1|0|0|0|0|0|0|1|1|1}]">2</label>
<label id="[{0|1|1|1|0|0|1|0|0|1|0|0|1|0|0|1|1|1|1|0|1|1|1|1|0|0|1|0|0|0|0|0|1|1|1|0}]">2</label>
<label id="[{0|1|1|1|0|0|1|0|0|1|0|0|1|0|0|1|1|1|1|0|1|1|1|1|0|0|1|0|0|0|0|1|1|1|0|0}]">2</label>
<label id="[{0|1|1|1|0|0|1|0|0|1|0|0|1|0|0|1|1|1|1|0|1|1|1|1|0|0|1|0|0|0|1|1|1|0|0|0}]">2</label>
<label id="[{0|1|1|1|0|0|1|0|0|1|0|0|1|0|0|1|1|1|1|1|1|1|0|0|0|0|1|0|0|0|0|0|1|1|1|1}]">2</label>
<label id="[{0|1|1|1|0|0|1|0|0|1|0|0|1|0|1|1|1|1|1|0|1|1|1|1|0|0|0|0|0|0|0|0|0|1|1|1}]">2</label>
<label id="[{0|1|1|1|0|0|1|0|0|1|0|0|1|0|1|1|1|1|1|0|1|1|1|1|0|0|0|0|0|0|0|0|1|1|1|0}]">2</label>
<label id="[{0|1|1|1|0|0|1|0|0|1|0|0|1|0|1|1|1|1|1|0|1|1|1|1|0|0|0|0|0|0|0|1|1|1|0|0}]">2</label>
<label id="[{0|1|1|1|0|0|1|0|0|1|0|0|1|0|1|1|1|1|1|0|1|1|1|1|0|0|0|0|0|0|1|1|1|0|0|0}]">2</label>
<label id="[{0|1|1|1|0|0|1|0|0|1|0|0|1|1|1|1|0|0|1|0|0|1|1|1|0|0|1|0|0|0|0|0|1|1|1|1}]">1</label>
<label id="[{0|1|1|1|0|0|1|0|0|1|0|0|1|1|1|1|0|0|1|0|1|1|1|0|0|0|1|0|0|0|0|0|1|1|1|1}]">1</label>
<label id="[{0|1|1|1|0|0|1|0|0|1|0|0|1|1|1|1|0|0|1|0|1|1|1|1|0|0|1|0|0|0|0|0|0|1|1|1}]">1</label>
<label id="[{0|1|1|1|0|0|1|0|0|1|0|0|1|1|1|1|0|0|1|0|1|1|1|1|0|0|1|0|0|0|0|0|1|1|1|0}]">1</label>
<label id="[{0|1|1|1|0|0|1|0|0|1|0|0|1|1|1|1|0|0|1|0|1|1|1|1|0|0|1|0|0|0|0|1|1|1|0|0}]">1</label>
<label id="[{0|1|1|1|0|0|1|0|0|1|0|0|1|1|1|1|0|0|1|0|1|1|1|1|0|0|1|0|0|0|1|1|1|0|0|0}]">1</label>
<label id="[{0|1|1|1|0|0|1|0|0|1|0|0|1|1|1|1|0|0|1|1|1|1|0|0|0|0|1|0|0|0|0|0|1|1|1|1}]">1</label>
<label id="[{0|1|1|1|0|0|1|0|1|1|0|0|1|0|1|1|1|1|1|0|0|1|1|1|0|0|0|0|0|0|0|0|0|1|1|1}]">2</label>
<label id="[{0|1|1|1|0|0|1|0|1|1|0|0|1|0|1|1|1|1|1|0|0|1|1|1|0|0|0|0|0|0|0|0|1|1|1|0}]">2</label>
<label id="[{0|1|1|1|0|0|1|0|1|1|0|0|1|0|1|1|1|1|1|0|0|1|1|1|0|0|0|0|0|0|0|1|1|1|0|0}]">2</label>
<label id="[{0|1|1|1|0|0|1|0|1|1|0|0|1|0|1|1|1|1|1|0|0|1|1|1|0|0|0|0|0|0|1|1|1|0|0|0}]">2</label>
<label id="[{0|1|1|1|0|0|1|0|1|1|0|0|1|0|1|1|1|1|1|0|1|1|1|0|0|0|0|0|0|0|0|0|0|1|1|1}]">2</label>
<label id="[{0|1|1|1|0|0|1|0|1|1|0|0|1|0|1|1|1|1|1|0|1|1|1|0|0|0|0|0|0|0|0|0|1|1|1|0}]">2</label>
<label id="[{0|1|1|1|0|0|1|0|1|1|0|0|1|0|1|1|1|1|1|0|1|1|1|0|0|0|0|0|0|0|0|1|1|1|0|0}]">2</label>
<label id="[{0|1|1|1|0|0|1|0|1|1|0|0|1|0|1|1|1|1|1|0|1|1|1|0|0|0|0|0|0|0|1|1|1|0|0|0}]">2</label>
<label id="[{0|1|1|1|0|0|1|0|1|1|0|0|1|0|1|1|1|1|1|1|1|1|0|0|0|0|0|0|0|0|0|0|0|1|1|1}]">2</label>
<label id="[{0|1|1|1|0|0|1|0|1|1|0|0|1|0|1|1|1|1|1|1|1|1|0|0|0|0|0|0|0|0|0|0|1|1|1|0}]">2</label>
<label id="[{0|1|1|1|0|0|1|0|1|1|0|0|1|0|1|1|1|1|1|1|1|1|0|0|0|0|0|0|0|0|0|1|1|1|0|0}]">2</label>
<label id="[{0|1|1|1|0|0|1|0|1|1|0|0|1|0|1|1|1|1|1|1|1|1|0|0|0|0|0|0|0|0|1|1|1|0|0|0}]">2</label>
<label id="[{1|0|0|0|1|1|1|0|0|0|0|0|1|0|0|1|1|1|1|1|1|1|0|0|0|0|1|1|0|0|0|0|1|1|1|1}]">2</label>
<label id="[{1|0|0|0|1|1|1|0|0|0|0|0|1|1|1|1|0|0|1|1|1|1|0|0|0|0|1|1|0|0|0|0|1|1|1|1}]">1</label>
<label id="[{1|0|0|0|1|1|1|0|0|1|0|0|1|0|0|1|1|1|1|1|1|1|0|0|0|0|1|0|0|0|0|0|1|1|1|1}]">2</label>
<label id="[{1|0|0|0|1|1|1|0|0|1|0|0|1|1|1|1|0|0|1|1|1|1|0|0|0|0|1|0|0|0|0|0|1|1|1|1}]">1</label>
<label id="[{1|0|0|0|1|1|1|0|1|0|0|0|1|0|1|0|1|1|1|1|1|1|0|0|0|0|0|1|0|0|1|1|1|1|0|0}]">2</label>
<label id="[{1|0|0|0|1|1|1|0|1|0|0|0|1|0|1|1|1|0|1|1|1|1|0|0|0|0|0|1|0|0|1|1|1|1|0|0}]">1</label>
<label id="[{1|0|0|0|1|1|1|0|1|0|0|0|1|0|1|1|1|1|1|1|1|1|0|0|0|0|0|1|0|0|0|0|0|1|1|1}]">2</label>
<label id="[{1|0|0|0|1|1|1|0|1|0|0|0|1|0|1|1|1|1|1|1|1|1|0|0|0|0|0|1|0|0|0|0|1|1|1|0}]">2</label>
<label id="[{1|0|0|0|1|1|1|0|1|0|0|0|1|0|1|1|1|1|1|1|1|1|0|0|0|0|0|1|0|0|0|1|1|1|0|0}]">2</label>
<label id="[{1|0|0|0|1|1|1|0|1|0|0|0|1|0|1|1|1|1|1|1|1|1|0|0|0|0|0|1|0|0|1|1|1|0|0|0}]">2</label>
<label id="[{1|0|0|0|1|1|1|0|1|1|0|0|1|0|1|1|1|1|1|1|1|1|0|0|0|0|0|0|0|0|0|0|0|1|1|1}]">2</label>
<label id="[{1|0|0|0|1|1|1|0|1|1|0|0|1|0|1|1|1|1|1|1|1|1|0|0|0|0|0|0|0|0|0|0|1|1|1|0}]">2</label>
<label id="[{1|0|0|0|1|1|1|0|1|1|0|0|1|0|1|1|1|1|1|1|1|1|0|0|0|0|0|0|0|0|0|1|1|1|0|0}]">2</label>
<label id="[{1|0|0|0|1|1|1|0|1|1|0|0|1|0|1|1|1|1|1|1|1|1|0|0|0|0|0|0|0|0|1|1|1|0|0|0}]">2</label>
<label id="[{1|0|0|1|1|0|1|0|0|0|0|0|1|0|0|1|1|1|1|1|1|1|0|0|0|0|1|1|0|0|0|0|1|1|1|1}]">2</label>
<label id="[{1|0|0|1|1|0|1|0|0|0|0|0|1|1|1|1|0|0|1|1|1|1|0|0|0|0|1|1|0|0|0|0|1|1|1|1}]">1</label>
<label id="[{1|0|0|1|1|0|1|0|0|1|0|0|1|0|0|1|1|1|1|1|1|1|0|0|0|0|1|0|0|0|0|0|1|1|1|1}]">2</label>
<label id="[{1|0|0|1|1|0|1|0|0|1|0|0|1|1|1|1|0|0|1|1|1|1|0|0|0|0|1|0|0|0|0|0|1|1|1|1}]">1</label>
<label id="[{1|0|0|1|1|0|1|0|1|0|0|0|1|0|1|0|1|1|1|1|1|1|0|0|0|0|0|1|0|0|1|1|1|1|0|0}]">2</label>
<label id="[{1|0|0|1|1|0|1|0|1|0|0|0|1|0|1|1|1|0|1|1|1|1|0|0|0|0|0|1|0|0|1|1|1|1|0|0}]">1</label>
<label id="[{1|0|0|1|1|0|1|0|1|0|0|0|1|0|1|1|1|1|1|1|1|1|0|0|0|0|0|1|0|0|0|0|0|1|1|1}]">2</label>
<label id="[{1|0|0|1|1|0|1|0|1|0|0|0|1|0|1|1|1|1|1|1|1|1|0|0|0|0|0|1|0|0|0|0|1|1|1|0}]">2</label>
<label id="[{1|0|0|1|1|0|1|0|1|0|0|0|1|0|1|1|1|1|1|1|1|1|0|0|0|0|0|1|0|0|0|1|1|1|0|0}]">2</label>
<label id="[{1|0|0|1|1|0|1|0|1|0|0|0|1|0|1|1|1|1|1|1|1|1|0|0|0|0|0|1|0|0|1|1|1|0|0|0}]">2</label>
<label id="[{1|0|0|1|1|0|1|0|1|1|0|0|1|0|1|1|1|1|1|1|1|1|0|0|0|0|0|0|0|0|0|0|0|1|1|1}]">2</label>
<label id="[{1|0|0|1|1|0|1|0|1|1|0|0|1|0|1|1|1|1|1|1|1|1|0|0|0|0|0|0|0|0|0|0|1|1|1|0}]">2</label>
<label id="[{1|0|0|1|1|0|1|0|1|1|0|0|1|0|1|1|1|1|1|1|1|1|0|0|0|0|0|0|0|0|0|1|1|1|0|0}]">2</label>
<label id="[{1|0|0|1|1|0|1|0|1|1|0|0|1|0|1|1|1|1|1|1|1|1|0|0|0|0|0|0|0|0|1|1|1|0|0|0}]">2</label>
<label id="[{1|0|0|1|1|1|1|0|0|1|0|0|1|0|0|1|1|1|0|0|0|1|1|1|0|0|1|0|0|0|0|0|1|1|1|1}]">2</label>
<label id="[{1|0|0|1|1|1|1|0|0|1|0|0|1|0|0|1|1|1|0|0|1|1|1|0|0|0|1|0|0|0|0|0|1|1|1|1}]">2</label>
<label id="[{1|0|0|1|1|1|1|0|0|1|0|0|1|0|0|1|1|1|0|0|1|1|1|1|0|0|1|0|0|0|0|0|0|1|1|1}]">2</label>
<label id="[{1|0|0|1|1|1|1|0|0|1|0|0|1|0|0|1|1|1|0|0|1|1|1|1|0|0|1|0|0|0|0|0|1|1|1|0}]">2</label>
<label id="[{1|0|0|1|1|1|1|0|0|1|0|0|1|0|0|1|1|1|0|0|1|1|1|1|0|0|1|0|0|0|0|1|1|1|0|0}]">2</label>
<label id="[{1|0|0|1|1|1|1|0|0|1|0|0|1|0|0|1|1|1|0|0|1|1|1|1|0|0|1|0|0|0|1|1|1|0|0|0}]">2</label>
<label id="[{1|0|0|1|1|1|1|0|0|1|0|0|1|0|0|1|1|1|0|1|1|1|0|0|0|0|1|0|0|0|0|0|1|1|1|1}]">2</label>
<label id="[{1|0|0|1|1|1|1|0|0|1|0|0|1|0|0|1|1|1|1|1|1|0|0|0|0|0|1|0|0|0|0|0|1|1|1|1}]">2</label>
<label id="[{1|0|0|1|1|1|1|0|0|1|0|0|1|0|1|1|1|1|0|0|1|1|1|1|0|0|0|0|0|0|0|0|0|1|1|1}]">2</label>
<label id="[{1|0|0|1|1|1|1|0|0|1|0|0|1|0|1|1|1|1|0|0|1|1|1|1|0|0|0|0|0|0|0|0|1|1|1|0}]">2</label>
<label id="[{1|0|0|1|1|1|1|0|0|1|0|0|1|0|1|1|1|1|0|0|1|1|1|1|0|0|0|0|0|0|0|1|1|1|0|0}]">2</label>
<label id="[{1|0|0|1|1|1|1|0|0|1|0|0|1|0|1|1|1|1|0|0|1|1|1|1|0|0|0|0|0|0|1|1|1|0|0|0}]">2</label>
<label id="[{1|0|0|1|1|1|1|0|0|1|0|0|1|1|1|1|0|0|0|0|0|1|1|1|0|0|1|0|0|0|0|0|1|1|1|1}]">1</label>
<label id="[{1|0|0|1|1|1|1|0|0|1|0|0|1|1|1|1|0|0|0|0|1|1|1|0|0|0|1|0|0|0|0|0|1|1|1|1}]">1</label>
<label id="[{1|0|0|1|1|1|1|0|0|1|0|0|1|1|1|1|0|0|0|0|1|1|1|1|0|0|1|0|0|0|0|0|0|1|1|1}]">1</label>
<label id="[{1|0|0|1|1|1|1|0|0|1|0|0|1|1|1|1|0|0|0|0|1|1|1|1|0|0|1|0|0|0|0|0|1|1|1|0}]">1</label>
<label id="[{1|0|0|1|1|1|1|0|0|1|0|0|1|1|1|1|0|0|0|0|1|1|1|1|0|0|1|0|0|0|0|1|1|1|0|0}]">1</label>
<label id="[{1|0|0|1|1|1|1|0|0|1|0|0|1|1|1|1|0|0|0|0|1|1|1|1|0|0|1|0|0|0|1|1|1|0|0|0}]">1</label>
<label id="[{1|0|0|1|1|1|1|0|0|1|0|0|1|1|1|1|0|0|0|1|1|1|0|0|0|0|1|0|0|0|0|0|1|1|1|1}]">1</label>
<label id="[{1|0|0|1|1|1|1|0|0|1|0|0|1|1|1|1|0|0|1|1|1|0|0|0|0|0|1|0|0|0|0|0|1|1|1|1}]">1</label>
<label id="[{1|0|0|1|1|1|1|0|1|1|0|0|1|0|1|1|1|1|0|0|0|1|1|1|0|0|0|0|0|0|0|0|0|1|1|1}]">2</label>
<label id="[{1|0|0|1|1|1|1|0|1|1|0|0|1|0|1|1|1|1|0|0|0|1|1|1|0|0|0|0|0|0|0|0|1|1|1|0}]">2</label>
<label id="[{1|0|0|1|1|1|1|0|1|1|0|0|1|0|1|1|1|1|0|0|0|1|1|1|0|0|0|0|0|0|0|1|1|1|0|0}]">2</label>
<label id="[{1|0|0|1|1|1|1|0|1|1|0|0|1|0|1|1|1|1|0|0|0|1|1|1|0|0|0|0|0|0|1|1|1|0|0|0}]">2</label>
<label id="[{1|0|0|1|1|1|1|0|1|1|0|0|1|0|1|1|1|1|0|0|1|1|1|0|0|0|0|0|0|0|0|0|0|1|1|1}]">2</label>
<label id="[{1|0|0|1|1|1|1|0|1|1|0|0|1|0|1|1|1|1|0|0|1|1|1|0|0|0|0|0|0|0|0|0|1|1|1|0}]">2</label>
<label id="[{1|0|0|1|1|1|1|0|1|1|0|0|1|0|1|1|1|1|0|0|1|1|1|0|0|0|0|0|0|0|0|1|1|1|0|0}]">2</label>
<label id="[{1|0|0|1|1|1|1|0|1|1|0|0|1|0|1|1|1|1|0|0|1|1|1|0|0|0|0|0|0|0|1|1|1|0|0|0}]">2</label>
<label id="[{1|0|0|1|1|1|1|0|1|1|0|0|1|0|1|1|1|1|0|1|1|1|0|0|0|0|0|0|0|0|0|0|0|1|1|1}]">2</label>
<label id="[{1|0|0|1|1|1|1|0|1|1|0|0|1|0|1|1|1|1|0|1|1|1|0|0|0|0|0|0|0|0|0|0|1|1|1|0}]">2</label>
<label id="[{1|0|0|1|1|1|1|0|1|1|0|0|1|0|1|1|1|1|0|1|1|1|0|0|0|0|0|0|0|0|0|1|1|1|0|0}]">2</label>
<label id="[{1|0|0|1|1|1|1|0|1|1|0|0|1|0|1|1|1|1|0|1|1|1|0|0|0|0|0|0|0|0|1|1|1|0|0|0}]">2</label>
<label id="[{1|0|0|1|1|1|1|0|1|1|0|0|1|0|1|1|1|1|1|1|1|0|0|0|0|0|0|0|0|0|0|0|0|1|1|1}]">2</label>
<label id="[{1|0|0|1|1|1|1|0|1|1|0|0|1|0|1|1|1|1|1|1|1|0|0|0|0|0|0|0|0|0|0|0|1|1|1|0}]">2</label>
<label id="[{1|0|0|1|1|1|1|0|1|1|0|0|1|0|1|1|1|1|1|1|1|0|0|0|0|0|0|0|0|0|0|1|1|1|0|0}]">2</label>
<label id="[{1|0|0|1|1|1|1|0|1|1|0|0|1|0|1|1|1|1|1|1|1|0|0|0|0|0|0|0|0|0|1|1|1|0|0|0}]">2</label>
<label id="[{1|0|1|0|1|1|1|0|1|0|0|0|1|0|0|0|1|1|1|1|1|1|0|0|0|0|0|1|0|0|1|1|1|1|0|0}]">2</label>
<label id="[{1|0|1|0|1|1|1|0|1|0|0|0|1|0|0|1|1|0|1|1|1|1|0|0|0|0|0|1|0|0|1|1|1|1|0|0}]">1</label>
<label id="[{1|0|1|0|1|1|1|0|1|0|0|0|1|0|0|1|1|1|1|1|1|1|0|0|0|0|0|1|0|0|0|0|0|1|1|1}]">2</label>
<label id="[{1|0|1|0|1|1|1|0|1|0|0|0|1|0|0|1|1|1|1|1|1|1|0|0|0|0|0|1|0|0|0|0|1|1|1|0}]">2</label>
<label id="[{1|0|1|0|1|1|1|0|1|0|0|0|1|0|0|1|1|1|1|1|1|1|0|0|0|0|0|1|0|0|0|1|1|1|0|0}]">2</label>
<label id="[{1|0|1|0|1|1|1|0|1|0|0|0|1|0|0|1|1|1|1|1|1|1|0|0|0|0|0|1|0|0|1|1|1|0|0|0}]">2</label>
<label id="[{1|0|1|0|1|1|1|0|1|0|0|0|1|0|1|1|0|0|1|1|1|1|0|0|0|0|0|1|0|0|1|1|1|1|0|0}]">1</label>
<label id="[{1|0|1|0|1|1|1|0|1|0|0|0|1|1|1|0|0|0|1|1|1|1|0|0|0|0|0|1|0|0|1|1|1|1|0|0}]">1</label>
<label id="[{1|0|1|0|1|1|1|0|1|0|0|0|1|1|1|1|0|0|1|1|1|1|0|0|0|0|0|1|0|0|0|0|0|1|1|1}]">1</label>
<label id="[{1|0|1|0|1|1|1|0|1|0|0|0|1|1|1|1|0|0|1|1|1|1|0|0|0|0|0|1|0|0|0|0|1|1|1|0}]">1</label>
<label id="[{1|0|1|0|1|1|1|0|1|0|0|0|1|1|1|1|0|0|1|1|1|1|0|0|0|0|0|1|0|0|0|1|1|1|0|0}]">1</label>
<label id="[{1|0|1|0|1|1|1|0|1|0|0|0|1|1|1|1|0|0|1|1|1|1|0|0|0|0|0|1|0|0|1|1|1|0|0|0}]">1</label>
<label id="[{1|0|1|0|1|1|1|0|1|1|0|0|1|0|0|1|1|1|1|1|1|1|0|0|0|0|0|0|0|0|0|0|0|1|1|1}]">2</label>
<label id="[{1|0|1|0|1|1|1|0|1|1|0|0|1|0|0|1|1|1|1|1|1|1|0|0|0|0|0|0|0|0|0|0|1|1|1|0}]">2</label>
<label id="[{1|0|1|0|1|1|1|0|1|1|0|0|1|0|0|1|1|1|1|1|1|1|0|0|0|0|0|0|0|0|0|1|1|1|0|0}]">2</label>
<label id="[{1|0|1|0|1|1|1|0|1|1|0|0|1|0|0|1|1|1|1|1|1|1|0|0|0|0|0|0|0|0|1|1|1|0|0|0}]">2</label>
<label id="[{1|0|1|0|1|1|1|0|1|1|0|0|1|1|1|1|0|0|1|1|1|1|0|0|0|0|0|0|0|0|0|0|0|1|1|1}]">1</label>
<label id="[{1|0|1|0|1|1|1|0|1|1|0|0|1|1|1|1|0|0|1|1|1|1|0|0|0|0|0|0|0|0|0|0|1|1|1|0}]">1</label>
<label id="[{1|0|1|0|1|1|1|0|1|1|0|0|1|1|1|1|0|0|1|1|1|1|0|0|0|0|0|0|0|0|0|1|1|1|0|0}]">1</label>
<label id="[{1|0|1|0|1|1|1|0|1|1|0|0|1|1|1|1|0|0|1|1|1|1|0|0|0|0|0|0|0|0|1|1|1|0|0|0}]">1</label>
<label id="[{1|0|1|1|0|0|1|0|0|0|0|0|1|0|0|1|1|1|1|1|1|1|0|0|0|0|1|1|0|0|0|0|1|1|1|1}]">2</label>
<label id="[{1|0|1|1|0|0|1|0|0|0|0|0|1|1|1|1|0|0|1|1|1|1|0|0|0|0|1|1|0|0|0|0|1|1|1|1}]">1</label>
<label id="[{1|0|1|1|0|0|1|0|0|1|0|0|1|0|0|1|1|1|1|1|1|1|0|0|0|0|1|0|0|0|0|0|1|1|1|1}]">2</label>
<label id="[{1|0|1|1|0|0|1|0|0|1|0|0|1|1|1|1|0|0|1|1|1|1|0|0|0|0|1|0|0|0|0|0|1|1|1|1}]">1</label>
<label id="[{1|0|1|1|0|0|1|0|1|0|0|0|1|0|1|0|1|1|1|1|1|1|0|0|0|0|0|1|0|0|1|1|1|1|0|0}]">2</label>
<label id="[{1|0|1|1|0|0|1|0|1|0|0|0|1|0|1|1|1|0|1|1|1|1|0|0|0|0|0|1|0|0|1|1|1|1|0|0}]">1</label>
<label id="[{1|0|1|1|0|0|1|0|1|0|0|0|1|0|1|1|1|1|1|1|1|1|0|0|0|0|0|1|0|0|0|0|0|1|1|1}]">2</label>
<label id="[{1|0|1|1|0|0|1|0|1|0|0|0|1|0|1|1|1|1|1|1|1|1|0|0|0|0|0|1|0|0|0|0|1|1|1|0}]">2</label>
<label id="[{1|0|1|1|0|0|1|0|1|0|0|0|1|0|1|1|1|1|1|1|1|1|0|0|0|0|0|1|0|0|0|1|1|1|0|0}]">2</label>
<label id="[{1|0|1|1|0|0|1|0|1|0|0|0|1|0|1|1|1|1|1|1|1|1|0|0|0|0|0|1|0|0|1|1|1|0|0|0}]">2</label>
<label id="[{1|0|1|1|0|0|1|0|1|1|0|0|1|0|1|1|1|1|1|1|1|1|0|0|0|0|0|0|0|0|0|0|0|1|1|1}]">2</label>
<label id="[{1|0|1|1|0|0|1|0|1|1|0|0|1|0|1|1|1|1|1|1|1|1|0|0|0|0|0|0|0|0|0|0|1|1|1|0}]">2</label>
<label id="[{1|0|1|1|0|0|1|0|1|1|0|0|1|0|1|1|1|1|1|1|1|1|0|0|0|0|0|0|0|0|0|1|1|1|0|0}]">2</label>
<label id="[{1|0|1|1|0|0|1|0|1|1|0|0|1|0|1|1|1|1|1|1|1|1|0|0|0|0|0|0|0|0|1|1|1|0|0|0}]">2</label>
<label id="[{1|0|1|1|1|0|1|0|1|0|0|0|1|0|0|0|1|1|1|1|1|1|0|0|0|0|0|1|0|0|1|1|1|1|0|0}]">2</label>
<label id="[{1|0|1|1|1|0|1|0|1|0|0|0|1|0|0|1|1|0|1|1|1|1|0|0|0|0|0|1|0|0|1|1|1|1|0|0}]">1</label>
<label id="[{1|0|1|1|1|0|1|0|1|0|0|0|1|0|0|1|1|1|1|1|1|1|0|0|0|0|0|1|0|0|0|0|0|1|1|1}]">2</label>
<label id="[{1|0|1|1|1|0|1|0|1|0|0|0|1|0|0|1|1|1|1|1|1|1|0|0|0|0|0|1|0|0|0|0|1|1|1|0}]">2</label>
<label id="[{1|0|1|1|1|0|1|0|1|0|0|0|1|0|0|1|1|1|1|1|1|1|0|0|0|0|0|1|0|0|0|1|1|1|0|0}]">2</label>
<label id="[{1|0|1|1|1|0|1|0|1|0|0|0|1|0|0|1|1|1|1|1|1|1|0|0|0|0|0|1|0|0|1|1|1|0|0|0}]">2</label>
<label id="[{1|0|1|1|1|0|1|0|1|0|0|0|1|0|1|1|0|0|1|1|1|1|0|0|0|0|0|1|0|0|1|1|1|1|0|0}]">1</label>
<label id="[{1|0|1|1|1|0|1|0|1|0|0|0|1|1|1|0|0|0|1|1|1|1|0|0|0|0|0|1|0|0|1|1|1|1|0|0}]">1</label>
<label id="[{1|0|1|1|1|0|1|0|1|0|0|0|1|1|1|1|0|0|1|1|1|1|0|0|0|0|0|1|0|0|0|0|0|1|1|1}]">1</label>
<label id="[{1|0|1|1|1|0|1|0|1|0|0|0|1|1|1|1|0|0|1|1|1|1|0|0|0|0|0|1|0|0|0|0|1|1|1|0}]">1</label>
<label id="[{1|0|1|1|1|0|1|0|1|0|0|0|1|1|1|1|0|0|1|1|1|1|0|0|0|0|0|1|0|0|0|1|1|1|0|0}]">1</label>
<label id="[{1|0|1|1|1|0|1|0|1|0|0|0|1|1|1|1|0|0|1|1|1|1|0|0|0|0|0|1|0|0|1|1|1|0|0|0}]">1</label>
<label id="[{1|0|1|1|1|0|1|0|1|1|0|0|1|0|0|1|1|1|1|1|1|1|0|0|0|0|0|0|0|0|0|0|0|1|1|1}]">2</label>
<label id="[{1|0|1|1|1|0|1|0|1|1|0|0|1|0|0|1|1|1|1|1|1|1|0|0|0|0|0|0|0|0|0|0|1|1|1|0}]">2</label>
<label id="[{1|0|1|1|1|0|1|0|1|1|0|0|1|0|0|1|1|1|1|1|1|1|0|0|0|0|0|0|0|0|0|1|1|1|0|0}]">2</label>
<label id="[{1|0|1|1|1|0|1|0|1|1|0|0|1|0|0|1|1|1|1|1|1|1|0|0|0|0|0|0|0|0|1|1|1|0|0|0}]">2</label>
<label id="[{1|0|1|1|1|0|1|0|1|1|0|0|1|1|1|1|0|0|1|1|1|1|0|0|0|0|0|0|0|0|0|0|0|1|1|1}]">1</label>
<label id="[{1|0|1|1|1|0|1|0|1|1|0|0|1|1|1|1|0|0|1|1|1|1|0|0|0|0|0|0|0|0|0|0|1|1|1|0}]">1</label>
<label id="[{1|0|1|1|1|0|1|0|1|1|0|0|1|1|1|1|0|0|1|1|1|1|0|0|0|0|0|0|0|0|0|1|1|1|0|0}]">1</label>
<label id="[{1|0|1|1|1|0|1|0|1|1|0|0|1|1|1|1|0|0|1|1|1|1|0|0|0|0|0|0|0|0|1|1|1|0|0|0}]">1</label>
<label id="[{1|0|1|1|1|1|1|0|1|1|0|0|1|0|0|1|1|1|0|0|0|1|1|1|0|0|0|0|0|0|0|0|0|1|1|1}]">2</label>
<label id="[{1|0|1|1|1|1|1|0|1|1|0|0|1|0|0|1|1|1|0|0|0|1|1|1|0|0|0|0|0|0|0|0|1|1|1|0}]">2</label>
<label id="[{1|0|1|1|1|1|1|0|1|1|0|0|1|0|0|1|1|1|0|0|0|1|1|1|0|0|0|0|0|0|0|1|1|1|0|0}]">2</label>
<label id="[{1|0|1|1|1|1|1|0|1|1|0|0|1|0|0|1|1|1|0|0|0|1|1|1|0|0|0|0|0|0|1|1|1|0|0|0}]">2</label>
<label id="[{1|0|1|1|1|1|1|0|1|1|0|0|1|0|0|1|1|1|0|0|1|1|1|0|0|0|0|0|0|0|0|0|0|1|1|1}]">2</label>
<label id="[{1|0|1|1|1|1|1|0|1|1|0|0|1|0|0|1|1|1|0|0|1|1|1|0|0|0|0|0|0|0|0|0|1|1|1|0}]">2</label>
<label id="[{1|0|1|1|1|1|1|0|1|1|0|0|1|0|0|1|1|1|0|0|1|1|1|0|0|0|0|0|0|0|0|1|1|1|0|0}]">2</label>
<label id="[{1|0|1|1|1|1|1|0|1|1|0|0|1|0|0|1|1|1|0|0|1|1|1|0|0|0|0|0|0|0|1|1|1|0|0|0}]">2</label>
<label id="[{1|0|1|1|1|1|1|0|1|1|0|0|1|0|0|1|1|1|0|1|1|1|0|0|0|0|0|0|0|0|0|0|0|1|1|1}]">2</label>
<label id="[{1|0|1|1|1|1|1|0|1|1|0|0|1|0|0|1|1|1|0|1|1|1|0|0|0|0|0|0|0|0|0|0|1|1|1|0}]">2</label>
<label id="[{1|0|1|1|1|1|1|0|1|1|0|0|1|0|0|1|1|1|0|1|1|1|0|0|0|0|0|0|0|0|0|1|1|1|0|0}]">2</label>
<label id="[{1|0|1|1|1|1|1|0|1|1|0|0|1|0|0|1|1|1|0|1|1|1|0|0|0|0|0|0|0|0|1|1|1|0|0|0}]">2</label>
<label id="[{1|0|1|1|1|1|1|0|1|1|0|0|1|0|0|1|1|1|1|1|1|0|0|0|0|0|0|0|0|0|0|0|0|1|1|1}]">2</label>
<label id="[{1|0|1|1|1|1|1|0|1|1|0|0|1|0|0|1|1|1|1|1|1|0|0|0|0|0|0|0|0|0|0|0|1|1|1|0}]">2</label>
<label id="[{1|0|1|1|1|1|1|0|1|1|0|0|1|0|0|1|1|1|1|1|1|0|0|0|0|0|0|0|0|0|0|1|1|1|0|0}]">2</label>
<label id="[{1|0|1|1|1|1|1|0|1|1|0|0|1|0|0|1|1|1|1|1|1|0|0|0|0|0|0|0|0|0|1|1|1|0|0|0}]">2</label>
<label id="[{1|0|1|1|1|1|1|0|1|1|0|0|1|1|1|1|0|0|0|0|0|1|1|1|0|0|0|0|0|0|0|0|0|1|1|1}]">1</label>
<label id="[{1|0|1|1|1|1|1|0|1|1|0|0|1|1|1|1|0|0|0|0|0|1|1|1|0|0|0|0|0|0|0|0|1|1|1|0}]">1</label>
<label id="[{1|0|1|1|1|1|1|0|1|1|0|0|1|1|1|1|0|0|0|0|0|1|1|1|0|0|0|0|0|0|0|1|1|1|0|0}]">1</label>
<label id="[{1|0|1|1|1|1|1|0|1|1|0|0|1|1|1|1|0|0|0|0|0|1|1|1|0|0|0|0|0|0|1|1|1|0|0|0}]">1</label>
<label id="[{1|0|1|1|1|1|1|0|1|1|0|0|1|1|1|1|0|0|0|0|1|1|1|0|0|0|0|0|0|0|0|0|0|1|1|1}]">1</label>
<label id="[{1|0|1|1|1|1|1|0|1|1|0|0|1|1|1|1|0|0|0|0|1|1|1|0|0|0|0|0|0|0|0|0|1|1|1|0}]">1</label>
<label id="[{1|0|1|1|1|1|1|0|1|1|0|0|1|1|1|1|0|0|0|0|1|1|1|0|0|0|0|0|0|0|0|1|1|1|0|0}]">1</label>
<label id="[{1|0|1|1|1|1|1|0|1|1|0|0|1|1|1|1|0|0|0|0|1|1|1|0|0|0|0|0|0|0|1|1|1|0|0|0}]">1</label>
<label id="[{1|0|1|1|1|1|1|0|1|1|0|0|1|1|1|1|0|0|0|1|1|1|0|0|0|0|0|0|0|0|0|0|0|1|1|1}]">1</label>
<label id="[{1|0|1|1|1|1|1|0|1|1|0|0|1|1|1|1|0|0|0|1|1|1|0|0|0|0|0|0|0|0|0|0|1|1|1|0}]">1</label>
<label id="[{1|0|1|1|1|1|1|0|1|1|0|0|1|1|1|1|0|0|0|1|1|1|0|0|0|0|0|0|0|0|0|1|1|1|0|0}]">1</label>
<label id="[{1|0|1|1|1|1|1|0|1|1|0|0|1|1|1|1|0|0|0|1|1|1|0|0|0|0|0|0|0|0|1|1|1|0|0|0}]">1</label>
<label id="[{1|0|1|1|1|1|1|0|1|1|0|0|1|1|1|1|0|0|1|1|1|0|0|0|0|0|0|0|0|0|0|0|0|1|1|1}]">1</label>
<label id="[{1|0|1|1|1|1|1|0|1|1|0|0|1|1|1|1|0|0|1|1|1|0|0|0|0|0|0|0|0|0|0|0|1|1|1|0}]">1</label>
<label id="[{1|0|1|1|1|1|1|0|1|1|0|0|1|1|1|1|0|0|1|1|1|0|0|0|0|0|0|0|0|0|0|1|1|1|0|0}]">1</label>
<label id="[{1|0|1|1|1|1|1|0|1|1|0|0|1|1|1|1|0|0|1|1|1|0|0|0|0|0|0|0|0|0|1|1|1|0|0|0}]">1</label>
<label id="[{1|1|0|1|0|0|0|0|0|1|0|0|0|0|0|1|1|1|1|0|0|1|1|1|1|0|1|0|0|0|1|0|1|1|1|1}]">2</label>
<label id="[{1|1|0|1|0|0|0|0|0|1|0|0|0|0|0|1|1|1|1|0|1|1|1|0|1|0|1|0|0|0|1|0|1|1|1|1}]">2</label>
<label id="[{1|1|0|1|0|0|0|0|0|1|0|0|0|0|0|1|1|1|1|0|1|1|1|1|1|0|1|0|0|0|1|0|0|1|1|1}]">2</label>
<label id="[{1|1|0|1|0|0|0|0|0|1|0|0|0|0|0|1|1|1|1|0|1|1|1|1|1|0|1|0|0|0|1|0|1|1|1|0}]">2</label>
<label id="[{1|1|0|1|0|0|0|0|0|1|0|0|0|0|0|1|1|1|1|0|1|1|1|1|1|0|1|0|0|0|1|1|1|1|0|0}]">2</label>
<label id="[{1|1|0|1|0|0|0|0|0|1|0|0|0|0|0|1|1|1|1|1|1|1|0|0|1|0|1|0|0|0|1|0|1|1|1|1}]">2</label>
<label id="[{1|1|0|1|0|0|0|0|0|1|0|0|0|0|1|1|1|1|1|0|1|1|1|1|1|0|0|0|0|0|1|0|0|1|1|1}]">2</label>
<label id="[{1|1|0|1|0|0|0|0|0|1|0|0|0|0|1|1|1|1|1|0|1|1|1|1|1|0|0|0|0|0|1|0|1|1|1|0}]">2</label>
<label id="[{1|1|0|1|0|0|0|0|0|1|0|0|0|0|1|1|1|1|1|0|1|1|1|1|1|0|0|0|0|0|1|1|1|1|0|0}]">2</label>
<label id="[{1|1|0|1|0|0|0|0|0|1|0|0|0|1|1|1|0|0|1|0|0|1|1|1|1|0|1|0|0|0|1|0|1|1|1|1}]">1</label>
<label id="[{1|1|0|1|0|0|0|0|0|1|0|0|0|1|1|1|0|0|1|0|1|1|1|0|1|0|1|0|0|0|1|0|1|1|1|1}]">1</label>
<label id="[{1|1|0|1|0|0|0|0|0|1|0|0|0|1|1|1|0|0|1|0|1|1|1|1|1|0|1|0|0|0|1|0|0|1|1|1}]">1</label>
<label id="[{1|1|0|1|0|0|0|0|0|1|0|0|0|1|1|1|0|0|1|0|1|1|1|1|1|0|1|0|0|0|1|0|1|1|1|0}]">1</label>
<label id="[{1|1|0|1|0|0|0|0|0|1|0|0|0|1|1|1|0|0|1|0|1|1|1|1|1|0|1|0|0|0|1|1|1|1|0|0}]">1</label>
<label id="[{1|1|0|1|0|0|0|0|0|1|0|0|0|1|1|1|0|0|1|1|1|1|0|0|1|0|1|0|0|0|1|0|1|1|1|1}]">1</label>
<label id="[{1|1|0|1|0|0|0|0|0|1|0|0|1|0|0|1|1|1|1|0|0|1|1|1|1|0|1|0|0|0|0|0|1|1|1|1}]">2</label>
<label id="[{1|1|0|1|0|0|0|0|0|1|0|0|1|0|0|1|1|1|1|0|1|1|1|0|1|0|1|0|0|0|0|0|1|1|1|1}]">2</label>
<label id="[{1|1|0|1|0|0|0|0|0|1|0|0|1|0|0|1|1|1|1|0|1|1|1|1|1|0|1|0|0|0|0|0|0|1|1|1}]">2</label>
<label id="[{1|1|0|1|0|0|0|0|0|1|0|0|1|0|0|1|1|1|1|0|1|1|1|1|1|0|1|0|0|0|0|0|1|1|1|0}]">2</label>
<label id="[{1|1|0|1|0|0|0|0|0|1|0|0|1|0|0|1|1|1|1|0|1|1|1|1|1|0|1|0|0|0|0|1|1|1|0|0}]">2</label>
<label id="[{1|1|0|1|0|0|0|0|0|1|0|0|1|0|0|1|1|1|1|0|1|1|1|1|1|0|1|0|0|0|1|1|1|0|0|0}]">2</label>
<label id="[{1|1|0|1|0|0|0|0|0|1|0|0|1|0|0|1|1|1|1|1|1|1|0|0|1|0|1|0|0|0|0|0|1|1|1|1}]">2</label>
<label id="[{1|1|0|1|0|0|0|0|0|1|0|0|1|0|1|1|1|1|1|0|1|1|1|1|1|0|0|0|0|0|0|0|0|1|1|1}]">2</label>
<label id="[{1|1|0|1|0|0|0|0|0|1|0|0|1|0|1|1|1|1|1|0|1|1|1|1|1|0|0|0|0|0|0|0|1|1|1|0}]">2</label>
<label id="[{1|1|0|1|0|0|0|0|0|1|0|0|1|0|1|1|1|1|1|0|1|1|1|1|1|0|0|0|0|0|0|1|1|1|0|0}]">2</label>
<label id="[{1|1|0|1|0|0|0|0|0|1|0|0|1|0|1|1|1|1|1|0|1|1|1|1|1|0|0|0|0|0|1|1|1|0|0|0}]">2</label>
<label id="[{1|1|0|1|0|0|0|0|0|1|0|0|1|1|0|1|0|0|1|0|0|1|1|1|1|0|1|0|0|0|1|0|1|1|1|1}]">1</label>
<label id="[{1|1|0|1|0|0|0|0|0|1|0|0|1|1|0|1|0|0|1|0|1|1|1|0|1|0|1|0|0|0|1|0|1|1|1|1}]">1</label>
<label id="[{1|1|0|1|0|0|0|0|0|1|0|0|1|1|0|1|0|0|1|0|1|1|1|1|1|0|1|0|0|0|1|0|0|1|1|1}]">1</label>
<label id="[{1|1|0|1|0|0|0|0|0|1|0|0|1|1|0|1|0|0|1|0|1|1|1|1|1|0|1|0|0|0|1|0|1|1|1|0}]">1</label>
<label id="[{1|1|0|1|0|0|0|0|0|1|0|0|1|1|0|1|0|0|1|0|1|1|1|1|1|0|1|0|0|0|1|1|1|1|0|0}]">1</label>
<label id="[{1|1|0|1|0|0|0|0|0|1|0|0|1|1|0|1|0|0|1|1|1|1|0|0|1|0|1|0|0|0|1|0|1|1|1|1}]">1</label>
<label id="[{1|1|0|1|0|0|0|0|0|1|0|0|1|1|1|1|0|0|1|0|0|1|1|1|1|0|1|0|0|0|0|0|1|1|1|1}]">1</label>
<label id="[{1|1|0|1|0|0|0|0|0|1|0|0|1|1|1|1|0|0|1|0|1|1|1|0|1|0|1|0|0|0|0|0|1|1|1|1}]">1</label>
<label id="[{1|1|0|1|0|0|0|0|0|1|0|0|1|1|1|1|0|0|1|0|1|1|1|1|1|0|0|0|0|0|1|0|0|1|1|1}]">1</label>
<label id="[{1|1|0|1|0|0|0|0|0|1|0|0|1|1|1|1|0|0|1|0|1|1|1|1|1|0|0|0|0|0|1|0|1|1|1|0}]">1</label>
<label id="[{1|1|0|1|0|0|0|0|0|1|0|0|1|1|1|1|0|0|1|0|1|1|1|1|1|0|0|0|0|0|1|1|1|1|0|0}]">1</label>
<label id="[{1|1|0|1|0|0|0|0|0|1|0|0|1|1|1|1|0|0|1|0|1|1|1|1|1|0|1|0|0|0|0|0|0|1|1|1}]">1</label>
<label id="[{1|1|0|1|0|0|0|0|0|1|0|0|1|1|1|1|0|0|1|0|1|1|1|1|1|0|1|0|0|0|0|0|1|1|1|0}]">1</label>
<label id="[{1|1|0|1|0|0|0|0|0|1|0|0|1|1|1|1|0|0|1|0|1|1|1|1|1|0|1|0|0|0|0|1|1|1|0|0}]">1</label>
<label id="[{1|1|0|1|0|0|0|0|0|1|0|0|1|1|1|1|0|0|1|0|1|1|1|1|1|0|1|0|0|0|1|1|1|0|0|0}]">1</label>
<label id="[{1|1|0|1|0|0|0|0|0|1|0|0|1|1|1|1|0|0|1|1|1|1|0|0|1|0|1|0|0|0|0|0|1|1|1|1}]">1</label>
<label id="[{1|1|0|1|0|0|0|0|1|1|0|0|0|0|1|1|1|1|1|0|0|1|1|1|1|0|0|0|0|0|1|0|0|1|1|1}]">2</label>
<label id="[{1|1|0|1|0|0|0|0|1|1|0|0|0|0|1|1|1|1|1|0|0|1|1|1|1|0|0|0|0|0|1|0|1|1|1|0}]">2</label>
<label id="[{1|1|0|1|0|0|0|0|1|1|0|0|0|0|1|1|1|1|1|0|0|1|1|1|1|0|0|0|0|0|1|1|1|1|0|0}]">2</label>
<label id="[{1|1|0|1|0|0|0|0|1|1|0|0|0|0|1|1|1|1|1|0|1|1|1|0|1|0|0|0|0|0|1|0|0|1|1|1}]">2</label>
<label id="[{1|1|0|1|0|0|0|0|1|1|0|0|0|0|1|1|1|1|1|0|1|1|1|0|1|0|0|0|0|0|1|0|1|1|1|0}]">2</label>
<label id="[{1|1|0|1|0|0|0|0|1|1|0|0|0|0|1|1|1|1|1|0|1|1|1|0|1|0|0|0|0|0|1|1|1|1|0|0}]">2</label>
<label id="[{1|1|0|1|0|0|0|0|1|1|0|0|0|0|1|1|1|1|1|1|1|1|0|0|1|0|0|0|0|0|1|0|0|1|1|1}]">2</label>
<label id="[{1|1|0|1|0|0|0|0|1|1|0|0|0|0|1|1|1|1|1|1|1|1|0|0|1|0|0|0|0|0|1|0|1|1|1|0}]">2</label>
<label id="[{1|1|0|1|0|0|0|0|1|1|0|0|0|0|1|1|1|1|1|1|1|1|0|0|1|0|0|0|0|0|1|1|1|1|0|0}]">2</label>
<label id="[{1|1|0|1|0|0|0|0|1|1|0|0|1|0|1|1|1|1|1|0|0|1|1|1|1|0|0|0|0|0|0|0|0|1|1|1}]">2</label>
<label id="[{1|1|0|1|0|0|0|0|1|1|0|0|1|0|1|1|1|1|1|0|0|1|1|1|1|0|0|0|0|0|0|0|1|1|1|0}]">2</label>
<label id="[{1|1|0|1|0|0|0|0|1|1|0|0|1|0|1|1|1|1|1|0|0|1|1|1|1|0|0|0|0|0|0|1|1|1|0|0}]">2</label>
<label id="[{1|1|0|1|0|0|0|0|1|1|0|0|1|0|1|1|1|1|1|0|0|1|1|1|1|0|0|0|0|0|1|1|1|0|0|0}]">2</label>
<label id="[{1|1|0|1|0|0|0|0|1|1|0|0|1|0|1|1|1|1|1|0|1|1|1|0|1|0|0|0|0|0|0|0|0|1|1|1}]">2</label>
<label id="[{1|1|0|1|0|0|0|0|1|1|0|0|1|0|1|1|1|1|1|0|1|1|1|0|1|0|0|0|0|0|0|0|1|1|1|0}]">2</label>
<label id="[{1|1|0|1|0|0|0|0|1|1|0|0|1|0|1|1|1|1|1|0|1|1|1|0|1|0|0|0|0|0|0|1|1|1|0|0}]">2</label>
<label id="[{1|1|0|1|0|0|0|0|1|1|0|0|1|0|1|1|1|1|1|0|1|1|1|0|1|0|0|0|0|0|1|1|1|0|0|0}]">2</label>
<label id="[{1|1|0|1|0|0|0|0|1|1|0|0|1|0|1|1|1|1|1|1|1|1|0|0|1|0|0|0|0|0|0|0|0|1|1|1}]">2</label>
<label id="[{1|1|0|1|0|0|0|0|1|1|0|0|1|0|1|1|1|1|1|1|1|1|0|0|1|0|0|0|0|0|0|0|1|1|1|0}]">2</label>
<label id="[{1|1|0|1|0|0|0|0|1|1|0|0|1|0|1|1|1|1|1|1|1|1|0|0|1|0|0|0|0|0|0|1|1|1|0|0}]">2</label>
<label id="[{1|1|0|1|0|0|0|0|1|1|0|0|1|0|1|1|1|1|1|1|1|1|0|0|1|0|0|0|0|0|1|1|1|0|0|0}]">2</label>
<label id="[{1|1|0|1|0|0|0|0|1|1|0|0|1|1|1|1|0|0|1|0|0|1|1|1|1|0|0|0|0|0|1|0|0|1|1|1}]">1</label>
<label id="[{1|1|0|1|0|0|0|0|1|1|0|0|1|1|1|1|0|0|1|0|0|1|1|1|1|0|0|0|0|0|1|0|1|1|1|0}]">1</label>
<label id="[{1|1|0|1|0|0|0|0|1|1|0|0|1|1|1|1|0|0|1|0|0|1|1|1|1|0|0|0|0|0|1|1|1|1|0|0}]">1</label>
<label id="[{1|1|0|1|0|0|0|0|1|1|0|0|1|1|1|1|0|0|1|0|1|1|1|0|1|0|0|0|0|0|1|0|0|1|1|1}]">1</label>
<label id="[{1|1|0|1|0|0|0|0|1|1|0|0|1|1|1|1|0|0|1|0|1|1|1|0|1|0|0|0|0|0|1|0|1|1|1|0}]">1</label>
<label id="[{1|1|0|1|0|0|0|0|1|1|0|0|1|1|1|1|0|0|1|0|1|1|1|0|1|0|0|0|0|0|1|1|1|1|0|0}]">1</label>
<label id="[{1|1|0|1|0|0|0|0|1|1|0|0|1|1|1|1|0|0|1|1|1|1|0|0|1|0|0|0|0|0|1|0|0|1|1|1}]">1</label>
<label id="[{1|1|0|1|0|0|0|0|1|1|0|0|1|1|1|1|0|0|1|1|1|1|0|0|1|0|0|0|0|0|1|0|1|1|1|0}]">1</label>
<label id="[{1|1|0|1|0|0|0|0|1|1|0|0|1|1|1|1|0|0|1|1|1|1|0|0|1|0|0|0|0|0|1|1|1|1|0|0}]">1</label>
<label id="[{1|1|0|1|0|0|1|0|0|1|0|0|1|0|0|1|1|1|1|0|0|1|1|1|0|0|1|0|0|0|0|0|1|1|1|1}]">2</label>
<label id="[{1|1|0|1|0|0|1|0|0|1|0|0|1|0|0|1|1|1|1|0|1|1|1|0|0|0|1|0|0|0|0|0|1|1|1|1}]">2</label>
<label id="[{1|1|0|1|0|0|1|0|0|1|0|0|1|0|0|1|1|1|1|0|1|1|1|1|0|0|1|0|0|0|0|0|0|1|1|1}]">2</label>
<label id="[{1|1|0|1|0|0|1|0|0|1|0|0|1|0|0|1|1|1|1|0|1|1|1|1|0|0|1|0|0|0|0|0|1|1|1|0}]">2</label>
<label id="[{1|1|0|1|0|0|1|0|0|1|0|0|1|0|0|1|1|1|1|0|1|1|1|1|0|0|1|0|0|0|0|1|1|1|0|0}]">2</label>
<label id="[{1|1|0|1|0|0|1|0|0|1|0|0|1|0|0|1|1|1|1|0|1|1|1|1|0|0|1|0|0|0|1|1|1|0|0|0}]">2</label>
<label id="[{1|1|0|1|0|0|1|0|0|1|0|0|1|0|0|1|1|1|1|1|1|1|0|0|0|0|1|0|0|0|0|0|1|1|1|1}]">2</label>
<label id="[{1|1|0|1|0|0|1|0|0|1|0|0|1|0|1|1|1|1|1|0|1|1|1|1|0|0|0|0|0|0|0|0|0|1|1|1}]">2</label>
<label id="[{1|1|0|1|0|0|1|0|0|1|0|0|1|0|1|1|1|1|1|0|1|1|1|1|0|0|0|0|0|0|0|0|1|1|1|0}]">2</label>
<label id="[{1|1|0|1|0|0|1|0|0|1|0|0|1|0|1|1|1|1|1|0|1|1|1|1|0|0|0|0|0|0|0|1|1|1|0|0}]">2</label>
<label id="[{1|1|0|1|0|0|1|0|0|1|0|0|1|0|1|1|1|1|1|0|1|1|1|1|0|0|0|0|0|0|1|1|1|0|0|0}]">2</label>
<label id="[{1|1|0|1|0|0|1|0|0|1|0|0|1|1|1|1|0|0|1|0|0|1|1|1|0|0|1|0|0|0|0|0|1|1|1|1}]">1</label>
<label id="[{1|1|0|1|0|0|1|0|0|1|0|0|1|1|1|1|0|0|1|0|1|1|1|0|0|0|1|0|0|0|0|0|1|1|1|1}]">1</label>
<label id="[{1|1|0|1|0|0|1|0|0|1|0|0|1|1|1|1|0|0|1|0|1|1|1|1|0|0|1|0|0|0|0|0|0|1|1|1}]">1</label>
<label id="[{1|1|0|1|0|0|1|0|0|1|0|0|1|1|1|1|0|0|1|0|1|1|1|1|0|0|1|0|0|0|0|0|1|1|1|0}]">1</label>
<label id="[{1|1|0|1|0|0|1|0|0|1|0|0|1|1|1|1|0|0|1|0|1|1|1|1|0|0|1|0|0|0|0|1|1|1|0|0}]">1</label>
<label id="[{1|1|0|1|0|0|1|0|0|1|0|0|1|1|1|1|0|0|1|0|1|1|1|1|0|0|1|0|0|0|1|1|1|0|0|0}]">1</label>
<label id="[{1|1|0|1|0|0|1|0|0|1|0|0|1|1|1|1|0|0|1|1|1|1|0|0|0|0|1|0|0|0|0|0|1|1|1|1}]">1</label>
<label id="[{1|1|0|1|0|0|1|0|1|1|0|0|1|0|1|1|1|1|1|0|0|1|1|1|0|0|0|0|0|0|0|0|0|1|1|1}]">2</label>
<label id="[{1|1|0|1|0|0|1|0|1|1|0|0|1|0|1|1|1|1|1|0|0|1|1|1|0|0|0|0|0|0|0|0|1|1|1|0}]">2</label>
<label id="[{1|1|0|1|0|0|1|0|1|1|0|0|1|0|1|1|1|1|1|0|0|1|1|1|0|0|0|0|0|0|0|1|1|1|0|0}]">2</label>
<label id="[{1|1|0|1|0|0|1|0|1|1|0|0|1|0|1|1|1|1|1|0|0|1|1|1|0|0|0|0|0|0|1|1|1|0|0|0}]">2</label>
<label id="[{1|1|0|1|0|0|1|0|1|1|0|0|1|0|1|1|1|1|1|0|1|1|1|0|0|0|0|0|0|0|0|0|0|1|1|1}]">2</label>
<label id="[{1|1|0|1|0|0|1|0|1|1|0|0|1|0|1|1|1|1|1|0|1|1|1|0|0|0|0|0|0|0|0|0|1|1|1|0}]">2</label>
<label id="[{1|1|0|1|0|0|1|0|1|1|0|0|1|0|1|1|1|1|1|0|1|1|1|0|0|0|0|0|0|0|0|1|1|1|0|0}]">2</label>
<label id="[{1|1|0|1|0|0|1|0|1|1|0|0|1|0|1|1|1|1|1|0|1|1|1|0|0|0|0|0|0|0|1|1|1|0|0|0}]">2</label>
<label id="[{1|1|0|1|0|0|1|0|1|1|0|0|1|0|1|1|1|1|1|1|1|1|0|0|0|0|0|0|0|0|0|0|0|1|1|1}]">2</label>
<label id="[{1|1|0|1|0|0|1|0|1|1|0|0|1|0|1|1|1|1|1|1|1|1|0|0|0|0|0|0|0|0|0|0|1|1|1|0}]">2</label>
<label id="[{1|1|0|1|0|0|1|0|1|1|0|0|1|0|1|1|1|1|1|1|1|1|0|0|0|0|0|0|0|0|0|1|1|1|0|0}]">2</label>
<label id="[{1|1|0|1|0|0|1|0|1|1|0|0|1|0|1|1|1|1|1|1|1|1|0|0|0|0|0|0|0|0|1|1|1|0|0|0}]">2</label>
<label id="[{1|1|1|0|0|0|1|0|0|0|0|0|1|0|0|1|1|1|1|1|1|1|0|0|0|0|1|1|0|0|0|0|1|1|1|1}]">2</label>
<label id="[{1|1|1|0|0|0|1|0|0|0|0|0|1|1|1|1|0|0|1|1|1|1|0|0|0|0|1|1|0|0|0|0|1|1|1|1}]">1</label>
<label id="[{1|1|1|0|0|0|1|0|0|1|0|0|1|0|0|1|1|1|1|1|1|1|0|0|0|0|1|0|0|0|0|0|1|1|1|1}]">2</label>
<label id="[{1|1|1|0|0|0|1|0|0|1|0|0|1|1|1|1|0|0|1|1|1|1|0|0|0|0|1|0|0|0|0|0|1|1|1|1}]">1</label>
<label id="[{1|1|1|0|0|0|1|0|1|0|0|0|1|0|1|0|1|1|1|1|1|1|0|0|0|0|0|1|0|0|1|1|1|1|0|0}]">2</label>
<label id="[{1|1|1|0|0|0|1|0|1|0|0|0|1|0|1|1|1|0|1|1|1|1|0|0|0|0|0|1|0|0|1|1|1|1|0|0}]">1</label>
<label id="[{1|1|1|0|0|0|1|0|1|0|0|0|1|0|1|1|1|1|1|1|1|1|0|0|0|0|0|1|0|0|0|0|0|1|1|1}]">2</label>
<label id="[{1|1|1|0|0|0|1|0|1|0|0|0|1|0|1|1|1|1|1|1|1|1|0|0|0|0|0|1|0|0|0|0|1|1|1|0}]">2</label>
<label id="[{1|1|1|0|0|0|1|0|1|0|0|0|1|0|1|1|1|1|1|1|1|1|0|0|0|0|0|1|0|0|0|1|1|1|0|0}]">2</label>
<label id="[{1|1|1|0|0|0|1|0|1|0|0|0|1|0|1|1|1|1|1|1|1|1|0|0|0|0|0|1|0|0|1|1|1|0|0|0}]">2</label>
<label id="[{1|1|1|0|0|0|1|0|1|1|0|0|1|0|1|1|1|1|1|1|1|1|0|0|0|0|0|0|0|0|0|0|0|1|1|1}]">2</label>
<label id="[{1|1|1|0|0|0|1|0|1|1|0|0|1|0|1|1|1|1|1|1|1|1|0|0|0|0|0|0|0|0|0|0|1|1|1|0}]">2</label>
<label id="[{1|1|1|0|0|0|1|0|1|1|0|0|1|0|1|1|1|1|1|1|1|1|0|0|0|0|0|0|0|0|0|1|1|1|0|0}]">2</label>
<label id="[{1|1|1|0|0|0|1|0|1|1|0|0|1|0|1|1|1|1|1|1|1|1|0|0|0|0|0|0|0|0|1|1|1|0|0|0}]">2</label>
<label id="[{1|1|1|1|0|0|0|0|1|1|0|0|0|0|0|1|1|1|1|0|0|1|1|1|1|0|0|0|0|0|1|0|0|1|1|1}]">2</label>
<label id="[{1|1|1|1|0|0|0|0|1|1|0|0|0|0|0|1|1|1|1|0|0|1|1|1|1|0|0|0|0|0|1|0|1|1|1|0}]">2</label>
<label id="[{1|1|1|1|0|0|0|0|1|1|0|0|0|0|0|1|1|1|1|0|0|1|1|1|1|0|0|0|0|0|1|1|1|1|0|0}]">2</label>
<label id="[{1|1|1|1|0|0|0|0|1|1|0|0|0|0|0|1|1|1|1|0|1|1|1|0|1|0|0|0|0|0|1|0|0|1|1|1}]">2</label>
<label id="[{1|1|1|1|0|0|0|0|1|1|0|0|0|0|0|1|1|1|1|0|1|1|1|0|1|0|0|0|0|0|1|0|1|1|1|0}]">2</label>
<label id="[{1|1|1|1|0|0|0|0|1|1|0|0|0|0|0|1|1|1|1|0|1|1|1|0|1|0|0|0|0|0|1|1|1|1|0|0}]">2</label>
<label id="[{1|1|1|1|0|0|0|0|1|1|0|0|0|0|0|1|1|1|1|1|1|1|0|0|1|0|0|0|0|0|1|0|0|1|1|1}]">2</label>
<label id="[{1|1|1|1|0|0|0|0|1|1|0|0|0|0|0|1|1|1|1|1|1|1|0|0|1|0|0|0|0|0|1|0|1|1|1|0}]">2</label>
<label id="[{1|1|1|1|0|0|0|0|1|1|0|0|0|0|0|1|1|1|1|1|1|1|0|0|1|0|0|0|0|0|1|1|1|1|0|0}]">2</label>
<label id="[{1|1|1|1|0|0|0|0|1|1|0|0|0|1|1|1|0|0|1|0|0|1|1|1|1|0|0|0|0|0|1|0|0|1|1|1}]">1</label>
<label id="[{1|1|1|1|0|0|0|0|1|1|0|0|0|1|1|1|0|0|1|0|0|1|1|1|1|0|0|0|0|0|1|0|1|1|1|0}]">1</label>
<label id="[{1|1|1|1|0|0|0|0|1|1|0|0|0|1|1|1|0|0|1|0|0|1|1|1|1|0|0|0|0|0|1|1|1|1|0|0}]">1</label>
<label id="[{1|1|1|1|0|0|0|0|1|1|0|0|0|1|1|1|0|0|1|0|1|1|1|0|1|0|0|0|0|0|1|0|0|1|1|1}]">1</label>
<label id="[{1|1|1|1|0|0|0|0|1|1|0|0|0|1|1|1|0|0|1|0|1|1|1|0|1|0|0|0|0|0|1|0|1|1|1|0}]">1</label>
<label id="[{1|1|1|1|0|0|0|0|1|1|0|0|0|1|1|1|0|0|1|0|1|1|1|0|1|0|0|0|0|0|1|1|1|1|0|0}]">1</label>
<label id="[{1|1|1|1|0|0|0|0|1|1|0|0|0|1|1|1|0|0|1|1|1|1|0|0|1|0|0|0|0|0|1|0|0|1|1|1}]">1</label>
<label id="[{1|1|1|1|0|0|0|0|1|1|0|0|0|1|1|1|0|0|1|1|1|1|0|0|1|0|0|0|0|0|1|0|1|1|1|0}]">1</label>
<label id="[{1|1|1|1|0|0|0|0|1|1|0|0|0|1|1|1|0|0|1|1|1|1|0|0|1|0|0|0|0|0|1|1|1|1|0|0}]">1</label>
<label id="[{1|1|1|1|0|0|0|0|1|1|0|0|1|0|0|1|1|1|1|0|0|1|1|1|1|0|0|0|0|0|0|0|0|1|1|1}]">2</label>
<label id="[{1|1|1|1|0|0|0|0|1|1|0|0|1|0|0|1|1|1|1|0|0|1|1|1|1|0|0|0|0|0|0|0|1|1|1|0}]">2</label>
<label id="[{1|1|1|1|0|0|0|0|1|1|0|0|1|0|0|1|1|1|1|0|0|1|1|1|1|0|0|0|0|0|0|1|1|1|0|0}]">2</label>
<label id="[{1|1|1|1|0|0|0|0|1|1|0|0|1|0|0|1|1|1|1|0|0|1|1|1|1|0|0|0|0|0|1|1|1|0|0|0}]">2</label>
<label id="[{1|1|1|1|0|0|0|0|1|1|0|0|1|0|0|1|1|1|1|0|1|1|1|0|1|0|0|0|0|0|0|0|0|1|1|1}]">2</label>
<label id="[{1|1|1|1|0|0|0|0|1|1|0|0|1|0|0|1|1|1|1|0|1|1|1|0|1|0|0|0|0|0|0|0|1|1|1|0}]">2</label>
<label id="[{1|1|1|1|0|0|0|0|1|1|0|0|1|0|0|1|1|1|1|0|1|1|1|0|1|0|0|0|0|0|0|1|1|1|0|0}]">2</label>
<label id="[{1|1|1|1|0|0|0|0|1|1|0|0|1|0|0|1|1|1|1|0|1|1|1|0|1|0|0|0|0|0|1|1|1|0|0|0}]">2</label>
<label id="[{1|1|1|1|0|0|0|0|1|1|0|0|1|0|0|1|1|1|1|1|1|1|0|0|1|0|0|0|0|0|0|0|0|1|1|1}]">2</label>
<label id="[{1|1|1|1|0|0|0|0|1|1|0|0|1|0|0|1|1|1|1|1|1|1|0|0|1|0|0|0|0|0|0|0|1|1|1|0}]">2</label>
<label id="[{1|1|1|1|0|0|0|0|1|1|0|0|1|0|0|1|1|1|1|1|1|1|0|0|1|0|0|0|0|0|0|1|1|1|0|0}]">2</label>
<label id="[{1|1|1|1|0|0|0|0|1|1|0|0|1|0|0|1|1|1|1|1|1|1|0|0|1|0|0|0|0|0|1|1|1|0|0|0}]">2</label>
<label id="[{1|1|1|1|0|0|0|0|1|1|0|0|1|1|0|1|0|0|1|0|0|1|1|1|1|0|0|0|0|0|1|0|0|1|1|1}]">1</label>
<label id="[{1|1|1|1|0|0|0|0|1|1|0|0|1|1|0|1|0|0|1|0|0|1|1|1|1|0|0|0|0|0|1|0|1|1|1|0}]">1</label>
<label id="[{1|1|1|1|0|0|0|0|1|1|0|0|1|1|0|1|0|0|1|0|0|1|1|1|1|0|0|0|0|0|1|1|1|1|0|0}]">1</label>
<label id="[{1|1|1|1|0|0|0|0|1|1|0|0|1|1|0|1|0|0|1|0|1|1|1|0|1|0|0|0|0|0|1|0|0|1|1|1}]">1</label>
<label id="[{1|1|1|1|0|0|0|0|1|1|0|0|1|1|0|1|0|0|1|0|1|1|1|0|1|0|0|0|0|0|1|0|1|1|1|0}]">1</label>
<label id="[{1|1|1|1|0|0|0|0|1|1|0|0|1|1|0|1|0|0|1|0|1|1|1|0|1|0|0|0|0|0|1|1|1|1|0|0}]">1</label>
<label id="[{1|1|1|1|0|0|0|0|1|1|0|0|1|1|0|1|0|0|1|1|1|1|0|0|1|0|0|0|0|0|1|0|0|1|1|1}]">1</label>
<label id="[{1|1|1|1|0|0|0|0|1|1|0|0|1|1|0|1|0|0|1|1|1|1|0|0|1|0|0|0|0|0|1|0|1|1|1|0}]">1</label>
<label id="[{1|1|1|1|0|0|0|0|1|1|0|0|1|1|0|1|0|0|1|1|1|1|0|0|1|0|0|0|0|0|1|1|1|1|0|0}]">1</label>
<label id="[{1|1|1|1|0|0|0|0|1|1|0|0|1|1|1|1|0|0|1|0|0|1|1|1|1|0|0|0|0|0|0|0|0|1|1|1}]">1</label>
<label id="[{1|1|1|1|0|0|0|0|1|1|0|0|1|1|1|1|0|0|1|0|0|1|1|1|1|0|0|0|0|0|0|0|1|1|1|0}]">1</label>
<label id="[{1|1|1|1|0|0|0|0|1|1|0|0|1|1|1|1|0|0|1|0|0|1|1|1|1|0|0|0|0|0|0|1|1|1|0|0}]">1</label>
<label id="[{1|1|1|1|0|0|0|0|1|1|0|0|1|1|1|1|0|0|1|0|0|1|1|1|1|0|0|0|0|0|1|1|1|0|0|0}]">1</label>
<label id="[{1|1|1|1|0|0|0|0|1|1|0|0|1|1|1|1|0|0|1|0|1|1|1|0|1|0|0|0|0|0|0|0|0|1|1|1}]">1</label>
<label id="[{1|1|1|1|0|0|0|0|1|1|0|0|1|1|1|1|0|0|1|0|1|1|1|0|1|0|0|0|0|0|0|0|1|1|1|0}]">1</label>
<label id="[{1|1|1|1|0|0|0|0|1|1|0|0|1|1|1|1|0|0|1|0|1|1|1|0|1|0|0|0|0|0|0|1|1|1|0|0}]">1</label>
<label id="[{1|1|1|1|0|0|0|0|1|1|0|0|1|1|1|1|0|0|1|0|1|1|1|0|1|0|0|0|0|0|1|1|1|0|0|0}]">1</label>
<label id="[{1|1|1|1|0|0|0|0|1|1|0|0|1|1|1|1|0|0|1|1|1|1|0|0|1|0|0|0|0|0|0|0|0|1|1|1}]">1</label>
<label id="[{1|1|1|1|0|0|0|0|1|1|0|0|1|1|1|1|0|0|1|1|1|1|0|0|1|0|0|0|0|0|0|0|1|1|1|0}]">1</label>
<label id="[{1|1|1|1|0|0|0|0|1|1|0|0|1|1|1|1|0|0|1|1|1|1|0|0|1|0|0|0|0|0|0|1|1|1|0|0}]">1</label>
<label id="[{1|1|1|1|0|0|0|0|1|1|0|0|1|1|1|1|0|0|1|1|1|1|0|0|1|0|0|0|0|0|1|1|1|0|0|0}]">1</label>
<label id="[{1|1|1|1|0|0|1|0|0|1|0|0|1|0|0|1|1|1|0|0|0|1|1|1|0|0|1|0|0|0|0|0|1|1|1|1}]">2</label>
<label id="[{1|1|1|1|0|0|1|0|0|1|0|0|1|0|0|1|1|1|0|0|1|1|1|0|0|0|1|0|0|0|0|0|1|1|1|1}]">2</label>
<label id="[{1|1|1|1|0|0|1|0|0|1|0|0|1|0|0|1|1|1|0|0|1|1|1|1|0|0|1|0|0|0|0|0|0|1|1|1}]">2</label>
<label id="[{1|1|1|1|0|0|1|0|0|1|0|0|1|0|0|1|1|1|0|0|1|1|1|1|0|0|1|0|0|0|0|0|1|1|1|0}]">2</label>
<label id="[{1|1|1|1|0|0|1|0|0|1|0|0|1|0|0|1|1|1|0|0|1|1|1|1|0|0|1|0|0|0|0|1|1|1|0|0}]">2</label>
<label id="[{1|1|1|1|0|0|1|0|0|1|0|0|1|0|0|1|1|1|0|0|1|1|1|1|0|0|1|0|0|0|1|1|1|0|0|0}]">2</label>
<label id="[{1|1|1|1|0|0|1|0|0|1|0|0|1|0|0|1|1|1|0|1|1|1|0|0|0|0|1|0|0|0|0|0|1|1|1|1}]">2</label>
<label id="[{1|1|1|1|0|0|1|0|0|1|0|0|1|0|0|1|1|1|1|1|1|0|0|0|0|0|1|0|0|0|0|0|1|1|1|1}]">2</label>
<label id="[{1|1|1|1|0|0|1|0|0|1|0|0|1|0|1|1|1|1|0|0|1|1|1|1|0|0|0|0|0|0|0|0|0|1|1|1}]">2</label>
<label id="[{1|1|1|1|0|0|1|0|0|1|0|0|1|0|1|1|1|1|0|0|1|1|1|1|0|0|0|0|0|0|0|0|1|1|1|0}]">2</label>
<label id="[{1|1|1|1|0|0|1|0|0|1|0|0|1|0|1|1|1|1|0|0|1|1|1|1|0|0|0|0|0|0|0|1|1|1|0|0}]">2</label>
<label id="[{1|1|1|1|0|0|1|0|0|1|0|0|1|0|1|1|1|1|0|0|1|1|1|1|0|0|0|0|0|0|1|1|1|0|0|0}]">2</label>
<label id="[{1|1|1|1|0|0|1|0|0|1|0|0|1|1|1|1|0|0|0|0|0|1|1|1|0|0|1|0|0|0|0|0|1|1|1|1}]">1</label>
<label id="[{1|1|1|1|0|0|1|0|0|1|0|0|1|1|1|1|0|0|0|0|1|1|1|0|0|0|1|0|0|0|0|0|1|1|1|1}]">1</label>
<label id="[{1|1|1|1|0|0|1|0|0|1|0|0|1|1|1|1|0|0|0|0|1|1|1|1|0|0|1|0|0|0|0|0|0|1|1|1}]">1</label>
<label id="[{1|1|1|1|0|0|1|0|0|1|0|0|1|1|1|1|0|0|0|0|1|1|1|1|0|0|1|0|0|0|0|0|1|1|1|0}]">1</label>
<label id="[{1|1|1|1|0|0|1|0|0|1|0|0|1|1|1|1|0|0|0|0|1|1|1|1|0|0|1|0|0|0|0|1|1|1|0|0}]">1</label>
<label id="[{1|1|1|1|0|0|1|0|0|1|0|0|1|1|1|1|0|0|0|0|1|1|1|1|0|0|1|0|0|0|1|1|1|0|0|0}]">1</label>
<label id="[{1|1|1|1|0|0|1|0|0|1|0|0|1|1|1|1|0|0|0|1|1|1|0|0|0|0|1|0|0|0|0|0|1|1|1|1}]">1</label>
<label id="[{1|1|1|1|0|0|1|0|0|1|0|0|1|1|1|1|0|0|1|1|1|0|0|0|0|0|1|0|0|0|0|0|1|1|1|1}]">1</label>
<label id="[{1|1|1|1|0|0|1|0|1|1|0|0|1|0|0|1|1|1|1|0|0|1|1|1|0|0|0|0|0|0|0|0|0|1|1|1}]">2</label>
<label id="[{1|1|1|1|0|0|1|0|1|1|0|0|1|0|0|1|1|1|1|0|0|1|1|1|0|0|0|0|0|0|0|0|1|1|1|0}]">2</label>
<label id="[{1|1|1|1|0|0|1|0|1|1|0|0|1|0|0|1|1|1|1|0|0|1|1|1|0|0|0|0|0|0|0|1|1|1|0|0}]">2</label>
<label id="[{1|1|1|1|0|0|1|0|1|1|0|0|1|0|0|1|1|1|1|0|0|1|1|1|0|0|0|0|0|0|1|1|1|0|0|0}]">2</label>
<label id="[{1|1|1|1|0|0|1|0|1|1|0|0|1|0|0|1|1|1|1|0|1|1|1|0|0|0|0|0|0|0|0|0|0|1|1|1}]">2</label>
<label id="[{1|1|1|1|0|0|1|0|1|1|0|0|1|0|0|1|1|1|1|0|1|1|1|0|0|0|0|0|0|0|0|0|1|1|1|0}]">2</label>
<label id="[{1|1|1|1|0|0|1|0|1|1|0|0|1|0|0|1|1|1|1|0|1|1|1|0|0|0|0|0|0|0|0|1|1|1|0|0}]">2</label>
<label id="[{1|1|1|1|0|0|1|0|1|1|0|0|1|0|0|1|1|1|1|0|1|1|1|0|0|0|0|0|0|0|1|1|1|0|0|0}]">2</label>
<label id="[{1|1|1|1|0|0|1|0|1|1|0|0|1|0|0|1|1|1|1|1|1|1|0|0|0|0|0|0|0|0|0|0|0|1|1|1}]">2</label>
<label id="[{1|1|1|1|0|0|1|0|1|1|0|0|1|0|0|1|1|1|1|1|1|1|0|0|0|0|0|0|0|0|0|0|1|1|1|0}]">2</label>
<label id="[{1|1|1|1|0|0|1|0|1|1|0|0|1|0|0|1|1|1|1|1|1|1|0|0|0|0|0|0|0|0|0|1|1|1|0|0}]">2</label>
<label id="[{1|1|1|1|0|0|1|0|1|1|0|0|1|0|0|1|1|1|1|1|1|1|0|0|0|0|0|0|0|0|1|1|1|0|0|0}]">2</label>
<label id="[{1|1|1|1|0|0|1|0|1|1|0|0|1|0|1|1|1|1|0|0|0|1|1|1|0|0|0|0|0|0|0|0|0|1|1|1}]">2</label>
<label id="[{1|1|1|1|0|0|1|0|1|1|0|0|1|0|1|1|1|1|0|0|0|1|1|1|0|0|0|0|0|0|0|0|1|1|1|0}]">2</label>
<label id="[{1|1|1|1|0|0|1|0|1|1|0|0|1|0|1|1|1|1|0|0|0|1|1|1|0|0|0|0|0|0|0|1|1|1|0|0}]">2</label>
<label id="[{1|1|1|1|0|0|1|0|1|1|0|0|1|0|1|1|1|1|0|0|0|1|1|1|0|0|0|0|0|0|1|1|1|0|0|0}]">2</label>
<label id="[{1|1|1|1|0|0|1|0|1|1|0|0|1|0|1|1|1|1|0|0|1|1|1|0|0|0|0|0|0|0|0|0|0|1|1|1}]">2</label>
<label id="[{1|1|1|1|0|0|1|0|1|1|0|0|1|0|1|1|1|1|0|0|1|1|1|0|0|0|0|0|0|0|0|0|1|1|1|0}]">2</label>
<label id="[{1|1|1|1|0|0|1|0|1|1|0|0|1|0|1|1|1|1|0|0|1|1|1|0|0|0|0|0|0|0|0|1|1|1|0|0}]">2</label>
<label id="[{1|1|1|1|0|0|1|0|1|1|0|0|1|0|1|1|1|1|0|0|1|1|1|0|0|0|0|0|0|0|1|1|1|0|0|0}]">2</label>
<label id="[{1|1|1|1|0|0|1|0|1|1|0|0|1|0|1|1|1|1|0|1|1|1|0|0|0|0|0|0|0|0|0|0|0|1|1|1}]">2</label>
<label id="[{1|1|1|1|0|0|1|0|1|1|0|0|1|0|1|1|1|1|0|1|1|1|0|0|0|0|0|0|0|0|0|0|1|1|1|0}]">2</label>
<label id="[{1|1|1|1|0|0|1|0|1|1|0|0|1|0|1|1|1|1|0|1|1|1|0|0|0|0|0|0|0|0|0|1|1|1|0|0}]">2</label>
<label id="[{1|1|1|1|0|0|1|0|1|1|0|0|1|0|1|1|1|1|0|1|1|1|0|0|0|0|0|0|0|0|1|1|1|0|0|0}]">2</label>
<label id="[{1|1|1|1|0|0|1|0|1|1|0|0|1|0|1|1|1|1|1|1|1|0|0|0|0|0|0|0|0|0|0|0|0|1|1|1}]">2</label>
<label id="[{1|1|1|1|0|0|1|0|1|1|0|0|1|0|1|1|1|1|1|1|1|0|0|0|0|0|0|0|0|0|0|0|1|1|1|0}]">2</label>
<label id="[{1|1|1|1|0|0|1|0|1|1|0|0|1|0|1|1|1|1|1|1|1|0|0|0|0|0|0|0|0|0|0|1|1|1|0|0}]">2</label>
<label id="[{1|1|1|1|0|0|1|0|1|1|0|0|1|0|1|1|1|1|1|1|1|0|0|0|0|0|0|0|0|0|1|1|1|0|0|0}]">2</label>
<label id="[{1|1|1|1|0|0|1|0|1|1|0|0|1|1|1|1|0|0|1|0|0|1|1|1|0|0|0|0|0|0|0|0|0|1|1|1}]">1</label>
<label id="[{1|1|1|1|0|0|1|0|1|1|0|0|1|1|1|1|0|0|1|0|0|1|1|1|0|0|0|0|0|0|0|0|1|1|1|0}]">1</label>
<label id="[{1|1|1|1|0|0|1|0|1|1|0|0|1|1|1|1|0|0|1|0|0|1|1|1|0|0|0|0|0|0|0|1|1|1|0|0}]">1</label>
<label id="[{1|1|1|1|0|0|1|0|1|1|0|0|1|1|1|1|0|0|1|0|0|1|1|1|0|0|0|0|0|0|1|1|1|0|0|0}]">1</label>
<label id="[{1|1|1|1|0|0|1|0|1|1|0|0|1|1|1|1|0|0|1|0|1|1|1|0|0|0|0|0|0|0|0|0|0|1|1|1}]">1</label>
<label id="[{1|1|1|1|0|0|1|0|1|1|0|0|1|1|1|1|0|0|1|0|1|1|1|0|0|0|0|0|0|0|0|0|1|1|1|0}]">1</label>
<label id="[{1|1|1|1|0|0|1|0|1|1|0|0|1|1|1|1|0|0|1|0|1|1|1|0|0|0|0|0|0|0|0|1|1|1|0|0}]">1</label>
<label id="[{1|1|1|1|0|0|1|0|1|1|0|0|1|1|1|1|0|0|1|0|1|1|1|0|0|0|0|0|0|0|1|1|1|0|0|0}]">1</label>
<label id="[{1|1|1|1|0|0|1|0|1|1|0|0|1|1|1|1|0|0|1|1|1|1|0|0|0|0|0|0|0|0|0|0|0|1|1|1}]">1</label>
<label id="[{1|1|1|1|0|0|1|0|1|1|0|0|1|1|1|1|0|0|1|1|1|1|0|0|0|0|0|0|0|0|0|0|1|1|1|0}]">1</label>
<label id="[{1|1|1|1|0|0|1|0|1|1|0|0|1|1|1|1|0|0|1|1|1|1|0|0|0|0|0|0|0|0|0|1|1|1|0|0}]">1</label>
<label id="[{1|1|1|1|0|0|1|0|1|1|0|0|1|1|1|1|0|0|1|1|1|1|0|0|0|0|0|0|0|0|1|1|1|0|0|0}]">1</label>
</state-labels><state-labels procid="1">
<label id="[0,0,0,2]">274</label>
<label id="[0,1,0,2]">255</label>
<label id="[0,2,0,2]">25</label>
<label id="[0,3,0,2]">54</label>
<label id="[0,4,0,2]">440</label>
</state-labels><state-labels procid="2">
<label id="[0,0,2,2]">72</label>
<label id="[0,1,2,2]">184</label>
<label id="[0,2,2,2]">2</label>
<label id="[0,3,2,2]">6</label>
<label id="[0,4,2,2]">392</label>
<label id="[1,4,2,2]">392</label>
</state-labels><state-labels procid="3">
<label id="[0,0,3,3]">192</label>
<label id="[0,1,3,3]">211</label>
<label id="[0,2,3,3]">211</label>
<label id="[0,3,3,3]">434</label>
</state-labels><state-labels procid="4">
<label id="[0,0,5,3]">190</label>
<label id="[0,1,5,3]">240</label>
<label id="[0,2,5,3]">240</label>
<label id="[0,3,5,3]">378</label>
</state-labels><state-labels procid="5">
<label id="[0,0,0,3]">334</label>
<label id="[0,0,1,3]">231</label>
<label id="[0,0,2,3]">231</label>
<label id="[0,0,3,3]">252</label>
</state-labels><state-labels procid="6">
<label id="[0,2,0,2]">322</label>
<label id="[0,2,1,2]">365</label>
<label id="[0,2,2,2]">91</label>
<label id="[0,2,3,2]">132</label>
<label id="[0,2,4,2]">138</label>
</state-labels><state-labels procid="7">
<label id="[0,3,0,3]">890</label>
<label id="[0,3,1,3]">68</label>
<label id="[0,3,2,3]">68</label>
<label id="[0,3,3,3]">22</label>
</state-labels></label-info>
</state-space-info>
