<?xml version="1.0"?>
<!DOCTYPE state-space-info SYSTEM "../../state_space_info.dtd">


<state-space-info>
<states>1506</states>
<edges>2697</edges>
<bfs-info>
 <levels>101</levels>
<max-level>22</max-level>

<back-level-edges>303</back-level-edges>
<max-back-level-edge>89</max-back-level-edge>
<avg-back-level-edge>32.6964</avg-back-level-edge>
<bfs-levels>
<level id="0"><states>1</states><edges>2</edges></level>
<level id="1"><states>2</states><edges>4</edges></level>
<level id="2"><states>3</states><edges>6</edges></level>
<level id="3"><states>4</states><edges>8</edges></level>
<level id="4"><states>5</states><edges>10</edges></level>
<level id="5"><states>6</states><edges>11</edges></level>
<level id="6"><states>8</states><edges>15</edges></level>
<level id="7"><states>11</states><edges>19</edges></level>
<level id="8"><states>13</states><edges>24</edges></level>
<level id="9"><states>15</states><edges>26</edges></level>
<level id="10"><states>15</states><edges>28</edges></level>
<level id="11"><states>14</states><edges>25</edges></level>
<level id="12"><states>13</states><edges>23</edges></level>
<level id="13"><states>13</states><edges>23</edges></level>
<level id="14"><states>12</states><edges>21</edges></level>
<level id="15"><states>11</states><edges>20</edges></level>
<level id="16"><states>12</states><edges>22</edges></level>
<level id="17"><states>13</states><edges>23</edges></level>
<level id="18"><states>14</states><edges>26</edges></level>
<level id="19"><states>15</states><edges>27</edges></level>
<level id="20"><states>14</states><edges>27</edges></level>
<level id="21"><states>12</states><edges>22</edges></level>
<level id="22"><states>11</states><edges>20</edges></level>
<level id="23"><states>11</states><edges>20</edges></level>
<level id="24"><states>11</states><edges>20</edges></level>
<level id="25"><states>11</states><edges>20</edges></level>
<level id="26"><states>13</states><edges>24</edges></level>
<level id="27"><states>16</states><edges>28</edges></level>
<level id="28"><states>18</states><edges>33</edges></level>
<level id="29"><states>20</states><edges>35</edges></level>
<level id="30"><states>18</states><edges>34</edges></level>
<level id="31"><states>18</states><edges>32</edges></level>
<level id="32"><states>17</states><edges>30</edges></level>
<level id="33"><states>17</states><edges>30</edges></level>
<level id="34"><states>17</states><edges>30</edges></level>
<level id="35"><states>15</states><edges>27</edges></level>
<level id="36"><states>16</states><edges>29</edges></level>
<level id="37"><states>18</states><edges>32</edges></level>
<level id="38"><states>20</states><edges>37</edges></level>
<level id="39"><states>22</states><edges>39</edges></level>
<level id="40"><states>20</states><edges>38</edges></level>
<level id="41"><states>18</states><edges>32</edges></level>
<level id="42"><states>17</states><edges>30</edges></level>
<level id="43"><states>17</states><edges>30</edges></level>
<level id="44"><states>17</states><edges>30</edges></level>
<level id="45"><states>15</states><edges>27</edges></level>
<level id="46"><states>16</states><edges>29</edges></level>
<level id="47"><states>18</states><edges>32</edges></level>
<level id="48"><states>20</states><edges>37</edges></level>
<level id="49"><states>22</states><edges>39</edges></level>
<level id="50"><states>20</states><edges>38</edges></level>
<level id="51"><states>18</states><edges>32</edges></level>
<level id="52"><states>17</states><edges>30</edges></level>
<level id="53"><states>17</states><edges>30</edges></level>
<level id="54"><states>17</states><edges>30</edges></level>
<level id="55"><states>15</states><edges>27</edges></level>
<level id="56"><states>16</states><edges>29</edges></level>
<level id="57"><states>18</states><edges>32</edges></level>
<level id="58"><states>20</states><edges>37</edges></level>
<level id="59"><states>22</states><edges>39</edges></level>
<level id="60"><states>20</states><edges>38</edges></level>
<level id="61"><states>18</states><edges>32</edges></level>
<level id="62"><states>17</states><edges>30</edges></level>
<level id="63"><states>17</states><edges>30</edges></level>
<level id="64"><states>17</states><edges>30</edges></level>
<level id="65"><states>15</states><edges>27</edges></level>
<level id="66"><states>16</states><edges>29</edges></level>
<level id="67"><states>18</states><edges>32</edges></level>
<level id="68"><states>20</states><edges>37</edges></level>
<level id="69"><states>22</states><edges>39</edges></level>
<level id="70"><states>20</states><edges>38</edges></level>
<level id="71"><states>18</states><edges>32</edges></level>
<level id="72"><states>17</states><edges>30</edges></level>
<level id="73"><states>17</states><edges>30</edges></level>
<level id="74"><states>17</states><edges>30</edges></level>
<level id="75"><states>15</states><edges>27</edges></level>
<level id="76"><states>16</states><edges>29</edges></level>
<level id="77"><states>18</states><edges>32</edges></level>
<level id="78"><states>20</states><edges>37</edges></level>
<level id="79"><states>22</states><edges>39</edges></level>
<level id="80"><states>20</states><edges>38</edges></level>
<level id="81"><states>18</states><edges>32</edges></level>
<level id="82"><states>17</states><edges>30</edges></level>
<level id="83"><states>17</states><edges>30</edges></level>
<level id="84"><states>17</states><edges>30</edges></level>
<level id="85"><states>15</states><edges>27</edges></level>
<level id="86"><states>16</states><edges>29</edges></level>
<level id="87"><states>18</states><edges>30</edges></level>
<level id="88"><states>18</states><edges>31</edges></level>
<level id="89"><states>18</states><edges>30</edges></level>
<level id="90"><states>15</states><edges>27</edges></level>
<level id="91"><states>12</states><edges>20</edges></level>
<level id="92"><states>11</states><edges>18</edges></level>
<level id="93"><states>11</states><edges>18</edges></level>
<level id="94"><states>11</states><edges>18</edges></level>
<level id="95"><states>9</states><edges>15</edges></level>
<level id="96"><states>8</states><edges>13</edges></level>
<level id="97"><states>7</states><edges>11</edges></level>
<level id="98"><states>6</states><edges>10</edges></level>
<level id="99"><states>5</states><edges>8</edges></level>
<level id="100"><states>2</states><edges>4</edges></level>
</bfs-levels>
<back-level-length id="0">0</back-level-length>
<back-level-length id="1">0</back-level-length>
<back-level-length id="2">0</back-level-length>
<back-level-length id="3">0</back-level-length>
<back-level-length id="4">0</back-level-length>
<back-level-length id="5">0</back-level-length>
<back-level-length id="6">0</back-level-length>
<back-level-length id="7">0</back-level-length>
<back-level-length id="8">0</back-level-length>
<back-level-length id="9">47.8548</back-level-length>
<back-level-length id="10">0</back-level-length>
<back-level-length id="11">0</back-level-length>
<back-level-length id="12">0</back-level-length>
<back-level-length id="13">0</back-level-length>
<back-level-length id="14">0</back-level-length>
<back-level-length id="15">0</back-level-length>
<back-level-length id="16">0</back-level-length>
<back-level-length id="17">0</back-level-length>
<back-level-length id="18">0</back-level-length>
<back-level-length id="19">5.94059</back-level-length>
<back-level-length id="20">0</back-level-length>
<back-level-length id="21">0</back-level-length>
<back-level-length id="22">0</back-level-length>
<back-level-length id="23">0</back-level-length>
<back-level-length id="24">0</back-level-length>
<back-level-length id="25">0</back-level-length>
<back-level-length id="26">0</back-level-length>
<back-level-length id="27">0</back-level-length>
<back-level-length id="28">0</back-level-length>
<back-level-length id="29">6.60066</back-level-length>
<back-level-length id="30">0</back-level-length>
<back-level-length id="31">0</back-level-length>
<back-level-length id="32">0</back-level-length>
<back-level-length id="33">0</back-level-length>
<back-level-length id="34">0</back-level-length>
<back-level-length id="35">0</back-level-length>
<back-level-length id="36">0</back-level-length>
<back-level-length id="37">0</back-level-length>
<back-level-length id="38">0</back-level-length>
<back-level-length id="39">6.60066</back-level-length>
<back-level-length id="40">0</back-level-length>
<back-level-length id="41">0</back-level-length>
<back-level-length id="42">0</back-level-length>
<back-level-length id="43">0</back-level-length>
<back-level-length id="44">0</back-level-length>
<back-level-length id="45">0</back-level-length>
<back-level-length id="46">0</back-level-length>
<back-level-length id="47">0</back-level-length>
<back-level-length id="48">0</back-level-length>
<back-level-length id="49">6.60066</back-level-length>
<back-level-length id="50">0</back-level-length>
<back-level-length id="51">0</back-level-length>
<back-level-length id="52">0</back-level-length>
<back-level-length id="53">0</back-level-length>
<back-level-length id="54">0</back-level-length>
<back-level-length id="55">0</back-level-length>
<back-level-length id="56">0</back-level-length>
<back-level-length id="57">0</back-level-length>
<back-level-length id="58">0</back-level-length>
<back-level-length id="59">6.60066</back-level-length>
<back-level-length id="60">0</back-level-length>
<back-level-length id="61">0</back-level-length>
<back-level-length id="62">0</back-level-length>
<back-level-length id="63">0</back-level-length>
<back-level-length id="64">0</back-level-length>
<back-level-length id="65">0</back-level-length>
<back-level-length id="66">0</back-level-length>
<back-level-length id="67">0</back-level-length>
<back-level-length id="68">0</back-level-length>
<back-level-length id="69">6.60066</back-level-length>
<back-level-length id="70">0</back-level-length>
<back-level-length id="71">0</back-level-length>
<back-level-length id="72">0</back-level-length>
<back-level-length id="73">0</back-level-length>
<back-level-length id="74">0</back-level-length>
<back-level-length id="75">0</back-level-length>
<back-level-length id="76">0</back-level-length>
<back-level-length id="77">0</back-level-length>
<back-level-length id="78">0</back-level-length>
<back-level-length id="79">6.60066</back-level-length>
<back-level-length id="80">0</back-level-length>
<back-level-length id="81">0</back-level-length>
<back-level-length id="82">0</back-level-length>
<back-level-length id="83">0</back-level-length>
<back-level-length id="84">0</back-level-length>
<back-level-length id="85">0</back-level-length>
<back-level-length id="86">0</back-level-length>
<back-level-length id="87">0</back-level-length>
<back-level-length id="88">0</back-level-length>
<back-level-length id="89">6.60066</back-level-length>
</bfs-info>
<degrees>
<avg>1.79084</avg>
<max-in>20</max-in>
<max-out>2</max-out>
<degree id="0"><in>1</in><out>4</out></degree>
<degree id="1"><in>589</in><out>307</out></degree>
<degree id="2"><in>811</in><out>1195</out></degree>
<degree id="3"><in>74</in><out>0</out></degree>
<degree id="4"><in>12</in><out>0</out></degree>
<degree id="5"><in>0</in><out>0</out></degree>
<degree id="6"><in>0</in><out>0</out></degree>
<degree id="7"><in>0</in><out>0</out></degree>
<degree id="8"><in>0</in><out>0</out></degree>
<degree id="9"><in>0</in><out>0</out></degree>
<degree id="10"><in>2</in><out>0</out></degree>
<degree id="11"><in>16</in><out>0</out></degree>
<degree id="12"><in>0</in><out>0</out></degree>
<degree id="13"><in>0</in><out>0</out></degree>
<degree id="14"><in>0</in><out>0</out></degree>
<degree id="15"><in>0</in><out>0</out></degree>
<degree id="16"><in>0</in><out>0</out></degree>
<degree id="17"><in>0</in><out>0</out></degree>
<degree id="18"><in>0</in><out>0</out></degree>
<degree id="19"><in>0</in><out>0</out></degree>
<degree id="20"><in>1</in><out>0</out></degree>
</degrees>
<scc-info>
<count>46</count>
<height>13</height>
<nontrivial-height>3</nontrivial-height>
<trivial>43</trivial>
<terminal>4</terminal>
<largest>1443</largest>
<largest-position> </largest-position>
</scc-info>
<dfs-info>
<stack-size id="7">0.464807</stack-size>
<stack-size id="14">0.929615</stack-size>
<stack-size id="21">1.39442</stack-size>
<stack-size id="28">1.85923</stack-size>
<stack-size id="35">2.32404</stack-size>
<stack-size id="42">2.78884</stack-size>
<stack-size id="49">3.25365</stack-size>
<stack-size id="56">3.65206</stack-size>
<stack-size id="63">4.11687</stack-size>
<stack-size id="70">4.58167</stack-size>
<stack-size id="77">5.04648</stack-size>
<stack-size id="84">5.51129</stack-size>
<stack-size id="91">5.9761</stack-size>
<stack-size id="98">6.4409</stack-size>
<stack-size id="105">6.90571</stack-size>
<stack-size id="112">7.37052</stack-size>
<stack-size id="119">7.70252</stack-size>
<stack-size id="126">7.30412</stack-size>
<stack-size id="133">7.10491</stack-size>
<stack-size id="140">7.56972</stack-size>
<stack-size id="147">8.03453</stack-size>
<stack-size id="154">8.49934</stack-size>
<stack-size id="161">8.96414</stack-size>
<stack-size id="168">8.76494</stack-size>
<stack-size id="175">9.22975</stack-size>
<stack-size id="182">9.69456</stack-size>
<stack-size id="189">10.1594</stack-size>
<stack-size id="196">10.6242</stack-size>
<stack-size id="203">11.089</stack-size>
<stack-size id="210">11.5538</stack-size>
<stack-size id="217">12.0186</stack-size>
<stack-size id="224">12.4834</stack-size>
<stack-size id="231">12.2842</stack-size>
<stack-size id="238">12.749</stack-size>
<stack-size id="245">13.2138</stack-size>
<stack-size id="252">13.6786</stack-size>
<stack-size id="259">14.1434</stack-size>
<stack-size id="266">14.6082</stack-size>
<stack-size id="273">15.073</stack-size>
<stack-size id="280">15.5378</stack-size>
<stack-size id="287">16.0027</stack-size>
<stack-size id="294">16.4675</stack-size>
<stack-size id="301">16.2683</stack-size>
<stack-size id="308">16.7331</stack-size>
<stack-size id="315">17.1979</stack-size>
<stack-size id="322">17.0651</stack-size>
<stack-size id="329">16.6667</stack-size>
<stack-size id="336">16.0027</stack-size>
<stack-size id="343">16.4675</stack-size>
<stack-size id="350">16.9323</stack-size>
<stack-size id="357">17.3971</stack-size>
<stack-size id="364">17.8619</stack-size>
<stack-size id="371">18.3267</stack-size>
<stack-size id="378">18.1275</stack-size>
<stack-size id="385">18.5923</stack-size>
<stack-size id="392">18.3267</stack-size>
<stack-size id="399">18.7915</stack-size>
<stack-size id="406">19.0571</stack-size>
<stack-size id="413">19.5219</stack-size>
<stack-size id="420">19.3227</stack-size>
<stack-size id="427">19.7875</stack-size>
<stack-size id="434">19.2563</stack-size>
<stack-size id="441">18.8579</stack-size>
<stack-size id="448">18.5259</stack-size>
<stack-size id="455">18.2603</stack-size>
<stack-size id="462">18.1275</stack-size>
<stack-size id="469">18.1939</stack-size>
<stack-size id="476">17.4635</stack-size>
<stack-size id="483">17.9283</stack-size>
<stack-size id="490">17.5963</stack-size>
<stack-size id="497">17.2643</stack-size>
<stack-size id="504">17.7291</stack-size>
<stack-size id="511">17.1979</stack-size>
<stack-size id="518">17.6627</stack-size>
<stack-size id="525">18.1275</stack-size>
<stack-size id="532">18.5923</stack-size>
<stack-size id="539">17.8619</stack-size>
<stack-size id="546">18.3267</stack-size>
<stack-size id="553">18.1939</stack-size>
<stack-size id="560">17.3971</stack-size>
<stack-size id="567">17.1979</stack-size>
<stack-size id="574">16.6003</stack-size>
<stack-size id="581">16.3347</stack-size>
<stack-size id="588">16.5339</stack-size>
<stack-size id="595">16.0027</stack-size>
<stack-size id="602">16.0691</stack-size>
<stack-size id="609">15.7371</stack-size>
<stack-size id="616">15.405</stack-size>
<stack-size id="623">15.8699</stack-size>
<stack-size id="630">15.5378</stack-size>
<stack-size id="637">15.0066</stack-size>
<stack-size id="644">15.4714</stack-size>
<stack-size id="651">15.9363</stack-size>
<stack-size id="658">16.4011</stack-size>
<stack-size id="665">16.2683</stack-size>
<stack-size id="672">16.1355</stack-size>
<stack-size id="679">16.0027</stack-size>
<stack-size id="686">15.2058</stack-size>
<stack-size id="693">15.3386</stack-size>
<stack-size id="700">14.8738</stack-size>
<stack-size id="707">14.3426</stack-size>
<stack-size id="714">14.077</stack-size>
<stack-size id="721">14.5418</stack-size>
<stack-size id="728">14.2762</stack-size>
<stack-size id="735">14.741</stack-size>
<stack-size id="742">15.2058</stack-size>
<stack-size id="749">15.6042</stack-size>
<stack-size id="756">16.0691</stack-size>
<stack-size id="763">16.5339</stack-size>
<stack-size id="770">15.9363</stack-size>
<stack-size id="777">15.6707</stack-size>
<stack-size id="784">15.2058</stack-size>
<stack-size id="791">15.0066</stack-size>
<stack-size id="798">14.8738</stack-size>
<stack-size id="805">14.741</stack-size>
<stack-size id="812">13.9442</stack-size>
<stack-size id="819">13.745</stack-size>
<stack-size id="826">12.6162</stack-size>
<stack-size id="833">9.16335</stack-size>
<stack-size id="840">8.69854</stack-size>
<stack-size id="847">9.16335</stack-size>
<stack-size id="854">9.62815</stack-size>
<stack-size id="861">9.56175</stack-size>
<stack-size id="868">9.22975</stack-size>
<stack-size id="875">8.83134</stack-size>
<stack-size id="882">6.90571</stack-size>
<stack-size id="889">7.37052</stack-size>
<stack-size id="896">7.10491</stack-size>
<stack-size id="903">7.56972</stack-size>
<stack-size id="910">8.03453</stack-size>
<stack-size id="917">8.49934</stack-size>
<stack-size id="924">8.96414</stack-size>
<stack-size id="931">8.76494</stack-size>
<stack-size id="938">9.22975</stack-size>
<stack-size id="945">8.96414</stack-size>
<stack-size id="952">9.42895</stack-size>
<stack-size id="959">9.89376</stack-size>
<stack-size id="966">10.3586</stack-size>
<stack-size id="973">10.8234</stack-size>
<stack-size id="980">11.2882</stack-size>
<stack-size id="987">11.089</stack-size>
<stack-size id="994">10.8234</stack-size>
<stack-size id="1001">11.2882</stack-size>
<stack-size id="1008">10.8234</stack-size>
<stack-size id="1015">10.093</stack-size>
<stack-size id="1022">10.5578</stack-size>
<stack-size id="1029">10.3586</stack-size>
<stack-size id="1036">10.1594</stack-size>
<stack-size id="1043">9.76096</stack-size>
<stack-size id="1050">10.2258</stack-size>
<stack-size id="1057">10.6906</stack-size>
<stack-size id="1064">11.1554</stack-size>
<stack-size id="1071">11.0226</stack-size>
<stack-size id="1078">10.8898</stack-size>
<stack-size id="1085">10.757</stack-size>
<stack-size id="1092">9.96016</stack-size>
<stack-size id="1099">9.76096</stack-size>
<stack-size id="1106">9.42895</stack-size>
<stack-size id="1113">9.09695</stack-size>
<stack-size id="1120">9.09695</stack-size>
<stack-size id="1127">8.96414</stack-size>
<stack-size id="1134">8.63214</stack-size>
<stack-size id="1141">8.30013</stack-size>
<stack-size id="1148">8.76494</stack-size>
<stack-size id="1155">8.43293</stack-size>
<stack-size id="1162">8.10093</stack-size>
<stack-size id="1169">8.56574</stack-size>
<stack-size id="1176">8.03453</stack-size>
<stack-size id="1183">8.49934</stack-size>
<stack-size id="1190">8.96414</stack-size>
<stack-size id="1197">8.83134</stack-size>
<stack-size id="1204">8.69854</stack-size>
<stack-size id="1211">8.56574</stack-size>
<stack-size id="1218">8.43293</stack-size>
<stack-size id="1225">7.90173</stack-size>
<stack-size id="1232">7.63612</stack-size>
<stack-size id="1239">7.17131</stack-size>
<stack-size id="1246">6.90571</stack-size>
<stack-size id="1253">7.37052</stack-size>
<stack-size id="1260">6.83931</stack-size>
<stack-size id="1267">6.1089</stack-size>
<stack-size id="1274">6.57371</stack-size>
<stack-size id="1281">6.2417</stack-size>
<stack-size id="1288">6.70651</stack-size>
<stack-size id="1295">6.3745</stack-size>
<stack-size id="1302">5.84329</stack-size>
<stack-size id="1309">6.3081</stack-size>
<stack-size id="1316">6.77291</stack-size>
<stack-size id="1323">7.23772</stack-size>
<stack-size id="1330">7.10491</stack-size>
<stack-size id="1337">6.97211</stack-size>
<stack-size id="1344">6.83931</stack-size>
<stack-size id="1351">6.0425</stack-size>
<stack-size id="1358">5.84329</stack-size>
<stack-size id="1365">6.3081</stack-size>
<stack-size id="1372">5.64409</stack-size>
<stack-size id="1379">4.98008</stack-size>
<stack-size id="1386">4.71448</stack-size>
<stack-size id="1393">5.17928</stack-size>
<stack-size id="1400">4.91368</stack-size>
<stack-size id="1407">5.37849</stack-size>
<stack-size id="1414">5.84329</stack-size>
<stack-size id="1421">6.3081</stack-size>
<stack-size id="1428">6.77291</stack-size>
<stack-size id="1435">7.23772</stack-size>
<stack-size id="1442">6.64011</stack-size>
<stack-size id="1449">6.3745</stack-size>
<stack-size id="1456">5.90969</stack-size>
<stack-size id="1463">5.71049</stack-size>
<stack-size id="1470">5.57769</stack-size>
<stack-size id="1477">5.44489</stack-size>
<stack-size id="1484">4.64807</stack-size>
<stack-size id="1491">4.44887</stack-size>
<stack-size id="1498">0.199203</stack-size>
<stack-size id="1505">0.664011</stack-size>
<max-stack>302</max-stack>
<front-edges>1505</front-edges>
<back-edges>178</back-edges>
<cross-edges>1014</cross-edges>
<shortest-cycle>10</shortest-cycle>
</dfs-info>
<rw-info>
<coverage step="140">8.10093</coverage>
<coverage step="280">10.6906</coverage>
<coverage step="420">14.741</coverage>
<coverage step="560">16.9323</coverage>
<coverage step="700">20.4515</coverage>
<coverage step="840">24.17</coverage>
<coverage step="980">26.3612</coverage>
<coverage step="1120">28.6189</coverage>
<coverage step="1260">31.2085</coverage>
<coverage step="1400">32.4037</coverage>
<coverage step="1540">34.4622</coverage>
<coverage step="1680">35.4582</coverage>
<coverage step="1820">37.0518</coverage>
<coverage step="1960">37.5166</coverage>
<coverage step="2100">38.4462</coverage>
<coverage step="2240">40.7703</coverage>
<coverage step="2380">41.8327</coverage>
<coverage step="2520">42.5631</coverage>
<coverage step="2660">43.5591</coverage>
<coverage step="2800">44.9535</coverage>
<coverage step="2940">45.2855</coverage>
<coverage step="3080">45.8831</coverage>
<coverage step="3220">47.012</coverage>
<coverage step="3360">47.1448</coverage>
<coverage step="3500">48.008</coverage>
<coverage step="3640">48.8712</coverage>
<coverage step="3780">50.4648</coverage>
<coverage step="3920">51.3944</coverage>
<coverage step="4060">51.5936</coverage>
<coverage step="4200">51.66</coverage>
<coverage step="4340">51.9256</coverage>
<coverage step="4480">51.992</coverage>
<coverage step="4620">52.0584</coverage>
<coverage step="4760">52.1248</coverage>
<coverage step="4900">54.8473</coverage>
<coverage step="5040">55.0465</coverage>
<coverage step="5180">55.2457</coverage>
<coverage step="5320">56.7729</coverage>
<coverage step="5460">57.5033</coverage>
<coverage step="5600">57.5033</coverage>
<coverage step="5740">57.5033</coverage>
<coverage step="5880">57.5033</coverage>
<coverage step="6020">59.0969</coverage>
<coverage step="6160">59.4954</coverage>
<coverage step="6300">59.8274</coverage>
<coverage step="6440">61.0226</coverage>
<coverage step="6580">61.2882</coverage>
<coverage step="6720">61.5538</coverage>
<coverage step="6860">61.6202</coverage>
<coverage step="7000">62.1514</coverage>
<coverage step="7140">62.1514</coverage>
<coverage step="7280">63.413</coverage>
<coverage step="7420">63.4794</coverage>
<coverage step="7560">63.6122</coverage>
<coverage step="7700">64.0106</coverage>
<coverage step="7840">64.0106</coverage>
<coverage step="7980">64.077</coverage>
<coverage step="8120">65.0066</coverage>
<coverage step="8260">65.2722</coverage>
<coverage step="8400">65.2722</coverage>
<coverage step="8540">65.8035</coverage>
<coverage step="8680">65.8035</coverage>
<coverage step="8820">66.8659</coverage>
<coverage step="8960">66.8659</coverage>
<coverage step="9100">66.8659</coverage>
<coverage step="9240">66.9987</coverage>
<coverage step="9380">66.9987</coverage>
<coverage step="9520">66.9987</coverage>
<coverage step="9660">67.3307</coverage>
<coverage step="9800">67.7955</coverage>
<coverage step="9940">67.7955</coverage>
<coverage step="10080">67.9947</coverage>
<coverage step="10220">67.9947</coverage>
<coverage step="10360">68.0611</coverage>
<coverage step="10500">68.1275</coverage>
<coverage step="10640">68.3267</coverage>
<coverage step="10780">69.0571</coverage>
<coverage step="10920">69.0571</coverage>
<coverage step="11060">69.1235</coverage>
<coverage step="11200">69.1235</coverage>
<coverage step="11340">69.1899</coverage>
<coverage step="11480">69.1899</coverage>
<coverage step="11620">69.1899</coverage>
<coverage step="11760">69.4555</coverage>
<coverage step="11900">69.4555</coverage>
<coverage step="12040">69.4555</coverage>
<coverage step="12180">69.4555</coverage>
<coverage step="12320">69.4555</coverage>
<coverage step="12460">69.4555</coverage>
<coverage step="12600">69.4555</coverage>
<coverage step="12740">69.8539</coverage>
<coverage step="12880">69.9203</coverage>
<coverage step="13020">69.9203</coverage>
<coverage step="13160">70.1195</coverage>
<coverage step="13300">70.2523</coverage>
<coverage step="13440">70.3851</coverage>
<coverage step="13580">70.8499</coverage>
<coverage step="13720">70.8499</coverage>
<coverage step="13860">70.9827</coverage>
<coverage step="14000">70.9827</coverage>
<coverage step="14140">71.1155</coverage>
<coverage step="14280">71.1155</coverage>
<coverage step="14420">71.6467</coverage>
<coverage step="14560">71.6467</coverage>
<coverage step="14700">71.9788</coverage>
<coverage step="14840">71.9788</coverage>
<coverage step="14980">72.178</coverage>
<rw-visits order="1">142</rw-visits>
<rw-visits order="6">135</rw-visits>
<rw-visits order="11">106</rw-visits>
<rw-visits order="16">87</rw-visits>
<rw-visits order="21">86</rw-visits>
<rw-visits order="26">75</rw-visits>
<rw-visits order="31">70</rw-visits>
<rw-visits order="36">64</rw-visits>
<rw-visits order="41">62</rw-visits>
<rw-visits order="46">57</rw-visits>
<rw-visits order="51">55</rw-visits>
<rw-visits order="56">53</rw-visits>
<rw-visits order="61">50</rw-visits>
<rw-visits order="66">49</rw-visits>
<rw-visits order="71">48</rw-visits>
<rw-visits order="76">46</rw-visits>
<rw-visits order="81">43</rw-visits>
<rw-visits order="86">42</rw-visits>
<rw-visits order="91">40</rw-visits>
<rw-visits order="96">39</rw-visits>
<rw-visits order="101">38</rw-visits>
<rw-visits order="106">37</rw-visits>
<rw-visits order="111">36</rw-visits>
<rw-visits order="116">34</rw-visits>
<rw-visits order="121">33</rw-visits>
<rw-visits order="126">32</rw-visits>
<rw-visits order="131">31</rw-visits>
<rw-visits order="136">31</rw-visits>
<rw-visits order="141">30</rw-visits>
<rw-visits order="146">29</rw-visits>
<rw-visits order="151">29</rw-visits>
<rw-visits order="156">28</rw-visits>
<rw-visits order="161">28</rw-visits>
<rw-visits order="166">27</rw-visits>
<rw-visits order="171">27</rw-visits>
<rw-visits order="176">26</rw-visits>
<rw-visits order="181">26</rw-visits>
<rw-visits order="186">25</rw-visits>
<rw-visits order="191">24</rw-visits>
<rw-visits order="196">24</rw-visits>
<rw-visits order="201">23</rw-visits>
<rw-visits order="206">22</rw-visits>
<rw-visits order="211">22</rw-visits>
<rw-visits order="216">21</rw-visits>
<rw-visits order="221">21</rw-visits>
<rw-visits order="226">20</rw-visits>
<rw-visits order="231">20</rw-visits>
<rw-visits order="236">20</rw-visits>
<rw-visits order="241">19</rw-visits>
<rw-visits order="246">19</rw-visits>
<rw-visits order="251">19</rw-visits>
<rw-visits order="256">18</rw-visits>
<rw-visits order="261">18</rw-visits>
<rw-visits order="266">18</rw-visits>
<rw-visits order="271">17</rw-visits>
<rw-visits order="276">17</rw-visits>
<rw-visits order="281">17</rw-visits>
<rw-visits order="286">17</rw-visits>
<rw-visits order="291">16</rw-visits>
<rw-visits order="296">16</rw-visits>
<rw-visits order="301">16</rw-visits>
<rw-visits order="306">15</rw-visits>
<rw-visits order="311">14</rw-visits>
<rw-visits order="316">14</rw-visits>
<rw-visits order="321">14</rw-visits>
<rw-visits order="326">14</rw-visits>
<rw-visits order="331">14</rw-visits>
<rw-visits order="336">13</rw-visits>
<rw-visits order="341">13</rw-visits>
<rw-visits order="346">13</rw-visits>
<rw-visits order="351">13</rw-visits>
<rw-visits order="356">12</rw-visits>
<rw-visits order="361">12</rw-visits>
<rw-visits order="366">12</rw-visits>
<rw-visits order="371">11</rw-visits>
<rw-visits order="376">11</rw-visits>
<rw-visits order="381">11</rw-visits>
<rw-visits order="386">11</rw-visits>
<rw-visits order="391">11</rw-visits>
<rw-visits order="396">11</rw-visits>
<rw-visits order="401">10</rw-visits>
<rw-visits order="406">10</rw-visits>
<rw-visits order="411">10</rw-visits>
<rw-visits order="416">10</rw-visits>
<rw-visits order="421">9</rw-visits>
<rw-visits order="426">9</rw-visits>
<rw-visits order="431">9</rw-visits>
<rw-visits order="436">9</rw-visits>
<rw-visits order="441">9</rw-visits>
<rw-visits order="446">8</rw-visits>
<rw-visits order="451">8</rw-visits>
<rw-visits order="456">8</rw-visits>
<rw-visits order="461">8</rw-visits>
<rw-visits order="466">8</rw-visits>
<rw-visits order="471">8</rw-visits>
<rw-visits order="476">8</rw-visits>
<rw-visits order="481">7</rw-visits>
<rw-visits order="486">7</rw-visits>
<rw-visits order="491">7</rw-visits>
<rw-visits order="496">7</rw-visits>
<rw-visits order="501">7</rw-visits>
<rw-visits order="506">7</rw-visits>
<rw-visits order="511">7</rw-visits>
<rw-visits order="516">6</rw-visits>
<rw-visits order="521">6</rw-visits>
<rw-visits order="526">6</rw-visits>
<rw-visits order="531">6</rw-visits>
<rw-visits order="536">6</rw-visits>
<rw-visits order="541">6</rw-visits>
<rw-visits order="546">6</rw-visits>
<rw-visits order="551">6</rw-visits>
<rw-visits order="556">6</rw-visits>
<rw-visits order="561">6</rw-visits>
<rw-visits order="566">5</rw-visits>
<rw-visits order="571">5</rw-visits>
<rw-visits order="576">5</rw-visits>
<rw-visits order="581">5</rw-visits>
<rw-visits order="586">5</rw-visits>
<rw-visits order="591">5</rw-visits>
<rw-visits order="596">5</rw-visits>
<rw-visits order="601">5</rw-visits>
<rw-visits order="606">5</rw-visits>
<rw-visits order="611">5</rw-visits>
<rw-visits order="616">4</rw-visits>
<rw-visits order="621">4</rw-visits>
<rw-visits order="626">4</rw-visits>
<rw-visits order="631">4</rw-visits>
<rw-visits order="636">4</rw-visits>
<rw-visits order="641">4</rw-visits>
<rw-visits order="646">4</rw-visits>
<rw-visits order="651">4</rw-visits>
<rw-visits order="656">4</rw-visits>
<rw-visits order="661">4</rw-visits>
<rw-visits order="666">4</rw-visits>
<rw-visits order="671">4</rw-visits>
<rw-visits order="676">4</rw-visits>
<rw-visits order="681">4</rw-visits>
<rw-visits order="686">3</rw-visits>
<rw-visits order="691">3</rw-visits>
<rw-visits order="696">3</rw-visits>
<rw-visits order="701">3</rw-visits>
<rw-visits order="706">3</rw-visits>
<rw-visits order="711">3</rw-visits>
<rw-visits order="716">3</rw-visits>
<rw-visits order="721">3</rw-visits>
<rw-visits order="726">3</rw-visits>
<rw-visits order="731">3</rw-visits>
<rw-visits order="736">3</rw-visits>
<rw-visits order="741">3</rw-visits>
<rw-visits order="746">3</rw-visits>
<rw-visits order="751">3</rw-visits>
<rw-visits order="756">3</rw-visits>
<rw-visits order="761">3</rw-visits>
<rw-visits order="766">3</rw-visits>
<rw-visits order="771">3</rw-visits>
<rw-visits order="776">3</rw-visits>
<rw-visits order="781">3</rw-visits>
<rw-visits order="786">3</rw-visits>
<rw-visits order="791">2</rw-visits>
<rw-visits order="796">2</rw-visits>
<rw-visits order="801">2</rw-visits>
<rw-visits order="806">2</rw-visits>
<rw-visits order="811">2</rw-visits>
<rw-visits order="816">2</rw-visits>
<rw-visits order="821">2</rw-visits>
<rw-visits order="826">2</rw-visits>
<rw-visits order="831">2</rw-visits>
<rw-visits order="836">2</rw-visits>
<rw-visits order="841">2</rw-visits>
<rw-visits order="846">2</rw-visits>
<rw-visits order="851">2</rw-visits>
<rw-visits order="856">2</rw-visits>
<rw-visits order="861">2</rw-visits>
<rw-visits order="866">2</rw-visits>
<rw-visits order="871">2</rw-visits>
<rw-visits order="876">2</rw-visits>
<rw-visits order="881">2</rw-visits>
<rw-visits order="886">2</rw-visits>
<rw-visits order="891">2</rw-visits>
<rw-visits order="896">2</rw-visits>
<rw-visits order="901">2</rw-visits>
<rw-visits order="906">2</rw-visits>
<rw-visits order="911">2</rw-visits>
<rw-visits order="916">1</rw-visits>
<rw-visits order="921">1</rw-visits>
<rw-visits order="926">1</rw-visits>
<rw-visits order="931">1</rw-visits>
<rw-visits order="936">1</rw-visits>
<rw-visits order="941">1</rw-visits>
<rw-visits order="946">1</rw-visits>
<rw-visits order="951">1</rw-visits>
<rw-visits order="956">1</rw-visits>
<rw-visits order="961">1</rw-visits>
<rw-visits order="966">1</rw-visits>
<rw-visits order="971">1</rw-visits>
<rw-visits order="976">1</rw-visits>
<rw-visits order="981">1</rw-visits>
<rw-visits order="986">1</rw-visits>
<rw-visits order="991">1</rw-visits>
<rw-visits order="996">1</rw-visits>
<rw-visits order="1001">1</rw-visits>
<rw-visits order="1006">1</rw-visits>
<rw-visits order="1011">1</rw-visits>
<rw-visits order="1016">1</rw-visits>
<rw-visits order="1021">1</rw-visits>
<rw-visits order="1026">1</rw-visits>
<rw-visits order="1031">1</rw-visits>
<rw-visits order="1036">1</rw-visits>
<rw-visits order="1041">1</rw-visits>
<rw-visits order="1046">1</rw-visits>
<rw-visits order="1051">1</rw-visits>
<rw-visits order="1056">1</rw-visits>
<rw-visits order="1061">1</rw-visits>
<rw-visits order="1066">1</rw-visits>
<rw-visits order="1071">1</rw-visits>
<rw-visits order="1076">1</rw-visits>
<rw-visits order="1081">1</rw-visits>
<rw-visits order="1086">1</rw-visits>
<final-coverage>72.3772</final-coverage>
</rw-info>
<local-info>
<diamonds>73.6388</diamonds>
<neighborhood k="4">12</neighborhood>
<clustering k="4">1.31682</clustering>
</local-info>
<label-info>
<edge-label id="0.0">232</edge-label>
<edge-label id="0.1">54</edge-label>
<edge-label id="0.2">116</edge-label>
<edge-label id="0.3">127</edge-label>
<edge-label id="0.4">355</edge-label>
<edge-label id="0.5">292</edge-label>
<edge-label id="0.6">84</edge-label>
<edge-label id="0.7">84</edge-label>
<edge-label id="1.0">223</edge-label>
<edge-label id="1.1">54</edge-label>
<edge-label id="1.2">185</edge-label>
<edge-label id="1.3">150</edge-label>
<edge-label id="1.4">293</edge-label>
<edge-label id="1.5">224</edge-label>
<edge-label id="1.6">112</edge-label>
<edge-label id="1.7">112</edge-label>
<state-labels procid="0">
<label id="[{0|0},{0|0}]">34</label>
<label id="[{0|0},{0|1}]">60</label>
<label id="[{0|0},{0|2}]">6</label>
<label id="[{0|0},{0|3}]">12</label>
<label id="[{0|0},{0|4}]">12</label>
<label id="[{0|0},{0|5}]">12</label>
<label id="[{0|0},{0|6}]">12</label>
<label id="[{0|0},{0|7}]">12</label>
<label id="[{0|0},{0|8}]">12</label>
<label id="[{0|0},{0|9}]">12</label>
<label id="[{0|0},{1|0}]">60</label>
<label id="[{0|0},{1|1}]">12</label>
<label id="[{0|0},{1|2}]">12</label>
<label id="[{0|0},{1|3}]">12</label>
<label id="[{0|0},{1|4}]">12</label>
<label id="[{0|0},{1|5}]">12</label>
<label id="[{0|0},{1|6}]">12</label>
<label id="[{0|0},{1|7}]">12</label>
<label id="[{0|0},{1|8}]">12</label>
<label id="[{0|0},{1|9}]">12</label>
<label id="[{0|0},{2|0}]">6</label>
<label id="[{0|0},{2|1}]">24</label>
<label id="[{0|0},{2|3}]">12</label>
<label id="[{0|0},{3|0}]">12</label>
<label id="[{0|0},{3|1}]">24</label>
<label id="[{0|0},{3|2}]">24</label>
<label id="[{0|0},{3|4}]">12</label>
<label id="[{0|0},{4|0}]">12</label>
<label id="[{0|0},{4|1}]">24</label>
<label id="[{0|0},{4|3}]">24</label>
<label id="[{0|0},{4|5}]">12</label>
<label id="[{0|0},{5|0}]">12</label>
<label id="[{0|0},{5|1}]">24</label>
<label id="[{0|0},{5|4}]">24</label>
<label id="[{0|0},{5|6}]">12</label>
<label id="[{0|0},{6|0}]">12</label>
<label id="[{0|0},{6|1}]">24</label>
<label id="[{0|0},{6|5}]">24</label>
<label id="[{0|0},{6|7}]">12</label>
<label id="[{0|0},{7|0}]">12</label>
<label id="[{0|0},{7|1}]">24</label>
<label id="[{0|0},{7|6}]">24</label>
<label id="[{0|0},{7|8}]">12</label>
<label id="[{0|0},{8|0}]">12</label>
<label id="[{0|0},{8|1}]">24</label>
<label id="[{0|0},{8|7}]">24</label>
<label id="[{0|0},{8|9}]">12</label>
<label id="[{0|0},{9|0}]">12</label>
<label id="[{0|0},{9|1}]">24</label>
<label id="[{0|0},{9|8}]">24</label>
<label id="[{0|1},{0|0}]">48</label>
<label id="[{0|1},{1|0}]">72</label>
<label id="[{0|1},{2|0}]">24</label>
<label id="[{0|1},{3|0}]">24</label>
<label id="[{0|1},{4|0}]">24</label>
<label id="[{0|1},{5|0}]">24</label>
<label id="[{0|1},{6|0}]">24</label>
<label id="[{0|1},{7|0}]">24</label>
<label id="[{0|1},{8|0}]">24</label>
<label id="[{0|1},{9|0}]">24</label>
<label id="[{1|0},{0|0}]">39</label>
<label id="[{1|0},{0|1}]">27</label>
<label id="[{1|0},{0|2}]">19</label>
<label id="[{1|0},{0|3}]">19</label>
<label id="[{1|0},{0|4}]">19</label>
<label id="[{1|0},{0|5}]">19</label>
<label id="[{1|0},{0|6}]">19</label>
<label id="[{1|0},{0|7}]">19</label>
<label id="[{1|0},{0|8}]">19</label>
<label id="[{1|0},{0|9}]">19</label>
<label id="[{1|1},{0|0}]">90</label>
</state-labels><state-labels procid="1">
<label id="[0,0,0]">11</label>
<label id="[0,2,0]">69</label>
<label id="[0,2,1]">19</label>
<label id="[0,2,2]">20</label>
<label id="[0,2,3]">20</label>
<label id="[0,2,4]">20</label>
<label id="[0,2,5]">20</label>
<label id="[0,2,6]">20</label>
<label id="[0,2,7]">20</label>
<label id="[0,2,8]">13</label>
<label id="[1,0,0]">85</label>
<label id="[1,1,0]">85</label>
<label id="[1,2,0]">40</label>
<label id="[1,2,1]">10</label>
<label id="[1,2,2]">11</label>
<label id="[1,2,3]">11</label>
<label id="[1,2,4]">11</label>
<label id="[1,2,5]">11</label>
<label id="[1,2,6]">11</label>
<label id="[1,2,7]">11</label>
<label id="[1,2,8]">11</label>
<label id="[1,2,9]">11</label>
<label id="[2,0,0]">49</label>
<label id="[2,0,1]">14</label>
<label id="[2,0,2]">21</label>
<label id="[2,0,3]">21</label>
<label id="[2,0,4]">21</label>
<label id="[2,0,5]">21</label>
<label id="[2,0,6]">21</label>
<label id="[2,0,7]">21</label>
<label id="[2,0,8]">19</label>
<label id="[2,1,0]">49</label>
<label id="[2,1,1]">14</label>
<label id="[2,1,2]">21</label>
<label id="[2,1,3]">21</label>
<label id="[2,1,4]">21</label>
<label id="[2,1,5]">21</label>
<label id="[2,1,6]">21</label>
<label id="[2,1,7]">21</label>
<label id="[2,1,8]">19</label>
<label id="[2,2,0]">31</label>
<label id="[2,2,1]">6</label>
<label id="[2,2,2]">7</label>
<label id="[2,2,3]">7</label>
<label id="[2,2,4]">7</label>
<label id="[2,2,5]">7</label>
<label id="[2,2,6]">7</label>
<label id="[2,2,7]">7</label>
<label id="[2,2,8]">5</label>
<label id="[3,0,0]">49</label>
<label id="[3,0,1]">14</label>
<label id="[3,0,2]">21</label>
<label id="[3,0,3]">21</label>
<label id="[3,0,4]">21</label>
<label id="[3,0,5]">21</label>
<label id="[3,0,6]">21</label>
<label id="[3,0,7]">21</label>
<label id="[3,0,8]">19</label>
<label id="[3,1,0]">31</label>
<label id="[3,1,1]">12</label>
<label id="[3,1,2]">19</label>
<label id="[3,1,3]">19</label>
<label id="[3,1,4]">19</label>
<label id="[3,1,5]">19</label>
<label id="[3,1,6]">19</label>
<label id="[3,1,7]">19</label>
<label id="[3,1,8]">17</label>
<label id="[4,2,0]">31</label>
<label id="[4,2,1]">6</label>
<label id="[4,2,2]">7</label>
<label id="[4,2,3]">7</label>
<label id="[4,2,4]">7</label>
<label id="[4,2,5]">7</label>
<label id="[4,2,6]">7</label>
<label id="[4,2,7]">7</label>
<label id="[4,2,8]">5</label>
</state-labels><state-labels procid="2">
<label id="[0,0,0]">11</label>
<label id="[0,2,0]">68</label>
<label id="[0,2,1]">18</label>
<label id="[0,2,2]">19</label>
<label id="[0,2,3]">19</label>
<label id="[0,2,4]">19</label>
<label id="[0,2,5]">19</label>
<label id="[0,2,6]">19</label>
<label id="[0,2,7]">19</label>
<label id="[0,2,8]">12</label>
<label id="[1,0,0]">76</label>
<label id="[1,1,0]">49</label>
<label id="[1,1,1]">10</label>
<label id="[1,1,2]">13</label>
<label id="[1,1,3]">13</label>
<label id="[1,1,4]">13</label>
<label id="[1,1,5]">13</label>
<label id="[1,1,6]">13</label>
<label id="[1,1,7]">13</label>
<label id="[1,1,8]">13</label>
<label id="[1,1,9]">13</label>
<label id="[1,2,0]">49</label>
<label id="[1,2,1]">10</label>
<label id="[1,2,2]">13</label>
<label id="[1,2,3]">13</label>
<label id="[1,2,4]">13</label>
<label id="[1,2,5]">13</label>
<label id="[1,2,6]">13</label>
<label id="[1,2,7]">13</label>
<label id="[1,2,8]">13</label>
<label id="[1,2,9]">13</label>
<label id="[2,0,0]">60</label>
<label id="[2,0,1]">15</label>
<label id="[2,0,2]">22</label>
<label id="[2,0,3]">22</label>
<label id="[2,0,4]">22</label>
<label id="[2,0,5]">22</label>
<label id="[2,0,6]">22</label>
<label id="[2,0,7]">22</label>
<label id="[2,0,8]">18</label>
<label id="[2,1,0]">45</label>
<label id="[2,1,1]">8</label>
<label id="[2,1,2]">9</label>
<label id="[2,1,3]">9</label>
<label id="[2,1,4]">9</label>
<label id="[2,1,5]">9</label>
<label id="[2,1,6]">9</label>
<label id="[2,1,7]">9</label>
<label id="[2,1,8]">5</label>
<label id="[2,2,0]">45</label>
<label id="[2,2,1]">8</label>
<label id="[2,2,2]">9</label>
<label id="[2,2,3]">9</label>
<label id="[2,2,4]">9</label>
<label id="[2,2,5]">9</label>
<label id="[2,2,6]">9</label>
<label id="[2,2,7]">9</label>
<label id="[2,2,8]">5</label>
<label id="[3,0,0]">51</label>
<label id="[3,0,1]">14</label>
<label id="[3,0,2]">21</label>
<label id="[3,0,3]">21</label>
<label id="[3,0,4]">21</label>
<label id="[3,0,5]">21</label>
<label id="[3,0,6]">21</label>
<label id="[3,0,7]">21</label>
<label id="[3,0,8]">17</label>
<label id="[3,1,0]">45</label>
<label id="[3,1,1]">8</label>
<label id="[3,1,2]">9</label>
<label id="[3,1,3]">9</label>
<label id="[3,1,4]">9</label>
<label id="[3,1,5]">9</label>
<label id="[3,1,6]">9</label>
<label id="[3,1,7]">9</label>
<label id="[3,1,8]">5</label>
<label id="[4,2,0]">45</label>
<label id="[4,2,1]">8</label>
<label id="[4,2,2]">9</label>
<label id="[4,2,3]">9</label>
<label id="[4,2,4]">9</label>
<label id="[4,2,5]">9</label>
<label id="[4,2,6]">9</label>
<label id="[4,2,7]">9</label>
<label id="[4,2,8]">5</label>
</state-labels></label-info>
</state-space-info>
