<?xml version="1.0"?>
<!DOCTYPE state-space-info SYSTEM "../../state_space_info.dtd">


<state-space-info>
<states>32919</states>
<edges>85061</edges>
<bfs-info>
 <levels>117</levels>
<max-level>775</max-level>

<back-level-edges>10235</back-level-edges>
<max-back-level-edge>64</max-back-level-edge>
<avg-back-level-edge>27.426</avg-back-level-edge>
<bfs-levels>
<level id="0"><states>1</states><edges>3</edges></level>
<level id="1"><states>3</states><edges>9</edges></level>
<level id="2"><states>6</states><edges>18</edges></level>
<level id="3"><states>10</states><edges>30</edges></level>
<level id="4"><states>15</states><edges>45</edges></level>
<level id="5"><states>21</states><edges>63</edges></level>
<level id="6"><states>28</states><edges>82</edges></level>
<level id="7"><states>38</states><edges>110</edges></level>
<level id="8"><states>53</states><edges>150</edges></level>
<level id="9"><states>75</states><edges>208</edges></level>
<level id="10"><states>102</states><edges>281</edges></level>
<level id="11"><states>137</states><edges>368</edges></level>
<level id="12"><states>174</states><edges>464</edges></level>
<level id="13"><states>216</states><edges>564</edges></level>
<level id="14"><states>251</states><edges>650</edges></level>
<level id="15"><states>282</states><edges>735</edges></level>
<level id="16"><states>313</states><edges>804</edges></level>
<level id="17"><states>336</states><edges>860</edges></level>
<level id="18"><states>351</states><edges>905</edges></level>
<level id="19"><states>362</states><edges>939</edges></level>
<level id="20"><states>375</states><edges>984</edges></level>
<level id="21"><states>387</states><edges>1010</edges></level>
<level id="22"><states>394</states><edges>1030</edges></level>
<level id="23"><states>397</states><edges>1041</edges></level>
<level id="24"><states>409</states><edges>1063</edges></level>
<level id="25"><states>419</states><edges>1104</edges></level>
<level id="26"><states>436</states><edges>1137</edges></level>
<level id="27"><states>438</states><edges>1147</edges></level>
<level id="28"><states>444</states><edges>1165</edges></level>
<level id="29"><states>449</states><edges>1168</edges></level>
<level id="30"><states>452</states><edges>1173</edges></level>
<level id="31"><states>449</states><edges>1172</edges></level>
<level id="32"><states>446</states><edges>1171</edges></level>
<level id="33"><states>460</states><edges>1225</edges></level>
<level id="34"><states>486</states><edges>1290</edges></level>
<level id="35"><states>526</states><edges>1397</edges></level>
<level id="36"><states>561</states><edges>1509</edges></level>
<level id="37"><states>628</states><edges>1662</edges></level>
<level id="38"><states>677</states><edges>1810</edges></level>
<level id="39"><states>724</states><edges>1895</edges></level>
<level id="40"><states>734</states><edges>1924</edges></level>
<level id="41"><states>757</states><edges>1975</edges></level>
<level id="42"><states>771</states><edges>1984</edges></level>
<level id="43"><states>775</states><edges>1980</edges></level>
<level id="44"><states>752</states><edges>1924</edges></level>
<level id="45"><states>713</states><edges>1832</edges></level>
<level id="46"><states>702</states><edges>1825</edges></level>
<level id="47"><states>707</states><edges>1836</edges></level>
<level id="48"><states>728</states><edges>1876</edges></level>
<level id="49"><states>717</states><edges>1872</edges></level>
<level id="50"><states>748</states><edges>1921</edges></level>
<level id="51"><states>752</states><edges>1946</edges></level>
<level id="52"><states>740</states><edges>1862</edges></level>
<level id="53"><states>676</states><edges>1714</edges></level>
<level id="54"><states>653</states><edges>1644</edges></level>
<level id="55"><states>630</states><edges>1572</edges></level>
<level id="56"><states>611</states><edges>1519</edges></level>
<level id="57"><states>579</states><edges>1445</edges></level>
<level id="58"><states>526</states><edges>1315</edges></level>
<level id="59"><states>500</states><edges>1258</edges></level>
<level id="60"><states>483</states><edges>1205</edges></level>
<level id="61"><states>472</states><edges>1169</edges></level>
<level id="62"><states>447</states><edges>1134</edges></level>
<level id="63"><states>452</states><edges>1120</edges></level>
<level id="64"><states>433</states><edges>1086</edges></level>
<level id="65"><states>384</states><edges>927</edges></level>
<level id="66"><states>318</states><edges>782</edges></level>
<level id="67"><states>298</states><edges>724</edges></level>
<level id="68"><states>274</states><edges>669</edges></level>
<level id="69"><states>259</states><edges>631</edges></level>
<level id="70"><states>228</states><edges>555</edges></level>
<level id="71"><states>192</states><edges>471</edges></level>
<level id="72"><states>169</states><edges>423</edges></level>
<level id="73"><states>152</states><edges>382</edges></level>
<level id="74"><states>140</states><edges>356</edges></level>
<level id="75"><states>127</states><edges>337</edges></level>
<level id="76"><states>129</states><edges>335</edges></level>
<level id="77"><states>121</states><edges>320</edges></level>
<level id="78"><states>102</states><edges>268</edges></level>
<level id="79"><states>83</states><edges>227</edges></level>
<level id="80"><states>79</states><edges>214</edges></level>
<level id="81"><states>71</states><edges>195</edges></level>
<level id="82"><states>67</states><edges>184</edges></level>
<level id="83"><states>60</states><edges>166</edges></level>
<level id="84"><states>52</states><edges>145</edges></level>
<level id="85"><states>52</states><edges>145</edges></level>
<level id="86"><states>55</states><edges>153</edges></level>
<level id="87"><states>62</states><edges>169</edges></level>
<level id="88"><states>65</states><edges>185</edges></level>
<level id="89"><states>77</states><edges>209</edges></level>
<level id="90"><states>79</states><edges>218</edges></level>
<level id="91"><states>75</states><edges>201</edges></level>
<level id="92"><states>67</states><edges>186</edges></level>
<level id="93"><states>66</states><edges>180</edges></level>
<level id="94"><states>62</states><edges>169</edges></level>
<level id="95"><states>60</states><edges>164</edges></level>
<level id="96"><states>55</states><edges>150</edges></level>
<level id="97"><states>44</states><edges>123</edges></level>
<level id="98"><states>39</states><edges>108</edges></level>
<level id="99"><states>36</states><edges>102</edges></level>
<level id="100"><states>38</states><edges>103</edges></level>
<level id="101"><states>35</states><edges>101</edges></level>
<level id="102"><states>39</states><edges>107</edges></level>
<level id="103"><states>37</states><edges>102</edges></level>
<level id="104"><states>28</states><edges>74</edges></level>
<level id="105"><states>24</states><edges>67</edges></level>
<level id="106"><states>25</states><edges>68</edges></level>
<level id="107"><states>23</states><edges>62</edges></level>
<level id="108"><states>21</states><edges>58</edges></level>
<level id="109"><states>18</states><edges>49</edges></level>
<level id="110"><states>13</states><edges>36</edges></level>
<level id="111"><states>10</states><edges>27</edges></level>
<level id="112"><states>7</states><edges>19</edges></level>
<level id="113"><states>5</states><edges>13</edges></level>
<level id="114"><states>3</states><edges>9</edges></level>
<level id="115"><states>3</states><edges>8</edges></level>
<level id="116"><states>2</states><edges>6</edges></level>
</bfs-levels>
<back-level-length id="0">0</back-level-length>
<back-level-length id="1">0</back-level-length>
<back-level-length id="2">0</back-level-length>
<back-level-length id="3">0</back-level-length>
<back-level-length id="4">0</back-level-length>
<back-level-length id="5">0</back-level-length>
<back-level-length id="6">0</back-level-length>
<back-level-length id="7">0</back-level-length>
<back-level-length id="8">0</back-level-length>
<back-level-length id="9">0</back-level-length>
<back-level-length id="10">0</back-level-length>
<back-level-length id="11">0</back-level-length>
<back-level-length id="12">45.3835</back-level-length>
<back-level-length id="13">0</back-level-length>
<back-level-length id="14">0</back-level-length>
<back-level-length id="15">0</back-level-length>
<back-level-length id="16">0</back-level-length>
<back-level-length id="17">0</back-level-length>
<back-level-length id="18">0</back-level-length>
<back-level-length id="19">0</back-level-length>
<back-level-length id="20">0</back-level-length>
<back-level-length id="21">0</back-level-length>
<back-level-length id="22">0</back-level-length>
<back-level-length id="23">0</back-level-length>
<back-level-length id="24">0</back-level-length>
<back-level-length id="25">14.4211</back-level-length>
<back-level-length id="26">0</back-level-length>
<back-level-length id="27">0</back-level-length>
<back-level-length id="28">0</back-level-length>
<back-level-length id="29">0</back-level-length>
<back-level-length id="30">0</back-level-length>
<back-level-length id="31">0</back-level-length>
<back-level-length id="32">0</back-level-length>
<back-level-length id="33">0</back-level-length>
<back-level-length id="34">0</back-level-length>
<back-level-length id="35">0</back-level-length>
<back-level-length id="36">0</back-level-length>
<back-level-length id="37">0</back-level-length>
<back-level-length id="38">16.9712</back-level-length>
<back-level-length id="39">0</back-level-length>
<back-level-length id="40">0</back-level-length>
<back-level-length id="41">0</back-level-length>
<back-level-length id="42">0</back-level-length>
<back-level-length id="43">0</back-level-length>
<back-level-length id="44">0</back-level-length>
<back-level-length id="45">0</back-level-length>
<back-level-length id="46">0</back-level-length>
<back-level-length id="47">0</back-level-length>
<back-level-length id="48">0</back-level-length>
<back-level-length id="49">0</back-level-length>
<back-level-length id="50">0</back-level-length>
<back-level-length id="51">22.5989</back-level-length>
<back-level-length id="52">0</back-level-length>
<back-level-length id="53">0</back-level-length>
<back-level-length id="54">0</back-level-length>
<back-level-length id="55">0</back-level-length>
<back-level-length id="56">0</back-level-length>
<back-level-length id="57">0</back-level-length>
<back-level-length id="58">0</back-level-length>
<back-level-length id="59">0</back-level-length>
<back-level-length id="60">0</back-level-length>
<back-level-length id="61">0</back-level-length>
<back-level-length id="62">0</back-level-length>
<back-level-length id="63">0</back-level-length>
<back-level-length id="64">0.625305</back-level-length>
</bfs-info>
<degrees>
<avg>2.58395</avg>
<max-in>15</max-in>
<max-out>3</max-out>
<degree id="0"><in>1</in><out>51</out></degree>
<degree id="1"><in>5042</in><out>1563</out></degree>
<degree id="2"><in>15455</in><out>10417</out></degree>
<degree id="3"><in>8956</in><out>20888</out></degree>
<degree id="4"><in>389</in><out>0</out></degree>
<degree id="5"><in>198</in><out>0</out></degree>
<degree id="6"><in>1125</in><out>0</out></degree>
<degree id="7"><in>1550</in><out>0</out></degree>
<degree id="8"><in>21</in><out>0</out></degree>
<degree id="9"><in>17</in><out>0</out></degree>
<degree id="10"><in>45</in><out>0</out></degree>
<degree id="11"><in>119</in><out>0</out></degree>
<degree id="12"><in>0</in><out>0</out></degree>
<degree id="13"><in>0</in><out>0</out></degree>
<degree id="14"><in>0</in><out>0</out></degree>
<degree id="15"><in>1</in><out>0</out></degree>
</degrees>
<scc-info>
<count>5123</count>
<height>30</height>
<nontrivial-height>4</nontrivial-height>
<trivial>5116</trivial>
<terminal>51</terminal>
<largest>25071</largest>
<largest-position> </largest-position>
</scc-info>
<dfs-info>
<stack-size id="164">0.397946</stack-size>
<stack-size id="328">0.388833</stack-size>
<stack-size id="492">0.388833</stack-size>
<stack-size id="656">0.771591</stack-size>
<stack-size id="820">0.966007</stack-size>
<stack-size id="984">0.941705</stack-size>
<stack-size id="1148">1.06018</stack-size>
<stack-size id="1312">1.11182</stack-size>
<stack-size id="1476">1.53103</stack-size>
<stack-size id="1640">1.78013</stack-size>
<stack-size id="1804">1.81354</stack-size>
<stack-size id="1968">2.1082</stack-size>
<stack-size id="2132">2.48185</stack-size>
<stack-size id="2296">2.92232</stack-size>
<stack-size id="2460">3.34154</stack-size>
<stack-size id="2624">3.5481</stack-size>
<stack-size id="2788">3.58456</stack-size>
<stack-size id="2952">3.73948</stack-size>
<stack-size id="3116">4.01592</stack-size>
<stack-size id="3280">4.07667</stack-size>
<stack-size id="3444">4.26805</stack-size>
<stack-size id="3608">4.43817</stack-size>
<stack-size id="3772">4.62347</stack-size>
<stack-size id="3936">4.80574</stack-size>
<stack-size id="4100">4.83915</stack-size>
<stack-size id="4264">4.89991</stack-size>
<stack-size id="4428">5.0123</stack-size>
<stack-size id="4592">5.3981</stack-size>
<stack-size id="4756">5.51353</stack-size>
<stack-size id="4920">5.45278</stack-size>
<stack-size id="5084">5.53176</stack-size>
<stack-size id="5248">5.51657</stack-size>
<stack-size id="5412">5.46189</stack-size>
<stack-size id="5576">5.74744</stack-size>
<stack-size id="5740">6.16969</stack-size>
<stack-size id="5904">6.24563</stack-size>
<stack-size id="6068">6.22741</stack-size>
<stack-size id="6232">6.40663</stack-size>
<stack-size id="6396">6.62535</stack-size>
<stack-size id="6560">6.68915</stack-size>
<stack-size id="6724">6.68003</stack-size>
<stack-size id="6888">6.79547</stack-size>
<stack-size id="7052">6.73775</stack-size>
<stack-size id="7216">6.73775</stack-size>
<stack-size id="7380">6.72864</stack-size>
<stack-size id="7544">7.0233</stack-size>
<stack-size id="7708">7.20253</stack-size>
<stack-size id="7872">7.14481</stack-size>
<stack-size id="8036">7.22379</stack-size>
<stack-size id="8200">7.19341</stack-size>
<stack-size id="8364">7.21164</stack-size>
<stack-size id="8528">7.20557</stack-size>
<stack-size id="8692">7.16304</stack-size>
<stack-size id="8856">7.19038</stack-size>
<stack-size id="9020">7.16</stack-size>
<stack-size id="9184">7.20557</stack-size>
<stack-size id="9348">7.1357</stack-size>
<stack-size id="9512">7.29062</stack-size>
<stack-size id="9676">7.51238</stack-size>
<stack-size id="9840">7.55187</stack-size>
<stack-size id="10004">7.70983</stack-size>
<stack-size id="10168">7.72198</stack-size>
<stack-size id="10332">7.95285</stack-size>
<stack-size id="10496">8.15638</stack-size>
<stack-size id="10660">8.2384</stack-size>
<stack-size id="10824">8.22321</stack-size>
<stack-size id="10988">8.24752</stack-size>
<stack-size id="11152">8.37814</stack-size>
<stack-size id="11316">8.35991</stack-size>
<stack-size id="11480">8.42674</stack-size>
<stack-size id="11644">8.66977</stack-size>
<stack-size id="11808">8.61812</stack-size>
<stack-size id="11972">8.57863</stack-size>
<stack-size id="12136">8.60293</stack-size>
<stack-size id="12300">8.61812</stack-size>
<stack-size id="12464">8.7366</stack-size>
<stack-size id="12628">9.04341</stack-size>
<stack-size id="12792">9.04037</stack-size>
<stack-size id="12956">9.01607</stack-size>
<stack-size id="13120">9.00999</stack-size>
<stack-size id="13284">9.12239</stack-size>
<stack-size id="13448">9.11632</stack-size>
<stack-size id="13612">9.09505</stack-size>
<stack-size id="13776">9.23479</stack-size>
<stack-size id="13940">9.38364</stack-size>
<stack-size id="14104">9.332</stack-size>
<stack-size id="14268">9.37149</stack-size>
<stack-size id="14432">9.5173</stack-size>
<stack-size id="14596">9.59628</stack-size>
<stack-size id="14760">9.53856</stack-size>
<stack-size id="14924">9.5416</stack-size>
<stack-size id="15088">9.69653</stack-size>
<stack-size id="15252">9.74817</stack-size>
<stack-size id="15416">9.69045</stack-size>
<stack-size id="15580">9.67526</stack-size>
<stack-size id="15744">9.57806</stack-size>
<stack-size id="15908">9.55072</stack-size>
<stack-size id="16072">9.58717</stack-size>
<stack-size id="16236">9.58413</stack-size>
<stack-size id="16400">9.6297</stack-size>
<stack-size id="16564">9.89094</stack-size>
<stack-size id="16728">9.81196</stack-size>
<stack-size id="16892">9.76943</stack-size>
<stack-size id="17056">9.79981</stack-size>
<stack-size id="17220">9.85449</stack-size>
<stack-size id="17384">9.86057</stack-size>
<stack-size id="17548">9.85449</stack-size>
<stack-size id="17712">9.815</stack-size>
<stack-size id="17876">9.7907</stack-size>
<stack-size id="18040">10.1218</stack-size>
<stack-size id="18204">10.1066</stack-size>
<stack-size id="18368">10.0641</stack-size>
<stack-size id="18532">10.1917</stack-size>
<stack-size id="18696">10.1735</stack-size>
<stack-size id="18860">10.2585</stack-size>
<stack-size id="19024">10.1947</stack-size>
<stack-size id="19188">10.1643</stack-size>
<stack-size id="19352">10.2737</stack-size>
<stack-size id="19516">10.2616</stack-size>
<stack-size id="19680">10.3405</stack-size>
<stack-size id="19844">10.3679</stack-size>
<stack-size id="20008">10.3922</stack-size>
<stack-size id="20172">10.5441</stack-size>
<stack-size id="20336">10.5927</stack-size>
<stack-size id="20500">10.6291</stack-size>
<stack-size id="20664">10.5714</stack-size>
<stack-size id="20828">10.5167</stack-size>
<stack-size id="20992">10.6322</stack-size>
<stack-size id="21156">10.6322</stack-size>
<stack-size id="21320">10.5987</stack-size>
<stack-size id="21484">10.4985</stack-size>
<stack-size id="21648">10.5228</stack-size>
<stack-size id="21812">10.5349</stack-size>
<stack-size id="21976">10.5593</stack-size>
<stack-size id="22140">10.5836</stack-size>
<stack-size id="22304">10.6048</stack-size>
<stack-size id="22468">10.6079</stack-size>
<stack-size id="22632">10.6868</stack-size>
<stack-size id="22796">10.6565</stack-size>
<stack-size id="22960">10.6747</stack-size>
<stack-size id="23124">10.5775</stack-size>
<stack-size id="23288">10.5137</stack-size>
<stack-size id="23452">10.6413</stack-size>
<stack-size id="23616">10.623</stack-size>
<stack-size id="23780">10.6109</stack-size>
<stack-size id="23944">10.5684</stack-size>
<stack-size id="24108">10.6322</stack-size>
<stack-size id="24272">10.62</stack-size>
<stack-size id="24436">10.5501</stack-size>
<stack-size id="24600">10.5927</stack-size>
<stack-size id="24764">10.6018</stack-size>
<stack-size id="24928">10.3891</stack-size>
<stack-size id="25092">10.3922</stack-size>
<stack-size id="25256">9.99119</stack-size>
<stack-size id="25420">9.91525</stack-size>
<stack-size id="25584">9.29554</stack-size>
<stack-size id="25748">8.87937</stack-size>
<stack-size id="25912">9.07379</stack-size>
<stack-size id="26076">8.48446</stack-size>
<stack-size id="26240">8.41459</stack-size>
<stack-size id="26404">8.68799</stack-size>
<stack-size id="26568">8.61205</stack-size>
<stack-size id="26732">8.49054</stack-size>
<stack-size id="26896">8.18069</stack-size>
<stack-size id="27060">8.22625</stack-size>
<stack-size id="27224">8.32346</stack-size>
<stack-size id="27388">8.32346</stack-size>
<stack-size id="27552">8.17157</stack-size>
<stack-size id="27716">7.39694</stack-size>
<stack-size id="27880">7.06583</stack-size>
<stack-size id="28044">7.07494</stack-size>
<stack-size id="28208">7.0233</stack-size>
<stack-size id="28372">7.02634</stack-size>
<stack-size id="28536">7.06583</stack-size>
<stack-size id="28700">7.01115</stack-size>
<stack-size id="28864">6.09375</stack-size>
<stack-size id="29028">5.5348</stack-size>
<stack-size id="29192">4.4169</stack-size>
<stack-size id="29356">3.99162</stack-size>
<stack-size id="29520">3.95212</stack-size>
<stack-size id="29684">2.73398</stack-size>
<stack-size id="29848">1.95632</stack-size>
<stack-size id="30012">0.640967</stack-size>
<stack-size id="30176">0.382758</stack-size>
<stack-size id="30340">0.774629</stack-size>
<stack-size id="30504">0.777666</stack-size>
<stack-size id="30668">0.397946</stack-size>
<stack-size id="30832">0.270361</stack-size>
<stack-size id="30996">0.388833</stack-size>
<stack-size id="31160">0.644005</stack-size>
<stack-size id="31324">0.874875</stack-size>
<stack-size id="31488">0.7321</stack-size>
<stack-size id="31652">0.288587</stack-size>
<stack-size id="31816">0.318965</stack-size>
<stack-size id="31980">0.355418</stack-size>
<stack-size id="32144">0.571099</stack-size>
<stack-size id="32308">0.899177</stack-size>
<stack-size id="32472">1.05714</stack-size>
<stack-size id="32636">0.726024</stack-size>
<stack-size id="32800">0.589325</stack-size>
<max-stack>3534</max-stack>
<front-edges>32918</front-edges>
<back-edges>4645</back-edges>
<cross-edges>47498</cross-edges>
<shortest-cycle>13</shortest-cycle>
</dfs-info>
<rw-info>
<coverage step="3280">5.54695</coverage>
<coverage step="6560">8.58775</coverage>
<coverage step="9840">10.7354</coverage>
<coverage step="13120">12.5459</coverage>
<coverage step="16400">14.3899</coverage>
<coverage step="19680">15.6536</coverage>
<coverage step="22960">16.328</coverage>
<coverage step="26240">17.2514</coverage>
<coverage step="29520">18.1172</coverage>
<coverage step="32800">18.8736</coverage>
<coverage step="36080">19.7029</coverage>
<coverage step="39360">20.3864</coverage>
<coverage step="42640">20.8269</coverage>
<coverage step="45920">21.2643</coverage>
<coverage step="49200">21.7655</coverage>
<coverage step="52480">22.203</coverage>
<coverage step="55760">22.5706</coverage>
<coverage step="59040">22.9442</coverage>
<coverage step="62320">23.2844</coverage>
<coverage step="65600">23.573</coverage>
<coverage step="68880">23.8251</coverage>
<coverage step="72160">24.3264</coverage>
<coverage step="75440">24.7213</coverage>
<coverage step="78720">25.101</coverage>
<coverage step="82000">25.3531</coverage>
<coverage step="85280">25.6205</coverage>
<coverage step="88560">25.7602</coverage>
<coverage step="91840">26.0214</coverage>
<coverage step="95120">26.2159</coverage>
<coverage step="98400">26.4407</coverage>
<coverage step="101680">26.5986</coverage>
<coverage step="104960">26.8295</coverage>
<coverage step="108240">27.0634</coverage>
<coverage step="111520">27.2396</coverage>
<coverage step="114800">27.4948</coverage>
<coverage step="118080">27.7317</coverage>
<coverage step="121360">27.8927</coverage>
<coverage step="124640">28.0598</coverage>
<coverage step="127920">28.3332</coverage>
<coverage step="131200">28.5397</coverage>
<coverage step="134480">28.6461</coverage>
<coverage step="137760">28.7645</coverage>
<coverage step="141040">29.0531</coverage>
<coverage step="144320">29.1929</coverage>
<coverage step="147600">29.287</coverage>
<coverage step="150880">29.3478</coverage>
<coverage step="154160">29.4389</coverage>
<coverage step="157440">29.6607</coverage>
<coverage step="160720">29.8035</coverage>
<coverage step="164000">30.01</coverage>
<coverage step="167280">30.2166</coverage>
<coverage step="170560">30.2986</coverage>
<coverage step="173840">30.408</coverage>
<coverage step="177120">30.49</coverage>
<coverage step="180400">30.6024</coverage>
<coverage step="183680">30.6935</coverage>
<coverage step="186960">30.7604</coverage>
<coverage step="190240">30.8727</coverage>
<coverage step="193520">31.0398</coverage>
<coverage step="196800">31.1917</coverage>
<coverage step="200080">31.3041</coverage>
<coverage step="203360">31.4135</coverage>
<coverage step="206640">31.5107</coverage>
<coverage step="209920">31.6443</coverage>
<coverage step="213200">31.7932</coverage>
<coverage step="216480">31.9056</coverage>
<coverage step="219760">31.9815</coverage>
<coverage step="223040">32.0362</coverage>
<coverage step="226320">32.1243</coverage>
<coverage step="229600">32.2094</coverage>
<coverage step="232880">32.34</coverage>
<coverage step="236160">32.5526</coverage>
<coverage step="239440">32.6286</coverage>
<coverage step="242720">32.6984</coverage>
<coverage step="246000">32.8503</coverage>
<coverage step="249280">32.8959</coverage>
<coverage step="252560">32.9445</coverage>
<coverage step="255840">33.1511</coverage>
<coverage step="259120">33.2544</coverage>
<coverage step="262400">33.3394</coverage>
<coverage step="265680">33.3546</coverage>
<coverage step="268960">33.5186</coverage>
<coverage step="272240">33.6189</coverage>
<coverage step="275520">33.6584</coverage>
<coverage step="278800">33.7161</coverage>
<coverage step="282080">33.8011</coverage>
<coverage step="285360">33.8649</coverage>
<coverage step="288640">33.9075</coverage>
<coverage step="291920">33.9773</coverage>
<coverage step="295200">34.032</coverage>
<coverage step="298480">34.0502</coverage>
<coverage step="301760">34.1566</coverage>
<coverage step="305040">34.3935</coverage>
<coverage step="308320">34.4573</coverage>
<coverage step="311600">34.5576</coverage>
<coverage step="314880">34.673</coverage>
<coverage step="318160">34.7003</coverage>
<coverage step="321440">34.7975</coverage>
<coverage step="324720">34.8613</coverage>
<coverage step="328000">34.9251</coverage>
<rw-visits order="1">4721</rw-visits>
<rw-visits order="58">499</rw-visits>
<rw-visits order="115">343</rw-visits>
<rw-visits order="172">265</rw-visits>
<rw-visits order="229">227</rw-visits>
<rw-visits order="286">206</rw-visits>
<rw-visits order="343">182</rw-visits>
<rw-visits order="400">164</rw-visits>
<rw-visits order="457">150</rw-visits>
<rw-visits order="514">140</rw-visits>
<rw-visits order="571">129</rw-visits>
<rw-visits order="628">121</rw-visits>
<rw-visits order="685">113</rw-visits>
<rw-visits order="742">106</rw-visits>
<rw-visits order="799">99</rw-visits>
<rw-visits order="856">93</rw-visits>
<rw-visits order="913">88</rw-visits>
<rw-visits order="970">84</rw-visits>
<rw-visits order="1027">81</rw-visits>
<rw-visits order="1084">77</rw-visits>
<rw-visits order="1141">72</rw-visits>
<rw-visits order="1198">69</rw-visits>
<rw-visits order="1255">65</rw-visits>
<rw-visits order="1312">63</rw-visits>
<rw-visits order="1369">60</rw-visits>
<rw-visits order="1426">57</rw-visits>
<rw-visits order="1483">54</rw-visits>
<rw-visits order="1540">52</rw-visits>
<rw-visits order="1597">49</rw-visits>
<rw-visits order="1654">48</rw-visits>
<rw-visits order="1711">46</rw-visits>
<rw-visits order="1768">44</rw-visits>
<rw-visits order="1825">43</rw-visits>
<rw-visits order="1882">41</rw-visits>
<rw-visits order="1939">40</rw-visits>
<rw-visits order="1996">39</rw-visits>
<rw-visits order="2053">37</rw-visits>
<rw-visits order="2110">36</rw-visits>
<rw-visits order="2167">35</rw-visits>
<rw-visits order="2224">34</rw-visits>
<rw-visits order="2281">32</rw-visits>
<rw-visits order="2338">31</rw-visits>
<rw-visits order="2395">30</rw-visits>
<rw-visits order="2452">29</rw-visits>
<rw-visits order="2509">28</rw-visits>
<rw-visits order="2566">27</rw-visits>
<rw-visits order="2623">26</rw-visits>
<rw-visits order="2680">26</rw-visits>
<rw-visits order="2737">25</rw-visits>
<rw-visits order="2794">24</rw-visits>
<rw-visits order="2851">23</rw-visits>
<rw-visits order="2908">23</rw-visits>
<rw-visits order="2965">22</rw-visits>
<rw-visits order="3022">21</rw-visits>
<rw-visits order="3079">21</rw-visits>
<rw-visits order="3136">20</rw-visits>
<rw-visits order="3193">20</rw-visits>
<rw-visits order="3250">19</rw-visits>
<rw-visits order="3307">19</rw-visits>
<rw-visits order="3364">19</rw-visits>
<rw-visits order="3421">18</rw-visits>
<rw-visits order="3478">18</rw-visits>
<rw-visits order="3535">17</rw-visits>
<rw-visits order="3592">17</rw-visits>
<rw-visits order="3649">16</rw-visits>
<rw-visits order="3706">16</rw-visits>
<rw-visits order="3763">15</rw-visits>
<rw-visits order="3820">15</rw-visits>
<rw-visits order="3877">14</rw-visits>
<rw-visits order="3934">14</rw-visits>
<rw-visits order="3991">14</rw-visits>
<rw-visits order="4048">13</rw-visits>
<rw-visits order="4105">13</rw-visits>
<rw-visits order="4162">13</rw-visits>
<rw-visits order="4219">12</rw-visits>
<rw-visits order="4276">12</rw-visits>
<rw-visits order="4333">12</rw-visits>
<rw-visits order="4390">11</rw-visits>
<rw-visits order="4447">11</rw-visits>
<rw-visits order="4504">11</rw-visits>
<rw-visits order="4561">11</rw-visits>
<rw-visits order="4618">10</rw-visits>
<rw-visits order="4675">10</rw-visits>
<rw-visits order="4732">10</rw-visits>
<rw-visits order="4789">9</rw-visits>
<rw-visits order="4846">9</rw-visits>
<rw-visits order="4903">9</rw-visits>
<rw-visits order="4960">9</rw-visits>
<rw-visits order="5017">9</rw-visits>
<rw-visits order="5074">8</rw-visits>
<rw-visits order="5131">8</rw-visits>
<rw-visits order="5188">8</rw-visits>
<rw-visits order="5245">8</rw-visits>
<rw-visits order="5302">8</rw-visits>
<rw-visits order="5359">7</rw-visits>
<rw-visits order="5416">7</rw-visits>
<rw-visits order="5473">7</rw-visits>
<rw-visits order="5530">7</rw-visits>
<rw-visits order="5587">7</rw-visits>
<rw-visits order="5644">7</rw-visits>
<rw-visits order="5701">6</rw-visits>
<rw-visits order="5758">6</rw-visits>
<rw-visits order="5815">6</rw-visits>
<rw-visits order="5872">6</rw-visits>
<rw-visits order="5929">6</rw-visits>
<rw-visits order="5986">6</rw-visits>
<rw-visits order="6043">6</rw-visits>
<rw-visits order="6100">5</rw-visits>
<rw-visits order="6157">5</rw-visits>
<rw-visits order="6214">5</rw-visits>
<rw-visits order="6271">5</rw-visits>
<rw-visits order="6328">5</rw-visits>
<rw-visits order="6385">5</rw-visits>
<rw-visits order="6442">5</rw-visits>
<rw-visits order="6499">5</rw-visits>
<rw-visits order="6556">5</rw-visits>
<rw-visits order="6613">4</rw-visits>
<rw-visits order="6670">4</rw-visits>
<rw-visits order="6727">4</rw-visits>
<rw-visits order="6784">4</rw-visits>
<rw-visits order="6841">4</rw-visits>
<rw-visits order="6898">4</rw-visits>
<rw-visits order="6955">4</rw-visits>
<rw-visits order="7012">4</rw-visits>
<rw-visits order="7069">4</rw-visits>
<rw-visits order="7126">4</rw-visits>
<rw-visits order="7183">3</rw-visits>
<rw-visits order="7240">3</rw-visits>
<rw-visits order="7297">3</rw-visits>
<rw-visits order="7354">3</rw-visits>
<rw-visits order="7411">3</rw-visits>
<rw-visits order="7468">3</rw-visits>
<rw-visits order="7525">3</rw-visits>
<rw-visits order="7582">3</rw-visits>
<rw-visits order="7639">3</rw-visits>
<rw-visits order="7696">3</rw-visits>
<rw-visits order="7753">3</rw-visits>
<rw-visits order="7810">3</rw-visits>
<rw-visits order="7867">3</rw-visits>
<rw-visits order="7924">3</rw-visits>
<rw-visits order="7981">2</rw-visits>
<rw-visits order="8038">2</rw-visits>
<rw-visits order="8095">2</rw-visits>
<rw-visits order="8152">2</rw-visits>
<rw-visits order="8209">2</rw-visits>
<rw-visits order="8266">2</rw-visits>
<rw-visits order="8323">2</rw-visits>
<rw-visits order="8380">2</rw-visits>
<rw-visits order="8437">2</rw-visits>
<rw-visits order="8494">2</rw-visits>
<rw-visits order="8551">2</rw-visits>
<rw-visits order="8608">2</rw-visits>
<rw-visits order="8665">2</rw-visits>
<rw-visits order="8722">2</rw-visits>
<rw-visits order="8779">2</rw-visits>
<rw-visits order="8836">2</rw-visits>
<rw-visits order="8893">2</rw-visits>
<rw-visits order="8950">2</rw-visits>
<rw-visits order="9007">2</rw-visits>
<rw-visits order="9064">2</rw-visits>
<rw-visits order="9121">2</rw-visits>
<rw-visits order="9178">1</rw-visits>
<rw-visits order="9235">1</rw-visits>
<rw-visits order="9292">1</rw-visits>
<rw-visits order="9349">1</rw-visits>
<rw-visits order="9406">1</rw-visits>
<rw-visits order="9463">1</rw-visits>
<rw-visits order="9520">1</rw-visits>
<rw-visits order="9577">1</rw-visits>
<rw-visits order="9634">1</rw-visits>
<rw-visits order="9691">1</rw-visits>
<rw-visits order="9748">1</rw-visits>
<rw-visits order="9805">1</rw-visits>
<rw-visits order="9862">1</rw-visits>
<rw-visits order="9919">1</rw-visits>
<rw-visits order="9976">1</rw-visits>
<rw-visits order="10033">1</rw-visits>
<rw-visits order="10090">1</rw-visits>
<rw-visits order="10147">1</rw-visits>
<rw-visits order="10204">1</rw-visits>
<rw-visits order="10261">1</rw-visits>
<rw-visits order="10318">1</rw-visits>
<rw-visits order="10375">1</rw-visits>
<rw-visits order="10432">1</rw-visits>
<rw-visits order="10489">1</rw-visits>
<rw-visits order="10546">1</rw-visits>
<rw-visits order="10603">1</rw-visits>
<rw-visits order="10660">1</rw-visits>
<rw-visits order="10717">1</rw-visits>
<rw-visits order="10774">1</rw-visits>
<rw-visits order="10831">1</rw-visits>
<rw-visits order="10888">1</rw-visits>
<rw-visits order="10945">1</rw-visits>
<rw-visits order="11002">1</rw-visits>
<rw-visits order="11059">1</rw-visits>
<rw-visits order="11116">1</rw-visits>
<rw-visits order="11173">1</rw-visits>
<rw-visits order="11230">1</rw-visits>
<rw-visits order="11287">1</rw-visits>
<rw-visits order="11344">1</rw-visits>
<rw-visits order="11401">1</rw-visits>
<rw-visits order="11458">1</rw-visits>
<final-coverage>34.9525</final-coverage>
</rw-info>
<local-info>
<diamonds>93.7453</diamonds>
<neighborhood k="4">23</neighborhood>
<clustering k="4">1.59158</clustering>
</local-info>
<label-info>
<edge-label id="0.0">6243</edge-label>
<edge-label id="0.1">2004</edge-label>
<edge-label id="0.2">4372</edge-label>
<edge-label id="0.3">1932</edge-label>
<edge-label id="0.4">6901</edge-label>
<edge-label id="0.5">5851</edge-label>
<edge-label id="0.6">714</edge-label>
<edge-label id="0.7">714</edge-label>
<edge-label id="1.0">5710</edge-label>
<edge-label id="1.1">1632</edge-label>
<edge-label id="1.2">4985</edge-label>
<edge-label id="1.3">2410</edge-label>
<edge-label id="1.4">6348</edge-label>
<edge-label id="1.5">4939</edge-label>
<edge-label id="1.6">1051</edge-label>
<edge-label id="1.7">1051</edge-label>
<edge-label id="2.0">5101</edge-label>
<edge-label id="2.1">1603</edge-label>
<edge-label id="2.2">5676</edge-label>
<edge-label id="2.3">2672</edge-label>
<edge-label id="2.4">5989</edge-label>
<edge-label id="2.5">4789</edge-label>
<edge-label id="2.6">1187</edge-label>
<edge-label id="2.7">1187</edge-label>
<state-labels procid="0">
<label id="[{0|0|0},{0|0|0}]">92</label>
<label id="[{0|0|0},{0|0|1}]">200</label>
<label id="[{0|0|0},{0|0|2}]">72</label>
<label id="[{0|0|0},{0|0|3}]">128</label>
<label id="[{0|0|0},{0|0|4}]">128</label>
<label id="[{0|0|0},{0|1|0}]">200</label>
<label id="[{0|0|0},{0|1|1}]">160</label>
<label id="[{0|0|0},{0|1|2}]">160</label>
<label id="[{0|0|0},{0|1|3}]">160</label>
<label id="[{0|0|0},{0|1|4}]">160</label>
<label id="[{0|0|0},{0|2|0}]">72</label>
<label id="[{0|0|0},{0|2|1}]">240</label>
<label id="[{0|0|0},{0|2|2}]">32</label>
<label id="[{0|0|0},{0|2|3}]">160</label>
<label id="[{0|0|0},{0|2|4}]">32</label>
<label id="[{0|0|0},{0|3|0}]">128</label>
<label id="[{0|0|0},{0|3|1}]">240</label>
<label id="[{0|0|0},{0|3|2}]">240</label>
<label id="[{0|0|0},{0|3|3}]">64</label>
<label id="[{0|0|0},{0|3|4}]">160</label>
<label id="[{0|0|0},{0|4|0}]">128</label>
<label id="[{0|0|0},{0|4|1}]">240</label>
<label id="[{0|0|0},{0|4|2}]">48</label>
<label id="[{0|0|0},{0|4|3}]">240</label>
<label id="[{0|0|0},{0|4|4}]">64</label>
<label id="[{0|0|0},{1|0|0}]">200</label>
<label id="[{0|0|0},{1|0|1}]">80</label>
<label id="[{0|0|0},{1|0|2}]">80</label>
<label id="[{0|0|0},{1|0|3}]">80</label>
<label id="[{0|0|0},{1|0|4}]">80</label>
<label id="[{0|0|0},{1|1|0}]">80</label>
<label id="[{0|0|0},{1|1|1}]">32</label>
<label id="[{0|0|0},{1|1|2}]">32</label>
<label id="[{0|0|0},{1|1|3}]">32</label>
<label id="[{0|0|0},{1|1|4}]">32</label>
<label id="[{0|0|0},{1|2|0}]">80</label>
<label id="[{0|0|0},{1|2|1}]">32</label>
<label id="[{0|0|0},{1|2|2}]">32</label>
<label id="[{0|0|0},{1|2|3}]">32</label>
<label id="[{0|0|0},{1|2|4}]">32</label>
<label id="[{0|0|0},{1|3|0}]">80</label>
<label id="[{0|0|0},{1|3|1}]">32</label>
<label id="[{0|0|0},{1|3|2}]">32</label>
<label id="[{0|0|0},{1|3|3}]">32</label>
<label id="[{0|0|0},{1|3|4}]">32</label>
<label id="[{0|0|0},{1|4|0}]">80</label>
<label id="[{0|0|0},{1|4|1}]">32</label>
<label id="[{0|0|0},{1|4|2}]">32</label>
<label id="[{0|0|0},{1|4|3}]">32</label>
<label id="[{0|0|0},{1|4|4}]">32</label>
<label id="[{0|0|0},{2|0|0}]">72</label>
<label id="[{0|0|0},{2|0|1}]">240</label>
<label id="[{0|0|0},{2|0|2}]">16</label>
<label id="[{0|0|0},{2|0|3}]">80</label>
<label id="[{0|0|0},{2|0|4}]">16</label>
<label id="[{0|0|0},{2|1|0}]">160</label>
<label id="[{0|0|0},{2|1|1}]">128</label>
<label id="[{0|0|0},{2|1|2}]">64</label>
<label id="[{0|0|0},{2|1|3}]">64</label>
<label id="[{0|0|0},{2|1|4}]">64</label>
<label id="[{0|0|0},{2|2|0}]">16</label>
<label id="[{0|0|0},{2|2|1}]">96</label>
<label id="[{0|0|0},{2|2|3}]">32</label>
<label id="[{0|0|0},{2|3|0}]">80</label>
<label id="[{0|0|0},{2|3|1}]">96</label>
<label id="[{0|0|0},{2|3|2}]">32</label>
<label id="[{0|0|0},{2|3|3}]">32</label>
<label id="[{0|0|0},{2|3|4}]">32</label>
<label id="[{0|0|0},{2|4|0}]">32</label>
<label id="[{0|0|0},{2|4|1}]">96</label>
<label id="[{0|0|0},{2|4|3}]">32</label>
<label id="[{0|0|0},{3|0|0}]">128</label>
<label id="[{0|0|0},{3|0|1}]">240</label>
<label id="[{0|0|0},{3|0|2}]">240</label>
<label id="[{0|0|0},{3|0|3}]">32</label>
<label id="[{0|0|0},{3|0|4}]">80</label>
<label id="[{0|0|0},{3|1|0}]">160</label>
<label id="[{0|0|0},{3|1|1}]">128</label>
<label id="[{0|0|0},{3|1|2}]">128</label>
<label id="[{0|0|0},{3|1|3}]">64</label>
<label id="[{0|0|0},{3|1|4}]">64</label>
<label id="[{0|0|0},{3|2|0}]">160</label>
<label id="[{0|0|0},{3|2|1}]">192</label>
<label id="[{0|0|0},{3|2|2}]">128</label>
<label id="[{0|0|0},{3|2|3}]">64</label>
<label id="[{0|0|0},{3|2|4}]">64</label>
<label id="[{0|0|0},{3|3|0}]">32</label>
<label id="[{0|0|0},{3|3|1}]">96</label>
<label id="[{0|0|0},{3|3|2}]">96</label>
<label id="[{0|0|0},{3|3|4}]">32</label>
<label id="[{0|0|0},{3|4|0}]">80</label>
<label id="[{0|0|0},{3|4|1}]">96</label>
<label id="[{0|0|0},{3|4|2}]">96</label>
<label id="[{0|0|0},{3|4|3}]">32</label>
<label id="[{0|0|0},{3|4|4}]">32</label>
<label id="[{0|0|0},{4|0|0}]">128</label>
<label id="[{0|0|0},{4|0|1}]">240</label>
<label id="[{0|0|0},{4|0|2}]">48</label>
<label id="[{0|0|0},{4|0|3}]">240</label>
<label id="[{0|0|0},{4|0|4}]">32</label>
<label id="[{0|0|0},{4|1|0}]">160</label>
<label id="[{0|0|0},{4|1|1}]">128</label>
<label id="[{0|0|0},{4|1|2}]">128</label>
<label id="[{0|0|0},{4|1|3}]">128</label>
<label id="[{0|0|0},{4|1|4}]">64</label>
<label id="[{0|0|0},{4|2|0}]">32</label>
<label id="[{0|0|0},{4|2|1}]">192</label>
<label id="[{0|0|0},{4|2|3}]">128</label>
<label id="[{0|0|0},{4|3|0}]">160</label>
<label id="[{0|0|0},{4|3|1}]">192</label>
<label id="[{0|0|0},{4|3|2}]">192</label>
<label id="[{0|0|0},{4|3|3}]">128</label>
<label id="[{0|0|0},{4|3|4}]">64</label>
<label id="[{0|0|0},{4|4|0}]">32</label>
<label id="[{0|0|0},{4|4|1}]">96</label>
<label id="[{0|0|0},{4|4|3}]">96</label>
<label id="[{0|0|1},{0|0|0}]">192</label>
<label id="[{0|0|1},{0|1|0}]">380</label>
<label id="[{0|0|1},{0|2|0}]">230</label>
<label id="[{0|0|1},{0|3|0}]">235</label>
<label id="[{0|0|1},{0|4|0}]">240</label>
<label id="[{0|0|1},{1|0|0}]">460</label>
<label id="[{0|0|1},{1|1|0}]">184</label>
<label id="[{0|0|1},{1|2|0}]">196</label>
<label id="[{0|0|1},{1|3|0}]">144</label>
<label id="[{0|0|1},{1|4|0}]">144</label>
<label id="[{0|0|1},{2|0|0}]">245</label>
<label id="[{0|0|1},{2|1|0}]">404</label>
<label id="[{0|0|1},{2|2|0}]">94</label>
<label id="[{0|0|1},{2|3|0}]">146</label>
<label id="[{0|0|1},{2|4|0}]">114</label>
<label id="[{0|0|1},{3|0|0}]">245</label>
<label id="[{0|0|1},{3|1|0}]">268</label>
<label id="[{0|0|1},{3|2|0}]">344</label>
<label id="[{0|0|1},{3|3|0}]">94</label>
<label id="[{0|0|1},{3|4|0}]">146</label>
<label id="[{0|0|1},{4|0|0}]">245</label>
<label id="[{0|0|1},{4|1|0}]">268</label>
<label id="[{0|0|1},{4|2|0}]">128</label>
<label id="[{0|0|1},{4|3|0}]">364</label>
<label id="[{0|0|1},{4|4|0}]">94</label>
<label id="[{0|1|0},{0|0|0}]">176</label>
<label id="[{0|1|0},{0|0|1}]">244</label>
<label id="[{0|1|0},{0|0|2}]">190</label>
<label id="[{0|1|0},{0|0|3}]">199</label>
<label id="[{0|1|0},{0|0|4}]">205</label>
<label id="[{0|1|0},{1|0|0}]">340</label>
<label id="[{0|1|0},{1|0|1}]">136</label>
<label id="[{0|1|0},{1|0|2}]">146</label>
<label id="[{0|1|0},{1|0|3}]">116</label>
<label id="[{0|1|0},{1|0|4}]">116</label>
<label id="[{0|1|0},{2|0|0}]">214</label>
<label id="[{0|1|0},{2|0|1}]">345</label>
<label id="[{0|1|0},{2|0|2}]">82</label>
<label id="[{0|1|0},{2|0|3}]">110</label>
<label id="[{0|1|0},{2|0|4}]">76</label>
<label id="[{0|1|0},{3|0|0}]">211</label>
<label id="[{0|1|0},{3|0|1}]">246</label>
<label id="[{0|1|0},{3|0|2}]">318</label>
<label id="[{0|1|0},{3|0|3}]">82</label>
<label id="[{0|1|0},{3|0|4}]">104</label>
<label id="[{0|1|0},{4|0|0}]">208</label>
<label id="[{0|1|0},{4|0|1}]">237</label>
<label id="[{0|1|0},{4|0|2}]">192</label>
<label id="[{0|1|0},{4|0|3}]">345</label>
<label id="[{0|1|0},{4|0|4}]">82</label>
<label id="[{0|1|1},{0|0|0}]">404</label>
<label id="[{0|1|1},{1|0|0}]">782</label>
<label id="[{0|1|1},{2|0|0}]">372</label>
<label id="[{0|1|1},{3|0|0}]">351</label>
<label id="[{0|1|1},{4|0|0}]">330</label>
<label id="[{1|0|0},{0|0|0}]">156</label>
<label id="[{1|0|0},{0|0|1}]">191</label>
<label id="[{1|0|0},{0|0|2}]">182</label>
<label id="[{1|0|0},{0|0|3}]">191</label>
<label id="[{1|0|0},{0|0|4}]">199</label>
<label id="[{1|0|0},{0|1|0}]">200</label>
<label id="[{1|0|0},{0|1|1}]">139</label>
<label id="[{1|0|0},{0|1|2}]">146</label>
<label id="[{1|0|0},{0|1|3}]">143</label>
<label id="[{1|0|0},{0|1|4}]">143</label>
<label id="[{1|0|0},{0|2|0}]">172</label>
<label id="[{1|0|0},{0|2|1}]">221</label>
<label id="[{1|0|0},{0|2|2}]">133</label>
<label id="[{1|0|0},{0|2|3}]">143</label>
<label id="[{1|0|0},{0|2|4}]">132</label>
<label id="[{1|0|0},{0|3|0}]">175</label>
<label id="[{1|0|0},{0|3|1}]">212</label>
<label id="[{1|0|0},{0|3|2}]">226</label>
<label id="[{1|0|0},{0|3|3}]">133</label>
<label id="[{1|0|0},{0|3|4}]">142</label>
<label id="[{1|0|0},{0|4|0}]">177</label>
<label id="[{1|0|0},{0|4|1}]">214</label>
<label id="[{1|0|0},{0|4|2}]">192</label>
<label id="[{1|0|0},{0|4|3}]">235</label>
<label id="[{1|0|0},{0|4|4}]">133</label>
<label id="[{1|0|1},{0|0|0}]">432</label>
<label id="[{1|0|1},{0|1|0}]">448</label>
<label id="[{1|0|1},{0|2|0}]">278</label>
<label id="[{1|0|1},{0|3|0}]">310</label>
<label id="[{1|0|1},{0|4|0}]">342</label>
<label id="[{1|1|0},{0|0|0}]">500</label>
<label id="[{1|1|0},{0|0|1}]">366</label>
<label id="[{1|1|0},{0|0|2}]">278</label>
<label id="[{1|1|0},{0|0|3}]">350</label>
<label id="[{1|1|0},{0|0|4}]">406</label>
<label id="[{1|1|1},{0|0|0}]">864</label>
</state-labels><state-labels procid="1">
<label id="[0,0,0]">1069</label>
<label id="[0,3,0]">1527</label>
<label id="[0,3,1]">1256</label>
<label id="[0,3,2]">1250</label>
<label id="[0,3,3]">1141</label>
<label id="[1,0,0]">1796</label>
<label id="[1,1,0]">1796</label>
<label id="[1,2,0]">875</label>
<label id="[1,2,1]">549</label>
<label id="[1,2,2]">495</label>
<label id="[1,2,3]">454</label>
<label id="[1,2,4]">411</label>
<label id="[1,3,0]">470</label>
<label id="[1,3,1]">458</label>
<label id="[1,3,2]">462</label>
<label id="[1,3,3]">542</label>
<label id="[1,3,4]">596</label>
<label id="[2,0,0]">751</label>
<label id="[2,0,1]">710</label>
<label id="[2,0,2]">984</label>
<label id="[2,0,3]">1091</label>
<label id="[2,1,0]">751</label>
<label id="[2,1,1]">710</label>
<label id="[2,1,2]">984</label>
<label id="[2,1,3]">1091</label>
<label id="[2,2,0]">483</label>
<label id="[2,2,1]">352</label>
<label id="[2,2,2]">411</label>
<label id="[2,2,3]">355</label>
<label id="[2,3,0]">299</label>
<label id="[2,3,1]">169</label>
<label id="[2,3,2]">150</label>
<label id="[2,3,3]">96</label>
<label id="[3,0,0]">751</label>
<label id="[3,0,1]">710</label>
<label id="[3,0,2]">984</label>
<label id="[3,0,3]">1091</label>
<label id="[3,1,0]">483</label>
<label id="[3,1,1]">573</label>
<label id="[3,1,2]">852</label>
<label id="[3,1,3]">969</label>
<label id="[3,2,0]">299</label>
<label id="[3,2,1]">289</label>
<label id="[3,2,2]">358</label>
<label id="[3,2,3]">312</label>
<label id="[4,3,0]">299</label>
<label id="[4,3,1]">169</label>
<label id="[4,3,2]">150</label>
<label id="[4,3,3]">96</label>
</state-labels><state-labels procid="2">
<label id="[0,0,0]">1014</label>
<label id="[0,3,0]">1367</label>
<label id="[0,3,1]">1141</label>
<label id="[0,3,2]">1138</label>
<label id="[0,3,3]">1050</label>
<label id="[1,0,0]">1515</label>
<label id="[1,1,0]">983</label>
<label id="[1,1,1]">345</label>
<label id="[1,1,2]">396</label>
<label id="[1,1,3]">413</label>
<label id="[1,1,4]">414</label>
<label id="[1,2,0]">983</label>
<label id="[1,2,1]">345</label>
<label id="[1,2,2]">396</label>
<label id="[1,2,3]">413</label>
<label id="[1,2,4]">414</label>
<label id="[1,3,0]">674</label>
<label id="[1,3,1]">509</label>
<label id="[1,3,2]">559</label>
<label id="[1,3,3]">668</label>
<label id="[1,3,4]">696</label>
<label id="[2,0,0]">1027</label>
<label id="[2,0,1]">864</label>
<label id="[2,0,2]">1166</label>
<label id="[2,0,3]">1182</label>
<label id="[2,1,0]">676</label>
<label id="[2,1,1]">456</label>
<label id="[2,1,2]">484</label>
<label id="[2,1,3]">328</label>
<label id="[2,2,0]">676</label>
<label id="[2,2,1]">456</label>
<label id="[2,2,2]">484</label>
<label id="[2,2,3]">328</label>
<label id="[2,3,0]">492</label>
<label id="[2,3,1]">258</label>
<label id="[2,3,2]">205</label>
<label id="[2,3,3]">96</label>
<label id="[3,0,0]">872</label>
<label id="[3,0,1]">777</label>
<label id="[3,0,2]">1044</label>
<label id="[3,0,3]">1041</label>
<label id="[3,1,0]">676</label>
<label id="[3,1,1]">456</label>
<label id="[3,1,2]">484</label>
<label id="[3,1,3]">328</label>
<label id="[3,2,0]">492</label>
<label id="[3,2,1]">394</label>
<label id="[3,2,2]">413</label>
<label id="[3,2,3]">280</label>
<label id="[4,3,0]">492</label>
<label id="[4,3,1]">258</label>
<label id="[4,3,2]">205</label>
<label id="[4,3,3]">96</label>
</state-labels><state-labels procid="3">
<label id="[0,0,0]">919</label>
<label id="[0,3,0]">1203</label>
<label id="[0,3,1]">1004</label>
<label id="[0,3,2]">1032</label>
<label id="[0,3,3]">943</label>
<label id="[1,0,0]">1268</label>
<label id="[1,1,0]">1044</label>
<label id="[1,1,1]">396</label>
<label id="[1,1,2]">467</label>
<label id="[1,1,3]">455</label>
<label id="[1,1,4]">411</label>
<label id="[1,2,0]">900</label>
<label id="[1,2,1]">493</label>
<label id="[1,2,2]">621</label>
<label id="[1,2,3]">658</label>
<label id="[1,2,4]">566</label>
<label id="[1,3,0]">900</label>
<label id="[1,3,1]">493</label>
<label id="[1,3,2]">621</label>
<label id="[1,3,3]">658</label>
<label id="[1,3,4]">566</label>
<label id="[2,0,0]">1154</label>
<label id="[2,0,1]">877</label>
<label id="[2,0,2]">1113</label>
<label id="[2,0,3]">1002</label>
<label id="[2,1,0]">875</label>
<label id="[2,1,1]">566</label>
<label id="[2,1,2]">588</label>
<label id="[2,1,3]">386</label>
<label id="[2,2,0]">570</label>
<label id="[2,2,1]">304</label>
<label id="[2,2,2]">221</label>
<label id="[2,2,3]">92</label>
<label id="[2,3,0]">570</label>
<label id="[2,3,1]">304</label>
<label id="[2,3,2]">221</label>
<label id="[2,3,3]">92</label>
<label id="[3,0,0]">1047</label>
<label id="[3,0,1]">840</label>
<label id="[3,0,2]">1062</label>
<label id="[3,0,3]">951</label>
<label id="[3,1,0]">739</label>
<label id="[3,1,1]">514</label>
<label id="[3,1,2]">512</label>
<label id="[3,1,3]">327</label>
<label id="[3,2,0]">570</label>
<label id="[3,2,1]">304</label>
<label id="[3,2,2]">221</label>
<label id="[3,2,3]">92</label>
<label id="[4,3,0]">570</label>
<label id="[4,3,1]">304</label>
<label id="[4,3,2]">221</label>
<label id="[4,3,3]">92</label>
</state-labels></label-info>
</state-space-info>
