<?xml version="1.0"?>
<!DOCTYPE state-space-info SYSTEM "../../state_space_info.dtd">


<state-space-info>
<states>1146</states>
<edges>2085</edges>
<bfs-info>
 <levels>71</levels>
<max-level>23</max-level>

<back-level-edges>195</back-level-edges>
<max-back-level-edge>59</max-back-level-edge>
<avg-back-level-edge>23.6667</avg-back-level-edge>
<bfs-levels>
<level id="0"><states>1</states><edges>2</edges></level>
<level id="1"><states>2</states><edges>4</edges></level>
<level id="2"><states>3</states><edges>6</edges></level>
<level id="3"><states>4</states><edges>8</edges></level>
<level id="4"><states>5</states><edges>10</edges></level>
<level id="5"><states>6</states><edges>11</edges></level>
<level id="6"><states>8</states><edges>15</edges></level>
<level id="7"><states>11</states><edges>19</edges></level>
<level id="8"><states>13</states><edges>24</edges></level>
<level id="9"><states>15</states><edges>26</edges></level>
<level id="10"><states>16</states><edges>30</edges></level>
<level id="11"><states>16</states><edges>29</edges></level>
<level id="12"><states>17</states><edges>31</edges></level>
<level id="13"><states>19</states><edges>35</edges></level>
<level id="14"><states>20</states><edges>37</edges></level>
<level id="15"><states>19</states><edges>36</edges></level>
<level id="16"><states>19</states><edges>36</edges></level>
<level id="17"><states>19</states><edges>35</edges></level>
<level id="18"><states>18</states><edges>34</edges></level>
<level id="19"><states>17</states><edges>31</edges></level>
<level id="20"><states>15</states><edges>29</edges></level>
<level id="21"><states>14</states><edges>26</edges></level>
<level id="22"><states>15</states><edges>28</edges></level>
<level id="23"><states>17</states><edges>32</edges></level>
<level id="24"><states>17</states><edges>32</edges></level>
<level id="25"><states>17</states><edges>32</edges></level>
<level id="26"><states>18</states><edges>34</edges></level>
<level id="27"><states>20</states><edges>36</edges></level>
<level id="28"><states>20</states><edges>37</edges></level>
<level id="29"><states>20</states><edges>35</edges></level>
<level id="30"><states>19</states><edges>36</edges></level>
<level id="31"><states>20</states><edges>36</edges></level>
<level id="32"><states>21</states><edges>38</edges></level>
<level id="33"><states>23</states><edges>42</edges></level>
<level id="34"><states>23</states><edges>42</edges></level>
<level id="35"><states>21</states><edges>39</edges></level>
<level id="36"><states>21</states><edges>39</edges></level>
<level id="37"><states>22</states><edges>40</edges></level>
<level id="38"><states>22</states><edges>41</edges></level>
<level id="39"><states>22</states><edges>39</edges></level>
<level id="40"><states>21</states><edges>40</edges></level>
<level id="41"><states>20</states><edges>36</edges></level>
<level id="42"><states>21</states><edges>38</edges></level>
<level id="43"><states>23</states><edges>42</edges></level>
<level id="44"><states>23</states><edges>42</edges></level>
<level id="45"><states>21</states><edges>39</edges></level>
<level id="46"><states>21</states><edges>39</edges></level>
<level id="47"><states>22</states><edges>40</edges></level>
<level id="48"><states>22</states><edges>41</edges></level>
<level id="49"><states>22</states><edges>39</edges></level>
<level id="50"><states>21</states><edges>40</edges></level>
<level id="51"><states>20</states><edges>36</edges></level>
<level id="52"><states>21</states><edges>38</edges></level>
<level id="53"><states>23</states><edges>42</edges></level>
<level id="54"><states>23</states><edges>42</edges></level>
<level id="55"><states>21</states><edges>39</edges></level>
<level id="56"><states>21</states><edges>39</edges></level>
<level id="57"><states>22</states><edges>38</edges></level>
<level id="58"><states>20</states><edges>35</edges></level>
<level id="59"><states>18</states><edges>30</edges></level>
<level id="60"><states>15</states><edges>27</edges></level>
<level id="61"><states>12</states><edges>20</edges></level>
<level id="62"><states>11</states><edges>18</edges></level>
<level id="63"><states>11</states><edges>18</edges></level>
<level id="64"><states>9</states><edges>14</edges></level>
<level id="65"><states>7</states><edges>11</edges></level>
<level id="66"><states>6</states><edges>9</edges></level>
<level id="67"><states>5</states><edges>7</edges></level>
<level id="68"><states>4</states><edges>6</edges></level>
<level id="69"><states>3</states><edges>4</edges></level>
<level id="70"><states>2</states><edges>4</edges></level>
</bfs-levels>
<back-level-length id="0">0</back-level-length>
<back-level-length id="1">0</back-level-length>
<back-level-length id="2">0</back-level-length>
<back-level-length id="3">0</back-level-length>
<back-level-length id="4">0</back-level-length>
<back-level-length id="5">0</back-level-length>
<back-level-length id="6">0</back-level-length>
<back-level-length id="7">0</back-level-length>
<back-level-length id="8">0</back-level-length>
<back-level-length id="9">55.8974</back-level-length>
<back-level-length id="10">0</back-level-length>
<back-level-length id="11">0</back-level-length>
<back-level-length id="12">0</back-level-length>
<back-level-length id="13">0</back-level-length>
<back-level-length id="14">0</back-level-length>
<back-level-length id="15">0</back-level-length>
<back-level-length id="16">0</back-level-length>
<back-level-length id="17">0</back-level-length>
<back-level-length id="18">0</back-level-length>
<back-level-length id="19">3.07692</back-level-length>
<back-level-length id="20">0</back-level-length>
<back-level-length id="21">0</back-level-length>
<back-level-length id="22">0</back-level-length>
<back-level-length id="23">0</back-level-length>
<back-level-length id="24">0</back-level-length>
<back-level-length id="25">0</back-level-length>
<back-level-length id="26">0</back-level-length>
<back-level-length id="27">0</back-level-length>
<back-level-length id="28">0</back-level-length>
<back-level-length id="29">10.2564</back-level-length>
<back-level-length id="30">0</back-level-length>
<back-level-length id="31">0</back-level-length>
<back-level-length id="32">0</back-level-length>
<back-level-length id="33">0</back-level-length>
<back-level-length id="34">0</back-level-length>
<back-level-length id="35">0</back-level-length>
<back-level-length id="36">0</back-level-length>
<back-level-length id="37">0</back-level-length>
<back-level-length id="38">0</back-level-length>
<back-level-length id="39">10.2564</back-level-length>
<back-level-length id="40">0</back-level-length>
<back-level-length id="41">0</back-level-length>
<back-level-length id="42">0</back-level-length>
<back-level-length id="43">0</back-level-length>
<back-level-length id="44">0</back-level-length>
<back-level-length id="45">0</back-level-length>
<back-level-length id="46">0</back-level-length>
<back-level-length id="47">0</back-level-length>
<back-level-length id="48">0</back-level-length>
<back-level-length id="49">10.2564</back-level-length>
<back-level-length id="50">0</back-level-length>
<back-level-length id="51">0</back-level-length>
<back-level-length id="52">0</back-level-length>
<back-level-length id="53">0</back-level-length>
<back-level-length id="54">0</back-level-length>
<back-level-length id="55">0</back-level-length>
<back-level-length id="56">0</back-level-length>
<back-level-length id="57">0</back-level-length>
<back-level-length id="58">0</back-level-length>
<back-level-length id="59">10.2564</back-level-length>
</bfs-info>
<degrees>
<avg>1.81937</avg>
<max-in>14</max-in>
<max-out>2</max-out>
<degree id="0"><in>1</in><out>4</out></degree>
<degree id="1"><in>379</in><out>199</out></degree>
<degree id="2"><in>697</in><out>943</out></degree>
<degree id="3"><in>44</in><out>0</out></degree>
<degree id="4"><in>6</in><out>0</out></degree>
<degree id="5"><in>0</in><out>0</out></degree>
<degree id="6"><in>0</in><out>0</out></degree>
<degree id="7"><in>2</in><out>0</out></degree>
<degree id="8"><in>16</in><out>0</out></degree>
<degree id="9"><in>0</in><out>0</out></degree>
<degree id="10"><in>0</in><out>0</out></degree>
<degree id="11"><in>0</in><out>0</out></degree>
<degree id="12"><in>0</in><out>0</out></degree>
<degree id="13"><in>0</in><out>0</out></degree>
<degree id="14"><in>1</in><out>0</out></degree>
</degrees>
<scc-info>
<count>46</count>
<height>13</height>
<nontrivial-height>3</nontrivial-height>
<trivial>43</trivial>
<terminal>4</terminal>
<largest>1083</largest>
<largest-position> </largest-position>
</scc-info>
<dfs-info>
<stack-size id="5">0.4363</stack-size>
<stack-size id="10">0.8726</stack-size>
<stack-size id="15">1.3089</stack-size>
<stack-size id="20">1.7452</stack-size>
<stack-size id="25">2.1815</stack-size>
<stack-size id="30">2.6178</stack-size>
<stack-size id="35">3.0541</stack-size>
<stack-size id="40">2.87958</stack-size>
<stack-size id="45">3.31588</stack-size>
<stack-size id="50">3.75218</stack-size>
<stack-size id="55">3.75218</stack-size>
<stack-size id="60">3.4904</stack-size>
<stack-size id="65">3.22862</stack-size>
<stack-size id="70">3.40314</stack-size>
<stack-size id="75">3.83944</stack-size>
<stack-size id="80">4.18848</stack-size>
<stack-size id="85">4.62478</stack-size>
<stack-size id="90">4.53752</stack-size>
<stack-size id="95">4.97382</stack-size>
<stack-size id="100">5.41012</stack-size>
<stack-size id="105">5.84642</stack-size>
<stack-size id="110">6.28272</stack-size>
<stack-size id="115">6.71902</stack-size>
<stack-size id="120">7.15532</stack-size>
<stack-size id="125">7.59162</stack-size>
<stack-size id="130">8.02792</stack-size>
<stack-size id="135">8.46422</stack-size>
<stack-size id="140">8.90052</stack-size>
<stack-size id="145">9.33682</stack-size>
<stack-size id="150">9.77312</stack-size>
<stack-size id="155">10.2094</stack-size>
<stack-size id="160">10.6457</stack-size>
<stack-size id="165">10.5585</stack-size>
<stack-size id="170">10.9948</stack-size>
<stack-size id="175">11.4311</stack-size>
<stack-size id="180">11.8674</stack-size>
<stack-size id="185">12.3037</stack-size>
<stack-size id="190">12.74</stack-size>
<stack-size id="195">13.1763</stack-size>
<stack-size id="200">13.6126</stack-size>
<stack-size id="205">14.0489</stack-size>
<stack-size id="210">14.4852</stack-size>
<stack-size id="215">14.9215</stack-size>
<stack-size id="220">15.1832</stack-size>
<stack-size id="225">15.5323</stack-size>
<stack-size id="230">15.3578</stack-size>
<stack-size id="235">15.1832</stack-size>
<stack-size id="240">14.7469</stack-size>
<stack-size id="245">14.3106</stack-size>
<stack-size id="250">14.7469</stack-size>
<stack-size id="255">15.1832</stack-size>
<stack-size id="260">15.6195</stack-size>
<stack-size id="265">14.0489</stack-size>
<stack-size id="270">14.4852</stack-size>
<stack-size id="275">14.9215</stack-size>
<stack-size id="280">15.3578</stack-size>
<stack-size id="285">15.7941</stack-size>
<stack-size id="290">16.2304</stack-size>
<stack-size id="295">15.2705</stack-size>
<stack-size id="300">15.0087</stack-size>
<stack-size id="305">14.7469</stack-size>
<stack-size id="310">15.1832</stack-size>
<stack-size id="315">14.6597</stack-size>
<stack-size id="320">15.096</stack-size>
<stack-size id="325">15.445</stack-size>
<stack-size id="330">15.8813</stack-size>
<stack-size id="335">15.7941</stack-size>
<stack-size id="340">16.2304</stack-size>
<stack-size id="345">16.6667</stack-size>
<stack-size id="350">17.103</stack-size>
<stack-size id="355">17.5393</stack-size>
<stack-size id="360">17.9756</stack-size>
<stack-size id="365">18.4119</stack-size>
<stack-size id="370">18.8482</stack-size>
<stack-size id="375">19.2845</stack-size>
<stack-size id="380">19.7208</stack-size>
<stack-size id="385">20.1571</stack-size>
<stack-size id="390">19.6335</stack-size>
<stack-size id="395">20.0698</stack-size>
<stack-size id="400">20.5061</stack-size>
<stack-size id="405">20.9424</stack-size>
<stack-size id="410">21.3787</stack-size>
<stack-size id="415">20.4188</stack-size>
<stack-size id="420">20.1571</stack-size>
<stack-size id="425">19.8953</stack-size>
<stack-size id="430">20.3316</stack-size>
<stack-size id="435">19.808</stack-size>
<stack-size id="440">20.2443</stack-size>
<stack-size id="445">20.5934</stack-size>
<stack-size id="450">21.0297</stack-size>
<stack-size id="455">20.9424</stack-size>
<stack-size id="460">21.3787</stack-size>
<stack-size id="465">21.815</stack-size>
<stack-size id="470">22.2513</stack-size>
<stack-size id="475">22.6876</stack-size>
<stack-size id="480">23.1239</stack-size>
<stack-size id="485">23.5602</stack-size>
<stack-size id="490">23.9965</stack-size>
<stack-size id="495">24.4328</stack-size>
<stack-size id="500">24.8691</stack-size>
<stack-size id="505">25.3054</stack-size>
<stack-size id="510">24.7818</stack-size>
<stack-size id="515">25.2182</stack-size>
<stack-size id="520">24.9564</stack-size>
<stack-size id="525">24.4328</stack-size>
<stack-size id="530">24.4328</stack-size>
<stack-size id="535">24.4328</stack-size>
<stack-size id="540">23.9965</stack-size>
<stack-size id="545">23.9965</stack-size>
<stack-size id="550">24.4328</stack-size>
<stack-size id="555">24.8691</stack-size>
<stack-size id="560">24.4328</stack-size>
<stack-size id="565">24.171</stack-size>
<stack-size id="570">19.7208</stack-size>
<stack-size id="575">20.1571</stack-size>
<stack-size id="580">19.808</stack-size>
<stack-size id="585">19.1972</stack-size>
<stack-size id="590">19.6335</stack-size>
<stack-size id="595">19.0227</stack-size>
<stack-size id="600">19.459</stack-size>
<stack-size id="605">19.8953</stack-size>
<stack-size id="610">19.2845</stack-size>
<stack-size id="615">19.7208</stack-size>
<stack-size id="620">19.1099</stack-size>
<stack-size id="625">19.5462</stack-size>
<stack-size id="630">18.9354</stack-size>
<stack-size id="635">19.3717</stack-size>
<stack-size id="640">18.7609</stack-size>
<stack-size id="645">19.1972</stack-size>
<stack-size id="650">19.6335</stack-size>
<stack-size id="655">19.1972</stack-size>
<stack-size id="660">18.9354</stack-size>
<stack-size id="665">14.4852</stack-size>
<stack-size id="670">14.9215</stack-size>
<stack-size id="675">14.5724</stack-size>
<stack-size id="680">13.9616</stack-size>
<stack-size id="685">14.3979</stack-size>
<stack-size id="690">13.7871</stack-size>
<stack-size id="695">14.2234</stack-size>
<stack-size id="700">14.6597</stack-size>
<stack-size id="705">14.0489</stack-size>
<stack-size id="710">14.4852</stack-size>
<stack-size id="715">13.8743</stack-size>
<stack-size id="720">14.3106</stack-size>
<stack-size id="725">13.6998</stack-size>
<stack-size id="730">14.1361</stack-size>
<stack-size id="735">13.5253</stack-size>
<stack-size id="740">13.9616</stack-size>
<stack-size id="745">8.2897</stack-size>
<stack-size id="750">8.726</stack-size>
<stack-size id="755">8.20244</stack-size>
<stack-size id="760">8.63874</stack-size>
<stack-size id="765">9.07504</stack-size>
<stack-size id="770">9.51134</stack-size>
<stack-size id="775">9.94764</stack-size>
<stack-size id="780">8.98778</stack-size>
<stack-size id="785">8.726</stack-size>
<stack-size id="790">9.1623</stack-size>
<stack-size id="795">8.90052</stack-size>
<stack-size id="800">8.37696</stack-size>
<stack-size id="805">8.81326</stack-size>
<stack-size id="810">9.24956</stack-size>
<stack-size id="815">9.5986</stack-size>
<stack-size id="820">10.0349</stack-size>
<stack-size id="825">9.94764</stack-size>
<stack-size id="830">10.3839</stack-size>
<stack-size id="835">10.8202</stack-size>
<stack-size id="840">11.2565</stack-size>
<stack-size id="845">11.6928</stack-size>
<stack-size id="850">12.1291</stack-size>
<stack-size id="855">12.5654</stack-size>
<stack-size id="860">13.0017</stack-size>
<stack-size id="865">13.438</stack-size>
<stack-size id="870">13.8743</stack-size>
<stack-size id="875">13.3508</stack-size>
<stack-size id="880">13.7871</stack-size>
<stack-size id="885">14.2234</stack-size>
<stack-size id="890">14.6597</stack-size>
<stack-size id="895">15.096</stack-size>
<stack-size id="900">14.1361</stack-size>
<stack-size id="905">13.8743</stack-size>
<stack-size id="910">14.3106</stack-size>
<stack-size id="915">14.0489</stack-size>
<stack-size id="920">13.7871</stack-size>
<stack-size id="925">13.6126</stack-size>
<stack-size id="930">13.7871</stack-size>
<stack-size id="935">14.2234</stack-size>
<stack-size id="940">14.6597</stack-size>
<stack-size id="945">13.7871</stack-size>
<stack-size id="950">13.7871</stack-size>
<stack-size id="955">13.438</stack-size>
<stack-size id="960">13.8743</stack-size>
<stack-size id="965">13.2635</stack-size>
<stack-size id="970">13.6998</stack-size>
<stack-size id="975">13.089</stack-size>
<stack-size id="980">13.5253</stack-size>
<stack-size id="985">12.9145</stack-size>
<stack-size id="990">13.3508</stack-size>
<stack-size id="995">12.74</stack-size>
<stack-size id="1000">13.1763</stack-size>
<stack-size id="1005">13.6126</stack-size>
<stack-size id="1010">13.0017</stack-size>
<stack-size id="1015">13.438</stack-size>
<stack-size id="1020">12.8272</stack-size>
<stack-size id="1025">13.2635</stack-size>
<stack-size id="1030">13.3508</stack-size>
<stack-size id="1035">12.9145</stack-size>
<stack-size id="1040">8.2897</stack-size>
<stack-size id="1045">8.55148</stack-size>
<stack-size id="1050">8.20244</stack-size>
<stack-size id="1055">8.63874</stack-size>
<stack-size id="1060">8.02792</stack-size>
<stack-size id="1065">8.46422</stack-size>
<stack-size id="1070">7.8534</stack-size>
<stack-size id="1075">8.2897</stack-size>
<stack-size id="1080">7.67888</stack-size>
<stack-size id="1085">8.11518</stack-size>
<stack-size id="1090">7.50436</stack-size>
<stack-size id="1095">7.94066</stack-size>
<stack-size id="1100">8.37696</stack-size>
<stack-size id="1105">7.76614</stack-size>
<stack-size id="1110">8.20244</stack-size>
<stack-size id="1115">7.59162</stack-size>
<stack-size id="1120">8.02792</stack-size>
<stack-size id="1125">8.11518</stack-size>
<stack-size id="1130">7.67888</stack-size>
<stack-size id="1135">1.13438</stack-size>
<stack-size id="1140">0.4363</stack-size>
<stack-size id="1145">0.8726</stack-size>
<max-stack>291</max-stack>
<front-edges>1145</front-edges>
<back-edges>167</back-edges>
<cross-edges>773</cross-edges>
<shortest-cycle>10</shortest-cycle>
</dfs-info>
<rw-info>
<coverage step="100">7.8534</coverage>
<coverage step="200">12.0419</coverage>
<coverage step="300">14.6597</coverage>
<coverage step="400">19.6335</coverage>
<coverage step="500">20.5934</coverage>
<coverage step="600">24.171</coverage>
<coverage step="700">27.3997</coverage>
<coverage step="800">30.0175</coverage>
<coverage step="900">34.2059</coverage>
<coverage step="1000">34.555</coverage>
<coverage step="1100">35.0785</coverage>
<coverage step="1200">36.911</coverage>
<coverage step="1300">39.5288</coverage>
<coverage step="1400">39.7906</coverage>
<coverage step="1500">40.4887</coverage>
<coverage step="1600">42.4084</coverage>
<coverage step="1700">42.4956</coverage>
<coverage step="1800">42.8447</coverage>
<coverage step="1900">43.9791</coverage>
<coverage step="2000">45.0262</coverage>
<coverage step="2100">45.0262</coverage>
<coverage step="2200">46.4223</coverage>
<coverage step="2300">46.5096</coverage>
<coverage step="2400">46.6841</coverage>
<coverage step="2500">46.6841</coverage>
<coverage step="2600">46.6841</coverage>
<coverage step="2700">47.4695</coverage>
<coverage step="2800">47.644</coverage>
<coverage step="2900">49.2147</coverage>
<coverage step="3000">50.9599</coverage>
<coverage step="3100">51.4834</coverage>
<coverage step="3200">52.2688</coverage>
<coverage step="3300">53.1414</coverage>
<coverage step="3400">54.6248</coverage>
<coverage step="3500">55.0611</coverage>
<coverage step="3600">55.1483</coverage>
<coverage step="3700">55.2356</coverage>
<coverage step="3800">55.6719</coverage>
<coverage step="3900">56.9808</coverage>
<coverage step="4000">57.3298</coverage>
<coverage step="4100">57.3298</coverage>
<coverage step="4200">59.6859</coverage>
<coverage step="4300">60.2967</coverage>
<coverage step="4400">60.4712</coverage>
<coverage step="4500">60.5585</coverage>
<coverage step="4600">61.082</coverage>
<coverage step="4700">61.9546</coverage>
<coverage step="4800">62.1291</coverage>
<coverage step="4900">63.0017</coverage>
<coverage step="5000">63.5253</coverage>
<coverage step="5100">63.5253</coverage>
<coverage step="5200">63.6998</coverage>
<coverage step="5300">63.6998</coverage>
<coverage step="5400">65.1832</coverage>
<coverage step="5500">65.445</coverage>
<coverage step="5600">65.445</coverage>
<coverage step="5700">65.6195</coverage>
<coverage step="5800">66.6667</coverage>
<coverage step="5900">66.9284</coverage>
<coverage step="6000">68.6736</coverage>
<coverage step="6100">68.8482</coverage>
<coverage step="6200">69.459</coverage>
<coverage step="6300">69.459</coverage>
<coverage step="6400">69.459</coverage>
<coverage step="6500">69.6335</coverage>
<coverage step="6600">69.6335</coverage>
<coverage step="6700">69.6335</coverage>
<coverage step="6800">69.7208</coverage>
<coverage step="6900">69.7208</coverage>
<coverage step="7000">69.808</coverage>
<coverage step="7100">69.808</coverage>
<coverage step="7200">69.808</coverage>
<coverage step="7300">69.808</coverage>
<coverage step="7400">69.808</coverage>
<coverage step="7500">70.8551</coverage>
<coverage step="7600">70.9424</coverage>
<coverage step="7700">71.0297</coverage>
<coverage step="7800">71.0297</coverage>
<coverage step="7900">71.2042</coverage>
<coverage step="8000">71.2042</coverage>
<coverage step="8100">71.2914</coverage>
<coverage step="8200">71.5532</coverage>
<coverage step="8300">71.5532</coverage>
<coverage step="8400">71.5532</coverage>
<coverage step="8500">71.5532</coverage>
<coverage step="8600">71.9023</coverage>
<coverage step="8700">71.9895</coverage>
<coverage step="8800">72.2513</coverage>
<coverage step="8900">72.4258</coverage>
<coverage step="9000">72.4258</coverage>
<coverage step="9100">72.4258</coverage>
<coverage step="9200">72.4258</coverage>
<coverage step="9300">72.4258</coverage>
<coverage step="9400">72.4258</coverage>
<coverage step="9500">72.5131</coverage>
<coverage step="9600">72.5131</coverage>
<coverage step="9700">72.5131</coverage>
<coverage step="9800">72.5131</coverage>
<coverage step="9900">73.0366</coverage>
<coverage step="10000">73.0366</coverage>
<coverage step="10100">73.0366</coverage>
<coverage step="10200">73.0366</coverage>
<coverage step="10300">73.0366</coverage>
<coverage step="10400">73.2984</coverage>
<coverage step="10500">73.2984</coverage>
<coverage step="10600">73.2984</coverage>
<coverage step="10700">73.2984</coverage>
<coverage step="10800">73.2984</coverage>
<coverage step="10900">73.2984</coverage>
<coverage step="11000">73.4729</coverage>
<coverage step="11100">73.6475</coverage>
<coverage step="11200">74.7818</coverage>
<coverage step="11300">74.7818</coverage>
<coverage step="11400">74.7818</coverage>
<rw-visits order="1">113</rw-visits>
<rw-visits order="4">103</rw-visits>
<rw-visits order="7">102</rw-visits>
<rw-visits order="10">97</rw-visits>
<rw-visits order="13">94</rw-visits>
<rw-visits order="16">83</rw-visits>
<rw-visits order="19">78</rw-visits>
<rw-visits order="22">74</rw-visits>
<rw-visits order="25">73</rw-visits>
<rw-visits order="28">72</rw-visits>
<rw-visits order="31">65</rw-visits>
<rw-visits order="34">63</rw-visits>
<rw-visits order="37">61</rw-visits>
<rw-visits order="40">60</rw-visits>
<rw-visits order="43">59</rw-visits>
<rw-visits order="46">58</rw-visits>
<rw-visits order="49">57</rw-visits>
<rw-visits order="52">55</rw-visits>
<rw-visits order="55">53</rw-visits>
<rw-visits order="58">51</rw-visits>
<rw-visits order="61">51</rw-visits>
<rw-visits order="64">49</rw-visits>
<rw-visits order="67">48</rw-visits>
<rw-visits order="70">47</rw-visits>
<rw-visits order="73">44</rw-visits>
<rw-visits order="76">42</rw-visits>
<rw-visits order="79">41</rw-visits>
<rw-visits order="82">39</rw-visits>
<rw-visits order="85">39</rw-visits>
<rw-visits order="88">38</rw-visits>
<rw-visits order="91">37</rw-visits>
<rw-visits order="94">36</rw-visits>
<rw-visits order="97">35</rw-visits>
<rw-visits order="100">33</rw-visits>
<rw-visits order="103">31</rw-visits>
<rw-visits order="106">31</rw-visits>
<rw-visits order="109">30</rw-visits>
<rw-visits order="112">30</rw-visits>
<rw-visits order="115">29</rw-visits>
<rw-visits order="118">28</rw-visits>
<rw-visits order="121">28</rw-visits>
<rw-visits order="124">27</rw-visits>
<rw-visits order="127">27</rw-visits>
<rw-visits order="130">25</rw-visits>
<rw-visits order="133">25</rw-visits>
<rw-visits order="136">24</rw-visits>
<rw-visits order="139">24</rw-visits>
<rw-visits order="142">23</rw-visits>
<rw-visits order="145">23</rw-visits>
<rw-visits order="148">22</rw-visits>
<rw-visits order="151">22</rw-visits>
<rw-visits order="154">21</rw-visits>
<rw-visits order="157">21</rw-visits>
<rw-visits order="160">20</rw-visits>
<rw-visits order="163">20</rw-visits>
<rw-visits order="166">19</rw-visits>
<rw-visits order="169">19</rw-visits>
<rw-visits order="172">18</rw-visits>
<rw-visits order="175">18</rw-visits>
<rw-visits order="178">18</rw-visits>
<rw-visits order="181">17</rw-visits>
<rw-visits order="184">17</rw-visits>
<rw-visits order="187">17</rw-visits>
<rw-visits order="190">16</rw-visits>
<rw-visits order="193">16</rw-visits>
<rw-visits order="196">16</rw-visits>
<rw-visits order="199">15</rw-visits>
<rw-visits order="202">15</rw-visits>
<rw-visits order="205">15</rw-visits>
<rw-visits order="208">15</rw-visits>
<rw-visits order="211">15</rw-visits>
<rw-visits order="214">15</rw-visits>
<rw-visits order="217">14</rw-visits>
<rw-visits order="220">14</rw-visits>
<rw-visits order="223">14</rw-visits>
<rw-visits order="226">14</rw-visits>
<rw-visits order="229">14</rw-visits>
<rw-visits order="232">14</rw-visits>
<rw-visits order="235">14</rw-visits>
<rw-visits order="238">13</rw-visits>
<rw-visits order="241">13</rw-visits>
<rw-visits order="244">13</rw-visits>
<rw-visits order="247">13</rw-visits>
<rw-visits order="250">13</rw-visits>
<rw-visits order="253">13</rw-visits>
<rw-visits order="256">12</rw-visits>
<rw-visits order="259">12</rw-visits>
<rw-visits order="262">12</rw-visits>
<rw-visits order="265">12</rw-visits>
<rw-visits order="268">12</rw-visits>
<rw-visits order="271">11</rw-visits>
<rw-visits order="274">11</rw-visits>
<rw-visits order="277">11</rw-visits>
<rw-visits order="280">11</rw-visits>
<rw-visits order="283">11</rw-visits>
<rw-visits order="286">10</rw-visits>
<rw-visits order="289">10</rw-visits>
<rw-visits order="292">10</rw-visits>
<rw-visits order="295">10</rw-visits>
<rw-visits order="298">10</rw-visits>
<rw-visits order="301">10</rw-visits>
<rw-visits order="304">9</rw-visits>
<rw-visits order="307">9</rw-visits>
<rw-visits order="310">9</rw-visits>
<rw-visits order="313">9</rw-visits>
<rw-visits order="316">9</rw-visits>
<rw-visits order="319">9</rw-visits>
<rw-visits order="322">9</rw-visits>
<rw-visits order="325">9</rw-visits>
<rw-visits order="328">9</rw-visits>
<rw-visits order="331">8</rw-visits>
<rw-visits order="334">8</rw-visits>
<rw-visits order="337">8</rw-visits>
<rw-visits order="340">8</rw-visits>
<rw-visits order="343">8</rw-visits>
<rw-visits order="346">8</rw-visits>
<rw-visits order="349">8</rw-visits>
<rw-visits order="352">8</rw-visits>
<rw-visits order="355">8</rw-visits>
<rw-visits order="358">7</rw-visits>
<rw-visits order="361">7</rw-visits>
<rw-visits order="364">7</rw-visits>
<rw-visits order="367">7</rw-visits>
<rw-visits order="370">7</rw-visits>
<rw-visits order="373">7</rw-visits>
<rw-visits order="376">7</rw-visits>
<rw-visits order="379">7</rw-visits>
<rw-visits order="382">7</rw-visits>
<rw-visits order="385">7</rw-visits>
<rw-visits order="388">7</rw-visits>
<rw-visits order="391">6</rw-visits>
<rw-visits order="394">6</rw-visits>
<rw-visits order="397">6</rw-visits>
<rw-visits order="400">6</rw-visits>
<rw-visits order="403">6</rw-visits>
<rw-visits order="406">6</rw-visits>
<rw-visits order="409">6</rw-visits>
<rw-visits order="412">6</rw-visits>
<rw-visits order="415">6</rw-visits>
<rw-visits order="418">6</rw-visits>
<rw-visits order="421">6</rw-visits>
<rw-visits order="424">6</rw-visits>
<rw-visits order="427">5</rw-visits>
<rw-visits order="430">5</rw-visits>
<rw-visits order="433">5</rw-visits>
<rw-visits order="436">5</rw-visits>
<rw-visits order="439">5</rw-visits>
<rw-visits order="442">5</rw-visits>
<rw-visits order="445">5</rw-visits>
<rw-visits order="448">5</rw-visits>
<rw-visits order="451">5</rw-visits>
<rw-visits order="454">5</rw-visits>
<rw-visits order="457">5</rw-visits>
<rw-visits order="460">5</rw-visits>
<rw-visits order="463">5</rw-visits>
<rw-visits order="466">5</rw-visits>
<rw-visits order="469">5</rw-visits>
<rw-visits order="472">5</rw-visits>
<rw-visits order="475">5</rw-visits>
<rw-visits order="478">4</rw-visits>
<rw-visits order="481">4</rw-visits>
<rw-visits order="484">4</rw-visits>
<rw-visits order="487">4</rw-visits>
<rw-visits order="490">4</rw-visits>
<rw-visits order="493">4</rw-visits>
<rw-visits order="496">4</rw-visits>
<rw-visits order="499">4</rw-visits>
<rw-visits order="502">4</rw-visits>
<rw-visits order="505">4</rw-visits>
<rw-visits order="508">4</rw-visits>
<rw-visits order="511">4</rw-visits>
<rw-visits order="514">4</rw-visits>
<rw-visits order="517">4</rw-visits>
<rw-visits order="520">4</rw-visits>
<rw-visits order="523">4</rw-visits>
<rw-visits order="526">4</rw-visits>
<rw-visits order="529">4</rw-visits>
<rw-visits order="532">3</rw-visits>
<rw-visits order="535">3</rw-visits>
<rw-visits order="538">3</rw-visits>
<rw-visits order="541">3</rw-visits>
<rw-visits order="544">3</rw-visits>
<rw-visits order="547">3</rw-visits>
<rw-visits order="550">3</rw-visits>
<rw-visits order="553">3</rw-visits>
<rw-visits order="556">3</rw-visits>
<rw-visits order="559">3</rw-visits>
<rw-visits order="562">3</rw-visits>
<rw-visits order="565">3</rw-visits>
<rw-visits order="568">3</rw-visits>
<rw-visits order="571">3</rw-visits>
<rw-visits order="574">3</rw-visits>
<rw-visits order="577">3</rw-visits>
<rw-visits order="580">3</rw-visits>
<rw-visits order="583">3</rw-visits>
<rw-visits order="586">3</rw-visits>
<rw-visits order="589">3</rw-visits>
<rw-visits order="592">3</rw-visits>
<rw-visits order="595">3</rw-visits>
<rw-visits order="598">3</rw-visits>
<rw-visits order="601">3</rw-visits>
<rw-visits order="604">3</rw-visits>
<rw-visits order="607">2</rw-visits>
<rw-visits order="610">2</rw-visits>
<rw-visits order="613">2</rw-visits>
<rw-visits order="616">2</rw-visits>
<rw-visits order="619">2</rw-visits>
<rw-visits order="622">2</rw-visits>
<rw-visits order="625">2</rw-visits>
<rw-visits order="628">2</rw-visits>
<rw-visits order="631">2</rw-visits>
<rw-visits order="634">2</rw-visits>
<rw-visits order="637">2</rw-visits>
<rw-visits order="640">2</rw-visits>
<rw-visits order="643">2</rw-visits>
<rw-visits order="646">2</rw-visits>
<rw-visits order="649">2</rw-visits>
<rw-visits order="652">2</rw-visits>
<rw-visits order="655">2</rw-visits>
<rw-visits order="658">2</rw-visits>
<rw-visits order="661">2</rw-visits>
<rw-visits order="664">2</rw-visits>
<rw-visits order="667">2</rw-visits>
<rw-visits order="670">2</rw-visits>
<rw-visits order="673">2</rw-visits>
<rw-visits order="676">2</rw-visits>
<rw-visits order="679">2</rw-visits>
<rw-visits order="682">2</rw-visits>
<rw-visits order="685">2</rw-visits>
<rw-visits order="688">2</rw-visits>
<rw-visits order="691">2</rw-visits>
<rw-visits order="694">2</rw-visits>
<rw-visits order="697">2</rw-visits>
<rw-visits order="700">2</rw-visits>
<rw-visits order="703">2</rw-visits>
<rw-visits order="706">2</rw-visits>
<rw-visits order="709">2</rw-visits>
<rw-visits order="712">2</rw-visits>
<rw-visits order="715">2</rw-visits>
<rw-visits order="718">1</rw-visits>
<rw-visits order="721">1</rw-visits>
<rw-visits order="724">1</rw-visits>
<rw-visits order="727">1</rw-visits>
<rw-visits order="730">1</rw-visits>
<rw-visits order="733">1</rw-visits>
<rw-visits order="736">1</rw-visits>
<rw-visits order="739">1</rw-visits>
<rw-visits order="742">1</rw-visits>
<rw-visits order="745">1</rw-visits>
<rw-visits order="748">1</rw-visits>
<rw-visits order="751">1</rw-visits>
<rw-visits order="754">1</rw-visits>
<rw-visits order="757">1</rw-visits>
<rw-visits order="760">1</rw-visits>
<rw-visits order="763">1</rw-visits>
<rw-visits order="766">1</rw-visits>
<rw-visits order="769">1</rw-visits>
<rw-visits order="772">1</rw-visits>
<rw-visits order="775">1</rw-visits>
<rw-visits order="778">1</rw-visits>
<rw-visits order="781">1</rw-visits>
<rw-visits order="784">1</rw-visits>
<rw-visits order="787">1</rw-visits>
<rw-visits order="790">1</rw-visits>
<rw-visits order="793">1</rw-visits>
<rw-visits order="796">1</rw-visits>
<rw-visits order="799">1</rw-visits>
<rw-visits order="802">1</rw-visits>
<rw-visits order="805">1</rw-visits>
<rw-visits order="808">1</rw-visits>
<rw-visits order="811">1</rw-visits>
<rw-visits order="814">1</rw-visits>
<rw-visits order="817">1</rw-visits>
<rw-visits order="820">1</rw-visits>
<rw-visits order="823">1</rw-visits>
<rw-visits order="826">1</rw-visits>
<rw-visits order="829">1</rw-visits>
<rw-visits order="832">1</rw-visits>
<rw-visits order="835">1</rw-visits>
<rw-visits order="838">1</rw-visits>
<rw-visits order="841">1</rw-visits>
<rw-visits order="844">1</rw-visits>
<rw-visits order="847">1</rw-visits>
<rw-visits order="850">1</rw-visits>
<rw-visits order="853">1</rw-visits>
<rw-visits order="856">1</rw-visits>
<final-coverage>74.7818</final-coverage>
</rw-info>
<local-info>
<diamonds>76.5271</diamonds>
<neighborhood k="4">12</neighborhood>
<clustering k="4">1.32438</clustering>
</local-info>
<label-info>
<edge-label id="0.0">151</edge-label>
<edge-label id="0.1">36</edge-label>
<edge-label id="0.2">80</edge-label>
<edge-label id="0.3">82</edge-label>
<edge-label id="0.4">260</edge-label>
<edge-label id="0.5">224</edge-label>
<edge-label id="0.6">104</edge-label>
<edge-label id="0.7">104</edge-label>
<edge-label id="1.0">145</edge-label>
<edge-label id="1.1">36</edge-label>
<edge-label id="1.2">125</edge-label>
<edge-label id="1.3">96</edge-label>
<edge-label id="1.4">232</edge-label>
<edge-label id="1.5">190</edge-label>
<edge-label id="1.6">110</edge-label>
<edge-label id="1.7">110</edge-label>
<state-labels procid="0">
<label id="[{0|0},{0|0}]">22</label>
<label id="[{0|0},{0|1}]">42</label>
<label id="[{0|0},{0|2}]">12</label>
<label id="[{0|0},{0|3}]">12</label>
<label id="[{0|0},{0|4}]">12</label>
<label id="[{0|0},{0|5}]">12</label>
<label id="[{0|0},{0|6}]">6</label>
<label id="[{0|0},{1|0}]">42</label>
<label id="[{0|0},{1|1}]">12</label>
<label id="[{0|0},{1|2}]">36</label>
<label id="[{0|0},{1|3}]">24</label>
<label id="[{0|0},{1|4}]">24</label>
<label id="[{0|0},{1|5}]">24</label>
<label id="[{0|0},{1|6}]">24</label>
<label id="[{0|0},{2|0}]">12</label>
<label id="[{0|0},{2|1}]">36</label>
<label id="[{0|0},{2|3}]">36</label>
<label id="[{0|0},{3|0}]">12</label>
<label id="[{0|0},{3|1}]">12</label>
<label id="[{0|0},{3|2}]">36</label>
<label id="[{0|0},{3|4}]">36</label>
<label id="[{0|0},{4|0}]">12</label>
<label id="[{0|0},{4|1}]">12</label>
<label id="[{0|0},{4|3}]">36</label>
<label id="[{0|0},{4|5}]">36</label>
<label id="[{0|0},{5|0}]">12</label>
<label id="[{0|0},{5|1}]">12</label>
<label id="[{0|0},{5|4}]">36</label>
<label id="[{0|0},{5|6}]">36</label>
<label id="[{0|0},{6|0}]">6</label>
<label id="[{0|0},{6|1}]">12</label>
<label id="[{0|0},{6|5}]">36</label>
<label id="[{0|1},{0|0}]">33</label>
<label id="[{0|1},{1|0}]">54</label>
<label id="[{0|1},{2|0}]">24</label>
<label id="[{0|1},{3|0}]">24</label>
<label id="[{0|1},{4|0}]">24</label>
<label id="[{0|1},{5|0}]">24</label>
<label id="[{0|1},{6|0}]">24</label>
<label id="[{1|0},{0|0}]">27</label>
<label id="[{1|0},{0|1}]">24</label>
<label id="[{1|0},{0|2}]">19</label>
<label id="[{1|0},{0|3}]">19</label>
<label id="[{1|0},{0|4}]">19</label>
<label id="[{1|0},{0|5}]">19</label>
<label id="[{1|0},{0|6}]">19</label>
<label id="[{1|1},{0|0}]">63</label>
</state-labels><state-labels procid="1">
<label id="[0,0,0]">11</label>
<label id="[0,2,0]">24</label>
<label id="[0,2,1]">19</label>
<label id="[0,2,2]">26</label>
<label id="[0,2,3]">26</label>
<label id="[0,2,4]">26</label>
<label id="[0,2,5]">19</label>
<label id="[1,0,0]">58</label>
<label id="[1,1,0]">58</label>
<label id="[1,2,0]">28</label>
<label id="[1,2,1]">10</label>
<label id="[1,2,2]">11</label>
<label id="[1,2,3]">11</label>
<label id="[1,2,4]">11</label>
<label id="[1,2,5]">11</label>
<label id="[1,2,6]">11</label>
<label id="[2,0,0]">54</label>
<label id="[2,0,1]">19</label>
<label id="[2,0,2]">21</label>
<label id="[2,0,3]">21</label>
<label id="[2,0,4]">21</label>
<label id="[2,0,5]">14</label>
<label id="[2,1,0]">54</label>
<label id="[2,1,1]">19</label>
<label id="[2,1,2]">21</label>
<label id="[2,1,3]">21</label>
<label id="[2,1,4]">21</label>
<label id="[2,1,5]">14</label>
<label id="[2,2,0]">18</label>
<label id="[2,2,1]">17</label>
<label id="[2,2,2]">19</label>
<label id="[2,2,3]">19</label>
<label id="[2,2,4]">19</label>
<label id="[2,2,5]">12</label>
<label id="[3,0,0]">54</label>
<label id="[3,0,1]">19</label>
<label id="[3,0,2]">21</label>
<label id="[3,0,3]">21</label>
<label id="[3,0,4]">21</label>
<label id="[3,0,5]">14</label>
<label id="[3,1,0]">42</label>
<label id="[3,1,1]">17</label>
<label id="[3,1,2]">19</label>
<label id="[3,1,3]">19</label>
<label id="[3,1,4]">19</label>
<label id="[3,1,5]">12</label>
<label id="[4,2,0]">18</label>
<label id="[4,2,1]">17</label>
<label id="[4,2,2]">19</label>
<label id="[4,2,3]">19</label>
<label id="[4,2,4]">19</label>
<label id="[4,2,5]">12</label>
</state-labels><state-labels procid="2">
<label id="[0,0,0]">11</label>
<label id="[0,2,0]">23</label>
<label id="[0,2,1]">18</label>
<label id="[0,2,2]">25</label>
<label id="[0,2,3]">25</label>
<label id="[0,2,4]">25</label>
<label id="[0,2,5]">18</label>
<label id="[1,0,0]">52</label>
<label id="[1,1,0]">34</label>
<label id="[1,1,1]">10</label>
<label id="[1,1,2]">13</label>
<label id="[1,1,3]">13</label>
<label id="[1,1,4]">13</label>
<label id="[1,1,5]">13</label>
<label id="[1,1,6]">13</label>
<label id="[1,2,0]">34</label>
<label id="[1,2,1]">10</label>
<label id="[1,2,2]">13</label>
<label id="[1,2,3]">13</label>
<label id="[1,2,4]">13</label>
<label id="[1,2,5]">13</label>
<label id="[1,2,6]">13</label>
<label id="[2,0,0]">52</label>
<label id="[2,0,1]">18</label>
<label id="[2,0,2]">22</label>
<label id="[2,0,3]">22</label>
<label id="[2,0,4]">22</label>
<label id="[2,0,5]">15</label>
<label id="[2,1,0]">16</label>
<label id="[2,1,1]">17</label>
<label id="[2,1,2]">21</label>
<label id="[2,1,3]">21</label>
<label id="[2,1,4]">21</label>
<label id="[2,1,5]">14</label>
<label id="[2,2,0]">16</label>
<label id="[2,2,1]">17</label>
<label id="[2,2,2]">21</label>
<label id="[2,2,3]">21</label>
<label id="[2,2,4]">21</label>
<label id="[2,2,5]">14</label>
<label id="[3,0,0]">46</label>
<label id="[3,0,1]">17</label>
<label id="[3,0,2]">21</label>
<label id="[3,0,3]">21</label>
<label id="[3,0,4]">21</label>
<label id="[3,0,5]">14</label>
<label id="[3,1,0]">16</label>
<label id="[3,1,1]">17</label>
<label id="[3,1,2]">21</label>
<label id="[3,1,3]">21</label>
<label id="[3,1,4]">21</label>
<label id="[3,1,5]">14</label>
<label id="[4,2,0]">16</label>
<label id="[4,2,1]">17</label>
<label id="[4,2,2]">21</label>
<label id="[4,2,3]">21</label>
<label id="[4,2,4]">21</label>
<label id="[4,2,5]">14</label>
</state-labels></label-info>
</state-space-info>
