<?xml version="1.0"?>

<!DOCTYPE instance-list SYSTEM "../instance_list.dtd">

<instance-list>
<instance name="bakery" id="1">
<reach-time complete="yes">0.4</reach-time>
<states>1506</states>
<state-size>12</state-size>
<prediction>0</prediction>
<reach-goal prop-id="1" answer="no" length="0"/>
<ltl-prob prop-id="2" answer="no" length="12"/>
<ltl-prob prop-id="3" answer="no" length="12"/>
<ltl-prob prop-id="4" answer="no" length="12"/>
</instance>

<instance name="bakery" id="2">
<reach-time complete="yes">0.4</reach-time>
<states>1146</states>
<state-size>12</state-size>
<prediction>0</prediction>
<reach-goal prop-id="1" answer="yes" length="19"/>
<ltl-prob prop-id="2" answer="no" length="12"/>
<ltl-prob prop-id="3" answer="no" length="12"/>
<ltl-prob prop-id="4" answer="no" length="12"/>
</instance>

<instance name="bakery" id="3">
<reach-time complete="yes">0.9</reach-time>
<states>32919</states>
<state-size>18</state-size>
<prediction>0</prediction>
<reach-goal prop-id="1" answer="no" length="0"/>
<ltl-prob prop-id="2" answer="no" length="15"/>
<ltl-prob prop-id="3" answer="no" length="15"/>
<ltl-prob prop-id="4" answer="no" length="15"/>
</instance>

<instance name="bakery" id="4">
<reach-time complete="yes">2.7</reach-time>
<states>157003</states>
<state-size>18</state-size>
<prediction>0</prediction>
<reach-goal prop-id="1" answer="yes" length="25"/>
<ltl-prob prop-id="2" answer="no" length="15"/>
<ltl-prob prop-id="3" answer="no" length="15"/>
<ltl-prob prop-id="4" answer="no" length="15"/>
</instance>

<instance name="bakery" id="5">
<reach-time complete="yes">143.6</reach-time>
<states>7866401</states>
<state-size>24</state-size>
<prediction>0</prediction>
<reach-goal prop-id="1" answer="no" length="0"/>
<ltl-prob prop-id="2" answer="no" length="18"/>
<ltl-prob prop-id="3" answer="no" length="18"/>
<ltl-prob prop-id="4" answer="no" length="18"/>
</instance>

<instance name="bakery" id="6">
<reach-time complete="yes">228.7</reach-time>
<states>11845035</states>
<state-size>24</state-size>
<prediction>0</prediction>
<reach-goal prop-id="1" answer="yes" length="31"/>
<ltl-prob prop-id="2" answer="unknown" length="0"/>
<ltl-prob prop-id="3" answer="unknown" length="0"/>
<ltl-prob prop-id="4" answer="unknown" length="0"/>
</instance>

<instance name="bakery" id="7">
<reach-time complete="yes">540.8</reach-time>
<states>29047471</states>
<state-size>24</state-size>
<prediction>0</prediction>
<reach-goal prop-id="1" answer="no" length="0"/>
<ltl-prob prop-id="2" answer="unknown" length="0"/>
<ltl-prob prop-id="3" answer="unknown" length="0"/>
<ltl-prob prop-id="4" answer="unknown" length="0"/>
</instance>

<instance name="bakery" id="8">
<reach-time complete="no">1027.4</reach-time>
<states>30442698</states>
<state-size>30</state-size>
<prediction>0</prediction>
<reach-goal prop-id="1" answer="unknown" length="0"/>
<ltl-prob prop-id="2" answer="unknown" length="0"/>
<ltl-prob prop-id="3" answer="unknown" length="0"/>
<ltl-prob prop-id="4" answer="unknown" length="0"/>
</instance>

</instance-list>
