<?xml version="1.0"?>
<!DOCTYPE state-space-info SYSTEM "../../state_space_info.dtd">


<state-space-info>
<states>18424</states>
<edges>39673</edges>
<bfs-info>
 <levels>110</levels>
<max-level>581</max-level>

<back-level-edges>4583</back-level-edges>
<max-back-level-edge>43</max-back-level-edge>
<avg-back-level-edge>11.2254</avg-back-level-edge>
<bfs-levels>
<level id="0"><states>1</states><edges>3</edges></level>
<level id="1"><states>3</states><edges>8</edges></level>
<level id="2"><states>5</states><edges>13</edges></level>
<level id="3"><states>9</states><edges>21</edges></level>
<level id="4"><states>12</states><edges>31</edges></level>
<level id="5"><states>17</states><edges>41</edges></level>
<level id="6"><states>23</states><edges>51</edges></level>
<level id="7"><states>27</states><edges>62</edges></level>
<level id="8"><states>33</states><edges>74</edges></level>
<level id="9"><states>41</states><edges>89</edges></level>
<level id="10"><states>47</states><edges>113</edges></level>
<level id="11"><states>64</states><edges>149</edges></level>
<level id="12"><states>80</states><edges>184</edges></level>
<level id="13"><states>100</states><edges>235</edges></level>
<level id="14"><states>127</states><edges>291</edges></level>
<level id="15"><states>150</states><edges>334</edges></level>
<level id="16"><states>171</states><edges>373</edges></level>
<level id="17"><states>185</states><edges>418</edges></level>
<level id="18"><states>211</states><edges>468</edges></level>
<level id="19"><states>236</states><edges>495</edges></level>
<level id="20"><states>240</states><edges>528</edges></level>
<level id="21"><states>270</states><edges>586</edges></level>
<level id="22"><states>289</states><edges>618</edges></level>
<level id="23"><states>301</states><edges>677</edges></level>
<level id="24"><states>338</states><edges>754</edges></level>
<level id="25"><states>359</states><edges>784</edges></level>
<level id="26"><states>379</states><edges>831</edges></level>
<level id="27"><states>405</states><edges>871</edges></level>
<level id="28"><states>411</states><edges>884</edges></level>
<level id="29"><states>433</states><edges>919</edges></level>
<level id="30"><states>443</states><edges>934</edges></level>
<level id="31"><states>439</states><edges>915</edges></level>
<level id="32"><states>439</states><edges>916</edges></level>
<level id="33"><states>453</states><edges>949</edges></level>
<level id="34"><states>467</states><edges>982</edges></level>
<level id="35"><states>479</states><edges>1014</edges></level>
<level id="36"><states>491</states><edges>1064</edges></level>
<level id="37"><states>525</states><edges>1154</edges></level>
<level id="38"><states>557</states><edges>1218</edges></level>
<level id="39"><states>577</states><edges>1252</edges></level>
<level id="40"><states>578</states><edges>1264</edges></level>
<level id="41"><states>581</states><edges>1246</edges></level>
<level id="42"><states>548</states><edges>1176</edges></level>
<level id="43"><states>498</states><edges>1078</edges></level>
<level id="44"><states>448</states><edges>980</edges></level>
<level id="45"><states>417</states><edges>910</edges></level>
<level id="46"><states>381</states><edges>818</edges></level>
<level id="47"><states>349</states><edges>742</edges></level>
<level id="48"><states>307</states><edges>649</edges></level>
<level id="49"><states>271</states><edges>562</edges></level>
<level id="50"><states>242</states><edges>503</edges></level>
<level id="51"><states>229</states><edges>477</edges></level>
<level id="52"><states>220</states><edges>453</edges></level>
<level id="53"><states>213</states><edges>451</edges></level>
<level id="54"><states>212</states><edges>453</edges></level>
<level id="55"><states>207</states><edges>450</edges></level>
<level id="56"><states>202</states><edges>424</edges></level>
<level id="57"><states>186</states><edges>389</edges></level>
<level id="58"><states>180</states><edges>380</edges></level>
<level id="59"><states>175</states><edges>374</edges></level>
<level id="60"><states>177</states><edges>390</edges></level>
<level id="61"><states>186</states><edges>412</edges></level>
<level id="62"><states>189</states><edges>429</edges></level>
<level id="63"><states>195</states><edges>442</edges></level>
<level id="64"><states>195</states><edges>426</edges></level>
<level id="65"><states>178</states><edges>387</edges></level>
<level id="66"><states>147</states><edges>307</edges></level>
<level id="67"><states>111</states><edges>228</edges></level>
<level id="68"><states>83</states><edges>170</edges></level>
<level id="69"><states>60</states><edges>121</edges></level>
<level id="70"><states>42</states><edges>84</edges></level>
<level id="71"><states>31</states><edges>57</edges></level>
<level id="72"><states>23</states><edges>45</edges></level>
<level id="73"><states>20</states><edges>43</edges></level>
<level id="74"><states>19</states><edges>40</edges></level>
<level id="75"><states>18</states><edges>38</edges></level>
<level id="76"><states>17</states><edges>35</edges></level>
<level id="77"><states>16</states><edges>33</edges></level>
<level id="78"><states>14</states><edges>27</edges></level>
<level id="79"><states>11</states><edges>21</edges></level>
<level id="80"><states>10</states><edges>17</edges></level>
<level id="81"><states>8</states><edges>11</edges></level>
<level id="82"><states>6</states><edges>9</edges></level>
<level id="83"><states>6</states><edges>10</edges></level>
<level id="84"><states>7</states><edges>13</edges></level>
<level id="85"><states>8</states><edges>14</edges></level>
<level id="86"><states>8</states><edges>16</edges></level>
<level id="87"><states>10</states><edges>22</edges></level>
<level id="88"><states>12</states><edges>24</edges></level>
<level id="89"><states>12</states><edges>24</edges></level>
<level id="90"><states>12</states><edges>24</edges></level>
<level id="91"><states>12</states><edges>24</edges></level>
<level id="92"><states>12</states><edges>24</edges></level>
<level id="93"><states>12</states><edges>24</edges></level>
<level id="94"><states>12</states><edges>25</edges></level>
<level id="95"><states>13</states><edges>30</edges></level>
<level id="96"><states>16</states><edges>38</edges></level>
<level id="97"><states>19</states><edges>45</edges></level>
<level id="98"><states>23</states><edges>58</edges></level>
<level id="99"><states>29</states><edges>72</edges></level>
<level id="100"><states>32</states><edges>74</edges></level>
<level id="101"><states>32</states><edges>71</edges></level>
<level id="102"><states>30</states><edges>64</edges></level>
<level id="103"><states>24</states><edges>47</edges></level>
<level id="104"><states>15</states><edges>26</edges></level>
<level id="105"><states>10</states><edges>19</edges></level>
<level id="106"><states>9</states><edges>15</edges></level>
<level id="107"><states>6</states><edges>8</edges></level>
<level id="108"><states>4</states><edges>6</edges></level>
<level id="109"><states>2</states><edges>2</edges></level>
</bfs-levels>
<back-level-length id="0">1.57102</back-level-length>
<back-level-length id="1">0.414576</back-level-length>
<back-level-length id="2">8.05149</back-level-length>
<back-level-length id="3">3.38206</back-level-length>
<back-level-length id="4">1.74558</back-level-length>
<back-level-length id="5">3.55662</back-level-length>
<back-level-length id="6">36.0681</back-level-length>
<back-level-length id="7">0.130919</back-level-length>
<back-level-length id="8">2.2038</back-level-length>
<back-level-length id="9">3.01113</back-level-length>
<back-level-length id="10">0.0872791</back-level-length>
<back-level-length id="11">0.872791</back-level-length>
<back-level-length id="12">2.0947</back-level-length>
<back-level-length id="13">1.57102</back-level-length>
<back-level-length id="14">0.589134</back-level-length>
<back-level-length id="15">11.6954</back-level-length>
<back-level-length id="16">0.0436395</back-level-length>
<back-level-length id="17">0</back-level-length>
<back-level-length id="18">1.13463</back-level-length>
<back-level-length id="19">0.480035</back-level-length>
<back-level-length id="20">3.79664</back-level-length>
<back-level-length id="21">2.02924</back-level-length>
<back-level-length id="22">4.01484</back-level-length>
<back-level-length id="23">1.39647</back-level-length>
<back-level-length id="24">0.480035</back-level-length>
<back-level-length id="25">0.0436395</back-level-length>
<back-level-length id="26">0.414576</back-level-length>
<back-level-length id="27">0.240017</back-level-length>
<back-level-length id="28">0.0872791</back-level-length>
<back-level-length id="29">7.02597</back-level-length>
<back-level-length id="30">0</back-level-length>
<back-level-length id="31">0.0872791</back-level-length>
<back-level-length id="32">0</back-level-length>
<back-level-length id="33">0</back-level-length>
<back-level-length id="34">0</back-level-length>
<back-level-length id="35">1.13463</back-level-length>
<back-level-length id="36">0.0436395</back-level-length>
<back-level-length id="37">0</back-level-length>
<back-level-length id="38">0.261837</back-level-length>
<back-level-length id="39">0.0436395</back-level-length>
<back-level-length id="40">0</back-level-length>
<back-level-length id="41">0</back-level-length>
<back-level-length id="42">0.0436395</back-level-length>
<back-level-length id="43">0.152738</back-level-length>
</bfs-info>
<degrees>
<avg>2.15333</avg>
<max-in>12</max-in>
<max-out>4</max-out>
<degree id="0"><in>1</in><out>17</out></degree>
<degree id="1"><in>4698</in><out>3643</out></degree>
<degree id="2"><in>8007</in><out>8932</out></degree>
<degree id="3"><in>4376</in><out>5162</out></degree>
<degree id="4"><in>1011</in><out>670</out></degree>
<degree id="5"><in>237</in><out>0</out></degree>
<degree id="6"><in>70</in><out>0</out></degree>
<degree id="7"><in>17</in><out>0</out></degree>
<degree id="8"><in>4</in><out>0</out></degree>
<degree id="9"><in>0</in><out>0</out></degree>
<degree id="10"><in>1</in><out>0</out></degree>
<degree id="11"><in>1</in><out>0</out></degree>
<degree id="12"><in>1</in><out>0</out></degree>
</degrees>
<scc-info>
<count>4586</count>
<height>69</height>
<nontrivial-height>7</nontrivial-height>
<trivial>4582</trivial>
<terminal>18</terminal>
<largest>6002</largest>
<largest-position> </largest-position>
</scc-info>
<dfs-info>
<stack-size id="92">0.499349</stack-size>
<stack-size id="184">0.808728</stack-size>
<stack-size id="276">1.20495</stack-size>
<stack-size id="368">1.04212</stack-size>
<stack-size id="460">1.12353</stack-size>
<stack-size id="552">0.976987</stack-size>
<stack-size id="644">0.645897</stack-size>
<stack-size id="736">0.938993</stack-size>
<stack-size id="828">1.27551</stack-size>
<stack-size id="920">1.34607</stack-size>
<stack-size id="1012">1.764</stack-size>
<stack-size id="1104">2.2145</stack-size>
<stack-size id="1196">2.49132</stack-size>
<stack-size id="1288">2.27421</stack-size>
<stack-size id="1380">2.76813</stack-size>
<stack-size id="1472">3.07208</stack-size>
<stack-size id="1564">3.33261</stack-size>
<stack-size id="1656">3.54972</stack-size>
<stack-size id="1748">3.86995</stack-size>
<stack-size id="1840">3.88081</stack-size>
<stack-size id="1932">3.7234</stack-size>
<stack-size id="2024">3.57686</stack-size>
<stack-size id="2116">3.53886</stack-size>
<stack-size id="2208">3.53343</stack-size>
<stack-size id="2300">3.33804</stack-size>
<stack-size id="2392">3.52801</stack-size>
<stack-size id="2484">3.58228</stack-size>
<stack-size id="2576">3.20234</stack-size>
<stack-size id="2668">3.13178</stack-size>
<stack-size id="2760">2.69757</stack-size>
<stack-size id="2852">2.34477</stack-size>
<stack-size id="2944">2.08424</stack-size>
<stack-size id="3036">1.72601</stack-size>
<stack-size id="3128">1.37864</stack-size>
<stack-size id="3220">0.998697</stack-size>
<stack-size id="3312">0.47221</stack-size>
<stack-size id="3404">0.341945</stack-size>
<stack-size id="3496">0.656752</stack-size>
<stack-size id="3588">1.10725</stack-size>
<stack-size id="3680">1.43834</stack-size>
<stack-size id="3772">1.82914</stack-size>
<stack-size id="3864">1.96483</stack-size>
<stack-size id="3956">2.20908</stack-size>
<stack-size id="4048">2.43704</stack-size>
<stack-size id="4140">2.81698</stack-size>
<stack-size id="4232">3.13178</stack-size>
<stack-size id="4324">3.45745</stack-size>
<stack-size id="4416">3.65827</stack-size>
<stack-size id="4508">3.84824</stack-size>
<stack-size id="4600">4.06535</stack-size>
<stack-size id="4692">4.40729</stack-size>
<stack-size id="4784">4.65697</stack-size>
<stack-size id="4876">5.09119</stack-size>
<stack-size id="4968">5.17803</stack-size>
<stack-size id="5060">5.42228</stack-size>
<stack-size id="5152">5.55254</stack-size>
<stack-size id="5244">5.84021</stack-size>
<stack-size id="5336">6.24186</stack-size>
<stack-size id="5428">6.41554</stack-size>
<stack-size id="5520">6.76835</stack-size>
<stack-size id="5612">6.6815</stack-size>
<stack-size id="5704">7.02888</stack-size>
<stack-size id="5796">7.51194</stack-size>
<stack-size id="5888">7.47937</stack-size>
<stack-size id="5980">7.53908</stack-size>
<stack-size id="6072">7.80504</stack-size>
<stack-size id="6164">7.9353</stack-size>
<stack-size id="6256">7.98415</stack-size>
<stack-size id="6348">8.36409</stack-size>
<stack-size id="6440">8.52149</stack-size>
<stack-size id="6532">8.55406</stack-size>
<stack-size id="6624">8.41837</stack-size>
<stack-size id="6716">8.49436</stack-size>
<stack-size id="6808">8.59748</stack-size>
<stack-size id="6900">8.59205</stack-size>
<stack-size id="6992">8.61376</stack-size>
<stack-size id="7084">8.52692</stack-size>
<stack-size id="7176">8.61919</stack-size>
<stack-size id="7268">8.67347</stack-size>
<stack-size id="7360">8.57034</stack-size>
<stack-size id="7452">8.27725</stack-size>
<stack-size id="7544">8.34781</stack-size>
<stack-size id="7636">8.33695</stack-size>
<stack-size id="7728">8.36952</stack-size>
<stack-size id="7820">8.09271</stack-size>
<stack-size id="7912">7.79418</stack-size>
<stack-size id="8004">7.77247</stack-size>
<stack-size id="8096">7.63678</stack-size>
<stack-size id="8188">7.24056</stack-size>
<stack-size id="8280">6.95289</stack-size>
<stack-size id="8372">6.90404</stack-size>
<stack-size id="8464">6.69779</stack-size>
<stack-size id="8556">6.29071</stack-size>
<stack-size id="8648">6.03561</stack-size>
<stack-size id="8740">5.8185</stack-size>
<stack-size id="8832">5.64481</stack-size>
<stack-size id="8924">5.03148</stack-size>
<stack-size id="9016">4.57555</stack-size>
<stack-size id="9108">4.16305</stack-size>
<stack-size id="9200">3.84824</stack-size>
<stack-size id="9292">3.28376</stack-size>
<stack-size id="9384">3.06665</stack-size>
<stack-size id="9476">2.53474</stack-size>
<stack-size id="9568">2.09509</stack-size>
<stack-size id="9660">1.8997</stack-size>
<stack-size id="9752">1.83456</stack-size>
<stack-size id="9844">1.51976</stack-size>
<stack-size id="9936">1.08554</stack-size>
<stack-size id="10028">1.19409</stack-size>
<stack-size id="10120">1.2538</stack-size>
<stack-size id="10212">1.26465</stack-size>
<stack-size id="10304">1.1561</stack-size>
<stack-size id="10396">0.819583</stack-size>
<stack-size id="10488">0.135693</stack-size>
<stack-size id="10580">0.282241</stack-size>
<stack-size id="10672">0.227964</stack-size>
<stack-size id="10764">0.265957</stack-size>
<stack-size id="10856">0.396222</stack-size>
<stack-size id="10948">0.537343</stack-size>
<stack-size id="11040">0.814155</stack-size>
<stack-size id="11132">0.955276</stack-size>
<stack-size id="11224">1.06926</stack-size>
<stack-size id="11316">1.11811</stack-size>
<stack-size id="11408">1.16696</stack-size>
<stack-size id="11500">1.30808</stack-size>
<stack-size id="11592">1.55775</stack-size>
<stack-size id="11684">1.61746</stack-size>
<stack-size id="11776">1.83456</stack-size>
<stack-size id="11868">2.00282</stack-size>
<stack-size id="11960">1.98654</stack-size>
<stack-size id="12052">2.09509</stack-size>
<stack-size id="12144">2.33391</stack-size>
<stack-size id="12236">2.55102</stack-size>
<stack-size id="12328">2.84954</stack-size>
<stack-size id="12420">3.1155</stack-size>
<stack-size id="12512">3.06665</stack-size>
<stack-size id="12604">3.11007</stack-size>
<stack-size id="12696">3.16978</stack-size>
<stack-size id="12788">3.25662</stack-size>
<stack-size id="12880">3.49544</stack-size>
<stack-size id="12972">3.59857</stack-size>
<stack-size id="13064">3.69627</stack-size>
<stack-size id="13156">4.0165</stack-size>
<stack-size id="13248">4.08163</stack-size>
<stack-size id="13340">4.16848</stack-size>
<stack-size id="13432">4.29874</stack-size>
<stack-size id="13524">4.30417</stack-size>
<stack-size id="13616">4.43443</stack-size>
<stack-size id="13708">4.32588</stack-size>
<stack-size id="13800">4.29331</stack-size>
<stack-size id="13892">4.2716</stack-size>
<stack-size id="13984">4.03278</stack-size>
<stack-size id="14076">4.04907</stack-size>
<stack-size id="14168">4.05992</stack-size>
<stack-size id="14260">4.00022</stack-size>
<stack-size id="14352">4.05449</stack-size>
<stack-size id="14444">3.94051</stack-size>
<stack-size id="14536">3.97308</stack-size>
<stack-size id="14628">3.90795</stack-size>
<stack-size id="14720">3.8591</stack-size>
<stack-size id="14812">3.57686</stack-size>
<stack-size id="14904">3.56057</stack-size>
<stack-size id="14996">3.60942</stack-size>
<stack-size id="15088">3.43574</stack-size>
<stack-size id="15180">3.57143</stack-size>
<stack-size id="15272">3.57686</stack-size>
<stack-size id="15364">3.57143</stack-size>
<stack-size id="15456">3.50087</stack-size>
<stack-size id="15548">3.45202</stack-size>
<stack-size id="15640">3.45745</stack-size>
<stack-size id="15732">3.07208</stack-size>
<stack-size id="15824">2.81155</stack-size>
<stack-size id="15916">2.73013</stack-size>
<stack-size id="16008">2.703</stack-size>
<stack-size id="16100">2.96895</stack-size>
<stack-size id="16192">3.24034</stack-size>
<stack-size id="16284">3.25119</stack-size>
<stack-size id="16376">3.22948</stack-size>
<stack-size id="16468">3.2132</stack-size>
<stack-size id="16560">3.19692</stack-size>
<stack-size id="16652">3.26748</stack-size>
<stack-size id="16744">3.27833</stack-size>
<stack-size id="16836">3.34889</stack-size>
<stack-size id="16928">3.30547</stack-size>
<stack-size id="17020">3.03409</stack-size>
<stack-size id="17112">3.06665</stack-size>
<stack-size id="17204">3.02323</stack-size>
<stack-size id="17296">3.01238</stack-size>
<stack-size id="17388">2.89297</stack-size>
<stack-size id="17480">2.80069</stack-size>
<stack-size id="17572">2.82241</stack-size>
<stack-size id="17664">2.49132</stack-size>
<stack-size id="17756">1.82371</stack-size>
<stack-size id="17848">1.77486</stack-size>
<stack-size id="17940">1.86713</stack-size>
<stack-size id="18032">1.802</stack-size>
<stack-size id="18124">1.02041</stack-size>
<stack-size id="18216">0.483066</stack-size>
<stack-size id="18308">0.0325662</stack-size>
<stack-size id="18400">0.0488493</stack-size>
<max-stack>1606</max-stack>
<front-edges>18423</front-edges>
<back-edges>2747</back-edges>
<cross-edges>18503</cross-edges>
<shortest-cycle>9</shortest-cycle>
</dfs-info>
<rw-info>
<coverage step="1840">8.52149</coverage>
<coverage step="3680">14.6385</coverage>
<coverage step="5520">19.1544</coverage>
<coverage step="7360">22.7258</coverage>
<coverage step="9200">25.2768</coverage>
<coverage step="11040">27.3665</coverage>
<coverage step="12880">29.2228</coverage>
<coverage step="14720">30.6177</coverage>
<coverage step="16560">31.8281</coverage>
<coverage step="18400">33.7495</coverage>
<coverage step="20240">35.4809</coverage>
<coverage step="22080">36.5773</coverage>
<coverage step="23920">38.3576</coverage>
<coverage step="25760">39.1663</coverage>
<coverage step="27600">40.0564</coverage>
<coverage step="29440">41.142</coverage>
<coverage step="31280">42.2221</coverage>
<coverage step="33120">42.7486</coverage>
<coverage step="34960">43.4108</coverage>
<coverage step="36800">44.2683</coverage>
<coverage step="38640">45.1965</coverage>
<coverage step="40480">46.1626</coverage>
<coverage step="42320">46.9985</coverage>
<coverage step="44160">47.8506</coverage>
<coverage step="46000">48.2903</coverage>
<coverage step="47840">49.3758</coverage>
<coverage step="49680">50.4668</coverage>
<coverage step="51520">51.1127</coverage>
<coverage step="53360">51.65</coverage>
<coverage step="55200">52.1277</coverage>
<coverage step="57040">52.5727</coverage>
<coverage step="58880">52.9472</coverage>
<coverage step="60720">53.3489</coverage>
<coverage step="62560">54.0816</coverage>
<coverage step="64400">54.6298</coverage>
<coverage step="66240">55.0043</coverage>
<coverage step="68080">55.4711</coverage>
<coverage step="69920">55.6774</coverage>
<coverage step="71760">56.1496</coverage>
<coverage step="73600">56.5404</coverage>
<coverage step="75440">56.7195</coverage>
<coverage step="77280">57.4848</coverage>
<coverage step="79120">57.7833</coverage>
<coverage step="80960">58.0818</coverage>
<coverage step="82800">58.2447</coverage>
<coverage step="84640">58.5432</coverage>
<coverage step="86480">58.7929</coverage>
<coverage step="88320">59.1348</coverage>
<coverage step="90160">59.2868</coverage>
<coverage step="92000">59.4116</coverage>
<coverage step="93840">59.5745</coverage>
<coverage step="95680">59.8784</coverage>
<coverage step="97520">60.1824</coverage>
<coverage step="99360">60.5352</coverage>
<coverage step="101200">61.002</coverage>
<coverage step="103040">61.1485</coverage>
<coverage step="104880">61.333</coverage>
<coverage step="106720">61.7238</coverage>
<coverage step="108560">61.8161</coverage>
<coverage step="110400">61.9409</coverage>
<coverage step="112240">62.1526</coverage>
<coverage step="114080">62.4566</coverage>
<coverage step="115920">62.6465</coverage>
<coverage step="117760">62.804</coverage>
<coverage step="119600">62.8962</coverage>
<coverage step="121440">63.3142</coverage>
<coverage step="123280">63.6018</coverage>
<coverage step="125120">63.7701</coverage>
<coverage step="126960">63.998</coverage>
<coverage step="128800">64.2911</coverage>
<coverage step="130640">64.4703</coverage>
<coverage step="132480">64.7634</coverage>
<coverage step="134320">65.0402</coverage>
<coverage step="136160">65.1324</coverage>
<coverage step="138000">65.2898</coverage>
<coverage step="139840">65.4472</coverage>
<coverage step="141680">65.5938</coverage>
<coverage step="143520">65.8706</coverage>
<coverage step="145360">66.0009</coverage>
<coverage step="147200">66.1746</coverage>
<coverage step="149040">66.332</coverage>
<coverage step="150880">66.5111</coverage>
<coverage step="152720">66.6468</coverage>
<coverage step="154560">66.7173</coverage>
<coverage step="156400">66.8584</coverage>
<coverage step="158240">66.9344</coverage>
<coverage step="160080">67.2872</coverage>
<coverage step="161920">67.5586</coverage>
<coverage step="163760">67.6997</coverage>
<coverage step="165600">67.7812</coverage>
<coverage step="167440">67.8409</coverage>
<coverage step="169280">67.9603</coverage>
<coverage step="171120">68.0797</coverage>
<coverage step="172960">68.1557</coverage>
<coverage step="174800">68.4162</coverage>
<coverage step="176640">68.6062</coverage>
<coverage step="178480">68.6442</coverage>
<coverage step="180320">68.769</coverage>
<coverage step="182160">69.0295</coverage>
<coverage step="184000">69.1869</coverage>
<rw-visits order="1">519</rw-visits>
<rw-visits order="64">184</rw-visits>
<rw-visits order="127">151</rw-visits>
<rw-visits order="190">118</rw-visits>
<rw-visits order="253">105</rw-visits>
<rw-visits order="316">94</rw-visits>
<rw-visits order="379">82</rw-visits>
<rw-visits order="442">72</rw-visits>
<rw-visits order="505">67</rw-visits>
<rw-visits order="568">63</rw-visits>
<rw-visits order="631">59</rw-visits>
<rw-visits order="694">56</rw-visits>
<rw-visits order="757">54</rw-visits>
<rw-visits order="820">51</rw-visits>
<rw-visits order="883">48</rw-visits>
<rw-visits order="946">46</rw-visits>
<rw-visits order="1009">44</rw-visits>
<rw-visits order="1072">41</rw-visits>
<rw-visits order="1135">39</rw-visits>
<rw-visits order="1198">37</rw-visits>
<rw-visits order="1261">35</rw-visits>
<rw-visits order="1324">34</rw-visits>
<rw-visits order="1387">32</rw-visits>
<rw-visits order="1450">31</rw-visits>
<rw-visits order="1513">30</rw-visits>
<rw-visits order="1576">29</rw-visits>
<rw-visits order="1639">28</rw-visits>
<rw-visits order="1702">27</rw-visits>
<rw-visits order="1765">26</rw-visits>
<rw-visits order="1828">25</rw-visits>
<rw-visits order="1891">24</rw-visits>
<rw-visits order="1954">23</rw-visits>
<rw-visits order="2017">23</rw-visits>
<rw-visits order="2080">22</rw-visits>
<rw-visits order="2143">21</rw-visits>
<rw-visits order="2206">21</rw-visits>
<rw-visits order="2269">20</rw-visits>
<rw-visits order="2332">19</rw-visits>
<rw-visits order="2395">19</rw-visits>
<rw-visits order="2458">18</rw-visits>
<rw-visits order="2521">18</rw-visits>
<rw-visits order="2584">18</rw-visits>
<rw-visits order="2647">17</rw-visits>
<rw-visits order="2710">17</rw-visits>
<rw-visits order="2773">16</rw-visits>
<rw-visits order="2836">16</rw-visits>
<rw-visits order="2899">16</rw-visits>
<rw-visits order="2962">15</rw-visits>
<rw-visits order="3025">15</rw-visits>
<rw-visits order="3088">15</rw-visits>
<rw-visits order="3151">14</rw-visits>
<rw-visits order="3214">14</rw-visits>
<rw-visits order="3277">14</rw-visits>
<rw-visits order="3340">13</rw-visits>
<rw-visits order="3403">13</rw-visits>
<rw-visits order="3466">13</rw-visits>
<rw-visits order="3529">12</rw-visits>
<rw-visits order="3592">12</rw-visits>
<rw-visits order="3655">12</rw-visits>
<rw-visits order="3718">12</rw-visits>
<rw-visits order="3781">11</rw-visits>
<rw-visits order="3844">11</rw-visits>
<rw-visits order="3907">11</rw-visits>
<rw-visits order="3970">11</rw-visits>
<rw-visits order="4033">11</rw-visits>
<rw-visits order="4096">10</rw-visits>
<rw-visits order="4159">10</rw-visits>
<rw-visits order="4222">10</rw-visits>
<rw-visits order="4285">10</rw-visits>
<rw-visits order="4348">10</rw-visits>
<rw-visits order="4411">9</rw-visits>
<rw-visits order="4474">9</rw-visits>
<rw-visits order="4537">9</rw-visits>
<rw-visits order="4600">9</rw-visits>
<rw-visits order="4663">9</rw-visits>
<rw-visits order="4726">9</rw-visits>
<rw-visits order="4789">8</rw-visits>
<rw-visits order="4852">8</rw-visits>
<rw-visits order="4915">8</rw-visits>
<rw-visits order="4978">8</rw-visits>
<rw-visits order="5041">8</rw-visits>
<rw-visits order="5104">8</rw-visits>
<rw-visits order="5167">7</rw-visits>
<rw-visits order="5230">7</rw-visits>
<rw-visits order="5293">7</rw-visits>
<rw-visits order="5356">7</rw-visits>
<rw-visits order="5419">7</rw-visits>
<rw-visits order="5482">7</rw-visits>
<rw-visits order="5545">7</rw-visits>
<rw-visits order="5608">7</rw-visits>
<rw-visits order="5671">6</rw-visits>
<rw-visits order="5734">6</rw-visits>
<rw-visits order="5797">6</rw-visits>
<rw-visits order="5860">6</rw-visits>
<rw-visits order="5923">6</rw-visits>
<rw-visits order="5986">6</rw-visits>
<rw-visits order="6049">6</rw-visits>
<rw-visits order="6112">6</rw-visits>
<rw-visits order="6175">6</rw-visits>
<rw-visits order="6238">5</rw-visits>
<rw-visits order="6301">5</rw-visits>
<rw-visits order="6364">5</rw-visits>
<rw-visits order="6427">5</rw-visits>
<rw-visits order="6490">5</rw-visits>
<rw-visits order="6553">5</rw-visits>
<rw-visits order="6616">5</rw-visits>
<rw-visits order="6679">5</rw-visits>
<rw-visits order="6742">5</rw-visits>
<rw-visits order="6805">5</rw-visits>
<rw-visits order="6868">5</rw-visits>
<rw-visits order="6931">4</rw-visits>
<rw-visits order="6994">4</rw-visits>
<rw-visits order="7057">4</rw-visits>
<rw-visits order="7120">4</rw-visits>
<rw-visits order="7183">4</rw-visits>
<rw-visits order="7246">4</rw-visits>
<rw-visits order="7309">4</rw-visits>
<rw-visits order="7372">4</rw-visits>
<rw-visits order="7435">4</rw-visits>
<rw-visits order="7498">4</rw-visits>
<rw-visits order="7561">4</rw-visits>
<rw-visits order="7624">4</rw-visits>
<rw-visits order="7687">4</rw-visits>
<rw-visits order="7750">4</rw-visits>
<rw-visits order="7813">3</rw-visits>
<rw-visits order="7876">3</rw-visits>
<rw-visits order="7939">3</rw-visits>
<rw-visits order="8002">3</rw-visits>
<rw-visits order="8065">3</rw-visits>
<rw-visits order="8128">3</rw-visits>
<rw-visits order="8191">3</rw-visits>
<rw-visits order="8254">3</rw-visits>
<rw-visits order="8317">3</rw-visits>
<rw-visits order="8380">3</rw-visits>
<rw-visits order="8443">3</rw-visits>
<rw-visits order="8506">3</rw-visits>
<rw-visits order="8569">3</rw-visits>
<rw-visits order="8632">3</rw-visits>
<rw-visits order="8695">3</rw-visits>
<rw-visits order="8758">3</rw-visits>
<rw-visits order="8821">2</rw-visits>
<rw-visits order="8884">2</rw-visits>
<rw-visits order="8947">2</rw-visits>
<rw-visits order="9010">2</rw-visits>
<rw-visits order="9073">2</rw-visits>
<rw-visits order="9136">2</rw-visits>
<rw-visits order="9199">2</rw-visits>
<rw-visits order="9262">2</rw-visits>
<rw-visits order="9325">2</rw-visits>
<rw-visits order="9388">2</rw-visits>
<rw-visits order="9451">2</rw-visits>
<rw-visits order="9514">2</rw-visits>
<rw-visits order="9577">2</rw-visits>
<rw-visits order="9640">2</rw-visits>
<rw-visits order="9703">2</rw-visits>
<rw-visits order="9766">2</rw-visits>
<rw-visits order="9829">2</rw-visits>
<rw-visits order="9892">2</rw-visits>
<rw-visits order="9955">2</rw-visits>
<rw-visits order="10018">2</rw-visits>
<rw-visits order="10081">2</rw-visits>
<rw-visits order="10144">2</rw-visits>
<rw-visits order="10207">2</rw-visits>
<rw-visits order="10270">2</rw-visits>
<rw-visits order="10333">2</rw-visits>
<rw-visits order="10396">1</rw-visits>
<rw-visits order="10459">1</rw-visits>
<rw-visits order="10522">1</rw-visits>
<rw-visits order="10585">1</rw-visits>
<rw-visits order="10648">1</rw-visits>
<rw-visits order="10711">1</rw-visits>
<rw-visits order="10774">1</rw-visits>
<rw-visits order="10837">1</rw-visits>
<rw-visits order="10900">1</rw-visits>
<rw-visits order="10963">1</rw-visits>
<rw-visits order="11026">1</rw-visits>
<rw-visits order="11089">1</rw-visits>
<rw-visits order="11152">1</rw-visits>
<rw-visits order="11215">1</rw-visits>
<rw-visits order="11278">1</rw-visits>
<rw-visits order="11341">1</rw-visits>
<rw-visits order="11404">1</rw-visits>
<rw-visits order="11467">1</rw-visits>
<rw-visits order="11530">1</rw-visits>
<rw-visits order="11593">1</rw-visits>
<rw-visits order="11656">1</rw-visits>
<rw-visits order="11719">1</rw-visits>
<rw-visits order="11782">1</rw-visits>
<rw-visits order="11845">1</rw-visits>
<rw-visits order="11908">1</rw-visits>
<rw-visits order="11971">1</rw-visits>
<rw-visits order="12034">1</rw-visits>
<rw-visits order="12097">1</rw-visits>
<rw-visits order="12160">1</rw-visits>
<rw-visits order="12223">1</rw-visits>
<rw-visits order="12286">1</rw-visits>
<rw-visits order="12349">1</rw-visits>
<rw-visits order="12412">1</rw-visits>
<rw-visits order="12475">1</rw-visits>
<rw-visits order="12538">1</rw-visits>
<rw-visits order="12601">1</rw-visits>
<rw-visits order="12664">1</rw-visits>
<rw-visits order="12727">1</rw-visits>
<final-coverage>69.2032</final-coverage>
</rw-info>
<local-info>
<diamonds>76.9323</diamonds>
<neighborhood k="4">17</neighborhood>
<clustering k="4">1.45449</clustering>
</local-info>
<label-info>
<edge-label id="0.1">3205</edge-label>
<edge-label id="0.2+4.0">1228</edge-label>
<edge-label id="0.3+4.0">1251</edge-label>
<edge-label id="0.5+4.0">158</edge-label>
<edge-label id="0.6+4.0">903</edge-label>
<edge-label id="0.7">1643</edge-label>
<edge-label id="0.8">426</edge-label>
<edge-label id="1.1">3399</edge-label>
<edge-label id="1.2+5.0">1305</edge-label>
<edge-label id="1.3+5.0">1202</edge-label>
<edge-label id="1.4+5.0">654</edge-label>
<edge-label id="1.5+5.0">91</edge-label>
<edge-label id="1.6+5.0">324</edge-label>
<edge-label id="1.7">1511</edge-label>
<edge-label id="1.8">485</edge-label>
<edge-label id="2.1">3224</edge-label>
<edge-label id="2.2+3.0">1186</edge-label>
<edge-label id="2.3+3.0">1122</edge-label>
<edge-label id="2.4+3.0">1258</edge-label>
<edge-label id="2.7">1283</edge-label>
<edge-label id="2.8">505</edge-label>
<edge-label id="3.1+0.0">4572</edge-label>
<edge-label id="4.1+1.0">4402</edge-label>
<edge-label id="5.1+2.0">4336</edge-label>
<state-labels procid="0">
<label id="[]">18424</label>
</state-labels><state-labels procid="1">
<label id="[0,0,0]">41</label>
<label id="[0,0,14]">642</label>
<label id="[0,0,24]">1668</label>
<label id="[0,0,255]">1446</label>
<label id="[0,0,6]">499</label>
<label id="[0,1,0]">64</label>
<label id="[0,1,14]">260</label>
<label id="[0,1,24]">682</label>
<label id="[0,1,255]">474</label>
<label id="[0,1,6]">92</label>
<label id="[0,2,14]">125</label>
<label id="[0,2,6]">82</label>
<label id="[1,0,0]">7</label>
<label id="[1,0,255]">2179</label>
<label id="[1,1,24]">426</label>
<label id="[1,1,255]">697</label>
<label id="[1,2,255]">329</label>
<label id="[2,0,14]">1236</label>
<label id="[2,0,24]">1523</label>
<label id="[2,0,255]">2179</label>
<label id="[2,0,6]">1277</label>
<label id="[2,1,14]">413</label>
<label id="[2,1,24]">426</label>
<label id="[2,1,255]">697</label>
<label id="[2,1,6]">351</label>
<label id="[2,2,14]">98</label>
<label id="[2,2,24]">120</label>
<label id="[2,2,255]">329</label>
<label id="[2,2,6]">62</label>
</state-labels><state-labels procid="2">
<label id="[0,0,0]">5</label>
<label id="[0,0,14]">1566</label>
<label id="[0,0,24]">638</label>
<label id="[0,0,255]">1495</label>
<label id="[0,0,6]">460</label>
<label id="[0,1,0]">15</label>
<label id="[0,1,14]">658</label>
<label id="[0,1,24]">250</label>
<label id="[0,1,255]">476</label>
<label id="[0,1,6]">211</label>
<label id="[0,2,24]">40</label>
<label id="[0,2,6]">122</label>
<label id="[1,0,255]">2214</label>
<label id="[1,1,14]">485</label>
<label id="[1,1,255]">873</label>
<label id="[1,2,255]">312</label>
<label id="[2,0,14]">1435</label>
<label id="[2,0,24]">1430</label>
<label id="[2,0,255]">2214</label>
<label id="[2,0,6]">936</label>
<label id="[2,1,14]">485</label>
<label id="[2,1,24]">428</label>
<label id="[2,1,255]">873</label>
<label id="[2,1,6]">345</label>
<label id="[2,2,14]">76</label>
<label id="[2,2,24]">70</label>
<label id="[2,2,255]">312</label>
</state-labels><state-labels procid="3">
<label id="[0,0,0]">15</label>
<label id="[0,0,14]">583</label>
<label id="[0,0,24]">690</label>
<label id="[0,0,255]">1461</label>
<label id="[0,0,6]">1351</label>
<label id="[0,1,0]">36</label>
<label id="[0,1,14]">240</label>
<label id="[0,1,24]">428</label>
<label id="[0,1,255]">472</label>
<label id="[0,1,6]">529</label>
<label id="[1,0,255]">2146</label>
<label id="[1,1,255]">1078</label>
<label id="[1,1,6]">505</label>
<label id="[2,0,14]">1412</label>
<label id="[2,0,24]">1396</label>
<label id="[2,0,255]">2146</label>
<label id="[2,0,6]">1283</label>
<label id="[2,1,14]">492</label>
<label id="[2,1,24]">578</label>
<label id="[2,1,255]">1078</label>
<label id="[2,1,6]">505</label>
</state-labels><state-labels procid="4">
<label id="[0,0]">38</label>
<label id="[0,14]">808</label>
<label id="[0,24]">1460</label>
<label id="[0,255]">2319</label>
<label id="[0,6]">918</label>
<label id="[1,14]">2548</label>
<label id="[1,24]">2738</label>
<label id="[1,255]">4242</label>
<label id="[1,6]">3353</label>
</state-labels><state-labels procid="5">
<label id="[0,0]">7</label>
<label id="[0,14]">1548</label>
<label id="[0,24]">1021</label>
<label id="[0,255]">2546</label>
<label id="[0,6]">654</label>
<label id="[1,14]">2561</label>
<label id="[1,24]">3561</label>
<label id="[1,255]">4426</label>
<label id="[1,6]">2100</label>
</state-labels><state-labels procid="6">
<label id="[0,0]">19</label>
<label id="[0,14]">1016</label>
<label id="[0,24]">976</label>
<label id="[0,255]">2441</label>
<label id="[0,6]">1337</label>
<label id="[1,14]">3480</label>
<label id="[1,24]">2738</label>
<label id="[1,255]">4487</label>
<label id="[1,6]">1930</label>
</state-labels></label-info>
</state-space-info>
