<?xml version="1.0"?>
<!DOCTYPE state-space-info SYSTEM "../../state_space_info.dtd">


<state-space-info>
<states>12784</states>
<edges>34192</edges>
<bfs-info>
 <levels>44</levels>
<max-level>753</max-level>

<back-level-edges>1716</back-level-edges>
<max-back-level-edge>20</max-back-level-edge>
<avg-back-level-edge>11.7133</avg-back-level-edge>
<bfs-levels>
<level id="0"><states>1</states><edges>4</edges></level>
<level id="1"><states>4</states><edges>15</edges></level>
<level id="2"><states>9</states><edges>32</edges></level>
<level id="3"><states>18</states><edges>62</edges></level>
<level id="4"><states>30</states><edges>102</edges></level>
<level id="5"><states>44</states><edges>146</edges></level>
<level id="6"><states>61</states><edges>198</edges></level>
<level id="7"><states>78</states><edges>250</edges></level>
<level id="8"><states>95</states><edges>300</edges></level>
<level id="9"><states>115</states><edges>357</edges></level>
<level id="10"><states>137</states><edges>423</edges></level>
<level id="11"><states>163</states><edges>493</edges></level>
<level id="12"><states>193</states><edges>575</edges></level>
<level id="13"><states>224</states><edges>660</edges></level>
<level id="14"><states>255</states><edges>740</edges></level>
<level id="15"><states>289</states><edges>830</edges></level>
<level id="16"><states>326</states><edges>939</edges></level>
<level id="17"><states>366</states><edges>1039</edges></level>
<level id="18"><states>413</states><edges>1162</edges></level>
<level id="19"><states>457</states><edges>1280</edges></level>
<level id="20"><states>499</states><edges>1401</edges></level>
<level id="21"><states>551</states><edges>1529</edges></level>
<level id="22"><states>597</states><edges>1695</edges></level>
<level id="23"><states>657</states><edges>1848</edges></level>
<level id="24"><states>710</states><edges>1991</edges></level>
<level id="25"><states>753</states><edges>2054</edges></level>
<level id="26"><states>741</states><edges>1980</edges></level>
<level id="27"><states>717</states><edges>1874</edges></level>
<level id="28"><states>672</states><edges>1694</edges></level>
<level id="29"><states>592</states><edges>1489</edges></level>
<level id="30"><states>542</states><edges>1339</edges></level>
<level id="31"><states>478</states><edges>1156</edges></level>
<level id="32"><states>407</states><edges>979</edges></level>
<level id="33"><states>349</states><edges>796</edges></level>
<level id="34"><states>275</states><edges>648</edges></level>
<level id="35"><states>229</states><edges>526</edges></level>
<level id="36"><states>186</states><edges>414</edges></level>
<level id="37"><states>152</states><edges>342</edges></level>
<level id="38"><states>123</states><edges>272</edges></level>
<level id="39"><states>95</states><edges>220</edges></level>
<level id="40"><states>80</states><edges>163</edges></level>
<level id="41"><states>54</states><edges>105</edges></level>
<level id="42"><states>32</states><edges>55</edges></level>
<level id="43"><states>15</states><edges>15</edges></level>
</bfs-levels>
<back-level-length id="0">0</back-level-length>
<back-level-length id="1">0</back-level-length>
<back-level-length id="2">0</back-level-length>
<back-level-length id="3">0</back-level-length>
<back-level-length id="4">0</back-level-length>
<back-level-length id="5">0</back-level-length>
<back-level-length id="6">0</back-level-length>
<back-level-length id="7">0</back-level-length>
<back-level-length id="8">27.6224</back-level-length>
<back-level-length id="9">0</back-level-length>
<back-level-length id="10">0</back-level-length>
<back-level-length id="11">55.2448</back-level-length>
<back-level-length id="12">0</back-level-length>
<back-level-length id="13">0</back-level-length>
<back-level-length id="14">0</back-level-length>
<back-level-length id="15">0</back-level-length>
<back-level-length id="16">0</back-level-length>
<back-level-length id="17">0</back-level-length>
<back-level-length id="18">0</back-level-length>
<back-level-length id="19">0</back-level-length>
<back-level-length id="20">17.1329</back-level-length>
</bfs-info>
<degrees>
<avg>2.67459</avg>
<max-in>8</max-in>
<max-out>5</max-out>
<degree id="0"><in>1</in><out>0</out></degree>
<degree id="1"><in>1054</in><out>782</out></degree>
<degree id="2"><in>4847</in><out>4557</out></degree>
<degree id="3"><in>4728</in><out>5584</out></degree>
<degree id="4"><in>1681</in><out>1761</out></degree>
<degree id="5"><in>340</in><out>100</out></degree>
<degree id="6"><in>100</in><out>0</out></degree>
<degree id="7"><in>28</in><out>0</out></degree>
<degree id="8"><in>5</in><out>0</out></degree>
</degrees>
<scc-info>
<count>11704</count>
<height>94</height>
<nontrivial-height>7</nontrivial-height>
<trivial>11696</trivial>
<terminal>1</terminal>
<largest>136</largest>
<largest-position> the only terminal</largest-position>
</scc-info>
<dfs-info>
<stack-size id="63">0.492804</stack-size>
<stack-size id="126">0.312891</stack-size>
<stack-size id="189">0.219024</stack-size>
<stack-size id="252">0.179912</stack-size>
<stack-size id="315">0.391114</stack-size>
<stack-size id="378">0.265957</stack-size>
<stack-size id="441">0.258135</stack-size>
<stack-size id="504">0.34418</stack-size>
<stack-size id="567">0.391114</stack-size>
<stack-size id="630">0.320713</stack-size>
<stack-size id="693">0.109512</stack-size>
<stack-size id="756">0.0782228</stack-size>
<stack-size id="819">0.117334</stack-size>
<stack-size id="882">0.140801</stack-size>
<stack-size id="945">0.0704005</stack-size>
<stack-size id="1008">0.0938673</stack-size>
<stack-size id="1071">0.0938673</stack-size>
<stack-size id="1134">0.305069</stack-size>
<stack-size id="1197">0.461514</stack-size>
<stack-size id="1260">0.461514</stack-size>
<stack-size id="1323">0.383292</stack-size>
<stack-size id="1386">0.375469</stack-size>
<stack-size id="1449">0.328536</stack-size>
<stack-size id="1512">0.352003</stack-size>
<stack-size id="1575">0.359825</stack-size>
<stack-size id="1638">0.156446</stack-size>
<stack-size id="1701">0.219024</stack-size>
<stack-size id="1764">0.203379</stack-size>
<stack-size id="1827">0.187735</stack-size>
<stack-size id="1890">0.187735</stack-size>
<stack-size id="1953">0.383292</stack-size>
<stack-size id="2016">0.352003</stack-size>
<stack-size id="2079">0.312891</stack-size>
<stack-size id="2142">0.265957</stack-size>
<stack-size id="2205">0.312891</stack-size>
<stack-size id="2268">0.289424</stack-size>
<stack-size id="2331">0.258135</stack-size>
<stack-size id="2394">0.430225</stack-size>
<stack-size id="2457">0.430225</stack-size>
<stack-size id="2520">0.398936</stack-size>
<stack-size id="2583">0.34418</stack-size>
<stack-size id="2646">0.281602</stack-size>
<stack-size id="2709">0.328536</stack-size>
<stack-size id="2772">0.359825</stack-size>
<stack-size id="2835">0.305069</stack-size>
<stack-size id="2898">0.383292</stack-size>
<stack-size id="2961">0.250313</stack-size>
<stack-size id="3024">0.242491</stack-size>
<stack-size id="3087">0.0547559</stack-size>
<stack-size id="3150">0.0547559</stack-size>
<stack-size id="3213">0.109512</stack-size>
<stack-size id="3276">0.265957</stack-size>
<stack-size id="3339">0.195557</stack-size>
<stack-size id="3402">0.406758</stack-size>
<stack-size id="3465">0.312891</stack-size>
<stack-size id="3528">0.359825</stack-size>
<stack-size id="3591">0.398936</stack-size>
<stack-size id="3654">0.453692</stack-size>
<stack-size id="3717">0.312891</stack-size>
<stack-size id="3780">0.359825</stack-size>
<stack-size id="3843">0.187735</stack-size>
<stack-size id="3906">0.187735</stack-size>
<stack-size id="3969">0.187735</stack-size>
<stack-size id="4032">0.297247</stack-size>
<stack-size id="4095">0.27378</stack-size>
<stack-size id="4158">0.211202</stack-size>
<stack-size id="4221">0.34418</stack-size>
<stack-size id="4284">0.312891</stack-size>
<stack-size id="4347">0.250313</stack-size>
<stack-size id="4410">0.391114</stack-size>
<stack-size id="4473">0.265957</stack-size>
<stack-size id="4536">0.328536</stack-size>
<stack-size id="4599">0.281602</stack-size>
<stack-size id="4662">0.27378</stack-size>
<stack-size id="4725">0.406758</stack-size>
<stack-size id="4788">0.375469</stack-size>
<stack-size id="4851">0.398936</stack-size>
<stack-size id="4914">0.305069</stack-size>
<stack-size id="4977">0.383292</stack-size>
<stack-size id="5040">0.336358</stack-size>
<stack-size id="5103">0.312891</stack-size>
<stack-size id="5166">0.406758</stack-size>
<stack-size id="5229">0.328536</stack-size>
<stack-size id="5292">0.367647</stack-size>
<stack-size id="5355">0.367647</stack-size>
<stack-size id="5418">0.179912</stack-size>
<stack-size id="5481">0.117334</stack-size>
<stack-size id="5544">0.0625782</stack-size>
<stack-size id="5607">0.125156</stack-size>
<stack-size id="5670">0.125156</stack-size>
<stack-size id="5733">0.0782228</stack-size>
<stack-size id="5796">0.0625782</stack-size>
<stack-size id="5859">0.140801</stack-size>
<stack-size id="5922">0.140801</stack-size>
<stack-size id="5985">0.0625782</stack-size>
<stack-size id="6048">0.258135</stack-size>
<stack-size id="6111">0.265957</stack-size>
<stack-size id="6174">0.219024</stack-size>
<stack-size id="6237">0.195557</stack-size>
<stack-size id="6300">0.211202</stack-size>
<stack-size id="6363">0.430225</stack-size>
<stack-size id="6426">0.336358</stack-size>
<stack-size id="6489">0.375469</stack-size>
<stack-size id="6552">0.312891</stack-size>
<stack-size id="6615">0.352003</stack-size>
<stack-size id="6678">0.289424</stack-size>
<stack-size id="6741">0.328536</stack-size>
<stack-size id="6804">0.352003</stack-size>
<stack-size id="6867">0.297247</stack-size>
<stack-size id="6930">0.406758</stack-size>
<stack-size id="6993">0.367647</stack-size>
<stack-size id="7056">0.305069</stack-size>
<stack-size id="7119">0.477159</stack-size>
<stack-size id="7182">0.44587</stack-size>
<stack-size id="7245">0.422403</stack-size>
<stack-size id="7308">0.328536</stack-size>
<stack-size id="7371">0.367647</stack-size>
<stack-size id="7434">0.44587</stack-size>
<stack-size id="7497">0.352003</stack-size>
<stack-size id="7560">0.312891</stack-size>
<stack-size id="7623">0.305069</stack-size>
<stack-size id="7686">0.34418</stack-size>
<stack-size id="7749">0.352003</stack-size>
<stack-size id="7812">0.195557</stack-size>
<stack-size id="7875">0.211202</stack-size>
<stack-size id="7938">0.17209</stack-size>
<stack-size id="8001">0.125156</stack-size>
<stack-size id="8064">0.187735</stack-size>
<stack-size id="8127">0.211202</stack-size>
<stack-size id="8190">0.203379</stack-size>
<stack-size id="8253">0.187735</stack-size>
<stack-size id="8316">0.164268</stack-size>
<stack-size id="8379">0.226846</stack-size>
<stack-size id="8442">0.211202</stack-size>
<stack-size id="8505">0.117334</stack-size>
<stack-size id="8568">0.234668</stack-size>
<stack-size id="8631">0.242491</stack-size>
<stack-size id="8694">0.242491</stack-size>
<stack-size id="8757">0.195557</stack-size>
<stack-size id="8820">0.187735</stack-size>
<stack-size id="8883">0.164268</stack-size>
<stack-size id="8946">0.367647</stack-size>
<stack-size id="9009">0.352003</stack-size>
<stack-size id="9072">0.320713</stack-size>
<stack-size id="9135">0.289424</stack-size>
<stack-size id="9198">0.328536</stack-size>
<stack-size id="9261">0.375469</stack-size>
<stack-size id="9324">0.352003</stack-size>
<stack-size id="9387">0.297247</stack-size>
<stack-size id="9450">0.336358</stack-size>
<stack-size id="9513">0.27378</stack-size>
<stack-size id="9576">0.234668</stack-size>
<stack-size id="9639">0.27378</stack-size>
<stack-size id="9702">0.281602</stack-size>
<stack-size id="9765">0.336358</stack-size>
<stack-size id="9828">0.265957</stack-size>
<stack-size id="9891">0.312891</stack-size>
<stack-size id="9954">0.312891</stack-size>
<stack-size id="10017">0.320713</stack-size>
<stack-size id="10080">0.265957</stack-size>
<stack-size id="10143">0.250313</stack-size>
<stack-size id="10206">0.195557</stack-size>
<stack-size id="10269">0.391114</stack-size>
<stack-size id="10332">0.352003</stack-size>
<stack-size id="10395">0.320713</stack-size>
<stack-size id="10458">0.383292</stack-size>
<stack-size id="10521">0.320713</stack-size>
<stack-size id="10584">0.367647</stack-size>
<stack-size id="10647">0.383292</stack-size>
<stack-size id="10710">0.391114</stack-size>
<stack-size id="10773">0.391114</stack-size>
<stack-size id="10836">0.359825</stack-size>
<stack-size id="10899">0.328536</stack-size>
<stack-size id="10962">0.289424</stack-size>
<stack-size id="11025">0.289424</stack-size>
<stack-size id="11088">0.359825</stack-size>
<stack-size id="11151">0.328536</stack-size>
<stack-size id="11214">0.352003</stack-size>
<stack-size id="11277">0.328536</stack-size>
<stack-size id="11340">0.312891</stack-size>
<stack-size id="11403">0.44587</stack-size>
<stack-size id="11466">0.453692</stack-size>
<stack-size id="11529">0.391114</stack-size>
<stack-size id="11592">0.34418</stack-size>
<stack-size id="11655">0.414581</stack-size>
<stack-size id="11718">0.398936</stack-size>
<stack-size id="11781">0.383292</stack-size>
<stack-size id="11844">0.328536</stack-size>
<stack-size id="11907">0.289424</stack-size>
<stack-size id="11970">0.34418</stack-size>
<stack-size id="12033">0.34418</stack-size>
<stack-size id="12096">0.336358</stack-size>
<stack-size id="12159">0.297247</stack-size>
<stack-size id="12222">0.391114</stack-size>
<stack-size id="12285">0.359825</stack-size>
<stack-size id="12348">0.297247</stack-size>
<stack-size id="12411">0.203379</stack-size>
<stack-size id="12474">0.156446</stack-size>
<stack-size id="12537">0.125156</stack-size>
<stack-size id="12600">0.0704005</stack-size>
<stack-size id="12663">0.0938673</stack-size>
<stack-size id="12726">0.10169</stack-size>
<max-stack>65</max-stack>
<front-edges>12783</front-edges>
<back-edges>105</back-edges>
<cross-edges>21304</cross-edges>
<shortest-cycle>12</shortest-cycle>
</dfs-info>
<rw-info>
<coverage step="1260">1.61139</coverage>
<coverage step="2520">2.25282</coverage>
<coverage step="3780">2.68304</coverage>
<coverage step="5040">3.27753</coverage>
<coverage step="6300">3.69212</coverage>
<coverage step="7560">4.16145</coverage>
<coverage step="8820">4.47434</coverage>
<coverage step="10080">4.77941</coverage>
<coverage step="11340">5.10013</coverage>
<coverage step="12600">5.66333</coverage>
<coverage step="13860">5.78849</coverage>
<coverage step="15120">6.07009</coverage>
<coverage step="16380">6.19524</coverage>
<coverage step="17640">6.68023</coverage>
<coverage step="18900">6.84449</coverage>
<coverage step="20160">6.95401</coverage>
<coverage step="21420">7.17303</coverage>
<coverage step="22680">7.30601</coverage>
<coverage step="23940">7.38423</coverage>
<coverage step="25200">7.46245</coverage>
<coverage step="26460">7.57196</coverage>
<coverage step="27720">7.74406</coverage>
<coverage step="28980">7.74406</coverage>
<coverage step="30240">7.85357</coverage>
<coverage step="31500">7.88486</coverage>
<coverage step="32760">8.12735</coverage>
<coverage step="34020">8.22904</coverage>
<coverage step="35280">8.35419</coverage>
<coverage step="36540">8.44024</coverage>
<coverage step="37800">8.63579</coverage>
<coverage step="39060">8.86264</coverage>
<coverage step="40320">9.0582</coverage>
<coverage step="41580">9.30851</coverage>
<coverage step="42840">9.30851</coverage>
<coverage step="44100">9.39456</coverage>
<coverage step="45360">9.51189</coverage>
<coverage step="46620">9.60576</coverage>
<coverage step="47880">9.61358</coverage>
<coverage step="49140">9.73091</coverage>
<coverage step="50400">9.73874</coverage>
<coverage step="51660">9.94212</coverage>
<coverage step="52920">10.2159</coverage>
<coverage step="54180">10.3723</coverage>
<coverage step="55440">10.3723</coverage>
<coverage step="56700">10.3802</coverage>
<coverage step="57960">10.3958</coverage>
<coverage step="59220">10.5288</coverage>
<coverage step="60480">10.5523</coverage>
<coverage step="61740">10.5757</coverage>
<coverage step="63000">10.7791</coverage>
<coverage step="64260">10.8651</coverage>
<coverage step="65520">11.0685</coverage>
<coverage step="66780">11.092</coverage>
<coverage step="68040">11.1311</coverage>
<coverage step="69300">11.1389</coverage>
<coverage step="70560">11.1624</coverage>
<coverage step="71820">11.2406</coverage>
<coverage step="73080">11.2719</coverage>
<coverage step="74340">11.3579</coverage>
<coverage step="75600">11.8116</coverage>
<coverage step="76860">11.8195</coverage>
<coverage step="78120">11.8273</coverage>
<coverage step="79380">11.8664</coverage>
<coverage step="80640">11.8977</coverage>
<coverage step="81900">11.9055</coverage>
<coverage step="83160">11.929</coverage>
<coverage step="84420">11.929</coverage>
<coverage step="85680">11.9524</coverage>
<coverage step="86940">11.9524</coverage>
<coverage step="88200">11.9603</coverage>
<coverage step="89460">11.9681</coverage>
<coverage step="90720">12.0072</coverage>
<coverage step="91980">12.0307</coverage>
<coverage step="93240">12.1167</coverage>
<coverage step="94500">12.1245</coverage>
<coverage step="95760">12.1558</coverage>
<coverage step="97020">12.1558</coverage>
<coverage step="98280">12.3044</coverage>
<coverage step="99540">12.4531</coverage>
<coverage step="100800">12.633</coverage>
<coverage step="102060">12.6721</coverage>
<coverage step="103320">12.6799</coverage>
<coverage step="104580">12.8833</coverage>
<coverage step="105840">12.9068</coverage>
<coverage step="107100">12.9068</coverage>
<coverage step="108360">12.9693</coverage>
<coverage step="109620">13.0241</coverage>
<coverage step="110880">13.1023</coverage>
<coverage step="112140">13.1336</coverage>
<coverage step="113400">13.2979</coverage>
<coverage step="114660">13.3057</coverage>
<coverage step="115920">13.3057</coverage>
<coverage step="117180">13.5795</coverage>
<coverage step="118440">13.5795</coverage>
<coverage step="119700">13.6968</coverage>
<coverage step="120960">13.7359</coverage>
<coverage step="122220">13.7907</coverage>
<coverage step="123480">13.8454</coverage>
<coverage step="124740">13.8454</coverage>
<coverage step="126000">13.8611</coverage>
<coverage step="127260">13.8689</coverage>
<rw-visits order="1">3371</rw-visits>
<rw-visits order="9">2346</rw-visits>
<rw-visits order="17">2029</rw-visits>
<rw-visits order="25">1677</rw-visits>
<rw-visits order="33">1514</rw-visits>
<rw-visits order="41">1302</rw-visits>
<rw-visits order="49">1102</rw-visits>
<rw-visits order="57">928</rw-visits>
<rw-visits order="65">769</rw-visits>
<rw-visits order="73">527</rw-visits>
<rw-visits order="81">390</rw-visits>
<rw-visits order="89">221</rw-visits>
<rw-visits order="97">162</rw-visits>
<rw-visits order="105">125</rw-visits>
<rw-visits order="113">99</rw-visits>
<rw-visits order="121">71</rw-visits>
<rw-visits order="129">60</rw-visits>
<rw-visits order="137">50</rw-visits>
<rw-visits order="145">43</rw-visits>
<rw-visits order="153">37</rw-visits>
<rw-visits order="161">34</rw-visits>
<rw-visits order="169">31</rw-visits>
<rw-visits order="177">29</rw-visits>
<rw-visits order="185">26</rw-visits>
<rw-visits order="193">24</rw-visits>
<rw-visits order="201">22</rw-visits>
<rw-visits order="209">21</rw-visits>
<rw-visits order="217">21</rw-visits>
<rw-visits order="225">20</rw-visits>
<rw-visits order="233">18</rw-visits>
<rw-visits order="241">17</rw-visits>
<rw-visits order="249">16</rw-visits>
<rw-visits order="257">15</rw-visits>
<rw-visits order="265">14</rw-visits>
<rw-visits order="273">14</rw-visits>
<rw-visits order="281">13</rw-visits>
<rw-visits order="289">13</rw-visits>
<rw-visits order="297">13</rw-visits>
<rw-visits order="305">12</rw-visits>
<rw-visits order="313">11</rw-visits>
<rw-visits order="321">11</rw-visits>
<rw-visits order="329">10</rw-visits>
<rw-visits order="337">10</rw-visits>
<rw-visits order="345">10</rw-visits>
<rw-visits order="353">9</rw-visits>
<rw-visits order="361">9</rw-visits>
<rw-visits order="369">9</rw-visits>
<rw-visits order="377">9</rw-visits>
<rw-visits order="385">8</rw-visits>
<rw-visits order="393">8</rw-visits>
<rw-visits order="401">8</rw-visits>
<rw-visits order="409">8</rw-visits>
<rw-visits order="417">7</rw-visits>
<rw-visits order="425">7</rw-visits>
<rw-visits order="433">7</rw-visits>
<rw-visits order="441">7</rw-visits>
<rw-visits order="449">6</rw-visits>
<rw-visits order="457">6</rw-visits>
<rw-visits order="465">6</rw-visits>
<rw-visits order="473">6</rw-visits>
<rw-visits order="481">6</rw-visits>
<rw-visits order="489">6</rw-visits>
<rw-visits order="497">6</rw-visits>
<rw-visits order="505">5</rw-visits>
<rw-visits order="513">5</rw-visits>
<rw-visits order="521">5</rw-visits>
<rw-visits order="529">5</rw-visits>
<rw-visits order="537">5</rw-visits>
<rw-visits order="545">5</rw-visits>
<rw-visits order="553">5</rw-visits>
<rw-visits order="561">5</rw-visits>
<rw-visits order="569">5</rw-visits>
<rw-visits order="577">4</rw-visits>
<rw-visits order="585">4</rw-visits>
<rw-visits order="593">4</rw-visits>
<rw-visits order="601">4</rw-visits>
<rw-visits order="609">4</rw-visits>
<rw-visits order="617">4</rw-visits>
<rw-visits order="625">4</rw-visits>
<rw-visits order="633">4</rw-visits>
<rw-visits order="641">4</rw-visits>
<rw-visits order="649">4</rw-visits>
<rw-visits order="657">4</rw-visits>
<rw-visits order="665">4</rw-visits>
<rw-visits order="673">3</rw-visits>
<rw-visits order="681">3</rw-visits>
<rw-visits order="689">3</rw-visits>
<rw-visits order="697">3</rw-visits>
<rw-visits order="705">3</rw-visits>
<rw-visits order="713">3</rw-visits>
<rw-visits order="721">3</rw-visits>
<rw-visits order="729">3</rw-visits>
<rw-visits order="737">3</rw-visits>
<rw-visits order="745">3</rw-visits>
<rw-visits order="753">3</rw-visits>
<rw-visits order="761">3</rw-visits>
<rw-visits order="769">3</rw-visits>
<rw-visits order="777">3</rw-visits>
<rw-visits order="785">3</rw-visits>
<rw-visits order="793">3</rw-visits>
<rw-visits order="801">3</rw-visits>
<rw-visits order="809">3</rw-visits>
<rw-visits order="817">2</rw-visits>
<rw-visits order="825">2</rw-visits>
<rw-visits order="833">2</rw-visits>
<rw-visits order="841">2</rw-visits>
<rw-visits order="849">2</rw-visits>
<rw-visits order="857">2</rw-visits>
<rw-visits order="865">2</rw-visits>
<rw-visits order="873">2</rw-visits>
<rw-visits order="881">2</rw-visits>
<rw-visits order="889">2</rw-visits>
<rw-visits order="897">2</rw-visits>
<rw-visits order="905">2</rw-visits>
<rw-visits order="913">2</rw-visits>
<rw-visits order="921">2</rw-visits>
<rw-visits order="929">2</rw-visits>
<rw-visits order="937">2</rw-visits>
<rw-visits order="945">2</rw-visits>
<rw-visits order="953">2</rw-visits>
<rw-visits order="961">2</rw-visits>
<rw-visits order="969">2</rw-visits>
<rw-visits order="977">2</rw-visits>
<rw-visits order="985">2</rw-visits>
<rw-visits order="993">2</rw-visits>
<rw-visits order="1001">2</rw-visits>
<rw-visits order="1009">2</rw-visits>
<rw-visits order="1017">2</rw-visits>
<rw-visits order="1025">2</rw-visits>
<rw-visits order="1033">2</rw-visits>
<rw-visits order="1041">2</rw-visits>
<rw-visits order="1049">2</rw-visits>
<rw-visits order="1057">1</rw-visits>
<rw-visits order="1065">1</rw-visits>
<rw-visits order="1073">1</rw-visits>
<rw-visits order="1081">1</rw-visits>
<rw-visits order="1089">1</rw-visits>
<rw-visits order="1097">1</rw-visits>
<rw-visits order="1105">1</rw-visits>
<rw-visits order="1113">1</rw-visits>
<rw-visits order="1121">1</rw-visits>
<rw-visits order="1129">1</rw-visits>
<rw-visits order="1137">1</rw-visits>
<rw-visits order="1145">1</rw-visits>
<rw-visits order="1153">1</rw-visits>
<rw-visits order="1161">1</rw-visits>
<rw-visits order="1169">1</rw-visits>
<rw-visits order="1177">1</rw-visits>
<rw-visits order="1185">1</rw-visits>
<rw-visits order="1193">1</rw-visits>
<rw-visits order="1201">1</rw-visits>
<rw-visits order="1209">1</rw-visits>
<rw-visits order="1217">1</rw-visits>
<rw-visits order="1225">1</rw-visits>
<rw-visits order="1233">1</rw-visits>
<rw-visits order="1241">1</rw-visits>
<rw-visits order="1249">1</rw-visits>
<rw-visits order="1257">1</rw-visits>
<rw-visits order="1265">1</rw-visits>
<rw-visits order="1273">1</rw-visits>
<rw-visits order="1281">1</rw-visits>
<rw-visits order="1289">1</rw-visits>
<rw-visits order="1297">1</rw-visits>
<rw-visits order="1305">1</rw-visits>
<rw-visits order="1313">1</rw-visits>
<rw-visits order="1321">1</rw-visits>
<rw-visits order="1329">1</rw-visits>
<rw-visits order="1337">1</rw-visits>
<rw-visits order="1345">1</rw-visits>
<rw-visits order="1353">1</rw-visits>
<rw-visits order="1361">1</rw-visits>
<rw-visits order="1369">1</rw-visits>
<rw-visits order="1377">1</rw-visits>
<rw-visits order="1385">1</rw-visits>
<rw-visits order="1393">1</rw-visits>
<rw-visits order="1401">1</rw-visits>
<rw-visits order="1409">1</rw-visits>
<rw-visits order="1417">1</rw-visits>
<rw-visits order="1425">1</rw-visits>
<rw-visits order="1433">1</rw-visits>
<rw-visits order="1441">1</rw-visits>
<rw-visits order="1449">1</rw-visits>
<rw-visits order="1457">1</rw-visits>
<rw-visits order="1465">1</rw-visits>
<rw-visits order="1473">1</rw-visits>
<rw-visits order="1481">1</rw-visits>
<rw-visits order="1489">1</rw-visits>
<rw-visits order="1497">1</rw-visits>
<rw-visits order="1505">1</rw-visits>
<rw-visits order="1513">1</rw-visits>
<rw-visits order="1521">1</rw-visits>
<rw-visits order="1529">1</rw-visits>
<rw-visits order="1537">1</rw-visits>
<rw-visits order="1545">1</rw-visits>
<rw-visits order="1553">1</rw-visits>
<rw-visits order="1561">1</rw-visits>
<rw-visits order="1569">1</rw-visits>
<rw-visits order="1577">1</rw-visits>
<rw-visits order="1585">1</rw-visits>
<rw-visits order="1593">1</rw-visits>
<rw-visits order="1601">1</rw-visits>
<rw-visits order="1609">1</rw-visits>
<rw-visits order="1617">1</rw-visits>
<rw-visits order="1625">1</rw-visits>
<rw-visits order="1633">1</rw-visits>
<rw-visits order="1641">1</rw-visits>
<rw-visits order="1649">1</rw-visits>
<rw-visits order="1657">1</rw-visits>
<rw-visits order="1665">1</rw-visits>
<rw-visits order="1673">1</rw-visits>
<rw-visits order="1681">1</rw-visits>
<rw-visits order="1689">1</rw-visits>
<rw-visits order="1697">1</rw-visits>
<rw-visits order="1705">1</rw-visits>
<rw-visits order="1713">1</rw-visits>
<rw-visits order="1721">1</rw-visits>
<rw-visits order="1729">1</rw-visits>
<rw-visits order="1737">1</rw-visits>
<rw-visits order="1745">1</rw-visits>
<rw-visits order="1753">1</rw-visits>
<rw-visits order="1761">1</rw-visits>
<rw-visits order="1769">1</rw-visits>
<final-coverage>13.8689</final-coverage>
</rw-info>
<local-info>
<diamonds>92.9443</diamonds>
<neighborhood k="4">25</neighborhood>
<clustering k="4">1.66199</clustering>
</local-info>
<label-info>
<edge-label id="0.1">1394</edge-label>
<edge-label id="0.2+5.0">1091</edge-label>
<edge-label id="0.3+5.0">1547</edge-label>
<edge-label id="0.5+5.0">358</edge-label>
<edge-label id="0.6+5.0">586</edge-label>
<edge-label id="1.1">955</edge-label>
<edge-label id="1.2+6.0">719</edge-label>
<edge-label id="1.3+6.0">1383</edge-label>
<edge-label id="1.4">1967</edge-label>
<edge-label id="1.5+6.0">236</edge-label>
<edge-label id="1.6+6.0">380</edge-label>
<edge-label id="2.1">945</edge-label>
<edge-label id="2.2+7.0">684</edge-label>
<edge-label id="2.3+7.0">1409</edge-label>
<edge-label id="2.4">1923</edge-label>
<edge-label id="2.5+7.0">244</edge-label>
<edge-label id="2.6+7.0">340</edge-label>
<edge-label id="3.1">681</edge-label>
<edge-label id="3.2+4.0">546</edge-label>
<edge-label id="3.3+4.0">1791</edge-label>
<edge-label id="3.4">1853</edge-label>
<edge-label id="3.7">922</edge-label>
<edge-label id="4.1+0.0">2913</edge-label>
<edge-label id="5.1+1.0">3019</edge-label>
<edge-label id="6.1+2.0">3041</edge-label>
<edge-label id="7.1+3.0">3265</edge-label>
<state-labels procid="0">
<label id="[]">12784</label>
</state-labels><state-labels procid="1">
<label id="[0,0,0,0]">1035</label>
<label id="[0,0,0,1]">752</label>
<label id="[0,0,255,0]">1072</label>
<label id="[0,0,255,1]">1476</label>
<label id="[0,1,0,1]">1636</label>
<label id="[0,1,255,1]">1703</label>
<label id="[0,2,0,1]">817</label>
<label id="[1,0,0,0]">32</label>
<label id="[1,0,255,0]">260</label>
<label id="[1,0,255,1]">260</label>
<label id="[1,1,255,1]">639</label>
<label id="[1,2,255,1]">235</label>
<label id="[2,0,0,0]">354</label>
<label id="[2,0,0,1]">468</label>
<label id="[2,0,255,0]">260</label>
<label id="[2,0,255,1]">260</label>
<label id="[2,1,0,1]">651</label>
<label id="[2,1,255,1]">639</label>
<label id="[2,2,255,1]">235</label>
</state-labels><state-labels procid="2">
<label id="[0,0,0,0]">608</label>
<label id="[0,0,0,1]">592</label>
<label id="[0,0,24,0]">468</label>
<label id="[0,0,24,1]">564</label>
<label id="[0,0,255,0]">788</label>
<label id="[0,0,255,1]">1050</label>
<label id="[0,1,0,1]">1018</label>
<label id="[0,1,24,1]">755</label>
<label id="[0,1,255,1]">1280</label>
<label id="[0,2,0,1]">638</label>
<label id="[0,2,24,1]">180</label>
<label id="[1,0,255,0]">191</label>
<label id="[1,0,255,1]">175</label>
<label id="[1,1,255,1]">454</label>
<label id="[1,2,255,1]">135</label>
<label id="[2,0,0,0]">234</label>
<label id="[2,0,0,1]">306</label>
<label id="[2,0,24,0]">468</label>
<label id="[2,0,24,1]">564</label>
<label id="[2,0,255,0]">191</label>
<label id="[2,0,255,1]">175</label>
<label id="[2,1,0,1]">426</label>
<label id="[2,1,24,1]">755</label>
<label id="[2,1,255,1]">454</label>
<label id="[2,2,24,1]">180</label>
<label id="[2,2,255,1]">135</label>
</state-labels><state-labels procid="3">
<label id="[0,0,0,0]">626</label>
<label id="[0,0,0,1]">594</label>
<label id="[0,0,14,0]">475</label>
<label id="[0,0,14,1]">521</label>
<label id="[0,0,255,0]">795</label>
<label id="[0,0,255,1]">981</label>
<label id="[0,1,0,1]">1124</label>
<label id="[0,1,14,1]">741</label>
<label id="[0,1,255,1]">1362</label>
<label id="[0,2,0,1]">668</label>
<label id="[0,2,14,1]">186</label>
<label id="[1,0,255,0]">216</label>
<label id="[1,0,255,1]">192</label>
<label id="[1,1,255,1]">411</label>
<label id="[1,2,255,1]">126</label>
<label id="[2,0,0,0]">218</label>
<label id="[2,0,0,1]">266</label>
<label id="[2,0,14,0]">475</label>
<label id="[2,0,14,1]">521</label>
<label id="[2,0,255,0]">216</label>
<label id="[2,0,255,1]">192</label>
<label id="[2,1,0,1]">414</label>
<label id="[2,1,14,1]">741</label>
<label id="[2,1,255,1]">411</label>
<label id="[2,2,14,1]">186</label>
<label id="[2,2,255,1]">126</label>
</state-labels><state-labels procid="4">
<label id="[0,0,0,0]">1062</label>
<label id="[0,0,255,0]">635</label>
<label id="[0,0,255,1]">1603</label>
<label id="[0,0,6,0]">450</label>
<label id="[0,0,6,1]">607</label>
<label id="[0,1,0,1]">2096</label>
<label id="[0,1,255,1]">1398</label>
<label id="[0,1,6,1]">796</label>
<label id="[1,0,255,0]">135</label>
<label id="[1,1,255,1]">546</label>
<label id="[2,0,0,1]">922</label>
<label id="[2,0,255,0]">135</label>
<label id="[2,0,6,0]">450</label>
<label id="[2,0,6,1]">607</label>
<label id="[2,1,255,1]">546</label>
<label id="[2,1,6,1]">796</label>
</state-labels><state-labels procid="5">
<label id="[0,0]">4164</label>
<label id="[0,255]">4900</label>
<label id="[1,0]">2434</label>
<label id="[1,255]">1286</label>
</state-labels><state-labels procid="6">
<label id="[0,0]">2519</label>
<label id="[0,24]">2958</label>
<label id="[0,255]">2711</label>
<label id="[1,0]">1144</label>
<label id="[1,24]">2310</label>
<label id="[1,255]">1142</label>
</state-labels><state-labels procid="7">
<label id="[0,0]">2580</label>
<label id="[0,14]">2864</label>
<label id="[0,255]">2772</label>
<label id="[1,0]">1064</label>
<label id="[1,14]">2278</label>
<label id="[1,255]">1226</label>
</state-labels><state-labels procid="8">
<label id="[0,0]">2688</label>
<label id="[0,255]">2728</label>
<label id="[0,6]">2864</label>
<label id="[1,0]">1016</label>
<label id="[1,255]">1148</label>
<label id="[1,6]">2340</label>
</state-labels></label-info>
</state-space-info>
