<?xml version="1.0"?>
<!DOCTYPE state-space-info SYSTEM "../../state_space_info.dtd">


<state-space-info>
<states>29994</states>
<edges>100489</edges>
<bfs-info>
 <levels>91</levels>
<max-level>763</max-level>

<back-level-edges>17312</back-level-edges>
<max-back-level-edge>21</max-back-level-edge>
<avg-back-level-edge>3.67606</avg-back-level-edge>
<bfs-levels>
<level id="0"><states>1</states><edges>3</edges></level>
<level id="1"><states>3</states><edges>9</edges></level>
<level id="2"><states>5</states><edges>14</edges></level>
<level id="3"><states>7</states><edges>22</edges></level>
<level id="4"><states>12</states><edges>40</edges></level>
<level id="5"><states>20</states><edges>61</edges></level>
<level id="6"><states>28</states><edges>82</edges></level>
<level id="7"><states>36</states><edges>104</edges></level>
<level id="8"><states>45</states><edges>141</edges></level>
<level id="9"><states>62</states><edges>209</edges></level>
<level id="10"><states>88</states><edges>291</edges></level>
<level id="11"><states>111</states><edges>359</edges></level>
<level id="12"><states>126</states><edges>420</edges></level>
<level id="13"><states>147</states><edges>499</edges></level>
<level id="14"><states>175</states><edges>569</edges></level>
<level id="15"><states>196</states><edges>625</edges></level>
<level id="16"><states>215</states><edges>687</edges></level>
<level id="17"><states>236</states><edges>755</edges></level>
<level id="18"><states>266</states><edges>862</edges></level>
<level id="19"><states>306</states><edges>993</edges></level>
<level id="20"><states>346</states><edges>1156</edges></level>
<level id="21"><states>393</states><edges>1353</edges></level>
<level id="22"><states>441</states><edges>1514</edges></level>
<level id="23"><states>472</states><edges>1616</edges></level>
<level id="24"><states>498</states><edges>1725</edges></level>
<level id="25"><states>537</states><edges>1856</edges></level>
<level id="26"><states>581</states><edges>1973</edges></level>
<level id="27"><states>618</states><edges>2063</edges></level>
<level id="28"><states>642</states><edges>2123</edges></level>
<level id="29"><states>656</states><edges>2182</edges></level>
<level id="30"><states>682</states><edges>2295</edges></level>
<level id="31"><states>726</states><edges>2430</edges></level>
<level id="32"><states>754</states><edges>2517</edges></level>
<level id="33"><states>759</states><edges>2573</edges></level>
<level id="34"><states>758</states><edges>2589</edges></level>
<level id="35"><states>755</states><edges>2593</edges></level>
<level id="36"><states>762</states><edges>2618</edges></level>
<level id="37"><states>763</states><edges>2569</edges></level>
<level id="38"><states>736</states><edges>2437</edges></level>
<level id="39"><states>705</states><edges>2337</edges></level>
<level id="40"><states>683</states><edges>2249</edges></level>
<level id="41"><states>649</states><edges>2120</edges></level>
<level id="42"><states>614</states><edges>2039</edges></level>
<level id="43"><states>599</states><edges>2016</edges></level>
<level id="44"><states>589</states><edges>2000</edges></level>
<level id="45"><states>582</states><edges>2000</edges></level>
<level id="46"><states>589</states><edges>2026</edges></level>
<level id="47"><states>596</states><edges>2030</edges></level>
<level id="48"><states>585</states><edges>1962</edges></level>
<level id="49"><states>555</states><edges>1825</edges></level>
<level id="50"><states>510</states><edges>1647</edges></level>
<level id="51"><states>462</states><edges>1483</edges></level>
<level id="52"><states>418</states><edges>1331</edges></level>
<level id="53"><states>377</states><edges>1215</edges></level>
<level id="54"><states>355</states><edges>1195</edges></level>
<level id="55"><states>351</states><edges>1218</edges></level>
<level id="56"><states>349</states><edges>1232</edges></level>
<level id="57"><states>349</states><edges>1234</edges></level>
<level id="58"><states>350</states><edges>1223</edges></level>
<level id="59"><states>351</states><edges>1200</edges></level>
<level id="60"><states>351</states><edges>1167</edges></level>
<level id="61"><states>346</states><edges>1116</edges></level>
<level id="62"><states>333</states><edges>1053</edges></level>
<level id="63"><states>317</states><edges>1024</edges></level>
<level id="64"><states>313</states><edges>1042</edges></level>
<level id="65"><states>319</states><edges>1081</edges></level>
<level id="66"><states>325</states><edges>1126</edges></level>
<level id="67"><states>334</states><edges>1163</edges></level>
<level id="68"><states>342</states><edges>1177</edges></level>
<level id="69"><states>345</states><edges>1179</edges></level>
<level id="70"><states>337</states><edges>1126</edges></level>
<level id="71"><states>307</states><edges>998</edges></level>
<level id="72"><states>271</states><edges>888</edges></level>
<level id="73"><states>243</states><edges>798</edges></level>
<level id="74"><states>210</states><edges>674</edges></level>
<level id="75"><states>168</states><edges>541</edges></level>
<level id="76"><states>130</states><edges>437</edges></level>
<level id="77"><states>104</states><edges>359</edges></level>
<level id="78"><states>85</states><edges>293</edges></level>
<level id="79"><states>70</states><edges>241</edges></level>
<level id="80"><states>56</states><edges>179</edges></level>
<level id="81"><states>39</states><edges>111</edges></level>
<level id="82"><states>24</states><edges>65</edges></level>
<level id="83"><states>14</states><edges>40</edges></level>
<level id="84"><states>8</states><edges>26</edges></level>
<level id="85"><states>5</states><edges>18</edges></level>
<level id="86"><states>4</states><edges>16</edges></level>
<level id="87"><states>4</states><edges>16</edges></level>
<level id="88"><states>4</states><edges>15</edges></level>
<level id="89"><states>3</states><edges>9</edges></level>
<level id="90"><states>1</states><edges>2</edges></level>
</bfs-levels>
<back-level-length id="0">2.13725</back-level-length>
<back-level-length id="1">23.579</back-level-length>
<back-level-length id="2">31.3193</back-level-length>
<back-level-length id="3">1.84843</back-level-length>
<back-level-length id="4">9.45009</back-level-length>
<back-level-length id="5">9.33457</back-level-length>
<back-level-length id="6">0.785582</back-level-length>
<back-level-length id="7">2.5878</back-level-length>
<back-level-length id="8">12.3267</back-level-length>
<back-level-length id="9">0.277264</back-level-length>
<back-level-length id="10">3.80083</back-level-length>
<back-level-length id="11">2.34519</back-level-length>
<back-level-length id="12">0</back-level-length>
<back-level-length id="13">0.0693161</back-level-length>
<back-level-length id="14">0</back-level-length>
<back-level-length id="15">0</back-level-length>
<back-level-length id="16">0</back-level-length>
<back-level-length id="17">0</back-level-length>
<back-level-length id="18">0</back-level-length>
<back-level-length id="19">0.0924214</back-level-length>
<back-level-length id="20">0</back-level-length>
<back-level-length id="21">0.0462107</back-level-length>
</bfs-info>
<degrees>
<avg>3.3503</avg>
<max-in>9</max-in>
<max-out>7</max-out>
<degree id="0"><in>0</in><out>0</out></degree>
<degree id="1"><in>1900</in><out>448</out></degree>
<degree id="2"><in>6696</in><out>5760</out></degree>
<degree id="3"><in>9128</in><out>11510</out></degree>
<degree id="4"><in>6647</in><out>8374</out></degree>
<degree id="5"><in>3424</in><out>2988</out></degree>
<degree id="6"><in>1511</in><out>843</out></degree>
<degree id="7"><in>503</in><out>71</out></degree>
<degree id="8"><in>147</in><out>0</out></degree>
<degree id="9"><in>38</in><out>0</out></degree>
</degrees>
<scc-info>
<count>6060</count>
<height>115</height>
<nontrivial-height>57</nontrivial-height>
<trivial>4856</trivial>
<terminal>4</terminal>
<largest>881</largest>
<largest-position> </largest-position>
</scc-info>
<dfs-info>
<stack-size id="149">0.36674</stack-size>
<stack-size id="298">0.663466</stack-size>
<stack-size id="447">0.626792</stack-size>
<stack-size id="596">0.936854</stack-size>
<stack-size id="745">1.28692</stack-size>
<stack-size id="894">1.22024</stack-size>
<stack-size id="1043">1.27359</stack-size>
<stack-size id="1192">1.36361</stack-size>
<stack-size id="1341">1.39028</stack-size>
<stack-size id="1490">1.16357</stack-size>
<stack-size id="1639">1.0202</stack-size>
<stack-size id="1788">1.05688</stack-size>
<stack-size id="1937">0.90018</stack-size>
<stack-size id="2086">0.840168</stack-size>
<stack-size id="2235">0.803494</stack-size>
<stack-size id="2384">1.05354</stack-size>
<stack-size id="2533">1.25358</stack-size>
<stack-size id="2682">1.34694</stack-size>
<stack-size id="2831">1.3436</stack-size>
<stack-size id="2980">1.38694</stack-size>
<stack-size id="3129">1.3436</stack-size>
<stack-size id="3278">0.896846</stack-size>
<stack-size id="3427">1.11356</stack-size>
<stack-size id="3576">0.893512</stack-size>
<stack-size id="3725">0.88351</stack-size>
<stack-size id="3874">0.886844</stack-size>
<stack-size id="4023">0.843502</stack-size>
<stack-size id="4172">1.02687</stack-size>
<stack-size id="4321">1.02354</stack-size>
<stack-size id="4470">0.76682</stack-size>
<stack-size id="4619">0.720144</stack-size>
<stack-size id="4768">1.06021</stack-size>
<stack-size id="4917">1.26025</stack-size>
<stack-size id="5066">1.3536</stack-size>
<stack-size id="5215">1.35027</stack-size>
<stack-size id="5364">1.39361</stack-size>
<stack-size id="5513">1.35027</stack-size>
<stack-size id="5662">0.903514</stack-size>
<stack-size id="5811">1.12022</stack-size>
<stack-size id="5960">0.860172</stack-size>
<stack-size id="6109">0.890178</stack-size>
<stack-size id="6258">0.893512</stack-size>
<stack-size id="6407">0.910182</stack-size>
<stack-size id="6556">1.21024</stack-size>
<stack-size id="6705">1.24358</stack-size>
<stack-size id="6854">1.26359</stack-size>
<stack-size id="7003">1.33693</stack-size>
<stack-size id="7152">1.45362</stack-size>
<stack-size id="7301">1.26692</stack-size>
<stack-size id="7450">1.03354</stack-size>
<stack-size id="7599">0.963526</stack-size>
<stack-size id="7748">0.903514</stack-size>
<stack-size id="7897">0.85017</stack-size>
<stack-size id="8046">0.760152</stack-size>
<stack-size id="8195">0.853504</stack-size>
<stack-size id="8344">1.08022</stack-size>
<stack-size id="8493">1.07688</stack-size>
<stack-size id="8642">0.880176</stack-size>
<stack-size id="8791">0.73348</stack-size>
<stack-size id="8940">0.743482</stack-size>
<stack-size id="9089">0.823498</stack-size>
<stack-size id="9238">0.73348</stack-size>
<stack-size id="9387">0.313396</stack-size>
<stack-size id="9536">0.563446</stack-size>
<stack-size id="9685">0.886844</stack-size>
<stack-size id="9834">0.976862</stack-size>
<stack-size id="9983">1.12689</stack-size>
<stack-size id="10132">1.10022</stack-size>
<stack-size id="10281">1.19024</stack-size>
<stack-size id="10430">1.06688</stack-size>
<stack-size id="10579">0.73348</stack-size>
<stack-size id="10728">0.836834</stack-size>
<stack-size id="10877">0.596786</stack-size>
<stack-size id="11026">0.636794</stack-size>
<stack-size id="11175">0.580116</stack-size>
<stack-size id="11324">0.680136</stack-size>
<stack-size id="11473">0.980196</stack-size>
<stack-size id="11622">0.963526</stack-size>
<stack-size id="11771">1.01687</stack-size>
<stack-size id="11920">1.10689</stack-size>
<stack-size id="12069">1.13356</stack-size>
<stack-size id="12218">0.896846</stack-size>
<stack-size id="12367">0.763486</stack-size>
<stack-size id="12516">0.743482</stack-size>
<stack-size id="12665">0.643462</stack-size>
<stack-size id="12814">0.58345</stack-size>
<stack-size id="12963">0.506768</stack-size>
<stack-size id="13112">0.6668</stack-size>
<stack-size id="13261">0.726812</stack-size>
<stack-size id="13410">0.723478</stack-size>
<stack-size id="13559">0.510102</stack-size>
<stack-size id="13708">0.686804</stack-size>
<stack-size id="13857">0.976862</stack-size>
<stack-size id="14006">0.970194</stack-size>
<stack-size id="14155">1.02354</stack-size>
<stack-size id="14304">1.11356</stack-size>
<stack-size id="14453">1.14023</stack-size>
<stack-size id="14602">0.90018</stack-size>
<stack-size id="14751">0.770154</stack-size>
<stack-size id="14900">0.740148</stack-size>
<stack-size id="15049">0.603454</stack-size>
<stack-size id="15198">0.590118</stack-size>
<stack-size id="15347">0.513436</stack-size>
<stack-size id="15496">0.803494</stack-size>
<stack-size id="15645">0.95019</stack-size>
<stack-size id="15794">1.08022</stack-size>
<stack-size id="15943">1.09355</stack-size>
<stack-size id="16092">1.13689</stack-size>
<stack-size id="16241">1.07021</stack-size>
<stack-size id="16390">0.646796</stack-size>
<stack-size id="16539">0.863506</stack-size>
<stack-size id="16688">0.603454</stack-size>
<stack-size id="16837">0.63346</stack-size>
<stack-size id="16986">0.636794</stack-size>
<stack-size id="17135">0.586784</stack-size>
<stack-size id="17284">0.776822</stack-size>
<stack-size id="17433">0.773488</stack-size>
<stack-size id="17582">0.51677</stack-size>
<stack-size id="17731">0.493432</stack-size>
<stack-size id="17880">0.420084</stack-size>
<stack-size id="18029">0.253384</stack-size>
<stack-size id="18178">0.280056</stack-size>
<stack-size id="18327">0.286724</stack-size>
<stack-size id="18476">0.25005</stack-size>
<stack-size id="18625">0.230046</stack-size>
<stack-size id="18774">0.306728</stack-size>
<stack-size id="18923">0.226712</stack-size>
<stack-size id="19072">0.18337</stack-size>
<stack-size id="19221">0.306728</stack-size>
<stack-size id="19370">0.226712</stack-size>
<stack-size id="19519">0.303394</stack-size>
<stack-size id="19668">0.323398</stack-size>
<stack-size id="19817">0.25005</stack-size>
<stack-size id="19966">0.276722</stack-size>
<stack-size id="20115">0.620124</stack-size>
<stack-size id="20264">0.620124</stack-size>
<stack-size id="20413">0.840168</stack-size>
<stack-size id="20562">0.813496</stack-size>
<stack-size id="20711">0.746816</stack-size>
<stack-size id="20860">0.936854</stack-size>
<stack-size id="21009">0.676802</stack-size>
<stack-size id="21158">0.68347</stack-size>
<stack-size id="21307">0.746816</stack-size>
<stack-size id="21456">0.740148</stack-size>
<stack-size id="21605">0.640128</stack-size>
<stack-size id="21754">0.440088</stack-size>
<stack-size id="21903">0.620124</stack-size>
<stack-size id="22052">0.61679</stack-size>
<stack-size id="22201">0.580116</stack-size>
<stack-size id="22350">0.496766</stack-size>
<stack-size id="22499">0.506768</stack-size>
<stack-size id="22648">0.40008</stack-size>
<stack-size id="22797">0.246716</stack-size>
<stack-size id="22946">0.286724</stack-size>
<stack-size id="23095">0.213376</stack-size>
<stack-size id="23244">0.163366</stack-size>
<stack-size id="23393">0.260052</stack-size>
<stack-size id="23542">0.440088</stack-size>
<stack-size id="23691">0.376742</stack-size>
<stack-size id="23840">0.043342</stack-size>
<stack-size id="23989">0.3334</stack-size>
<stack-size id="24138">0.630126</stack-size>
<stack-size id="24287">0.626792</stack-size>
<stack-size id="24436">0.63346</stack-size>
<stack-size id="24585">0.720144</stack-size>
<stack-size id="24734">0.836834</stack-size>
<stack-size id="24883">0.673468</stack-size>
<stack-size id="25032">0.390078</stack-size>
<stack-size id="25181">0.390078</stack-size>
<stack-size id="25330">0.270054</stack-size>
<stack-size id="25479">0.25005</stack-size>
<stack-size id="25628">0.160032</stack-size>
<stack-size id="25777">0.423418</stack-size>
<stack-size id="25926">0.63346</stack-size>
<stack-size id="26075">0.730146</stack-size>
<stack-size id="26224">0.693472</stack-size>
<stack-size id="26373">0.713476</stack-size>
<stack-size id="26522">0.743482</stack-size>
<stack-size id="26671">0.556778</stack-size>
<stack-size id="26820">0.423418</stack-size>
<stack-size id="26969">0.376742</stack-size>
<stack-size id="27118">0.243382</stack-size>
<stack-size id="27267">0.303394</stack-size>
<stack-size id="27416">0.23338</stack-size>
<stack-size id="27565">0.396746</stack-size>
<stack-size id="27714">0.446756</stack-size>
<stack-size id="27863">0.110022</stack-size>
<stack-size id="28012">0.123358</stack-size>
<stack-size id="28161">0.08335</stack-size>
<stack-size id="28310">0.070014</stack-size>
<stack-size id="28459">0.170034</stack-size>
<stack-size id="28608">0.140028</stack-size>
<stack-size id="28757">0.146696</stack-size>
<stack-size id="28906">0.173368</stack-size>
<stack-size id="29055">0.113356</stack-size>
<stack-size id="29204">0.086684</stack-size>
<stack-size id="29353">0.123358</stack-size>
<stack-size id="29502">0.06668</stack-size>
<stack-size id="29651">0.10002</stack-size>
<stack-size id="29800">0.10002</stack-size>
<stack-size id="29949">0.096686</stack-size>
<max-stack>443</max-stack>
<front-edges>29993</front-edges>
<back-edges>11904</back-edges>
<cross-edges>58592</cross-edges>
<shortest-cycle>2</shortest-cycle>
</dfs-info>
<rw-info>
<coverage step="2980">3.10395</coverage>
<coverage step="5960">4.22418</coverage>
<coverage step="8940">5.19437</coverage>
<coverage step="11920">5.75448</coverage>
<coverage step="14900">6.40795</coverage>
<coverage step="17880">6.86137</coverage>
<coverage step="20860">7.8149</coverage>
<coverage step="23840">8.01827</coverage>
<coverage step="26820">8.47836</coverage>
<coverage step="29800">8.75508</coverage>
<coverage step="32780">9.51857</coverage>
<coverage step="35760">9.88864</coverage>
<coverage step="38740">9.97866</coverage>
<coverage step="41720">10.1287</coverage>
<coverage step="44700">10.4754</coverage>
<coverage step="47680">10.6855</coverage>
<coverage step="50660">11.0755</coverage>
<coverage step="53640">11.1089</coverage>
<coverage step="56620">11.2889</coverage>
<coverage step="59600">11.4756</coverage>
<coverage step="62580">11.629</coverage>
<coverage step="65560">11.8057</coverage>
<coverage step="68540">11.9157</coverage>
<coverage step="71520">12.0224</coverage>
<coverage step="74500">12.2558</coverage>
<coverage step="77480">12.5859</coverage>
<coverage step="80460">12.5925</coverage>
<coverage step="83440">12.6725</coverage>
<coverage step="86420">12.7092</coverage>
<coverage step="89400">12.8092</coverage>
<coverage step="92380">12.8826</coverage>
<coverage step="95360">12.9193</coverage>
<coverage step="98340">12.9559</coverage>
<coverage step="101320">12.9693</coverage>
<coverage step="104300">13.1626</coverage>
<coverage step="107280">13.196</coverage>
<coverage step="110260">13.196</coverage>
<coverage step="113240">13.2593</coverage>
<coverage step="116220">13.376</coverage>
<coverage step="119200">13.466</coverage>
<coverage step="122180">13.476</coverage>
<coverage step="125160">13.6461</coverage>
<coverage step="128140">13.7227</coverage>
<coverage step="131120">13.7594</coverage>
<coverage step="134100">13.8361</coverage>
<coverage step="137080">13.8761</coverage>
<coverage step="140060">13.9561</coverage>
<coverage step="143040">13.9961</coverage>
<coverage step="146020">14.0428</coverage>
<coverage step="149000">14.0862</coverage>
<coverage step="151980">14.1128</coverage>
<coverage step="154960">14.2162</coverage>
<coverage step="157940">14.3929</coverage>
<coverage step="160920">14.4262</coverage>
<coverage step="163900">14.5296</coverage>
<coverage step="166880">14.5796</coverage>
<coverage step="169860">14.5996</coverage>
<coverage step="172840">14.7029</coverage>
<coverage step="175820">14.7396</coverage>
<coverage step="178800">14.7463</coverage>
<coverage step="181780">14.8396</coverage>
<coverage step="184760">14.9096</coverage>
<coverage step="187740">14.923</coverage>
<coverage step="190720">14.9697</coverage>
<coverage step="193700">15.0297</coverage>
<coverage step="196680">15.0397</coverage>
<coverage step="199660">15.043</coverage>
<coverage step="202640">15.0497</coverage>
<coverage step="205620">15.0597</coverage>
<coverage step="208600">15.073</coverage>
<coverage step="211580">15.0897</coverage>
<coverage step="214560">15.1397</coverage>
<coverage step="217540">15.1397</coverage>
<coverage step="220520">15.1497</coverage>
<coverage step="223500">15.2197</coverage>
<coverage step="226480">15.2797</coverage>
<coverage step="229460">15.3231</coverage>
<coverage step="232440">15.3664</coverage>
<coverage step="235420">15.4498</coverage>
<coverage step="238400">15.4798</coverage>
<coverage step="241380">15.4998</coverage>
<coverage step="244360">15.5931</coverage>
<coverage step="247340">15.6665</coverage>
<coverage step="250320">15.6931</coverage>
<coverage step="253300">15.6965</coverage>
<coverage step="256280">15.7131</coverage>
<coverage step="259260">15.8032</coverage>
<coverage step="262240">15.8132</coverage>
<coverage step="265220">15.8298</coverage>
<coverage step="268200">15.8765</coverage>
<coverage step="271180">15.8865</coverage>
<coverage step="274160">15.8898</coverage>
<coverage step="277140">15.9065</coverage>
<coverage step="280120">15.9165</coverage>
<coverage step="283100">15.9465</coverage>
<coverage step="286080">16.0132</coverage>
<coverage step="289060">16.0532</coverage>
<coverage step="292040">16.0832</coverage>
<coverage step="295020">16.0866</coverage>
<coverage step="298000">16.1232</coverage>
<rw-visits order="1">4168</rw-visits>
<rw-visits order="25">1281</rw-visits>
<rw-visits order="49">876</rw-visits>
<rw-visits order="73">716</rw-visits>
<rw-visits order="97">623</rw-visits>
<rw-visits order="121">531</rw-visits>
<rw-visits order="145">481</rw-visits>
<rw-visits order="169">426</rw-visits>
<rw-visits order="193">387</rw-visits>
<rw-visits order="217">353</rw-visits>
<rw-visits order="241">313</rw-visits>
<rw-visits order="265">281</rw-visits>
<rw-visits order="289">260</rw-visits>
<rw-visits order="313">243</rw-visits>
<rw-visits order="337">224</rw-visits>
<rw-visits order="361">202</rw-visits>
<rw-visits order="385">193</rw-visits>
<rw-visits order="409">180</rw-visits>
<rw-visits order="433">168</rw-visits>
<rw-visits order="457">156</rw-visits>
<rw-visits order="481">147</rw-visits>
<rw-visits order="505">139</rw-visits>
<rw-visits order="529">130</rw-visits>
<rw-visits order="553">121</rw-visits>
<rw-visits order="577">116</rw-visits>
<rw-visits order="601">109</rw-visits>
<rw-visits order="625">98</rw-visits>
<rw-visits order="649">92</rw-visits>
<rw-visits order="673">87</rw-visits>
<rw-visits order="697">84</rw-visits>
<rw-visits order="721">79</rw-visits>
<rw-visits order="745">75</rw-visits>
<rw-visits order="769">71</rw-visits>
<rw-visits order="793">66</rw-visits>
<rw-visits order="817">64</rw-visits>
<rw-visits order="841">60</rw-visits>
<rw-visits order="865">57</rw-visits>
<rw-visits order="889">55</rw-visits>
<rw-visits order="913">53</rw-visits>
<rw-visits order="937">51</rw-visits>
<rw-visits order="961">50</rw-visits>
<rw-visits order="985">48</rw-visits>
<rw-visits order="1009">46</rw-visits>
<rw-visits order="1033">45</rw-visits>
<rw-visits order="1057">43</rw-visits>
<rw-visits order="1081">42</rw-visits>
<rw-visits order="1105">40</rw-visits>
<rw-visits order="1129">38</rw-visits>
<rw-visits order="1153">37</rw-visits>
<rw-visits order="1177">35</rw-visits>
<rw-visits order="1201">34</rw-visits>
<rw-visits order="1225">33</rw-visits>
<rw-visits order="1249">32</rw-visits>
<rw-visits order="1273">31</rw-visits>
<rw-visits order="1297">30</rw-visits>
<rw-visits order="1321">29</rw-visits>
<rw-visits order="1345">28</rw-visits>
<rw-visits order="1369">27</rw-visits>
<rw-visits order="1393">26</rw-visits>
<rw-visits order="1417">26</rw-visits>
<rw-visits order="1441">25</rw-visits>
<rw-visits order="1465">24</rw-visits>
<rw-visits order="1489">23</rw-visits>
<rw-visits order="1513">23</rw-visits>
<rw-visits order="1537">22</rw-visits>
<rw-visits order="1561">21</rw-visits>
<rw-visits order="1585">21</rw-visits>
<rw-visits order="1609">20</rw-visits>
<rw-visits order="1633">20</rw-visits>
<rw-visits order="1657">19</rw-visits>
<rw-visits order="1681">18</rw-visits>
<rw-visits order="1705">18</rw-visits>
<rw-visits order="1729">17</rw-visits>
<rw-visits order="1753">17</rw-visits>
<rw-visits order="1777">16</rw-visits>
<rw-visits order="1801">16</rw-visits>
<rw-visits order="1825">16</rw-visits>
<rw-visits order="1849">15</rw-visits>
<rw-visits order="1873">15</rw-visits>
<rw-visits order="1897">14</rw-visits>
<rw-visits order="1921">14</rw-visits>
<rw-visits order="1945">13</rw-visits>
<rw-visits order="1969">13</rw-visits>
<rw-visits order="1993">13</rw-visits>
<rw-visits order="2017">12</rw-visits>
<rw-visits order="2041">12</rw-visits>
<rw-visits order="2065">11</rw-visits>
<rw-visits order="2089">11</rw-visits>
<rw-visits order="2113">11</rw-visits>
<rw-visits order="2137">10</rw-visits>
<rw-visits order="2161">10</rw-visits>
<rw-visits order="2185">10</rw-visits>
<rw-visits order="2209">10</rw-visits>
<rw-visits order="2233">9</rw-visits>
<rw-visits order="2257">9</rw-visits>
<rw-visits order="2281">9</rw-visits>
<rw-visits order="2305">9</rw-visits>
<rw-visits order="2329">9</rw-visits>
<rw-visits order="2353">8</rw-visits>
<rw-visits order="2377">8</rw-visits>
<rw-visits order="2401">8</rw-visits>
<rw-visits order="2425">8</rw-visits>
<rw-visits order="2449">7</rw-visits>
<rw-visits order="2473">7</rw-visits>
<rw-visits order="2497">7</rw-visits>
<rw-visits order="2521">7</rw-visits>
<rw-visits order="2545">7</rw-visits>
<rw-visits order="2569">7</rw-visits>
<rw-visits order="2593">6</rw-visits>
<rw-visits order="2617">6</rw-visits>
<rw-visits order="2641">6</rw-visits>
<rw-visits order="2665">6</rw-visits>
<rw-visits order="2689">6</rw-visits>
<rw-visits order="2713">6</rw-visits>
<rw-visits order="2737">5</rw-visits>
<rw-visits order="2761">5</rw-visits>
<rw-visits order="2785">5</rw-visits>
<rw-visits order="2809">5</rw-visits>
<rw-visits order="2833">5</rw-visits>
<rw-visits order="2857">5</rw-visits>
<rw-visits order="2881">5</rw-visits>
<rw-visits order="2905">5</rw-visits>
<rw-visits order="2929">5</rw-visits>
<rw-visits order="2953">4</rw-visits>
<rw-visits order="2977">4</rw-visits>
<rw-visits order="3001">4</rw-visits>
<rw-visits order="3025">4</rw-visits>
<rw-visits order="3049">4</rw-visits>
<rw-visits order="3073">4</rw-visits>
<rw-visits order="3097">4</rw-visits>
<rw-visits order="3121">4</rw-visits>
<rw-visits order="3145">4</rw-visits>
<rw-visits order="3169">4</rw-visits>
<rw-visits order="3193">3</rw-visits>
<rw-visits order="3217">3</rw-visits>
<rw-visits order="3241">3</rw-visits>
<rw-visits order="3265">3</rw-visits>
<rw-visits order="3289">3</rw-visits>
<rw-visits order="3313">3</rw-visits>
<rw-visits order="3337">3</rw-visits>
<rw-visits order="3361">3</rw-visits>
<rw-visits order="3385">3</rw-visits>
<rw-visits order="3409">3</rw-visits>
<rw-visits order="3433">3</rw-visits>
<rw-visits order="3457">3</rw-visits>
<rw-visits order="3481">3</rw-visits>
<rw-visits order="3505">2</rw-visits>
<rw-visits order="3529">2</rw-visits>
<rw-visits order="3553">2</rw-visits>
<rw-visits order="3577">2</rw-visits>
<rw-visits order="3601">2</rw-visits>
<rw-visits order="3625">2</rw-visits>
<rw-visits order="3649">2</rw-visits>
<rw-visits order="3673">2</rw-visits>
<rw-visits order="3697">2</rw-visits>
<rw-visits order="3721">2</rw-visits>
<rw-visits order="3745">2</rw-visits>
<rw-visits order="3769">2</rw-visits>
<rw-visits order="3793">2</rw-visits>
<rw-visits order="3817">2</rw-visits>
<rw-visits order="3841">2</rw-visits>
<rw-visits order="3865">2</rw-visits>
<rw-visits order="3889">2</rw-visits>
<rw-visits order="3913">2</rw-visits>
<rw-visits order="3937">2</rw-visits>
<rw-visits order="3961">2</rw-visits>
<rw-visits order="3985">1</rw-visits>
<rw-visits order="4009">1</rw-visits>
<rw-visits order="4033">1</rw-visits>
<rw-visits order="4057">1</rw-visits>
<rw-visits order="4081">1</rw-visits>
<rw-visits order="4105">1</rw-visits>
<rw-visits order="4129">1</rw-visits>
<rw-visits order="4153">1</rw-visits>
<rw-visits order="4177">1</rw-visits>
<rw-visits order="4201">1</rw-visits>
<rw-visits order="4225">1</rw-visits>
<rw-visits order="4249">1</rw-visits>
<rw-visits order="4273">1</rw-visits>
<rw-visits order="4297">1</rw-visits>
<rw-visits order="4321">1</rw-visits>
<rw-visits order="4345">1</rw-visits>
<rw-visits order="4369">1</rw-visits>
<rw-visits order="4393">1</rw-visits>
<rw-visits order="4417">1</rw-visits>
<rw-visits order="4441">1</rw-visits>
<rw-visits order="4465">1</rw-visits>
<rw-visits order="4489">1</rw-visits>
<rw-visits order="4513">1</rw-visits>
<rw-visits order="4537">1</rw-visits>
<rw-visits order="4561">1</rw-visits>
<rw-visits order="4585">1</rw-visits>
<rw-visits order="4609">1</rw-visits>
<rw-visits order="4633">1</rw-visits>
<rw-visits order="4657">1</rw-visits>
<rw-visits order="4681">1</rw-visits>
<rw-visits order="4705">1</rw-visits>
<rw-visits order="4729">1</rw-visits>
<rw-visits order="4753">1</rw-visits>
<rw-visits order="4777">1</rw-visits>
<rw-visits order="4801">1</rw-visits>
<rw-visits order="4825">1</rw-visits>
<final-coverage>16.1399</final-coverage>
</rw-info>
<local-info>
<diamonds>97.4862</diamonds>
<neighborhood k="4">32</neighborhood>
<clustering k="4">1.88595</clustering>
</local-info>
<label-info>
<edge-label id="0.0+4.2">12428</edge-label>
<edge-label id="0.0+5.2">3842</edge-label>
<edge-label id="1.0">14997</edge-label>
<edge-label id="1.1+4.3">214</edge-label>
<edge-label id="2.1">14440</edge-label>
<edge-label id="3.1+5.0">596</edge-label>
<edge-label id="3.10">2616</edge-label>
<edge-label id="3.11">1428</edge-label>
<edge-label id="3.12">1124</edge-label>
<edge-label id="3.2+5.1">596</edge-label>
<edge-label id="3.3">5652</edge-label>
<edge-label id="3.5+4.0">1296</edge-label>
<edge-label id="3.6">3780</edge-label>
<edge-label id="3.8+4.1">1836</edge-label>
<edge-label id="3.9">4182</edge-label>
<edge-label id="4.10+3.0">112</edge-label>
<edge-label id="4.4">720</edge-label>
<edge-label id="4.5">920</edge-label>
<edge-label id="4.6+3.0">448</edge-label>
<edge-label id="4.7">2150</edge-label>
<edge-label id="4.8+3.0">4006</edge-label>
<edge-label id="4.9">1156</edge-label>
<edge-label id="5.10">480</edge-label>
<edge-label id="5.11+3.7">352</edge-label>
<edge-label id="5.12">368</edge-label>
<edge-label id="5.13">13412</edge-label>
<edge-label id="5.14+3.7">808</edge-label>
<edge-label id="5.15+3.4">718</edge-label>
<edge-label id="5.3">1368</edge-label>
<edge-label id="5.4+2.0">144</edge-label>
<edge-label id="5.5">2096</edge-label>
<edge-label id="5.6+3.7">884</edge-label>
<edge-label id="5.7">1224</edge-label>
<edge-label id="5.8+3.4">96</edge-label>
<state-labels procid="0">
<label id="[]">29994</label>
</state-labels><state-labels procid="1">
<label id="[0]">29994</label>
</state-labels><state-labels procid="2">
<label id="[0,0]">111</label>
<label id="[0,1]">4518</label>
<label id="[0,2]">10368</label>
<label id="[1,0]">111</label>
<label id="[1,1]">4518</label>
<label id="[1,2]">10368</label>
</state-labels><state-labels procid="3">
<label id="[0,0]">1114</label>
<label id="[0,1]">5884</label>
<label id="[0,2]">8556</label>
<label id="[1,1]">5884</label>
<label id="[1,2]">8556</label>
</state-labels><state-labels procid="4">
<label id="[0,0]">1206</label>
<label id="[0,1]">4102</label>
<label id="[0,2]">5440</label>
<label id="[0,3]">464</label>
<label id="[1,1]">1748</label>
<label id="[1,2]">3904</label>
<label id="[2,0]">228</label>
<label id="[2,1]">1584</label>
<label id="[2,2]">1968</label>
<label id="[3,0]">788</label>
<label id="[3,1]">1586</label>
<label id="[3,2]">1408</label>
<label id="[3,3]">400</label>
<label id="[4,1]">840</label>
<label id="[4,2]">1776</label>
<label id="[5,0]">120</label>
<label id="[5,1]">672</label>
<label id="[5,2]">636</label>
<label id="[6,0]">276</label>
<label id="[6,1]">396</label>
<label id="[6,2]">284</label>
<label id="[6,3]">168</label>
</state-labels><state-labels procid="5">
<label id="[0,1,0,0]">46</label>
<label id="[0,1,0,1]">30</label>
<label id="[0,2,0,0]">1132</label>
<label id="[0,2,0,1]">1052</label>
<label id="[0,2,0,2]">696</label>
<label id="[0,2,0,3]">536</label>
<label id="[0,2,1,1]">232</label>
<label id="[0,2,1,2]">120</label>
<label id="[0,3,1,0]">1128</label>
<label id="[0,3,1,1]">2768</label>
<label id="[0,3,1,2]">2504</label>
<label id="[0,3,1,3]">1456</label>
<label id="[0,3,2,2]">488</label>
<label id="[0,3,2,3]">240</label>
<label id="[1,1,0,0]">48</label>
<label id="[1,2,1,1]">240</label>
<label id="[2,1,0,0]">40</label>
<label id="[2,2,0,0]">80</label>
<label id="[2,2,0,1]">232</label>
<label id="[2,2,1,1]">160</label>
<label id="[2,3,1,1]">320</label>
<label id="[2,3,1,2]">488</label>
<label id="[2,3,2,2]">320</label>
<label id="[3,1,0,1]">30</label>
<label id="[3,2,0,0]">144</label>
<label id="[3,2,0,1]">316</label>
<label id="[3,2,0,2]">240</label>
<label id="[3,2,0,3]">160</label>
<label id="[3,2,1,2]">120</label>
<label id="[3,3,1,0]">400</label>
<label id="[3,3,1,1]">304</label>
<label id="[3,3,1,2]">744</label>
<label id="[3,3,1,3]">512</label>
<label id="[3,3,2,3]">240</label>
<label id="[4,1,0,0]">46</label>
<label id="[4,1,0,1]">30</label>
<label id="[4,2,0,0]">1132</label>
<label id="[4,2,0,1]">1052</label>
<label id="[4,2,0,2]">696</label>
<label id="[4,2,0,3]">536</label>
<label id="[4,2,1,1]">232</label>
<label id="[4,2,1,2]">120</label>
<label id="[4,3,1,0]">1128</label>
<label id="[4,3,1,1]">2768</label>
<label id="[4,3,1,2]">2504</label>
<label id="[4,3,1,3]">1456</label>
<label id="[4,3,2,2]">488</label>
<label id="[4,3,2,3]">240</label>
</state-labels><state-labels procid="6">
<label id="[0,0,0,0,0,0,{0|0|0|0},{0|0|0|0}]">14</label>
<label id="[0,0,1,0,0,0,{0|0|0|0},{0|0|0|0}]">28</label>
<label id="[0,0,1,0,1,1,{0|0|0|0},{0|0|0|0}]">120</label>
<label id="[0,0,2,0,1,1,{0|0|0|0},{0|0|0|0}]">56</label>
<label id="[0,0,2,0,2,2,{0|0|0|0},{0|0|0|0}]">96</label>
<label id="[0,1,1,0,1,1,{0|1|0|0},{1|0|1|1}]">232</label>
<label id="[0,1,1,0,1,1,{0|1|0|0},{1|1|1|1}]">192</label>
<label id="[0,2,2,0,2,2,{0|0|1|0},{1|1|0|1}]">312</label>
<label id="[0,2,2,0,2,2,{0|0|1|0},{1|1|1|1}]">192</label>
<label id="[0,2,2,0,2,2,{0|1|1|0},{1|1|0|1}]">224</label>
<label id="[0,2,2,0,2,2,{0|1|1|0},{1|1|1|1}]">192</label>
<label id="[0,4,0,0,0,0,{0|0|0|0},{0|1|0|0}]">82</label>
<label id="[0,4,1,0,0,0,{0|0|0|0},{0|1|0|0}]">46</label>
<label id="[0,4,1,0,1,1,{0|0|0|0},{0|0|1|0}]">292</label>
<label id="[0,4,1,0,1,1,{0|0|0|0},{0|1|0|0}]">96</label>
<label id="[0,4,1,0,1,1,{0|1|0|0},{0|0|1|0}]">340</label>
<label id="[0,4,2,0,1,1,{0|0|0|0},{0|0|1|0}]">92</label>
<label id="[0,4,2,0,1,1,{0|0|0|0},{0|1|0|0}]">56</label>
<label id="[0,4,2,0,1,1,{0|1|0|0},{0|0|1|0}]">92</label>
<label id="[0,4,2,0,2,2,{0|0|0|0},{0|0|0|1}]">188</label>
<label id="[0,4,2,0,2,2,{0|0|0|0},{0|0|1|0}]">72</label>
<label id="[0,4,2,0,2,2,{0|0|0|0},{0|1|0|0}]">96</label>
<label id="[0,4,2,0,2,2,{0|0|1|0},{0|0|0|1}]">236</label>
<label id="[0,4,2,0,2,2,{0|1|0|0},{0|0|0|1}]">188</label>
<label id="[0,4,2,0,2,2,{0|1|0|0},{0|0|1|0}]">72</label>
<label id="[0,4,2,0,2,2,{0|1|1|0},{0|0|0|1}]">236</label>
<label id="[1,0,1,0,0,0,{0|0|0|0},{0|0|0|0}]">24</label>
<label id="[1,0,1,0,1,1,{0|0|0|0},{0|0|0|0}]">48</label>
<label id="[1,0,2,0,1,1,{0|0|0|0},{0|0|0|0}]">48</label>
<label id="[1,0,2,0,2,2,{0|0|0|0},{0|0|0|0}]">48</label>
<label id="[1,1,1,0,1,1,{0|1|0|0},{1|0|1|1}]">96</label>
<label id="[1,1,1,0,1,1,{0|1|0|0},{1|1|1|1}]">96</label>
<label id="[1,2,2,0,2,2,{0|0|1|0},{1|1|0|1}]">96</label>
<label id="[1,2,2,0,2,2,{0|0|1|0},{1|1|1|1}]">96</label>
<label id="[1,2,2,0,2,2,{0|1|1|0},{1|1|0|1}]">96</label>
<label id="[1,2,2,0,2,2,{0|1|1|0},{1|1|1|1}]">96</label>
<label id="[1,4,1,0,0,0,{0|0|0|0},{0|1|0|0}]">24</label>
<label id="[1,4,1,0,1,1,{0|0|0|0},{0|0|1|0}]">72</label>
<label id="[1,4,1,0,1,1,{0|0|0|0},{0|1|0|0}]">48</label>
<label id="[1,4,1,0,1,1,{0|1|0|0},{0|0|1|0}]">96</label>
<label id="[1,4,2,0,1,1,{0|0|0|0},{0|0|1|0}]">48</label>
<label id="[1,4,2,0,1,1,{0|0|0|0},{0|1|0|0}]">48</label>
<label id="[1,4,2,0,1,1,{0|1|0|0},{0|0|1|0}]">48</label>
<label id="[1,4,2,0,2,2,{0|0|0|0},{0|0|0|1}]">72</label>
<label id="[1,4,2,0,2,2,{0|0|0|0},{0|0|1|0}]">48</label>
<label id="[1,4,2,0,2,2,{0|0|0|0},{0|1|0|0}]">48</label>
<label id="[1,4,2,0,2,2,{0|0|1|0},{0|0|0|1}]">96</label>
<label id="[1,4,2,0,2,2,{0|1|0|0},{0|0|0|1}]">72</label>
<label id="[1,4,2,0,2,2,{0|1|0|0},{0|0|1|0}]">48</label>
<label id="[1,4,2,0,2,2,{0|1|1|0},{0|0|0|1}]">96</label>
<label id="[2,0,1,0,1,1,{0|0|0|0},{0|0|0|0}]">96</label>
<label id="[2,0,1,1,1,0,{0|0|0|0},{0|0|0|0}]">48</label>
<label id="[2,0,2,0,2,2,{0|0|0|0},{0|0|0|0}]">72</label>
<label id="[2,0,2,1,2,1,{0|0|0|0},{0|0|0|0}]">48</label>
<label id="[2,4,1,0,1,1,{0|0|0|0},{0|1|0|0}]">96</label>
<label id="[2,4,1,1,1,0,{0|0|0|0},{0|1|0|0}]">48</label>
<label id="[2,4,2,0,2,2,{0|0|0|0},{0|0|1|0}]">72</label>
<label id="[2,4,2,0,2,2,{0|0|0|0},{0|1|0|0}]">72</label>
<label id="[2,4,2,0,2,2,{0|1|0|0},{0|0|1|0}]">72</label>
<label id="[2,4,2,1,2,1,{0|0|0|0},{0|0|1|0}]">48</label>
<label id="[2,4,2,1,2,1,{0|0|0|0},{0|1|0|0}]">48</label>
<label id="[2,4,2,1,2,1,{0|1|0|0},{0|0|1|0}]">48</label>
<label id="[3,0,1,0,1,1,{0|1|0|0},{0|0|1|1}]">152</label>
<label id="[3,0,1,0,1,1,{0|1|0|0},{0|1|1|1}]">144</label>
<label id="[3,0,1,0,1,1,{0|1|0|0},{1|0|1|1}]">96</label>
<label id="[3,0,1,0,1,1,{0|1|0|0},{1|1|1|1}]">96</label>
<label id="[3,0,2,0,2,2,{0|0|1|0},{0|0|0|1}]">152</label>
<label id="[3,0,2,0,2,2,{0|0|1|0},{0|0|1|1}]">104</label>
<label id="[3,0,2,0,2,2,{0|0|1|0},{0|1|0|1}]">104</label>
<label id="[3,0,2,0,2,2,{0|0|1|0},{1|1|0|1}]">96</label>
<label id="[3,0,2,0,2,2,{0|0|1|0},{1|1|1|1}]">96</label>
<label id="[3,0,2,0,2,2,{0|1|1|0},{0|0|0|1}]">96</label>
<label id="[3,0,2,0,2,2,{0|1|1|0},{0|0|1|1}]">104</label>
<label id="[3,0,2,0,2,2,{0|1|1|0},{1|1|0|1}]">96</label>
<label id="[3,0,2,0,2,2,{0|1|1|0},{1|1|1|1}]">96</label>
<label id="[3,1,1,0,1,1,{0|1|0|0},{1|0|1|1}]">192</label>
<label id="[3,1,1,0,1,1,{0|1|0|0},{1|1|1|1}]">192</label>
<label id="[3,1,2,0,2,2,{0|0|1|0},{1|0|0|1}]">152</label>
<label id="[3,1,2,0,2,2,{0|0|1|0},{1|0|1|1}]">144</label>
<label id="[3,1,2,0,2,2,{0|0|1|0},{1|1|0|1}]">176</label>
<label id="[3,1,2,0,2,2,{0|0|1|0},{1|1|1|1}]">96</label>
<label id="[3,1,2,0,2,2,{0|1|1|0},{1|0|0|1}]">144</label>
<label id="[3,1,2,0,2,2,{0|1|1|0},{1|0|1|1}]">144</label>
<label id="[3,1,2,0,2,2,{0|1|1|0},{1|1|0|1}]">96</label>
<label id="[3,1,2,0,2,2,{0|1|1|0},{1|1|1|1}]">96</label>
<label id="[3,2,1,0,1,1,{0|1|0|0},{0|0|0|0}]">48</label>
<label id="[3,2,1,0,1,1,{0|1|0|0},{0|0|1|0}]">96</label>
<label id="[3,2,1,0,1,1,{0|1|0|0},{0|1|0|0}]">48</label>
<label id="[3,2,1,0,1,1,{0|1|0|0},{1|0|1|1}]">96</label>
<label id="[3,2,1,0,1,1,{0|1|0|0},{1|1|1|1}]">96</label>
<label id="[3,2,2,0,2,2,{0|0|1|0},{1|1|0|1}]">272</label>
<label id="[3,2,2,0,2,2,{0|0|1|0},{1|1|1|1}]">192</label>
<label id="[3,2,2,0,2,2,{0|1|1|0},{1|1|0|1}]">184</label>
<label id="[3,2,2,0,2,2,{0|1|1|0},{1|1|1|1}]">192</label>
<label id="[3,3,1,0,1,1,{0|1|0|0},{0|0|1|0}]">152</label>
<label id="[3,3,1,0,1,1,{0|1|0|0},{0|1|1|0}]">104</label>
<label id="[3,3,1,0,1,1,{0|1|0|0},{1|0|1|1}]">96</label>
<label id="[3,3,1,0,1,1,{0|1|0|0},{1|1|1|1}]">96</label>
<label id="[3,3,2,0,2,2,{0|0|1|0},{0|0|0|0}]">48</label>
<label id="[3,3,2,0,2,2,{0|0|1|0},{0|0|0|1}]">96</label>
<label id="[3,3,2,0,2,2,{0|0|1|0},{0|0|1|0}]">48</label>
<label id="[3,3,2,0,2,2,{0|0|1|0},{0|1|0|0}]">48</label>
<label id="[3,3,2,0,2,2,{0|0|1|0},{1|1|0|1}]">96</label>
<label id="[3,3,2,0,2,2,{0|0|1|0},{1|1|1|1}]">96</label>
<label id="[3,3,2,0,2,2,{0|1|1|0},{0|0|0|1}]">96</label>
<label id="[3,3,2,0,2,2,{0|1|1|0},{0|0|1|0}]">48</label>
<label id="[3,3,2,0,2,2,{0|1|1|0},{1|1|0|1}]">96</label>
<label id="[3,3,2,0,2,2,{0|1|1|0},{1|1|1|1}]">96</label>
<label id="[4,0,1,0,0,0,{0|0|0|0},{0|0|0|0}]">16</label>
<label id="[4,0,1,0,1,1,{0|0|0|0},{0|0|0|0}]">32</label>
<label id="[4,0,2,0,1,1,{0|0|0|0},{0|0|0|0}]">32</label>
<label id="[4,0,2,0,2,2,{0|0|0|0},{0|0|0|0}]">32</label>
<label id="[4,1,1,0,1,1,{0|1|0|0},{1|0|1|1}]">64</label>
<label id="[4,1,1,0,1,1,{0|1|0|0},{1|1|1|1}]">64</label>
<label id="[4,2,2,0,2,2,{0|0|1|0},{1|1|0|1}]">64</label>
<label id="[4,2,2,0,2,2,{0|0|1|0},{1|1|1|1}]">64</label>
<label id="[4,2,2,0,2,2,{0|1|1|0},{1|1|0|1}]">64</label>
<label id="[4,2,2,0,2,2,{0|1|1|0},{1|1|1|1}]">64</label>
<label id="[4,4,1,0,0,0,{0|0|0|0},{0|1|0|0}]">16</label>
<label id="[4,4,1,0,1,1,{0|0|0|0},{0|0|1|0}]">48</label>
<label id="[4,4,1,0,1,1,{0|0|0|0},{0|1|0|0}]">32</label>
<label id="[4,4,1,0,1,1,{0|1|0|0},{0|0|1|0}]">64</label>
<label id="[4,4,2,0,1,1,{0|0|0|0},{0|0|1|0}]">32</label>
<label id="[4,4,2,0,1,1,{0|0|0|0},{0|1|0|0}]">32</label>
<label id="[4,4,2,0,1,1,{0|1|0|0},{0|0|1|0}]">32</label>
<label id="[4,4,2,0,2,2,{0|0|0|0},{0|0|0|1}]">48</label>
<label id="[4,4,2,0,2,2,{0|0|0|0},{0|0|1|0}]">32</label>
<label id="[4,4,2,0,2,2,{0|0|0|0},{0|1|0|0}]">32</label>
<label id="[4,4,2,0,2,2,{0|0|1|0},{0|0|0|1}]">64</label>
<label id="[4,4,2,0,2,2,{0|1|0|0},{0|0|0|1}]">48</label>
<label id="[4,4,2,0,2,2,{0|1|0|0},{0|0|1|0}]">32</label>
<label id="[4,4,2,0,2,2,{0|1|1|0},{0|0|0|1}]">64</label>
<label id="[5,0,0,0,0,0,{0|0|0|0},{0|0|0|0}]">14</label>
<label id="[5,0,0,0,0,0,{0|0|0|0},{0|1|0|0}]">82</label>
<label id="[5,0,1,0,0,0,{0|0|0|0},{0|0|0|0}]">28</label>
<label id="[5,0,1,0,0,0,{0|0|0|0},{0|1|0|0}]">46</label>
<label id="[5,0,1,0,1,1,{0|0|0|0},{0|0|0|0}]">120</label>
<label id="[5,0,1,0,1,1,{0|0|0|0},{0|0|1|0}]">292</label>
<label id="[5,0,1,0,1,1,{0|0|0|0},{0|1|0|0}]">96</label>
<label id="[5,0,1,0,1,1,{0|1|0|0},{0|0|1|0}]">340</label>
<label id="[5,0,1,0,1,1,{0|1|0|0},{1|0|1|1}]">232</label>
<label id="[5,0,1,0,1,1,{0|1|0|0},{1|1|1|1}]">192</label>
<label id="[5,0,2,0,1,1,{0|0|0|0},{0|0|0|0}]">56</label>
<label id="[5,0,2,0,1,1,{0|0|0|0},{0|0|1|0}]">92</label>
<label id="[5,0,2,0,1,1,{0|0|0|0},{0|1|0|0}]">56</label>
<label id="[5,0,2,0,1,1,{0|1|0|0},{0|0|1|0}]">92</label>
<label id="[5,0,2,0,2,2,{0|0|0|0},{0|0|0|0}]">96</label>
<label id="[5,0,2,0,2,2,{0|0|0|0},{0|0|0|1}]">188</label>
<label id="[5,0,2,0,2,2,{0|0|0|0},{0|0|1|0}]">72</label>
<label id="[5,0,2,0,2,2,{0|0|0|0},{0|1|0|0}]">96</label>
<label id="[5,0,2,0,2,2,{0|0|1|0},{0|0|0|1}]">236</label>
<label id="[5,0,2,0,2,2,{0|0|1|0},{1|1|0|1}]">312</label>
<label id="[5,0,2,0,2,2,{0|0|1|0},{1|1|1|1}]">192</label>
<label id="[5,0,2,0,2,2,{0|1|0|0},{0|0|0|1}]">188</label>
<label id="[5,0,2,0,2,2,{0|1|0|0},{0|0|1|0}]">72</label>
<label id="[5,0,2,0,2,2,{0|1|1|0},{0|0|0|1}]">236</label>
<label id="[5,0,2,0,2,2,{0|1|1|0},{1|1|0|1}]">224</label>
<label id="[5,0,2,0,2,2,{0|1|1|0},{1|1|1|1}]">192</label>
<label id="[5,1,0,0,0,0,{0|0|0|0},{0|0|0|0}]">14</label>
<label id="[5,1,0,0,0,0,{0|0|0|0},{0|1|0|0}]">82</label>
<label id="[5,1,1,0,0,0,{0|0|0|0},{0|0|0|0}]">28</label>
<label id="[5,1,1,0,0,0,{0|0|0|0},{0|1|0|0}]">46</label>
<label id="[5,1,1,0,1,1,{0|0|0|0},{0|0|0|0}]">120</label>
<label id="[5,1,1,0,1,1,{0|0|0|0},{0|0|1|0}]">292</label>
<label id="[5,1,1,0,1,1,{0|0|0|0},{0|1|0|0}]">96</label>
<label id="[5,1,1,0,1,1,{0|1|0|0},{0|0|1|0}]">340</label>
<label id="[5,1,1,0,1,1,{0|1|0|0},{0|0|1|1}]">232</label>
<label id="[5,1,1,0,1,1,{0|1|0|0},{0|1|1|1}]">192</label>
<label id="[5,1,2,0,1,1,{0|0|0|0},{0|0|0|0}]">56</label>
<label id="[5,1,2,0,1,1,{0|0|0|0},{0|0|1|0}]">92</label>
<label id="[5,1,2,0,1,1,{0|0|0|0},{0|1|0|0}]">56</label>
<label id="[5,1,2,0,1,1,{0|1|0|0},{0|0|1|0}]">92</label>
<label id="[5,1,2,0,2,2,{0|0|0|0},{0|0|0|0}]">96</label>
<label id="[5,1,2,0,2,2,{0|0|0|0},{0|0|0|1}]">188</label>
<label id="[5,1,2,0,2,2,{0|0|0|0},{0|0|1|0}]">72</label>
<label id="[5,1,2,0,2,2,{0|0|0|0},{0|1|0|0}]">96</label>
<label id="[5,1,2,0,2,2,{0|0|1|0},{0|0|0|1}]">236</label>
<label id="[5,1,2,0,2,2,{0|0|1|0},{0|1|0|1}]">312</label>
<label id="[5,1,2,0,2,2,{0|0|1|0},{0|1|1|1}]">192</label>
<label id="[5,1,2,0,2,2,{0|1|0|0},{0|0|0|1}]">188</label>
<label id="[5,1,2,0,2,2,{0|1|0|0},{0|0|1|0}]">72</label>
<label id="[5,1,2,0,2,2,{0|1|1|0},{0|0|0|1}]">236</label>
<label id="[5,1,2,0,2,2,{0|1|1|0},{0|1|0|1}]">224</label>
<label id="[5,1,2,0,2,2,{0|1|1|0},{0|1|1|1}]">192</label>
<label id="[5,2,0,0,0,0,{0|0|0|0},{0|0|0|0}]">82</label>
<label id="[5,2,1,0,0,0,{0|0|0|0},{0|0|0|0}]">58</label>
<label id="[5,2,1,0,1,1,{0|0|0|0},{0|0|0|0}]">120</label>
<label id="[5,2,1,0,1,1,{0|0|0|0},{0|0|1|0}]">292</label>
<label id="[5,2,1,0,1,1,{0|1|0|0},{0|0|1|0}]">340</label>
<label id="[5,2,1,0,1,1,{0|1|0|0},{0|0|1|1}]">232</label>
<label id="[5,2,2,0,1,1,{0|0|0|0},{0|0|0|0}]">56</label>
<label id="[5,2,2,0,1,1,{0|0|0|0},{0|0|1|0}]">92</label>
<label id="[5,2,2,0,1,1,{0|1|0|0},{0|0|1|0}]">92</label>
<label id="[5,2,2,0,2,2,{0|0|0|0},{0|0|0|0}]">96</label>
<label id="[5,2,2,0,2,2,{0|0|0|0},{0|0|0|1}]">188</label>
<label id="[5,2,2,0,2,2,{0|0|0|0},{0|0|1|0}]">72</label>
<label id="[5,2,2,0,2,2,{0|0|1|0},{0|0|0|1}]">444</label>
<label id="[5,2,2,0,2,2,{0|0|1|0},{0|0|1|1}]">192</label>
<label id="[5,2,2,0,2,2,{0|1|0|0},{0|0|0|1}]">188</label>
<label id="[5,2,2,0,2,2,{0|1|0|0},{0|0|1|0}]">72</label>
<label id="[5,2,2,0,2,2,{0|1|1|0},{0|0|0|1}]">356</label>
<label id="[5,2,2,0,2,2,{0|1|1|0},{0|0|1|1}]">192</label>
<label id="[5,3,0,0,0,0,{0|0|0|0},{0|0|0|0}]">82</label>
<label id="[5,3,1,0,0,0,{0|0|0|0},{0|0|0|0}]">58</label>
<label id="[5,3,1,0,1,1,{0|0|0|0},{0|0|0|0}]">292</label>
<label id="[5,3,1,0,1,1,{0|1|0|0},{0|0|0|0}]">340</label>
<label id="[5,3,1,0,1,1,{0|1|0|0},{0|0|0|1}]">232</label>
<label id="[5,3,2,0,1,1,{0|0|0|0},{0|0|0|0}]">116</label>
<label id="[5,3,2,0,1,1,{0|1|0|0},{0|0|0|0}]">92</label>
<label id="[5,3,2,0,2,2,{0|0|0|0},{0|0|0|0}]">96</label>
<label id="[5,3,2,0,2,2,{0|0|0|0},{0|0|0|1}]">188</label>
<label id="[5,3,2,0,2,2,{0|0|1|0},{0|0|0|1}]">444</label>
<label id="[5,3,2,0,2,2,{0|1|0|0},{0|0|0|0}]">72</label>
<label id="[5,3,2,0,2,2,{0|1|0|0},{0|0|0|1}]">188</label>
<label id="[5,3,2,0,2,2,{0|1|1|0},{0|0|0|1}]">364</label>
<label id="[5,4,0,0,0,0,{0|0|0|0},{0|0|0|0}]">82</label>
<label id="[5,4,1,0,0,0,{0|0|0|0},{0|0|0|0}]">58</label>
<label id="[5,4,1,0,1,1,{0|0|0|0},{0|0|0|0}]">292</label>
<label id="[5,4,1,0,1,1,{0|1|0|0},{0|0|0|0}]">468</label>
<label id="[5,4,2,0,1,1,{0|0|0|0},{0|0|0|0}]">116</label>
<label id="[5,4,2,0,1,1,{0|1|0|0},{0|0|0|0}]">92</label>
<label id="[5,4,2,0,2,2,{0|0|0|0},{0|0|0|0}]">188</label>
<label id="[5,4,2,0,2,2,{0|0|1|0},{0|0|0|0}]">444</label>
<label id="[5,4,2,0,2,2,{0|1|0|0},{0|0|0|0}]">188</label>
<label id="[5,4,2,0,2,2,{0|1|1|0},{0|0|0|0}]">364</label>
<label id="[6,4,0,0,0,0,{0|0|0|0},{0|1|0|0}]">70</label>
<label id="[6,4,1,0,0,0,{0|0|0|0},{0|1|0|0}]">34</label>
<label id="[6,4,1,0,1,1,{0|0|0|0},{0|0|1|0}]">272</label>
<label id="[6,4,1,0,1,1,{0|1|0|0},{0|0|1|0}]">320</label>
<label id="[6,4,2,0,1,1,{0|0|0|0},{0|0|1|0}]">68</label>
<label id="[6,4,2,0,1,1,{0|1|0|0},{0|0|1|0}]">68</label>
<label id="[6,4,2,0,2,2,{0|0|0|0},{0|0|0|1}]">192</label>
<label id="[6,4,2,0,2,2,{0|0|1|0},{0|0|0|1}]">240</label>
<label id="[6,4,2,0,2,2,{0|1|0|0},{0|0|0|1}]">192</label>
<label id="[6,4,2,0,2,2,{0|1|1|0},{0|0|0|1}]">240</label>
</state-labels></label-info>
</state-space-info>
