<?xml version="1.0"?>
<!DOCTYPE state-space-info SYSTEM "../../state_space_info.dtd">


<state-space-info>
<states>6814</states>
<edges>22512</edges>
<bfs-info>
 <levels>52</levels>
<max-level>306</max-level>

<back-level-edges>4182</back-level-edges>
<max-back-level-edge>10</max-back-level-edge>
<avg-back-level-edge>3.43807</avg-back-level-edge>
<bfs-levels>
<level id="0"><states>1</states><edges>3</edges></level>
<level id="1"><states>3</states><edges>9</edges></level>
<level id="2"><states>5</states><edges>14</edges></level>
<level id="3"><states>7</states><edges>22</edges></level>
<level id="4"><states>12</states><edges>40</edges></level>
<level id="5"><states>20</states><edges>62</edges></level>
<level id="6"><states>29</states><edges>85</edges></level>
<level id="7"><states>38</states><edges>108</edges></level>
<level id="8"><states>48</states><edges>153</edges></level>
<level id="9"><states>69</states><edges>235</edges></level>
<level id="10"><states>95</states><edges>306</edges></level>
<level id="11"><states>111</states><edges>360</edges></level>
<level id="12"><states>127</states><edges>417</edges></level>
<level id="13"><states>145</states><edges>458</edges></level>
<level id="14"><states>158</states><edges>494</edges></level>
<level id="15"><states>171</states><edges>528</edges></level>
<level id="16"><states>182</states><edges>568</edges></level>
<level id="17"><states>196</states><edges>634</edges></level>
<level id="18"><states>225</states><edges>736</edges></level>
<level id="19"><states>256</states><edges>851</edges></level>
<level id="20"><states>280</states><edges>965</edges></level>
<level id="21"><states>298</states><edges>1030</edges></level>
<level id="22"><states>304</states><edges>1047</edges></level>
<level id="23"><states>305</states><edges>1045</edges></level>
<level id="24"><states>306</states><edges>1026</edges></level>
<level id="25"><states>303</states><edges>993</edges></level>
<level id="26"><states>292</states><edges>943</edges></level>
<level id="27"><states>281</states><edges>928</edges></level>
<level id="28"><states>282</states><edges>946</edges></level>
<level id="29"><states>282</states><edges>944</edges></level>
<level id="30"><states>276</states><edges>938</edges></level>
<level id="31"><states>265</states><edges>885</edges></level>
<level id="32"><states>240</states><edges>790</edges></level>
<level id="33"><states>214</states><edges>706</edges></level>
<level id="34"><states>189</states><edges>607</edges></level>
<level id="35"><states>160</states><edges>517</edges></level>
<level id="36"><states>137</states><edges>448</edges></level>
<level id="37"><states>114</states><edges>366</edges></level>
<level id="38"><states>90</states><edges>302</edges></level>
<level id="39"><states>74</states><edges>259</edges></level>
<level id="40"><states>60</states><edges>208</edges></level>
<level id="41"><states>46</states><edges>158</edges></level>
<level id="42"><states>35</states><edges>115</edges></level>
<level id="43"><states>26</states><edges>81</edges></level>
<level id="44"><states>19</states><edges>57</edges></level>
<level id="45"><states>13</states><edges>39</edges></level>
<level id="46"><states>8</states><edges>26</edges></level>
<level id="47"><states>5</states><edges>18</edges></level>
<level id="48"><states>4</states><edges>16</edges></level>
<level id="49"><states>4</states><edges>15</edges></level>
<level id="50"><states>3</states><edges>9</edges></level>
<level id="51"><states>1</states><edges>2</edges></level>
</bfs-levels>
<back-level-length id="0">1.0043</back-level-length>
<back-level-length id="1">23.7446</back-level-length>
<back-level-length id="2">29.4118</back-level-length>
<back-level-length id="3">2.67814</back-level-length>
<back-level-length id="4">19.2731</back-level-length>
<back-level-length id="5">1.53037</back-level-length>
<back-level-length id="6">1.14778</back-level-length>
<back-level-length id="7">14.7776</back-level-length>
<back-level-length id="8">0</back-level-length>
<back-level-length id="9">6.19321</back-level-length>
<back-level-length id="10">0.23912</back-level-length>
</bfs-info>
<degrees>
<avg>3.30379</avg>
<max-in>9</max-in>
<max-out>7</max-out>
<degree id="0"><in>0</in><out>0</out></degree>
<degree id="1"><in>486</in><out>120</out></degree>
<degree id="2"><in>1586</in><out>1410</out></degree>
<degree id="3"><in>2038</in><out>2628</out></degree>
<degree id="4"><in>1470</in><out>1802</out></degree>
<degree id="5"><in>763</in><out>660</out></degree>
<degree id="6"><in>314</in><out>178</out></degree>
<degree id="7"><in>106</in><out>16</out></degree>
<degree id="8"><in>40</in><out>0</out></degree>
<degree id="9"><in>11</in><out>0</out></degree>
</degrees>
<scc-info>
<count>1346</count>
<height>51</height>
<nontrivial-height>29</nontrivial-height>
<trivial>1026</trivial>
<terminal>2</terminal>
<largest>504</largest>
<largest-position> </largest-position>
</scc-info>
<dfs-info>
<stack-size id="34">0.454946</stack-size>
<stack-size id="68">0.704432</stack-size>
<stack-size id="102">0.939243</stack-size>
<stack-size id="136">1.40886</stack-size>
<stack-size id="170">1.67303</stack-size>
<stack-size id="204">2.01057</stack-size>
<stack-size id="238">2.40681</stack-size>
<stack-size id="272">2.48019</stack-size>
<stack-size id="306">2.18667</stack-size>
<stack-size id="340">2.67097</stack-size>
<stack-size id="374">2.55357</stack-size>
<stack-size id="408">2.34811</stack-size>
<stack-size id="442">2.49486</stack-size>
<stack-size id="476">2.64162</stack-size>
<stack-size id="510">2.72967</stack-size>
<stack-size id="544">2.62694</stack-size>
<stack-size id="578">2.75903</stack-size>
<stack-size id="612">2.70032</stack-size>
<stack-size id="646">2.56824</stack-size>
<stack-size id="680">2.31876</stack-size>
<stack-size id="714">1.11535</stack-size>
<stack-size id="748">1.26211</stack-size>
<stack-size id="782">1.51159</stack-size>
<stack-size id="816">1.55562</stack-size>
<stack-size id="850">1.629</stack-size>
<stack-size id="884">1.58497</stack-size>
<stack-size id="918">1.32081</stack-size>
<stack-size id="952">1.42354</stack-size>
<stack-size id="986">1.29146</stack-size>
<stack-size id="1020">0.924567</stack-size>
<stack-size id="1054">1.10068</stack-size>
<stack-size id="1088">0.924567</stack-size>
<stack-size id="1122">1.05665</stack-size>
<stack-size id="1156">0.939243</stack-size>
<stack-size id="1190">0.587027</stack-size>
<stack-size id="1224">0.572351</stack-size>
<stack-size id="1258">0.909891</stack-size>
<stack-size id="1292">1.1447</stack-size>
<stack-size id="1326">1.52627</stack-size>
<stack-size id="1360">1.83446</stack-size>
<stack-size id="1394">2.21603</stack-size>
<stack-size id="1428">2.2894</stack-size>
<stack-size id="1462">2.31876</stack-size>
<stack-size id="1496">2.40681</stack-size>
<stack-size id="1530">2.68565</stack-size>
<stack-size id="1564">2.52421</stack-size>
<stack-size id="1598">2.2307</stack-size>
<stack-size id="1632">2.40681</stack-size>
<stack-size id="1666">2.81773</stack-size>
<stack-size id="1700">2.75903</stack-size>
<stack-size id="1734">2.715</stack-size>
<stack-size id="1768">2.68565</stack-size>
<stack-size id="1802">2.56824</stack-size>
<stack-size id="1836">2.37746</stack-size>
<stack-size id="1870">2.02524</stack-size>
<stack-size id="1904">1.0273</stack-size>
<stack-size id="1938">1.42354</stack-size>
<stack-size id="1972">1.29146</stack-size>
<stack-size id="2006">1.79043</stack-size>
<stack-size id="2040">1.67303</stack-size>
<stack-size id="2074">1.46757</stack-size>
<stack-size id="2108">1.55562</stack-size>
<stack-size id="2142">1.33549</stack-size>
<stack-size id="2176">0.660405</stack-size>
<stack-size id="2210">1.04197</stack-size>
<stack-size id="2244">0.924567</stack-size>
<stack-size id="2278">0.909891</stack-size>
<stack-size id="2312">1.086</stack-size>
<stack-size id="2346">0.909891</stack-size>
<stack-size id="2380">0.601702</stack-size>
<stack-size id="2414">0.572351</stack-size>
<stack-size id="2448">0.77781</stack-size>
<stack-size id="2482">1.21808</stack-size>
<stack-size id="2516">1.2034</stack-size>
<stack-size id="2550">1.58497</stack-size>
<stack-size id="2584">1.81978</stack-size>
<stack-size id="2618">1.89316</stack-size>
<stack-size id="2652">1.32081</stack-size>
<stack-size id="2686">1.629</stack-size>
<stack-size id="2720">1.84913</stack-size>
<stack-size id="2754">1.52627</stack-size>
<stack-size id="2788">0.909891</stack-size>
<stack-size id="2822">0.719108</stack-size>
<stack-size id="2856">0.968594</stack-size>
<stack-size id="2890">0.513648</stack-size>
<stack-size id="2924">0.293513</stack-size>
<stack-size id="2958">0.528324</stack-size>
<stack-size id="2992">0.997945</stack-size>
<stack-size id="3026">1.23276</stack-size>
<stack-size id="3060">1.61432</stack-size>
<stack-size id="3094">1.89316</stack-size>
<stack-size id="3128">2.2307</stack-size>
<stack-size id="3162">2.30408</stack-size>
<stack-size id="3196">2.20135</stack-size>
<stack-size id="3230">2.49486</stack-size>
<stack-size id="3264">2.56824</stack-size>
<stack-size id="3298">2.52421</stack-size>
<stack-size id="3332">2.31876</stack-size>
<stack-size id="3366">2.49486</stack-size>
<stack-size id="3400">2.70032</stack-size>
<stack-size id="3434">2.55357</stack-size>
<stack-size id="3468">2.80305</stack-size>
<stack-size id="3502">2.61227</stack-size>
<stack-size id="3536">2.56824</stack-size>
<stack-size id="3570">2.34811</stack-size>
<stack-size id="3604">1.99589</stack-size>
<stack-size id="3638">1.11535</stack-size>
<stack-size id="3672">1.43822</stack-size>
<stack-size id="3706">1.37951</stack-size>
<stack-size id="3740">1.81978</stack-size>
<stack-size id="3774">1.61432</stack-size>
<stack-size id="3808">1.37951</stack-size>
<stack-size id="3842">1.37951</stack-size>
<stack-size id="3876">1.29146</stack-size>
<stack-size id="3910">0.748459</stack-size>
<stack-size id="3944">1.13003</stack-size>
<stack-size id="3978">0.924567</stack-size>
<stack-size id="4012">0.997945</stack-size>
<stack-size id="4046">1.05665</stack-size>
<stack-size id="4080">0.909891</stack-size>
<stack-size id="4114">0.616378</stack-size>
<stack-size id="4148">0.763135</stack-size>
<stack-size id="4182">0.997945</stack-size>
<stack-size id="4216">1.46757</stack-size>
<stack-size id="4250">1.65835</stack-size>
<stack-size id="4284">2.06927</stack-size>
<stack-size id="4318">2.26005</stack-size>
<stack-size id="4352">2.30408</stack-size>
<stack-size id="4386">2.24538</stack-size>
<stack-size id="4420">2.72967</stack-size>
<stack-size id="4454">2.61227</stack-size>
<stack-size id="4488">2.40681</stack-size>
<stack-size id="4522">2.55357</stack-size>
<stack-size id="4556">2.64162</stack-size>
<stack-size id="4590">2.715</stack-size>
<stack-size id="4624">2.59759</stack-size>
<stack-size id="4658">2.67097</stack-size>
<stack-size id="4692">2.6563</stack-size>
<stack-size id="4726">2.40681</stack-size>
<stack-size id="4760">2.12797</stack-size>
<stack-size id="4794">0.997945</stack-size>
<stack-size id="4828">1.32081</stack-size>
<stack-size id="4862">1.5703</stack-size>
<stack-size id="4896">1.61432</stack-size>
<stack-size id="4930">1.49692</stack-size>
<stack-size id="4964">1.5703</stack-size>
<stack-size id="4998">1.37951</stack-size>
<stack-size id="5032">1.46757</stack-size>
<stack-size id="5066">0.865864</stack-size>
<stack-size id="5100">0.98327</stack-size>
<stack-size id="5134">0.98327</stack-size>
<stack-size id="5168">0.865864</stack-size>
<stack-size id="5202">1.11535</stack-size>
<stack-size id="5236">0.909891</stack-size>
<stack-size id="5270">0.572351</stack-size>
<stack-size id="5304">0.44027</stack-size>
<stack-size id="5338">0.792486</stack-size>
<stack-size id="5372">1.10068</stack-size>
<stack-size id="5406">1.35016</stack-size>
<stack-size id="5440">1.40886</stack-size>
<stack-size id="5474">1.71705</stack-size>
<stack-size id="5508">1.89316</stack-size>
<stack-size id="5542">1.51159</stack-size>
<stack-size id="5576">1.45289</stack-size>
<stack-size id="5610">1.83446</stack-size>
<stack-size id="5644">1.71705</stack-size>
<stack-size id="5678">1.26211</stack-size>
<stack-size id="5712">0.543</stack-size>
<stack-size id="5746">0.88054</stack-size>
<stack-size id="5780">0.836513</stack-size>
<stack-size id="5814">0.146757</stack-size>
<stack-size id="5848">0.513648</stack-size>
<stack-size id="5882">0.498973</stack-size>
<stack-size id="5916">0.088054</stack-size>
<stack-size id="5950">0.528324</stack-size>
<stack-size id="5984">0.528324</stack-size>
<stack-size id="6018">0.190784</stack-size>
<stack-size id="6052">0.528324</stack-size>
<stack-size id="6086">0.513648</stack-size>
<stack-size id="6120">0.528324</stack-size>
<stack-size id="6154">0.33754</stack-size>
<stack-size id="6188">0.469621</stack-size>
<stack-size id="6222">0.425594</stack-size>
<stack-size id="6256">0.454946</stack-size>
<stack-size id="6290">0.308189</stack-size>
<stack-size id="6324">0.220135</stack-size>
<stack-size id="6358">0.293513</stack-size>
<stack-size id="6392">0.264162</stack-size>
<stack-size id="6426">0.264162</stack-size>
<stack-size id="6460">0.557675</stack-size>
<stack-size id="6494">0.425594</stack-size>
<stack-size id="6528">0.543</stack-size>
<stack-size id="6562">0.293513</stack-size>
<stack-size id="6596">0.498973</stack-size>
<stack-size id="6630">0.498973</stack-size>
<stack-size id="6664">0.513648</stack-size>
<stack-size id="6698">0.264162</stack-size>
<stack-size id="6732">0.176108</stack-size>
<stack-size id="6766">0.366892</stack-size>
<stack-size id="6800">0.278838</stack-size>
<max-stack>193</max-stack>
<front-edges>6813</front-edges>
<back-edges>2942</back-edges>
<cross-edges>12757</cross-edges>
<shortest-cycle>2</shortest-cycle>
</dfs-info>
<rw-info>
<coverage step="680">3.11124</coverage>
<coverage step="1360">5.26856</coverage>
<coverage step="2040">7.13237</coverage>
<coverage step="2720">7.46991</coverage>
<coverage step="3400">8.18902</coverage>
<coverage step="4080">8.99618</coverage>
<coverage step="4760">9.45113</coverage>
<coverage step="5440">11.1975</coverage>
<coverage step="6120">11.4617</coverage>
<coverage step="6800">11.6231</coverage>
<coverage step="7480">12.0634</coverage>
<coverage step="8160">12.6504</coverage>
<coverage step="8840">12.8999</coverage>
<coverage step="9520">12.988</coverage>
<coverage step="10200">13.3255</coverage>
<coverage step="10880">13.9712</coverage>
<coverage step="11560">14.0593</coverage>
<coverage step="12240">14.206</coverage>
<coverage step="12920">14.4409</coverage>
<coverage step="13600">14.6463</coverage>
<coverage step="14280">14.705</coverage>
<coverage step="14960">15.0132</coverage>
<coverage step="15640">15.1746</coverage>
<coverage step="16320">15.2187</coverage>
<coverage step="17000">15.3067</coverage>
<coverage step="17680">15.5122</coverage>
<coverage step="18360">15.5269</coverage>
<coverage step="19040">15.5562</coverage>
<coverage step="19720">15.835</coverage>
<coverage step="20400">15.835</coverage>
<coverage step="21080">15.8497</coverage>
<coverage step="21760">15.8791</coverage>
<coverage step="22440">15.9671</coverage>
<coverage step="23120">16.1432</coverage>
<coverage step="23800">16.3047</coverage>
<coverage step="24480">16.3927</coverage>
<coverage step="25160">16.5688</coverage>
<coverage step="25840">16.789</coverage>
<coverage step="26520">16.8623</coverage>
<coverage step="27200">16.9797</coverage>
<coverage step="27880">16.9944</coverage>
<coverage step="28560">16.9944</coverage>
<coverage step="29240">17.0678</coverage>
<coverage step="29920">17.1412</coverage>
<coverage step="30600">17.4494</coverage>
<coverage step="31280">17.4494</coverage>
<coverage step="31960">17.4787</coverage>
<coverage step="32640">17.5227</coverage>
<coverage step="33320">17.5227</coverage>
<coverage step="34000">17.6548</coverage>
<coverage step="34680">17.6842</coverage>
<coverage step="35360">17.7429</coverage>
<coverage step="36040">17.9043</coverage>
<coverage step="36720">17.919</coverage>
<coverage step="37400">17.9483</coverage>
<coverage step="38080">17.9777</coverage>
<coverage step="38760">18.0511</coverage>
<coverage step="39440">18.0951</coverage>
<coverage step="40120">18.1538</coverage>
<coverage step="40800">18.1978</coverage>
<coverage step="41480">18.2419</coverage>
<coverage step="42160">18.2859</coverage>
<coverage step="42840">18.4033</coverage>
<coverage step="43520">18.5354</coverage>
<coverage step="44200">18.5647</coverage>
<coverage step="44880">18.5647</coverage>
<coverage step="45560">18.6821</coverage>
<coverage step="46240">18.7995</coverage>
<coverage step="46920">18.8289</coverage>
<coverage step="47600">18.8876</coverage>
<coverage step="48280">18.961</coverage>
<coverage step="48960">19.0784</coverage>
<coverage step="49640">19.1811</coverage>
<coverage step="50320">19.2251</coverage>
<coverage step="51000">19.2545</coverage>
<coverage step="51680">19.4159</coverage>
<coverage step="52360">19.4306</coverage>
<coverage step="53040">19.4599</coverage>
<coverage step="53720">19.5773</coverage>
<coverage step="54400">19.592</coverage>
<coverage step="55080">19.6067</coverage>
<coverage step="55760">19.636</coverage>
<coverage step="56440">19.636</coverage>
<coverage step="57120">19.636</coverage>
<coverage step="57800">19.6801</coverage>
<coverage step="58480">19.6947</coverage>
<coverage step="59160">19.7241</coverage>
<coverage step="59840">19.7975</coverage>
<coverage step="60520">19.9736</coverage>
<coverage step="61200">20.0029</coverage>
<coverage step="61880">20.1057</coverage>
<coverage step="62560">20.1057</coverage>
<coverage step="63240">20.1644</coverage>
<coverage step="63920">20.4872</coverage>
<coverage step="64600">20.6487</coverage>
<coverage step="65280">20.6487</coverage>
<coverage step="65960">20.6633</coverage>
<coverage step="66640">20.7954</coverage>
<coverage step="67320">20.8248</coverage>
<coverage step="68000">20.8248</coverage>
<rw-visits order="1">1156</rw-visits>
<rw-visits order="8">574</rw-visits>
<rw-visits order="15">494</rw-visits>
<rw-visits order="22">435</rw-visits>
<rw-visits order="29">375</rw-visits>
<rw-visits order="36">332</rw-visits>
<rw-visits order="43">306</rw-visits>
<rw-visits order="50">285</rw-visits>
<rw-visits order="57">273</rw-visits>
<rw-visits order="64">257</rw-visits>
<rw-visits order="71">230</rw-visits>
<rw-visits order="78">221</rw-visits>
<rw-visits order="85">201</rw-visits>
<rw-visits order="92">188</rw-visits>
<rw-visits order="99">178</rw-visits>
<rw-visits order="106">165</rw-visits>
<rw-visits order="113">157</rw-visits>
<rw-visits order="120">146</rw-visits>
<rw-visits order="127">140</rw-visits>
<rw-visits order="134">135</rw-visits>
<rw-visits order="141">131</rw-visits>
<rw-visits order="148">128</rw-visits>
<rw-visits order="155">125</rw-visits>
<rw-visits order="162">122</rw-visits>
<rw-visits order="169">116</rw-visits>
<rw-visits order="176">113</rw-visits>
<rw-visits order="183">109</rw-visits>
<rw-visits order="190">105</rw-visits>
<rw-visits order="197">101</rw-visits>
<rw-visits order="204">97</rw-visits>
<rw-visits order="211">93</rw-visits>
<rw-visits order="218">91</rw-visits>
<rw-visits order="225">89</rw-visits>
<rw-visits order="232">85</rw-visits>
<rw-visits order="239">82</rw-visits>
<rw-visits order="246">79</rw-visits>
<rw-visits order="253">76</rw-visits>
<rw-visits order="260">73</rw-visits>
<rw-visits order="267">72</rw-visits>
<rw-visits order="274">70</rw-visits>
<rw-visits order="281">67</rw-visits>
<rw-visits order="288">66</rw-visits>
<rw-visits order="295">64</rw-visits>
<rw-visits order="302">62</rw-visits>
<rw-visits order="309">60</rw-visits>
<rw-visits order="316">59</rw-visits>
<rw-visits order="323">57</rw-visits>
<rw-visits order="330">56</rw-visits>
<rw-visits order="337">53</rw-visits>
<rw-visits order="344">51</rw-visits>
<rw-visits order="351">49</rw-visits>
<rw-visits order="358">48</rw-visits>
<rw-visits order="365">45</rw-visits>
<rw-visits order="372">44</rw-visits>
<rw-visits order="379">42</rw-visits>
<rw-visits order="386">40</rw-visits>
<rw-visits order="393">40</rw-visits>
<rw-visits order="400">38</rw-visits>
<rw-visits order="407">37</rw-visits>
<rw-visits order="414">36</rw-visits>
<rw-visits order="421">35</rw-visits>
<rw-visits order="428">34</rw-visits>
<rw-visits order="435">34</rw-visits>
<rw-visits order="442">32</rw-visits>
<rw-visits order="449">32</rw-visits>
<rw-visits order="456">30</rw-visits>
<rw-visits order="463">30</rw-visits>
<rw-visits order="470">29</rw-visits>
<rw-visits order="477">28</rw-visits>
<rw-visits order="484">27</rw-visits>
<rw-visits order="491">26</rw-visits>
<rw-visits order="498">25</rw-visits>
<rw-visits order="505">24</rw-visits>
<rw-visits order="512">23</rw-visits>
<rw-visits order="519">22</rw-visits>
<rw-visits order="526">21</rw-visits>
<rw-visits order="533">21</rw-visits>
<rw-visits order="540">20</rw-visits>
<rw-visits order="547">20</rw-visits>
<rw-visits order="554">19</rw-visits>
<rw-visits order="561">18</rw-visits>
<rw-visits order="568">17</rw-visits>
<rw-visits order="575">17</rw-visits>
<rw-visits order="582">16</rw-visits>
<rw-visits order="589">16</rw-visits>
<rw-visits order="596">15</rw-visits>
<rw-visits order="603">15</rw-visits>
<rw-visits order="610">15</rw-visits>
<rw-visits order="617">14</rw-visits>
<rw-visits order="624">14</rw-visits>
<rw-visits order="631">14</rw-visits>
<rw-visits order="638">13</rw-visits>
<rw-visits order="645">13</rw-visits>
<rw-visits order="652">13</rw-visits>
<rw-visits order="659">12</rw-visits>
<rw-visits order="666">12</rw-visits>
<rw-visits order="673">12</rw-visits>
<rw-visits order="680">11</rw-visits>
<rw-visits order="687">11</rw-visits>
<rw-visits order="694">11</rw-visits>
<rw-visits order="701">10</rw-visits>
<rw-visits order="708">10</rw-visits>
<rw-visits order="715">10</rw-visits>
<rw-visits order="722">9</rw-visits>
<rw-visits order="729">9</rw-visits>
<rw-visits order="736">9</rw-visits>
<rw-visits order="743">8</rw-visits>
<rw-visits order="750">8</rw-visits>
<rw-visits order="757">8</rw-visits>
<rw-visits order="764">8</rw-visits>
<rw-visits order="771">7</rw-visits>
<rw-visits order="778">7</rw-visits>
<rw-visits order="785">7</rw-visits>
<rw-visits order="792">7</rw-visits>
<rw-visits order="799">7</rw-visits>
<rw-visits order="806">7</rw-visits>
<rw-visits order="813">6</rw-visits>
<rw-visits order="820">6</rw-visits>
<rw-visits order="827">6</rw-visits>
<rw-visits order="834">6</rw-visits>
<rw-visits order="841">6</rw-visits>
<rw-visits order="848">6</rw-visits>
<rw-visits order="855">6</rw-visits>
<rw-visits order="862">6</rw-visits>
<rw-visits order="869">5</rw-visits>
<rw-visits order="876">5</rw-visits>
<rw-visits order="883">5</rw-visits>
<rw-visits order="890">5</rw-visits>
<rw-visits order="897">5</rw-visits>
<rw-visits order="904">5</rw-visits>
<rw-visits order="911">5</rw-visits>
<rw-visits order="918">5</rw-visits>
<rw-visits order="925">4</rw-visits>
<rw-visits order="932">4</rw-visits>
<rw-visits order="939">4</rw-visits>
<rw-visits order="946">4</rw-visits>
<rw-visits order="953">4</rw-visits>
<rw-visits order="960">4</rw-visits>
<rw-visits order="967">4</rw-visits>
<rw-visits order="974">4</rw-visits>
<rw-visits order="981">4</rw-visits>
<rw-visits order="988">4</rw-visits>
<rw-visits order="995">3</rw-visits>
<rw-visits order="1002">3</rw-visits>
<rw-visits order="1009">3</rw-visits>
<rw-visits order="1016">3</rw-visits>
<rw-visits order="1023">3</rw-visits>
<rw-visits order="1030">3</rw-visits>
<rw-visits order="1037">3</rw-visits>
<rw-visits order="1044">3</rw-visits>
<rw-visits order="1051">3</rw-visits>
<rw-visits order="1058">3</rw-visits>
<rw-visits order="1065">3</rw-visits>
<rw-visits order="1072">3</rw-visits>
<rw-visits order="1079">2</rw-visits>
<rw-visits order="1086">2</rw-visits>
<rw-visits order="1093">2</rw-visits>
<rw-visits order="1100">2</rw-visits>
<rw-visits order="1107">2</rw-visits>
<rw-visits order="1114">2</rw-visits>
<rw-visits order="1121">2</rw-visits>
<rw-visits order="1128">2</rw-visits>
<rw-visits order="1135">2</rw-visits>
<rw-visits order="1142">2</rw-visits>
<rw-visits order="1149">2</rw-visits>
<rw-visits order="1156">2</rw-visits>
<rw-visits order="1163">2</rw-visits>
<rw-visits order="1170">2</rw-visits>
<rw-visits order="1177">2</rw-visits>
<rw-visits order="1184">2</rw-visits>
<rw-visits order="1191">2</rw-visits>
<rw-visits order="1198">1</rw-visits>
<rw-visits order="1205">1</rw-visits>
<rw-visits order="1212">1</rw-visits>
<rw-visits order="1219">1</rw-visits>
<rw-visits order="1226">1</rw-visits>
<rw-visits order="1233">1</rw-visits>
<rw-visits order="1240">1</rw-visits>
<rw-visits order="1247">1</rw-visits>
<rw-visits order="1254">1</rw-visits>
<rw-visits order="1261">1</rw-visits>
<rw-visits order="1268">1</rw-visits>
<rw-visits order="1275">1</rw-visits>
<rw-visits order="1282">1</rw-visits>
<rw-visits order="1289">1</rw-visits>
<rw-visits order="1296">1</rw-visits>
<rw-visits order="1303">1</rw-visits>
<rw-visits order="1310">1</rw-visits>
<rw-visits order="1317">1</rw-visits>
<rw-visits order="1324">1</rw-visits>
<rw-visits order="1331">1</rw-visits>
<rw-visits order="1338">1</rw-visits>
<rw-visits order="1345">1</rw-visits>
<rw-visits order="1352">1</rw-visits>
<rw-visits order="1359">1</rw-visits>
<rw-visits order="1366">1</rw-visits>
<rw-visits order="1373">1</rw-visits>
<rw-visits order="1380">1</rw-visits>
<rw-visits order="1387">1</rw-visits>
<rw-visits order="1394">1</rw-visits>
<rw-visits order="1401">1</rw-visits>
<rw-visits order="1408">1</rw-visits>
<rw-visits order="1415">1</rw-visits>
<final-coverage>20.8248</final-coverage>
</rw-info>
<local-info>
<diamonds>97.1089</diamonds>
<neighborhood k="4">31</neighborhood>
<clustering k="4">1.87971</clustering>
</local-info>
<label-info>
<edge-label id="0.0+4.2">2806</edge-label>
<edge-label id="0.0+5.2">1042</edge-label>
<edge-label id="1.0">3407</edge-label>
<edge-label id="1.1+4.3">33</edge-label>
<edge-label id="2.1">2920</edge-label>
<edge-label id="3.1+5.0">156</edge-label>
<edge-label id="3.10">592</edge-label>
<edge-label id="3.11">368</edge-label>
<edge-label id="3.12">278</edge-label>
<edge-label id="3.2+5.1">156</edge-label>
<edge-label id="3.3">1252</edge-label>
<edge-label id="3.5+4.0">332</edge-label>
<edge-label id="3.6">954</edge-label>
<edge-label id="3.8+4.1">384</edge-label>
<edge-label id="3.9">866</edge-label>
<edge-label id="4.10+3.0">18</edge-label>
<edge-label id="4.4">208</edge-label>
<edge-label id="4.5">238</edge-label>
<edge-label id="4.6+3.0">106</edge-label>
<edge-label id="4.7">458</edge-label>
<edge-label id="4.8+3.0">834</edge-label>
<edge-label id="4.9">378</edge-label>
<edge-label id="5.10">144</edge-label>
<edge-label id="5.11+3.7">96</edge-label>
<edge-label id="5.12">96</edge-label>
<edge-label id="5.13">2720</edge-label>
<edge-label id="5.14+3.7">212</edge-label>
<edge-label id="5.15+3.4">210</edge-label>
<edge-label id="5.3">384</edge-label>
<edge-label id="5.4+2.0">48</edge-label>
<edge-label id="5.5">360</edge-label>
<edge-label id="5.6+3.7">136</edge-label>
<edge-label id="5.7">288</edge-label>
<edge-label id="5.8+3.4">32</edge-label>
<state-labels procid="0">
<label id="[]">6814</label>
</state-labels><state-labels procid="1">
<label id="[0]">6814</label>
</state-labels><state-labels procid="2">
<label id="[0,0]">96</label>
<label id="[0,1]">3311</label>
<label id="[1,0]">96</label>
<label id="[1,1]">3311</label>
</state-labels><state-labels procid="3">
<label id="[0,0]">974</label>
<label id="[0,1]">2920</label>
<label id="[1,1]">2920</label>
</state-labels><state-labels procid="4">
<label id="[0,0]">528</label>
<label id="[0,1]">1796</label>
<label id="[0,2]">180</label>
<label id="[1,1]">1252</label>
<label id="[2,0]">190</label>
<label id="[2,1]">764</label>
<label id="[3,0]">280</label>
<label id="[3,1]">430</label>
<label id="[3,2]">156</label>
<label id="[4,1]">592</label>
<label id="[5,0]">100</label>
<label id="[5,1]">268</label>
<label id="[6,0]">120</label>
<label id="[6,1]">86</label>
<label id="[6,2]">72</label>
</state-labels><state-labels procid="5">
<label id="[0,1,0,0]">40</label>
<label id="[0,1,0,1]">26</label>
<label id="[0,2,0,0]">970</label>
<label id="[0,2,0,1]">898</label>
<label id="[0,2,0,2]">560</label>
<label id="[0,2,1,1]">208</label>
<label id="[0,2,1,2]">104</label>
<label id="[1,1,0,0]">42</label>
<label id="[2,1,0,0]">34</label>
<label id="[2,2,0,0]">68</label>
<label id="[2,2,0,1]">208</label>
<label id="[2,2,1,1]">136</label>
<label id="[3,1,0,1]">26</label>
<label id="[3,2,0,0]">128</label>
<label id="[3,2,0,1]">256</label>
<label id="[3,2,0,2]">200</label>
<label id="[3,2,1,2]">104</label>
<label id="[4,1,0,0]">40</label>
<label id="[4,1,0,1]">26</label>
<label id="[4,2,0,0]">970</label>
<label id="[4,2,0,1]">898</label>
<label id="[4,2,0,2]">560</label>
<label id="[4,2,1,1]">208</label>
<label id="[4,2,1,2]">104</label>
</state-labels><state-labels procid="6">
<label id="[0,0,0,0,0,0,{0|0|0},{0|0|0}]">14</label>
<label id="[0,0,1,0,0,0,{0|0|0},{0|0|0}]">28</label>
<label id="[0,0,1,0,1,1,{0|0|0},{0|0|0}]">96</label>
<label id="[0,1,1,0,1,1,{0|1|0},{1|0|1}]">176</label>
<label id="[0,1,1,0,1,1,{0|1|0},{1|1|1}]">144</label>
<label id="[0,3,0,0,0,0,{0|0|0},{0|1|0}]">82</label>
<label id="[0,3,1,0,0,0,{0|0|0},{0|1|0}]">46</label>
<label id="[0,3,1,0,1,1,{0|0|0},{0|0|1}]">188</label>
<label id="[0,3,1,0,1,1,{0|0|0},{0|1|0}]">72</label>
<label id="[0,3,1,0,1,1,{0|1|0},{0|0|1}]">196</label>
<label id="[1,0,1,0,0,0,{0|0|0},{0|0|0}]">24</label>
<label id="[1,0,1,0,1,1,{0|0|0},{0|0|0}]">48</label>
<label id="[1,1,1,0,1,1,{0|1|0},{1|0|1}]">72</label>
<label id="[1,1,1,0,1,1,{0|1|0},{1|1|1}]">72</label>
<label id="[1,3,1,0,0,0,{0|0|0},{0|1|0}]">24</label>
<label id="[1,3,1,0,1,1,{0|0|0},{0|0|1}]">72</label>
<label id="[1,3,1,0,1,1,{0|0|0},{0|1|0}]">48</label>
<label id="[1,3,1,0,1,1,{0|1|0},{0|0|1}]">72</label>
<label id="[2,0,1,0,1,1,{0|0|0},{0|0|0}]">72</label>
<label id="[2,0,1,1,1,0,{0|0|0},{0|0|0}]">48</label>
<label id="[2,3,1,0,1,1,{0|0|0},{0|1|0}]">72</label>
<label id="[2,3,1,1,1,0,{0|0|0},{0|1|0}]">48</label>
<label id="[3,0,1,0,1,1,{0|1|0},{0|0|1}]">128</label>
<label id="[3,0,1,0,1,1,{0|1|0},{0|1|1}]">104</label>
<label id="[3,0,1,0,1,1,{0|1|0},{1|0|1}]">72</label>
<label id="[3,0,1,0,1,1,{0|1|0},{1|1|1}]">72</label>
<label id="[3,1,1,0,1,1,{0|1|0},{1|0|1}]">144</label>
<label id="[3,1,1,0,1,1,{0|1|0},{1|1|1}]">144</label>
<label id="[3,2,1,0,1,1,{0|1|0},{0|0|0}]">48</label>
<label id="[3,2,1,0,1,1,{0|1|0},{0|0|1}]">72</label>
<label id="[3,2,1,0,1,1,{0|1|0},{0|1|0}]">48</label>
<label id="[3,2,1,0,1,1,{0|1|0},{1|0|1}]">72</label>
<label id="[3,2,1,0,1,1,{0|1|0},{1|1|1}]">72</label>
<label id="[4,0,1,0,0,0,{0|0|0},{0|0|0}]">16</label>
<label id="[4,0,1,0,1,1,{0|0|0},{0|0|0}]">32</label>
<label id="[4,1,1,0,1,1,{0|1|0},{1|0|1}]">48</label>
<label id="[4,1,1,0,1,1,{0|1|0},{1|1|1}]">48</label>
<label id="[4,3,1,0,0,0,{0|0|0},{0|1|0}]">16</label>
<label id="[4,3,1,0,1,1,{0|0|0},{0|0|1}]">48</label>
<label id="[4,3,1,0,1,1,{0|0|0},{0|1|0}]">32</label>
<label id="[4,3,1,0,1,1,{0|1|0},{0|0|1}]">48</label>
<label id="[5,0,0,0,0,0,{0|0|0},{0|0|0}]">14</label>
<label id="[5,0,0,0,0,0,{0|0|0},{0|1|0}]">82</label>
<label id="[5,0,1,0,0,0,{0|0|0},{0|0|0}]">28</label>
<label id="[5,0,1,0,0,0,{0|0|0},{0|1|0}]">46</label>
<label id="[5,0,1,0,1,1,{0|0|0},{0|0|0}]">96</label>
<label id="[5,0,1,0,1,1,{0|0|0},{0|0|1}]">188</label>
<label id="[5,0,1,0,1,1,{0|0|0},{0|1|0}]">72</label>
<label id="[5,0,1,0,1,1,{0|1|0},{0|0|1}]">196</label>
<label id="[5,0,1,0,1,1,{0|1|0},{1|0|1}]">176</label>
<label id="[5,0,1,0,1,1,{0|1|0},{1|1|1}]">144</label>
<label id="[5,1,0,0,0,0,{0|0|0},{0|0|0}]">14</label>
<label id="[5,1,0,0,0,0,{0|0|0},{0|1|0}]">82</label>
<label id="[5,1,1,0,0,0,{0|0|0},{0|0|0}]">28</label>
<label id="[5,1,1,0,0,0,{0|0|0},{0|1|0}]">46</label>
<label id="[5,1,1,0,1,1,{0|0|0},{0|0|0}]">96</label>
<label id="[5,1,1,0,1,1,{0|0|0},{0|0|1}]">188</label>
<label id="[5,1,1,0,1,1,{0|0|0},{0|1|0}]">72</label>
<label id="[5,1,1,0,1,1,{0|1|0},{0|0|1}]">292</label>
<label id="[5,1,1,0,1,1,{0|1|0},{0|1|1}]">144</label>
<label id="[5,2,0,0,0,0,{0|0|0},{0|0|0}]">82</label>
<label id="[5,2,1,0,0,0,{0|0|0},{0|0|0}]">58</label>
<label id="[5,2,1,0,1,1,{0|0|0},{0|0|0}]">96</label>
<label id="[5,2,1,0,1,1,{0|0|0},{0|0|1}]">188</label>
<label id="[5,2,1,0,1,1,{0|1|0},{0|0|1}]">292</label>
<label id="[5,3,0,0,0,0,{0|0|0},{0|0|0}]">82</label>
<label id="[5,3,1,0,0,0,{0|0|0},{0|0|0}]">58</label>
<label id="[5,3,1,0,1,1,{0|0|0},{0|0|0}]">188</label>
<label id="[5,3,1,0,1,1,{0|1|0},{0|0|0}]">292</label>
<label id="[6,3,0,0,0,0,{0|0|0},{0|1|0}]">70</label>
<label id="[6,3,1,0,0,0,{0|0|0},{0|1|0}]">34</label>
<label id="[6,3,1,0,1,1,{0|0|0},{0|0|1}]">192</label>
<label id="[6,3,1,0,1,1,{0|1|0},{0|0|1}]">200</label>
</state-labels></label-info>
</state-space-info>
