<?xml version="1.0"?>
<!DOCTYPE state-space-info SYSTEM "../../state_space_info.dtd">


<state-space-info>
<states>5593</states>
<edges>10792</edges>
<bfs-info>
 <levels>57</levels>
<max-level>230</max-level>

<back-level-edges>2278</back-level-edges>
<max-back-level-edge>26</max-back-level-edge>
<avg-back-level-edge>5.42581</avg-back-level-edge>
<bfs-levels>
<level id="0"><states>1</states><edges>2</edges></level>
<level id="1"><states>2</states><edges>2</edges></level>
<level id="2"><states>2</states><edges>3</edges></level>
<level id="3"><states>3</states><edges>4</edges></level>
<level id="4"><states>4</states><edges>9</edges></level>
<level id="5"><states>7</states><edges>17</edges></level>
<level id="6"><states>12</states><edges>24</edges></level>
<level id="7"><states>14</states><edges>28</edges></level>
<level id="8"><states>18</states><edges>30</edges></level>
<level id="9"><states>16</states><edges>27</edges></level>
<level id="10"><states>18</states><edges>26</edges></level>
<level id="11"><states>19</states><edges>29</edges></level>
<level id="12"><states>26</states><edges>44</edges></level>
<level id="13"><states>32</states><edges>48</edges></level>
<level id="14"><states>33</states><edges>54</edges></level>
<level id="15"><states>36</states><edges>58</edges></level>
<level id="16"><states>32</states><edges>54</edges></level>
<level id="17"><states>33</states><edges>52</edges></level>
<level id="18"><states>36</states><edges>64</edges></level>
<level id="19"><states>47</states><edges>88</edges></level>
<level id="20"><states>60</states><edges>124</edges></level>
<level id="21"><states>76</states><edges>161</edges></level>
<level id="22"><states>96</states><edges>214</edges></level>
<level id="23"><states>120</states><edges>262</edges></level>
<level id="24"><states>140</states><edges>276</edges></level>
<level id="25"><states>148</states><edges>294</edges></level>
<level id="26"><states>160</states><edges>288</edges></level>
<level id="27"><states>167</states><edges>299</edges></level>
<level id="28"><states>176</states><edges>312</edges></level>
<level id="29"><states>187</states><edges>342</edges></level>
<level id="30"><states>194</states><edges>371</edges></level>
<level id="31"><states>194</states><edges>360</edges></level>
<level id="32"><states>168</states><edges>316</edges></level>
<level id="33"><states>154</states><edges>267</edges></level>
<level id="34"><states>140</states><edges>266</edges></level>
<level id="35"><states>140</states><edges>245</edges></level>
<level id="36"><states>147</states><edges>303</edges></level>
<level id="37"><states>172</states><edges>351</edges></level>
<level id="38"><states>194</states><edges>405</edges></level>
<level id="39"><states>212</states><edges>442</edges></level>
<level id="40"><states>217</states><edges>436</edges></level>
<level id="41"><states>223</states><edges>453</edges></level>
<level id="42"><states>225</states><edges>424</edges></level>
<level id="43"><states>223</states><edges>426</edges></level>
<level id="44"><states>230</states><edges>449</edges></level>
<level id="45"><states>222</states><edges>438</edges></level>
<level id="46"><states>205</states><edges>400</edges></level>
<level id="47"><states>181</states><edges>366</edges></level>
<level id="48"><states>138</states><edges>275</edges></level>
<level id="49"><states>100</states><edges>202</edges></level>
<level id="50"><states>71</states><edges>141</edges></level>
<level id="51"><states>43</states><edges>76</edges></level>
<level id="52"><states>34</states><edges>64</edges></level>
<level id="53"><states>22</states><edges>35</edges></level>
<level id="54"><states>11</states><edges>22</edges></level>
<level id="55"><states>9</states><edges>18</edges></level>
<level id="56"><states>3</states><edges>6</edges></level>
</bfs-levels>
<back-level-length id="0">5.39947</back-level-length>
<back-level-length id="1">7.72608</back-level-length>
<back-level-length id="2">0</back-level-length>
<back-level-length id="3">24.2318</back-level-length>
<back-level-length id="4">18.2177</back-level-length>
<back-level-length id="5">4.30202</back-level-length>
<back-level-length id="6">6.14574</back-level-length>
<back-level-length id="7">0.263389</back-level-length>
<back-level-length id="8">10.755</back-level-length>
<back-level-length id="9">7.81387</back-level-length>
<back-level-length id="10">10.4917</back-level-length>
<back-level-length id="11">1.00966</back-level-length>
<back-level-length id="12">0</back-level-length>
<back-level-length id="13">0.351185</back-level-length>
<back-level-length id="14">0</back-level-length>
<back-level-length id="15">2.23881</back-level-length>
<back-level-length id="16">0</back-level-length>
<back-level-length id="17">0.965759</back-level-length>
<back-level-length id="18">0</back-level-length>
<back-level-length id="19">0</back-level-length>
<back-level-length id="20">0</back-level-length>
<back-level-length id="21">0</back-level-length>
<back-level-length id="22">0.0438982</back-level-length>
<back-level-length id="23">0</back-level-length>
<back-level-length id="24">0</back-level-length>
<back-level-length id="25">0</back-level-length>
<back-level-length id="26">0.0438982</back-level-length>
</bfs-info>
<degrees>
<avg>1.92955</avg>
<max-in>7</max-in>
<max-out>5</max-out>
<degree id="0"><in>1</in><out>0</out></degree>
<degree id="1"><in>2326</in><out>1840</out></degree>
<degree id="2"><in>1980</in><out>2535</out></degree>
<degree id="3"><in>833</in><out>1014</out></degree>
<degree id="4"><in>304</in><out>180</out></degree>
<degree id="5"><in>106</in><out>24</out></degree>
<degree id="6"><in>40</in><out>0</out></degree>
<degree id="7"><in>3</in><out>0</out></degree>
</degrees>
<scc-info>
<count>42</count>
<height>11</height>
<nontrivial-height>8</nontrivial-height>
<trivial>33</trivial>
<terminal>1</terminal>
<largest>1348</largest>
<largest-position> the only terminal</largest-position>
</scc-info>
<dfs-info>
<stack-size id="27">0.393349</stack-size>
<stack-size id="54">0.804577</stack-size>
<stack-size id="81">1.23368</stack-size>
<stack-size id="108">1.66279</stack-size>
<stack-size id="135">1.84159</stack-size>
<stack-size id="162">2.2707</stack-size>
<stack-size id="189">2.57465</stack-size>
<stack-size id="216">2.98588</stack-size>
<stack-size id="243">3.21831</stack-size>
<stack-size id="270">3.46862</stack-size>
<stack-size id="297">3.87985</stack-size>
<stack-size id="324">4.16592</stack-size>
<stack-size id="351">4.57715</stack-size>
<stack-size id="378">4.89898</stack-size>
<stack-size id="405">5.16717</stack-size>
<stack-size id="432">5.47112</stack-size>
<stack-size id="459">5.54264</stack-size>
<stack-size id="486">5.52476</stack-size>
<stack-size id="513">5.95387</stack-size>
<stack-size id="540">6.38298</stack-size>
<stack-size id="567">6.65117</stack-size>
<stack-size id="594">6.91936</stack-size>
<stack-size id="621">7.24119</stack-size>
<stack-size id="648">7.6703</stack-size>
<stack-size id="675">7.93849</stack-size>
<stack-size id="702">8.3676</stack-size>
<stack-size id="729">8.58216</stack-size>
<stack-size id="756">9.01126</stack-size>
<stack-size id="783">9.17218</stack-size>
<stack-size id="810">9.31522</stack-size>
<stack-size id="837">9.63705</stack-size>
<stack-size id="864">9.67281</stack-size>
<stack-size id="891">9.51189</stack-size>
<stack-size id="918">9.7622</stack-size>
<stack-size id="945">9.97676</stack-size>
<stack-size id="972">9.90524</stack-size>
<stack-size id="999">9.63705</stack-size>
<stack-size id="1026">9.38673</stack-size>
<stack-size id="1053">9.29734</stack-size>
<stack-size id="1080">9.61917</stack-size>
<stack-size id="1107">9.56553</stack-size>
<stack-size id="1134">9.95888</stack-size>
<stack-size id="1161">10.0483</stack-size>
<stack-size id="1188">10.0483</stack-size>
<stack-size id="1215">10.4595</stack-size>
<stack-size id="1242">10.7098</stack-size>
<stack-size id="1269">10.6741</stack-size>
<stack-size id="1296">10.9065</stack-size>
<stack-size id="1323">10.9601</stack-size>
<stack-size id="1350">10.2092</stack-size>
<stack-size id="1377">9.70856</stack-size>
<stack-size id="1404">8.97551</stack-size>
<stack-size id="1431">8.86823</stack-size>
<stack-size id="1458">9.11854</stack-size>
<stack-size id="1485">9.52977</stack-size>
<stack-size id="1512">9.7622</stack-size>
<stack-size id="1539">9.47613</stack-size>
<stack-size id="1566">9.11854</stack-size>
<stack-size id="1593">7.83122</stack-size>
<stack-size id="1620">6.70481</stack-size>
<stack-size id="1647">5.88235</stack-size>
<stack-size id="1674">5.93599</stack-size>
<stack-size id="1701">5.73932</stack-size>
<stack-size id="1728">6.00751</stack-size>
<stack-size id="1755">6.16842</stack-size>
<stack-size id="1782">6.02539</stack-size>
<stack-size id="1809">5.95387</stack-size>
<stack-size id="1836">5.489</stack-size>
<stack-size id="1863">5.91811</stack-size>
<stack-size id="1890">6.34722</stack-size>
<stack-size id="1917">6.61541</stack-size>
<stack-size id="1944">6.8836</stack-size>
<stack-size id="1971">7.04452</stack-size>
<stack-size id="1998">7.40211</stack-size>
<stack-size id="2025">7.74182</stack-size>
<stack-size id="2052">7.56303</stack-size>
<stack-size id="2079">7.50939</stack-size>
<stack-size id="2106">7.54515</stack-size>
<stack-size id="2133">7.7597</stack-size>
<stack-size id="2160">8.18881</stack-size>
<stack-size id="2187">8.42124</stack-size>
<stack-size id="2214">8.72519</stack-size>
<stack-size id="2241">8.90399</stack-size>
<stack-size id="2268">8.97551</stack-size>
<stack-size id="2295">8.90399</stack-size>
<stack-size id="2322">8.38548</stack-size>
<stack-size id="2349">8.04577</stack-size>
<stack-size id="2376">7.65242</stack-size>
<stack-size id="2403">6.70481</stack-size>
<stack-size id="2430">5.7572</stack-size>
<stack-size id="2457">4.89898</stack-size>
<stack-size id="2484">4.64867</stack-size>
<stack-size id="2511">4.86322</stack-size>
<stack-size id="2538">3.00375</stack-size>
<stack-size id="2565">3.12891</stack-size>
<stack-size id="2592">3.45074</stack-size>
<stack-size id="2619">3.55802</stack-size>
<stack-size id="2646">3.98713</stack-size>
<stack-size id="2673">4.41623</stack-size>
<stack-size id="2700">4.70231</stack-size>
<stack-size id="2727">4.95262</stack-size>
<stack-size id="2754">5.13141</stack-size>
<stack-size id="2781">5.45325</stack-size>
<stack-size id="2808">5.77508</stack-size>
<stack-size id="2835">5.64992</stack-size>
<stack-size id="2862">5.64992</stack-size>
<stack-size id="2889">5.41749</stack-size>
<stack-size id="2916">5.68568</stack-size>
<stack-size id="2943">5.93599</stack-size>
<stack-size id="2970">6.3651</stack-size>
<stack-size id="2997">6.52601</stack-size>
<stack-size id="3024">6.22206</stack-size>
<stack-size id="3051">5.7572</stack-size>
<stack-size id="3078">4.73807</stack-size>
<stack-size id="3105">3.89773</stack-size>
<stack-size id="3132">3.95137</stack-size>
<stack-size id="3159">3.75469</stack-size>
<stack-size id="3186">4.05864</stack-size>
<stack-size id="3213">4.25532</stack-size>
<stack-size id="3240">4.20168</stack-size>
<stack-size id="3267">3.96925</stack-size>
<stack-size id="3294">3.43286</stack-size>
<stack-size id="3321">3.41498</stack-size>
<stack-size id="3348">2.95012</stack-size>
<stack-size id="3375">2.23494</stack-size>
<stack-size id="3402">1.89523</stack-size>
<stack-size id="3429">2.14554</stack-size>
<stack-size id="3456">2.57465</stack-size>
<stack-size id="3483">2.8786</stack-size>
<stack-size id="3510">2.98588</stack-size>
<stack-size id="3537">2.23494</stack-size>
<stack-size id="3564">2.05614</stack-size>
<stack-size id="3591">2.34221</stack-size>
<stack-size id="3618">2.75344</stack-size>
<stack-size id="3645">2.82496</stack-size>
<stack-size id="3672">3.25407</stack-size>
<stack-size id="3699">3.20043</stack-size>
<stack-size id="3726">3.32559</stack-size>
<stack-size id="3753">3.64742</stack-size>
<stack-size id="3780">4.05864</stack-size>
<stack-size id="3807">4.48775</stack-size>
<stack-size id="3834">4.63079</stack-size>
<stack-size id="3861">4.93474</stack-size>
<stack-size id="3888">5.36385</stack-size>
<stack-size id="3915">5.63204</stack-size>
<stack-size id="3942">6.04327</stack-size>
<stack-size id="3969">6.31146</stack-size>
<stack-size id="3996">6.31146</stack-size>
<stack-size id="4023">6.1863</stack-size>
<stack-size id="4050">6.49026</stack-size>
<stack-size id="4077">6.81209</stack-size>
<stack-size id="4104">6.82997</stack-size>
<stack-size id="4131">6.40086</stack-size>
<stack-size id="4158">6.63329</stack-size>
<stack-size id="4185">6.91936</stack-size>
<stack-size id="4212">6.973</stack-size>
<stack-size id="4239">6.82997</stack-size>
<stack-size id="4266">6.72269</stack-size>
<stack-size id="4293">5.91811</stack-size>
<stack-size id="4320">5.73932</stack-size>
<stack-size id="4347">6.11479</stack-size>
<stack-size id="4374">6.20418</stack-size>
<stack-size id="4401">5.91811</stack-size>
<stack-size id="4428">5.07778</stack-size>
<stack-size id="4455">4.25532</stack-size>
<stack-size id="4482">3.6653</stack-size>
<stack-size id="4509">3.71893</stack-size>
<stack-size id="4536">3.52226</stack-size>
<stack-size id="4563">3.82621</stack-size>
<stack-size id="4590">4.02289</stack-size>
<stack-size id="4617">3.96925</stack-size>
<stack-size id="4644">3.73681</stack-size>
<stack-size id="4671">3.27195</stack-size>
<stack-size id="4698">3.70105</stack-size>
<stack-size id="4725">4.13016</stack-size>
<stack-size id="4752">4.41623</stack-size>
<stack-size id="4779">4.66655</stack-size>
<stack-size id="4806">4.8811</stack-size>
<stack-size id="4833">4.7917</stack-size>
<stack-size id="4860">4.57715</stack-size>
<stack-size id="4887">4.64867</stack-size>
<stack-size id="4914">3.61166</stack-size>
<stack-size id="4941">3.21831</stack-size>
<stack-size id="4968">2.8786</stack-size>
<stack-size id="4995">1.93099</stack-size>
<stack-size id="5022">1.80583</stack-size>
<stack-size id="5049">1.87735</stack-size>
<stack-size id="5076">2.28858</stack-size>
<stack-size id="5103">2.6998</stack-size>
<stack-size id="5130">3.00375</stack-size>
<stack-size id="5157">3.02163</stack-size>
<stack-size id="5184">3.36134</stack-size>
<stack-size id="5211">3.14679</stack-size>
<stack-size id="5238">3.11103</stack-size>
<stack-size id="5265">3.20043</stack-size>
<stack-size id="5292">2.19918</stack-size>
<stack-size id="5319">2.03826</stack-size>
<stack-size id="5346">2.0919</stack-size>
<stack-size id="5373">1.89523</stack-size>
<stack-size id="5400">2.19918</stack-size>
<stack-size id="5427">2.39585</stack-size>
<stack-size id="5454">2.34221</stack-size>
<stack-size id="5481">2.10978</stack-size>
<stack-size id="5508">1.5734</stack-size>
<stack-size id="5535">1.23368</stack-size>
<stack-size id="5562">1.01913</stack-size>
<stack-size id="5589">0.411228</stack-size>
<max-stack>617</max-stack>
<front-edges>5592</front-edges>
<back-edges>1541</back-edges>
<cross-edges>3659</cross-edges>
<shortest-cycle>4</shortest-cycle>
</dfs-info>
<rw-info>
<coverage step="540">4.93474</coverage>
<coverage step="1080">8.01001</coverage>
<coverage step="1620">13.2666</coverage>
<coverage step="2160">16.4849</coverage>
<coverage step="2700">18.9165</coverage>
<coverage step="3240">20.3469</coverage>
<coverage step="3780">22.0454</coverage>
<coverage step="4320">23.7261</coverage>
<coverage step="4860">24.3876</coverage>
<coverage step="5400">27.6596</coverage>
<coverage step="5940">28.4642</coverage>
<coverage step="6480">30.3415</coverage>
<coverage step="7020">32.1116</coverage>
<coverage step="7560">33.3453</coverage>
<coverage step="8100">35.3478</coverage>
<coverage step="8640">38.6733</coverage>
<coverage step="9180">40.1395</coverage>
<coverage step="9720">41.5341</coverage>
<coverage step="10260">42.2492</coverage>
<coverage step="10800">43.1432</coverage>
<coverage step="11340">43.8405</coverage>
<coverage step="11880">44.8954</coverage>
<coverage step="12420">45.2172</coverage>
<coverage step="12960">46.5761</coverage>
<coverage step="13500">47.0588</coverage>
<coverage step="14040">47.327</coverage>
<coverage step="14580">47.8634</coverage>
<coverage step="15120">48.4892</coverage>
<coverage step="15660">48.7753</coverage>
<coverage step="16200">49.0256</coverage>
<coverage step="16740">49.2401</coverage>
<coverage step="17280">49.7586</coverage>
<coverage step="17820">49.9017</coverage>
<coverage step="18360">50.152</coverage>
<coverage step="18900">51.0102</coverage>
<coverage step="19440">51.1175</coverage>
<coverage step="19980">51.2605</coverage>
<coverage step="20520">51.3857</coverage>
<coverage step="21060">51.5466</coverage>
<coverage step="21600">52.9948</coverage>
<coverage step="22140">53.3345</coverage>
<coverage step="22680">54.3179</coverage>
<coverage step="23220">54.6755</coverage>
<coverage step="23760">54.8543</coverage>
<coverage step="24300">55.0152</coverage>
<coverage step="24840">55.1225</coverage>
<coverage step="25380">55.6231</coverage>
<coverage step="25920">55.7483</coverage>
<coverage step="26460">55.8377</coverage>
<coverage step="27000">56.1774</coverage>
<coverage step="27540">56.1952</coverage>
<coverage step="28080">56.3919</coverage>
<coverage step="28620">57.0535</coverage>
<coverage step="29160">57.3932</coverage>
<coverage step="29700">57.7686</coverage>
<coverage step="30240">58.5553</coverage>
<coverage step="30780">58.9308</coverage>
<coverage step="31320">58.9844</coverage>
<coverage step="31860">59.2705</coverage>
<coverage step="32400">59.2884</coverage>
<coverage step="32940">59.4314</coverage>
<coverage step="33480">59.4314</coverage>
<coverage step="34020">59.4672</coverage>
<coverage step="34560">59.4672</coverage>
<coverage step="35100">59.5566</coverage>
<coverage step="35640">59.8248</coverage>
<coverage step="36180">59.9857</coverage>
<coverage step="36720">60.1645</coverage>
<coverage step="37260">60.2003</coverage>
<coverage step="37800">60.3433</coverage>
<coverage step="38340">60.3612</coverage>
<coverage step="38880">60.8082</coverage>
<coverage step="39420">60.8976</coverage>
<coverage step="39960">60.9512</coverage>
<coverage step="40500">61.0585</coverage>
<coverage step="41040">61.2551</coverage>
<coverage step="41580">61.273</coverage>
<coverage step="42120">61.273</coverage>
<coverage step="42660">61.3445</coverage>
<coverage step="43200">61.4161</coverage>
<coverage step="43740">61.5412</coverage>
<coverage step="44280">61.5591</coverage>
<coverage step="44820">61.7558</coverage>
<coverage step="45360">61.9882</coverage>
<coverage step="45900">62.1134</coverage>
<coverage step="46440">62.1312</coverage>
<coverage step="46980">62.3279</coverage>
<coverage step="47520">62.3458</coverage>
<coverage step="48060">62.5067</coverage>
<coverage step="48600">62.5246</coverage>
<coverage step="49140">62.757</coverage>
<coverage step="49680">62.8107</coverage>
<coverage step="50220">62.8822</coverage>
<coverage step="50760">63.1861</coverage>
<coverage step="51300">63.2398</coverage>
<coverage step="51840">63.3292</coverage>
<coverage step="52380">63.3292</coverage>
<coverage step="52920">63.3292</coverage>
<coverage step="53460">63.3292</coverage>
<coverage step="54000">63.3292</coverage>
<coverage step="54540">63.4543</coverage>
<coverage step="55080">63.4901</coverage>
<coverage step="55620">63.5795</coverage>
<rw-visits order="1">253</rw-visits>
<rw-visits order="18">128</rw-visits>
<rw-visits order="35">107</rw-visits>
<rw-visits order="52">94</rw-visits>
<rw-visits order="69">91</rw-visits>
<rw-visits order="86">76</rw-visits>
<rw-visits order="103">69</rw-visits>
<rw-visits order="120">65</rw-visits>
<rw-visits order="137">62</rw-visits>
<rw-visits order="154">59</rw-visits>
<rw-visits order="171">55</rw-visits>
<rw-visits order="188">54</rw-visits>
<rw-visits order="205">51</rw-visits>
<rw-visits order="222">50</rw-visits>
<rw-visits order="239">48</rw-visits>
<rw-visits order="256">47</rw-visits>
<rw-visits order="273">45</rw-visits>
<rw-visits order="290">44</rw-visits>
<rw-visits order="307">42</rw-visits>
<rw-visits order="324">40</rw-visits>
<rw-visits order="341">39</rw-visits>
<rw-visits order="358">38</rw-visits>
<rw-visits order="375">36</rw-visits>
<rw-visits order="392">35</rw-visits>
<rw-visits order="409">35</rw-visits>
<rw-visits order="426">34</rw-visits>
<rw-visits order="443">33</rw-visits>
<rw-visits order="460">32</rw-visits>
<rw-visits order="477">31</rw-visits>
<rw-visits order="494">31</rw-visits>
<rw-visits order="511">30</rw-visits>
<rw-visits order="528">30</rw-visits>
<rw-visits order="545">29</rw-visits>
<rw-visits order="562">28</rw-visits>
<rw-visits order="579">27</rw-visits>
<rw-visits order="596">27</rw-visits>
<rw-visits order="613">27</rw-visits>
<rw-visits order="630">26</rw-visits>
<rw-visits order="647">26</rw-visits>
<rw-visits order="664">25</rw-visits>
<rw-visits order="681">25</rw-visits>
<rw-visits order="698">24</rw-visits>
<rw-visits order="715">23</rw-visits>
<rw-visits order="732">23</rw-visits>
<rw-visits order="749">22</rw-visits>
<rw-visits order="766">22</rw-visits>
<rw-visits order="783">21</rw-visits>
<rw-visits order="800">21</rw-visits>
<rw-visits order="817">20</rw-visits>
<rw-visits order="834">19</rw-visits>
<rw-visits order="851">19</rw-visits>
<rw-visits order="868">19</rw-visits>
<rw-visits order="885">18</rw-visits>
<rw-visits order="902">18</rw-visits>
<rw-visits order="919">18</rw-visits>
<rw-visits order="936">17</rw-visits>
<rw-visits order="953">17</rw-visits>
<rw-visits order="970">17</rw-visits>
<rw-visits order="987">17</rw-visits>
<rw-visits order="1004">17</rw-visits>
<rw-visits order="1021">17</rw-visits>
<rw-visits order="1038">16</rw-visits>
<rw-visits order="1055">16</rw-visits>
<rw-visits order="1072">16</rw-visits>
<rw-visits order="1089">16</rw-visits>
<rw-visits order="1106">15</rw-visits>
<rw-visits order="1123">15</rw-visits>
<rw-visits order="1140">15</rw-visits>
<rw-visits order="1157">15</rw-visits>
<rw-visits order="1174">14</rw-visits>
<rw-visits order="1191">14</rw-visits>
<rw-visits order="1208">14</rw-visits>
<rw-visits order="1225">14</rw-visits>
<rw-visits order="1242">14</rw-visits>
<rw-visits order="1259">13</rw-visits>
<rw-visits order="1276">13</rw-visits>
<rw-visits order="1293">13</rw-visits>
<rw-visits order="1310">13</rw-visits>
<rw-visits order="1327">12</rw-visits>
<rw-visits order="1344">12</rw-visits>
<rw-visits order="1361">12</rw-visits>
<rw-visits order="1378">12</rw-visits>
<rw-visits order="1395">12</rw-visits>
<rw-visits order="1412">12</rw-visits>
<rw-visits order="1429">11</rw-visits>
<rw-visits order="1446">11</rw-visits>
<rw-visits order="1463">11</rw-visits>
<rw-visits order="1480">11</rw-visits>
<rw-visits order="1497">11</rw-visits>
<rw-visits order="1514">10</rw-visits>
<rw-visits order="1531">10</rw-visits>
<rw-visits order="1548">10</rw-visits>
<rw-visits order="1565">10</rw-visits>
<rw-visits order="1582">10</rw-visits>
<rw-visits order="1599">10</rw-visits>
<rw-visits order="1616">9</rw-visits>
<rw-visits order="1633">9</rw-visits>
<rw-visits order="1650">9</rw-visits>
<rw-visits order="1667">9</rw-visits>
<rw-visits order="1684">9</rw-visits>
<rw-visits order="1701">9</rw-visits>
<rw-visits order="1718">9</rw-visits>
<rw-visits order="1735">9</rw-visits>
<rw-visits order="1752">8</rw-visits>
<rw-visits order="1769">8</rw-visits>
<rw-visits order="1786">8</rw-visits>
<rw-visits order="1803">8</rw-visits>
<rw-visits order="1820">8</rw-visits>
<rw-visits order="1837">8</rw-visits>
<rw-visits order="1854">8</rw-visits>
<rw-visits order="1871">8</rw-visits>
<rw-visits order="1888">8</rw-visits>
<rw-visits order="1905">7</rw-visits>
<rw-visits order="1922">7</rw-visits>
<rw-visits order="1939">7</rw-visits>
<rw-visits order="1956">7</rw-visits>
<rw-visits order="1973">7</rw-visits>
<rw-visits order="1990">7</rw-visits>
<rw-visits order="2007">7</rw-visits>
<rw-visits order="2024">7</rw-visits>
<rw-visits order="2041">7</rw-visits>
<rw-visits order="2058">6</rw-visits>
<rw-visits order="2075">6</rw-visits>
<rw-visits order="2092">6</rw-visits>
<rw-visits order="2109">6</rw-visits>
<rw-visits order="2126">6</rw-visits>
<rw-visits order="2143">6</rw-visits>
<rw-visits order="2160">6</rw-visits>
<rw-visits order="2177">6</rw-visits>
<rw-visits order="2194">6</rw-visits>
<rw-visits order="2211">6</rw-visits>
<rw-visits order="2228">5</rw-visits>
<rw-visits order="2245">5</rw-visits>
<rw-visits order="2262">5</rw-visits>
<rw-visits order="2279">5</rw-visits>
<rw-visits order="2296">5</rw-visits>
<rw-visits order="2313">5</rw-visits>
<rw-visits order="2330">5</rw-visits>
<rw-visits order="2347">5</rw-visits>
<rw-visits order="2364">5</rw-visits>
<rw-visits order="2381">5</rw-visits>
<rw-visits order="2398">5</rw-visits>
<rw-visits order="2415">4</rw-visits>
<rw-visits order="2432">4</rw-visits>
<rw-visits order="2449">4</rw-visits>
<rw-visits order="2466">4</rw-visits>
<rw-visits order="2483">4</rw-visits>
<rw-visits order="2500">4</rw-visits>
<rw-visits order="2517">4</rw-visits>
<rw-visits order="2534">4</rw-visits>
<rw-visits order="2551">4</rw-visits>
<rw-visits order="2568">4</rw-visits>
<rw-visits order="2585">4</rw-visits>
<rw-visits order="2602">4</rw-visits>
<rw-visits order="2619">4</rw-visits>
<rw-visits order="2636">4</rw-visits>
<rw-visits order="2653">4</rw-visits>
<rw-visits order="2670">4</rw-visits>
<rw-visits order="2687">3</rw-visits>
<rw-visits order="2704">3</rw-visits>
<rw-visits order="2721">3</rw-visits>
<rw-visits order="2738">3</rw-visits>
<rw-visits order="2755">3</rw-visits>
<rw-visits order="2772">3</rw-visits>
<rw-visits order="2789">3</rw-visits>
<rw-visits order="2806">3</rw-visits>
<rw-visits order="2823">3</rw-visits>
<rw-visits order="2840">3</rw-visits>
<rw-visits order="2857">3</rw-visits>
<rw-visits order="2874">3</rw-visits>
<rw-visits order="2891">3</rw-visits>
<rw-visits order="2908">3</rw-visits>
<rw-visits order="2925">2</rw-visits>
<rw-visits order="2942">2</rw-visits>
<rw-visits order="2959">2</rw-visits>
<rw-visits order="2976">2</rw-visits>
<rw-visits order="2993">2</rw-visits>
<rw-visits order="3010">2</rw-visits>
<rw-visits order="3027">2</rw-visits>
<rw-visits order="3044">2</rw-visits>
<rw-visits order="3061">2</rw-visits>
<rw-visits order="3078">2</rw-visits>
<rw-visits order="3095">2</rw-visits>
<rw-visits order="3112">2</rw-visits>
<rw-visits order="3129">2</rw-visits>
<rw-visits order="3146">2</rw-visits>
<rw-visits order="3163">2</rw-visits>
<rw-visits order="3180">2</rw-visits>
<rw-visits order="3197">2</rw-visits>
<rw-visits order="3214">2</rw-visits>
<rw-visits order="3231">1</rw-visits>
<rw-visits order="3248">1</rw-visits>
<rw-visits order="3265">1</rw-visits>
<rw-visits order="3282">1</rw-visits>
<rw-visits order="3299">1</rw-visits>
<rw-visits order="3316">1</rw-visits>
<rw-visits order="3333">1</rw-visits>
<rw-visits order="3350">1</rw-visits>
<rw-visits order="3367">1</rw-visits>
<rw-visits order="3384">1</rw-visits>
<rw-visits order="3401">1</rw-visits>
<rw-visits order="3418">1</rw-visits>
<rw-visits order="3435">1</rw-visits>
<rw-visits order="3452">1</rw-visits>
<rw-visits order="3469">1</rw-visits>
<rw-visits order="3486">1</rw-visits>
<rw-visits order="3503">1</rw-visits>
<rw-visits order="3520">1</rw-visits>
<rw-visits order="3537">1</rw-visits>
<rw-visits order="3554">1</rw-visits>
<final-coverage>63.5795</final-coverage>
</rw-info>
<local-info>
<diamonds>43.3399</diamonds>
<neighborhood k="4">14</neighborhood>
<clustering k="4">1.27132</clustering>
</local-info>
<label-info>
<edge-label id="0.3">578</edge-label>
<edge-label id="0.4">594</edge-label>
<edge-label id="0.5">1404</edge-label>
<edge-label id="0.6+5.2">144</edge-label>
<edge-label id="0.7+1.0">486</edge-label>
<edge-label id="0.8+3.0">738</edge-label>
<edge-label id="0.9">1236</edge-label>
<edge-label id="1.1">444</edge-label>
<edge-label id="1.2+2.2">36</edge-label>
<edge-label id="1.4">198</edge-label>
<edge-label id="1.5+0.0">72</edge-label>
<edge-label id="1.5+0.1">72</edge-label>
<edge-label id="2.0+1.3">198</edge-label>
<edge-label id="2.1+1.3">198</edge-label>
<edge-label id="2.3">894</edge-label>
<edge-label id="3.1">372</edge-label>
<edge-label id="3.2+4.2">24</edge-label>
<edge-label id="3.4">144</edge-label>
<edge-label id="3.5+0.0">72</edge-label>
<edge-label id="3.5+0.1">72</edge-label>
<edge-label id="4.0+3.3">144</edge-label>
<edge-label id="4.1+3.3">144</edge-label>
<edge-label id="4.3">900</edge-label>
<edge-label id="5.0+0.0">543</edge-label>
<edge-label id="5.0+0.1">543</edge-label>
<edge-label id="5.1">542</edge-label>
<state-labels procid="0">
<label id="[]">5593</label>
</state-labels><state-labels procid="1">
<label id="[0,0,0]">1</label>
<label id="[0,10,0]">2</label>
<label id="[0,10,3]">744</label>
<label id="[0,112,3]">144</label>
<label id="[0,20,0]">2</label>
<label id="[0,20,3]">744</label>
<label id="[0,221,3]">144</label>
<label id="[1,10,0]">1</label>
<label id="[1,10,3]">216</label>
<label id="[1,112,3]">72</label>
<label id="[1,20,0]">1</label>
<label id="[1,20,3]">216</label>
<label id="[1,221,3]">72</label>
<label id="[2,10,0]">216</label>
<label id="[2,10,1]">216</label>
<label id="[2,10,2]">396</label>
<label id="[2,10,3]">528</label>
<label id="[2,112,0]">72</label>
<label id="[2,112,1]">72</label>
<label id="[2,112,2]">90</label>
<label id="[2,112,3]">90</label>
<label id="[2,20,0]">216</label>
<label id="[2,20,1]">216</label>
<label id="[2,20,2]">288</label>
<label id="[2,20,3]">528</label>
<label id="[2,221,0]">72</label>
<label id="[2,221,1]">72</label>
<label id="[2,221,2]">72</label>
<label id="[2,221,3]">90</label>
</state-labels><state-labels procid="2">
<label id="[0,0]">967</label>
<label id="[0,112]">684</label>
<label id="[0,20]">1302</label>
<label id="[0,22]">1482</label>
<label id="[1,10]">264</label>
<label id="[1,112]">54</label>
<label id="[1,20]">444</label>
<label id="[2,0]">198</label>
<label id="[2,22]">198</label>
</state-labels><state-labels procid="3">
<label id="[0,0]">2182</label>
<label id="[0,1]">2517</label>
<label id="[1,1]">894</label>
</state-labels><state-labels procid="4">
<label id="[0,0]">1027</label>
<label id="[0,10]">1386</label>
<label id="[0,11]">1560</label>
<label id="[0,221]">732</label>
<label id="[1,10]">372</label>
<label id="[1,20]">192</label>
<label id="[1,221]">36</label>
<label id="[2,0]">144</label>
<label id="[2,11]">144</label>
</state-labels><state-labels procid="5">
<label id="[0,0]">2167</label>
<label id="[0,2]">2526</label>
<label id="[1,2]">900</label>
</state-labels><state-labels procid="6">
<label id="[0,1,0]">92</label>
<label id="[0,1,112]">90</label>
<label id="[0,1,221]">90</label>
<label id="[0,2,0]">91</label>
<label id="[0,2,112]">90</label>
<label id="[0,2,221]">90</label>
<label id="[1,1,0]">858</label>
<label id="[1,1,112]">856</label>
<label id="[1,1,221]">856</label>
<label id="[1,2,0]">828</label>
<label id="[1,2,112]">826</label>
<label id="[1,2,221]">826</label>
</state-labels></label-info>
</state-space-info>
