<?xml version="1.0"?>
<!DOCTYPE state-space-info SYSTEM "../../state_space_info.dtd">


<state-space-info>
<states>12661</states>
<edges>28144</edges>
<bfs-info>
 <levels>66</levels>
<max-level>592</max-level>

<back-level-edges>5659</back-level-edges>
<max-back-level-edge>26</max-back-level-edge>
<avg-back-level-edge>6.42481</avg-back-level-edge>
<bfs-levels>
<level id="0"><states>1</states><edges>2</edges></level>
<level id="1"><states>2</states><edges>2</edges></level>
<level id="2"><states>2</states><edges>3</edges></level>
<level id="3"><states>3</states><edges>4</edges></level>
<level id="4"><states>4</states><edges>9</edges></level>
<level id="5"><states>7</states><edges>17</edges></level>
<level id="6"><states>12</states><edges>25</edges></level>
<level id="7"><states>15</states><edges>31</edges></level>
<level id="8"><states>20</states><edges>36</edges></level>
<level id="9"><states>20</states><edges>42</edges></level>
<level id="10"><states>27</states><edges>54</edges></level>
<level id="11"><states>35</states><edges>72</edges></level>
<level id="12"><states>51</states><edges>99</edges></level>
<level id="13"><states>61</states><edges>116</edges></level>
<level id="14"><states>69</states><edges>138</edges></level>
<level id="15"><states>79</states><edges>149</edges></level>
<level id="16"><states>72</states><edges>143</edges></level>
<level id="17"><states>73</states><edges>137</edges></level>
<level id="18"><states>79</states><edges>163</edges></level>
<level id="19"><states>92</states><edges>187</edges></level>
<level id="20"><states>99</states><edges>214</edges></level>
<level id="21"><states>117</states><edges>253</edges></level>
<level id="22"><states>136</states><edges>314</edges></level>
<level id="23"><states>165</states><edges>380</edges></level>
<level id="24"><states>200</states><edges>440</edges></level>
<level id="25"><states>233</states><edges>524</edges></level>
<level id="26"><states>282</states><edges>601</edges></level>
<level id="27"><states>330</states><edges>731</edges></level>
<level id="28"><states>378</states><edges>835</edges></level>
<level id="29"><states>420</states><edges>928</edges></level>
<level id="30"><states>449</states><edges>1000</edges></level>
<level id="31"><states>440</states><edges>950</edges></level>
<level id="32"><states>400</states><edges>890</edges></level>
<level id="33"><states>371</states><edges>785</edges></level>
<level id="34"><states>327</states><edges>712</edges></level>
<level id="35"><states>321</states><edges>657</edges></level>
<level id="36"><states>319</states><edges>713</edges></level>
<level id="37"><states>345</states><edges>715</edges></level>
<level id="38"><states>342</states><edges>766</edges></level>
<level id="39"><states>367</states><edges>812</edges></level>
<level id="40"><states>380</states><edges>875</edges></level>
<level id="41"><states>413</states><edges>994</edges></level>
<level id="42"><states>475</states><edges>1115</edges></level>
<level id="43"><states>527</states><edges>1248</edges></level>
<level id="44"><states>592</states><edges>1349</edges></level>
<level id="45"><states>582</states><edges>1339</edges></level>
<level id="46"><states>551</states><edges>1242</edges></level>
<level id="47"><states>471</states><edges>1078</edges></level>
<level id="48"><states>372</states><edges>836</edges></level>
<level id="49"><states>289</states><edges>661</edges></level>
<level id="50"><states>233</states><edges>534</edges></level>
<level id="51"><states>205</states><edges>436</edges></level>
<level id="52"><states>168</states><edges>371</edges></level>
<level id="53"><states>143</states><edges>291</edges></level>
<level id="54"><states>112</states><edges>252</edges></level>
<level id="55"><states>83</states><edges>182</edges></level>
<level id="56"><states>66</states><edges>150</edges></level>
<level id="57"><states>54</states><edges>131</edges></level>
<level id="58"><states>46</states><edges>99</edges></level>
<level id="59"><states>40</states><edges>92</edges></level>
<level id="60"><states>28</states><edges>71</edges></level>
<level id="61"><states>23</states><edges>47</edges></level>
<level id="62"><states>23</states><edges>55</edges></level>
<level id="63"><states>8</states><edges>20</edges></level>
<level id="64"><states>6</states><edges>12</edges></level>
<level id="65"><states>6</states><edges>15</edges></level>
</bfs-levels>
<back-level-length id="0">5.31896</back-level-length>
<back-level-length id="1">5.93744</back-level-length>
<back-level-length id="2">0</back-level-length>
<back-level-length id="3">22.5128</back-level-length>
<back-level-length id="4">17.2645</back-level-length>
<back-level-length id="5">2.84503</back-level-length>
<back-level-length id="6">6.78565</back-level-length>
<back-level-length id="7">0.106026</back-level-length>
<back-level-length id="8">11.4331</back-level-length>
<back-level-length id="9">3.7109</back-level-length>
<back-level-length id="10">8.53508</back-level-length>
<back-level-length id="11">0.936561</back-level-length>
<back-level-length id="12">0</back-level-length>
<back-level-length id="13">4.31172</back-level-length>
<back-level-length id="14">0</back-level-length>
<back-level-length id="15">4.01131</back-level-length>
<back-level-length id="16">0</back-level-length>
<back-level-length id="17">6.20251</back-level-length>
<back-level-length id="18">0.017671</back-level-length>
<back-level-length id="19">0</back-level-length>
<back-level-length id="20">0</back-level-length>
<back-level-length id="21">0</back-level-length>
<back-level-length id="22">0.017671</back-level-length>
<back-level-length id="23">0</back-level-length>
<back-level-length id="24">0</back-level-length>
<back-level-length id="25">0</back-level-length>
<back-level-length id="26">0.0530129</back-level-length>
</bfs-info>
<degrees>
<avg>2.22289</avg>
<max-in>8</max-in>
<max-out>5</max-out>
<degree id="0"><in>1</in><out>180</out></degree>
<degree id="1"><in>3339</in><out>2590</out></degree>
<degree id="2"><in>5147</in><out>5403</out></degree>
<degree id="3"><in>2826</in><out>3336</out></degree>
<degree id="4"><in>907</in><out>1020</out></degree>
<degree id="5"><in>283</in><out>132</out></degree>
<degree id="6"><in>119</in><out>0</out></degree>
<degree id="7"><in>36</in><out>0</out></degree>
<degree id="8"><in>3</in><out>0</out></degree>
</degrees>
<scc-info>
<count>480</count>
<height>26</height>
<nontrivial-height>10</nontrivial-height>
<trivial>465</trivial>
<terminal>180</terminal>
<largest>2896</largest>
<largest-position> </largest-position>
</scc-info>
<dfs-info>
<stack-size id="63">0.434405</stack-size>
<stack-size id="126">0.853013</stack-size>
<stack-size id="189">1.26372</stack-size>
<stack-size id="252">1.63494</stack-size>
<stack-size id="315">1.89558</stack-size>
<stack-size id="378">2.31419</stack-size>
<stack-size id="441">2.65382</stack-size>
<stack-size id="504">2.96975</stack-size>
<stack-size id="567">3.12772</stack-size>
<stack-size id="630">3.49104</stack-size>
<stack-size id="693">3.90175</stack-size>
<stack-size id="756">4.19398</stack-size>
<stack-size id="819">4.52571</stack-size>
<stack-size id="882">4.54151</stack-size>
<stack-size id="945">4.65208</stack-size>
<stack-size id="1008">4.69947</stack-size>
<stack-size id="1071">4.93642</stack-size>
<stack-size id="1134">5.10228</stack-size>
<stack-size id="1197">5.54459</stack-size>
<stack-size id="1260">5.86841</stack-size>
<stack-size id="1323">6.15275</stack-size>
<stack-size id="1386">6.56346</stack-size>
<stack-size id="1449">6.71353</stack-size>
<stack-size id="1512">7.00577</stack-size>
<stack-size id="1575">7.18743</stack-size>
<stack-size id="1638">7.28221</stack-size>
<stack-size id="1701">7.3138</stack-size>
<stack-size id="1764">7.34539</stack-size>
<stack-size id="1827">7.46387</stack-size>
<stack-size id="1890">7.42437</stack-size>
<stack-size id="1953">7.52705</stack-size>
<stack-size id="2016">7.55075</stack-size>
<stack-size id="2079">7.57444</stack-size>
<stack-size id="2142">7.51126</stack-size>
<stack-size id="2205">7.11634</stack-size>
<stack-size id="2268">7.00577</stack-size>
<stack-size id="2331">7.05316</stack-size>
<stack-size id="2394">6.79251</stack-size>
<stack-size id="2457">6.22384</stack-size>
<stack-size id="2520">6.01848</stack-size>
<stack-size id="2583">6.22384</stack-size>
<stack-size id="2646">6.31862</stack-size>
<stack-size id="2709">5.97109</stack-size>
<stack-size id="2772">6.36601</stack-size>
<stack-size id="2835">6.43709</stack-size>
<stack-size id="2898">6.79251</stack-size>
<stack-size id="2961">7.16373</stack-size>
<stack-size id="3024">7.06105</stack-size>
<stack-size id="3087">6.77672</stack-size>
<stack-size id="3150">6.76882</stack-size>
<stack-size id="3213">6.54767</stack-size>
<stack-size id="3276">6.53977</stack-size>
<stack-size id="3339">6.08167</stack-size>
<stack-size id="3402">4.92062</stack-size>
<stack-size id="3465">4.73896</stack-size>
<stack-size id="3528">4.52571</stack-size>
<stack-size id="3591">3.2067</stack-size>
<stack-size id="3654">3.31727</stack-size>
<stack-size id="3717">3.6648</stack-size>
<stack-size id="3780">3.84646</stack-size>
<stack-size id="3843">3.94914</stack-size>
<stack-size id="3906">4.1229</stack-size>
<stack-size id="3969">4.03602</stack-size>
<stack-size id="4032">4.03602</stack-size>
<stack-size id="4095">4.05181</stack-size>
<stack-size id="4158">3.79907</stack-size>
<stack-size id="4221">3.69639</stack-size>
<stack-size id="4284">3.51473</stack-size>
<stack-size id="4347">3.23829</stack-size>
<stack-size id="4410">3.16721</stack-size>
<stack-size id="4473">3.31727</stack-size>
<stack-size id="4536">3.41205</stack-size>
<stack-size id="4599">3.6727</stack-size>
<stack-size id="4662">3.54632</stack-size>
<stack-size id="4725">3.34097</stack-size>
<stack-size id="4788">2.14833</stack-size>
<stack-size id="4851">2.32209</stack-size>
<stack-size id="4914">2.2747</stack-size>
<stack-size id="4977">2.68541</stack-size>
<stack-size id="5040">2.97765</stack-size>
<stack-size id="5103">3.16721</stack-size>
<stack-size id="5166">3.30938</stack-size>
<stack-size id="5229">3.33307</stack-size>
<stack-size id="5292">3.649</stack-size>
<stack-size id="5355">3.95703</stack-size>
<stack-size id="5418">4.20978</stack-size>
<stack-size id="5481">3.75958</stack-size>
<stack-size id="5544">4.05181</stack-size>
<stack-size id="5607">4.14659</stack-size>
<stack-size id="5670">4.49412</stack-size>
<stack-size id="5733">4.5889</stack-size>
<stack-size id="5796">4.73106</stack-size>
<stack-size id="5859">4.78635</stack-size>
<stack-size id="5922">4.84954</stack-size>
<stack-size id="5985">5.18916</stack-size>
<stack-size id="6048">5.36293</stack-size>
<stack-size id="6111">5.4656</stack-size>
<stack-size id="6174">5.37872</stack-size>
<stack-size id="6237">5.52879</stack-size>
<stack-size id="6300">5.4814</stack-size>
<stack-size id="6363">5.4577</stack-size>
<stack-size id="6426">5.34713</stack-size>
<stack-size id="6489">5.20496</stack-size>
<stack-size id="6552">5.17337</stack-size>
<stack-size id="6615">5.0075</stack-size>
<stack-size id="6678">4.81794</stack-size>
<stack-size id="6741">4.61259</stack-size>
<stack-size id="6804">4.47042</stack-size>
<stack-size id="6867">4.28086</stack-size>
<stack-size id="6930">4.04391</stack-size>
<stack-size id="6993">2.50375</stack-size>
<stack-size id="7056">1.94297</stack-size>
<stack-size id="7119">2.01406</stack-size>
<stack-size id="7182">2.2826</stack-size>
<stack-size id="7245">2.59063</stack-size>
<stack-size id="7308">2.52745</stack-size>
<stack-size id="7371">2.63802</stack-size>
<stack-size id="7434">2.66962</stack-size>
<stack-size id="7497">2.70121</stack-size>
<stack-size id="7560">2.717</stack-size>
<stack-size id="7623">2.717</stack-size>
<stack-size id="7686">2.46426</stack-size>
<stack-size id="7749">2.46426</stack-size>
<stack-size id="7812">2.04565</stack-size>
<stack-size id="7875">1.22423</stack-size>
<stack-size id="7938">1.29532</stack-size>
<stack-size id="8001">1.65074</stack-size>
<stack-size id="8064">2.05355</stack-size>
<stack-size id="8127">2.40897</stack-size>
<stack-size id="8190">2.70911</stack-size>
<stack-size id="8253">2.86707</stack-size>
<stack-size id="8316">3.23039</stack-size>
<stack-size id="8379">3.6411</stack-size>
<stack-size id="8442">3.57002</stack-size>
<stack-size id="8505">3.90175</stack-size>
<stack-size id="8568">3.89385</stack-size>
<stack-size id="8631">3.89385</stack-size>
<stack-size id="8694">3.90175</stack-size>
<stack-size id="8757">3.94124</stack-size>
<stack-size id="8820">3.94124</stack-size>
<stack-size id="8883">3.62531</stack-size>
<stack-size id="8946">3.83856</stack-size>
<stack-size id="9009">3.83856</stack-size>
<stack-size id="9072">3.84646</stack-size>
<stack-size id="9135">4.15449</stack-size>
<stack-size id="9198">4.32035</stack-size>
<stack-size id="9261">4.1308</stack-size>
<stack-size id="9324">3.97283</stack-size>
<stack-size id="9387">2.89077</stack-size>
<stack-size id="9450">2.91446</stack-size>
<stack-size id="9513">2.85917</stack-size>
<stack-size id="9576">2.91446</stack-size>
<stack-size id="9639">2.85128</stack-size>
<stack-size id="9702">2.86707</stack-size>
<stack-size id="9765">3.2146</stack-size>
<stack-size id="9828">3.31727</stack-size>
<stack-size id="9891">3.2146</stack-size>
<stack-size id="9954">3.32517</stack-size>
<stack-size id="10017">2.43267</stack-size>
<stack-size id="10080">1.97457</stack-size>
<stack-size id="10143">1.71392</stack-size>
<stack-size id="10206">2.15623</stack-size>
<stack-size id="10269">2.44846</stack-size>
<stack-size id="10332">2.31419</stack-size>
<stack-size id="10395">2.35368</stack-size>
<stack-size id="10458">2.42477</stack-size>
<stack-size id="10521">2.63012</stack-size>
<stack-size id="10584">2.717</stack-size>
<stack-size id="10647">2.81178</stack-size>
<stack-size id="10710">2.81968</stack-size>
<stack-size id="10773">2.87497</stack-size>
<stack-size id="10836">2.88287</stack-size>
<stack-size id="10899">2.91446</stack-size>
<stack-size id="10962">2.59063</stack-size>
<stack-size id="11025">2.01406</stack-size>
<stack-size id="11088">1.8245</stack-size>
<stack-size id="11151">1.00308</stack-size>
<stack-size id="11214">0.900403</stack-size>
<stack-size id="11277">1.27162</stack-size>
<stack-size id="11340">1.67443</stack-size>
<stack-size id="11403">1.99826</stack-size>
<stack-size id="11466">2.08514</stack-size>
<stack-size id="11529">2.09304</stack-size>
<stack-size id="11592">2.02986</stack-size>
<stack-size id="11655">2.06145</stack-size>
<stack-size id="11718">2.00616</stack-size>
<stack-size id="11781">2.07725</stack-size>
<stack-size id="11844">2.00616</stack-size>
<stack-size id="11907">2.14833</stack-size>
<stack-size id="11970">2.45636</stack-size>
<stack-size id="12033">2.59853</stack-size>
<stack-size id="12096">2.38528</stack-size>
<stack-size id="12159">2.2747</stack-size>
<stack-size id="12222">0.947792</stack-size>
<stack-size id="12285">0.86881</stack-size>
<stack-size id="12348">0.924098</stack-size>
<stack-size id="12411">0.82142</stack-size>
<stack-size id="12474">0.860911</stack-size>
<stack-size id="12537">0.781929</stack-size>
<stack-size id="12600">0.36332</stack-size>
<max-stack>966</max-stack>
<front-edges>12660</front-edges>
<back-edges>4446</back-edges>
<cross-edges>11038</cross-edges>
<shortest-cycle>4</shortest-cycle>
</dfs-info>
<rw-info>
<coverage step="1260">4.69157</coverage>
<coverage step="2520">8.25369</coverage>
<coverage step="3780">11.3814</coverage>
<coverage step="5040">14.0273</coverage>
<coverage step="6300">15.757</coverage>
<coverage step="7560">17.3841</coverage>
<coverage step="8820">18.948</coverage>
<coverage step="10080">19.5561</coverage>
<coverage step="11340">20.1485</coverage>
<coverage step="12600">21.0173</coverage>
<coverage step="13860">21.5149</coverage>
<coverage step="15120">22.1467</coverage>
<coverage step="16380">23.6079</coverage>
<coverage step="17640">24.1687</coverage>
<coverage step="18900">24.9506</coverage>
<coverage step="20160">25.7721</coverage>
<coverage step="21420">26.4671</coverage>
<coverage step="22680">27.2174</coverage>
<coverage step="23940">28.0784</coverage>
<coverage step="25200">28.4259</coverage>
<coverage step="26460">28.9551</coverage>
<coverage step="27720">29.4132</coverage>
<coverage step="28980">29.8081</coverage>
<coverage step="30240">30.1477</coverage>
<coverage step="31500">30.5189</coverage>
<coverage step="32760">30.9928</coverage>
<coverage step="34020">31.214</coverage>
<coverage step="35280">31.5536</coverage>
<coverage step="36540">31.9643</coverage>
<coverage step="37800">32.3197</coverage>
<coverage step="39060">33.0622</coverage>
<coverage step="40320">33.2912</coverage>
<coverage step="41580">33.5045</coverage>
<coverage step="42840">33.5913</coverage>
<coverage step="44100">33.8204</coverage>
<coverage step="45360">33.9626</coverage>
<coverage step="46620">34.7919</coverage>
<coverage step="47880">34.9183</coverage>
<coverage step="49140">35.1789</coverage>
<coverage step="50400">35.3685</coverage>
<coverage step="51660">35.5659</coverage>
<coverage step="52920">35.6449</coverage>
<coverage step="54180">35.7397</coverage>
<coverage step="55440">35.8581</coverage>
<coverage step="56700">36.0082</coverage>
<coverage step="57960">36.103</coverage>
<coverage step="59220">36.2057</coverage>
<coverage step="60480">36.8454</coverage>
<coverage step="61740">36.9797</coverage>
<coverage step="63000">37.0824</coverage>
<coverage step="64260">37.193</coverage>
<coverage step="65520">37.3193</coverage>
<coverage step="66780">37.6353</coverage>
<coverage step="68040">37.6669</coverage>
<coverage step="69300">37.9433</coverage>
<coverage step="70560">38.125</coverage>
<coverage step="71820">38.4488</coverage>
<coverage step="73080">38.512</coverage>
<coverage step="74340">38.7568</coverage>
<coverage step="75600">38.9938</coverage>
<coverage step="76860">39.0569</coverage>
<coverage step="78120">39.1991</coverage>
<coverage step="79380">39.286</coverage>
<coverage step="80640">39.4203</coverage>
<coverage step="81900">39.5861</coverage>
<coverage step="83160">39.6651</coverage>
<coverage step="84420">39.7757</coverage>
<coverage step="85680">39.8863</coverage>
<coverage step="86940">40.06</coverage>
<coverage step="88200">40.2654</coverage>
<coverage step="89460">40.3602</coverage>
<coverage step="90720">40.4707</coverage>
<coverage step="91980">40.5023</coverage>
<coverage step="93240">40.5576</coverage>
<coverage step="94500">40.5971</coverage>
<coverage step="95760">40.7077</coverage>
<coverage step="97020">40.8183</coverage>
<coverage step="98280">40.913</coverage>
<coverage step="99540">41.0394</coverage>
<coverage step="100800">41.071</coverage>
<coverage step="102060">41.2211</coverage>
<coverage step="103320">41.3632</coverage>
<coverage step="104580">41.4106</coverage>
<coverage step="105840">41.4264</coverage>
<coverage step="107100">41.458</coverage>
<coverage step="108360">41.5054</coverage>
<coverage step="109620">41.6239</coverage>
<coverage step="110880">41.6634</coverage>
<coverage step="112140">41.695</coverage>
<coverage step="113400">41.8055</coverage>
<coverage step="114660">41.8529</coverage>
<coverage step="115920">41.9161</coverage>
<coverage step="117180">42.0583</coverage>
<coverage step="118440">42.1926</coverage>
<coverage step="119700">42.2005</coverage>
<coverage step="120960">42.2242</coverage>
<coverage step="122220">42.311</coverage>
<coverage step="123480">42.4058</coverage>
<coverage step="124740">42.469</coverage>
<coverage step="126000">42.5875</coverage>
<rw-visits order="1">821</rw-visits>
<rw-visits order="27">366</rw-visits>
<rw-visits order="53">266</rw-visits>
<rw-visits order="79">194</rw-visits>
<rw-visits order="105">166</rw-visits>
<rw-visits order="131">142</rw-visits>
<rw-visits order="157">129</rw-visits>
<rw-visits order="183">116</rw-visits>
<rw-visits order="209">108</rw-visits>
<rw-visits order="235">100</rw-visits>
<rw-visits order="261">91</rw-visits>
<rw-visits order="287">87</rw-visits>
<rw-visits order="313">82</rw-visits>
<rw-visits order="339">79</rw-visits>
<rw-visits order="365">74</rw-visits>
<rw-visits order="391">72</rw-visits>
<rw-visits order="417">68</rw-visits>
<rw-visits order="443">66</rw-visits>
<rw-visits order="469">63</rw-visits>
<rw-visits order="495">60</rw-visits>
<rw-visits order="521">59</rw-visits>
<rw-visits order="547">56</rw-visits>
<rw-visits order="573">54</rw-visits>
<rw-visits order="599">52</rw-visits>
<rw-visits order="625">51</rw-visits>
<rw-visits order="651">50</rw-visits>
<rw-visits order="677">48</rw-visits>
<rw-visits order="703">47</rw-visits>
<rw-visits order="729">45</rw-visits>
<rw-visits order="755">44</rw-visits>
<rw-visits order="781">43</rw-visits>
<rw-visits order="807">42</rw-visits>
<rw-visits order="833">41</rw-visits>
<rw-visits order="859">39</rw-visits>
<rw-visits order="885">38</rw-visits>
<rw-visits order="911">36</rw-visits>
<rw-visits order="937">35</rw-visits>
<rw-visits order="963">34</rw-visits>
<rw-visits order="989">33</rw-visits>
<rw-visits order="1015">32</rw-visits>
<rw-visits order="1041">32</rw-visits>
<rw-visits order="1067">31</rw-visits>
<rw-visits order="1093">30</rw-visits>
<rw-visits order="1119">29</rw-visits>
<rw-visits order="1145">28</rw-visits>
<rw-visits order="1171">28</rw-visits>
<rw-visits order="1197">27</rw-visits>
<rw-visits order="1223">26</rw-visits>
<rw-visits order="1249">26</rw-visits>
<rw-visits order="1275">25</rw-visits>
<rw-visits order="1301">24</rw-visits>
<rw-visits order="1327">23</rw-visits>
<rw-visits order="1353">23</rw-visits>
<rw-visits order="1379">22</rw-visits>
<rw-visits order="1405">22</rw-visits>
<rw-visits order="1431">21</rw-visits>
<rw-visits order="1457">21</rw-visits>
<rw-visits order="1483">20</rw-visits>
<rw-visits order="1509">20</rw-visits>
<rw-visits order="1535">20</rw-visits>
<rw-visits order="1561">19</rw-visits>
<rw-visits order="1587">18</rw-visits>
<rw-visits order="1613">18</rw-visits>
<rw-visits order="1639">18</rw-visits>
<rw-visits order="1665">17</rw-visits>
<rw-visits order="1691">17</rw-visits>
<rw-visits order="1717">17</rw-visits>
<rw-visits order="1743">16</rw-visits>
<rw-visits order="1769">16</rw-visits>
<rw-visits order="1795">16</rw-visits>
<rw-visits order="1821">15</rw-visits>
<rw-visits order="1847">15</rw-visits>
<rw-visits order="1873">15</rw-visits>
<rw-visits order="1899">14</rw-visits>
<rw-visits order="1925">14</rw-visits>
<rw-visits order="1951">14</rw-visits>
<rw-visits order="1977">13</rw-visits>
<rw-visits order="2003">13</rw-visits>
<rw-visits order="2029">13</rw-visits>
<rw-visits order="2055">13</rw-visits>
<rw-visits order="2081">12</rw-visits>
<rw-visits order="2107">12</rw-visits>
<rw-visits order="2133">12</rw-visits>
<rw-visits order="2159">12</rw-visits>
<rw-visits order="2185">11</rw-visits>
<rw-visits order="2211">11</rw-visits>
<rw-visits order="2237">11</rw-visits>
<rw-visits order="2263">11</rw-visits>
<rw-visits order="2289">11</rw-visits>
<rw-visits order="2315">10</rw-visits>
<rw-visits order="2341">10</rw-visits>
<rw-visits order="2367">10</rw-visits>
<rw-visits order="2393">10</rw-visits>
<rw-visits order="2419">9</rw-visits>
<rw-visits order="2445">9</rw-visits>
<rw-visits order="2471">9</rw-visits>
<rw-visits order="2497">9</rw-visits>
<rw-visits order="2523">9</rw-visits>
<rw-visits order="2549">9</rw-visits>
<rw-visits order="2575">8</rw-visits>
<rw-visits order="2601">8</rw-visits>
<rw-visits order="2627">8</rw-visits>
<rw-visits order="2653">8</rw-visits>
<rw-visits order="2679">7</rw-visits>
<rw-visits order="2705">7</rw-visits>
<rw-visits order="2731">7</rw-visits>
<rw-visits order="2757">7</rw-visits>
<rw-visits order="2783">7</rw-visits>
<rw-visits order="2809">7</rw-visits>
<rw-visits order="2835">7</rw-visits>
<rw-visits order="2861">6</rw-visits>
<rw-visits order="2887">6</rw-visits>
<rw-visits order="2913">6</rw-visits>
<rw-visits order="2939">6</rw-visits>
<rw-visits order="2965">6</rw-visits>
<rw-visits order="2991">6</rw-visits>
<rw-visits order="3017">6</rw-visits>
<rw-visits order="3043">6</rw-visits>
<rw-visits order="3069">5</rw-visits>
<rw-visits order="3095">5</rw-visits>
<rw-visits order="3121">5</rw-visits>
<rw-visits order="3147">5</rw-visits>
<rw-visits order="3173">5</rw-visits>
<rw-visits order="3199">5</rw-visits>
<rw-visits order="3225">5</rw-visits>
<rw-visits order="3251">5</rw-visits>
<rw-visits order="3277">5</rw-visits>
<rw-visits order="3303">4</rw-visits>
<rw-visits order="3329">4</rw-visits>
<rw-visits order="3355">4</rw-visits>
<rw-visits order="3381">4</rw-visits>
<rw-visits order="3407">4</rw-visits>
<rw-visits order="3433">4</rw-visits>
<rw-visits order="3459">4</rw-visits>
<rw-visits order="3485">4</rw-visits>
<rw-visits order="3511">4</rw-visits>
<rw-visits order="3537">4</rw-visits>
<rw-visits order="3563">3</rw-visits>
<rw-visits order="3589">3</rw-visits>
<rw-visits order="3615">3</rw-visits>
<rw-visits order="3641">3</rw-visits>
<rw-visits order="3667">3</rw-visits>
<rw-visits order="3693">3</rw-visits>
<rw-visits order="3719">3</rw-visits>
<rw-visits order="3745">3</rw-visits>
<rw-visits order="3771">3</rw-visits>
<rw-visits order="3797">3</rw-visits>
<rw-visits order="3823">3</rw-visits>
<rw-visits order="3849">3</rw-visits>
<rw-visits order="3875">3</rw-visits>
<rw-visits order="3901">3</rw-visits>
<rw-visits order="3927">2</rw-visits>
<rw-visits order="3953">2</rw-visits>
<rw-visits order="3979">2</rw-visits>
<rw-visits order="4005">2</rw-visits>
<rw-visits order="4031">2</rw-visits>
<rw-visits order="4057">2</rw-visits>
<rw-visits order="4083">2</rw-visits>
<rw-visits order="4109">2</rw-visits>
<rw-visits order="4135">2</rw-visits>
<rw-visits order="4161">2</rw-visits>
<rw-visits order="4187">2</rw-visits>
<rw-visits order="4213">2</rw-visits>
<rw-visits order="4239">2</rw-visits>
<rw-visits order="4265">2</rw-visits>
<rw-visits order="4291">2</rw-visits>
<rw-visits order="4317">2</rw-visits>
<rw-visits order="4343">2</rw-visits>
<rw-visits order="4369">2</rw-visits>
<rw-visits order="4395">1</rw-visits>
<rw-visits order="4421">1</rw-visits>
<rw-visits order="4447">1</rw-visits>
<rw-visits order="4473">1</rw-visits>
<rw-visits order="4499">1</rw-visits>
<rw-visits order="4525">1</rw-visits>
<rw-visits order="4551">1</rw-visits>
<rw-visits order="4577">1</rw-visits>
<rw-visits order="4603">1</rw-visits>
<rw-visits order="4629">1</rw-visits>
<rw-visits order="4655">1</rw-visits>
<rw-visits order="4681">1</rw-visits>
<rw-visits order="4707">1</rw-visits>
<rw-visits order="4733">1</rw-visits>
<rw-visits order="4759">1</rw-visits>
<rw-visits order="4785">1</rw-visits>
<rw-visits order="4811">1</rw-visits>
<rw-visits order="4837">1</rw-visits>
<rw-visits order="4863">1</rw-visits>
<rw-visits order="4889">1</rw-visits>
<rw-visits order="4915">1</rw-visits>
<rw-visits order="4941">1</rw-visits>
<rw-visits order="4967">1</rw-visits>
<rw-visits order="4993">1</rw-visits>
<rw-visits order="5019">1</rw-visits>
<rw-visits order="5045">1</rw-visits>
<rw-visits order="5071">1</rw-visits>
<rw-visits order="5097">1</rw-visits>
<rw-visits order="5123">1</rw-visits>
<rw-visits order="5149">1</rw-visits>
<rw-visits order="5175">1</rw-visits>
<rw-visits order="5201">1</rw-visits>
<rw-visits order="5227">1</rw-visits>
<rw-visits order="5253">1</rw-visits>
<rw-visits order="5279">1</rw-visits>
<rw-visits order="5305">1</rw-visits>
<rw-visits order="5331">1</rw-visits>
<rw-visits order="5357">1</rw-visits>
<rw-visits order="5383">1</rw-visits>
<final-coverage>42.6744</final-coverage>
</rw-info>
<local-info>
<diamonds>63.2178</diamonds>
<neighborhood k="4">19</neighborhood>
<clustering k="4">1.36558</clustering>
</local-info>
<label-info>
<edge-label id="0.3">1508</edge-label>
<edge-label id="0.4">1560</edge-label>
<edge-label id="0.5">3624</edge-label>
<edge-label id="0.6+5.2">318</edge-label>
<edge-label id="0.7+1.0">1260</edge-label>
<edge-label id="0.8+3.0">774</edge-label>
<edge-label id="0.9">2280</edge-label>
<edge-label id="1.1">630</edge-label>
<edge-label id="1.2+2.2">468</edge-label>
<edge-label id="1.4">468</edge-label>
<edge-label id="1.5+0.0">144</edge-label>
<edge-label id="1.5+0.1">144</edge-label>
<edge-label id="1.5+0.2">12</edge-label>
<edge-label id="2.0+1.3">468</edge-label>
<edge-label id="2.1+1.3">468</edge-label>
<edge-label id="2.3">2070</edge-label>
<edge-label id="3.1">1422</edge-label>
<edge-label id="3.2+4.2">732</edge-label>
<edge-label id="3.4">1056</edge-label>
<edge-label id="3.5+0.0">318</edge-label>
<edge-label id="3.5+0.1">318</edge-label>
<edge-label id="3.5+0.2">120</edge-label>
<edge-label id="4.0+3.3">1056</edge-label>
<edge-label id="4.1+3.3">1056</edge-label>
<edge-label id="4.3">1830</edge-label>
<edge-label id="5.0+0.0">1323</edge-label>
<edge-label id="5.0+0.1">1323</edge-label>
<edge-label id="5.0+0.2">108</edge-label>
<edge-label id="5.1">1286</edge-label>
<state-labels procid="0">
<label id="[]">12661</label>
</state-labels><state-labels procid="1">
<label id="[0,0,0]">1</label>
<label id="[0,10,0]">2</label>
<label id="[0,10,3]">1536</label>
<label id="[0,112,3]">348</label>
<label id="[0,20,0]">2</label>
<label id="[0,20,3]">1308</label>
<label id="[0,221,3]">264</label>
<label id="[1,10,0]">1</label>
<label id="[1,10,3]">540</label>
<label id="[1,112,3]">294</label>
<label id="[1,20,0]">1</label>
<label id="[1,20,3]">540</label>
<label id="[1,221,3]">132</label>
<label id="[2,10,0]">540</label>
<label id="[2,10,1]">540</label>
<label id="[2,10,2]">978</label>
<label id="[2,10,3]">1014</label>
<label id="[2,112,0]">294</label>
<label id="[2,112,1]">294</label>
<label id="[2,112,2]">348</label>
<label id="[2,112,3]">348</label>
<label id="[2,20,0]">540</label>
<label id="[2,20,1]">540</label>
<label id="[2,20,2]">714</label>
<label id="[2,20,3]">786</label>
<label id="[2,221,0]">132</label>
<label id="[2,221,1]">132</label>
<label id="[2,221,2]">132</label>
<label id="[2,221,3]">132</label>
<label id="[3,10,3]">54</label>
<label id="[3,112,3]">108</label>
<label id="[3,20,3]">54</label>
<label id="[3,221,3]">12</label>
</state-labels><state-labels procid="2">
<label id="[0,0]">2191</label>
<label id="[0,112]">1512</label>
<label id="[0,20]">2940</label>
<label id="[0,22]">3120</label>
<label id="[1,10]">630</label>
<label id="[1,112]">702</label>
<label id="[1,20]">630</label>
<label id="[2,0]">468</label>
<label id="[2,22]">468</label>
</state-labels><state-labels procid="3">
<label id="[0,0]">4921</label>
<label id="[0,1]">5670</label>
<label id="[1,1]">2070</label>
</state-labels><state-labels procid="4">
<label id="[0,0]">1063</label>
<label id="[0,10]">1422</label>
<label id="[0,11]">3390</label>
<label id="[0,221]">732</label>
<label id="[1,10]">1422</label>
<label id="[1,20]">1422</label>
<label id="[1,221]">1098</label>
<label id="[2,0]">1056</label>
<label id="[2,11]">1056</label>
</state-labels><state-labels procid="5">
<label id="[0,0]">5236</label>
<label id="[0,2]">5595</label>
<label id="[1,2]">1830</label>
</state-labels><state-labels procid="6">
<label id="[0,1,0]">302</label>
<label id="[0,1,112]">300</label>
<label id="[0,1,221]">300</label>
<label id="[0,2,0]">345</label>
<label id="[0,2,112]">344</label>
<label id="[0,2,221]">344</label>
<label id="[1,1,0]">2058</label>
<label id="[1,1,112]">2056</label>
<label id="[1,1,221]">2056</label>
<label id="[1,2,0]">1520</label>
<label id="[1,2,112]">1518</label>
<label id="[1,2,221]">1518</label>
</state-labels></label-info>
</state-space-info>
