<?xml version="1.0"?>
<!DOCTYPE state-space-info SYSTEM "../../state_space_info.dtd">


<state-space-info>
<states>1404</states>
<edges>2484</edges>
<bfs-info>
 <levels>32</levels>
<max-level>112</max-level>

<back-level-edges>862</back-level-edges>
<max-back-level-edge>19</max-back-level-edge>
<avg-back-level-edge>5.36195</avg-back-level-edge>
<bfs-levels>
<level id="0"><states>1</states><edges>2</edges></level>
<level id="1"><states>2</states><edges>4</edges></level>
<level id="2"><states>4</states><edges>8</edges></level>
<level id="3"><states>8</states><edges>16</edges></level>
<level id="4"><states>15</states><edges>22</edges></level>
<level id="5"><states>22</states><edges>32</edges></level>
<level id="6"><states>28</states><edges>40</edges></level>
<level id="7"><states>32</states><edges>44</edges></level>
<level id="8"><states>32</states><edges>44</edges></level>
<level id="9"><states>32</states><edges>44</edges></level>
<level id="10"><states>36</states><edges>50</edges></level>
<level id="11"><states>44</states><edges>62</edges></level>
<level id="12"><states>56</states><edges>74</edges></level>
<level id="13"><states>68</states><edges>90</edges></level>
<level id="14"><states>80</states><edges>106</edges></level>
<level id="15"><states>94</states><edges>125</edges></level>
<level id="16"><states>112</states><edges>219</edges></level>
<level id="17"><states>110</states><edges>214</edges></level>
<level id="18"><states>108</states><edges>208</edges></level>
<level id="19"><states>104</states><edges>198</edges></level>
<level id="20"><states>97</states><edges>177</edges></level>
<level id="21"><states>86</states><edges>172</edges></level>
<level id="22"><states>72</states><edges>159</edges></level>
<level id="23"><states>55</states><edges>136</edges></level>
<level id="24"><states>34</states><edges>73</edges></level>
<level id="25"><states>28</states><edges>58</edges></level>
<level id="26"><states>21</states><edges>46</edges></level>
<level id="27"><states>13</states><edges>37</edges></level>
<level id="28"><states>4</states><edges>10</edges></level>
<level id="29"><states>3</states><edges>7</edges></level>
<level id="30"><states>2</states><edges>4</edges></level>
<level id="31"><states>1</states><edges>3</edges></level>
</bfs-levels>
<back-level-length id="0">0</back-level-length>
<back-level-length id="1">0</back-level-length>
<back-level-length id="2">0</back-level-length>
<back-level-length id="3">57.5406</back-level-length>
<back-level-length id="4">0</back-level-length>
<back-level-length id="5">0</back-level-length>
<back-level-length id="6">0</back-level-length>
<back-level-length id="7">29.4664</back-level-length>
<back-level-length id="8">0</back-level-length>
<back-level-length id="9">0</back-level-length>
<back-level-length id="10">0</back-level-length>
<back-level-length id="11">9.51276</back-level-length>
<back-level-length id="12">0</back-level-length>
<back-level-length id="13">0</back-level-length>
<back-level-length id="14">0</back-level-length>
<back-level-length id="15">3.36427</back-level-length>
<back-level-length id="16">0</back-level-length>
<back-level-length id="17">0</back-level-length>
<back-level-length id="18">0</back-level-length>
<back-level-length id="19">0.116009</back-level-length>
</bfs-info>
<degrees>
<avg>1.76923</avg>
<max-in>3</max-in>
<max-out>3</max-out>
<degree id="0"><in>0</in><out>0</out></degree>
<degree id="1"><in>468</in><out>684</out></degree>
<degree id="2"><in>792</in><out>360</out></degree>
<degree id="3"><in>144</in><out>360</out></degree>
</degrees>
<scc-info>
<count>1</count>
<height>0</height>
<nontrivial-height>0</nontrivial-height>
<trivial>0</trivial>
<terminal>1</terminal>
<largest>1404</largest>
<largest-position> initial the only terminal</largest-position>
</scc-info>
<dfs-info>
<stack-size id="7">0.498575</stack-size>
<stack-size id="14">0.997151</stack-size>
<stack-size id="21">1.4245</stack-size>
<stack-size id="28">1.92308</stack-size>
<stack-size id="35">2.42165</stack-size>
<stack-size id="42">2.849</stack-size>
<stack-size id="49">3.34758</stack-size>
<stack-size id="56">3.77493</stack-size>
<stack-size id="63">4.2735</stack-size>
<stack-size id="70">4.70085</stack-size>
<stack-size id="77">5.19943</stack-size>
<stack-size id="84">5.69801</stack-size>
<stack-size id="91">6.12536</stack-size>
<stack-size id="98">6.62393</stack-size>
<stack-size id="105">7.12251</stack-size>
<stack-size id="112">7.62108</stack-size>
<stack-size id="119">8.04843</stack-size>
<stack-size id="126">8.54701</stack-size>
<stack-size id="133">9.04558</stack-size>
<stack-size id="140">9.54416</stack-size>
<stack-size id="147">10.0427</stack-size>
<stack-size id="154">10.2564</stack-size>
<stack-size id="161">10.755</stack-size>
<stack-size id="168">11.2536</stack-size>
<stack-size id="175">11.7521</stack-size>
<stack-size id="182">12.2507</stack-size>
<stack-size id="189">12.3219</stack-size>
<stack-size id="196">12.8205</stack-size>
<stack-size id="203">13.2479</stack-size>
<stack-size id="210">13.7464</stack-size>
<stack-size id="217">14.245</stack-size>
<stack-size id="224">14.7436</stack-size>
<stack-size id="231">15.2422</stack-size>
<stack-size id="238">15.6695</stack-size>
<stack-size id="245">16.0969</stack-size>
<stack-size id="252">16.5954</stack-size>
<stack-size id="259">17.094</stack-size>
<stack-size id="266">17.5926</stack-size>
<stack-size id="273">18.0912</stack-size>
<stack-size id="280">18.3048</stack-size>
<stack-size id="287">18.8034</stack-size>
<stack-size id="294">19.1595</stack-size>
<stack-size id="301">19.6581</stack-size>
<stack-size id="308">19.8006</stack-size>
<stack-size id="315">20.2991</stack-size>
<stack-size id="322">20.6553</stack-size>
<stack-size id="329">21.1538</stack-size>
<stack-size id="336">21.4387</stack-size>
<stack-size id="343">21.8661</stack-size>
<stack-size id="350">22.2222</stack-size>
<stack-size id="357">22.6496</stack-size>
<stack-size id="364">23.0057</stack-size>
<stack-size id="371">23.3618</stack-size>
<stack-size id="378">23.7179</stack-size>
<stack-size id="385">24.0741</stack-size>
<stack-size id="392">24.4302</stack-size>
<stack-size id="399">24.5726</stack-size>
<stack-size id="406">24.9288</stack-size>
<stack-size id="413">25.3561</stack-size>
<stack-size id="420">25.5698</stack-size>
<stack-size id="427">25.9972</stack-size>
<stack-size id="434">26.4245</stack-size>
<stack-size id="441">26.8519</stack-size>
<stack-size id="448">27.2792</stack-size>
<stack-size id="455">27.7066</stack-size>
<stack-size id="462">28.2051</stack-size>
<stack-size id="469">28.6325</stack-size>
<stack-size id="476">28.7749</stack-size>
<stack-size id="483">29.2735</stack-size>
<stack-size id="490">29.6296</stack-size>
<stack-size id="497">30.1282</stack-size>
<stack-size id="504">30.5556</stack-size>
<stack-size id="511">30.698</stack-size>
<stack-size id="518">31.1254</stack-size>
<stack-size id="525">31.4815</stack-size>
<stack-size id="532">31.8376</stack-size>
<stack-size id="539">32.265</stack-size>
<stack-size id="546">32.7635</stack-size>
<stack-size id="553">32.9772</stack-size>
<stack-size id="560">33.4758</stack-size>
<stack-size id="567">33.6895</stack-size>
<stack-size id="574">33.9031</stack-size>
<stack-size id="581">34.4017</stack-size>
<stack-size id="588">34.6154</stack-size>
<stack-size id="595">34.9003</stack-size>
<stack-size id="602">35.3276</stack-size>
<stack-size id="609">35.6838</stack-size>
<stack-size id="616">35.9687</stack-size>
<stack-size id="623">36.396</stack-size>
<stack-size id="630">36.7521</stack-size>
<stack-size id="637">37.1083</stack-size>
<stack-size id="644">37.4644</stack-size>
<stack-size id="651">37.6068</stack-size>
<stack-size id="658">38.0342</stack-size>
<stack-size id="665">38.3191</stack-size>
<stack-size id="672">38.6752</stack-size>
<stack-size id="679">38.9601</stack-size>
<stack-size id="686">39.245</stack-size>
<stack-size id="693">39.6011</stack-size>
<stack-size id="700">39.9573</stack-size>
<stack-size id="707">40.2422</stack-size>
<stack-size id="714">40.6695</stack-size>
<stack-size id="721">41.0256</stack-size>
<stack-size id="728">41.453</stack-size>
<stack-size id="735">41.8803</stack-size>
<stack-size id="742">42.094</stack-size>
<stack-size id="749">42.3789</stack-size>
<stack-size id="756">42.735</stack-size>
<stack-size id="763">43.0912</stack-size>
<stack-size id="770">43.3761</stack-size>
<stack-size id="777">43.5897</stack-size>
<stack-size id="784">44.0883</stack-size>
<stack-size id="791">44.4444</stack-size>
<stack-size id="798">43.5897</stack-size>
<stack-size id="805">43.3761</stack-size>
<stack-size id="812">42.9487</stack-size>
<stack-size id="819">43.3048</stack-size>
<stack-size id="826">43.7322</stack-size>
<stack-size id="833">42.735</stack-size>
<stack-size id="840">42.3789</stack-size>
<stack-size id="847">41.9516</stack-size>
<stack-size id="854">42.3077</stack-size>
<stack-size id="861">39.4587</stack-size>
<stack-size id="868">39.5299</stack-size>
<stack-size id="875">39.0313</stack-size>
<stack-size id="882">38.3191</stack-size>
<stack-size id="889">36.3248</stack-size>
<stack-size id="896">31.9801</stack-size>
<stack-size id="903">31.9801</stack-size>
<stack-size id="910">31.7664</stack-size>
<stack-size id="917">31.5527</stack-size>
<stack-size id="924">32.0513</stack-size>
<stack-size id="931">32.4786</stack-size>
<stack-size id="938">32.4786</stack-size>
<stack-size id="945">32.265</stack-size>
<stack-size id="952">32.1225</stack-size>
<stack-size id="959">32.4074</stack-size>
<stack-size id="966">32.4074</stack-size>
<stack-size id="973">32.1225</stack-size>
<stack-size id="980">31.9088</stack-size>
<stack-size id="987">31.7664</stack-size>
<stack-size id="994">31.9801</stack-size>
<stack-size id="1001">31.6952</stack-size>
<stack-size id="1008">31.4815</stack-size>
<stack-size id="1015">31.339</stack-size>
<stack-size id="1022">31.2678</stack-size>
<stack-size id="1029">31.339</stack-size>
<stack-size id="1036">31.0541</stack-size>
<stack-size id="1043">30.8405</stack-size>
<stack-size id="1050">29.7721</stack-size>
<stack-size id="1057">29.5584</stack-size>
<stack-size id="1064">29.1311</stack-size>
<stack-size id="1071">28.8462</stack-size>
<stack-size id="1078">28.7037</stack-size>
<stack-size id="1085">28.1339</stack-size>
<stack-size id="1092">27.9202</stack-size>
<stack-size id="1099">27.9915</stack-size>
<stack-size id="1106">27.9202</stack-size>
<stack-size id="1113">27.7778</stack-size>
<stack-size id="1120">27.6353</stack-size>
<stack-size id="1127">27.2792</stack-size>
<stack-size id="1134">27.2792</stack-size>
<stack-size id="1141">26.4245</stack-size>
<stack-size id="1148">26.3533</stack-size>
<stack-size id="1155">25.9259</stack-size>
<stack-size id="1162">25.7123</stack-size>
<stack-size id="1169">25.4274</stack-size>
<stack-size id="1176">25.4986</stack-size>
<stack-size id="1183">20.3704</stack-size>
<stack-size id="1190">18.1624</stack-size>
<stack-size id="1197">17.735</stack-size>
<stack-size id="1204">17.5926</stack-size>
<stack-size id="1211">17.3789</stack-size>
<stack-size id="1218">16.8803</stack-size>
<stack-size id="1225">16.8091</stack-size>
<stack-size id="1232">16.5242</stack-size>
<stack-size id="1239">16.8803</stack-size>
<stack-size id="1246">16.8091</stack-size>
<stack-size id="1253">16.6667</stack-size>
<stack-size id="1260">16.5954</stack-size>
<stack-size id="1267">16.8091</stack-size>
<stack-size id="1274">16.6667</stack-size>
<stack-size id="1281">16.7379</stack-size>
<stack-size id="1288">16.7379</stack-size>
<stack-size id="1295">16.6667</stack-size>
<stack-size id="1302">16.5242</stack-size>
<stack-size id="1309">16.6667</stack-size>
<stack-size id="1316">16.0969</stack-size>
<stack-size id="1323">15.812</stack-size>
<stack-size id="1330">14.6011</stack-size>
<stack-size id="1337">14.4587</stack-size>
<stack-size id="1344">13.7464</stack-size>
<stack-size id="1351">13.6752</stack-size>
<stack-size id="1358">13.2479</stack-size>
<stack-size id="1365">13.4615</stack-size>
<stack-size id="1372">13.0342</stack-size>
<stack-size id="1379">10.6125</stack-size>
<stack-size id="1386">9.61538</stack-size>
<stack-size id="1393">8.54701</stack-size>
<stack-size id="1400">6.62393</stack-size>
<max-stack>625</max-stack>
<front-edges>1403</front-edges>
<back-edges>232</back-edges>
<cross-edges>849</cross-edges>
<shortest-cycle>4</shortest-cycle>
</dfs-info>
<rw-info>
<coverage step="140">8.97436</coverage>
<coverage step="280">16.2393</coverage>
<coverage step="420">20.7977</coverage>
<coverage step="560">25.2849</coverage>
<coverage step="700">28.5613</coverage>
<coverage step="840">33.0484</coverage>
<coverage step="980">34.9715</coverage>
<coverage step="1120">38.3191</coverage>
<coverage step="1260">41.2393</coverage>
<coverage step="1400">42.6638</coverage>
<coverage step="1540">43.7322</coverage>
<coverage step="1680">44.8718</coverage>
<coverage step="1820">46.51</coverage>
<coverage step="1960">50</coverage>
<coverage step="2100">51.3533</coverage>
<coverage step="2240">52.6353</coverage>
<coverage step="2380">53.9174</coverage>
<coverage step="2520">54.9858</coverage>
<coverage step="2660">57.265</coverage>
<coverage step="2800">58.0484</coverage>
<coverage step="2940">59.7578</coverage>
<coverage step="3080">60.8974</coverage>
<coverage step="3220">62.3932</coverage>
<coverage step="3360">63.1766</coverage>
<coverage step="3500">64.5299</coverage>
<coverage step="3640">65.8832</coverage>
<coverage step="3780">66.3818</coverage>
<coverage step="3920">67.735</coverage>
<coverage step="4060">68.8034</coverage>
<coverage step="4200">69.5869</coverage>
<coverage step="4340">70.5128</coverage>
<coverage step="4480">71.4387</coverage>
<coverage step="4620">71.7949</coverage>
<coverage step="4760">72.8632</coverage>
<coverage step="4900">74.0028</coverage>
<coverage step="5040">75.4986</coverage>
<coverage step="5180">76.0684</coverage>
<coverage step="5320">76.4957</coverage>
<coverage step="5460">77.4929</coverage>
<coverage step="5600">77.9915</coverage>
<coverage step="5740">78.1339</coverage>
<coverage step="5880">78.7037</coverage>
<coverage step="6020">80.1282</coverage>
<coverage step="6160">80.5556</coverage>
<coverage step="6300">80.7692</coverage>
<coverage step="6440">81.4103</coverage>
<coverage step="6580">81.7664</coverage>
<coverage step="6720">82.0513</coverage>
<coverage step="6860">82.3362</coverage>
<coverage step="7000">82.7635</coverage>
<coverage step="7140">83.1909</coverage>
<coverage step="7280">83.547</coverage>
<coverage step="7420">83.9744</coverage>
<coverage step="7560">84.4729</coverage>
<coverage step="7700">84.6154</coverage>
<coverage step="7840">84.9715</coverage>
<coverage step="7980">85.3276</coverage>
<coverage step="8120">86.0399</coverage>
<coverage step="8260">86.3248</coverage>
<coverage step="8400">86.4672</coverage>
<coverage step="8540">86.6809</coverage>
<coverage step="8680">86.6809</coverage>
<coverage step="8820">86.8234</coverage>
<coverage step="8960">87.1083</coverage>
<coverage step="9100">87.5356</coverage>
<coverage step="9240">87.6781</coverage>
<coverage step="9380">88.0342</coverage>
<coverage step="9520">88.0342</coverage>
<coverage step="9660">88.604</coverage>
<coverage step="9800">88.9601</coverage>
<coverage step="9940">89.3875</coverage>
<coverage step="10080">89.5299</coverage>
<coverage step="10220">89.6724</coverage>
<coverage step="10360">89.7436</coverage>
<coverage step="10500">90.2422</coverage>
<coverage step="10640">90.6695</coverage>
<coverage step="10780">91.0256</coverage>
<coverage step="10920">91.1681</coverage>
<coverage step="11060">91.3818</coverage>
<coverage step="11200">91.5242</coverage>
<coverage step="11340">91.6667</coverage>
<coverage step="11480">91.7379</coverage>
<coverage step="11620">91.8091</coverage>
<coverage step="11760">92.0228</coverage>
<coverage step="11900">92.2365</coverage>
<coverage step="12040">92.3789</coverage>
<coverage step="12180">92.3789</coverage>
<coverage step="12320">92.6638</coverage>
<coverage step="12460">92.735</coverage>
<coverage step="12600">92.8775</coverage>
<coverage step="12740">92.9487</coverage>
<coverage step="12880">93.0199</coverage>
<coverage step="13020">93.3048</coverage>
<coverage step="13160">93.3761</coverage>
<coverage step="13300">93.3761</coverage>
<coverage step="13440">93.4473</coverage>
<coverage step="13580">93.5185</coverage>
<coverage step="13720">93.7322</coverage>
<coverage step="13860">93.9459</coverage>
<coverage step="14000">94.1595</coverage>
<rw-visits order="1">152</rw-visits>
<rw-visits order="7">101</rw-visits>
<rw-visits order="13">96</rw-visits>
<rw-visits order="19">89</rw-visits>
<rw-visits order="25">71</rw-visits>
<rw-visits order="31">68</rw-visits>
<rw-visits order="37">53</rw-visits>
<rw-visits order="43">52</rw-visits>
<rw-visits order="49">49</rw-visits>
<rw-visits order="55">46</rw-visits>
<rw-visits order="61">43</rw-visits>
<rw-visits order="67">40</rw-visits>
<rw-visits order="73">38</rw-visits>
<rw-visits order="79">35</rw-visits>
<rw-visits order="85">33</rw-visits>
<rw-visits order="91">29</rw-visits>
<rw-visits order="97">28</rw-visits>
<rw-visits order="103">27</rw-visits>
<rw-visits order="109">26</rw-visits>
<rw-visits order="115">26</rw-visits>
<rw-visits order="121">24</rw-visits>
<rw-visits order="127">23</rw-visits>
<rw-visits order="133">22</rw-visits>
<rw-visits order="139">22</rw-visits>
<rw-visits order="145">21</rw-visits>
<rw-visits order="151">21</rw-visits>
<rw-visits order="157">20</rw-visits>
<rw-visits order="163">20</rw-visits>
<rw-visits order="169">19</rw-visits>
<rw-visits order="175">19</rw-visits>
<rw-visits order="181">18</rw-visits>
<rw-visits order="187">18</rw-visits>
<rw-visits order="193">17</rw-visits>
<rw-visits order="199">17</rw-visits>
<rw-visits order="205">17</rw-visits>
<rw-visits order="211">17</rw-visits>
<rw-visits order="217">16</rw-visits>
<rw-visits order="223">16</rw-visits>
<rw-visits order="229">16</rw-visits>
<rw-visits order="235">15</rw-visits>
<rw-visits order="241">14</rw-visits>
<rw-visits order="247">14</rw-visits>
<rw-visits order="253">14</rw-visits>
<rw-visits order="259">14</rw-visits>
<rw-visits order="265">14</rw-visits>
<rw-visits order="271">13</rw-visits>
<rw-visits order="277">13</rw-visits>
<rw-visits order="283">13</rw-visits>
<rw-visits order="289">13</rw-visits>
<rw-visits order="295">12</rw-visits>
<rw-visits order="301">12</rw-visits>
<rw-visits order="307">12</rw-visits>
<rw-visits order="313">12</rw-visits>
<rw-visits order="319">11</rw-visits>
<rw-visits order="325">11</rw-visits>
<rw-visits order="331">11</rw-visits>
<rw-visits order="337">11</rw-visits>
<rw-visits order="343">10</rw-visits>
<rw-visits order="349">10</rw-visits>
<rw-visits order="355">10</rw-visits>
<rw-visits order="361">10</rw-visits>
<rw-visits order="367">10</rw-visits>
<rw-visits order="373">10</rw-visits>
<rw-visits order="379">9</rw-visits>
<rw-visits order="385">9</rw-visits>
<rw-visits order="391">9</rw-visits>
<rw-visits order="397">9</rw-visits>
<rw-visits order="403">9</rw-visits>
<rw-visits order="409">9</rw-visits>
<rw-visits order="415">9</rw-visits>
<rw-visits order="421">8</rw-visits>
<rw-visits order="427">8</rw-visits>
<rw-visits order="433">8</rw-visits>
<rw-visits order="439">8</rw-visits>
<rw-visits order="445">8</rw-visits>
<rw-visits order="451">8</rw-visits>
<rw-visits order="457">8</rw-visits>
<rw-visits order="463">8</rw-visits>
<rw-visits order="469">8</rw-visits>
<rw-visits order="475">8</rw-visits>
<rw-visits order="481">8</rw-visits>
<rw-visits order="487">7</rw-visits>
<rw-visits order="493">7</rw-visits>
<rw-visits order="499">7</rw-visits>
<rw-visits order="505">7</rw-visits>
<rw-visits order="511">7</rw-visits>
<rw-visits order="517">7</rw-visits>
<rw-visits order="523">7</rw-visits>
<rw-visits order="529">7</rw-visits>
<rw-visits order="535">7</rw-visits>
<rw-visits order="541">7</rw-visits>
<rw-visits order="547">7</rw-visits>
<rw-visits order="553">7</rw-visits>
<rw-visits order="559">6</rw-visits>
<rw-visits order="565">6</rw-visits>
<rw-visits order="571">6</rw-visits>
<rw-visits order="577">6</rw-visits>
<rw-visits order="583">6</rw-visits>
<rw-visits order="589">6</rw-visits>
<rw-visits order="595">6</rw-visits>
<rw-visits order="601">6</rw-visits>
<rw-visits order="607">6</rw-visits>
<rw-visits order="613">6</rw-visits>
<rw-visits order="619">6</rw-visits>
<rw-visits order="625">6</rw-visits>
<rw-visits order="631">6</rw-visits>
<rw-visits order="637">6</rw-visits>
<rw-visits order="643">6</rw-visits>
<rw-visits order="649">5</rw-visits>
<rw-visits order="655">5</rw-visits>
<rw-visits order="661">5</rw-visits>
<rw-visits order="667">5</rw-visits>
<rw-visits order="673">5</rw-visits>
<rw-visits order="679">5</rw-visits>
<rw-visits order="685">5</rw-visits>
<rw-visits order="691">5</rw-visits>
<rw-visits order="697">5</rw-visits>
<rw-visits order="703">5</rw-visits>
<rw-visits order="709">5</rw-visits>
<rw-visits order="715">5</rw-visits>
<rw-visits order="721">5</rw-visits>
<rw-visits order="727">5</rw-visits>
<rw-visits order="733">5</rw-visits>
<rw-visits order="739">5</rw-visits>
<rw-visits order="745">5</rw-visits>
<rw-visits order="751">4</rw-visits>
<rw-visits order="757">4</rw-visits>
<rw-visits order="763">4</rw-visits>
<rw-visits order="769">4</rw-visits>
<rw-visits order="775">4</rw-visits>
<rw-visits order="781">4</rw-visits>
<rw-visits order="787">4</rw-visits>
<rw-visits order="793">4</rw-visits>
<rw-visits order="799">4</rw-visits>
<rw-visits order="805">4</rw-visits>
<rw-visits order="811">4</rw-visits>
<rw-visits order="817">4</rw-visits>
<rw-visits order="823">4</rw-visits>
<rw-visits order="829">4</rw-visits>
<rw-visits order="835">4</rw-visits>
<rw-visits order="841">4</rw-visits>
<rw-visits order="847">4</rw-visits>
<rw-visits order="853">4</rw-visits>
<rw-visits order="859">4</rw-visits>
<rw-visits order="865">4</rw-visits>
<rw-visits order="871">4</rw-visits>
<rw-visits order="877">4</rw-visits>
<rw-visits order="883">3</rw-visits>
<rw-visits order="889">3</rw-visits>
<rw-visits order="895">3</rw-visits>
<rw-visits order="901">3</rw-visits>
<rw-visits order="907">3</rw-visits>
<rw-visits order="913">3</rw-visits>
<rw-visits order="919">3</rw-visits>
<rw-visits order="925">3</rw-visits>
<rw-visits order="931">3</rw-visits>
<rw-visits order="937">3</rw-visits>
<rw-visits order="943">3</rw-visits>
<rw-visits order="949">3</rw-visits>
<rw-visits order="955">3</rw-visits>
<rw-visits order="961">3</rw-visits>
<rw-visits order="967">3</rw-visits>
<rw-visits order="973">3</rw-visits>
<rw-visits order="979">3</rw-visits>
<rw-visits order="985">3</rw-visits>
<rw-visits order="991">3</rw-visits>
<rw-visits order="997">3</rw-visits>
<rw-visits order="1003">3</rw-visits>
<rw-visits order="1009">3</rw-visits>
<rw-visits order="1015">3</rw-visits>
<rw-visits order="1021">3</rw-visits>
<rw-visits order="1027">3</rw-visits>
<rw-visits order="1033">2</rw-visits>
<rw-visits order="1039">2</rw-visits>
<rw-visits order="1045">2</rw-visits>
<rw-visits order="1051">2</rw-visits>
<rw-visits order="1057">2</rw-visits>
<rw-visits order="1063">2</rw-visits>
<rw-visits order="1069">2</rw-visits>
<rw-visits order="1075">2</rw-visits>
<rw-visits order="1081">2</rw-visits>
<rw-visits order="1087">2</rw-visits>
<rw-visits order="1093">2</rw-visits>
<rw-visits order="1099">2</rw-visits>
<rw-visits order="1105">2</rw-visits>
<rw-visits order="1111">2</rw-visits>
<rw-visits order="1117">2</rw-visits>
<rw-visits order="1123">2</rw-visits>
<rw-visits order="1129">2</rw-visits>
<rw-visits order="1135">2</rw-visits>
<rw-visits order="1141">2</rw-visits>
<rw-visits order="1147">2</rw-visits>
<rw-visits order="1153">2</rw-visits>
<rw-visits order="1159">2</rw-visits>
<rw-visits order="1165">2</rw-visits>
<rw-visits order="1171">2</rw-visits>
<rw-visits order="1177">2</rw-visits>
<rw-visits order="1183">1</rw-visits>
<rw-visits order="1189">1</rw-visits>
<rw-visits order="1195">1</rw-visits>
<rw-visits order="1201">1</rw-visits>
<rw-visits order="1207">1</rw-visits>
<rw-visits order="1213">1</rw-visits>
<rw-visits order="1219">1</rw-visits>
<rw-visits order="1225">1</rw-visits>
<rw-visits order="1231">1</rw-visits>
<rw-visits order="1237">1</rw-visits>
<rw-visits order="1243">1</rw-visits>
<rw-visits order="1249">1</rw-visits>
<rw-visits order="1255">1</rw-visits>
<rw-visits order="1261">1</rw-visits>
<rw-visits order="1267">1</rw-visits>
<rw-visits order="1273">1</rw-visits>
<rw-visits order="1279">1</rw-visits>
<rw-visits order="1285">1</rw-visits>
<rw-visits order="1291">1</rw-visits>
<rw-visits order="1297">1</rw-visits>
<rw-visits order="1303">1</rw-visits>
<rw-visits order="1309">1</rw-visits>
<rw-visits order="1315">1</rw-visits>
<rw-visits order="1321">1</rw-visits>
<final-coverage>94.2308</final-coverage>
</rw-info>
<local-info>
<diamonds>0</diamonds>
<neighborhood k="4">20</neighborhood>
<clustering k="4">1.00083</clustering>
</local-info>
<label-info>
<edge-label id="0.0+1.0">90</edge-label>
<edge-label id="0.0+1.1">47</edge-label>
<edge-label id="0.0+1.10">47</edge-label>
<edge-label id="0.0+1.11">43</edge-label>
<edge-label id="0.0+1.2">43</edge-label>
<edge-label id="0.0+1.3">9</edge-label>
<edge-label id="0.0+1.4">27</edge-label>
<edge-label id="0.0+1.5">54</edge-label>
<edge-label id="0.0+1.6">27</edge-label>
<edge-label id="0.0+1.7">54</edge-label>
<edge-label id="0.0+1.8">90</edge-label>
<edge-label id="0.0+1.9">90</edge-label>
<edge-label id="0.1+2.0">90</edge-label>
<edge-label id="0.1+2.1">47</edge-label>
<edge-label id="0.1+2.10">47</edge-label>
<edge-label id="0.1+2.11">43</edge-label>
<edge-label id="0.1+2.2">43</edge-label>
<edge-label id="0.1+2.3">9</edge-label>
<edge-label id="0.1+2.4">27</edge-label>
<edge-label id="0.1+2.5">54</edge-label>
<edge-label id="0.1+2.6">27</edge-label>
<edge-label id="0.1+2.7">54</edge-label>
<edge-label id="0.1+2.8">90</edge-label>
<edge-label id="0.1+2.9">90</edge-label>
<edge-label id="0.2+3.0">90</edge-label>
<edge-label id="0.2+3.1">47</edge-label>
<edge-label id="0.2+3.10">47</edge-label>
<edge-label id="0.2+3.11">43</edge-label>
<edge-label id="0.2+3.2">43</edge-label>
<edge-label id="0.2+3.3">9</edge-label>
<edge-label id="0.2+3.4">27</edge-label>
<edge-label id="0.2+3.5">54</edge-label>
<edge-label id="0.2+3.6">27</edge-label>
<edge-label id="0.2+3.7">54</edge-label>
<edge-label id="0.2+3.8">90</edge-label>
<edge-label id="0.2+3.9">90</edge-label>
<edge-label id="0.3+4.0">90</edge-label>
<edge-label id="0.3+4.1">47</edge-label>
<edge-label id="0.3+4.10">47</edge-label>
<edge-label id="0.3+4.11">43</edge-label>
<edge-label id="0.3+4.2">43</edge-label>
<edge-label id="0.3+4.3">9</edge-label>
<edge-label id="0.3+4.4">27</edge-label>
<edge-label id="0.3+4.5">54</edge-label>
<edge-label id="0.3+4.6">27</edge-label>
<edge-label id="0.3+4.7">54</edge-label>
<edge-label id="0.3+4.8">90</edge-label>
<edge-label id="0.3+4.9">90</edge-label>
<state-labels procid="0">
<label id="[]">1404</label>
</state-labels><state-labels procid="1">
<label id="[0,0]">351</label>
<label id="[0,1]">351</label>
<label id="[0,2]">351</label>
<label id="[0,3]">351</label>
</state-labels><state-labels procid="2">
<label id="[0]">360</label>
<label id="[1]">165</label>
<label id="[2]">195</label>
<label id="[3]">162</label>
<label id="[4]">162</label>
<label id="[5]">360</label>
</state-labels><state-labels procid="3">
<label id="[0]">195</label>
<label id="[1]">360</label>
<label id="[2]">165</label>
<label id="[3]">162</label>
<label id="[4]">162</label>
<label id="[5]">360</label>
</state-labels><state-labels procid="4">
<label id="[0]">195</label>
<label id="[1]">360</label>
<label id="[2]">165</label>
<label id="[3]">162</label>
<label id="[4]">162</label>
<label id="[5]">360</label>
</state-labels><state-labels procid="5">
<label id="[0]">195</label>
<label id="[1]">360</label>
<label id="[2]">165</label>
<label id="[3]">162</label>
<label id="[4]">162</label>
<label id="[5]">360</label>
</state-labels></label-info>
</state-space-info>
