<?xml version="1.0"?>
<!DOCTYPE state-space-info SYSTEM "../../state_space_info.dtd">


<state-space-info>
<states>28720</states>
<edges>98528</edges>
<bfs-info>
 <levels>206</levels>
<max-level>536</max-level>

<back-level-edges>0</back-level-edges>
<max-back-level-edge>0</max-back-level-edge>
<avg-back-level-edge>nan</avg-back-level-edge>
<bfs-levels>
<level id="0"><states>1</states><edges>5</edges></level>
<level id="1"><states>5</states><edges>20</edges></level>
<level id="2"><states>10</states><edges>35</edges></level>
<level id="3"><states>15</states><edges>55</edges></level>
<level id="4"><states>25</states><edges>95</edges></level>
<level id="5"><states>41</states><edges>160</edges></level>
<level id="6"><states>65</states><edges>255</edges></level>
<level id="7"><states>95</states><edges>375</edges></level>
<level id="8"><states>130</states><edges>530</edges></level>
<level id="9"><states>175</states><edges>725</edges></level>
<level id="10"><states>226</states><edges>950</edges></level>
<level id="11"><states>280</states><edges>1190</edges></level>
<level id="12"><states>335</states><edges>1425</edges></level>
<level id="13"><states>385</states><edges>1625</edges></level>
<level id="14"><states>425</states><edges>1760</edges></level>
<level id="15"><states>451</states><edges>1815</edges></level>
<level id="16"><states>460</states><edges>1800</edges></level>
<level id="17"><states>460</states><edges>1755</edges></level>
<level id="18"><states>460</states><edges>1720</edges></level>
<level id="19"><states>465</states><edges>1715</edges></level>
<level id="20"><states>476</states><edges>1740</edges></level>
<level id="21"><states>490</states><edges>1775</edges></level>
<level id="22"><states>500</states><edges>1800</edges></level>
<level id="23"><states>505</states><edges>1810</edges></level>
<level id="24"><states>505</states><edges>1809</edges></level>
<level id="25"><states>505</states><edges>1812</edges></level>
<level id="26"><states>508</states><edges>1818</edges></level>
<level id="27"><states>511</states><edges>1821</edges></level>
<level id="28"><states>513</states><edges>1817</edges></level>
<level id="29"><states>510</states><edges>1811</edges></level>
<level id="30"><states>507</states><edges>1819</edges></level>
<level id="31"><states>507</states><edges>1857</edges></level>
<level id="32"><states>513</states><edges>1925</edges></level>
<level id="33"><states>524</states><edges>2003</edges></level>
<level id="34"><states>535</states><edges>2049</edges></level>
<level id="35"><states>536</states><edges>2029</edges></level>
<level id="36"><states>523</states><edges>1939</edges></level>
<level id="37"><states>498</states><edges>1806</edges></level>
<level id="38"><states>470</states><edges>1674</edges></level>
<level id="39"><states>446</states><edges>1568</edges></level>
<level id="40"><states>428</states><edges>1492</edges></level>
<level id="41"><states>414</states><edges>1432</edges></level>
<level id="42"><states>400</states><edges>1374</edges></level>
<level id="43"><states>385</states><edges>1313</edges></level>
<level id="44"><states>369</states><edges>1249</edges></level>
<level id="45"><states>353</states><edges>1184</edges></level>
<level id="46"><states>336</states><edges>1120</edges></level>
<level id="47"><states>320</states><edges>1059</edges></level>
<level id="48"><states>305</states><edges>1001</edges></level>
<level id="49"><states>291</states><edges>946</edges></level>
<level id="50"><states>278</states><edges>890</edges></level>
<level id="51"><states>264</states><edges>834</edges></level>
<level id="52"><states>250</states><edges>782</edges></level>
<level id="53"><states>237</states><edges>739</edges></level>
<level id="54"><states>227</states><edges>709</edges></level>
<level id="55"><states>220</states><edges>689</edges></level>
<level id="56"><states>215</states><edges>675</edges></level>
<level id="57"><states>211</states><edges>663</edges></level>
<level id="58"><states>207</states><edges>651</edges></level>
<level id="59"><states>203</states><edges>639</edges></level>
<level id="60"><states>199</states><edges>627</edges></level>
<level id="61"><states>195</states><edges>616</edges></level>
<level id="62"><states>192</states><edges>608</edges></level>
<level id="63"><states>190</states><edges>603</edges></level>
<level id="64"><states>189</states><edges>601</edges></level>
<level id="65"><states>189</states><edges>600</edges></level>
<level id="66"><states>188</states><edges>598</edges></level>
<level id="67"><states>187</states><edges>596</edges></level>
<level id="68"><states>186</states><edges>594</edges></level>
<level id="69"><states>185</states><edges>593</edges></level>
<level id="70"><states>185</states><edges>593</edges></level>
<level id="71"><states>185</states><edges>593</edges></level>
<level id="72"><states>185</states><edges>593</edges></level>
<level id="73"><states>185</states><edges>592</edges></level>
<level id="74"><states>184</states><edges>590</edges></level>
<level id="75"><states>183</states><edges>588</edges></level>
<level id="76"><states>182</states><edges>586</edges></level>
<level id="77"><states>181</states><edges>585</edges></level>
<level id="78"><states>181</states><edges>583</edges></level>
<level id="79"><states>180</states><edges>578</edges></level>
<level id="80"><states>178</states><edges>570</edges></level>
<level id="81"><states>175</states><edges>559</edges></level>
<level id="82"><states>171</states><edges>547</edges></level>
<level id="83"><states>167</states><edges>535</edges></level>
<level id="84"><states>163</states><edges>523</edges></level>
<level id="85"><states>159</states><edges>511</edges></level>
<level id="86"><states>155</states><edges>499</edges></level>
<level id="87"><states>151</states><edges>484</edges></level>
<level id="88"><states>146</states><edges>462</edges></level>
<level id="89"><states>139</states><edges>429</edges></level>
<level id="90"><states>129</states><edges>385</edges></level>
<level id="91"><states>117</states><edges>337</edges></level>
<level id="92"><states>105</states><edges>293</edges></level>
<level id="93"><states>95</states><edges>260</edges></level>
<level id="94"><states>88</states><edges>238</edges></level>
<level id="95"><states>83</states><edges>223</edges></level>
<level id="96"><states>79</states><edges>211</edges></level>
<level id="97"><states>75</states><edges>199</edges></level>
<level id="98"><states>71</states><edges>187</edges></level>
<level id="99"><states>67</states><edges>175</edges></level>
<level id="100"><states>63</states><edges>163</edges></level>
<level id="101"><states>59</states><edges>152</edges></level>
<level id="102"><states>56</states><edges>144</edges></level>
<level id="103"><states>54</states><edges>139</edges></level>
<level id="104"><states>53</states><edges>137</edges></level>
<level id="105"><states>53</states><edges>136</edges></level>
<level id="106"><states>52</states><edges>134</edges></level>
<level id="107"><states>51</states><edges>132</edges></level>
<level id="108"><states>50</states><edges>130</edges></level>
<level id="109"><states>49</states><edges>129</edges></level>
<level id="110"><states>49</states><edges>129</edges></level>
<level id="111"><states>49</states><edges>129</edges></level>
<level id="112"><states>49</states><edges>129</edges></level>
<level id="113"><states>49</states><edges>129</edges></level>
<level id="114"><states>49</states><edges>129</edges></level>
<level id="115"><states>49</states><edges>129</edges></level>
<level id="116"><states>49</states><edges>129</edges></level>
<level id="117"><states>49</states><edges>129</edges></level>
<level id="118"><states>49</states><edges>129</edges></level>
<level id="119"><states>49</states><edges>129</edges></level>
<level id="120"><states>49</states><edges>129</edges></level>
<level id="121"><states>49</states><edges>128</edges></level>
<level id="122"><states>48</states><edges>126</edges></level>
<level id="123"><states>47</states><edges>124</edges></level>
<level id="124"><states>46</states><edges>122</edges></level>
<level id="125"><states>45</states><edges>121</edges></level>
<level id="126"><states>45</states><edges>119</edges></level>
<level id="127"><states>44</states><edges>114</edges></level>
<level id="128"><states>42</states><edges>106</edges></level>
<level id="129"><states>39</states><edges>95</edges></level>
<level id="130"><states>35</states><edges>85</edges></level>
<level id="131"><states>32</states><edges>78</edges></level>
<level id="132"><states>30</states><edges>74</edges></level>
<level id="133"><states>29</states><edges>72</edges></level>
<level id="134"><states>28</states><edges>68</edges></level>
<level id="135"><states>26</states><edges>61</edges></level>
<level id="136"><states>23</states><edges>51</edges></level>
<level id="137"><states>19</states><edges>40</edges></level>
<level id="138"><states>16</states><edges>32</edges></level>
<level id="139"><states>14</states><edges>27</edges></level>
<level id="140"><states>13</states><edges>25</edges></level>
<level id="141"><states>13</states><edges>24</edges></level>
<level id="142"><states>12</states><edges>22</edges></level>
<level id="143"><states>11</states><edges>20</edges></level>
<level id="144"><states>10</states><edges>18</edges></level>
<level id="145"><states>9</states><edges>17</edges></level>
<level id="146"><states>9</states><edges>17</edges></level>
<level id="147"><states>9</states><edges>17</edges></level>
<level id="148"><states>9</states><edges>17</edges></level>
<level id="149"><states>9</states><edges>17</edges></level>
<level id="150"><states>9</states><edges>17</edges></level>
<level id="151"><states>9</states><edges>17</edges></level>
<level id="152"><states>9</states><edges>17</edges></level>
<level id="153"><states>9</states><edges>16</edges></level>
<level id="154"><states>8</states><edges>14</edges></level>
<level id="155"><states>7</states><edges>12</edges></level>
<level id="156"><states>6</states><edges>10</edges></level>
<level id="157"><states>5</states><edges>9</edges></level>
<level id="158"><states>5</states><edges>9</edges></level>
<level id="159"><states>5</states><edges>9</edges></level>
<level id="160"><states>5</states><edges>9</edges></level>
<level id="161"><states>5</states><edges>8</edges></level>
<level id="162"><states>4</states><edges>6</edges></level>
<level id="163"><states>3</states><edges>4</edges></level>
<level id="164"><states>2</states><edges>2</edges></level>
<level id="165"><states>1</states><edges>1</edges></level>
<level id="166"><states>1</states><edges>1</edges></level>
<level id="167"><states>1</states><edges>1</edges></level>
<level id="168"><states>1</states><edges>1</edges></level>
<level id="169"><states>1</states><edges>1</edges></level>
<level id="170"><states>1</states><edges>1</edges></level>
<level id="171"><states>1</states><edges>1</edges></level>
<level id="172"><states>1</states><edges>1</edges></level>
<level id="173"><states>1</states><edges>1</edges></level>
<level id="174"><states>1</states><edges>1</edges></level>
<level id="175"><states>1</states><edges>1</edges></level>
<level id="176"><states>1</states><edges>1</edges></level>
<level id="177"><states>1</states><edges>1</edges></level>
<level id="178"><states>1</states><edges>1</edges></level>
<level id="179"><states>1</states><edges>1</edges></level>
<level id="180"><states>1</states><edges>1</edges></level>
<level id="181"><states>1</states><edges>1</edges></level>
<level id="182"><states>1</states><edges>1</edges></level>
<level id="183"><states>1</states><edges>1</edges></level>
<level id="184"><states>1</states><edges>1</edges></level>
<level id="185"><states>1</states><edges>1</edges></level>
<level id="186"><states>1</states><edges>1</edges></level>
<level id="187"><states>1</states><edges>1</edges></level>
<level id="188"><states>1</states><edges>1</edges></level>
<level id="189"><states>1</states><edges>1</edges></level>
<level id="190"><states>1</states><edges>1</edges></level>
<level id="191"><states>1</states><edges>1</edges></level>
<level id="192"><states>1</states><edges>1</edges></level>
<level id="193"><states>1</states><edges>1</edges></level>
<level id="194"><states>1</states><edges>1</edges></level>
<level id="195"><states>1</states><edges>1</edges></level>
<level id="196"><states>1</states><edges>1</edges></level>
<level id="197"><states>1</states><edges>1</edges></level>
<level id="198"><states>1</states><edges>1</edges></level>
<level id="199"><states>1</states><edges>1</edges></level>
<level id="200"><states>1</states><edges>1</edges></level>
<level id="201"><states>1</states><edges>1</edges></level>
<level id="202"><states>1</states><edges>1</edges></level>
<level id="203"><states>1</states><edges>1</edges></level>
<level id="204"><states>1</states><edges>1</edges></level>
<level id="205"><states>1</states><edges>0</edges></level>
</bfs-levels>
<back-level-length id="0">nan</back-level-length>
</bfs-info>
<degrees>
<avg>3.43064</avg>
<max-in>5</max-in>
<max-out>5</max-out>
<degree id="0"><in>1</in><out>1</out></degree>
<degree id="1"><in>205</in><out>205</out></degree>
<degree id="2"><in>3006</in><out>3006</out></degree>
<degree id="3"><in>11770</in><out>11770</out></degree>
<degree id="4"><in>11689</in><out>11689</out></degree>
<degree id="5"><in>2049</in><out>2049</out></degree>
</degrees>
<scc-info>
<count>28720</count>
<height>205</height>
<nontrivial-height>0</nontrivial-height>
<trivial>28720</trivial>
<terminal>1</terminal>
<largest>1</largest>
<largest-position> the only terminal</largest-position>
</scc-info>
<dfs-info>
<stack-size id="143">0.497911</stack-size>
<stack-size id="286">0.51532</stack-size>
<stack-size id="429">0.470056</stack-size>
<stack-size id="572">0.445682</stack-size>
<stack-size id="715">0.438719</stack-size>
<stack-size id="858">0.445682</stack-size>
<stack-size id="1001">0.435237</stack-size>
<stack-size id="1144">0.4039</stack-size>
<stack-size id="1287">0.369081</stack-size>
<stack-size id="1430">0.383008</stack-size>
<stack-size id="1573">0.414345</stack-size>
<stack-size id="1716">0.383008</stack-size>
<stack-size id="1859">0.396936</stack-size>
<stack-size id="2002">0.365599</stack-size>
<stack-size id="2145">0.362117</stack-size>
<stack-size id="2288">0.320334</stack-size>
<stack-size id="2431">0.285515</stack-size>
<stack-size id="2574">0.320334</stack-size>
<stack-size id="2717">0.309889</stack-size>
<stack-size id="2860">0.31337</stack-size>
<stack-size id="3003">0.278552</stack-size>
<stack-size id="3146">0.278552</stack-size>
<stack-size id="3289">0.31337</stack-size>
<stack-size id="3432">0.271588</stack-size>
<stack-size id="3575">0.31337</stack-size>
<stack-size id="3718">0.309889</stack-size>
<stack-size id="3861">0.226323</stack-size>
<stack-size id="4004">0.323816</stack-size>
<stack-size id="4147">0.285515</stack-size>
<stack-size id="4290">0.320334</stack-size>
<stack-size id="4433">0.264624</stack-size>
<stack-size id="4576">0.278552</stack-size>
<stack-size id="4719">0.282033</stack-size>
<stack-size id="4862">0.215877</stack-size>
<stack-size id="5005">0.271588</stack-size>
<stack-size id="5148">0.20195</stack-size>
<stack-size id="5291">0.222841</stack-size>
<stack-size id="5434">0.215877</stack-size>
<stack-size id="5577">0.261142</stack-size>
<stack-size id="5720">0.250696</stack-size>
<stack-size id="5863">0.240251</stack-size>
<stack-size id="6006">0.222841</stack-size>
<stack-size id="6149">0.27507</stack-size>
<stack-size id="6292">0.264624</stack-size>
<stack-size id="6435">0.254178</stack-size>
<stack-size id="6578">0.236769</stack-size>
<stack-size id="6721">0.285515</stack-size>
<stack-size id="6864">0.27507</stack-size>
<stack-size id="7007">0.264624</stack-size>
<stack-size id="7150">0.250696</stack-size>
<stack-size id="7293">0.295961</stack-size>
<stack-size id="7436">0.240251</stack-size>
<stack-size id="7579">0.229805</stack-size>
<stack-size id="7722">0.233287</stack-size>
<stack-size id="7865">0.181058</stack-size>
<stack-size id="8008">0.188022</stack-size>
<stack-size id="8151">0.191504</stack-size>
<stack-size id="8294">0.222841</stack-size>
<stack-size id="8437">0.208914</stack-size>
<stack-size id="8580">0.149721</stack-size>
<stack-size id="8723">0.167131</stack-size>
<stack-size id="8866">0.125348</stack-size>
<stack-size id="9009">0.191504</stack-size>
<stack-size id="9152">0.174095</stack-size>
<stack-size id="9295">0.174095</stack-size>
<stack-size id="9438">0.215877</stack-size>
<stack-size id="9581">0.18454</stack-size>
<stack-size id="9724">0.142758</stack-size>
<stack-size id="9867">0.132312</stack-size>
<stack-size id="10010">0.20195</stack-size>
<stack-size id="10153">0.177577</stack-size>
<stack-size id="10296">0.177577</stack-size>
<stack-size id="10439">0.160167</stack-size>
<stack-size id="10582">0.170613</stack-size>
<stack-size id="10725">0.14624</stack-size>
<stack-size id="10868">0.226323</stack-size>
<stack-size id="11011">0.212396</stack-size>
<stack-size id="11154">0.198468</stack-size>
<stack-size id="11297">0.181058</stack-size>
<stack-size id="11440">0.160167</stack-size>
<stack-size id="11583">0.14624</stack-size>
<stack-size id="11726">0.149721</stack-size>
<stack-size id="11869">0.240251</stack-size>
<stack-size id="12012">0.222841</stack-size>
<stack-size id="12155">0.156685</stack-size>
<stack-size id="12298">0.135794</stack-size>
<stack-size id="12441">0.194986</stack-size>
<stack-size id="12584">0.149721</stack-size>
<stack-size id="12727">0.097493</stack-size>
<stack-size id="12870">0.125348</stack-size>
<stack-size id="13013">0.111421</stack-size>
<stack-size id="13156">0.153203</stack-size>
<stack-size id="13299">0.135794</stack-size>
<stack-size id="13442">0.100975</stack-size>
<stack-size id="13585">0.12883</stack-size>
<stack-size id="13728">0.114903</stack-size>
<stack-size id="13871">0.156685</stack-size>
<stack-size id="14014">0.139276</stack-size>
<stack-size id="14157">0.104457</stack-size>
<stack-size id="14300">0.125348</stack-size>
<stack-size id="14443">0.0905292</stack-size>
<stack-size id="14586">0.100975</stack-size>
<stack-size id="14729">0.167131</stack-size>
<stack-size id="14872">0.142758</stack-size>
<stack-size id="15015">0.097493</stack-size>
<stack-size id="15158">0.114903</stack-size>
<stack-size id="15301">0.14624</stack-size>
<stack-size id="15444">0.100975</stack-size>
<stack-size id="15587">0.111421</stack-size>
<stack-size id="15730">0.132312</stack-size>
<stack-size id="15873">0.118384</stack-size>
<stack-size id="16016">0.0800836</stack-size>
<stack-size id="16159">0.194986</stack-size>
<stack-size id="16302">0.170613</stack-size>
<stack-size id="16445">0.142758</stack-size>
<stack-size id="16588">0.12883</stack-size>
<stack-size id="16731">0.121866</stack-size>
<stack-size id="16874">0.125348</stack-size>
<stack-size id="17017">0.149721</stack-size>
<stack-size id="17160">0.104457</stack-size>
<stack-size id="17303">0.0905292</stack-size>
<stack-size id="17446">0.097493</stack-size>
<stack-size id="17589">0.0800836</stack-size>
<stack-size id="17732">0.177577</stack-size>
<stack-size id="17875">0.156685</stack-size>
<stack-size id="18018">0.132312</stack-size>
<stack-size id="18161">0.14624</stack-size>
<stack-size id="18304">0.100975</stack-size>
<stack-size id="18447">0.114903</stack-size>
<stack-size id="18590">0.135794</stack-size>
<stack-size id="18733">0.104457</stack-size>
<stack-size id="18876">0.114903</stack-size>
<stack-size id="19019">0.0905292</stack-size>
<stack-size id="19162">0.0731198</stack-size>
<stack-size id="19305">0.153203</stack-size>
<stack-size id="19448">0.142758</stack-size>
<stack-size id="19591">0.107939</stack-size>
<stack-size id="19734">0.125348</stack-size>
<stack-size id="19877">0.163649</stack-size>
<stack-size id="20020">0.104457</stack-size>
<stack-size id="20163">0.107939</stack-size>
<stack-size id="20306">0.121866</stack-size>
<stack-size id="20449">0.0766017</stack-size>
<stack-size id="20592">0.0591922</stack-size>
<stack-size id="20735">0.104457</stack-size>
<stack-size id="20878">0.114903</stack-size>
<stack-size id="21021">0.0905292</stack-size>
<stack-size id="21164">0.0731198</stack-size>
<stack-size id="21307">0.0905292</stack-size>
<stack-size id="21450">0.066156</stack-size>
<stack-size id="21593">0.0800836</stack-size>
<stack-size id="21736">0.097493</stack-size>
<stack-size id="21879">0.0835655</stack-size>
<stack-size id="22022">0.0800836</stack-size>
<stack-size id="22165">0.118384</stack-size>
<stack-size id="22308">0.0731198</stack-size>
<stack-size id="22451">0.0557103</stack-size>
<stack-size id="22594">0.100975</stack-size>
<stack-size id="22737">0.118384</stack-size>
<stack-size id="22880">0.104457</stack-size>
<stack-size id="23023">0.066156</stack-size>
<stack-size id="23166">0.0696379</stack-size>
<stack-size id="23309">0.100975</stack-size>
<stack-size id="23452">0.0522284</stack-size>
<stack-size id="23595">0.0557103</stack-size>
<stack-size id="23738">0.0626741</stack-size>
<stack-size id="23881">0.14624</stack-size>
<stack-size id="24024">0.0800836</stack-size>
<stack-size id="24167">0.0626741</stack-size>
<stack-size id="24310">0.0696379</stack-size>
<stack-size id="24453">0.0557103</stack-size>
<stack-size id="24596">0.0626741</stack-size>
<stack-size id="24739">0.104457</stack-size>
<stack-size id="24882">0.0591922</stack-size>
<stack-size id="25025">0.0487465</stack-size>
<stack-size id="25168">0.114903</stack-size>
<stack-size id="25311">0.0870474</stack-size>
<stack-size id="25454">0.104457</stack-size>
<stack-size id="25597">0.0557103</stack-size>
<stack-size id="25740">0.0591922</stack-size>
<stack-size id="25883">0.0487465</stack-size>
<stack-size id="26026">0.0696379</stack-size>
<stack-size id="26169">0.0626741</stack-size>
<stack-size id="26312">0.0348189</stack-size>
<stack-size id="26455">0.0800836</stack-size>
<stack-size id="26598">0.097493</stack-size>
<stack-size id="26741">0.066156</stack-size>
<stack-size id="26884">0.107939</stack-size>
<stack-size id="27027">0.0626741</stack-size>
<stack-size id="27170">0.0522284</stack-size>
<stack-size id="27313">0.0731198</stack-size>
<stack-size id="27456">0.0591922</stack-size>
<stack-size id="27599">0.0208914</stack-size>
<stack-size id="27742">0.0452646</stack-size>
<stack-size id="27885">0.031337</stack-size>
<stack-size id="28028">0.0800836</stack-size>
<stack-size id="28171">0.031337</stack-size>
<stack-size id="28314">0.031337</stack-size>
<stack-size id="28457">0.0452646</stack-size>
<stack-size id="28600">0.0348189</stack-size>
<max-stack>206</max-stack>
<front-edges>28719</front-edges>
<back-edges>0</back-edges>
<cross-edges>69809</cross-edges>
<shortest-cycle>-1</shortest-cycle>
</dfs-info>
<rw-info>
<coverage step="2860">7.11351</coverage>
<coverage step="5720">12.5662</coverage>
<coverage step="8580">17.2876</coverage>
<coverage step="11440">21.5982</coverage>
<coverage step="14300">25.0418</coverage>
<coverage step="17160">28.1999</coverage>
<coverage step="20020">30.8252</coverage>
<coverage step="22880">33.0501</coverage>
<coverage step="25740">35.4248</coverage>
<coverage step="28600">37.6045</coverage>
<coverage step="31460">39.4708</coverage>
<coverage step="34320">41.3579</coverage>
<coverage step="37180">43.0258</coverage>
<coverage step="40040">44.6344</coverage>
<coverage step="42900">45.8774</coverage>
<coverage step="45760">47.6253</coverage>
<coverage step="48620">48.7361</coverage>
<coverage step="51480">50.0279</coverage>
<coverage step="54340">51.0306</coverage>
<coverage step="57200">51.9882</coverage>
<coverage step="60060">53.0258</coverage>
<coverage step="62920">54.1121</coverage>
<coverage step="65780">55.2681</coverage>
<coverage step="68640">56.2883</coverage>
<coverage step="71500">57.2214</coverage>
<coverage step="74360">58.1302</coverage>
<coverage step="77220">58.9485</coverage>
<coverage step="80080">59.7667</coverage>
<coverage step="82940">60.6058</coverage>
<coverage step="85800">61.5773</coverage>
<coverage step="88660">62.4095</coverage>
<coverage step="91520">63.2416</coverage>
<coverage step="94380">63.8336</coverage>
<coverage step="97240">64.6205</coverage>
<coverage step="100100">65.2646</coverage>
<coverage step="102960">65.6372</coverage>
<coverage step="105820">66.1038</coverage>
<coverage step="108680">66.6191</coverage>
<coverage step="111540">67.0891</coverage>
<coverage step="114400">67.5139</coverage>
<coverage step="117260">67.9561</coverage>
<coverage step="120120">68.454</coverage>
<coverage step="122980">68.8858</coverage>
<coverage step="125840">69.2235</coverage>
<coverage step="128700">69.5404</coverage>
<coverage step="131560">70.0313</coverage>
<coverage step="134420">70.2751</coverage>
<coverage step="137280">70.6372</coverage>
<coverage step="140140">71.1455</coverage>
<coverage step="143000">71.5912</coverage>
<coverage step="145860">71.8976</coverage>
<coverage step="148720">72.2946</coverage>
<coverage step="151580">72.5801</coverage>
<coverage step="154440">72.9318</coverage>
<coverage step="157300">73.2312</coverage>
<coverage step="160160">73.4784</coverage>
<coverage step="163020">73.7187</coverage>
<coverage step="165880">73.945</coverage>
<coverage step="168740">74.1191</coverage>
<coverage step="171600">74.4882</coverage>
<coverage step="174460">74.7145</coverage>
<coverage step="177320">74.9652</coverage>
<coverage step="180180">75.2089</coverage>
<coverage step="183040">75.4805</coverage>
<coverage step="185900">75.7033</coverage>
<coverage step="188760">76.0237</coverage>
<coverage step="191620">76.243</coverage>
<coverage step="194480">76.445</coverage>
<coverage step="197340">76.6713</coverage>
<coverage step="200200">76.9533</coverage>
<coverage step="203060">77.2389</coverage>
<coverage step="205920">77.312</coverage>
<coverage step="208780">77.5035</coverage>
<coverage step="211640">77.7507</coverage>
<coverage step="214500">77.9701</coverage>
<coverage step="217360">78.1337</coverage>
<coverage step="220220">78.2904</coverage>
<coverage step="223080">78.5272</coverage>
<coverage step="225940">78.7465</coverage>
<coverage step="228800">78.9485</coverage>
<coverage step="231660">79.1295</coverage>
<coverage step="234520">79.3106</coverage>
<coverage step="237380">79.5021</coverage>
<coverage step="240240">79.6797</coverage>
<coverage step="243100">79.8816</coverage>
<coverage step="245960">79.9861</coverage>
<coverage step="248820">80.087</coverage>
<coverage step="251680">80.2333</coverage>
<coverage step="254540">80.4735</coverage>
<coverage step="257400">80.6337</coverage>
<coverage step="260260">80.9297</coverage>
<coverage step="263120">81.1281</coverage>
<coverage step="265980">81.25</coverage>
<coverage step="268840">81.3928</coverage>
<coverage step="271700">81.6469</coverage>
<coverage step="274560">81.7932</coverage>
<coverage step="277420">81.8976</coverage>
<coverage step="280280">82.0334</coverage>
<coverage step="283140">82.1205</coverage>
<coverage step="286000">82.218</coverage>
<rw-visits order="1">1723</rw-visits>
<rw-visits order="118">173</rw-visits>
<rw-visits order="235">110</rw-visits>
<rw-visits order="352">74</rw-visits>
<rw-visits order="469">60</rw-visits>
<rw-visits order="586">52</rw-visits>
<rw-visits order="703">46</rw-visits>
<rw-visits order="820">42</rw-visits>
<rw-visits order="937">39</rw-visits>
<rw-visits order="1054">36</rw-visits>
<rw-visits order="1171">34</rw-visits>
<rw-visits order="1288">32</rw-visits>
<rw-visits order="1405">30</rw-visits>
<rw-visits order="1522">29</rw-visits>
<rw-visits order="1639">28</rw-visits>
<rw-visits order="1756">27</rw-visits>
<rw-visits order="1873">26</rw-visits>
<rw-visits order="1990">24</rw-visits>
<rw-visits order="2107">23</rw-visits>
<rw-visits order="2224">23</rw-visits>
<rw-visits order="2341">22</rw-visits>
<rw-visits order="2458">21</rw-visits>
<rw-visits order="2575">20</rw-visits>
<rw-visits order="2692">20</rw-visits>
<rw-visits order="2809">19</rw-visits>
<rw-visits order="2926">18</rw-visits>
<rw-visits order="3043">18</rw-visits>
<rw-visits order="3160">17</rw-visits>
<rw-visits order="3277">17</rw-visits>
<rw-visits order="3394">16</rw-visits>
<rw-visits order="3511">16</rw-visits>
<rw-visits order="3628">15</rw-visits>
<rw-visits order="3745">15</rw-visits>
<rw-visits order="3862">15</rw-visits>
<rw-visits order="3979">14</rw-visits>
<rw-visits order="4096">14</rw-visits>
<rw-visits order="4213">14</rw-visits>
<rw-visits order="4330">13</rw-visits>
<rw-visits order="4447">13</rw-visits>
<rw-visits order="4564">13</rw-visits>
<rw-visits order="4681">13</rw-visits>
<rw-visits order="4798">12</rw-visits>
<rw-visits order="4915">12</rw-visits>
<rw-visits order="5032">12</rw-visits>
<rw-visits order="5149">12</rw-visits>
<rw-visits order="5266">11</rw-visits>
<rw-visits order="5383">11</rw-visits>
<rw-visits order="5500">11</rw-visits>
<rw-visits order="5617">11</rw-visits>
<rw-visits order="5734">11</rw-visits>
<rw-visits order="5851">10</rw-visits>
<rw-visits order="5968">10</rw-visits>
<rw-visits order="6085">10</rw-visits>
<rw-visits order="6202">10</rw-visits>
<rw-visits order="6319">10</rw-visits>
<rw-visits order="6436">10</rw-visits>
<rw-visits order="6553">9</rw-visits>
<rw-visits order="6670">9</rw-visits>
<rw-visits order="6787">9</rw-visits>
<rw-visits order="6904">9</rw-visits>
<rw-visits order="7021">9</rw-visits>
<rw-visits order="7138">9</rw-visits>
<rw-visits order="7255">9</rw-visits>
<rw-visits order="7372">8</rw-visits>
<rw-visits order="7489">8</rw-visits>
<rw-visits order="7606">8</rw-visits>
<rw-visits order="7723">8</rw-visits>
<rw-visits order="7840">8</rw-visits>
<rw-visits order="7957">8</rw-visits>
<rw-visits order="8074">8</rw-visits>
<rw-visits order="8191">8</rw-visits>
<rw-visits order="8308">7</rw-visits>
<rw-visits order="8425">7</rw-visits>
<rw-visits order="8542">7</rw-visits>
<rw-visits order="8659">7</rw-visits>
<rw-visits order="8776">7</rw-visits>
<rw-visits order="8893">7</rw-visits>
<rw-visits order="9010">7</rw-visits>
<rw-visits order="9127">7</rw-visits>
<rw-visits order="9244">7</rw-visits>
<rw-visits order="9361">7</rw-visits>
<rw-visits order="9478">6</rw-visits>
<rw-visits order="9595">6</rw-visits>
<rw-visits order="9712">6</rw-visits>
<rw-visits order="9829">6</rw-visits>
<rw-visits order="9946">6</rw-visits>
<rw-visits order="10063">6</rw-visits>
<rw-visits order="10180">6</rw-visits>
<rw-visits order="10297">6</rw-visits>
<rw-visits order="10414">6</rw-visits>
<rw-visits order="10531">6</rw-visits>
<rw-visits order="10648">6</rw-visits>
<rw-visits order="10765">6</rw-visits>
<rw-visits order="10882">5</rw-visits>
<rw-visits order="10999">5</rw-visits>
<rw-visits order="11116">5</rw-visits>
<rw-visits order="11233">5</rw-visits>
<rw-visits order="11350">5</rw-visits>
<rw-visits order="11467">5</rw-visits>
<rw-visits order="11584">5</rw-visits>
<rw-visits order="11701">5</rw-visits>
<rw-visits order="11818">5</rw-visits>
<rw-visits order="11935">5</rw-visits>
<rw-visits order="12052">5</rw-visits>
<rw-visits order="12169">5</rw-visits>
<rw-visits order="12286">5</rw-visits>
<rw-visits order="12403">5</rw-visits>
<rw-visits order="12520">5</rw-visits>
<rw-visits order="12637">4</rw-visits>
<rw-visits order="12754">4</rw-visits>
<rw-visits order="12871">4</rw-visits>
<rw-visits order="12988">4</rw-visits>
<rw-visits order="13105">4</rw-visits>
<rw-visits order="13222">4</rw-visits>
<rw-visits order="13339">4</rw-visits>
<rw-visits order="13456">4</rw-visits>
<rw-visits order="13573">4</rw-visits>
<rw-visits order="13690">4</rw-visits>
<rw-visits order="13807">4</rw-visits>
<rw-visits order="13924">4</rw-visits>
<rw-visits order="14041">4</rw-visits>
<rw-visits order="14158">4</rw-visits>
<rw-visits order="14275">4</rw-visits>
<rw-visits order="14392">4</rw-visits>
<rw-visits order="14509">4</rw-visits>
<rw-visits order="14626">4</rw-visits>
<rw-visits order="14743">3</rw-visits>
<rw-visits order="14860">3</rw-visits>
<rw-visits order="14977">3</rw-visits>
<rw-visits order="15094">3</rw-visits>
<rw-visits order="15211">3</rw-visits>
<rw-visits order="15328">3</rw-visits>
<rw-visits order="15445">3</rw-visits>
<rw-visits order="15562">3</rw-visits>
<rw-visits order="15679">3</rw-visits>
<rw-visits order="15796">3</rw-visits>
<rw-visits order="15913">3</rw-visits>
<rw-visits order="16030">3</rw-visits>
<rw-visits order="16147">3</rw-visits>
<rw-visits order="16264">3</rw-visits>
<rw-visits order="16381">3</rw-visits>
<rw-visits order="16498">3</rw-visits>
<rw-visits order="16615">3</rw-visits>
<rw-visits order="16732">3</rw-visits>
<rw-visits order="16849">3</rw-visits>
<rw-visits order="16966">3</rw-visits>
<rw-visits order="17083">3</rw-visits>
<rw-visits order="17200">2</rw-visits>
<rw-visits order="17317">2</rw-visits>
<rw-visits order="17434">2</rw-visits>
<rw-visits order="17551">2</rw-visits>
<rw-visits order="17668">2</rw-visits>
<rw-visits order="17785">2</rw-visits>
<rw-visits order="17902">2</rw-visits>
<rw-visits order="18019">2</rw-visits>
<rw-visits order="18136">2</rw-visits>
<rw-visits order="18253">2</rw-visits>
<rw-visits order="18370">2</rw-visits>
<rw-visits order="18487">2</rw-visits>
<rw-visits order="18604">2</rw-visits>
<rw-visits order="18721">2</rw-visits>
<rw-visits order="18838">2</rw-visits>
<rw-visits order="18955">2</rw-visits>
<rw-visits order="19072">2</rw-visits>
<rw-visits order="19189">2</rw-visits>
<rw-visits order="19306">2</rw-visits>
<rw-visits order="19423">2</rw-visits>
<rw-visits order="19540">2</rw-visits>
<rw-visits order="19657">2</rw-visits>
<rw-visits order="19774">2</rw-visits>
<rw-visits order="19891">2</rw-visits>
<rw-visits order="20008">1</rw-visits>
<rw-visits order="20125">1</rw-visits>
<rw-visits order="20242">1</rw-visits>
<rw-visits order="20359">1</rw-visits>
<rw-visits order="20476">1</rw-visits>
<rw-visits order="20593">1</rw-visits>
<rw-visits order="20710">1</rw-visits>
<rw-visits order="20827">1</rw-visits>
<rw-visits order="20944">1</rw-visits>
<rw-visits order="21061">1</rw-visits>
<rw-visits order="21178">1</rw-visits>
<rw-visits order="21295">1</rw-visits>
<rw-visits order="21412">1</rw-visits>
<rw-visits order="21529">1</rw-visits>
<rw-visits order="21646">1</rw-visits>
<rw-visits order="21763">1</rw-visits>
<rw-visits order="21880">1</rw-visits>
<rw-visits order="21997">1</rw-visits>
<rw-visits order="22114">1</rw-visits>
<rw-visits order="22231">1</rw-visits>
<rw-visits order="22348">1</rw-visits>
<rw-visits order="22465">1</rw-visits>
<rw-visits order="22582">1</rw-visits>
<rw-visits order="22699">1</rw-visits>
<rw-visits order="22816">1</rw-visits>
<rw-visits order="22933">1</rw-visits>
<rw-visits order="23050">1</rw-visits>
<rw-visits order="23167">1</rw-visits>
<rw-visits order="23284">1</rw-visits>
<rw-visits order="23401">1</rw-visits>
<rw-visits order="23518">1</rw-visits>
<final-coverage>82.2667</final-coverage>
</rw-info>
<local-info>
<diamonds>99.2827</diamonds>
<neighborhood k="4">46</neighborhood>
<clustering k="4">1.89148</clustering>
</local-info>
<label-info>
<edge-label id="0.0+6.0">276</edge-label>
<edge-label id="0.10">2441</edge-label>
<edge-label id="0.11">146</edge-label>
<edge-label id="0.12+6.0">146</edge-label>
<edge-label id="0.13+6.0">1848</edge-label>
<edge-label id="0.14">593</edge-label>
<edge-label id="0.15">1</edge-label>
<edge-label id="0.18+6.0">1</edge-label>
<edge-label id="0.2">2144</edge-label>
<edge-label id="0.3">2587</edge-label>
<edge-label id="0.4">1</edge-label>
<edge-label id="0.5">1945</edge-label>
<edge-label id="0.6">199</edge-label>
<edge-label id="0.7+6.0">199</edge-label>
<edge-label id="0.8+6.0">1945</edge-label>
<edge-label id="1.0+7.0">272</edge-label>
<edge-label id="1.10">2278</edge-label>
<edge-label id="1.11">9</edge-label>
<edge-label id="1.12+7.0">9</edge-label>
<edge-label id="1.13+7.0">2149</edge-label>
<edge-label id="1.14">129</edge-label>
<edge-label id="1.16">1</edge-label>
<edge-label id="1.18+7.0">1</edge-label>
<edge-label id="1.2">2385</edge-label>
<edge-label id="1.3">2287</edge-label>
<edge-label id="1.4">1</edge-label>
<edge-label id="1.5">2367</edge-label>
<edge-label id="1.6">18</edge-label>
<edge-label id="1.7+7.0">18</edge-label>
<edge-label id="1.8+7.0">2367</edge-label>
<edge-label id="2.0+8.0">276</edge-label>
<edge-label id="2.10">2203</edge-label>
<edge-label id="2.13+8.0">2203</edge-label>
<edge-label id="2.16">1</edge-label>
<edge-label id="2.17">1</edge-label>
<edge-label id="2.2">2577</edge-label>
<edge-label id="2.3">2203</edge-label>
<edge-label id="2.4">1</edge-label>
<edge-label id="2.5">2577</edge-label>
<edge-label id="2.8+8.0">2576</edge-label>
<edge-label id="2.9+8.0">1</edge-label>
<edge-label id="3.0+9.0">276</edge-label>
<edge-label id="3.10">2287</edge-label>
<edge-label id="3.13+9.0">2270</edge-label>
<edge-label id="3.14">17</edge-label>
<edge-label id="3.16">1</edge-label>
<edge-label id="3.18+9.0">1</edge-label>
<edge-label id="3.2">2677</edge-label>
<edge-label id="3.3">2287</edge-label>
<edge-label id="3.4">1</edge-label>
<edge-label id="3.5">2676</edge-label>
<edge-label id="3.6">1</edge-label>
<edge-label id="3.7+9.0">1</edge-label>
<edge-label id="3.8+9.0">2676</edge-label>
<edge-label id="4.0+5.0">276</edge-label>
<edge-label id="4.10">1848</edge-label>
<edge-label id="4.11">815</edge-label>
<edge-label id="4.12+5.0">815</edge-label>
<edge-label id="4.14">1848</edge-label>
<edge-label id="4.16">1</edge-label>
<edge-label id="4.18+5.0">1</edge-label>
<edge-label id="4.2">2473</edge-label>
<edge-label id="4.3">2663</edge-label>
<edge-label id="4.4">1</edge-label>
<edge-label id="4.5">1352</edge-label>
<edge-label id="4.6">1121</edge-label>
<edge-label id="4.7+5.0">1121</edge-label>
<edge-label id="4.8+5.0">1352</edge-label>
<edge-label id="5.1+0.1">4732</edge-label>
<edge-label id="6.1+1.1">4673</edge-label>
<edge-label id="7.1+2.1">4781</edge-label>
<edge-label id="8.1+3.1">4965</edge-label>
<edge-label id="9.1+4.1">5137</edge-label>
<state-labels procid="0">
<label id="[0]">28710</label>
<label id="[1]">10</label>
</state-labels><state-labels procid="1">
<label id="[0,24,0,0,0,1]">276</label>
<label id="[1,23,0,23,0,1]">4796</label>
<label id="[1,23,14,6,0,0]">1186</label>
<label id="[1,23,23,6,0,0]">81</label>
<label id="[1,23,24,6,0,0]">624</label>
<label id="[1,23,6,6,0,1]">1921</label>
<label id="[1,24,0,0,0,1]">1584</label>
<label id="[1,24,23,23,0,1]">4056</label>
<label id="[10,23,24,6,0,0]">1</label>
<label id="[2,23,24,6,0,0]">1</label>
<label id="[2,23,36,23,0,1]">593</label>
<label id="[2,23,44,6,0,0]">129</label>
<label id="[2,23,54,6,0,0]">70</label>
<label id="[2,23,74,6,0,1]">593</label>
<label id="[2,23,83,6,0,0]">17</label>
<label id="[2,23,84,6,0,0]">129</label>
<label id="[2,24,53,0,0,1]">1352</label>
<label id="[2,24,60,23,0,1]">1848</label>
<label id="[3,23,14,6,0,0]">129</label>
<label id="[3,23,24,6,0,0]">70</label>
<label id="[3,23,6,23,0,1]">593</label>
<label id="[3,24,23,0,0,1]">1352</label>
<label id="[4,23,6,23,0,1]">593</label>
<label id="[4,24,23,0,0,1]">1352</label>
<label id="[5,23,14,6,0,0]">129</label>
<label id="[5,23,24,6,0,0]">70</label>
<label id="[6,23,14,6,0,1]">593</label>
<label id="[6,23,23,6,0,0]">17</label>
<label id="[6,23,24,6,0,0]">129</label>
<label id="[6,24,0,23,0,1]">1848</label>
<label id="[7,23,14,6,0,1]">593</label>
<label id="[7,24,0,23,0,1]">1848</label>
<label id="[8,23,23,6,0,0]">17</label>
<label id="[8,23,24,6,0,0]">129</label>
<label id="[9,23,24,6,0,0]">1</label>
</state-labels><state-labels procid="2">
<label id="[0,14,0,0,0,1]">272</label>
<label id="[1,14,0,0,0,1]">1532</label>
<label id="[1,14,24,24,0,1]">3764</label>
<label id="[1,23,14,14,0,1]">593</label>
<label id="[1,23,23,14,0,0]">41</label>
<label id="[1,23,24,14,0,0]">256</label>
<label id="[1,23,6,23,0,1]">1921</label>
<label id="[1,24,23,23,0,1]">2506</label>
<label id="[1,24,23,24,0,1]">3816</label>
<label id="[10,23,24,14,0,0]">1</label>
<label id="[2,14,54,0,0,1]">1300</label>
<label id="[2,14,83,24,0,1]">1556</label>
<label id="[2,23,24,14,0,0]">1</label>
<label id="[2,23,44,23,0,1]">129</label>
<label id="[2,23,54,14,0,0]">18</label>
<label id="[2,23,83,14,0,0]">9</label>
<label id="[2,23,84,14,0,1]">129</label>
<label id="[2,24,53,24,0,1]">938</label>
<label id="[2,24,66,23,0,1]">593</label>
<label id="[3,14,24,0,0,1]">1300</label>
<label id="[3,23,14,23,0,1]">129</label>
<label id="[3,23,24,14,0,0]">18</label>
<label id="[3,24,23,24,0,1]">938</label>
<label id="[4,14,24,0,0,1]">1300</label>
<label id="[4,23,14,23,0,1]">129</label>
<label id="[4,24,23,24,0,1]">938</label>
<label id="[5,23,24,14,0,0]">18</label>
<label id="[6,14,23,24,0,1]">1556</label>
<label id="[6,23,23,14,0,0]">9</label>
<label id="[6,23,24,14,0,1]">129</label>
<label id="[6,24,6,23,0,1]">593</label>
<label id="[7,14,23,24,0,1]">1556</label>
<label id="[7,23,24,14,0,1]">129</label>
<label id="[7,24,6,23,0,1]">593</label>
<label id="[8,23,23,14,0,0]">9</label>
<label id="[9,23,24,14,0,0]">1</label>
</state-labels><state-labels procid="3">
<label id="[0,6,0,0,0,1]">276</label>
<label id="[1,14,24,14,0,1]">3312</label>
<label id="[1,14,24,24,0,1]">2386</label>
<label id="[1,23,14,23,0,1]">593</label>
<label id="[1,23,24,24,0,1]">69</label>
<label id="[1,24,23,23,0,1]">941</label>
<label id="[1,24,23,24,0,1]">1722</label>
<label id="[1,24,24,24,1,1]">18</label>
<label id="[1,6,0,0,0,1]">1524</label>
<label id="[1,6,14,14,0,1]">3536</label>
<label id="[10,24,24,24,1,1]">1</label>
<label id="[2,14,54,14,0,1]">962</label>
<label id="[2,14,83,24,0,1]">597</label>
<label id="[2,23,54,23,0,1]">17</label>
<label id="[2,23,83,24,0,1]">5</label>
<label id="[2,24,24,24,1,1]">1</label>
<label id="[2,24,53,24,0,1]">301</label>
<label id="[2,24,54,24,0,1]">1</label>
<label id="[2,24,74,23,0,1]">129</label>
<label id="[2,6,44,0,0,1]">1296</label>
<label id="[2,6,84,14,0,1]">1472</label>
<label id="[3,14,24,14,0,1]">962</label>
<label id="[3,23,24,23,0,1]">17</label>
<label id="[3,24,23,24,0,1]">301</label>
<label id="[3,24,24,24,0,1]">1</label>
<label id="[3,6,14,0,0,1]">1296</label>
<label id="[4,14,24,14,0,1]">962</label>
<label id="[4,23,24,23,0,1]">17</label>
<label id="[4,24,23,24,0,1]">301</label>
<label id="[4,24,24,24,0,1]">1</label>
<label id="[4,6,14,0,0,1]">1296</label>
<label id="[6,14,23,24,0,1]">597</label>
<label id="[6,23,23,24,0,1]">5</label>
<label id="[6,24,14,23,0,1]">129</label>
<label id="[6,6,24,14,0,1]">1472</label>
<label id="[7,14,23,24,0,1]">597</label>
<label id="[7,23,23,24,0,1]">5</label>
<label id="[7,24,14,23,0,1]">129</label>
<label id="[7,6,24,14,0,1]">1472</label>
<label id="[9,24,24,24,1,1]">1</label>
</state-labels><state-labels procid="4">
<label id="[0,0,0,0,0,1]">276</label>
<label id="[1,0,0,0,0,1]">1584</label>
<label id="[1,0,6,6,0,1]">3480</label>
<label id="[1,14,24,14,0,1]">1597</label>
<label id="[1,14,24,24,0,1]">969</label>
<label id="[1,24,23,23,0,1]">301</label>
<label id="[1,24,23,24,0,1]">597</label>
<label id="[1,24,24,23,0,0]">51</label>
<label id="[1,6,14,14,0,1]">2154</label>
<label id="[1,6,14,6,0,1]">2816</label>
<label id="[10,24,24,23,0,0]">1</label>
<label id="[2,0,36,0,0,1]">1352</label>
<label id="[2,0,74,6,0,1]">1500</label>
<label id="[2,14,54,14,0,1]">365</label>
<label id="[2,14,83,24,0,1]">165</label>
<label id="[2,24,24,23,0,0]">1</label>
<label id="[2,24,53,24,0,1]">77</label>
<label id="[2,24,54,23,0,0]">1</label>
<label id="[2,24,84,23,0,1]">17</label>
<label id="[2,6,44,6,0,1]">882</label>
<label id="[2,6,84,14,0,1]">605</label>
<label id="[3,0,6,0,0,1]">1352</label>
<label id="[3,14,24,14,0,1]">365</label>
<label id="[3,24,23,24,0,1]">77</label>
<label id="[3,24,24,23,0,0]">1</label>
<label id="[3,6,14,6,0,1]">882</label>
<label id="[4,0,6,0,0,1]">1352</label>
<label id="[4,14,24,14,0,1]">365</label>
<label id="[4,24,23,24,0,1]">77</label>
<label id="[4,6,14,6,0,1]">882</label>
<label id="[5,24,24,23,0,0]">1</label>
<label id="[6,0,14,6,0,1]">1500</label>
<label id="[6,14,23,24,0,1]">165</label>
<label id="[6,24,24,23,0,1]">17</label>
<label id="[6,6,24,14,0,1]">605</label>
<label id="[7,0,14,6,0,1]">1500</label>
<label id="[7,14,23,24,0,1]">165</label>
<label id="[7,24,24,23,0,1]">17</label>
<label id="[7,6,24,14,0,1]">605</label>
<label id="[9,24,24,23,0,0]">1</label>
</state-labels><state-labels procid="5">
<label id="[0,23,0,0,0,1]">276</label>
<label id="[1,23,0,0,0,1]">5640</label>
<label id="[1,23,14,0,0,0]">2458</label>
<label id="[1,23,23,0,0,0]">169</label>
<label id="[1,23,24,0,0,0]">1000</label>
<label id="[1,23,6,0,0,0]">3766</label>
<label id="[10,23,24,0,0,0]">1</label>
<label id="[2,23,24,0,0,0]">1</label>
<label id="[2,23,30,0,0,1]">1352</label>
<label id="[2,23,36,0,0,0]">590</label>
<label id="[2,23,44,0,0,0]">421</label>
<label id="[2,23,54,0,0,0]">110</label>
<label id="[2,23,66,0,0,1]">1848</label>
<label id="[2,23,74,0,0,0]">593</label>
<label id="[2,23,83,0,0,0]">41</label>
<label id="[2,23,84,0,0,0]">181</label>
<label id="[3,23,0,0,0,1]">1352</label>
<label id="[3,23,14,0,0,0]">421</label>
<label id="[3,23,24,0,0,0]">110</label>
<label id="[3,23,6,0,0,0]">590</label>
<label id="[4,23,0,0,0,1]">1352</label>
<label id="[5,23,14,0,0,0]">421</label>
<label id="[5,23,24,0,0,0]">110</label>
<label id="[5,23,6,0,0,0]">590</label>
<label id="[6,23,14,0,0,0]">593</label>
<label id="[6,23,23,0,0,0]">41</label>
<label id="[6,23,24,0,0,0]">181</label>
<label id="[6,23,6,0,0,1]">1848</label>
<label id="[7,23,6,0,0,1]">1848</label>
<label id="[8,23,14,0,0,0]">593</label>
<label id="[8,23,23,0,0,0]">41</label>
<label id="[8,23,24,0,0,0]">181</label>
<label id="[9,23,24,0,0,0]">1</label>
</state-labels><state-labels procid="6">
<label id="[0,{0|0|0|0|0|0|0|0|0|0},0]">20882</label>
<label id="[0,{24|0|0|0|0|0|0|0|0|0},1]">1</label>
<label id="[0,{36|0|0|0|0|0|0|0|0|0},1]">800</label>
<label id="[0,{36|74|0|0|0|0|0|0|0|0},2]">160</label>
<label id="[0,{36|74|44|0|0|0|0|0|0|0},3]">19</label>
<label id="[0,{36|74|44|84|0|0|0|0|0|0},4]">1</label>
<label id="[0,{44|0|0|0|0|0|0|0|0|0},1]">448</label>
<label id="[0,{44|84|0|0|0|0|0|0|0|0},2]">64</label>
<label id="[0,{44|84|54|0|0|0|0|0|0|0},3]">4</label>
<label id="[0,{53|0|0|0|0|0|0|0|0|0},1]">972</label>
<label id="[0,{53|60|0|0|0|0|0|0|0|0},2]">594</label>
<label id="[0,{53|60|36|0|0|0|0|0|0|0},3]">17</label>
<label id="[0,{53|60|36|74|0|0|0|0|0|0},4]">1</label>
<label id="[0,{54|0|0|0|0|0|0|0|0|0},1]">113</label>
<label id="[0,{54|83|0|0|0|0|0|0|0|0},2]">8</label>
<label id="[0,{60|0|0|0|0|0|0|0|0|0},1]">3264</label>
<label id="[0,{60|36|0|0|0|0|0|0|0|0},2]">160</label>
<label id="[0,{60|36|74|0|0|0|0|0|0|0},3]">19</label>
<label id="[0,{60|36|74|44|0|0|0|0|0|0},4]">1</label>
<label id="[0,{74|0|0|0|0|0|0|0|0|0},1]">800</label>
<label id="[0,{74|44|0|0|0|0|0|0|0|0},2]">160</label>
<label id="[0,{74|44|84|0|0|0|0|0|0|0},3]">19</label>
<label id="[0,{74|44|84|54|0|0|0|0|0|0},4]">1</label>
<label id="[0,{83|0|0|0|0|0|0|0|0|0},1]">32</label>
<label id="[0,{84|0|0|0|0|0|0|0|0|0},1]">160</label>
<label id="[0,{84|54|0|0|0|0|0|0|0|0},2]">19</label>
<label id="[0,{84|54|83|0|0|0|0|0|0|0},3]">1</label>
</state-labels><state-labels procid="7">
<label id="[0,{0|0|0|0|0|0|0|0|0|0},0]">20942</label>
<label id="[0,{24|0|0|0|0|0|0|0|0|0},1]">1</label>
<label id="[0,{44|0|0|0|0|0|0|0|0|0},1]">160</label>
<label id="[0,{44|84|0|0|0|0|0|0|0|0},2]">19</label>
<label id="[0,{44|84|54|0|0|0|0|0|0|0},3]">1</label>
<label id="[0,{53|0|0|0|0|0|0|0|0|0},1]">1652</label>
<label id="[0,{53|66|0|0|0|0|0|0|0|0},2]">179</label>
<label id="[0,{53|66|44|0|0|0|0|0|0|0},3]">1</label>
<label id="[0,{54|0|0|0|0|0|0|0|0|0},1]">1037</label>
<label id="[0,{54|83|0|0|0|0|0|0|0|0},2]">476</label>
<label id="[0,{54|83|53|0|0|0|0|0|0|0},3]">83</label>
<label id="[0,{54|83|53|66|0|0|0|0|0|0},4]">1</label>
<label id="[0,{66|0|0|0|0|0|0|0|0|0},1]">960</label>
<label id="[0,{66|44|0|0|0|0|0|0|0|0},2]">19</label>
<label id="[0,{66|44|84|0|0|0|0|0|0|0},3]">1</label>
<label id="[0,{83|0|0|0|0|0|0|0|0|0},1]">2488</label>
<label id="[0,{83|53|0|0|0|0|0|0|0|0},2]">500</label>
<label id="[0,{83|53|66|0|0|0|0|0|0|0},3]">20</label>
<label id="[0,{84|0|0|0|0|0|0|0|0|0},1]">160</label>
<label id="[0,{84|54|0|0|0|0|0|0|0|0},2]">19</label>
<label id="[0,{84|54|83|0|0|0|0|0|0|0},3]">1</label>
</state-labels><state-labels procid="8">
<label id="[0,{0|0|0|0|0|0|0|0|0|0},0]">20374</label>
<label id="[0,{24|0|0|0|0|0|0|0|0|0},1]">1</label>
<label id="[0,{44|0|0|0|0|0|0|0|0|0},1]">956</label>
<label id="[0,{44|84|0|0|0|0|0|0|0|0},2]">456</label>
<label id="[0,{44|84|54|0|0|0|0|0|0|0},3]">106</label>
<label id="[0,{44|84|54|83|0|0|0|0|0|0},4]">10</label>
<label id="[0,{53|0|0|0|0|0|0|0|0|0},1]">512</label>
<label id="[0,{53|74|0|0|0|0|0|0|0|0},2]">20</label>
<label id="[0,{54|0|0|0|0|0|0|0|0|0},1]">1768</label>
<label id="[0,{54|83|0|0|0|0|0|0|0|0},2]">273</label>
<label id="[0,{54|83|53|0|0|0|0|0|0|0},3]">16</label>
<label id="[0,{74|0|0|0|0|0|0|0|0|0},1]">179</label>
<label id="[0,{74|54|0|0|0|0|0|0|0|0},2]">1</label>
<label id="[0,{83|0|0|0|0|0|0|0|0|0},1]">984</label>
<label id="[0,{83|53|0|0|0|0|0|0|0|0},2]">115</label>
<label id="[0,{83|53|74|0|0|0|0|0|0|0},3]">1</label>
<label id="[0,{84|0|0|0|0|0|0|0|0|0},1]">2284</label>
<label id="[0,{84|54|0|0|0|0|0|0|0|0},2]">596</label>
<label id="[0,{84|54|83|0|0|0|0|0|0|0},3]">67</label>
<label id="[0,{84|54|83|53|0|0|0|0|0|0},4]">1</label>
</state-labels><state-labels procid="9">
<label id="[0,{0|0|0|0|0|0|0|0|0|0},0]">19635</label>
<label id="[0,{24|0|0|0|0|0|0|0|0|0},1]">1</label>
<label id="[0,{36|0|0|0|0|0|0|0|0|0},1]">972</label>
<label id="[0,{36|74|0|0|0|0|0|0|0|0},2]">472</label>
<label id="[0,{36|74|44|0|0|0|0|0|0|0},3]">122</label>
<label id="[0,{36|74|44|84|0|0|0|0|0|0},4]">17</label>
<label id="[0,{36|74|44|84|54|0|0|0|0|0},5]">1</label>
<label id="[0,{44|0|0|0|0|0|0|0|0|0},1]">1748</label>
<label id="[0,{44|84|0|0|0|0|0|0|0|0},2]">352</label>
<label id="[0,{44|84|54|0|0|0|0|0|0|0},3]">35</label>
<label id="[0,{44|84|54|83|0|0|0|0|0|0},4]">1</label>
<label id="[0,{53|0|0|0|0|0|0|0|0|0},1]">115</label>
<label id="[0,{53|84|0|0|0|0|0|0|0|0},2]">1</label>
<label id="[0,{54|0|0|0|0|0|0|0|0|0},1]">628</label>
<label id="[0,{54|83|0|0|0|0|0|0|0|0},2]">67</label>
<label id="[0,{54|83|53|0|0|0|0|0|0|0},3]">1</label>
<label id="[0,{74|0|0|0|0|0|0|0|0|0},1]">2300</label>
<label id="[0,{74|44|0|0|0|0|0|0|0|0},2]">676</label>
<label id="[0,{74|44|84|0|0|0|0|0|0|0},3]">112</label>
<label id="[0,{74|44|84|54|0|0|0|0|0|0},4]">8</label>
<label id="[0,{83|0|0|0|0|0|0|0|0|0},1]">272</label>
<label id="[0,{83|53|0|0|0|0|0|0|0|0},2]">16</label>
<label id="[0,{84|0|0|0|0|0|0|0|0|0},1]">995</label>
<label id="[0,{84|54|0|0|0|0|0|0|0|0},2]">161</label>
<label id="[0,{84|54|83|0|0|0|0|0|0|0},3]">12</label>
</state-labels><state-labels procid="10">
<label id="[0,{0|0|0|0|0|0|0|0|0|0},0]">18914</label>
<label id="[0,{24|0|0|0|0|0|0|0|0|0},1]">1</label>
<label id="[0,{30|0|0|0|0|0|0|0|0|0},1]">972</label>
<label id="[0,{30|66|0|0|0|0|0|0|0|0},2]">472</label>
<label id="[0,{30|66|36|0|0|0|0|0|0|0},3]">122</label>
<label id="[0,{30|66|36|74|0|0|0|0|0|0},4]">17</label>
<label id="[0,{30|66|36|74|44|0|0|0|0|0},5]">1</label>
<label id="[0,{36|0|0|0|0|0|0|0|0|0},1]">1844</label>
<label id="[0,{36|74|0|0|0|0|0|0|0|0},2]">448</label>
<label id="[0,{36|74|44|0|0|0|0|0|0|0},3]">64</label>
<label id="[0,{36|74|44|84|0|0|0|0|0|0},4]">4</label>
<label id="[0,{44|0|0|0|0|0|0|0|0|0},1]">688</label>
<label id="[0,{44|84|0|0|0|0|0|0|0|0},2]">112</label>
<label id="[0,{44|84|54|0|0|0|0|0|0|0},3]">8</label>
<label id="[0,{54|0|0|0|0|0|0|0|0|0},1]">161</label>
<label id="[0,{54|83|0|0|0|0|0|0|0|0},2]">12</label>
<label id="[0,{66|0|0|0|0|0|0|0|0|0},1]">2476</label>
<label id="[0,{66|36|0|0|0|0|0|0|0|0},2]">788</label>
<label id="[0,{66|36|74|0|0|0|0|0|0|0},3]">160</label>
<label id="[0,{66|36|74|44|0|0|0|0|0|0},4]">19</label>
<label id="[0,{66|36|74|44|84|0|0|0|0|0},5]">1</label>
<label id="[0,{74|0|0|0|0|0|0|0|0|0},1]">800</label>
<label id="[0,{74|44|0|0|0|0|0|0|0|0},2]">160</label>
<label id="[0,{74|44|84|0|0|0|0|0|0|0},3]">19</label>
<label id="[0,{74|44|84|54|0|0|0|0|0|0},4]">1</label>
<label id="[0,{83|0|0|0|0|0|0|0|0|0},1]">68</label>
<label id="[0,{84|0|0|0|0|0|0|0|0|0},1]">352</label>
<label id="[0,{84|54|0|0|0|0|0|0|0|0},2]">35</label>
<label id="[0,{84|54|83|0|0|0|0|0|0|0},3]">1</label>
</state-labels></label-info>
</state-space-info>
