<?xml version="1.0"?>
<!DOCTYPE state-space-info SYSTEM "../../state_space_info.dtd">


<state-space-info>
<states>14252</states>
<edges>52944</edges>
<bfs-info>
 <levels>86</levels>
<max-level>505</max-level>

<back-level-edges>0</back-level-edges>
<max-back-level-edge>0</max-back-level-edge>
<avg-back-level-edge>nan</avg-back-level-edge>
<bfs-levels>
<level id="0"><states>1</states><edges>5</edges></level>
<level id="1"><states>5</states><edges>20</edges></level>
<level id="2"><states>10</states><edges>35</edges></level>
<level id="3"><states>15</states><edges>55</edges></level>
<level id="4"><states>25</states><edges>95</edges></level>
<level id="5"><states>41</states><edges>160</edges></level>
<level id="6"><states>65</states><edges>255</edges></level>
<level id="7"><states>95</states><edges>375</edges></level>
<level id="8"><states>130</states><edges>530</edges></level>
<level id="9"><states>175</states><edges>725</edges></level>
<level id="10"><states>226</states><edges>950</edges></level>
<level id="11"><states>280</states><edges>1190</edges></level>
<level id="12"><states>335</states><edges>1425</edges></level>
<level id="13"><states>385</states><edges>1625</edges></level>
<level id="14"><states>425</states><edges>1760</edges></level>
<level id="15"><states>451</states><edges>1815</edges></level>
<level id="16"><states>460</states><edges>1800</edges></level>
<level id="17"><states>460</states><edges>1755</edges></level>
<level id="18"><states>460</states><edges>1720</edges></level>
<level id="19"><states>465</states><edges>1715</edges></level>
<level id="20"><states>476</states><edges>1740</edges></level>
<level id="21"><states>490</states><edges>1775</edges></level>
<level id="22"><states>500</states><edges>1800</edges></level>
<level id="23"><states>505</states><edges>1810</edges></level>
<level id="24"><states>505</states><edges>1806</edges></level>
<level id="25"><states>502</states><edges>1803</edges></level>
<level id="26"><states>502</states><edges>1797</edges></level>
<level id="27"><states>499</states><edges>1779</edges></level>
<level id="28"><states>492</states><edges>1748</edges></level>
<level id="29"><states>480</states><edges>1709</edges></level>
<level id="30"><states>465</states><edges>1681</edges></level>
<level id="31"><states>453</states><edges>1683</edges></level>
<level id="32"><states>447</states><edges>1715</edges></level>
<level id="33"><states>446</states><edges>1757</edges></level>
<level id="34"><states>445</states><edges>1767</edges></level>
<level id="35"><states>434</states><edges>1702</edges></level>
<level id="36"><states>406</states><edges>1546</edges></level>
<level id="37"><states>360</states><edges>1314</edges></level>
<level id="38"><states>302</states><edges>1050</edges></level>
<level id="39"><states>242</states><edges>800</edges></level>
<level id="40"><states>188</states><edges>592</edges></level>
<level id="41"><states>144</states><edges>433</edges></level>
<level id="42"><states>109</states><edges>315</edges></level>
<level id="43"><states>82</states><edges>227</edges></level>
<level id="44"><states>61</states><edges>161</edges></level>
<level id="45"><states>45</states><edges>114</edges></level>
<level id="46"><states>34</states><edges>82</edges></level>
<level id="47"><states>26</states><edges>60</edges></level>
<level id="48"><states>20</states><edges>44</edges></level>
<level id="49"><states>15</states><edges>31</edges></level>
<level id="50"><states>11</states><edges>21</edges></level>
<level id="51"><states>8</states><edges>14</edges></level>
<level id="52"><states>6</states><edges>10</edges></level>
<level id="53"><states>5</states><edges>8</edges></level>
<level id="54"><states>4</states><edges>6</edges></level>
<level id="55"><states>3</states><edges>4</edges></level>
<level id="56"><states>2</states><edges>2</edges></level>
<level id="57"><states>1</states><edges>1</edges></level>
<level id="58"><states>1</states><edges>1</edges></level>
<level id="59"><states>1</states><edges>1</edges></level>
<level id="60"><states>1</states><edges>1</edges></level>
<level id="61"><states>1</states><edges>1</edges></level>
<level id="62"><states>1</states><edges>1</edges></level>
<level id="63"><states>1</states><edges>1</edges></level>
<level id="64"><states>1</states><edges>1</edges></level>
<level id="65"><states>1</states><edges>1</edges></level>
<level id="66"><states>1</states><edges>1</edges></level>
<level id="67"><states>1</states><edges>1</edges></level>
<level id="68"><states>1</states><edges>1</edges></level>
<level id="69"><states>1</states><edges>1</edges></level>
<level id="70"><states>1</states><edges>1</edges></level>
<level id="71"><states>1</states><edges>1</edges></level>
<level id="72"><states>1</states><edges>1</edges></level>
<level id="73"><states>1</states><edges>1</edges></level>
<level id="74"><states>1</states><edges>1</edges></level>
<level id="75"><states>1</states><edges>1</edges></level>
<level id="76"><states>1</states><edges>1</edges></level>
<level id="77"><states>1</states><edges>1</edges></level>
<level id="78"><states>1</states><edges>1</edges></level>
<level id="79"><states>1</states><edges>1</edges></level>
<level id="80"><states>1</states><edges>1</edges></level>
<level id="81"><states>1</states><edges>1</edges></level>
<level id="82"><states>1</states><edges>1</edges></level>
<level id="83"><states>1</states><edges>1</edges></level>
<level id="84"><states>1</states><edges>1</edges></level>
<level id="85"><states>1</states><edges>0</edges></level>
</bfs-levels>
<back-level-length id="0">nan</back-level-length>
</bfs-info>
<degrees>
<avg>3.71485</avg>
<max-in>5</max-in>
<max-out>5</max-out>
<degree id="0"><in>1</in><out>1</out></degree>
<degree id="1"><in>85</in><out>85</out></degree>
<degree id="2"><in>818</in><out>818</out></degree>
<degree id="3"><in>4218</in><out>4218</out></degree>
<degree id="4"><in>7081</in><out>7081</out></degree>
<degree id="5"><in>2049</in><out>2049</out></degree>
</degrees>
<scc-info>
<count>14252</count>
<height>85</height>
<nontrivial-height>0</nontrivial-height>
<trivial>14252</trivial>
<terminal>1</terminal>
<largest>1</largest>
<largest-position> the only terminal</largest-position>
</scc-info>
<dfs-info>
<stack-size id="71">0.498176</stack-size>
<stack-size id="142">0.350828</stack-size>
<stack-size id="213">0.343811</stack-size>
<stack-size id="284">0.294695</stack-size>
<stack-size id="355">0.259613</stack-size>
<stack-size id="426">0.329778</stack-size>
<stack-size id="497">0.252596</stack-size>
<stack-size id="568">0.294695</stack-size>
<stack-size id="639">0.280662</stack-size>
<stack-size id="710">0.273646</stack-size>
<stack-size id="781">0.315745</stack-size>
<stack-size id="852">0.266629</stack-size>
<stack-size id="923">0.24558</stack-size>
<stack-size id="994">0.301712</stack-size>
<stack-size id="1065">0.22453</stack-size>
<stack-size id="1136">0.266629</stack-size>
<stack-size id="1207">0.252596</stack-size>
<stack-size id="1278">0.196464</stack-size>
<stack-size id="1349">0.287679</stack-size>
<stack-size id="1420">0.238563</stack-size>
<stack-size id="1491">0.217513</stack-size>
<stack-size id="1562">0.273646</stack-size>
<stack-size id="1633">0.210497</stack-size>
<stack-size id="1704">0.238563</stack-size>
<stack-size id="1775">0.22453</stack-size>
<stack-size id="1846">0.231546</stack-size>
<stack-size id="1917">0.210497</stack-size>
<stack-size id="1988">0.189447</stack-size>
<stack-size id="2059">0.168397</stack-size>
<stack-size id="2130">0.301712</stack-size>
<stack-size id="2201">0.22453</stack-size>
<stack-size id="2272">0.266629</stack-size>
<stack-size id="2343">0.252596</stack-size>
<stack-size id="2414">0.24558</stack-size>
<stack-size id="2485">0.287679</stack-size>
<stack-size id="2556">0.238563</stack-size>
<stack-size id="2627">0.217513</stack-size>
<stack-size id="2698">0.273646</stack-size>
<stack-size id="2769">0.196464</stack-size>
<stack-size id="2840">0.238563</stack-size>
<stack-size id="2911">0.22453</stack-size>
<stack-size id="2982">0.168397</stack-size>
<stack-size id="3053">0.210497</stack-size>
<stack-size id="3124">0.217513</stack-size>
<stack-size id="3195">0.189447</stack-size>
<stack-size id="3266">0.301712</stack-size>
<stack-size id="3337">0.22453</stack-size>
<stack-size id="3408">0.189447</stack-size>
<stack-size id="3479">0.252596</stack-size>
<stack-size id="3550">0.24558</stack-size>
<stack-size id="3621">0.287679</stack-size>
<stack-size id="3692">0.238563</stack-size>
<stack-size id="3763">0.20348</stack-size>
<stack-size id="3834">0.273646</stack-size>
<stack-size id="3905">0.196464</stack-size>
<stack-size id="3976">0.238563</stack-size>
<stack-size id="4047">0.22453</stack-size>
<stack-size id="4118">0.217513</stack-size>
<stack-size id="4189">0.196464</stack-size>
<stack-size id="4260">0.175414</stack-size>
<stack-size id="4331">0.154364</stack-size>
<stack-size id="4402">0.133315</stack-size>
<stack-size id="4473">0.22453</stack-size>
<stack-size id="4544">0.24558</stack-size>
<stack-size id="4615">0.252596</stack-size>
<stack-size id="4686">0.24558</stack-size>
<stack-size id="4757">0.210497</stack-size>
<stack-size id="4828">0.238563</stack-size>
<stack-size id="4899">0.231546</stack-size>
<stack-size id="4970">0.273646</stack-size>
<stack-size id="5041">0.196464</stack-size>
<stack-size id="5112">0.161381</stack-size>
<stack-size id="5183">0.22453</stack-size>
<stack-size id="5254">0.217513</stack-size>
<stack-size id="5325">0.22453</stack-size>
<stack-size id="5396">0.196464</stack-size>
<stack-size id="5467">0.140331</stack-size>
<stack-size id="5538">0.182431</stack-size>
<stack-size id="5609">0.22453</stack-size>
<stack-size id="5680">0.24558</stack-size>
<stack-size id="5751">0.154364</stack-size>
<stack-size id="5822">0.24558</stack-size>
<stack-size id="5893">0.231546</stack-size>
<stack-size id="5964">0.238563</stack-size>
<stack-size id="6035">0.231546</stack-size>
<stack-size id="6106">0.168397</stack-size>
<stack-size id="6177">0.196464</stack-size>
<stack-size id="6248">0.217513</stack-size>
<stack-size id="6319">0.22453</stack-size>
<stack-size id="6390">0.217513</stack-size>
<stack-size id="6461">0.182431</stack-size>
<stack-size id="6532">0.161381</stack-size>
<stack-size id="6603">0.140331</stack-size>
<stack-size id="6674">0.182431</stack-size>
<stack-size id="6745">0.22453</stack-size>
<stack-size id="6816">0.210497</stack-size>
<stack-size id="6887">0.140331</stack-size>
<stack-size id="6958">0.182431</stack-size>
<stack-size id="7029">0.161381</stack-size>
<stack-size id="7100">0.140331</stack-size>
<stack-size id="7171">0.119282</stack-size>
<stack-size id="7242">0.210497</stack-size>
<stack-size id="7313">0.196464</stack-size>
<stack-size id="7384">0.140331</stack-size>
<stack-size id="7455">0.119282</stack-size>
<stack-size id="7526">0.161381</stack-size>
<stack-size id="7597">0.140331</stack-size>
<stack-size id="7668">0.20348</stack-size>
<stack-size id="7739">0.196464</stack-size>
<stack-size id="7810">0.20348</stack-size>
<stack-size id="7881">0.175414</stack-size>
<stack-size id="7952">0.119282</stack-size>
<stack-size id="8023">0.0982318</stack-size>
<stack-size id="8094">0.20348</stack-size>
<stack-size id="8165">0.189447</stack-size>
<stack-size id="8236">0.133315</stack-size>
<stack-size id="8307">0.175414</stack-size>
<stack-size id="8378">0.182431</stack-size>
<stack-size id="8449">0.154364</stack-size>
<stack-size id="8520">0.238563</stack-size>
<stack-size id="8591">0.217513</stack-size>
<stack-size id="8662">0.196464</stack-size>
<stack-size id="8733">0.175414</stack-size>
<stack-size id="8804">0.154364</stack-size>
<stack-size id="8875">0.105248</stack-size>
<stack-size id="8946">0.196464</stack-size>
<stack-size id="9017">0.140331</stack-size>
<stack-size id="9088">0.126298</stack-size>
<stack-size id="9159">0.168397</stack-size>
<stack-size id="9230">0.126298</stack-size>
<stack-size id="9301">0.147348</stack-size>
<stack-size id="9372">0.126298</stack-size>
<stack-size id="9443">0.0771821</stack-size>
<stack-size id="9514">0.182431</stack-size>
<stack-size id="9585">0.112265</stack-size>
<stack-size id="9656">0.0982318</stack-size>
<stack-size id="9727">0.140331</stack-size>
<stack-size id="9798">0.182431</stack-size>
<stack-size id="9869">0.22453</stack-size>
<stack-size id="9940">0.20348</stack-size>
<stack-size id="10011">0.105248</stack-size>
<stack-size id="10082">0.133315</stack-size>
<stack-size id="10153">0.140331</stack-size>
<stack-size id="10224">0.126298</stack-size>
<stack-size id="10295">0.154364</stack-size>
<stack-size id="10366">0.126298</stack-size>
<stack-size id="10437">0.147348</stack-size>
<stack-size id="10508">0.126298</stack-size>
<stack-size id="10579">0.0771821</stack-size>
<stack-size id="10650">0.168397</stack-size>
<stack-size id="10721">0.112265</stack-size>
<stack-size id="10792">0.0982318</stack-size>
<stack-size id="10863">0.20348</stack-size>
<stack-size id="10934">0.182431</stack-size>
<stack-size id="11005">0.161381</stack-size>
<stack-size id="11076">0.133315</stack-size>
<stack-size id="11147">0.105248</stack-size>
<stack-size id="11218">0.133315</stack-size>
<stack-size id="11289">0.161381</stack-size>
<stack-size id="11360">0.126298</stack-size>
<stack-size id="11431">0.0841987</stack-size>
<stack-size id="11502">0.126298</stack-size>
<stack-size id="11573">0.147348</stack-size>
<stack-size id="11644">0.175414</stack-size>
<stack-size id="11715">0.0771821</stack-size>
<stack-size id="11786">0.105248</stack-size>
<stack-size id="11857">0.112265</stack-size>
<stack-size id="11928">0.0982318</stack-size>
<stack-size id="11999">0.189447</stack-size>
<stack-size id="12070">0.231546</stack-size>
<stack-size id="12141">0.210497</stack-size>
<stack-size id="12212">0.189447</stack-size>
<stack-size id="12283">0.168397</stack-size>
<stack-size id="12354">0.133315</stack-size>
<stack-size id="12425">0.0841987</stack-size>
<stack-size id="12496">0.126298</stack-size>
<stack-size id="12567">0.0841987</stack-size>
<stack-size id="12638">0.182431</stack-size>
<stack-size id="12709">0.147348</stack-size>
<stack-size id="12780">0.0701656</stack-size>
<stack-size id="12851">0.0771821</stack-size>
<stack-size id="12922">0.105248</stack-size>
<stack-size id="12993">0.133315</stack-size>
<stack-size id="13064">0.0982318</stack-size>
<stack-size id="13135">0.0561325</stack-size>
<stack-size id="13206">0.0982318</stack-size>
<stack-size id="13277">0.119282</stack-size>
<stack-size id="13348">0.119282</stack-size>
<stack-size id="13419">0.0912153</stack-size>
<stack-size id="13490">0.112265</stack-size>
<stack-size id="13561">0.140331</stack-size>
<stack-size id="13632">0.0982318</stack-size>
<stack-size id="13703">0.0701656</stack-size>
<stack-size id="13774">0.154364</stack-size>
<stack-size id="13845">0.0982318</stack-size>
<stack-size id="13916">0.0841987</stack-size>
<stack-size id="13987">0.0491159</stack-size>
<stack-size id="14058">0.0912153</stack-size>
<stack-size id="14129">0.0841987</stack-size>
<stack-size id="14200">0.0350828</stack-size>
<max-stack>86</max-stack>
<front-edges>14251</front-edges>
<back-edges>0</back-edges>
<cross-edges>38693</cross-edges>
<shortest-cycle>-1</shortest-cycle>
</dfs-info>
<rw-info>
<coverage step="1420">4.91159</coverage>
<coverage step="2840">9.14258</coverage>
<coverage step="4260">12.728</coverage>
<coverage step="5680">15.9767</coverage>
<coverage step="7100">19.1271</coverage>
<coverage step="8520">21.7794</coverage>
<coverage step="9940">24.2843</coverage>
<coverage step="11360">26.9997</coverage>
<coverage step="12780">29.2661</coverage>
<coverage step="14200">31.4763</coverage>
<coverage step="15620">33.4199</coverage>
<coverage step="17040">35.4126</coverage>
<coverage step="18460">37.2509</coverage>
<coverage step="19880">38.8577</coverage>
<coverage step="21300">40.2329</coverage>
<coverage step="22720">41.8117</coverage>
<coverage step="24140">43.1238</coverage>
<coverage step="25560">44.4008</coverage>
<coverage step="26980">45.783</coverage>
<coverage step="28400">46.7513</coverage>
<coverage step="29820">47.8179</coverage>
<coverage step="31240">49.165</coverage>
<coverage step="32660">50.0351</coverage>
<coverage step="34080">50.9753</coverage>
<coverage step="35500">52.133</coverage>
<coverage step="36920">53.0312</coverage>
<coverage step="38340">53.9714</coverage>
<coverage step="39760">55.0379</coverage>
<coverage step="41180">55.8167</coverage>
<coverage step="42600">56.6657</coverage>
<coverage step="44020">57.2762</coverage>
<coverage step="45440">58.0901</coverage>
<coverage step="46860">58.8128</coverage>
<coverage step="48280">59.4583</coverage>
<coverage step="49700">60.3003</coverage>
<coverage step="51120">60.7774</coverage>
<coverage step="52540">61.3247</coverage>
<coverage step="53960">61.9562</coverage>
<coverage step="55380">62.6368</coverage>
<coverage step="56800">63.2402</coverage>
<coverage step="58220">63.7735</coverage>
<coverage step="59640">64.6015</coverage>
<coverage step="61060">65.1558</coverage>
<coverage step="62480">65.4855</coverage>
<coverage step="63900">66.082</coverage>
<coverage step="65320">66.4468</coverage>
<coverage step="66740">67.0292</coverage>
<coverage step="68160">67.6256</coverage>
<coverage step="69580">68.1027</coverage>
<coverage step="71000">68.5939</coverage>
<coverage step="72420">69.0219</coverage>
<coverage step="73840">69.5201</coverage>
<coverage step="75260">69.8498</coverage>
<coverage step="76680">70.0814</coverage>
<coverage step="78100">70.3971</coverage>
<coverage step="79520">70.6848</coverage>
<coverage step="80940">70.9725</coverage>
<coverage step="82360">71.3093</coverage>
<coverage step="83780">71.8004</coverage>
<coverage step="85200">72.0039</coverage>
<coverage step="86620">72.3197</coverage>
<coverage step="88040">72.6354</coverage>
<coverage step="89460">72.9933</coverage>
<coverage step="90880">73.3722</coverage>
<coverage step="92300">73.6669</coverage>
<coverage step="93720">73.9896</coverage>
<coverage step="95140">74.2773</coverage>
<coverage step="96560">74.586</coverage>
<coverage step="97980">74.7053</coverage>
<coverage step="99400">74.8527</coverage>
<coverage step="100820">75.0982</coverage>
<coverage step="102240">75.3368</coverage>
<coverage step="103660">75.5403</coverage>
<coverage step="105080">75.828</coverage>
<coverage step="106500">76.0806</coverage>
<coverage step="107920">76.2489</coverage>
<coverage step="109340">76.3752</coverage>
<coverage step="110760">76.6278</coverage>
<coverage step="112180">76.698</coverage>
<coverage step="113600">76.9085</coverage>
<coverage step="115020">77.0769</coverage>
<coverage step="116440">77.2663</coverage>
<coverage step="117860">77.561</coverage>
<coverage step="119280">77.7856</coverage>
<coverage step="120700">77.8838</coverage>
<coverage step="122120">78.1154</coverage>
<coverage step="123540">78.2136</coverage>
<coverage step="124960">78.375</coverage>
<coverage step="126380">78.5925</coverage>
<coverage step="127800">78.7819</coverage>
<coverage step="129220">78.9854</coverage>
<coverage step="130640">79.1608</coverage>
<coverage step="132060">79.3012</coverage>
<coverage step="133480">79.6379</coverage>
<coverage step="134900">79.7081</coverage>
<coverage step="136320">79.8274</coverage>
<coverage step="137740">79.9677</coverage>
<coverage step="139160">80.1151</coverage>
<coverage step="140580">80.2624</coverage>
<coverage step="142000">80.4519</coverage>
<rw-visits order="1">1711</rw-visits>
<rw-visits order="58">174</rw-visits>
<rw-visits order="115">76</rw-visits>
<rw-visits order="172">50</rw-visits>
<rw-visits order="229">37</rw-visits>
<rw-visits order="286">31</rw-visits>
<rw-visits order="343">27</rw-visits>
<rw-visits order="400">24</rw-visits>
<rw-visits order="457">22</rw-visits>
<rw-visits order="514">21</rw-visits>
<rw-visits order="571">19</rw-visits>
<rw-visits order="628">18</rw-visits>
<rw-visits order="685">17</rw-visits>
<rw-visits order="742">16</rw-visits>
<rw-visits order="799">16</rw-visits>
<rw-visits order="856">15</rw-visits>
<rw-visits order="913">14</rw-visits>
<rw-visits order="970">14</rw-visits>
<rw-visits order="1027">13</rw-visits>
<rw-visits order="1084">13</rw-visits>
<rw-visits order="1141">13</rw-visits>
<rw-visits order="1198">12</rw-visits>
<rw-visits order="1255">12</rw-visits>
<rw-visits order="1312">12</rw-visits>
<rw-visits order="1369">11</rw-visits>
<rw-visits order="1426">11</rw-visits>
<rw-visits order="1483">11</rw-visits>
<rw-visits order="1540">11</rw-visits>
<rw-visits order="1597">11</rw-visits>
<rw-visits order="1654">10</rw-visits>
<rw-visits order="1711">10</rw-visits>
<rw-visits order="1768">10</rw-visits>
<rw-visits order="1825">10</rw-visits>
<rw-visits order="1882">10</rw-visits>
<rw-visits order="1939">9</rw-visits>
<rw-visits order="1996">9</rw-visits>
<rw-visits order="2053">9</rw-visits>
<rw-visits order="2110">9</rw-visits>
<rw-visits order="2167">9</rw-visits>
<rw-visits order="2224">9</rw-visits>
<rw-visits order="2281">9</rw-visits>
<rw-visits order="2338">8</rw-visits>
<rw-visits order="2395">8</rw-visits>
<rw-visits order="2452">8</rw-visits>
<rw-visits order="2509">8</rw-visits>
<rw-visits order="2566">8</rw-visits>
<rw-visits order="2623">8</rw-visits>
<rw-visits order="2680">8</rw-visits>
<rw-visits order="2737">8</rw-visits>
<rw-visits order="2794">8</rw-visits>
<rw-visits order="2851">7</rw-visits>
<rw-visits order="2908">7</rw-visits>
<rw-visits order="2965">7</rw-visits>
<rw-visits order="3022">7</rw-visits>
<rw-visits order="3079">7</rw-visits>
<rw-visits order="3136">7</rw-visits>
<rw-visits order="3193">7</rw-visits>
<rw-visits order="3250">7</rw-visits>
<rw-visits order="3307">7</rw-visits>
<rw-visits order="3364">7</rw-visits>
<rw-visits order="3421">7</rw-visits>
<rw-visits order="3478">6</rw-visits>
<rw-visits order="3535">6</rw-visits>
<rw-visits order="3592">6</rw-visits>
<rw-visits order="3649">6</rw-visits>
<rw-visits order="3706">6</rw-visits>
<rw-visits order="3763">6</rw-visits>
<rw-visits order="3820">6</rw-visits>
<rw-visits order="3877">6</rw-visits>
<rw-visits order="3934">6</rw-visits>
<rw-visits order="3991">6</rw-visits>
<rw-visits order="4048">6</rw-visits>
<rw-visits order="4105">6</rw-visits>
<rw-visits order="4162">6</rw-visits>
<rw-visits order="4219">5</rw-visits>
<rw-visits order="4276">5</rw-visits>
<rw-visits order="4333">5</rw-visits>
<rw-visits order="4390">5</rw-visits>
<rw-visits order="4447">5</rw-visits>
<rw-visits order="4504">5</rw-visits>
<rw-visits order="4561">5</rw-visits>
<rw-visits order="4618">5</rw-visits>
<rw-visits order="4675">5</rw-visits>
<rw-visits order="4732">5</rw-visits>
<rw-visits order="4789">5</rw-visits>
<rw-visits order="4846">5</rw-visits>
<rw-visits order="4903">5</rw-visits>
<rw-visits order="4960">5</rw-visits>
<rw-visits order="5017">5</rw-visits>
<rw-visits order="5074">5</rw-visits>
<rw-visits order="5131">4</rw-visits>
<rw-visits order="5188">4</rw-visits>
<rw-visits order="5245">4</rw-visits>
<rw-visits order="5302">4</rw-visits>
<rw-visits order="5359">4</rw-visits>
<rw-visits order="5416">4</rw-visits>
<rw-visits order="5473">4</rw-visits>
<rw-visits order="5530">4</rw-visits>
<rw-visits order="5587">4</rw-visits>
<rw-visits order="5644">4</rw-visits>
<rw-visits order="5701">4</rw-visits>
<rw-visits order="5758">4</rw-visits>
<rw-visits order="5815">4</rw-visits>
<rw-visits order="5872">4</rw-visits>
<rw-visits order="5929">4</rw-visits>
<rw-visits order="5986">4</rw-visits>
<rw-visits order="6043">4</rw-visits>
<rw-visits order="6100">4</rw-visits>
<rw-visits order="6157">4</rw-visits>
<rw-visits order="6214">4</rw-visits>
<rw-visits order="6271">4</rw-visits>
<rw-visits order="6328">3</rw-visits>
<rw-visits order="6385">3</rw-visits>
<rw-visits order="6442">3</rw-visits>
<rw-visits order="6499">3</rw-visits>
<rw-visits order="6556">3</rw-visits>
<rw-visits order="6613">3</rw-visits>
<rw-visits order="6670">3</rw-visits>
<rw-visits order="6727">3</rw-visits>
<rw-visits order="6784">3</rw-visits>
<rw-visits order="6841">3</rw-visits>
<rw-visits order="6898">3</rw-visits>
<rw-visits order="6955">3</rw-visits>
<rw-visits order="7012">3</rw-visits>
<rw-visits order="7069">3</rw-visits>
<rw-visits order="7126">3</rw-visits>
<rw-visits order="7183">3</rw-visits>
<rw-visits order="7240">3</rw-visits>
<rw-visits order="7297">3</rw-visits>
<rw-visits order="7354">3</rw-visits>
<rw-visits order="7411">3</rw-visits>
<rw-visits order="7468">3</rw-visits>
<rw-visits order="7525">3</rw-visits>
<rw-visits order="7582">3</rw-visits>
<rw-visits order="7639">3</rw-visits>
<rw-visits order="7696">3</rw-visits>
<rw-visits order="7753">2</rw-visits>
<rw-visits order="7810">2</rw-visits>
<rw-visits order="7867">2</rw-visits>
<rw-visits order="7924">2</rw-visits>
<rw-visits order="7981">2</rw-visits>
<rw-visits order="8038">2</rw-visits>
<rw-visits order="8095">2</rw-visits>
<rw-visits order="8152">2</rw-visits>
<rw-visits order="8209">2</rw-visits>
<rw-visits order="8266">2</rw-visits>
<rw-visits order="8323">2</rw-visits>
<rw-visits order="8380">2</rw-visits>
<rw-visits order="8437">2</rw-visits>
<rw-visits order="8494">2</rw-visits>
<rw-visits order="8551">2</rw-visits>
<rw-visits order="8608">2</rw-visits>
<rw-visits order="8665">2</rw-visits>
<rw-visits order="8722">2</rw-visits>
<rw-visits order="8779">2</rw-visits>
<rw-visits order="8836">2</rw-visits>
<rw-visits order="8893">2</rw-visits>
<rw-visits order="8950">2</rw-visits>
<rw-visits order="9007">2</rw-visits>
<rw-visits order="9064">2</rw-visits>
<rw-visits order="9121">2</rw-visits>
<rw-visits order="9178">2</rw-visits>
<rw-visits order="9235">2</rw-visits>
<rw-visits order="9292">2</rw-visits>
<rw-visits order="9349">2</rw-visits>
<rw-visits order="9406">2</rw-visits>
<rw-visits order="9463">1</rw-visits>
<rw-visits order="9520">1</rw-visits>
<rw-visits order="9577">1</rw-visits>
<rw-visits order="9634">1</rw-visits>
<rw-visits order="9691">1</rw-visits>
<rw-visits order="9748">1</rw-visits>
<rw-visits order="9805">1</rw-visits>
<rw-visits order="9862">1</rw-visits>
<rw-visits order="9919">1</rw-visits>
<rw-visits order="9976">1</rw-visits>
<rw-visits order="10033">1</rw-visits>
<rw-visits order="10090">1</rw-visits>
<rw-visits order="10147">1</rw-visits>
<rw-visits order="10204">1</rw-visits>
<rw-visits order="10261">1</rw-visits>
<rw-visits order="10318">1</rw-visits>
<rw-visits order="10375">1</rw-visits>
<rw-visits order="10432">1</rw-visits>
<rw-visits order="10489">1</rw-visits>
<rw-visits order="10546">1</rw-visits>
<rw-visits order="10603">1</rw-visits>
<rw-visits order="10660">1</rw-visits>
<rw-visits order="10717">1</rw-visits>
<rw-visits order="10774">1</rw-visits>
<rw-visits order="10831">1</rw-visits>
<rw-visits order="10888">1</rw-visits>
<rw-visits order="10945">1</rw-visits>
<rw-visits order="11002">1</rw-visits>
<rw-visits order="11059">1</rw-visits>
<rw-visits order="11116">1</rw-visits>
<rw-visits order="11173">1</rw-visits>
<rw-visits order="11230">1</rw-visits>
<rw-visits order="11287">1</rw-visits>
<rw-visits order="11344">1</rw-visits>
<rw-visits order="11401">1</rw-visits>
<rw-visits order="11458">1</rw-visits>
<final-coverage>80.5431</final-coverage>
</rw-info>
<local-info>
<diamonds>99.3966</diamonds>
<neighborhood k="4">54</neighborhood>
<clustering k="4">1.97938</clustering>
</local-info>
<label-info>
<edge-label id="0.0+6.0">272</edge-label>
<edge-label id="0.10">1324</edge-label>
<edge-label id="0.14">1324</edge-label>
<edge-label id="0.15">1</edge-label>
<edge-label id="0.18+6.0">1</edge-label>
<edge-label id="0.2">1261</edge-label>
<edge-label id="0.3">1324</edge-label>
<edge-label id="0.4">1</edge-label>
<edge-label id="0.5">1260</edge-label>
<edge-label id="0.6">1</edge-label>
<edge-label id="0.7+6.0">1</edge-label>
<edge-label id="0.8+6.0">1260</edge-label>
<edge-label id="1.0+7.0">272</edge-label>
<edge-label id="1.10">1184</edge-label>
<edge-label id="1.13+7.0">1184</edge-label>
<edge-label id="1.16">1</edge-label>
<edge-label id="1.17">1</edge-label>
<edge-label id="1.2">1261</edge-label>
<edge-label id="1.3">1184</edge-label>
<edge-label id="1.4">1</edge-label>
<edge-label id="1.5">1261</edge-label>
<edge-label id="1.8+7.0">1260</edge-label>
<edge-label id="1.9+7.0">1</edge-label>
<edge-label id="2.0+8.0">272</edge-label>
<edge-label id="2.10">1184</edge-label>
<edge-label id="2.14">1184</edge-label>
<edge-label id="2.16">1</edge-label>
<edge-label id="2.18+8.0">1</edge-label>
<edge-label id="2.2">1442</edge-label>
<edge-label id="2.3">1184</edge-label>
<edge-label id="2.4">1</edge-label>
<edge-label id="2.5">1260</edge-label>
<edge-label id="2.6">182</edge-label>
<edge-label id="2.7+8.0">182</edge-label>
<edge-label id="2.8+8.0">1260</edge-label>
<edge-label id="3.0+9.0">276</edge-label>
<edge-label id="3.10">1300</edge-label>
<edge-label id="3.14">1300</edge-label>
<edge-label id="3.16">1</edge-label>
<edge-label id="3.18+9.0">1</edge-label>
<edge-label id="3.2">1325</edge-label>
<edge-label id="3.3">1300</edge-label>
<edge-label id="3.4">1</edge-label>
<edge-label id="3.5">1296</edge-label>
<edge-label id="3.6">29</edge-label>
<edge-label id="3.7+9.0">29</edge-label>
<edge-label id="3.8+9.0">1296</edge-label>
<edge-label id="4.0+5.0">272</edge-label>
<edge-label id="4.10">1304</edge-label>
<edge-label id="4.14">1304</edge-label>
<edge-label id="4.16">1</edge-label>
<edge-label id="4.18+5.0">1</edge-label>
<edge-label id="4.2">1305</edge-label>
<edge-label id="4.3">1304</edge-label>
<edge-label id="4.4">1</edge-label>
<edge-label id="4.5">1300</edge-label>
<edge-label id="4.6">5</edge-label>
<edge-label id="4.7+5.0">5</edge-label>
<edge-label id="4.8+5.0">1300</edge-label>
<edge-label id="5.1+0.1">2586</edge-label>
<edge-label id="6.1+1.1">2446</edge-label>
<edge-label id="7.1+2.1">2627</edge-label>
<edge-label id="8.1+3.1">2626</edge-label>
<edge-label id="9.1+4.1">2610</edge-label>
<state-labels procid="0">
<label id="[0]">14246</label>
<label id="[1]">6</label>
</state-labels><state-labels procid="1">
<label id="[0,24,0,0,0,1]">272</label>
<label id="[1,24,0,0,0,1]">1488</label>
<label id="[1,24,0,23,0,0]">1324</label>
<label id="[1,24,23,23,0,1]">3388</label>
<label id="[1,24,24,23,0,0]">22</label>
<label id="[10,24,24,23,0,0]">1</label>
<label id="[2,24,24,23,0,0]">1</label>
<label id="[2,24,53,0,0,1]">1260</label>
<label id="[2,24,54,23,0,0]">1</label>
<label id="[2,24,60,23,0,1]">1324</label>
<label id="[3,24,23,0,0,1]">1260</label>
<label id="[3,24,24,23,0,0]">1</label>
<label id="[4,24,23,0,0,1]">1260</label>
<label id="[5,24,24,23,0,0]">1</label>
<label id="[6,24,0,23,0,1]">1324</label>
<label id="[7,24,0,23,0,1]">1324</label>
<label id="[9,24,24,23,0,0]">1</label>
</state-labels><state-labels procid="2">
<label id="[0,14,0,0,0,1]">272</label>
<label id="[1,14,0,0,0,1]">1488</label>
<label id="[1,14,24,24,0,1]">3084</label>
<label id="[1,24,23,24,0,1]">2052</label>
<label id="[1,24,24,24,1,1]">18</label>
<label id="[10,24,24,24,1,1]">1</label>
<label id="[2,14,54,0,0,1]">1260</label>
<label id="[2,14,83,24,0,1]">1184</label>
<label id="[2,24,24,24,1,1]">1</label>
<label id="[2,24,54,24,0,1]">1</label>
<label id="[3,14,24,0,0,1]">1260</label>
<label id="[3,24,24,24,0,1]">1</label>
<label id="[4,14,24,0,0,1]">1260</label>
<label id="[4,24,24,24,0,1]">1</label>
<label id="[6,14,23,24,0,1]">1184</label>
<label id="[7,14,23,24,0,1]">1184</label>
<label id="[9,24,24,24,1,1]">1</label>
</state-labels><state-labels procid="3">
<label id="[0,6,0,0,0,1]">272</label>
<label id="[1,6,0,0,0,1]">1488</label>
<label id="[1,6,14,14,0,1]">3084</label>
<label id="[1,6,24,14,0,0]">1527</label>
<label id="[10,6,24,14,0,0]">1</label>
<label id="[2,6,24,14,0,0]">1</label>
<label id="[2,6,44,0,0,1]">1260</label>
<label id="[2,6,54,14,0,0]">182</label>
<label id="[2,6,84,14,0,1]">1184</label>
<label id="[3,6,14,0,0,1]">1260</label>
<label id="[3,6,24,14,0,0]">182</label>
<label id="[4,6,14,0,0,1]">1260</label>
<label id="[5,6,24,14,0,0]">182</label>
<label id="[6,6,24,14,0,1]">1184</label>
<label id="[7,6,24,14,0,1]">1184</label>
<label id="[9,6,24,14,0,0]">1</label>
</state-labels><state-labels procid="4">
<label id="[0,0,0,0,0,1]">276</label>
<label id="[1,0,0,0,0,1]">1524</label>
<label id="[1,0,14,6,0,0]">1300</label>
<label id="[1,0,24,6,0,0]">74</label>
<label id="[1,0,6,6,0,1]">3200</label>
<label id="[10,0,24,6,0,0]">1</label>
<label id="[2,0,24,6,0,0]">1</label>
<label id="[2,0,36,0,0,1]">1296</label>
<label id="[2,0,54,6,0,0]">29</label>
<label id="[2,0,74,6,0,1]">1300</label>
<label id="[3,0,24,6,0,0]">29</label>
<label id="[3,0,6,0,0,1]">1296</label>
<label id="[4,0,6,0,0,1]">1296</label>
<label id="[5,0,24,6,0,0]">29</label>
<label id="[6,0,14,6,0,1]">1300</label>
<label id="[7,0,14,6,0,1]">1300</label>
<label id="[9,0,24,6,0,0]">1</label>
</state-labels><state-labels procid="5">
<label id="[0,23,0,0,0,1]">272</label>
<label id="[1,23,0,0,0,1]">4816</label>
<label id="[1,23,24,0,0,0]">30</label>
<label id="[1,23,6,0,0,0]">1304</label>
<label id="[10,23,24,0,0,0]">1</label>
<label id="[2,23,24,0,0,0]">1</label>
<label id="[2,23,30,0,0,1]">1300</label>
<label id="[2,23,54,0,0,0]">5</label>
<label id="[2,23,66,0,0,1]">1304</label>
<label id="[3,23,0,0,0,1]">1300</label>
<label id="[3,23,24,0,0,0]">5</label>
<label id="[4,23,0,0,0,1]">1300</label>
<label id="[5,23,24,0,0,0]">5</label>
<label id="[6,23,6,0,0,1]">1304</label>
<label id="[7,23,6,0,0,1]">1304</label>
<label id="[9,23,24,0,0,0]">1</label>
</state-labels><state-labels procid="6">
<label id="[0,{0|0|0|0|0|0|0|0|0|0},0]">10067</label>
<label id="[0,{24|0|0|0|0|0|0|0|0|0},1]">1</label>
<label id="[0,{53|0|0|0|0|0|0|0|0|0},1]">956</label>
<label id="[0,{53|60|0|0|0|0|0|0|0|0},2]">532</label>
<label id="[0,{54|0|0|0|0|0|0|0|0|0},1]">4</label>
<label id="[0,{60|0|0|0|0|0|0|0|0|0},1]">2691</label>
<label id="[0,{60|54|0|0|0|0|0|0|0|0},2]">1</label>
</state-labels><state-labels procid="7">
<label id="[0,{0|0|0|0|0|0|0|0|0|0},0]">10210</label>
<label id="[0,{24|0|0|0|0|0|0|0|0|0},1]">1</label>
<label id="[0,{54|0|0|0|0|0|0|0|0|0},1]">957</label>
<label id="[0,{54|83|0|0|0|0|0|0|0|0},2]">532</label>
<label id="[0,{83|0|0|0|0|0|0|0|0|0},1]">2552</label>
</state-labels><state-labels procid="8">
<label id="[0,{0|0|0|0|0|0|0|0|0|0},0]">9483</label>
<label id="[0,{24|0|0|0|0|0|0|0|0|0},1]">1</label>
<label id="[0,{44|0|0|0|0|0|0|0|0|0},1]">956</label>
<label id="[0,{44|84|0|0|0|0|0|0|0|0},2]">456</label>
<label id="[0,{44|84|54|0|0|0|0|0|0|0},3]">76</label>
<label id="[0,{54|0|0|0|0|0|0|0|0|0},1]">728</label>
<label id="[0,{84|0|0|0|0|0|0|0|0|0},1]">2172</label>
<label id="[0,{84|54|0|0|0|0|0|0|0|0},2]">380</label>
</state-labels><state-labels procid="9">
<label id="[0,{0|0|0|0|0|0|0|0|0|0},0]">9831</label>
<label id="[0,{24|0|0|0|0|0|0|0|0|0},1]">1</label>
<label id="[0,{36|0|0|0|0|0|0|0|0|0},1]">956</label>
<label id="[0,{36|74|0|0|0|0|0|0|0|0},2]">562</label>
<label id="[0,{36|74|54|0|0|0|0|0|0|0},3]">10</label>
<label id="[0,{54|0|0|0|0|0|0|0|0|0},1]">116</label>
<label id="[0,{74|0|0|0|0|0|0|0|0|0},1]">2720</label>
<label id="[0,{74|54|0|0|0|0|0|0|0|0},2]">56</label>
</state-labels><state-labels procid="10">
<label id="[0,{0|0|0|0|0|0|0|0|0|0},0]">9959</label>
<label id="[0,{24|0|0|0|0|0|0|0|0|0},1]">1</label>
<label id="[0,{30|0|0|0|0|0|0|0|0|0},1]">972</label>
<label id="[0,{30|66|0|0|0|0|0|0|0|0},2]">555</label>
<label id="[0,{30|66|54|0|0|0|0|0|0|0},3]">1</label>
<label id="[0,{54|0|0|0|0|0|0|0|0|0},1]">20</label>
<label id="[0,{66|0|0|0|0|0|0|0|0|0},1]">2736</label>
<label id="[0,{66|54|0|0|0|0|0|0|0|0},2]">8</label>
</state-labels></label-info>
</state-space-info>
