<?xml version="1.0"?>
<!DOCTYPE state-space-info SYSTEM "../../state_space_info.dtd">


<state-space-info>
<states>101360</states>
<edges>446024</edges>
<bfs-info>
 <levels>151</levels>
<max-level>3249</max-level>

<back-level-edges>0</back-level-edges>
<max-back-level-edge>0</max-back-level-edge>
<avg-back-level-edge>nan</avg-back-level-edge>
<bfs-levels>
<level id="0"><states>1</states><edges>6</edges></level>
<level id="1"><states>6</states><edges>30</edges></level>
<level id="2"><states>15</states><edges>66</edges></level>
<level id="3"><states>26</states><edges>114</edges></level>
<level id="4"><states>45</states><edges>204</edges></level>
<level id="5"><states>78</states><edges>360</edges></level>
<level id="6"><states>130</states><edges>606</edges></level>
<level id="7"><states>204</states><edges>954</edges></level>
<level id="8"><states>300</states><edges>1428</edges></level>
<level id="9"><states>428</states><edges>2070</edges></level>
<level id="10"><states>591</states><edges>2892</edges></level>
<level id="11"><states>786</states><edges>3888</edges></level>
<level id="12"><states>1011</states><edges>5046</edges></level>
<level id="13"><states>1260</states><edges>6324</edges></level>
<level id="14"><states>1521</states><edges>7644</edges></level>
<level id="15"><states>1780</states><edges>8904</edges></level>
<level id="16"><states>2016</states><edges>9984</edges></level>
<level id="17"><states>2214</states><edges>10818</edges></level>
<level id="18"><states>2375</states><edges>11388</edges></level>
<level id="19"><states>2496</states><edges>11736</edges></level>
<level id="20"><states>2592</states><edges>11970</edges></level>
<level id="21"><states>2680</states><edges>12192</edges></level>
<level id="22"><states>2769</states><edges>12474</edges></level>
<level id="23"><states>2868</states><edges>12822</edges></level>
<level id="24"><states>2967</states><edges>13184</edges></level>
<level id="25"><states>3056</states><edges>13516</edges></level>
<level id="26"><states>3132</states><edges>13782</edges></level>
<level id="27"><states>3188</states><edges>13968</edges></level>
<level id="28"><states>3226</states><edges>14080</edges></level>
<level id="29"><states>3246</states><edges>14122</edges></level>
<level id="30"><states>3249</states><edges>14108</edges></level>
<level id="31"><states>3240</states><edges>14050</edges></level>
<level id="32"><states>3220</states><edges>13946</edges></level>
<level id="33"><states>3188</states><edges>13788</edges></level>
<level id="34"><states>3142</states><edges>13560</edges></level>
<level id="35"><states>3076</states><edges>13250</edges></level>
<level id="36"><states>2989</states><edges>12892</edges></level>
<level id="37"><states>2890</states><edges>12548</edges></level>
<level id="38"><states>2793</states><edges>12280</edges></level>
<level id="39"><states>2710</states><edges>12096</edges></level>
<level id="40"><states>2638</states><edges>11918</edges></level>
<level id="41"><states>2560</states><edges>11612</edges></level>
<level id="42"><states>2451</states><edges>11050</edges></level>
<level id="43"><states>2294</states><edges>10176</edges></level>
<level id="44"><states>2087</states><edges>9047</edges></level>
<level id="45"><states>1847</states><edges>7795</edges></level>
<level id="46"><states>1599</states><edges>6566</edges></level>
<level id="47"><states>1366</states><edges>5454</edges></level>
<level id="48"><states>1156</states><edges>4483</edges></level>
<level id="49"><states>969</states><edges>3641</edges></level>
<level id="50"><states>802</states><edges>2911</edges></level>
<level id="51"><states>655</states><edges>2297</edges></level>
<level id="52"><states>532</states><edges>1806</edges></level>
<level id="53"><states>434</states><edges>1434</edges></level>
<level id="54"><states>359</states><edges>1161</edges></level>
<level id="55"><states>301</states><edges>955</edges></level>
<level id="56"><states>254</states><edges>790</edges></level>
<level id="57"><states>214</states><edges>650</edges></level>
<level id="58"><states>179</states><edges>528</edges></level>
<level id="59"><states>148</states><edges>422</edges></level>
<level id="60"><states>121</states><edges>332</edges></level>
<level id="61"><states>98</states><edges>258</edges></level>
<level id="62"><states>79</states><edges>201</edges></level>
<level id="63"><states>65</states><edges>161</edges></level>
<level id="64"><states>55</states><edges>134</edges></level>
<level id="65"><states>48</states><edges>116</edges></level>
<level id="66"><states>43</states><edges>102</edges></level>
<level id="67"><states>38</states><edges>88</edges></level>
<level id="68"><states>33</states><edges>74</edges></level>
<level id="69"><states>28</states><edges>60</edges></level>
<level id="70"><states>23</states><edges>47</edges></level>
<level id="71"><states>19</states><edges>37</edges></level>
<level id="72"><states>16</states><edges>30</edges></level>
<level id="73"><states>14</states><edges>26</edges></level>
<level id="74"><states>13</states><edges>25</edges></level>
<level id="75"><states>13</states><edges>25</edges></level>
<level id="76"><states>13</states><edges>25</edges></level>
<level id="77"><states>13</states><edges>25</edges></level>
<level id="78"><states>13</states><edges>24</edges></level>
<level id="79"><states>12</states><edges>22</edges></level>
<level id="80"><states>11</states><edges>20</edges></level>
<level id="81"><states>10</states><edges>18</edges></level>
<level id="82"><states>9</states><edges>18</edges></level>
<level id="83"><states>10</states><edges>20</edges></level>
<level id="84"><states>11</states><edges>22</edges></level>
<level id="85"><states>12</states><edges>24</edges></level>
<level id="86"><states>13</states><edges>24</edges></level>
<level id="87"><states>12</states><edges>22</edges></level>
<level id="88"><states>11</states><edges>20</edges></level>
<level id="89"><states>10</states><edges>18</edges></level>
<level id="90"><states>9</states><edges>17</edges></level>
<level id="91"><states>9</states><edges>17</edges></level>
<level id="92"><states>9</states><edges>17</edges></level>
<level id="93"><states>9</states><edges>17</edges></level>
<level id="94"><states>9</states><edges>16</edges></level>
<level id="95"><states>8</states><edges>14</edges></level>
<level id="96"><states>7</states><edges>12</edges></level>
<level id="97"><states>6</states><edges>10</edges></level>
<level id="98"><states>5</states><edges>9</edges></level>
<level id="99"><states>5</states><edges>9</edges></level>
<level id="100"><states>5</states><edges>9</edges></level>
<level id="101"><states>5</states><edges>9</edges></level>
<level id="102"><states>5</states><edges>8</edges></level>
<level id="103"><states>4</states><edges>6</edges></level>
<level id="104"><states>3</states><edges>4</edges></level>
<level id="105"><states>2</states><edges>2</edges></level>
<level id="106"><states>1</states><edges>1</edges></level>
<level id="107"><states>1</states><edges>1</edges></level>
<level id="108"><states>1</states><edges>1</edges></level>
<level id="109"><states>1</states><edges>1</edges></level>
<level id="110"><states>1</states><edges>1</edges></level>
<level id="111"><states>1</states><edges>1</edges></level>
<level id="112"><states>1</states><edges>1</edges></level>
<level id="113"><states>1</states><edges>1</edges></level>
<level id="114"><states>1</states><edges>1</edges></level>
<level id="115"><states>1</states><edges>1</edges></level>
<level id="116"><states>1</states><edges>1</edges></level>
<level id="117"><states>1</states><edges>1</edges></level>
<level id="118"><states>1</states><edges>1</edges></level>
<level id="119"><states>1</states><edges>1</edges></level>
<level id="120"><states>1</states><edges>1</edges></level>
<level id="121"><states>1</states><edges>1</edges></level>
<level id="122"><states>1</states><edges>1</edges></level>
<level id="123"><states>1</states><edges>1</edges></level>
<level id="124"><states>1</states><edges>1</edges></level>
<level id="125"><states>1</states><edges>1</edges></level>
<level id="126"><states>1</states><edges>1</edges></level>
<level id="127"><states>1</states><edges>1</edges></level>
<level id="128"><states>1</states><edges>1</edges></level>
<level id="129"><states>1</states><edges>1</edges></level>
<level id="130"><states>1</states><edges>1</edges></level>
<level id="131"><states>1</states><edges>1</edges></level>
<level id="132"><states>1</states><edges>1</edges></level>
<level id="133"><states>1</states><edges>1</edges></level>
<level id="134"><states>1</states><edges>1</edges></level>
<level id="135"><states>1</states><edges>1</edges></level>
<level id="136"><states>1</states><edges>1</edges></level>
<level id="137"><states>1</states><edges>1</edges></level>
<level id="138"><states>1</states><edges>1</edges></level>
<level id="139"><states>1</states><edges>1</edges></level>
<level id="140"><states>1</states><edges>1</edges></level>
<level id="141"><states>1</states><edges>1</edges></level>
<level id="142"><states>1</states><edges>1</edges></level>
<level id="143"><states>1</states><edges>1</edges></level>
<level id="144"><states>1</states><edges>1</edges></level>
<level id="145"><states>1</states><edges>1</edges></level>
<level id="146"><states>1</states><edges>1</edges></level>
<level id="147"><states>1</states><edges>1</edges></level>
<level id="148"><states>1</states><edges>1</edges></level>
<level id="149"><states>1</states><edges>1</edges></level>
<level id="150"><states>1</states><edges>0</edges></level>
</bfs-levels>
<back-level-length id="0">nan</back-level-length>
</bfs-info>
<degrees>
<avg>4.40039</avg>
<max-in>6</max-in>
<max-out>6</max-out>
<degree id="0"><in>1</in><out>1</out></degree>
<degree id="1"><in>150</in><out>150</out></degree>
<degree id="2"><in>1967</in><out>1967</out></degree>
<degree id="3"><in>12372</in><out>12372</out></degree>
<degree id="4"><in>37719</in><out>37719</out></degree>
<degree id="5"><in>40958</in><out>40958</out></degree>
<degree id="6"><in>8193</in><out>8193</out></degree>
</degrees>
<scc-info>
<count>101360</count>
<height>150</height>
<nontrivial-height>0</nontrivial-height>
<trivial>101360</trivial>
<terminal>1</terminal>
<largest>1</largest>
<largest-position> the only terminal</largest-position>
</scc-info>
<dfs-info>
<stack-size id="506">0.0601815</stack-size>
<stack-size id="1012">0.0503157</stack-size>
<stack-size id="1518">0.047356</stack-size>
<stack-size id="2024">0.0532755</stack-size>
<stack-size id="2530">0.0503157</stack-size>
<stack-size id="3036">0.0345304</stack-size>
<stack-size id="3542">0.0611681</stack-size>
<stack-size id="4048">0.0513023</stack-size>
<stack-size id="4554">0.0443962</stack-size>
<stack-size id="5060">0.0434096</stack-size>
<stack-size id="5566">0.0443962</stack-size>
<stack-size id="6072">0.0552486</stack-size>
<stack-size id="6578">0.0453828</stack-size>
<stack-size id="7084">0.0374901</stack-size>
<stack-size id="7590">0.047356</stack-size>
<stack-size id="8096">0.0374901</stack-size>
<stack-size id="8602">0.0305841</stack-size>
<stack-size id="9108">0.0394633</stack-size>
<stack-size id="9614">0.0434096</stack-size>
<stack-size id="10120">0.0463694</stack-size>
<stack-size id="10626">0.0493291</stack-size>
<stack-size id="11132">0.0404499</stack-size>
<stack-size id="11638">0.0335438</stack-size>
<stack-size id="12144">0.042423</stack-size>
<stack-size id="12650">0.0335438</stack-size>
<stack-size id="13156">0.0434096</stack-size>
<stack-size id="13662">0.0335438</stack-size>
<stack-size id="14168">0.0266377</stack-size>
<stack-size id="14674">0.0335438</stack-size>
<stack-size id="15180">0.0315706</stack-size>
<stack-size id="15686">0.042423</stack-size>
<stack-size id="16192">0.035517</stack-size>
<stack-size id="16698">0.047356</stack-size>
<stack-size id="17204">0.0384767</stack-size>
<stack-size id="17710">0.0434096</stack-size>
<stack-size id="18216">0.0365036</stack-size>
<stack-size id="18722">0.035517</stack-size>
<stack-size id="19228">0.0345304</stack-size>
<stack-size id="19734">0.0394633</stack-size>
<stack-size id="20240">0.035517</stack-size>
<stack-size id="20746">0.0374901</stack-size>
<stack-size id="21252">0.0365036</stack-size>
<stack-size id="21758">0.0384767</stack-size>
<stack-size id="22264">0.0404499</stack-size>
<stack-size id="22770">0.0365036</stack-size>
<stack-size id="23276">0.0325572</stack-size>
<stack-size id="23782">0.0286109</stack-size>
<stack-size id="24288">0.0217048</stack-size>
<stack-size id="24794">0.0503157</stack-size>
<stack-size id="25300">0.0414365</stack-size>
<stack-size id="25806">0.0374901</stack-size>
<stack-size id="26312">0.0443962</stack-size>
<stack-size id="26818">0.0394633</stack-size>
<stack-size id="27324">0.0365036</stack-size>
<stack-size id="27830">0.042423</stack-size>
<stack-size id="28336">0.0286109</stack-size>
<stack-size id="28842">0.0453828</stack-size>
<stack-size id="29348">0.035517</stack-size>
<stack-size id="29854">0.0414365</stack-size>
<stack-size id="30360">0.0384767</stack-size>
<stack-size id="30866">0.0325572</stack-size>
<stack-size id="31372">0.0256511</stack-size>
<stack-size id="31878">0.0315706</stack-size>
<stack-size id="32384">0.023678</stack-size>
<stack-size id="32890">0.0345304</stack-size>
<stack-size id="33396">0.0394633</stack-size>
<stack-size id="33902">0.0414365</stack-size>
<stack-size id="34408">0.0374901</stack-size>
<stack-size id="34914">0.042423</stack-size>
<stack-size id="35420">0.0295975</stack-size>
<stack-size id="35926">0.0404499</stack-size>
<stack-size id="36432">0.0276243</stack-size>
<stack-size id="36938">0.0384767</stack-size>
<stack-size id="37444">0.0434096</stack-size>
<stack-size id="37950">0.0394633</stack-size>
<stack-size id="38456">0.0414365</stack-size>
<stack-size id="38962">0.0374901</stack-size>
<stack-size id="39468">0.0246646</stack-size>
<stack-size id="39974">0.035517</stack-size>
<stack-size id="40480">0.0226914</stack-size>
<stack-size id="40986">0.0246646</stack-size>
<stack-size id="41492">0.042423</stack-size>
<stack-size id="41998">0.0345304</stack-size>
<stack-size id="42504">0.0453828</stack-size>
<stack-size id="43010">0.0404499</stack-size>
<stack-size id="43516">0.0286109</stack-size>
<stack-size id="44022">0.0434096</stack-size>
<stack-size id="44528">0.0295975</stack-size>
<stack-size id="45034">0.0226914</stack-size>
<stack-size id="45540">0.0365036</stack-size>
<stack-size id="46046">0.0295975</stack-size>
<stack-size id="46552">0.0394633</stack-size>
<stack-size id="47058">0.0305841</stack-size>
<stack-size id="47564">0.0266377</stack-size>
<stack-size id="48070">0.0197316</stack-size>
<stack-size id="48576">0.0345304</stack-size>
<stack-size id="49082">0.035517</stack-size>
<stack-size id="49588">0.0404499</stack-size>
<stack-size id="50094">0.0276243</stack-size>
<stack-size id="50600">0.0305841</stack-size>
<stack-size id="51106">0.0226914</stack-size>
<stack-size id="51612">0.0335438</stack-size>
<stack-size id="52118">0.0207182</stack-size>
<stack-size id="52624">0.0226914</stack-size>
<stack-size id="53130">0.0384767</stack-size>
<stack-size id="53636">0.0295975</stack-size>
<stack-size id="54142">0.0256511</stack-size>
<stack-size id="54648">0.0187451</stack-size>
<stack-size id="55154">0.0286109</stack-size>
<stack-size id="55660">0.0167719</stack-size>
<stack-size id="56166">0.0394633</stack-size>
<stack-size id="56672">0.0266377</stack-size>
<stack-size id="57178">0.0374901</stack-size>
<stack-size id="57684">0.0335438</stack-size>
<stack-size id="58190">0.0295975</stack-size>
<stack-size id="58696">0.0256511</stack-size>
<stack-size id="59202">0.035517</stack-size>
<stack-size id="59708">0.0325572</stack-size>
<stack-size id="60214">0.0226914</stack-size>
<stack-size id="60720">0.0187451</stack-size>
<stack-size id="61226">0.0207182</stack-size>
<stack-size id="61732">0.0217048</stack-size>
<stack-size id="62238">0.0187451</stack-size>
<stack-size id="62744">0.0384767</stack-size>
<stack-size id="63250">0.0384767</stack-size>
<stack-size id="63756">0.0295975</stack-size>
<stack-size id="64262">0.0295975</stack-size>
<stack-size id="64768">0.0217048</stack-size>
<stack-size id="65274">0.0335438</stack-size>
<stack-size id="65780">0.0207182</stack-size>
<stack-size id="66286">0.0177585</stack-size>
<stack-size id="66792">0.0197316</stack-size>
<stack-size id="67298">0.0167719</stack-size>
<stack-size id="67804">0.0295975</stack-size>
<stack-size id="68310">0.0157853</stack-size>
<stack-size id="68816">0.0246646</stack-size>
<stack-size id="69322">0.0295975</stack-size>
<stack-size id="69828">0.011839</stack-size>
<stack-size id="70334">0.0394633</stack-size>
<stack-size id="70840">0.0305841</stack-size>
<stack-size id="71346">0.0305841</stack-size>
<stack-size id="71852">0.0305841</stack-size>
<stack-size id="72358">0.0226914</stack-size>
<stack-size id="72864">0.0345304</stack-size>
<stack-size id="73370">0.0217048</stack-size>
<stack-size id="73876">0.0138122</stack-size>
<stack-size id="74382">0.0207182</stack-size>
<stack-size id="74888">0.0128256</stack-size>
<stack-size id="75394">0.0305841</stack-size>
<stack-size id="75900">0.011839</stack-size>
<stack-size id="76406">0.0256511</stack-size>
<stack-size id="76912">0.0217048</stack-size>
<stack-size id="77418">0.0128256</stack-size>
<stack-size id="77924">0.0315706</stack-size>
<stack-size id="78430">0.0315706</stack-size>
<stack-size id="78936">0.0315706</stack-size>
<stack-size id="79442">0.0315706</stack-size>
<stack-size id="79948">0.023678</stack-size>
<stack-size id="80454">0.035517</stack-size>
<stack-size id="80960">0.0226914</stack-size>
<stack-size id="81466">0.0147987</stack-size>
<stack-size id="81972">0.0217048</stack-size>
<stack-size id="82478">0.0138122</stack-size>
<stack-size id="82984">0.0226914</stack-size>
<stack-size id="83490">0.0128256</stack-size>
<stack-size id="83996">0.0266377</stack-size>
<stack-size id="84502">0.0226914</stack-size>
<stack-size id="85008">0.00887924</stack-size>
<stack-size id="85514">0.0325572</stack-size>
<stack-size id="86020">0.0325572</stack-size>
<stack-size id="86526">0.0325572</stack-size>
<stack-size id="87032">0.023678</stack-size>
<stack-size id="87538">0.0246646</stack-size>
<stack-size id="88044">0.0276243</stack-size>
<stack-size id="88550">0.023678</stack-size>
<stack-size id="89056">0.0157853</stack-size>
<stack-size id="89562">0.0226914</stack-size>
<stack-size id="90068">0.0147987</stack-size>
<stack-size id="90574">0.023678</stack-size>
<stack-size id="91080">0.0138122</stack-size>
<stack-size id="91586">0.0276243</stack-size>
<stack-size id="92092">0.023678</stack-size>
<stack-size id="92598">0.00986582</stack-size>
<stack-size id="93104">0.0147987</stack-size>
<stack-size id="93610">0.023678</stack-size>
<stack-size id="94116">0.0217048</stack-size>
<stack-size id="94622">0.0207182</stack-size>
<stack-size id="95128">0.0128256</stack-size>
<stack-size id="95634">0.0217048</stack-size>
<stack-size id="96140">0.0147987</stack-size>
<stack-size id="96646">0.0295975</stack-size>
<stack-size id="97152">0.0167719</stack-size>
<stack-size id="97658">0.00986582</stack-size>
<stack-size id="98164">0.0256511</stack-size>
<stack-size id="98670">0.0177585</stack-size>
<stack-size id="99176">0.0187451</stack-size>
<stack-size id="99682">0.0217048</stack-size>
<stack-size id="100188">0.0147987</stack-size>
<stack-size id="100694">0.0157853</stack-size>
<stack-size id="101200">0.0177585</stack-size>
<max-stack>151</max-stack>
<front-edges>101359</front-edges>
<back-edges>0</back-edges>
<cross-edges>344665</cross-edges>
<shortest-cycle>-1</shortest-cycle>
</dfs-info>
<rw-info>
<coverage step="10120">4.23737</coverage>
<coverage step="20240">7.45264</coverage>
<coverage step="30360">10.3562</coverage>
<coverage step="40480">12.9144</coverage>
<coverage step="50600">15.3256</coverage>
<coverage step="60720">17.4536</coverage>
<coverage step="70840">19.5343</coverage>
<coverage step="80960">21.4375</coverage>
<coverage step="91080">23.3031</coverage>
<coverage step="101200">25.0888</coverage>
<coverage step="111320">26.7472</coverage>
<coverage step="121440">28.2557</coverage>
<coverage step="131560">29.7553</coverage>
<coverage step="141680">31.0852</coverage>
<coverage step="151800">32.3481</coverage>
<coverage step="161920">33.6711</coverage>
<coverage step="172040">34.8925</coverage>
<coverage step="182160">35.9856</coverage>
<coverage step="192280">37.056</coverage>
<coverage step="202400">38.0929</coverage>
<coverage step="212520">39.1486</coverage>
<coverage step="222640">40.0779</coverage>
<coverage step="232760">40.9797</coverage>
<coverage step="242880">41.7541</coverage>
<coverage step="253000">42.6115</coverage>
<coverage step="263120">43.3603</coverage>
<coverage step="273240">44.1131</coverage>
<coverage step="283360">44.8925</coverage>
<coverage step="293480">45.6502</coverage>
<coverage step="303600">46.4276</coverage>
<coverage step="313720">47.1675</coverage>
<coverage step="323840">47.8897</coverage>
<coverage step="333960">48.4974</coverage>
<coverage step="344080">49.1052</coverage>
<coverage step="354200">49.7129</coverage>
<coverage step="364320">50.3858</coverage>
<coverage step="374440">50.9639</coverage>
<coverage step="384560">51.4611</coverage>
<coverage step="394680">51.9978</coverage>
<coverage step="404800">52.573</coverage>
<coverage step="414920">53.1571</coverage>
<coverage step="425040">53.7007</coverage>
<coverage step="435160">54.194</coverage>
<coverage step="445280">54.6468</coverage>
<coverage step="455400">55.1184</coverage>
<coverage step="465520">55.5949</coverage>
<coverage step="475640">56.0487</coverage>
<coverage step="485760">56.4562</coverage>
<coverage step="495880">56.9061</coverage>
<coverage step="506000">57.2968</coverage>
<coverage step="516120">57.7388</coverage>
<coverage step="526240">58.0712</coverage>
<coverage step="536360">58.4738</coverage>
<coverage step="546480">58.8141</coverage>
<coverage step="556600">59.1249</coverage>
<coverage step="566720">59.5097</coverage>
<coverage step="576840">59.7889</coverage>
<coverage step="586960">60.0434</coverage>
<coverage step="597080">60.4035</coverage>
<coverage step="607200">60.6985</coverage>
<coverage step="617320">61.0389</coverage>
<coverage step="627440">61.3161</coverage>
<coverage step="637560">61.6002</coverage>
<coverage step="647680">61.9436</coverage>
<coverage step="657800">62.2751</coverage>
<coverage step="667920">62.576</coverage>
<coverage step="678040">62.8216</coverage>
<coverage step="688160">63.0989</coverage>
<coverage step="698280">63.3929</coverage>
<coverage step="708400">63.6691</coverage>
<coverage step="718520">63.9</coverage>
<coverage step="728640">64.1634</coverage>
<coverage step="738760">64.41</coverage>
<coverage step="748880">64.6458</coverage>
<coverage step="759000">64.8688</coverage>
<coverage step="769120">65.0898</coverage>
<coverage step="779240">65.2792</coverage>
<coverage step="789360">65.5712</coverage>
<coverage step="799480">65.7774</coverage>
<coverage step="809600">65.9955</coverage>
<coverage step="819720">66.248</coverage>
<coverage step="829840">66.4818</coverage>
<coverage step="839960">66.7206</coverage>
<coverage step="850080">66.8883</coverage>
<coverage step="860200">67.0837</coverage>
<coverage step="870320">67.3648</coverage>
<coverage step="880440">67.5977</coverage>
<coverage step="890560">67.7634</coverage>
<coverage step="900680">67.9736</coverage>
<coverage step="910800">68.1048</coverage>
<coverage step="920920">68.309</coverage>
<coverage step="931040">68.4787</coverage>
<coverage step="941160">68.6652</coverage>
<coverage step="951280">68.8398</coverage>
<coverage step="961400">68.9789</coverage>
<coverage step="971520">69.193</coverage>
<coverage step="981640">69.3459</coverage>
<coverage step="991760">69.5284</coverage>
<coverage step="1001880">69.6833</coverage>
<coverage step="1012000">69.8451</coverage>
<rw-visits order="1">8109</rw-visits>
<rw-visits order="354">458</rw-visits>
<rw-visits order="707">95</rw-visits>
<rw-visits order="1060">53</rw-visits>
<rw-visits order="1413">39</rw-visits>
<rw-visits order="1766">32</rw-visits>
<rw-visits order="2119">28</rw-visits>
<rw-visits order="2472">24</rw-visits>
<rw-visits order="2825">22</rw-visits>
<rw-visits order="3178">20</rw-visits>
<rw-visits order="3531">18</rw-visits>
<rw-visits order="3884">17</rw-visits>
<rw-visits order="4237">16</rw-visits>
<rw-visits order="4590">16</rw-visits>
<rw-visits order="4943">15</rw-visits>
<rw-visits order="5296">14</rw-visits>
<rw-visits order="5649">14</rw-visits>
<rw-visits order="6002">13</rw-visits>
<rw-visits order="6355">13</rw-visits>
<rw-visits order="6708">12</rw-visits>
<rw-visits order="7061">12</rw-visits>
<rw-visits order="7414">12</rw-visits>
<rw-visits order="7767">11</rw-visits>
<rw-visits order="8120">11</rw-visits>
<rw-visits order="8473">11</rw-visits>
<rw-visits order="8826">10</rw-visits>
<rw-visits order="9179">10</rw-visits>
<rw-visits order="9532">10</rw-visits>
<rw-visits order="9885">10</rw-visits>
<rw-visits order="10238">10</rw-visits>
<rw-visits order="10591">9</rw-visits>
<rw-visits order="10944">9</rw-visits>
<rw-visits order="11297">9</rw-visits>
<rw-visits order="11650">9</rw-visits>
<rw-visits order="12003">9</rw-visits>
<rw-visits order="12356">9</rw-visits>
<rw-visits order="12709">8</rw-visits>
<rw-visits order="13062">8</rw-visits>
<rw-visits order="13415">8</rw-visits>
<rw-visits order="13768">8</rw-visits>
<rw-visits order="14121">8</rw-visits>
<rw-visits order="14474">8</rw-visits>
<rw-visits order="14827">8</rw-visits>
<rw-visits order="15180">7</rw-visits>
<rw-visits order="15533">7</rw-visits>
<rw-visits order="15886">7</rw-visits>
<rw-visits order="16239">7</rw-visits>
<rw-visits order="16592">7</rw-visits>
<rw-visits order="16945">7</rw-visits>
<rw-visits order="17298">7</rw-visits>
<rw-visits order="17651">7</rw-visits>
<rw-visits order="18004">7</rw-visits>
<rw-visits order="18357">7</rw-visits>
<rw-visits order="18710">6</rw-visits>
<rw-visits order="19063">6</rw-visits>
<rw-visits order="19416">6</rw-visits>
<rw-visits order="19769">6</rw-visits>
<rw-visits order="20122">6</rw-visits>
<rw-visits order="20475">6</rw-visits>
<rw-visits order="20828">6</rw-visits>
<rw-visits order="21181">6</rw-visits>
<rw-visits order="21534">6</rw-visits>
<rw-visits order="21887">6</rw-visits>
<rw-visits order="22240">6</rw-visits>
<rw-visits order="22593">6</rw-visits>
<rw-visits order="22946">5</rw-visits>
<rw-visits order="23299">5</rw-visits>
<rw-visits order="23652">5</rw-visits>
<rw-visits order="24005">5</rw-visits>
<rw-visits order="24358">5</rw-visits>
<rw-visits order="24711">5</rw-visits>
<rw-visits order="25064">5</rw-visits>
<rw-visits order="25417">5</rw-visits>
<rw-visits order="25770">5</rw-visits>
<rw-visits order="26123">5</rw-visits>
<rw-visits order="26476">5</rw-visits>
<rw-visits order="26829">5</rw-visits>
<rw-visits order="27182">5</rw-visits>
<rw-visits order="27535">5</rw-visits>
<rw-visits order="27888">5</rw-visits>
<rw-visits order="28241">4</rw-visits>
<rw-visits order="28594">4</rw-visits>
<rw-visits order="28947">4</rw-visits>
<rw-visits order="29300">4</rw-visits>
<rw-visits order="29653">4</rw-visits>
<rw-visits order="30006">4</rw-visits>
<rw-visits order="30359">4</rw-visits>
<rw-visits order="30712">4</rw-visits>
<rw-visits order="31065">4</rw-visits>
<rw-visits order="31418">4</rw-visits>
<rw-visits order="31771">4</rw-visits>
<rw-visits order="32124">4</rw-visits>
<rw-visits order="32477">4</rw-visits>
<rw-visits order="32830">4</rw-visits>
<rw-visits order="33183">4</rw-visits>
<rw-visits order="33536">4</rw-visits>
<rw-visits order="33889">4</rw-visits>
<rw-visits order="34242">4</rw-visits>
<rw-visits order="34595">4</rw-visits>
<rw-visits order="34948">4</rw-visits>
<rw-visits order="35301">3</rw-visits>
<rw-visits order="35654">3</rw-visits>
<rw-visits order="36007">3</rw-visits>
<rw-visits order="36360">3</rw-visits>
<rw-visits order="36713">3</rw-visits>
<rw-visits order="37066">3</rw-visits>
<rw-visits order="37419">3</rw-visits>
<rw-visits order="37772">3</rw-visits>
<rw-visits order="38125">3</rw-visits>
<rw-visits order="38478">3</rw-visits>
<rw-visits order="38831">3</rw-visits>
<rw-visits order="39184">3</rw-visits>
<rw-visits order="39537">3</rw-visits>
<rw-visits order="39890">3</rw-visits>
<rw-visits order="40243">3</rw-visits>
<rw-visits order="40596">3</rw-visits>
<rw-visits order="40949">3</rw-visits>
<rw-visits order="41302">3</rw-visits>
<rw-visits order="41655">3</rw-visits>
<rw-visits order="42008">3</rw-visits>
<rw-visits order="42361">3</rw-visits>
<rw-visits order="42714">3</rw-visits>
<rw-visits order="43067">3</rw-visits>
<rw-visits order="43420">2</rw-visits>
<rw-visits order="43773">2</rw-visits>
<rw-visits order="44126">2</rw-visits>
<rw-visits order="44479">2</rw-visits>
<rw-visits order="44832">2</rw-visits>
<rw-visits order="45185">2</rw-visits>
<rw-visits order="45538">2</rw-visits>
<rw-visits order="45891">2</rw-visits>
<rw-visits order="46244">2</rw-visits>
<rw-visits order="46597">2</rw-visits>
<rw-visits order="46950">2</rw-visits>
<rw-visits order="47303">2</rw-visits>
<rw-visits order="47656">2</rw-visits>
<rw-visits order="48009">2</rw-visits>
<rw-visits order="48362">2</rw-visits>
<rw-visits order="48715">2</rw-visits>
<rw-visits order="49068">2</rw-visits>
<rw-visits order="49421">2</rw-visits>
<rw-visits order="49774">2</rw-visits>
<rw-visits order="50127">2</rw-visits>
<rw-visits order="50480">2</rw-visits>
<rw-visits order="50833">2</rw-visits>
<rw-visits order="51186">2</rw-visits>
<rw-visits order="51539">2</rw-visits>
<rw-visits order="51892">2</rw-visits>
<rw-visits order="52245">2</rw-visits>
<rw-visits order="52598">2</rw-visits>
<rw-visits order="52951">2</rw-visits>
<rw-visits order="53304">2</rw-visits>
<rw-visits order="53657">2</rw-visits>
<rw-visits order="54010">2</rw-visits>
<rw-visits order="54363">2</rw-visits>
<rw-visits order="54716">1</rw-visits>
<rw-visits order="55069">1</rw-visits>
<rw-visits order="55422">1</rw-visits>
<rw-visits order="55775">1</rw-visits>
<rw-visits order="56128">1</rw-visits>
<rw-visits order="56481">1</rw-visits>
<rw-visits order="56834">1</rw-visits>
<rw-visits order="57187">1</rw-visits>
<rw-visits order="57540">1</rw-visits>
<rw-visits order="57893">1</rw-visits>
<rw-visits order="58246">1</rw-visits>
<rw-visits order="58599">1</rw-visits>
<rw-visits order="58952">1</rw-visits>
<rw-visits order="59305">1</rw-visits>
<rw-visits order="59658">1</rw-visits>
<rw-visits order="60011">1</rw-visits>
<rw-visits order="60364">1</rw-visits>
<rw-visits order="60717">1</rw-visits>
<rw-visits order="61070">1</rw-visits>
<rw-visits order="61423">1</rw-visits>
<rw-visits order="61776">1</rw-visits>
<rw-visits order="62129">1</rw-visits>
<rw-visits order="62482">1</rw-visits>
<rw-visits order="62835">1</rw-visits>
<rw-visits order="63188">1</rw-visits>
<rw-visits order="63541">1</rw-visits>
<rw-visits order="63894">1</rw-visits>
<rw-visits order="64247">1</rw-visits>
<rw-visits order="64600">1</rw-visits>
<rw-visits order="64953">1</rw-visits>
<rw-visits order="65306">1</rw-visits>
<rw-visits order="65659">1</rw-visits>
<rw-visits order="66012">1</rw-visits>
<rw-visits order="66365">1</rw-visits>
<rw-visits order="66718">1</rw-visits>
<rw-visits order="67071">1</rw-visits>
<rw-visits order="67424">1</rw-visits>
<rw-visits order="67777">1</rw-visits>
<rw-visits order="68130">1</rw-visits>
<rw-visits order="68483">1</rw-visits>
<rw-visits order="68836">1</rw-visits>
<rw-visits order="69189">1</rw-visits>
<rw-visits order="69542">1</rw-visits>
<rw-visits order="69895">1</rw-visits>
<rw-visits order="70248">1</rw-visits>
<rw-visits order="70601">1</rw-visits>
<final-coverage>69.8658</final-coverage>
</rw-info>
<local-info>
<diamonds>99.851</diamonds>
<neighborhood k="4">84</neighborhood>
<clustering k="4">2.13959</clustering>
</local-info>
<label-info>
<edge-label id="0.0+7.0">1760</edge-label>
<edge-label id="0.10">8688</edge-label>
<edge-label id="0.11">21</edge-label>
<edge-label id="0.12+7.0">21</edge-label>
<edge-label id="0.14">8688</edge-label>
<edge-label id="0.15">1</edge-label>
<edge-label id="0.18+7.0">1</edge-label>
<edge-label id="0.2">9685</edge-label>
<edge-label id="0.3">8709</edge-label>
<edge-label id="0.4">1</edge-label>
<edge-label id="0.5">8352</edge-label>
<edge-label id="0.6">1333</edge-label>
<edge-label id="0.7+7.0">1333</edge-label>
<edge-label id="0.8+7.0">8352</edge-label>
<edge-label id="1.0+8.0">1800</edge-label>
<edge-label id="1.10">8569</edge-label>
<edge-label id="1.13+8.0">8548</edge-label>
<edge-label id="1.14">21</edge-label>
<edge-label id="1.16">1</edge-label>
<edge-label id="1.18+8.0">1</edge-label>
<edge-label id="1.2">8947</edge-label>
<edge-label id="1.3">8569</edge-label>
<edge-label id="1.4">1</edge-label>
<edge-label id="1.5">8946</edge-label>
<edge-label id="1.6">1</edge-label>
<edge-label id="1.7+8.0">1</edge-label>
<edge-label id="1.8+8.0">8946</edge-label>
<edge-label id="10.1+4.1">18364</edge-label>
<edge-label id="11.1+5.1">17212</edge-label>
<edge-label id="2.0+9.0">1804</edge-label>
<edge-label id="2.10">8516</edge-label>
<edge-label id="2.11">65</edge-label>
<edge-label id="2.12+9.0">65</edge-label>
<edge-label id="2.14">8516</edge-label>
<edge-label id="2.16">1</edge-label>
<edge-label id="2.18+9.0">1</edge-label>
<edge-label id="2.2">10129</edge-label>
<edge-label id="2.3">8581</edge-label>
<edge-label id="2.4">1</edge-label>
<edge-label id="2.5">8712</edge-label>
<edge-label id="2.6">1417</edge-label>
<edge-label id="2.7+9.0">1417</edge-label>
<edge-label id="2.8+9.0">8712</edge-label>
<edge-label id="3.0+10.0">1800</edge-label>
<edge-label id="3.10">9408</edge-label>
<edge-label id="3.11">21</edge-label>
<edge-label id="3.12+10.0">21</edge-label>
<edge-label id="3.14">9408</edge-label>
<edge-label id="3.16">1</edge-label>
<edge-label id="3.18+10.0">1</edge-label>
<edge-label id="3.2">9195</edge-label>
<edge-label id="3.3">9429</edge-label>
<edge-label id="3.4">1</edge-label>
<edge-label id="3.5">8952</edge-label>
<edge-label id="3.6">243</edge-label>
<edge-label id="3.7+10.0">243</edge-label>
<edge-label id="3.8+10.0">8952</edge-label>
<edge-label id="4.0+11.0">1804</edge-label>
<edge-label id="4.10">9592</edge-label>
<edge-label id="4.11">13</edge-label>
<edge-label id="4.12+11.0">13</edge-label>
<edge-label id="4.14">9592</edge-label>
<edge-label id="4.16">1</edge-label>
<edge-label id="4.18+11.0">1</edge-label>
<edge-label id="4.2">8758</edge-label>
<edge-label id="4.3">9605</edge-label>
<edge-label id="4.4">1</edge-label>
<edge-label id="4.5">8712</edge-label>
<edge-label id="4.6">46</edge-label>
<edge-label id="4.7+11.0">46</edge-label>
<edge-label id="4.8+11.0">8712</edge-label>
<edge-label id="5.0+6.0">1760</edge-label>
<edge-label id="5.10">8529</edge-label>
<edge-label id="5.13+6.0">8529</edge-label>
<edge-label id="5.16">1</edge-label>
<edge-label id="5.17">1</edge-label>
<edge-label id="5.2">8682</edge-label>
<edge-label id="5.3">8529</edge-label>
<edge-label id="5.4">1</edge-label>
<edge-label id="5.5">8682</edge-label>
<edge-label id="5.8+6.0">8681</edge-label>
<edge-label id="5.9+6.0">1</edge-label>
<edge-label id="6.1+0.1">18395</edge-label>
<edge-label id="7.1+1.1">17517</edge-label>
<edge-label id="8.1+2.1">18711</edge-label>
<edge-label id="9.1+3.1">18625</edge-label>
<state-labels procid="0">
<label id="[0]">101338</label>
<label id="[1]">22</label>
</state-labels><state-labels procid="1">
<label id="[0,24,0,0,0,1]">1760</label>
<label id="[1,24,0,0,0,1]">9840</label>
<label id="[1,24,21,21,0,1]">22816</label>
<label id="[1,24,23,21,0,0]">11624</label>
<label id="[1,24,24,21,0,0]">135</label>
<label id="[10,24,24,21,0,0]">1</label>
<label id="[2,24,24,21,0,0]">1</label>
<label id="[2,24,51,0,0,1]">8352</label>
<label id="[2,24,53,21,0,0]">1328</label>
<label id="[2,24,54,21,0,0]">5</label>
<label id="[2,24,83,21,0,1]">8688</label>
<label id="[2,24,84,21,0,0]">21</label>
<label id="[3,24,21,0,0,1]">8352</label>
<label id="[3,24,23,21,0,0]">1328</label>
<label id="[3,24,24,21,0,0]">5</label>
<label id="[4,24,21,0,0,1]">8352</label>
<label id="[5,24,23,21,0,0]">1328</label>
<label id="[5,24,24,21,0,0]">5</label>
<label id="[6,24,23,21,0,1]">8688</label>
<label id="[6,24,24,21,0,0]">21</label>
<label id="[7,24,23,21,0,1]">8688</label>
<label id="[8,24,24,21,0,0]">21</label>
<label id="[9,24,24,21,0,0]">1</label>
</state-labels><state-labels procid="2">
<label id="[0,14,0,0,0,1]">1800</label>
<label id="[1,14,0,0,0,1]">10104</label>
<label id="[1,14,24,24,0,1]">21416</label>
<label id="[1,24,21,24,0,1]">14728</label>
<label id="[1,24,23,23,0,1]">702</label>
<label id="[1,24,24,23,0,0]">59</label>
<label id="[10,24,24,23,0,0]">1</label>
<label id="[2,14,54,0,0,1]">8616</label>
<label id="[2,14,81,24,0,1]">8548</label>
<label id="[2,24,24,23,0,0]">1</label>
<label id="[2,24,53,24,0,1]">330</label>
<label id="[2,24,54,23,0,0]">1</label>
<label id="[2,24,84,23,0,1]">21</label>
<label id="[3,14,24,0,0,1]">8616</label>
<label id="[3,24,23,24,0,1]">330</label>
<label id="[3,24,24,23,0,0]">1</label>
<label id="[4,14,24,0,0,1]">8616</label>
<label id="[4,24,23,24,0,1]">330</label>
<label id="[5,24,24,23,0,0]">1</label>
<label id="[6,14,21,24,0,1]">8548</label>
<label id="[6,24,24,23,0,1]">21</label>
<label id="[7,14,21,24,0,1]">8548</label>
<label id="[7,24,24,23,0,1]">21</label>
<label id="[9,24,24,23,0,0]">1</label>
</state-labels><state-labels procid="3">
<label id="[0,6,0,0,0,1]">1804</label>
<label id="[1,6,0,0,0,1]">10236</label>
<label id="[1,6,14,14,0,1]">21848</label>
<label id="[1,6,23,14,0,0]">261</label>
<label id="[1,6,24,14,0,0]">11078</label>
<label id="[10,6,24,14,0,0]">1</label>
<label id="[2,6,24,14,0,0]">1</label>
<label id="[2,6,44,0,0,1]">8712</label>
<label id="[2,6,54,14,0,0]">1417</label>
<label id="[2,6,83,14,0,0]">65</label>
<label id="[2,6,84,14,0,1]">8516</label>
<label id="[3,6,14,0,0,1]">8712</label>
<label id="[3,6,24,14,0,0]">1417</label>
<label id="[4,6,14,0,0,1]">8712</label>
<label id="[5,6,24,14,0,0]">1417</label>
<label id="[6,6,23,14,0,0]">65</label>
<label id="[6,6,24,14,0,1]">8516</label>
<label id="[7,6,24,14,0,1]">8516</label>
<label id="[8,6,23,14,0,0]">65</label>
<label id="[9,6,24,14,0,0]">1</label>
</state-labels><state-labels procid="4">
<label id="[0,0,0,0,0,1]">1800</label>
<label id="[1,0,0,0,0,1]">10484</label>
<label id="[1,0,14,6,0,0]">9408</label>
<label id="[1,0,23,6,0,0]">137</label>
<label id="[1,0,24,6,0,0]">551</label>
<label id="[1,0,6,6,0,0]">9</label>
<label id="[1,0,6,6,0,1]">23096</label>
<label id="[10,0,6,6,0,0]">1</label>
<label id="[2,0,36,0,0,1]">8952</label>
<label id="[2,0,54,6,0,0]">243</label>
<label id="[2,0,6,6,0,0]">1</label>
<label id="[2,0,74,6,0,1]">9408</label>
<label id="[2,0,83,6,0,0]">21</label>
<label id="[3,0,24,6,0,0]">243</label>
<label id="[3,0,6,0,0,1]">8952</label>
<label id="[4,0,6,0,0,1]">8952</label>
<label id="[5,0,24,6,0,0]">243</label>
<label id="[6,0,14,6,0,1]">9408</label>
<label id="[6,0,23,6,0,0]">21</label>
<label id="[7,0,14,6,0,1]">9408</label>
<label id="[8,0,23,6,0,0]">21</label>
<label id="[9,0,6,6,0,0]">1</label>
</state-labels><state-labels procid="5">
<label id="[0,23,0,0,0,1]">1804</label>
<label id="[1,23,0,0,0,0]">5</label>
<label id="[1,23,0,0,0,1]">34548</label>
<label id="[1,23,23,0,0,0]">81</label>
<label id="[1,23,24,0,0,0]">238</label>
<label id="[1,23,6,0,0,0]">9592</label>
<label id="[10,23,0,0,0,0]">1</label>
<label id="[2,23,0,0,0,0]">1</label>
<label id="[2,23,30,0,0,1]">8712</label>
<label id="[2,23,54,0,0,0]">46</label>
<label id="[2,23,66,0,0,1]">9592</label>
<label id="[2,23,83,0,0,0]">13</label>
<label id="[3,23,0,0,0,1]">8712</label>
<label id="[3,23,24,0,0,0]">46</label>
<label id="[4,23,0,0,0,1]">8712</label>
<label id="[5,23,24,0,0,0]">46</label>
<label id="[6,23,23,0,0,0]">13</label>
<label id="[6,23,6,0,0,1]">9592</label>
<label id="[7,23,6,0,0,1]">9592</label>
<label id="[8,23,23,0,0,0]">13</label>
<label id="[9,23,0,0,0,0]">1</label>
</state-labels><state-labels procid="6">
<label id="[0,21,0,0,0,1]">1760</label>
<label id="[1,21,0,0,0,1]">10188</label>
<label id="[1,21,23,23,0,1]">22208</label>
<label id="[1,23,0,23,0,1]">15356</label>
<label id="[1,23,24,24,0,1]">145</label>
<label id="[1,24,23,24,0,1]">45</label>
<label id="[1,24,23,24,1,1]">1</label>
<label id="[1,24,24,24,1,1]">21</label>
<label id="[10,24,23,24,1,1]">1</label>
<label id="[2,21,53,0,0,1]">8656</label>
<label id="[2,21,60,23,0,1]">8520</label>
<label id="[2,23,54,23,0,1]">25</label>
<label id="[2,23,83,24,0,1]">9</label>
<label id="[2,24,23,24,1,1]">1</label>
<label id="[2,24,54,24,0,1]">1</label>
<label id="[3,21,23,0,0,1]">8656</label>
<label id="[3,23,24,23,0,1]">25</label>
<label id="[3,24,24,24,0,1]">1</label>
<label id="[4,21,23,0,0,1]">8656</label>
<label id="[4,23,24,23,0,1]">25</label>
<label id="[4,24,24,24,0,1]">1</label>
<label id="[6,21,0,23,0,1]">8520</label>
<label id="[6,23,23,24,0,1]">9</label>
<label id="[7,21,0,23,0,1]">8520</label>
<label id="[7,23,23,24,0,1]">9</label>
<label id="[9,24,23,24,1,1]">1</label>
</state-labels><state-labels procid="7">
<label id="[0,{0|0|0|0|0|0|0|0|0|0|0|0},0]">68235</label>
<label id="[0,{24|0|0|0|0|0|0|0|0|0|0|0},1]">1</label>
<label id="[0,{51|0|0|0|0|0|0|0|0|0|0|0},1]">6224</label>
<label id="[0,{51|83|0|0|0|0|0|0|0|0|0|0},2]">3084</label>
<label id="[0,{51|83|53|0|0|0|0|0|0|0|0|0},3]">532</label>
<label id="[0,{53|0|0|0|0|0|0|0|0|0|0|0},1]">5308</label>
<label id="[0,{53|84|0|0|0|0|0|0|0|0|0|0},2]">4</label>
<label id="[0,{54|0|0|0|0|0|0|0|0|0|0|0},1]">8</label>
<label id="[0,{83|0|0|0|0|0|0|0|0|0|0|0},1]">15244</label>
<label id="[0,{83|53|0|0|0|0|0|0|0|0|0|0},2]">2695</label>
<label id="[0,{83|53|84|0|0|0|0|0|0|0|0|0},3]">1</label>
<label id="[0,{84|0|0|0|0|0|0|0|0|0|0|0},1]">23</label>
<label id="[0,{84|54|0|0|0|0|0|0|0|0|0|0},2]">1</label>
</state-labels><state-labels procid="8">
<label id="[0,{0|0|0|0|0|0|0|0|0|0|0|0},0]">71719</label>
<label id="[0,{24|0|0|0|0|0|0|0|0|0|0|0},1]">1</label>
<label id="[0,{53|0|0|0|0|0|0|0|0|0|0|0},1]">875</label>
<label id="[0,{53|84|0|0|0|0|0|0|0|0|0|0},2]">1</label>
<label id="[0,{54|0|0|0|0|0|0|0|0|0|0|0},1]">6228</label>
<label id="[0,{54|81|0|0|0|0|0|0|0|0|0|0},2]">3844</label>
<label id="[0,{54|81|53|0|0|0|0|0|0|0|0|0},3]">76</label>
<label id="[0,{81|0|0|0|0|0|0|0|0|0|0|0},1]">18212</label>
<label id="[0,{81|53|0|0|0|0|0|0|0|0|0|0},2]">380</label>
<label id="[0,{84|0|0|0|0|0|0|0|0|0|0|0},1]">23</label>
<label id="[0,{84|54|0|0|0|0|0|0|0|0|0|0},2]">1</label>
</state-labels><state-labels procid="9">
<label id="[0,{0|0|0|0|0|0|0|0|0|0|0|0},0]">66886</label>
<label id="[0,{24|0|0|0|0|0|0|0|0|0|0|0},1]">1</label>
<label id="[0,{44|0|0|0|0|0|0|0|0|0|0|0},1]">6384</label>
<label id="[0,{44|84|0|0|0|0|0|0|0|0|0|0},2]">3244</label>
<label id="[0,{44|84|54|0|0|0|0|0|0|0|0|0},3]">602</label>
<label id="[0,{44|84|54|83|0|0|0|0|0|0|0|0},4]">10</label>
<label id="[0,{54|0|0|0|0|0|0|0|0|0|0|0},1]">5549</label>
<label id="[0,{54|83|0|0|0|0|0|0|0|0|0|0},2]">116</label>
<label id="[0,{83|0|0|0|0|0|0|0|0|0|0|0},1]">152</label>
<label id="[0,{84|0|0|0|0|0|0|0|0|0|0|0},1]">15416</label>
<label id="[0,{84|54|0|0|0|0|0|0|0|0|0|0},2]">2944</label>
<label id="[0,{84|54|83|0|0|0|0|0|0|0|0|0},3]">56</label>
</state-labels><state-labels procid="10">
<label id="[0,{0|0|0|0|0|0|0|0|0|0|0|0},0]">69906</label>
<label id="[0,{36|0|0|0|0|0|0|0|0|0|0|0},1]">6388</label>
<label id="[0,{36|74|0|0|0|0|0|0|0|0|0|0},2]">4004</label>
<label id="[0,{36|74|54|0|0|0|0|0|0|0|0|0},3]">87</label>
<label id="[0,{36|74|54|83|0|0|0|0|0|0|0|0},4]">1</label>
<label id="[0,{54|0|0|0|0|0|0|0|0|0|0|0},1]">949</label>
<label id="[0,{54|83|0|0|0|0|0|0|0|0|0|0},2]">20</label>
<label id="[0,{6|0|0|0|0|0|0|0|0|0|0|0},1]">1</label>
<label id="[0,{74|0|0|0|0|0|0|0|0|0|0|0},1]">19492</label>
<label id="[0,{74|54|0|0|0|0|0|0|0|0|0|0},2]">468</label>
<label id="[0,{74|54|83|0|0|0|0|0|0|0|0|0},3]">8</label>
<label id="[0,{83|0|0|0|0|0|0|0|0|0|0|0},1]">36</label>
</state-labels><state-labels procid="11">
<label id="[0,{0|0|0|0|0|0|0|0|0|0|0|0},0]">71430</label>
<label id="[0,{0|0|0|0|0|0|0|0|0|0|0|0},1]">1</label>
<label id="[0,{30|0|0|0|0|0|0|0|0|0|0|0},1]">6384</label>
<label id="[0,{30|66|0|0|0|0|0|0|0|0|0|0},2]">3846</label>
<label id="[0,{30|66|54|0|0|0|0|0|0|0|0|0},3]">10</label>
<label id="[0,{54|0|0|0|0|0|0|0|0|0|0|0},1]">177</label>
<label id="[0,{54|83|0|0|0|0|0|0|0|0|0|0},2]">4</label>
<label id="[0,{66|0|0|0|0|0|0|0|0|0|0|0},1]">19420</label>
<label id="[0,{66|54|0|0|0|0|0|0|0|0|0|0},2]">71</label>
<label id="[0,{66|54|83|0|0|0|0|0|0|0|0|0},3]">1</label>
<label id="[0,{83|0|0|0|0|0|0|0|0|0|0|0},1]">16</label>
</state-labels><state-labels procid="12">
<label id="[0,{0|0|0|0|0|0|0|0|0|0|0|0},0]">72970</label>
<label id="[0,{23|0|0|0|0|0|0|0|0|0|0|0},1]">1</label>
<label id="[0,{53|0|0|0|0|0|0|0|0|0|0|0},1]">6388</label>
<label id="[0,{53|60|0|0|0|0|0|0|0|0|0|0},2]">3755</label>
<label id="[0,{53|60|54|0|0|0|0|0|0|0|0|0},3]">1</label>
<label id="[0,{54|0|0|0|0|0|0|0|0|0|0|0},1]">40</label>
<label id="[0,{54|83|0|0|0|0|0|0|0|0|0|0},2]">1</label>
<label id="[0,{60|0|0|0|0|0|0|0|0|0|0|0},1]">18184</label>
<label id="[0,{60|54|0|0|0|0|0|0|0|0|0|0},2]">8</label>
<label id="[0,{83|0|0|0|0|0|0|0|0|0|0|0},1]">12</label>
</state-labels></label-info>
</state-space-info>
