<?xml version="1.0"?>
<!DOCTYPE state-space-info SYSTEM "../../state_space_info.dtd">


<state-space-info>
<states>12498</states>
<edges>33369</edges>
<bfs-info>
 <levels>54</levels>
<max-level>506</max-level>

<back-level-edges>6651</back-level-edges>
<max-back-level-edge>37</max-back-level-edge>
<avg-back-level-edge>12.4506</avg-back-level-edge>
<bfs-levels>
<level id="0"><states>1</states><edges>3</edges></level>
<level id="1"><states>3</states><edges>9</edges></level>
<level id="2"><states>6</states><edges>18</edges></level>
<level id="3"><states>10</states><edges>30</edges></level>
<level id="4"><states>15</states><edges>45</edges></level>
<level id="5"><states>21</states><edges>61</edges></level>
<level id="6"><states>31</states><edges>91</edges></level>
<level id="7"><states>49</states><edges>143</edges></level>
<level id="8"><states>77</states><edges>221</edges></level>
<level id="9"><states>114</states><edges>313</edges></level>
<level id="10"><states>148</states><edges>393</edges></level>
<level id="11"><states>173</states><edges>445</edges></level>
<level id="12"><states>188</states><edges>477</edges></level>
<level id="13"><states>201</states><edges>504</edges></level>
<level id="14"><states>211</states><edges>523</edges></level>
<level id="15"><states>217</states><edges>533</edges></level>
<level id="16"><states>218</states><edges>532</edges></level>
<level id="17"><states>222</states><edges>542</edges></level>
<level id="18"><states>234</states><edges>577</edges></level>
<level id="19"><states>251</states><edges>630</edges></level>
<level id="20"><states>277</states><edges>710</edges></level>
<level id="21"><states>317</states><edges>822</edges></level>
<level id="22"><states>366</states><edges>953</edges></level>
<level id="23"><states>414</states><edges>1075</edges></level>
<level id="24"><states>441</states><edges>1137</edges></level>
<level id="25"><states>442</states><edges>1131</edges></level>
<level id="26"><states>414</states><edges>1056</edges></level>
<level id="27"><states>377</states><edges>978</edges></level>
<level id="28"><states>358</states><edges>956</edges></level>
<level id="29"><states>372</states><edges>1024</edges></level>
<level id="30"><states>412</states><edges>1148</edges></level>
<level id="31"><states>459</states><edges>1279</edges></level>
<level id="32"><states>496</states><edges>1370</edges></level>
<level id="33"><states>506</states><edges>1380</edges></level>
<level id="34"><states>484</states><edges>1309</edges></level>
<level id="35"><states>438</states><edges>1188</edges></level>
<level id="36"><states>380</states><edges>1039</edges></level>
<level id="37"><states>323</states><edges>892</edges></level>
<level id="38"><states>267</states><edges>741</edges></level>
<level id="39"><states>219</states><edges>616</edges></level>
<level id="40"><states>183</states><edges>525</edges></level>
<level id="41"><states>163</states><edges>478</edges></level>
<level id="42"><states>161</states><edges>477</edges></level>
<level id="43"><states>175</states><edges>513</edges></level>
<level id="44"><states>209</states><edges>605</edges></level>
<level id="45"><states>253</states><edges>719</edges></level>
<level id="46"><states>293</states><edges>816</edges></level>
<level id="47"><states>301</states><edges>816</edges></level>
<level id="48"><states>262</states><edges>687</edges></level>
<level id="49"><states>186</states><edges>468</edges></level>
<level id="50"><states>103</states><edges>246</edges></level>
<level id="51"><states>43</states><edges>96</edges></level>
<level id="52"><states>12</states><edges>25</edges></level>
<level id="53"><states>2</states><edges>4</edges></level>
</bfs-levels>
<back-level-length id="0">3.11231</back-level-length>
<back-level-length id="1">2.88678</back-level-length>
<back-level-length id="2">8.20929</back-level-length>
<back-level-length id="3">0</back-level-length>
<back-level-length id="4">0</back-level-length>
<back-level-length id="5">0</back-level-length>
<back-level-length id="6">0</back-level-length>
<back-level-length id="7">0</back-level-length>
<back-level-length id="8">8.02887</back-level-length>
<back-level-length id="9">5.59314</back-level-length>
<back-level-length id="10">5.59314</back-level-length>
<back-level-length id="11">13.622</back-level-length>
<back-level-length id="12">6.40505</back-level-length>
<back-level-length id="13">5.90889</back-level-length>
<back-level-length id="14">19.3505</back-level-length>
<back-level-length id="15">1.75913</back-level-length>
<back-level-length id="16">1.80424</back-level-length>
<back-level-length id="17">1.66892</back-level-length>
<back-level-length id="18">0</back-level-length>
<back-level-length id="19">0</back-level-length>
<back-level-length id="20">2.70636</back-level-length>
<back-level-length id="21">1.93956</back-level-length>
<back-level-length id="22">1.93956</back-level-length>
<back-level-length id="23">0.90212</back-level-length>
<back-level-length id="24">0.766802</back-level-length>
<back-level-length id="25">0.766802</back-level-length>
<back-level-length id="26">2.16509</back-level-length>
<back-level-length id="27">1.26297</back-level-length>
<back-level-length id="28">1.26297</back-level-length>
<back-level-length id="29">1.26297</back-level-length>
<back-level-length id="30">0</back-level-length>
<back-level-length id="31">0</back-level-length>
<back-level-length id="32">0</back-level-length>
<back-level-length id="33">0</back-level-length>
<back-level-length id="34">0</back-level-length>
<back-level-length id="35">0.360848</back-level-length>
<back-level-length id="36">0.360848</back-level-length>
<back-level-length id="37">0.360848</back-level-length>
</bfs-info>
<degrees>
<avg>2.66995</avg>
<max-in>17</max-in>
<max-out>5</max-out>
<degree id="0"><in>1</in><out>0</out></degree>
<degree id="1"><in>1605</in><out>84</out></degree>
<degree id="2"><in>5596</in><out>4327</out></degree>
<degree id="3"><in>3628</in><out>7720</out></degree>
<degree id="4"><in>635</in><out>364</out></degree>
<degree id="5"><in>481</in><out>3</out></degree>
<degree id="6"><in>290</in><out>0</out></degree>
<degree id="7"><in>10</in><out>0</out></degree>
<degree id="8"><in>16</in><out>0</out></degree>
<degree id="9"><in>33</in><out>0</out></degree>
<degree id="10"><in>85</in><out>0</out></degree>
<degree id="11"><in>12</in><out>0</out></degree>
<degree id="12"><in>4</in><out>0</out></degree>
<degree id="13"><in>40</in><out>0</out></degree>
<degree id="14"><in>25</in><out>0</out></degree>
<degree id="15"><in>5</in><out>0</out></degree>
<degree id="16"><in>11</in><out>0</out></degree>
<degree id="17"><in>21</in><out>0</out></degree>
</degrees>
<scc-info>
<count>556</count>
<height>28</height>
<nontrivial-height>5</nontrivial-height>
<trivial>540</trivial>
<terminal>1</terminal>
<largest>11040</largest>
<largest-position> the only terminal</largest-position>
</scc-info>
<dfs-info>
<stack-size id="62">0.496079</stack-size>
<stack-size id="124">0.992159</stack-size>
<stack-size id="186">1.48824</stack-size>
<stack-size id="248">1.98432</stack-size>
<stack-size id="310">2.4804</stack-size>
<stack-size id="372">2.82445</stack-size>
<stack-size id="434">3.32053</stack-size>
<stack-size id="496">3.81661</stack-size>
<stack-size id="558">4.31269</stack-size>
<stack-size id="620">4.77676</stack-size>
<stack-size id="682">5.27284</stack-size>
<stack-size id="744">5.76892</stack-size>
<stack-size id="806">6.257</stack-size>
<stack-size id="868">6.65707</stack-size>
<stack-size id="930">7.15314</stack-size>
<stack-size id="992">7.64922</stack-size>
<stack-size id="1054">8.03329</stack-size>
<stack-size id="1116">8.36134</stack-size>
<stack-size id="1178">8.71339</stack-size>
<stack-size id="1240">8.59337</stack-size>
<stack-size id="1302">8.51336</stack-size>
<stack-size id="1364">9.00144</stack-size>
<stack-size id="1426">9.11346</stack-size>
<stack-size id="1488">9.25748</stack-size>
<stack-size id="1550">9.24948</stack-size>
<stack-size id="1612">9.20947</stack-size>
<stack-size id="1674">9.09746</stack-size>
<stack-size id="1736">9.30549</stack-size>
<stack-size id="1798">9.18547</stack-size>
<stack-size id="1860">9.3535</stack-size>
<stack-size id="1922">9.13746</stack-size>
<stack-size id="1984">9.13746</stack-size>
<stack-size id="2046">9.3455</stack-size>
<stack-size id="2108">9.31349</stack-size>
<stack-size id="2170">9.22548</stack-size>
<stack-size id="2232">9.41751</stack-size>
<stack-size id="2294">9.43351</stack-size>
<stack-size id="2356">9.3855</stack-size>
<stack-size id="2418">9.67355</stack-size>
<stack-size id="2480">9.9696</stack-size>
<stack-size id="2542">10.4657</stack-size>
<stack-size id="2604">10.8737</stack-size>
<stack-size id="2666">11.1218</stack-size>
<stack-size id="2728">10.9778</stack-size>
<stack-size id="2790">11.3618</stack-size>
<stack-size id="2852">11.4018</stack-size>
<stack-size id="2914">11.5538</stack-size>
<stack-size id="2976">11.9299</stack-size>
<stack-size id="3038">11.6739</stack-size>
<stack-size id="3100">12.0819</stack-size>
<stack-size id="3162">12.1539</stack-size>
<stack-size id="3224">12.1459</stack-size>
<stack-size id="3286">12.434</stack-size>
<stack-size id="3348">12.314</stack-size>
<stack-size id="3410">12.394</stack-size>
<stack-size id="3472">12.81</stack-size>
<stack-size id="3534">12.81</stack-size>
<stack-size id="3596">13.2261</stack-size>
<stack-size id="3658">13.1941</stack-size>
<stack-size id="3720">12.9381</stack-size>
<stack-size id="3782">12.9301</stack-size>
<stack-size id="3844">12.9141</stack-size>
<stack-size id="3906">13.1621</stack-size>
<stack-size id="3968">13.3781</stack-size>
<stack-size id="4030">13.7222</stack-size>
<stack-size id="4092">13.7862</stack-size>
<stack-size id="4154">13.7702</stack-size>
<stack-size id="4216">13.7782</stack-size>
<stack-size id="4278">13.8182</stack-size>
<stack-size id="4340">13.8582</stack-size>
<stack-size id="4402">13.8182</stack-size>
<stack-size id="4464">14.0903</stack-size>
<stack-size id="4526">14.1543</stack-size>
<stack-size id="4588">14.3623</stack-size>
<stack-size id="4650">14.5463</stack-size>
<stack-size id="4712">14.6263</stack-size>
<stack-size id="4774">14.5703</stack-size>
<stack-size id="4836">14.6823</stack-size>
<stack-size id="4898">14.6183</stack-size>
<stack-size id="4960">14.6423</stack-size>
<stack-size id="5022">14.8664</stack-size>
<stack-size id="5084">14.5463</stack-size>
<stack-size id="5146">14.4503</stack-size>
<stack-size id="5208">14.8344</stack-size>
<stack-size id="5270">14.5223</stack-size>
<stack-size id="5332">14.3863</stack-size>
<stack-size id="5394">14.4263</stack-size>
<stack-size id="5456">14.4423</stack-size>
<stack-size id="5518">14.5303</stack-size>
<stack-size id="5580">14.5143</stack-size>
<stack-size id="5642">14.5543</stack-size>
<stack-size id="5704">14.5463</stack-size>
<stack-size id="5766">14.5623</stack-size>
<stack-size id="5828">14.5303</stack-size>
<stack-size id="5890">14.5063</stack-size>
<stack-size id="5952">14.4503</stack-size>
<stack-size id="6014">14.0582</stack-size>
<stack-size id="6076">14.1463</stack-size>
<stack-size id="6138">14.1623</stack-size>
<stack-size id="6200">14.3223</stack-size>
<stack-size id="6262">14.7384</stack-size>
<stack-size id="6324">14.6904</stack-size>
<stack-size id="6386">14.6583</stack-size>
<stack-size id="6448">14.7544</stack-size>
<stack-size id="6510">14.7864</stack-size>
<stack-size id="6572">14.5223</stack-size>
<stack-size id="6634">14.3063</stack-size>
<stack-size id="6696">14.7384</stack-size>
<stack-size id="6758">14.7064</stack-size>
<stack-size id="6820">14.6023</stack-size>
<stack-size id="6882">13.1781</stack-size>
<stack-size id="6944">13.1941</stack-size>
<stack-size id="7006">13.3541</stack-size>
<stack-size id="7068">13.7702</stack-size>
<stack-size id="7130">13.8102</stack-size>
<stack-size id="7192">13.7062</stack-size>
<stack-size id="7254">13.8262</stack-size>
<stack-size id="7316">13.8342</stack-size>
<stack-size id="7378">13.4822</stack-size>
<stack-size id="7440">13.4101</stack-size>
<stack-size id="7502">13.8102</stack-size>
<stack-size id="7564">13.8102</stack-size>
<stack-size id="7626">13.7062</stack-size>
<stack-size id="7688">12.9301</stack-size>
<stack-size id="7750">12.9381</stack-size>
<stack-size id="7812">12.9141</stack-size>
<stack-size id="7874">12.8421</stack-size>
<stack-size id="7936">12.466</stack-size>
<stack-size id="7998">12.8901</stack-size>
<stack-size id="8060">12.81</stack-size>
<stack-size id="8122">12.9221</stack-size>
<stack-size id="8184">12.8421</stack-size>
<stack-size id="8246">12.9221</stack-size>
<stack-size id="8308">12.77</stack-size>
<stack-size id="8370">12.674</stack-size>
<stack-size id="8432">12.234</stack-size>
<stack-size id="8494">12.266</stack-size>
<stack-size id="8556">12.1299</stack-size>
<stack-size id="8618">11.5138</stack-size>
<stack-size id="8680">10.1616</stack-size>
<stack-size id="8742">9.22548</stack-size>
<stack-size id="8804">9.16947</stack-size>
<stack-size id="8866">9.47352</stack-size>
<stack-size id="8928">9.63354</stack-size>
<stack-size id="8990">9.60954</stack-size>
<stack-size id="9052">9.71355</stack-size>
<stack-size id="9114">9.70555</stack-size>
<stack-size id="9176">9.64954</stack-size>
<stack-size id="9238">9.3855</stack-size>
<stack-size id="9300">9.44951</stack-size>
<stack-size id="9362">9.72156</stack-size>
<stack-size id="9424">9.68955</stack-size>
<stack-size id="9486">9.46551</stack-size>
<stack-size id="9548">8.63338</stack-size>
<stack-size id="9610">8.22532</stack-size>
<stack-size id="9672">7.91327</stack-size>
<stack-size id="9734">7.63322</stack-size>
<stack-size id="9796">7.24916</stack-size>
<stack-size id="9858">7.12114</stack-size>
<stack-size id="9920">7.16915</stack-size>
<stack-size id="9982">7.11314</stack-size>
<stack-size id="10044">6.49704</stack-size>
<stack-size id="10106">6.47304</stack-size>
<stack-size id="10168">6.32901</stack-size>
<stack-size id="10230">6.37702</stack-size>
<stack-size id="10292">5.41687</stack-size>
<stack-size id="10354">4.88078</stack-size>
<stack-size id="10416">4.31269</stack-size>
<stack-size id="10478">4.3447</stack-size>
<stack-size id="10540">4.47272</stack-size>
<stack-size id="10602">4.07265</stack-size>
<stack-size id="10664">3.82461</stack-size>
<stack-size id="10726">3.80061</stack-size>
<stack-size id="10788">2.41639</stack-size>
<stack-size id="10850">2.4804</stack-size>
<stack-size id="10912">2.4724</stack-size>
<stack-size id="10974">2.56041</stack-size>
<stack-size id="11036">2.42439</stack-size>
<stack-size id="11098">2.19235</stack-size>
<stack-size id="11160">0.528084</stack-size>
<stack-size id="11222">0.488078</stack-size>
<stack-size id="11284">0.464074</stack-size>
<stack-size id="11346">0.336054</stack-size>
<stack-size id="11408">0.496079</stack-size>
<stack-size id="11470">0.528084</stack-size>
<stack-size id="11532">0.448072</stack-size>
<stack-size id="11594">0.56009</stack-size>
<stack-size id="11656">0.0480077</stack-size>
<stack-size id="11718">0.0960154</stack-size>
<stack-size id="11780">0.424068</stack-size>
<stack-size id="11842">0.0800128</stack-size>
<stack-size id="11904">0.152024</stack-size>
<stack-size id="11966">0.160026</stack-size>
<stack-size id="12028">0.200032</stack-size>
<stack-size id="12090">0.504081</stack-size>
<stack-size id="12152">1.00016</stack-size>
<stack-size id="12214">1.18419</stack-size>
<stack-size id="12276">1.12018</stack-size>
<stack-size id="12338">0.992159</stack-size>
<stack-size id="12400">0.0800128</stack-size>
<stack-size id="12462">0.12802</stack-size>
<max-stack>1862</max-stack>
<front-edges>12497</front-edges>
<back-edges>2779</back-edges>
<cross-edges>18093</cross-edges>
<shortest-cycle>15</shortest-cycle>
</dfs-info>
<rw-info>
<coverage step="1240">6.04097</coverage>
<coverage step="2480">8.55337</coverage>
<coverage step="3720">10.4337</coverage>
<coverage step="4960">11.8419</coverage>
<coverage step="6200">13.1861</coverage>
<coverage step="7440">14.2583</coverage>
<coverage step="8680">14.9864</coverage>
<coverage step="9920">15.6985</coverage>
<coverage step="11160">16.0746</coverage>
<coverage step="12400">16.6747</coverage>
<coverage step="13640">17.1787</coverage>
<coverage step="14880">17.5548</coverage>
<coverage step="16120">17.9629</coverage>
<coverage step="17360">18.4349</coverage>
<coverage step="18600">18.651</coverage>
<coverage step="19840">18.955</coverage>
<coverage step="21080">19.3071</coverage>
<coverage step="22320">19.7552</coverage>
<coverage step="23560">20.0752</coverage>
<coverage step="24800">20.4033</coverage>
<coverage step="26040">20.8433</coverage>
<coverage step="27280">21.1234</coverage>
<coverage step="28520">21.3954</coverage>
<coverage step="29760">21.5474</coverage>
<coverage step="31000">21.8595</coverage>
<coverage step="32240">22.2276</coverage>
<coverage step="33480">22.3476</coverage>
<coverage step="34720">22.5716</coverage>
<coverage step="35960">22.6916</coverage>
<coverage step="37200">22.8517</coverage>
<coverage step="38440">23.0517</coverage>
<coverage step="39680">23.1397</coverage>
<coverage step="40920">23.2757</coverage>
<coverage step="42160">23.3557</coverage>
<coverage step="43400">23.4438</coverage>
<coverage step="44640">23.6358</coverage>
<coverage step="45880">23.8118</coverage>
<coverage step="47120">24.0198</coverage>
<coverage step="48360">24.0759</coverage>
<coverage step="49600">24.3239</coverage>
<coverage step="50840">24.4999</coverage>
<coverage step="52080">24.5239</coverage>
<coverage step="53320">24.6599</coverage>
<coverage step="54560">24.788</coverage>
<coverage step="55800">24.956</coverage>
<coverage step="57040">25.1</coverage>
<coverage step="58280">25.244</coverage>
<coverage step="59520">25.3161</coverage>
<coverage step="60760">25.4121</coverage>
<coverage step="62000">25.5081</coverage>
<coverage step="63240">25.5961</coverage>
<coverage step="64480">25.6521</coverage>
<coverage step="65720">25.7081</coverage>
<coverage step="66960">25.8921</coverage>
<coverage step="68200">25.9321</coverage>
<coverage step="69440">26.0362</coverage>
<coverage step="70680">26.1162</coverage>
<coverage step="71920">26.2042</coverage>
<coverage step="73160">26.3882</coverage>
<coverage step="74400">26.4042</coverage>
<coverage step="75640">26.4602</coverage>
<coverage step="76880">26.5883</coverage>
<coverage step="78120">26.7163</coverage>
<coverage step="79360">26.7563</coverage>
<coverage step="80600">26.9643</coverage>
<coverage step="81840">27.2044</coverage>
<coverage step="83080">27.3164</coverage>
<coverage step="84320">27.5564</coverage>
<coverage step="85560">27.6924</coverage>
<coverage step="86800">27.9325</coverage>
<coverage step="88040">27.9405</coverage>
<coverage step="89280">28.0125</coverage>
<coverage step="90520">28.0685</coverage>
<coverage step="91760">28.1245</coverage>
<coverage step="93000">28.1325</coverage>
<coverage step="94240">28.2125</coverage>
<coverage step="95480">28.3325</coverage>
<coverage step="96720">28.3885</coverage>
<coverage step="97960">28.4285</coverage>
<coverage step="99200">28.4365</coverage>
<coverage step="100440">28.5086</coverage>
<coverage step="101680">28.5886</coverage>
<coverage step="102920">28.6926</coverage>
<coverage step="104160">28.7246</coverage>
<coverage step="105400">28.8126</coverage>
<coverage step="106640">28.8446</coverage>
<coverage step="107880">28.8526</coverage>
<coverage step="109120">29.0286</coverage>
<coverage step="110360">29.0366</coverage>
<coverage step="111600">29.0687</coverage>
<coverage step="112840">29.0687</coverage>
<coverage step="114080">29.1087</coverage>
<coverage step="115320">29.1967</coverage>
<coverage step="116560">29.2207</coverage>
<coverage step="117800">29.3487</coverage>
<coverage step="119040">29.4127</coverage>
<coverage step="120280">29.4367</coverage>
<coverage step="121520">29.4767</coverage>
<coverage step="122760">29.5087</coverage>
<coverage step="124000">29.5807</coverage>
<rw-visits order="1">563</rw-visits>
<rw-visits order="19">382</rw-visits>
<rw-visits order="37">343</rw-visits>
<rw-visits order="55">312</rw-visits>
<rw-visits order="73">292</rw-visits>
<rw-visits order="91">264</rw-visits>
<rw-visits order="109">247</rw-visits>
<rw-visits order="127">235</rw-visits>
<rw-visits order="145">215</rw-visits>
<rw-visits order="163">200</rw-visits>
<rw-visits order="181">189</rw-visits>
<rw-visits order="199">179</rw-visits>
<rw-visits order="217">166</rw-visits>
<rw-visits order="235">157</rw-visits>
<rw-visits order="253">142</rw-visits>
<rw-visits order="271">135</rw-visits>
<rw-visits order="289">127</rw-visits>
<rw-visits order="307">120</rw-visits>
<rw-visits order="325">114</rw-visits>
<rw-visits order="343">107</rw-visits>
<rw-visits order="361">103</rw-visits>
<rw-visits order="379">100</rw-visits>
<rw-visits order="397">95</rw-visits>
<rw-visits order="415">92</rw-visits>
<rw-visits order="433">87</rw-visits>
<rw-visits order="451">84</rw-visits>
<rw-visits order="469">80</rw-visits>
<rw-visits order="487">77</rw-visits>
<rw-visits order="505">72</rw-visits>
<rw-visits order="523">69</rw-visits>
<rw-visits order="541">65</rw-visits>
<rw-visits order="559">63</rw-visits>
<rw-visits order="577">60</rw-visits>
<rw-visits order="595">57</rw-visits>
<rw-visits order="613">55</rw-visits>
<rw-visits order="631">52</rw-visits>
<rw-visits order="649">50</rw-visits>
<rw-visits order="667">48</rw-visits>
<rw-visits order="685">45</rw-visits>
<rw-visits order="703">42</rw-visits>
<rw-visits order="721">41</rw-visits>
<rw-visits order="739">39</rw-visits>
<rw-visits order="757">38</rw-visits>
<rw-visits order="775">37</rw-visits>
<rw-visits order="793">35</rw-visits>
<rw-visits order="811">34</rw-visits>
<rw-visits order="829">33</rw-visits>
<rw-visits order="847">32</rw-visits>
<rw-visits order="865">30</rw-visits>
<rw-visits order="883">30</rw-visits>
<rw-visits order="901">29</rw-visits>
<rw-visits order="919">28</rw-visits>
<rw-visits order="937">27</rw-visits>
<rw-visits order="955">26</rw-visits>
<rw-visits order="973">25</rw-visits>
<rw-visits order="991">24</rw-visits>
<rw-visits order="1009">24</rw-visits>
<rw-visits order="1027">23</rw-visits>
<rw-visits order="1045">22</rw-visits>
<rw-visits order="1063">22</rw-visits>
<rw-visits order="1081">21</rw-visits>
<rw-visits order="1099">20</rw-visits>
<rw-visits order="1117">20</rw-visits>
<rw-visits order="1135">19</rw-visits>
<rw-visits order="1153">19</rw-visits>
<rw-visits order="1171">18</rw-visits>
<rw-visits order="1189">18</rw-visits>
<rw-visits order="1207">17</rw-visits>
<rw-visits order="1225">17</rw-visits>
<rw-visits order="1243">17</rw-visits>
<rw-visits order="1261">16</rw-visits>
<rw-visits order="1279">16</rw-visits>
<rw-visits order="1297">15</rw-visits>
<rw-visits order="1315">15</rw-visits>
<rw-visits order="1333">15</rw-visits>
<rw-visits order="1351">14</rw-visits>
<rw-visits order="1369">14</rw-visits>
<rw-visits order="1387">13</rw-visits>
<rw-visits order="1405">13</rw-visits>
<rw-visits order="1423">13</rw-visits>
<rw-visits order="1441">12</rw-visits>
<rw-visits order="1459">12</rw-visits>
<rw-visits order="1477">12</rw-visits>
<rw-visits order="1495">11</rw-visits>
<rw-visits order="1513">11</rw-visits>
<rw-visits order="1531">11</rw-visits>
<rw-visits order="1549">10</rw-visits>
<rw-visits order="1567">10</rw-visits>
<rw-visits order="1585">10</rw-visits>
<rw-visits order="1603">10</rw-visits>
<rw-visits order="1621">9</rw-visits>
<rw-visits order="1639">9</rw-visits>
<rw-visits order="1657">9</rw-visits>
<rw-visits order="1675">9</rw-visits>
<rw-visits order="1693">9</rw-visits>
<rw-visits order="1711">8</rw-visits>
<rw-visits order="1729">8</rw-visits>
<rw-visits order="1747">8</rw-visits>
<rw-visits order="1765">8</rw-visits>
<rw-visits order="1783">8</rw-visits>
<rw-visits order="1801">7</rw-visits>
<rw-visits order="1819">7</rw-visits>
<rw-visits order="1837">7</rw-visits>
<rw-visits order="1855">7</rw-visits>
<rw-visits order="1873">7</rw-visits>
<rw-visits order="1891">6</rw-visits>
<rw-visits order="1909">6</rw-visits>
<rw-visits order="1927">6</rw-visits>
<rw-visits order="1945">6</rw-visits>
<rw-visits order="1963">6</rw-visits>
<rw-visits order="1981">6</rw-visits>
<rw-visits order="1999">6</rw-visits>
<rw-visits order="2017">5</rw-visits>
<rw-visits order="2035">5</rw-visits>
<rw-visits order="2053">5</rw-visits>
<rw-visits order="2071">5</rw-visits>
<rw-visits order="2089">5</rw-visits>
<rw-visits order="2107">5</rw-visits>
<rw-visits order="2125">5</rw-visits>
<rw-visits order="2143">4</rw-visits>
<rw-visits order="2161">4</rw-visits>
<rw-visits order="2179">4</rw-visits>
<rw-visits order="2197">4</rw-visits>
<rw-visits order="2215">4</rw-visits>
<rw-visits order="2233">4</rw-visits>
<rw-visits order="2251">4</rw-visits>
<rw-visits order="2269">4</rw-visits>
<rw-visits order="2287">4</rw-visits>
<rw-visits order="2305">3</rw-visits>
<rw-visits order="2323">3</rw-visits>
<rw-visits order="2341">3</rw-visits>
<rw-visits order="2359">3</rw-visits>
<rw-visits order="2377">3</rw-visits>
<rw-visits order="2395">3</rw-visits>
<rw-visits order="2413">3</rw-visits>
<rw-visits order="2431">3</rw-visits>
<rw-visits order="2449">3</rw-visits>
<rw-visits order="2467">3</rw-visits>
<rw-visits order="2485">3</rw-visits>
<rw-visits order="2503">3</rw-visits>
<rw-visits order="2521">3</rw-visits>
<rw-visits order="2539">2</rw-visits>
<rw-visits order="2557">2</rw-visits>
<rw-visits order="2575">2</rw-visits>
<rw-visits order="2593">2</rw-visits>
<rw-visits order="2611">2</rw-visits>
<rw-visits order="2629">2</rw-visits>
<rw-visits order="2647">2</rw-visits>
<rw-visits order="2665">2</rw-visits>
<rw-visits order="2683">2</rw-visits>
<rw-visits order="2701">2</rw-visits>
<rw-visits order="2719">2</rw-visits>
<rw-visits order="2737">2</rw-visits>
<rw-visits order="2755">2</rw-visits>
<rw-visits order="2773">2</rw-visits>
<rw-visits order="2791">2</rw-visits>
<rw-visits order="2809">2</rw-visits>
<rw-visits order="2827">2</rw-visits>
<rw-visits order="2845">2</rw-visits>
<rw-visits order="2863">2</rw-visits>
<rw-visits order="2881">2</rw-visits>
<rw-visits order="2899">2</rw-visits>
<rw-visits order="2917">1</rw-visits>
<rw-visits order="2935">1</rw-visits>
<rw-visits order="2953">1</rw-visits>
<rw-visits order="2971">1</rw-visits>
<rw-visits order="2989">1</rw-visits>
<rw-visits order="3007">1</rw-visits>
<rw-visits order="3025">1</rw-visits>
<rw-visits order="3043">1</rw-visits>
<rw-visits order="3061">1</rw-visits>
<rw-visits order="3079">1</rw-visits>
<rw-visits order="3097">1</rw-visits>
<rw-visits order="3115">1</rw-visits>
<rw-visits order="3133">1</rw-visits>
<rw-visits order="3151">1</rw-visits>
<rw-visits order="3169">1</rw-visits>
<rw-visits order="3187">1</rw-visits>
<rw-visits order="3205">1</rw-visits>
<rw-visits order="3223">1</rw-visits>
<rw-visits order="3241">1</rw-visits>
<rw-visits order="3259">1</rw-visits>
<rw-visits order="3277">1</rw-visits>
<rw-visits order="3295">1</rw-visits>
<rw-visits order="3313">1</rw-visits>
<rw-visits order="3331">1</rw-visits>
<rw-visits order="3349">1</rw-visits>
<rw-visits order="3367">1</rw-visits>
<rw-visits order="3385">1</rw-visits>
<rw-visits order="3403">1</rw-visits>
<rw-visits order="3421">1</rw-visits>
<rw-visits order="3439">1</rw-visits>
<rw-visits order="3457">1</rw-visits>
<rw-visits order="3475">1</rw-visits>
<rw-visits order="3493">1</rw-visits>
<rw-visits order="3511">1</rw-visits>
<rw-visits order="3529">1</rw-visits>
<rw-visits order="3547">1</rw-visits>
<rw-visits order="3565">1</rw-visits>
<rw-visits order="3583">1</rw-visits>
<rw-visits order="3601">1</rw-visits>
<rw-visits order="3619">1</rw-visits>
<rw-visits order="3637">1</rw-visits>
<rw-visits order="3655">1</rw-visits>
<rw-visits order="3673">1</rw-visits>
<rw-visits order="3691">1</rw-visits>
<rw-visits order="3709">1</rw-visits>
<final-coverage>29.6847</final-coverage>
</rw-info>
<local-info>
<diamonds>97.1515</diamonds>
<neighborhood k="4">27</neighborhood>
<clustering k="4">1.57282</clustering>
</local-info>
<label-info>
<edge-label id="0.0">2169</edge-label>
<edge-label id="0.1">2536</edge-label>
<edge-label id="0.2">2536</edge-label>
<edge-label id="0.3">2694</edge-label>
<edge-label id="0.4">779</edge-label>
<edge-label id="0.5">136</edge-label>
<edge-label id="0.6">136</edge-label>
<edge-label id="1.0">1929</edge-label>
<edge-label id="1.1">2750</edge-label>
<edge-label id="1.2">2750</edge-label>
<edge-label id="1.3">2029</edge-label>
<edge-label id="1.4">1257</edge-label>
<edge-label id="1.5">190</edge-label>
<edge-label id="1.6">190</edge-label>
<edge-label id="2.0">1767</edge-label>
<edge-label id="2.1">2889</edge-label>
<edge-label id="2.2">2889</edge-label>
<edge-label id="2.3">1721</edge-label>
<edge-label id="2.4">1566</edge-label>
<edge-label id="2.5">228</edge-label>
<edge-label id="2.6">228</edge-label>
<state-labels procid="0">
<label id="[{0|0|0},{0|0|0}]">80</label>
<label id="[{0|0|0},{1|1|0}]">72</label>
<label id="[{0|0|0},{2|2|0}]">72</label>
<label id="[{0|0|1},{0|0|0}]">38</label>
<label id="[{0|0|1},{1|1|0}]">34</label>
<label id="[{0|0|1},{2|0|0}]">110</label>
<label id="[{0|0|1},{2|1|0}]">90</label>
<label id="[{0|0|1},{2|2|0}]">216</label>
<label id="[{0|0|2},{2|0|0}]">22</label>
<label id="[{0|0|2},{2|1|0}]">18</label>
<label id="[{0|0|2},{2|2|0}]">252</label>
<label id="[{0|1|0},{0|0|0}]">38</label>
<label id="[{0|1|0},{1|0|0}]">110</label>
<label id="[{0|1|0},{1|1|0}]">216</label>
<label id="[{0|1|0},{1|2|0}]">90</label>
<label id="[{0|1|0},{2|2|0}]">34</label>
<label id="[{0|1|1},{0|0|0}]">18</label>
<label id="[{0|1|1},{1|0|0}]">146</label>
<label id="[{0|1|1},{1|1|0}]">318</label>
<label id="[{0|1|1},{1|2|0}]">261</label>
<label id="[{0|1|1},{2|0|0}]">114</label>
<label id="[{0|1|1},{2|1|0}]">189</label>
<label id="[{0|1|1},{2|2|0}]">246</label>
<label id="[{0|1|2},{1|0|0}]">48</label>
<label id="[{0|1|2},{1|1|0}]">108</label>
<label id="[{0|1|2},{1|2|0}]">270</label>
<label id="[{0|1|2},{2|0|0}]">10</label>
<label id="[{0|1|2},{2|1|0}]">9</label>
<label id="[{0|1|2},{2|2|0}]">119</label>
<label id="[{0|2|0},{1|0|0}]">22</label>
<label id="[{0|2|0},{1|1|0}]">252</label>
<label id="[{0|2|0},{1|2|0}]">18</label>
<label id="[{0|2|1},{1|0|0}]">10</label>
<label id="[{0|2|1},{1|1|0}]">119</label>
<label id="[{0|2|1},{1|2|0}]">9</label>
<label id="[{0|2|1},{2|0|0}]">32</label>
<label id="[{0|2|1},{2|1|0}]">180</label>
<label id="[{0|2|1},{2|2|0}]">72</label>
<label id="[{1|0|0},{0|0|0}]">220</label>
<label id="[{1|0|0},{0|1|0}]">90</label>
<label id="[{1|0|0},{0|2|0}]">90</label>
<label id="[{1|0|0},{1|1|0}]">34</label>
<label id="[{1|0|0},{2|2|0}]">34</label>
<label id="[{1|0|1},{0|0|0}]">320</label>
<label id="[{1|0|1},{0|1|0}]">88</label>
<label id="[{1|0|1},{0|2|0}]">261</label>
<label id="[{1|0|1},{1|1|0}]">16</label>
<label id="[{1|0|1},{2|0|0}]">127</label>
<label id="[{1|0|1},{2|1|0}]">56</label>
<label id="[{1|0|1},{2|2|0}]">174</label>
<label id="[{1|0|2},{0|0|0}]">108</label>
<label id="[{1|0|2},{0|1|0}]">24</label>
<label id="[{1|0|2},{0|2|0}]">270</label>
<label id="[{1|0|2},{2|0|0}]">11</label>
<label id="[{1|0|2},{2|1|0}]">8</label>
<label id="[{1|0|2},{2|2|0}]">119</label>
<label id="[{1|1|0},{0|0|0}]">248</label>
<label id="[{1|1|0},{0|1|0}]">189</label>
<label id="[{1|1|0},{0|2|0}]">72</label>
<label id="[{1|1|0},{1|0|0}]">127</label>
<label id="[{1|1|0},{1|1|0}]">174</label>
<label id="[{1|1|0},{1|2|0}]">56</label>
<label id="[{1|1|0},{2|2|0}]">16</label>
<label id="[{1|1|1},{0|0|0}]">321</label>
<label id="[{1|1|1},{0|1|0}]">220</label>
<label id="[{1|1|1},{0|2|0}]">244</label>
<label id="[{1|1|1},{1|0|0}]">157</label>
<label id="[{1|1|1},{1|1|0}]">228</label>
<label id="[{1|1|1},{1|2|0}]">176</label>
<label id="[{1|1|1},{2|0|0}]">129</label>
<label id="[{1|1|1},{2|1|0}]">132</label>
<label id="[{1|1|1},{2|2|0}]">184</label>
<label id="[{1|1|2},{0|0|0}]">104</label>
<label id="[{1|1|2},{0|1|0}]">68</label>
<label id="[{1|1|2},{0|2|0}]">272</label>
<label id="[{1|1|2},{1|0|0}]">50</label>
<label id="[{1|1|2},{1|1|0}]">74</label>
<label id="[{1|1|2},{1|2|0}]">194</label>
<label id="[{1|1|2},{2|0|0}]">5</label>
<label id="[{1|1|2},{2|1|0}]">4</label>
<label id="[{1|1|2},{2|2|0}]">56</label>
<label id="[{1|2|0},{0|0|0}]">72</label>
<label id="[{1|2|0},{0|1|0}]">180</label>
<label id="[{1|2|0},{0|2|0}]">16</label>
<label id="[{1|2|0},{1|0|0}]">11</label>
<label id="[{1|2|0},{1|1|0}]">119</label>
<label id="[{1|2|0},{1|2|0}]">8</label>
<label id="[{1|2|1},{0|0|0}]">88</label>
<label id="[{1|2|1},{0|1|0}]">232</label>
<label id="[{1|2|1},{0|2|0}]">64</label>
<label id="[{1|2|1},{1|0|0}]">5</label>
<label id="[{1|2|1},{1|1|0}]">56</label>
<label id="[{1|2|1},{1|2|0}]">4</label>
<label id="[{1|2|1},{2|0|0}]">36</label>
<label id="[{1|2|1},{2|1|0}]">148</label>
<label id="[{1|2|1},{2|2|0}]">52</label>
<label id="[{1|2|2},{0|0|0}]">28</label>
<label id="[{1|2|2},{0|1|0}]">148</label>
<label id="[{1|2|2},{0|2|0}]">124</label>
<label id="[{2|0|0},{0|0|0}]">252</label>
<label id="[{2|0|0},{0|1|0}]">18</label>
<label id="[{2|0|0},{0|2|0}]">18</label>
<label id="[{2|0|1},{0|0|0}]">119</label>
<label id="[{2|0|1},{0|1|0}]">8</label>
<label id="[{2|0|1},{0|2|0}]">9</label>
<label id="[{2|0|1},{2|0|0}]">90</label>
<label id="[{2|0|1},{2|1|0}]">8</label>
<label id="[{2|0|1},{2|2|0}]">36</label>
<label id="[{2|1|0},{0|0|0}]">119</label>
<label id="[{2|1|0},{0|1|0}]">9</label>
<label id="[{2|1|0},{0|2|0}]">8</label>
<label id="[{2|1|0},{1|0|0}]">90</label>
<label id="[{2|1|0},{1|1|0}]">36</label>
<label id="[{2|1|0},{1|2|0}]">8</label>
<label id="[{2|1|1},{0|0|0}]">56</label>
<label id="[{2|1|1},{0|1|0}]">4</label>
<label id="[{2|1|1},{0|2|0}]">4</label>
<label id="[{2|1|1},{1|0|0}]">114</label>
<label id="[{2|1|1},{1|1|0}]">42</label>
<label id="[{2|1|1},{1|2|0}]">30</label>
<label id="[{2|1|1},{2|0|0}]">108</label>
<label id="[{2|1|1},{2|1|0}]">24</label>
<label id="[{2|1|1},{2|2|0}]">36</label>
<label id="[{2|1|2},{1|0|0}]">73</label>
<label id="[{2|1|2},{1|1|0}]">13</label>
<label id="[{2|1|2},{1|2|0}]">49</label>
<label id="[{2|2|1},{2|0|0}]">58</label>
<label id="[{2|2|1},{2|1|0}]">46</label>
<label id="[{2|2|1},{2|2|0}]">10</label>
</state-labels><state-labels procid="1">
<label id="[0,0,0]">471</label>
<label id="[0,3,0]">276</label>
<label id="[0,3,1]">276</label>
<label id="[0,3,2]">276</label>
<label id="[0,3,3]">870</label>
<label id="[1,3,0]">2</label>
<label id="[1,3,1]">2</label>
<label id="[1,3,2]">2</label>
<label id="[1,3,3]">130</label>
<label id="[2,1,0]">471</label>
<label id="[2,1,1]">276</label>
<label id="[2,1,2]">276</label>
<label id="[2,1,3]">870</label>
<label id="[2,2,0]">142</label>
<label id="[2,2,1]">142</label>
<label id="[2,2,2]">115</label>
<label id="[2,2,3]">244</label>
<label id="[2,3,0]">2</label>
<label id="[2,3,1]">2</label>
<label id="[2,3,2]">2</label>
<label id="[2,3,3]">130</label>
<label id="[3,1,0]">471</label>
<label id="[3,1,1]">276</label>
<label id="[3,1,2]">276</label>
<label id="[3,1,3]">870</label>
<label id="[3,2,0]">142</label>
<label id="[3,2,1]">142</label>
<label id="[3,2,2]">115</label>
<label id="[3,2,3]">244</label>
<label id="[4,1,0]">1732</label>
<label id="[4,1,1]">1732</label>
<label id="[4,1,2]">697</label>
<label id="[4,1,3]">244</label>
<label id="[4,2,0]">154</label>
<label id="[4,2,1]">154</label>
<label id="[4,2,2]">142</label>
<label id="[4,2,3]">130</label>
</state-labels><state-labels procid="2">
<label id="[0,0,0]">363</label>
<label id="[0,3,0]">246</label>
<label id="[0,3,1]">246</label>
<label id="[0,3,2]">246</label>
<label id="[0,3,3]">828</label>
<label id="[1,3,0]">6</label>
<label id="[1,3,1]">6</label>
<label id="[1,3,2]">6</label>
<label id="[1,3,3]">172</label>
<label id="[2,1,0]">363</label>
<label id="[2,1,1]">246</label>
<label id="[2,1,2]">246</label>
<label id="[2,1,3]">828</label>
<label id="[2,2,0]">248</label>
<label id="[2,2,1]">230</label>
<label id="[2,2,2]">230</label>
<label id="[2,2,3]">359</label>
<label id="[2,3,0]">6</label>
<label id="[2,3,1]">6</label>
<label id="[2,3,2]">6</label>
<label id="[2,3,3]">172</label>
<label id="[3,1,0]">363</label>
<label id="[3,1,1]">246</label>
<label id="[3,1,2]">246</label>
<label id="[3,1,3]">828</label>
<label id="[3,2,0]">248</label>
<label id="[3,2,1]">230</label>
<label id="[3,2,2]">230</label>
<label id="[3,2,3]">359</label>
<label id="[4,1,0]">1844</label>
<label id="[4,1,1]">857</label>
<label id="[4,1,2]">857</label>
<label id="[4,1,3]">359</label>
<label id="[4,2,0]">208</label>
<label id="[4,2,1]">196</label>
<label id="[4,2,2]">196</label>
<label id="[4,2,3]">172</label>
</state-labels><state-labels procid="3">
<label id="[0,0,0]">333</label>
<label id="[0,3,0]">216</label>
<label id="[0,3,1]">216</label>
<label id="[0,3,2]">216</label>
<label id="[0,3,3]">786</label>
<label id="[1,3,0]">9</label>
<label id="[1,3,1]">9</label>
<label id="[1,3,2]">9</label>
<label id="[1,3,3]">201</label>
<label id="[2,1,0]">333</label>
<label id="[2,1,1]">216</label>
<label id="[2,1,2]">216</label>
<label id="[2,1,3]">786</label>
<label id="[2,2,0]">309</label>
<label id="[2,2,1]">300</label>
<label id="[2,2,2]">282</label>
<label id="[2,2,3]">447</label>
<label id="[2,3,0]">9</label>
<label id="[2,3,1]">9</label>
<label id="[2,3,2]">9</label>
<label id="[2,3,3]">201</label>
<label id="[3,1,0]">333</label>
<label id="[3,1,1]">216</label>
<label id="[3,1,2]">216</label>
<label id="[3,1,3]">786</label>
<label id="[3,2,0]">309</label>
<label id="[3,2,1]">300</label>
<label id="[3,2,2]">282</label>
<label id="[3,2,3]">447</label>
<label id="[4,1,0]">1812</label>
<label id="[4,1,1]">927</label>
<label id="[4,1,2]">447</label>
<label id="[4,1,3]">447</label>
<label id="[4,2,0]">237</label>
<label id="[4,2,1]">225</label>
<label id="[4,2,2]">201</label>
<label id="[4,2,3]">201</label>
</state-labels></label-info>
</state-space-info>
