<?xml version="1.0"?>
<!DOCTYPE state-space-info SYSTEM "../../state_space_info.dtd">


<state-space-info>
<states>124704</states>
<edges>399138</edges>
<bfs-info>
 <levels>52</levels>
<max-level>8268</max-level>

<back-level-edges>59787</back-level-edges>
<max-back-level-edge>26</max-back-level-edge>
<avg-back-level-edge>8.79532</avg-back-level-edge>
<bfs-levels>
<level id="0"><states>1</states><edges>3</edges></level>
<level id="1"><states>3</states><edges>9</edges></level>
<level id="2"><states>6</states><edges>18</edges></level>
<level id="3"><states>10</states><edges>30</edges></level>
<level id="4"><states>15</states><edges>45</edges></level>
<level id="5"><states>21</states><edges>63</edges></level>
<level id="6"><states>31</states><edges>99</edges></level>
<level id="7"><states>51</states><edges>171</edges></level>
<level id="8"><states>87</states><edges>295</edges></level>
<level id="9"><states>144</states><edges>478</edges></level>
<level id="10"><states>216</states><edges>708</edges></level>
<level id="11"><states>300</states><edges>980</edges></level>
<level id="12"><states>396</states><edges>1300</edges></level>
<level id="13"><states>513</states><edges>1679</edges></level>
<level id="14"><states>651</states><edges>2105</edges></level>
<level id="15"><states>810</states><edges>2586</edges></level>
<level id="16"><states>990</states><edges>3132</edges></level>
<level id="17"><states>1200</states><edges>3780</edges></level>
<level id="18"><states>1455</states><edges>4577</edges></level>
<level id="19"><states>1762</states><edges>5566</edges></level>
<level id="20"><states>2149</states><edges>6849</edges></level>
<level id="21"><states>2642</states><edges>8513</edges></level>
<level id="22"><states>3249</states><edges>10582</edges></level>
<level id="23"><states>3963</states><edges>13038</edges></level>
<level id="24"><states>4760</states><edges>15778</edges></level>
<level id="25"><states>5613</states><edges>18660</edges></level>
<level id="26"><states>6465</states><edges>21462</edges></level>
<level id="27"><states>7233</states><edges>23906</edges></level>
<level id="28"><states>7830</states><edges>25721</edges></level>
<level id="29"><states>8187</states><edges>26699</edges></level>
<level id="30"><states>8268</states><edges>26751</edges></level>
<level id="31"><states>8087</states><edges>25970</edges></level>
<level id="32"><states>7696</states><edges>24539</edges></level>
<level id="33"><states>7151</states><edges>22644</edges></level>
<level id="34"><states>6502</states><edges>20440</edges></level>
<level id="35"><states>5772</states><edges>18002</edges></level>
<level id="36"><states>4977</states><edges>15387</edges></level>
<level id="37"><states>4148</states><edges>12698</edges></level>
<level id="38"><states>3317</states><edges>10043</edges></level>
<level id="39"><states>2531</states><edges>7577</edges></level>
<level id="40"><states>1827</states><edges>5409</edges></level>
<level id="41"><states>1241</states><edges>3644</edges></level>
<level id="42"><states>803</states><edges>2351</edges></level>
<level id="43"><states>513</states><edges>1509</edges></level>
<level id="44"><states>348</states><edges>1034</edges></level>
<level id="45"><states>260</states><edges>778</edges></level>
<level id="46"><states>204</states><edges>612</edges></level>
<level id="47"><states>150</states><edges>450</edges></level>
<level id="48"><states>93</states><edges>279</edges></level>
<level id="49"><states>45</states><edges>135</edges></level>
<level id="50"><states>15</states><edges>45</edges></level>
<level id="51"><states>3</states><edges>9</edges></level>
</bfs-levels>
<back-level-length id="0">6.95469</back-level-length>
<back-level-length id="1">6.95469</back-level-length>
<back-level-length id="2">18.7867</back-level-length>
<back-level-length id="3">0</back-level-length>
<back-level-length id="4">0</back-level-length>
<back-level-length id="5">0</back-level-length>
<back-level-length id="6">0</back-level-length>
<back-level-length id="7">0</back-level-length>
<back-level-length id="8">8.46003</back-level-length>
<back-level-length id="9">1.98705</back-level-length>
<back-level-length id="10">1.98705</back-level-length>
<back-level-length id="11">11.27</back-level-length>
<back-level-length id="12">11.561</back-level-length>
<back-level-length id="13">11.561</back-level-length>
<back-level-length id="14">15.1789</back-level-length>
<back-level-length id="15">0.923278</back-level-length>
<back-level-length id="16">0.842993</back-level-length>
<back-level-length id="17">0.722565</back-level-length>
<back-level-length id="18">0</back-level-length>
<back-level-length id="19">0</back-level-length>
<back-level-length id="20">0.240855</back-level-length>
<back-level-length id="21">0.421496</back-level-length>
<back-level-length id="22">0.421496</back-level-length>
<back-level-length id="23">0.822921</back-level-length>
<back-level-length id="24">0.301069</back-level-length>
<back-level-length id="25">0.301069</back-level-length>
<back-level-length id="26">0.301069</back-level-length>
</bfs-info>
<degrees>
<avg>3.20068</avg>
<max-in>26</max-in>
<max-out>5</max-out>
<degree id="0"><in>1</in><out>0</out></degree>
<degree id="1"><in>2470</in><out>0</out></degree>
<degree id="2"><in>26610</in><out>5157</out></degree>
<degree id="3"><in>79422</in><out>91194</out></degree>
<degree id="4"><in>6184</in><out>26523</out></degree>
<degree id="5"><in>3629</in><out>1830</out></degree>
<degree id="6"><in>2750</in><out>0</out></degree>
<degree id="7"><in>121</in><out>0</out></degree>
<degree id="8"><in>35</in><out>0</out></degree>
<degree id="9"><in>290</in><out>0</out></degree>
<degree id="10"><in>999</in><out>0</out></degree>
<degree id="11"><in>24</in><out>0</out></degree>
<degree id="12"><in>31</in><out>0</out></degree>
<degree id="13"><in>302</in><out>0</out></degree>
<degree id="14"><in>1558</in><out>0</out></degree>
<degree id="15"><in>56</in><out>0</out></degree>
<degree id="16"><in>4</in><out>0</out></degree>
<degree id="17"><in>0</in><out>0</out></degree>
<degree id="18"><in>12</in><out>0</out></degree>
<degree id="19"><in>12</in><out>0</out></degree>
<degree id="20"><in>14</in><out>0</out></degree>
<degree id="21"><in>84</in><out>0</out></degree>
<degree id="22"><in>16</in><out>0</out></degree>
<degree id="23"><in>12</in><out>0</out></degree>
<degree id="24"><in>22</in><out>0</out></degree>
<degree id="25"><in>44</in><out>0</out></degree>
<degree id="26"><in>2</in><out>0</out></degree>
</degrees>
<scc-info>
<count>574</count>
<height>19</height>
<nontrivial-height>3</nontrivial-height>
<trivial>567</trivial>
<terminal>1</terminal>
<largest>119088</largest>
<largest-position> the only terminal</largest-position>
</scc-info>
<dfs-info>
<stack-size id="623">0.499583</stack-size>
<stack-size id="1246">0.999166</stack-size>
<stack-size id="1869">1.49875</stack-size>
<stack-size id="2492">1.99753</stack-size>
<stack-size id="3115">2.4931</stack-size>
<stack-size id="3738">2.98948</stack-size>
<stack-size id="4361">3.48666</stack-size>
<stack-size id="4984">3.97181</stack-size>
<stack-size id="5607">4.41526</stack-size>
<stack-size id="6230">4.7713</stack-size>
<stack-size id="6853">5.21555</stack-size>
<stack-size id="7476">5.66702</stack-size>
<stack-size id="8099">6.15778</stack-size>
<stack-size id="8722">6.63892</stack-size>
<stack-size id="9345">7.06393</stack-size>
<stack-size id="9968">7.47691</stack-size>
<stack-size id="10591">7.78564</stack-size>
<stack-size id="11214">8.17857</stack-size>
<stack-size id="11837">8.57631</stack-size>
<stack-size id="12460">9.02457</stack-size>
<stack-size id="13083">9.28839</stack-size>
<stack-size id="13706">9.65807</stack-size>
<stack-size id="14329">10.0847</stack-size>
<stack-size id="14952">10.4215</stack-size>
<stack-size id="15575">10.6829</stack-size>
<stack-size id="16198">10.9924</stack-size>
<stack-size id="16821">11.2635</stack-size>
<stack-size id="17444">11.4848</stack-size>
<stack-size id="18067">11.6773</stack-size>
<stack-size id="18690">12.0277</stack-size>
<stack-size id="19313">12.3966</stack-size>
<stack-size id="19936">12.6371</stack-size>
<stack-size id="20559">12.828</stack-size>
<stack-size id="21182">13.1367</stack-size>
<stack-size id="21805">13.4486</stack-size>
<stack-size id="22428">13.8207</stack-size>
<stack-size id="23051">13.9827</stack-size>
<stack-size id="23674">14.1896</stack-size>
<stack-size id="24297">14.5055</stack-size>
<stack-size id="24920">14.8383</stack-size>
<stack-size id="25543">15.111</stack-size>
<stack-size id="26166">15.2922</stack-size>
<stack-size id="26789">15.6202</stack-size>
<stack-size id="27412">15.9851</stack-size>
<stack-size id="28035">16.2545</stack-size>
<stack-size id="28658">16.4662</stack-size>
<stack-size id="29281">16.641</stack-size>
<stack-size id="29904">16.7028</stack-size>
<stack-size id="30527">16.8535</stack-size>
<stack-size id="31150">16.9329</stack-size>
<stack-size id="31773">17.1959</stack-size>
<stack-size id="32396">17.4148</stack-size>
<stack-size id="33019">17.6698</stack-size>
<stack-size id="33642">17.8126</stack-size>
<stack-size id="34265">18.0163</stack-size>
<stack-size id="34888">18.1879</stack-size>
<stack-size id="35511">18.3787</stack-size>
<stack-size id="36134">18.5078</stack-size>
<stack-size id="36757">18.5912</stack-size>
<stack-size id="37380">18.7027</stack-size>
<stack-size id="38003">18.9497</stack-size>
<stack-size id="38626">19.1694</stack-size>
<stack-size id="39249">19.3145</stack-size>
<stack-size id="39872">19.4477</stack-size>
<stack-size id="40495">19.5246</stack-size>
<stack-size id="41118">19.6329</stack-size>
<stack-size id="41741">19.6321</stack-size>
<stack-size id="42364">19.665</stack-size>
<stack-size id="42987">19.7075</stack-size>
<stack-size id="43610">19.8294</stack-size>
<stack-size id="44233">19.8261</stack-size>
<stack-size id="44856">19.9063</stack-size>
<stack-size id="45479">19.9937</stack-size>
<stack-size id="46102">20.0579</stack-size>
<stack-size id="46725">20.0779</stack-size>
<stack-size id="47348">20.0723</stack-size>
<stack-size id="47971">20.0699</stack-size>
<stack-size id="48594">20.1541</stack-size>
<stack-size id="49217">20.167</stack-size>
<stack-size id="49840">20.1678</stack-size>
<stack-size id="50463">20.2937</stack-size>
<stack-size id="51086">20.4067</stack-size>
<stack-size id="51709">20.6192</stack-size>
<stack-size id="52332">20.685</stack-size>
<stack-size id="52955">20.6922</stack-size>
<stack-size id="53578">20.6802</stack-size>
<stack-size id="54201">20.7106</stack-size>
<stack-size id="54824">20.7307</stack-size>
<stack-size id="55447">20.7564</stack-size>
<stack-size id="56070">20.8125</stack-size>
<stack-size id="56693">20.8157</stack-size>
<stack-size id="57316">20.8341</stack-size>
<stack-size id="57939">20.847</stack-size>
<stack-size id="58562">20.843</stack-size>
<stack-size id="59185">20.8454</stack-size>
<stack-size id="59808">20.843</stack-size>
<stack-size id="60431">20.8422</stack-size>
<stack-size id="61054">20.875</stack-size>
<stack-size id="61677">20.9015</stack-size>
<stack-size id="62300">20.9721</stack-size>
<stack-size id="62923">21.0386</stack-size>
<stack-size id="63546">21.0418</stack-size>
<stack-size id="64169">21.0402</stack-size>
<stack-size id="64792">21.049</stack-size>
<stack-size id="65415">21.0442</stack-size>
<stack-size id="66038">21.0442</stack-size>
<stack-size id="66661">21.041</stack-size>
<stack-size id="67284">21.0426</stack-size>
<stack-size id="67907">21.0434</stack-size>
<stack-size id="68530">21.0434</stack-size>
<stack-size id="69153">21.0418</stack-size>
<stack-size id="69776">21.1148</stack-size>
<stack-size id="70399">21.1076</stack-size>
<stack-size id="71022">21.1172</stack-size>
<stack-size id="71645">21.114</stack-size>
<stack-size id="72268">21.1156</stack-size>
<stack-size id="72891">21.1132</stack-size>
<stack-size id="73514">21.106</stack-size>
<stack-size id="74137">21.1116</stack-size>
<stack-size id="74760">21.1076</stack-size>
<stack-size id="75383">21.1052</stack-size>
<stack-size id="76006">21.1108</stack-size>
<stack-size id="76629">21.118</stack-size>
<stack-size id="77252">21.1156</stack-size>
<stack-size id="77875">21.1132</stack-size>
<stack-size id="78498">21.1196</stack-size>
<stack-size id="79121">21.1268</stack-size>
<stack-size id="79744">21.1284</stack-size>
<stack-size id="80367">21.1172</stack-size>
<stack-size id="80990">21.1188</stack-size>
<stack-size id="81613">21.122</stack-size>
<stack-size id="82236">21.1116</stack-size>
<stack-size id="82859">21.1373</stack-size>
<stack-size id="83482">21.1252</stack-size>
<stack-size id="84105">21.1356</stack-size>
<stack-size id="84728">21.1373</stack-size>
<stack-size id="85351">21.1725</stack-size>
<stack-size id="85974">21.1749</stack-size>
<stack-size id="86597">21.1926</stack-size>
<stack-size id="87220">21.1741</stack-size>
<stack-size id="87843">21.1862</stack-size>
<stack-size id="88466">21.2094</stack-size>
<stack-size id="89089">21.2527</stack-size>
<stack-size id="89712">21.2447</stack-size>
<stack-size id="90335">21.2423</stack-size>
<stack-size id="90958">21.1741</stack-size>
<stack-size id="91581">21.1757</stack-size>
<stack-size id="92204">21.2623</stack-size>
<stack-size id="92827">21.3217</stack-size>
<stack-size id="93450">21.3642</stack-size>
<stack-size id="94073">21.2439</stack-size>
<stack-size id="94696">21.272</stack-size>
<stack-size id="95319">21.4051</stack-size>
<stack-size id="95942">21.2407</stack-size>
<stack-size id="96565">21.1862</stack-size>
<stack-size id="97188">21.207</stack-size>
<stack-size id="97811">21.288</stack-size>
<stack-size id="98434">21.2038</stack-size>
<stack-size id="99057">21.3305</stack-size>
<stack-size id="99680">21.4147</stack-size>
<stack-size id="100303">21.2207</stack-size>
<stack-size id="100926">21.2928</stack-size>
<stack-size id="101549">21.3931</stack-size>
<stack-size id="102172">21.5005</stack-size>
<stack-size id="102795">21.0651</stack-size>
<stack-size id="103418">21.0106</stack-size>
<stack-size id="104041">20.9592</stack-size>
<stack-size id="104664">20.8742</stack-size>
<stack-size id="105287">20.8742</stack-size>
<stack-size id="105910">20.8726</stack-size>
<stack-size id="106533">20.871</stack-size>
<stack-size id="107156">20.8718</stack-size>
<stack-size id="107779">20.8718</stack-size>
<stack-size id="108402">20.8678</stack-size>
<stack-size id="109025">20.7499</stack-size>
<stack-size id="109648">20.6649</stack-size>
<stack-size id="110271">20.5719</stack-size>
<stack-size id="110894">20.5687</stack-size>
<stack-size id="111517">20.5639</stack-size>
<stack-size id="112140">20.2576</stack-size>
<stack-size id="112763">19.952</stack-size>
<stack-size id="113386">19.3169</stack-size>
<stack-size id="114009">18.4469</stack-size>
<stack-size id="114632">18.2031</stack-size>
<stack-size id="115255">16.7717</stack-size>
<stack-size id="115878">15.2866</stack-size>
<stack-size id="116501">14.3845</stack-size>
<stack-size id="117124">11.5786</stack-size>
<stack-size id="117747">9.63321</stack-size>
<stack-size id="118370">6.97411</stack-size>
<stack-size id="118993">4.17709</stack-size>
<stack-size id="119616">0.338401</stack-size>
<stack-size id="120239">0.406563</stack-size>
<stack-size id="120862">0.0946241</stack-size>
<stack-size id="121485">0.412978</stack-size>
<stack-size id="122108">0.361656</stack-size>
<stack-size id="122731">0.0128304</stack-size>
<stack-size id="123354">0.370477</stack-size>
<stack-size id="123977">0.410572</stack-size>
<stack-size id="124600">0.00801899</stack-size>
<max-stack>26813</max-stack>
<front-edges>124703</front-edges>
<back-edges>57318</back-edges>
<cross-edges>217117</cross-edges>
<shortest-cycle>15</shortest-cycle>
</dfs-info>
<rw-info>
<coverage step="12460">4.09129</coverage>
<coverage step="24920">5.98938</coverage>
<coverage step="37380">7.45926</coverage>
<coverage step="49840">8.60758</coverage>
<coverage step="62300">9.60033</coverage>
<coverage step="74760">10.3846</coverage>
<coverage step="87220">11.2057</coverage>
<coverage step="99680">11.8272</coverage>
<coverage step="112140">12.4631</coverage>
<coverage step="124600">13.1014</coverage>
<coverage step="137060">13.6002</coverage>
<coverage step="149520">14.0982</coverage>
<coverage step="161980">14.6563</coverage>
<coverage step="174440">15.1158</coverage>
<coverage step="186900">15.5913</coverage>
<coverage step="199360">16.0171</coverage>
<coverage step="211820">16.479</coverage>
<coverage step="224280">16.9425</coverage>
<coverage step="236740">17.2697</coverage>
<coverage step="249200">17.6522</coverage>
<coverage step="261660">18.0908</coverage>
<coverage step="274120">18.3932</coverage>
<coverage step="286580">18.7091</coverage>
<coverage step="299040">19.0002</coverage>
<coverage step="311500">19.3442</coverage>
<coverage step="323960">19.6377</coverage>
<coverage step="336420">20.0282</coverage>
<coverage step="348880">20.2736</coverage>
<coverage step="361340">20.6577</coverage>
<coverage step="373800">20.936</coverage>
<coverage step="386260">21.1469</coverage>
<coverage step="398720">21.4845</coverage>
<coverage step="411180">21.7026</coverage>
<coverage step="423640">21.94</coverage>
<coverage step="436100">22.1236</coverage>
<coverage step="448560">22.4099</coverage>
<coverage step="461020">22.6184</coverage>
<coverage step="473480">22.8501</coverage>
<coverage step="485940">23.1348</coverage>
<coverage step="498400">23.3457</coverage>
<coverage step="510860">23.5582</coverage>
<coverage step="523320">23.798</coverage>
<coverage step="535780">24.0538</coverage>
<coverage step="548240">24.2663</coverage>
<coverage step="560700">24.5076</coverage>
<coverage step="573160">24.66</coverage>
<coverage step="585620">24.9695</coverage>
<coverage step="598080">25.1283</coverage>
<coverage step="610540">25.3336</coverage>
<coverage step="623000">25.4996</coverage>
<coverage step="635460">25.7209</coverage>
<coverage step="647920">25.8636</coverage>
<coverage step="660380">25.9895</coverage>
<coverage step="672840">26.2069</coverage>
<coverage step="685300">26.3977</coverage>
<coverage step="697760">26.5974</coverage>
<coverage step="710220">26.7963</coverage>
<coverage step="722680">27.0031</coverage>
<coverage step="735140">27.1507</coverage>
<coverage step="747600">27.3897</coverage>
<coverage step="760060">27.5236</coverage>
<coverage step="772520">27.7345</coverage>
<coverage step="784980">27.9277</coverage>
<coverage step="797440">28.0312</coverage>
<coverage step="809900">28.2244</coverage>
<coverage step="822360">28.4009</coverage>
<coverage step="834820">28.5476</coverage>
<coverage step="847280">28.6879</coverage>
<coverage step="859740">28.8114</coverage>
<coverage step="872200">29.0135</coverage>
<coverage step="884660">29.1643</coverage>
<coverage step="897120">29.3246</coverage>
<coverage step="909580">29.5155</coverage>
<coverage step="922040">29.6791</coverage>
<coverage step="934500">29.8274</coverage>
<coverage step="946960">29.9517</coverage>
<coverage step="959420">30.0472</coverage>
<coverage step="971880">30.165</coverage>
<coverage step="984340">30.2597</coverage>
<coverage step="996800">30.4184</coverage>
<coverage step="1009260">30.6333</coverage>
<coverage step="1021720">30.748</coverage>
<coverage step="1034180">30.8811</coverage>
<coverage step="1046640">31.0912</coverage>
<coverage step="1059100">31.2612</coverage>
<coverage step="1071560">31.4072</coverage>
<coverage step="1084020">31.5555</coverage>
<coverage step="1096480">31.6782</coverage>
<coverage step="1108940">31.8033</coverage>
<coverage step="1121400">31.9396</coverage>
<coverage step="1133860">32.076</coverage>
<coverage step="1146320">32.1465</coverage>
<coverage step="1158780">32.258</coverage>
<coverage step="1171240">32.3502</coverage>
<coverage step="1183700">32.4641</coverage>
<coverage step="1196160">32.5924</coverage>
<coverage step="1208620">32.7415</coverage>
<coverage step="1221080">32.857</coverage>
<coverage step="1233540">32.9572</coverage>
<coverage step="1246000">33.0944</coverage>
<rw-visits order="1">2495</rw-visits>
<rw-visits order="207">901</rw-visits>
<rw-visits order="413">624</rw-visits>
<rw-visits order="619">440</rw-visits>
<rw-visits order="825">333</rw-visits>
<rw-visits order="1031">266</rw-visits>
<rw-visits order="1237">224</rw-visits>
<rw-visits order="1443">195</rw-visits>
<rw-visits order="1649">170</rw-visits>
<rw-visits order="1855">150</rw-visits>
<rw-visits order="2061">134</rw-visits>
<rw-visits order="2267">120</rw-visits>
<rw-visits order="2473">108</rw-visits>
<rw-visits order="2679">97</rw-visits>
<rw-visits order="2885">88</rw-visits>
<rw-visits order="3091">81</rw-visits>
<rw-visits order="3297">73</rw-visits>
<rw-visits order="3503">67</rw-visits>
<rw-visits order="3709">61</rw-visits>
<rw-visits order="3915">56</rw-visits>
<rw-visits order="4121">51</rw-visits>
<rw-visits order="4327">47</rw-visits>
<rw-visits order="4533">44</rw-visits>
<rw-visits order="4739">41</rw-visits>
<rw-visits order="4945">38</rw-visits>
<rw-visits order="5151">35</rw-visits>
<rw-visits order="5357">33</rw-visits>
<rw-visits order="5563">31</rw-visits>
<rw-visits order="5769">30</rw-visits>
<rw-visits order="5975">28</rw-visits>
<rw-visits order="6181">26</rw-visits>
<rw-visits order="6387">25</rw-visits>
<rw-visits order="6593">24</rw-visits>
<rw-visits order="6799">22</rw-visits>
<rw-visits order="7005">21</rw-visits>
<rw-visits order="7211">20</rw-visits>
<rw-visits order="7417">19</rw-visits>
<rw-visits order="7623">18</rw-visits>
<rw-visits order="7829">17</rw-visits>
<rw-visits order="8035">16</rw-visits>
<rw-visits order="8241">16</rw-visits>
<rw-visits order="8447">15</rw-visits>
<rw-visits order="8653">14</rw-visits>
<rw-visits order="8859">14</rw-visits>
<rw-visits order="9065">13</rw-visits>
<rw-visits order="9271">13</rw-visits>
<rw-visits order="9477">12</rw-visits>
<rw-visits order="9683">12</rw-visits>
<rw-visits order="9889">11</rw-visits>
<rw-visits order="10095">11</rw-visits>
<rw-visits order="10301">10</rw-visits>
<rw-visits order="10507">10</rw-visits>
<rw-visits order="10713">9</rw-visits>
<rw-visits order="10919">9</rw-visits>
<rw-visits order="11125">9</rw-visits>
<rw-visits order="11331">8</rw-visits>
<rw-visits order="11537">8</rw-visits>
<rw-visits order="11743">8</rw-visits>
<rw-visits order="11949">8</rw-visits>
<rw-visits order="12155">7</rw-visits>
<rw-visits order="12361">7</rw-visits>
<rw-visits order="12567">7</rw-visits>
<rw-visits order="12773">7</rw-visits>
<rw-visits order="12979">6</rw-visits>
<rw-visits order="13185">6</rw-visits>
<rw-visits order="13391">6</rw-visits>
<rw-visits order="13597">6</rw-visits>
<rw-visits order="13803">6</rw-visits>
<rw-visits order="14009">5</rw-visits>
<rw-visits order="14215">5</rw-visits>
<rw-visits order="14421">5</rw-visits>
<rw-visits order="14627">5</rw-visits>
<rw-visits order="14833">5</rw-visits>
<rw-visits order="15039">5</rw-visits>
<rw-visits order="15245">5</rw-visits>
<rw-visits order="15451">4</rw-visits>
<rw-visits order="15657">4</rw-visits>
<rw-visits order="15863">4</rw-visits>
<rw-visits order="16069">4</rw-visits>
<rw-visits order="16275">4</rw-visits>
<rw-visits order="16481">4</rw-visits>
<rw-visits order="16687">4</rw-visits>
<rw-visits order="16893">4</rw-visits>
<rw-visits order="17099">4</rw-visits>
<rw-visits order="17305">4</rw-visits>
<rw-visits order="17511">3</rw-visits>
<rw-visits order="17717">3</rw-visits>
<rw-visits order="17923">3</rw-visits>
<rw-visits order="18129">3</rw-visits>
<rw-visits order="18335">3</rw-visits>
<rw-visits order="18541">3</rw-visits>
<rw-visits order="18747">3</rw-visits>
<rw-visits order="18953">3</rw-visits>
<rw-visits order="19159">3</rw-visits>
<rw-visits order="19365">3</rw-visits>
<rw-visits order="19571">3</rw-visits>
<rw-visits order="19777">3</rw-visits>
<rw-visits order="19983">3</rw-visits>
<rw-visits order="20189">3</rw-visits>
<rw-visits order="20395">3</rw-visits>
<rw-visits order="20601">2</rw-visits>
<rw-visits order="20807">2</rw-visits>
<rw-visits order="21013">2</rw-visits>
<rw-visits order="21219">2</rw-visits>
<rw-visits order="21425">2</rw-visits>
<rw-visits order="21631">2</rw-visits>
<rw-visits order="21837">2</rw-visits>
<rw-visits order="22043">2</rw-visits>
<rw-visits order="22249">2</rw-visits>
<rw-visits order="22455">2</rw-visits>
<rw-visits order="22661">2</rw-visits>
<rw-visits order="22867">2</rw-visits>
<rw-visits order="23073">2</rw-visits>
<rw-visits order="23279">2</rw-visits>
<rw-visits order="23485">2</rw-visits>
<rw-visits order="23691">2</rw-visits>
<rw-visits order="23897">2</rw-visits>
<rw-visits order="24103">2</rw-visits>
<rw-visits order="24309">2</rw-visits>
<rw-visits order="24515">2</rw-visits>
<rw-visits order="24721">2</rw-visits>
<rw-visits order="24927">2</rw-visits>
<rw-visits order="25133">2</rw-visits>
<rw-visits order="25339">2</rw-visits>
<rw-visits order="25545">2</rw-visits>
<rw-visits order="25751">2</rw-visits>
<rw-visits order="25957">2</rw-visits>
<rw-visits order="26163">2</rw-visits>
<rw-visits order="26369">1</rw-visits>
<rw-visits order="26575">1</rw-visits>
<rw-visits order="26781">1</rw-visits>
<rw-visits order="26987">1</rw-visits>
<rw-visits order="27193">1</rw-visits>
<rw-visits order="27399">1</rw-visits>
<rw-visits order="27605">1</rw-visits>
<rw-visits order="27811">1</rw-visits>
<rw-visits order="28017">1</rw-visits>
<rw-visits order="28223">1</rw-visits>
<rw-visits order="28429">1</rw-visits>
<rw-visits order="28635">1</rw-visits>
<rw-visits order="28841">1</rw-visits>
<rw-visits order="29047">1</rw-visits>
<rw-visits order="29253">1</rw-visits>
<rw-visits order="29459">1</rw-visits>
<rw-visits order="29665">1</rw-visits>
<rw-visits order="29871">1</rw-visits>
<rw-visits order="30077">1</rw-visits>
<rw-visits order="30283">1</rw-visits>
<rw-visits order="30489">1</rw-visits>
<rw-visits order="30695">1</rw-visits>
<rw-visits order="30901">1</rw-visits>
<rw-visits order="31107">1</rw-visits>
<rw-visits order="31313">1</rw-visits>
<rw-visits order="31519">1</rw-visits>
<rw-visits order="31725">1</rw-visits>
<rw-visits order="31931">1</rw-visits>
<rw-visits order="32137">1</rw-visits>
<rw-visits order="32343">1</rw-visits>
<rw-visits order="32549">1</rw-visits>
<rw-visits order="32755">1</rw-visits>
<rw-visits order="32961">1</rw-visits>
<rw-visits order="33167">1</rw-visits>
<rw-visits order="33373">1</rw-visits>
<rw-visits order="33579">1</rw-visits>
<rw-visits order="33785">1</rw-visits>
<rw-visits order="33991">1</rw-visits>
<rw-visits order="34197">1</rw-visits>
<rw-visits order="34403">1</rw-visits>
<rw-visits order="34609">1</rw-visits>
<rw-visits order="34815">1</rw-visits>
<rw-visits order="35021">1</rw-visits>
<rw-visits order="35227">1</rw-visits>
<rw-visits order="35433">1</rw-visits>
<rw-visits order="35639">1</rw-visits>
<rw-visits order="35845">1</rw-visits>
<rw-visits order="36051">1</rw-visits>
<rw-visits order="36257">1</rw-visits>
<rw-visits order="36463">1</rw-visits>
<rw-visits order="36669">1</rw-visits>
<rw-visits order="36875">1</rw-visits>
<rw-visits order="37081">1</rw-visits>
<rw-visits order="37287">1</rw-visits>
<rw-visits order="37493">1</rw-visits>
<rw-visits order="37699">1</rw-visits>
<rw-visits order="37905">1</rw-visits>
<rw-visits order="38111">1</rw-visits>
<rw-visits order="38317">1</rw-visits>
<rw-visits order="38523">1</rw-visits>
<rw-visits order="38729">1</rw-visits>
<rw-visits order="38935">1</rw-visits>
<rw-visits order="39141">1</rw-visits>
<rw-visits order="39347">1</rw-visits>
<rw-visits order="39553">1</rw-visits>
<rw-visits order="39759">1</rw-visits>
<rw-visits order="39965">1</rw-visits>
<rw-visits order="40171">1</rw-visits>
<rw-visits order="40377">1</rw-visits>
<rw-visits order="40583">1</rw-visits>
<rw-visits order="40789">1</rw-visits>
<rw-visits order="40995">1</rw-visits>
<rw-visits order="41201">1</rw-visits>
<final-coverage>33.112</final-coverage>
</rw-info>
<local-info>
<diamonds>99.5373</diamonds>
<neighborhood k="4">42</neighborhood>
<clustering k="4">1.73071</clustering>
</local-info>
<label-info>
<edge-label id="0.0">14992</edge-label>
<edge-label id="0.1">23369</edge-label>
<edge-label id="0.2">23369</edge-label>
<edge-label id="0.3">26788</edge-label>
<edge-label id="0.4">21484</edge-label>
<edge-label id="0.5">11397</edge-label>
<edge-label id="0.6">11397</edge-label>
<edge-label id="1.0">14770</edge-label>
<edge-label id="1.1">23192</edge-label>
<edge-label id="1.2">23192</edge-label>
<edge-label id="1.3">26638</edge-label>
<edge-label id="1.4">21837</edge-label>
<edge-label id="1.5">11717</edge-label>
<edge-label id="1.6">11717</edge-label>
<edge-label id="2.0">14710</edge-label>
<edge-label id="2.1">23036</edge-label>
<edge-label id="2.2">23036</edge-label>
<edge-label id="2.3">26374</edge-label>
<edge-label id="2.4">22049</edge-label>
<edge-label id="2.5">12037</edge-label>
<edge-label id="2.6">12037</edge-label>
<state-labels procid="0">
<label id="[{0|0|0},{0|0|0}]">170</label>
<label id="[{0|0|0},{0|1|0}]">144</label>
<label id="[{0|0|0},{0|2|0}]">144</label>
<label id="[{0|0|0},{1|0|0}]">144</label>
<label id="[{0|0|0},{1|1|0}]">162</label>
<label id="[{0|0|0},{1|2|0}]">144</label>
<label id="[{0|0|0},{2|0|0}]">144</label>
<label id="[{0|0|0},{2|1|0}]">144</label>
<label id="[{0|0|0},{2|2|0}]">162</label>
<label id="[{0|0|1},{0|0|0}]">220</label>
<label id="[{0|0|1},{0|1|0}]">192</label>
<label id="[{0|0|1},{0|2|0}]">72</label>
<label id="[{0|0|1},{1|0|0}]">192</label>
<label id="[{0|0|1},{1|1|0}]">216</label>
<label id="[{0|0|1},{1|2|0}]">72</label>
<label id="[{0|0|1},{2|0|0}]">182</label>
<label id="[{0|0|1},{2|1|0}]">162</label>
<label id="[{0|0|1},{2|2|0}]">486</label>
<label id="[{0|0|2},{0|0|0}]">288</label>
<label id="[{0|0|2},{0|1|0}]">256</label>
<label id="[{0|0|2},{0|2|0}]">432</label>
<label id="[{0|0|2},{1|0|0}]">256</label>
<label id="[{0|0|2},{1|1|0}]">288</label>
<label id="[{0|0|2},{1|2|0}]">432</label>
<label id="[{0|0|2},{2|0|0}]">238</label>
<label id="[{0|0|2},{2|1|0}]">234</label>
<label id="[{0|0|2},{2|2|0}]">567</label>
<label id="[{0|1|0},{0|0|0}]">220</label>
<label id="[{0|1|0},{0|1|0}]">72</label>
<label id="[{0|1|0},{0|2|0}]">192</label>
<label id="[{0|1|0},{1|0|0}]">182</label>
<label id="[{0|1|0},{1|1|0}]">486</label>
<label id="[{0|1|0},{1|2|0}]">162</label>
<label id="[{0|1|0},{2|0|0}]">192</label>
<label id="[{0|1|0},{2|1|0}]">72</label>
<label id="[{0|1|0},{2|2|0}]">216</label>
<label id="[{0|1|1},{0|0|0}]">290</label>
<label id="[{0|1|1},{0|1|0}]">96</label>
<label id="[{0|1|1},{0|2|0}]">96</label>
<label id="[{0|1|1},{1|0|0}]">306</label>
<label id="[{0|1|1},{1|1|0}]">648</label>
<label id="[{0|1|1},{1|2|0}]">441</label>
<label id="[{0|1|1},{2|0|0}]">306</label>
<label id="[{0|1|1},{2|1|0}]">441</label>
<label id="[{0|1|1},{2|2|0}]">648</label>
<label id="[{0|1|2},{0|0|0}]">384</label>
<label id="[{0|1|2},{0|1|0}]">128</label>
<label id="[{0|1|2},{0|2|0}]">576</label>
<label id="[{0|1|2},{1|0|0}]">328</label>
<label id="[{0|1|2},{1|1|0}]">648</label>
<label id="[{0|1|2},{1|2|0}]">666</label>
<label id="[{0|1|2},{2|0|0}]">330</label>
<label id="[{0|1|2},{2|1|0}]">189</label>
<label id="[{0|1|2},{2|2|0}]">756</label>
<label id="[{0|2|0},{0|0|0}]">288</label>
<label id="[{0|2|0},{0|1|0}]">432</label>
<label id="[{0|2|0},{0|2|0}]">256</label>
<label id="[{0|2|0},{1|0|0}]">238</label>
<label id="[{0|2|0},{1|1|0}]">567</label>
<label id="[{0|2|0},{1|2|0}]">234</label>
<label id="[{0|2|0},{2|0|0}]">256</label>
<label id="[{0|2|0},{2|1|0}]">432</label>
<label id="[{0|2|0},{2|2|0}]">288</label>
<label id="[{0|2|1},{0|0|0}]">384</label>
<label id="[{0|2|1},{0|1|0}]">576</label>
<label id="[{0|2|1},{0|2|0}]">128</label>
<label id="[{0|2|1},{1|0|0}]">330</label>
<label id="[{0|2|1},{1|1|0}]">756</label>
<label id="[{0|2|1},{1|2|0}]">189</label>
<label id="[{0|2|1},{2|0|0}]">328</label>
<label id="[{0|2|1},{2|1|0}]">666</label>
<label id="[{0|2|1},{2|2|0}]">540</label>
<label id="[{0|2|2},{0|0|0}]">512</label>
<label id="[{0|2|2},{0|1|0}]">768</label>
<label id="[{0|2|2},{0|2|0}]">768</label>
<label id="[{0|2|2},{1|0|0}]">424</label>
<label id="[{0|2|2},{1|1|0}]">900</label>
<label id="[{0|2|2},{1|2|0}]">738</label>
<label id="[{0|2|2},{2|0|0}]">424</label>
<label id="[{0|2|2},{2|1|0}]">738</label>
<label id="[{0|2|2},{2|2|0}]">900</label>
<label id="[{1|0|0},{0|0|0}]">490</label>
<label id="[{1|0|0},{0|1|0}]">162</label>
<label id="[{1|0|0},{0|2|0}]">162</label>
<label id="[{1|0|0},{1|0|0}]">72</label>
<label id="[{1|0|0},{1|1|0}]">216</label>
<label id="[{1|0|0},{1|2|0}]">192</label>
<label id="[{1|0|0},{2|0|0}]">72</label>
<label id="[{1|0|0},{2|1|0}]">192</label>
<label id="[{1|0|0},{2|2|0}]">216</label>
<label id="[{1|0|1},{0|0|0}]">650</label>
<label id="[{1|0|1},{0|1|0}]">216</label>
<label id="[{1|0|1},{0|2|0}]">441</label>
<label id="[{1|0|1},{1|0|0}]">96</label>
<label id="[{1|0|1},{1|1|0}]">288</label>
<label id="[{1|0|1},{1|2|0}]">96</label>
<label id="[{1|0|1},{2|0|0}]">451</label>
<label id="[{1|0|1},{2|1|0}]">216</label>
<label id="[{1|0|1},{2|2|0}]">648</label>
<label id="[{1|0|2},{0|0|0}]">648</label>
<label id="[{1|0|2},{0|1|0}]">288</label>
<label id="[{1|0|2},{0|2|0}]">666</label>
<label id="[{1|0|2},{1|0|0}]">128</label>
<label id="[{1|0|2},{1|1|0}]">384</label>
<label id="[{1|0|2},{1|2|0}]">576</label>
<label id="[{1|0|2},{2|0|0}]">191</label>
<label id="[{1|0|2},{2|1|0}]">312</label>
<label id="[{1|0|2},{2|2|0}]">756</label>
<label id="[{1|1|0},{0|0|0}]">650</label>
<label id="[{1|1|0},{0|1|0}]">441</label>
<label id="[{1|1|0},{0|2|0}]">216</label>
<label id="[{1|1|0},{1|0|0}]">451</label>
<label id="[{1|1|0},{1|1|0}]">648</label>
<label id="[{1|1|0},{1|2|0}]">216</label>
<label id="[{1|1|0},{2|0|0}]">96</label>
<label id="[{1|1|0},{2|1|0}]">96</label>
<label id="[{1|1|0},{2|2|0}]">288</label>
<label id="[{1|1|1},{0|0|0}]">865</label>
<label id="[{1|1|1},{0|1|0}]">588</label>
<label id="[{1|1|1},{0|2|0}]">588</label>
<label id="[{1|1|1},{1|0|0}]">633</label>
<label id="[{1|1|1},{1|1|0}]">864</label>
<label id="[{1|1|1},{1|2|0}]">588</label>
<label id="[{1|1|1},{2|0|0}]">633</label>
<label id="[{1|1|1},{2|1|0}]">588</label>
<label id="[{1|1|1},{2|2|0}]">864</label>
<label id="[{1|1|2},{0|0|0}]">864</label>
<label id="[{1|1|2},{0|1|0}]">520</label>
<label id="[{1|1|2},{0|2|0}]">888</label>
<label id="[{1|1|2},{1|0|0}]">540</label>
<label id="[{1|1|2},{1|1|0}]">864</label>
<label id="[{1|1|2},{1|2|0}]">888</label>
<label id="[{1|1|2},{2|0|0}]">261</label>
<label id="[{1|1|2},{2|1|0}]">252</label>
<label id="[{1|1|2},{2|2|0}]">1008</label>
<label id="[{1|2|0},{0|0|0}]">540</label>
<label id="[{1|2|0},{0|1|0}]">666</label>
<label id="[{1|2|0},{0|2|0}]">288</label>
<label id="[{1|2|0},{1|0|0}]">191</label>
<label id="[{1|2|0},{1|1|0}]">756</label>
<label id="[{1|2|0},{1|2|0}]">312</label>
<label id="[{1|2|0},{2|0|0}]">128</label>
<label id="[{1|2|0},{2|1|0}]">576</label>
<label id="[{1|2|0},{2|2|0}]">384</label>
<label id="[{1|2|1},{0|0|0}]">720</label>
<label id="[{1|2|1},{0|1|0}]">888</label>
<label id="[{1|2|1},{0|2|0}]">400</label>
<label id="[{1|2|1},{1|0|0}]">261</label>
<label id="[{1|2|1},{1|1|0}]">1008</label>
<label id="[{1|2|1},{1|2|0}]">252</label>
<label id="[{1|2|1},{2|0|0}]">420</label>
<label id="[{1|2|1},{2|1|0}]">888</label>
<label id="[{1|2|1},{2|2|0}]">720</label>
<label id="[{1|2|2},{0|0|0}]">864</label>
<label id="[{1|2|2},{0|1|0}]">1052</label>
<label id="[{1|2|2},{0|2|0}]">992</label>
<label id="[{1|2|2},{1|0|0}]">244</label>
<label id="[{1|2|2},{1|1|0}]">1200</label>
<label id="[{1|2|2},{1|2|0}]">984</label>
<label id="[{1|2|2},{2|0|0}]">244</label>
<label id="[{1|2|2},{2|1|0}]">984</label>
<label id="[{1|2|2},{2|2|0}]">1200</label>
<label id="[{2|0|0},{0|0|0}]">567</label>
<label id="[{2|0|0},{0|1|0}]">234</label>
<label id="[{2|0|0},{0|2|0}]">234</label>
<label id="[{2|0|0},{1|0|0}]">432</label>
<label id="[{2|0|0},{1|1|0}]">288</label>
<label id="[{2|0|0},{1|2|0}]">256</label>
<label id="[{2|0|0},{2|0|0}]">432</label>
<label id="[{2|0|0},{2|1|0}]">256</label>
<label id="[{2|0|0},{2|2|0}]">288</label>
<label id="[{2|0|1},{0|0|0}]">756</label>
<label id="[{2|0|1},{0|1|0}]">312</label>
<label id="[{2|0|1},{0|2|0}]">189</label>
<label id="[{2|0|1},{1|0|0}]">576</label>
<label id="[{2|0|1},{1|1|0}]">384</label>
<label id="[{2|0|1},{1|2|0}]">128</label>
<label id="[{2|0|1},{2|0|0}]">666</label>
<label id="[{2|0|1},{2|1|0}]">288</label>
<label id="[{2|0|1},{2|2|0}]">432</label>
<label id="[{2|0|2},{0|0|0}]">900</label>
<label id="[{2|0|2},{0|1|0}]">416</label>
<label id="[{2|0|2},{0|2|0}]">738</label>
<label id="[{2|0|2},{1|0|0}]">768</label>
<label id="[{2|0|2},{1|1|0}]">512</label>
<label id="[{2|0|2},{1|2|0}]">768</label>
<label id="[{2|0|2},{2|0|0}]">738</label>
<label id="[{2|0|2},{2|1|0}]">416</label>
<label id="[{2|0|2},{2|2|0}]">900</label>
<label id="[{2|1|0},{0|0|0}]">756</label>
<label id="[{2|1|0},{0|1|0}]">189</label>
<label id="[{2|1|0},{0|2|0}]">312</label>
<label id="[{2|1|0},{1|0|0}]">666</label>
<label id="[{2|1|0},{1|1|0}]">432</label>
<label id="[{2|1|0},{1|2|0}]">288</label>
<label id="[{2|1|0},{2|0|0}]">576</label>
<label id="[{2|1|0},{2|1|0}]">128</label>
<label id="[{2|1|0},{2|2|0}]">384</label>
<label id="[{2|1|1},{0|0|0}]">1008</label>
<label id="[{2|1|1},{0|1|0}]">252</label>
<label id="[{2|1|1},{0|2|0}]">252</label>
<label id="[{2|1|1},{1|0|0}]">888</label>
<label id="[{2|1|1},{1|1|0}]">576</label>
<label id="[{2|1|1},{1|2|0}]">328</label>
<label id="[{2|1|1},{2|0|0}]">888</label>
<label id="[{2|1|1},{2|1|0}]">328</label>
<label id="[{2|1|1},{2|2|0}]">576</label>
<label id="[{2|1|2},{0|0|0}]">1200</label>
<label id="[{2|1|2},{0|1|0}]">240</label>
<label id="[{2|1|2},{0|2|0}]">984</label>
<label id="[{2|1|2},{1|0|0}]">1052</label>
<label id="[{2|1|2},{1|1|0}]">672</label>
<label id="[{2|1|2},{1|2|0}]">956</label>
<label id="[{2|1|2},{2|0|0}]">984</label>
<label id="[{2|1|2},{2|1|0}]">240</label>
<label id="[{2|1|2},{2|2|0}]">1200</label>
<label id="[{2|2|0},{0|0|0}]">900</label>
<label id="[{2|2|0},{0|1|0}]">738</label>
<label id="[{2|2|0},{0|2|0}]">416</label>
<label id="[{2|2|0},{1|0|0}]">738</label>
<label id="[{2|2|0},{1|1|0}]">900</label>
<label id="[{2|2|0},{1|2|0}]">416</label>
<label id="[{2|2|0},{2|0|0}]">768</label>
<label id="[{2|2|0},{2|1|0}]">768</label>
<label id="[{2|2|0},{2|2|0}]">512</label>
<label id="[{2|2|1},{0|0|0}]">1200</label>
<label id="[{2|2|1},{0|1|0}]">984</label>
<label id="[{2|2|1},{0|2|0}]">240</label>
<label id="[{2|2|1},{1|0|0}]">984</label>
<label id="[{2|2|1},{1|1|0}]">1200</label>
<label id="[{2|2|1},{1|2|0}]">240</label>
<label id="[{2|2|1},{2|0|0}]">992</label>
<label id="[{2|2|1},{2|1|0}]">956</label>
<label id="[{2|2|1},{2|2|0}]">624</label>
<label id="[{2|2|2},{0|0|0}]">1552</label>
<label id="[{2|2|2},{0|1|0}]">1264</label>
<label id="[{2|2|2},{0|2|0}]">1264</label>
<label id="[{2|2|2},{1|0|0}]">1264</label>
<label id="[{2|2|2},{1|1|0}]">1552</label>
<label id="[{2|2|2},{1|2|0}]">1264</label>
<label id="[{2|2|2},{2|0|0}]">1264</label>
<label id="[{2|2|2},{2|1|0}]">1264</label>
<label id="[{2|2|2},{2|2|0}]">1552</label>
</state-labels><state-labels procid="1">
<label id="[0,0,0]">1899</label>
<label id="[0,3,0]">2376</label>
<label id="[0,3,1]">2376</label>
<label id="[0,3,2]">2376</label>
<label id="[0,3,3]">5965</label>
<label id="[1,3,0]">1952</label>
<label id="[1,3,1]">1952</label>
<label id="[1,3,2]">1952</label>
<label id="[1,3,3]">5541</label>
<label id="[2,1,0]">2565</label>
<label id="[2,1,1]">2376</label>
<label id="[2,1,2]">2376</label>
<label id="[2,1,3]">5965</label>
<label id="[2,2,0]">2070</label>
<label id="[2,2,1]">2070</label>
<label id="[2,2,2]">2046</label>
<label id="[2,2,3]">3901</label>
<label id="[2,3,0]">1952</label>
<label id="[2,3,1]">1952</label>
<label id="[2,3,2]">1952</label>
<label id="[2,3,3]">5541</label>
<label id="[3,1,0]">2565</label>
<label id="[3,1,1]">2376</label>
<label id="[3,1,2]">2376</label>
<label id="[3,1,3]">5965</label>
<label id="[3,2,0]">2070</label>
<label id="[3,2,1]">2070</label>
<label id="[3,2,2]">2046</label>
<label id="[3,2,3]">3901</label>
<label id="[4,1,0]">4885</label>
<label id="[4,1,1]">4885</label>
<label id="[4,1,2]">4345</label>
<label id="[4,1,3]">3901</label>
<label id="[4,2,0]">5541</label>
<label id="[4,2,1]">5541</label>
<label id="[4,2,2]">5541</label>
<label id="[4,2,3]">5541</label>
</state-labels><state-labels procid="2">
<label id="[0,0,0]">1725</label>
<label id="[0,3,0]">2364</label>
<label id="[0,3,1]">2364</label>
<label id="[0,3,2]">2364</label>
<label id="[0,3,3]">5953</label>
<label id="[1,3,0]">2032</label>
<label id="[1,3,1]">2032</label>
<label id="[1,3,2]">2032</label>
<label id="[1,3,3]">5621</label>
<label id="[2,1,0]">2391</label>
<label id="[2,1,1]">2364</label>
<label id="[2,1,2]">2364</label>
<label id="[2,1,3]">5953</label>
<label id="[2,2,0]">2064</label>
<label id="[2,2,1]">2052</label>
<label id="[2,2,2]">2052</label>
<label id="[2,2,3]">3952</label>
<label id="[2,3,0]">2032</label>
<label id="[2,3,1]">2032</label>
<label id="[2,3,2]">2032</label>
<label id="[2,3,3]">5621</label>
<label id="[3,1,0]">2391</label>
<label id="[3,1,1]">2364</label>
<label id="[3,1,2]">2364</label>
<label id="[3,1,3]">5953</label>
<label id="[3,2,0]">2064</label>
<label id="[3,2,1]">2052</label>
<label id="[3,2,2]">2052</label>
<label id="[3,2,3]">3952</label>
<label id="[4,1,0]">4888</label>
<label id="[4,1,1]">4396</label>
<label id="[4,1,2]">4396</label>
<label id="[4,1,3]">3952</label>
<label id="[4,2,0]">5621</label>
<label id="[4,2,1]">5621</label>
<label id="[4,2,2]">5621</label>
<label id="[4,2,3]">5621</label>
</state-labels><state-labels procid="3">
<label id="[0,0,0]">1713</label>
<label id="[0,3,0]">2352</label>
<label id="[0,3,1]">2352</label>
<label id="[0,3,2]">2352</label>
<label id="[0,3,3]">5941</label>
<label id="[1,3,0]">2112</label>
<label id="[1,3,1]">2112</label>
<label id="[1,3,2]">2112</label>
<label id="[1,3,3]">5701</label>
<label id="[2,1,0]">2379</label>
<label id="[2,1,1]">2352</label>
<label id="[2,1,2]">2352</label>
<label id="[2,1,3]">5941</label>
<label id="[2,2,0]">2040</label>
<label id="[2,2,1]">2028</label>
<label id="[2,2,2]">2004</label>
<label id="[2,2,3]">3940</label>
<label id="[2,3,0]">2112</label>
<label id="[2,3,1]">2112</label>
<label id="[2,3,2]">2112</label>
<label id="[2,3,3]">5701</label>
<label id="[3,1,0]">2379</label>
<label id="[3,1,1]">2352</label>
<label id="[3,1,2]">2352</label>
<label id="[3,1,3]">5941</label>
<label id="[3,2,0]">2040</label>
<label id="[3,2,1]">2028</label>
<label id="[3,2,2]">2004</label>
<label id="[3,2,3]">3940</label>
<label id="[4,1,0]">4828</label>
<label id="[4,1,1]">4336</label>
<label id="[4,1,2]">3940</label>
<label id="[4,1,3]">3940</label>
<label id="[4,2,0]">5701</label>
<label id="[4,2,1]">5701</label>
<label id="[4,2,2]">5701</label>
<label id="[4,2,3]">5701</label>
</state-labels></label-info>
</state-space-info>
