<?xml version="1.0"?>

<!DOCTYPE instance-list SYSTEM "../instance_list.dtd">

<instance-list>
<instance name="peterson" id="1">
<reach-time complete="yes">0.6</reach-time>
<states>12498</states>
<state-size>18</state-size>
<prediction>0</prediction>
<reach-goal prop-id="1" answer="no" length="0"/>
<ltl-prob prop-id="2" answer="no" length="19"/>
<ltl-prob prop-id="3" answer="no" length="19"/>
<ltl-prob prop-id="4" answer="yes" length="0"/>
</instance>

<instance name="peterson" id="2">
<reach-time complete="yes">2.2</reach-time>
<states>124704</states>
<state-size>18</state-size>
<prediction>0</prediction>
<reach-goal prop-id="1" answer="yes" length="23"/>
<ltl-prob prop-id="2" answer="no" length="19"/>
<ltl-prob prop-id="3" answer="no" length="19"/>
<ltl-prob prop-id="4" answer="yes" length="0"/>
</instance>

<instance name="peterson" id="3">
<reach-time complete="yes">2.8</reach-time>
<states>170156</states>
<state-size>18</state-size>
<prediction>0</prediction>
<reach-goal prop-id="1" answer="yes" length="17"/>
<ltl-prob prop-id="2" answer="no" length="19"/>
<ltl-prob prop-id="3" answer="no" length="19"/>
<ltl-prob prop-id="4" answer="no" length="19"/>
</instance>

<instance name="peterson" id="4">
<reach-time complete="yes">21.4</reach-time>
<states>1119560</states>
<state-size>24</state-size>
<prediction>0</prediction>
<reach-goal prop-id="1" answer="no" length="0"/>
<ltl-prob prop-id="2" answer="no" length="28"/>
<ltl-prob prop-id="3" answer="no" length="28"/>
<ltl-prob prop-id="4" answer="yes" length="0"/>
</instance>

<instance name="peterson" id="5">
<reach-time complete="no">823.2</reach-time>
<states>31656891</states>
<state-size>24</state-size>
<prediction>0</prediction>
<reach-goal prop-id="1" answer="yes" length="34"/>
<ltl-prob prop-id="2" answer="unknown" length="0"/>
<ltl-prob prop-id="3" answer="unknown" length="0"/>
<ltl-prob prop-id="4" answer="unknown" length="0"/>
</instance>

<instance name="peterson" id="6">
<reach-time complete="no">778.1</reach-time>
<states>31762156</states>
<state-size>24</state-size>
<prediction>0</prediction>
<reach-goal prop-id="1" answer="yes" length="23"/>
<ltl-prob prop-id="2" answer="unknown" length="0"/>
<ltl-prob prop-id="3" answer="unknown" length="0"/>
<ltl-prob prop-id="4" answer="unknown" length="0"/>
</instance>

<instance name="peterson" id="7">
<reach-time complete="no">967.3</reach-time>
<states>29618148</states>
<state-size>30</state-size>
<prediction>0</prediction>
<reach-goal prop-id="1" answer="unknown" length="0"/>
<ltl-prob prop-id="2" answer="unknown" length="0"/>
<ltl-prob prop-id="3" answer="unknown" length="0"/>
<ltl-prob prop-id="4" answer="unknown" length="0"/>
</instance>

</instance-list>
