<?xml version="1.0"?>
<!DOCTYPE state-space-info SYSTEM "../../state_space_info.dtd">


<state-space-info>
<states>16384</states>
<edges>53248</edges>
<bfs-info>
 <levels>25</levels>
<max-level>2046</max-level>

<back-level-edges>3904</back-level-edges>
<max-back-level-edge>4</max-back-level-edge>
<avg-back-level-edge>4</avg-back-level-edge>
<bfs-levels>
<level id="0"><states>1</states><edges>4</edges></level>
<level id="1"><states>4</states><edges>16</edges></level>
<level id="2"><states>10</states><edges>40</edges></level>
<level id="3"><states>20</states><edges>80</edges></level>
<level id="4"><states>41</states><edges>164</edges></level>
<level id="5"><states>80</states><edges>320</edges></level>
<level id="6"><states>152</states><edges>608</edges></level>
<level id="7"><states>280</states><edges>1096</edges></level>
<level id="8"><states>472</states><edges>1816</edges></level>
<level id="9"><states>736</states><edges>2776</edges></level>
<level id="10"><states>1050</states><edges>3888</edges></level>
<level id="11"><states>1392</states><edges>5040</edges></level>
<level id="12"><states>1728</states><edges>6048</edges></level>
<level id="13"><states>1968</states><edges>6648</edges></level>
<level id="14"><states>2046</states><edges>6600</edges></level>
<level id="15"><states>1912</states><edges>5872</edges></level>
<level id="16"><states>1600</states><edges>4672</edges></level>
<level id="17"><states>1216</states><edges>3328</edges></level>
<level id="18"><states>824</states><edges>2144</edges></level>
<level id="19"><states>488</states><edges>1208</edges></level>
<level id="20"><states>245</states><edges>572</edges></level>
<level id="21"><states>92</states><edges>224</edges></level>
<level id="22"><states>22</states><edges>64</edges></level>
<level id="23"><states>4</states><edges>16</edges></level>
<level id="24"><states>1</states><edges>4</edges></level>
</bfs-levels>
<back-level-length id="0">0</back-level-length>
<back-level-length id="1">0</back-level-length>
<back-level-length id="2">0</back-level-length>
<back-level-length id="3">0</back-level-length>
<back-level-length id="4">100</back-level-length>
</bfs-info>
<degrees>
<avg>3.25</avg>
<max-in>5</max-in>
<max-out>4</max-out>
<degree id="0"><in>1</in><out>24</out></degree>
<degree id="1"><in>484</in><out>384</out></degree>
<degree id="2"><in>2870</in><out>2352</out></degree>
<degree id="3"><in>6300</in><out>6336</out></degree>
<degree id="4"><in>5521</in><out>7288</out></degree>
<degree id="5"><in>1208</in><out>0</out></degree>
</degrees>
<scc-info>
<count>15441</count>
<height>25</height>
<nontrivial-height>8</nontrivial-height>
<trivial>15376</trivial>
<terminal>24</terminal>
<largest>112</largest>
<largest-position> </largest-position>
</scc-info>
<dfs-info>
<stack-size id="81">0.177002</stack-size>
<stack-size id="162">0.158691</stack-size>
<stack-size id="243">0.177002</stack-size>
<stack-size id="324">0.146484</stack-size>
<stack-size id="405">0.140381</stack-size>
<stack-size id="486">0.146484</stack-size>
<stack-size id="567">0.140381</stack-size>
<stack-size id="648">0.146484</stack-size>
<stack-size id="729">0.152588</stack-size>
<stack-size id="810">0.146484</stack-size>
<stack-size id="891">0.213623</stack-size>
<stack-size id="972">0.219727</stack-size>
<stack-size id="1053">0.22583</stack-size>
<stack-size id="1134">0.219727</stack-size>
<stack-size id="1215">0.213623</stack-size>
<stack-size id="1296">0.256348</stack-size>
<stack-size id="1377">0.22583</stack-size>
<stack-size id="1458">0.219727</stack-size>
<stack-size id="1539">0.250244</stack-size>
<stack-size id="1620">0.244141</stack-size>
<stack-size id="1701">0.22583</stack-size>
<stack-size id="1782">0.244141</stack-size>
<stack-size id="1863">0.238037</stack-size>
<stack-size id="1944">0.244141</stack-size>
<stack-size id="2025">0.250244</stack-size>
<stack-size id="2106">0.244141</stack-size>
<stack-size id="2187">0.238037</stack-size>
<stack-size id="2268">0.244141</stack-size>
<stack-size id="2349">0.22583</stack-size>
<stack-size id="2430">0.256348</stack-size>
<stack-size id="2511">0.262451</stack-size>
<stack-size id="2592">0.268555</stack-size>
<stack-size id="2673">0.250244</stack-size>
<stack-size id="2754">0.256348</stack-size>
<stack-size id="2835">0.262451</stack-size>
<stack-size id="2916">0.244141</stack-size>
<stack-size id="2997">0.250244</stack-size>
<stack-size id="3078">0.32959</stack-size>
<stack-size id="3159">0.341797</stack-size>
<stack-size id="3240">0.3479</stack-size>
<stack-size id="3321">0.335693</stack-size>
<stack-size id="3402">0.335693</stack-size>
<stack-size id="3483">0.32959</stack-size>
<stack-size id="3564">0.292969</stack-size>
<stack-size id="3645">0.299072</stack-size>
<stack-size id="3726">0.305176</stack-size>
<stack-size id="3807">0.3479</stack-size>
<stack-size id="3888">0.323486</stack-size>
<stack-size id="3969">0.32959</stack-size>
<stack-size id="4050">0.305176</stack-size>
<stack-size id="4131">0.341797</stack-size>
<stack-size id="4212">0.3479</stack-size>
<stack-size id="4293">0.32959</stack-size>
<stack-size id="4374">0.335693</stack-size>
<stack-size id="4455">0.390625</stack-size>
<stack-size id="4536">0.366211</stack-size>
<stack-size id="4617">0.463867</stack-size>
<stack-size id="4698">0.469971</stack-size>
<stack-size id="4779">0.494385</stack-size>
<stack-size id="4860">0.469971</stack-size>
<stack-size id="4941">0.500488</stack-size>
<stack-size id="5022">0.482178</stack-size>
<stack-size id="5103">0.512695</stack-size>
<stack-size id="5184">0.494385</stack-size>
<stack-size id="5265">0.500488</stack-size>
<stack-size id="5346">0.506592</stack-size>
<stack-size id="5427">0.500488</stack-size>
<stack-size id="5508">0.488281</stack-size>
<stack-size id="5589">0.494385</stack-size>
<stack-size id="5670">0.500488</stack-size>
<stack-size id="5751">0.500488</stack-size>
<stack-size id="5832">0.506592</stack-size>
<stack-size id="5913">0.488281</stack-size>
<stack-size id="5994">0.494385</stack-size>
<stack-size id="6075">0.469971</stack-size>
<stack-size id="6156">0.476074</stack-size>
<stack-size id="6237">0.457764</stack-size>
<stack-size id="6318">0.463867</stack-size>
<stack-size id="6399">0.469971</stack-size>
<stack-size id="6480">0.45166</stack-size>
<stack-size id="6561">0.457764</stack-size>
<stack-size id="6642">0.463867</stack-size>
<stack-size id="6723">0.445557</stack-size>
<stack-size id="6804">0.476074</stack-size>
<stack-size id="6885">0.482178</stack-size>
<stack-size id="6966">0.463867</stack-size>
<stack-size id="7047">0.445557</stack-size>
<stack-size id="7128">0.476074</stack-size>
<stack-size id="7209">0.482178</stack-size>
<stack-size id="7290">0.463867</stack-size>
<stack-size id="7371">0.469971</stack-size>
<stack-size id="7452">0.476074</stack-size>
<stack-size id="7533">0.482178</stack-size>
<stack-size id="7614">0.488281</stack-size>
<stack-size id="7695">0.469971</stack-size>
<stack-size id="7776">0.500488</stack-size>
<stack-size id="7857">0.506592</stack-size>
<stack-size id="7938">0.488281</stack-size>
<stack-size id="8019">0.469971</stack-size>
<stack-size id="8100">0.537109</stack-size>
<stack-size id="8181">0.518799</stack-size>
<stack-size id="8262">0.585938</stack-size>
<stack-size id="8343">0.592041</stack-size>
<stack-size id="8424">0.598145</stack-size>
<stack-size id="8505">0.579834</stack-size>
<stack-size id="8586">0.646973</stack-size>
<stack-size id="8667">0.744629</stack-size>
<stack-size id="8748">0.720215</stack-size>
<stack-size id="8829">0.775146</stack-size>
<stack-size id="8910">0.848389</stack-size>
<stack-size id="8991">0.854492</stack-size>
<stack-size id="9072">0.860596</stack-size>
<stack-size id="9153">0.842285</stack-size>
<stack-size id="9234">0.842285</stack-size>
<stack-size id="9315">0.848389</stack-size>
<stack-size id="9396">0.848389</stack-size>
<stack-size id="9477">0.854492</stack-size>
<stack-size id="9558">0.830078</stack-size>
<stack-size id="9639">0.830078</stack-size>
<stack-size id="9720">0.823975</stack-size>
<stack-size id="9801">0.842285</stack-size>
<stack-size id="9882">0.848389</stack-size>
<stack-size id="9963">0.836182</stack-size>
<stack-size id="10044">0.842285</stack-size>
<stack-size id="10125">0.805664</stack-size>
<stack-size id="10206">0.787354</stack-size>
<stack-size id="10287">0.78125</stack-size>
<stack-size id="10368">0.762939</stack-size>
<stack-size id="10449">0.756836</stack-size>
<stack-size id="10530">0.750732</stack-size>
<stack-size id="10611">0.732422</stack-size>
<stack-size id="10692">0.720215</stack-size>
<stack-size id="10773">0.738525</stack-size>
<stack-size id="10854">0.744629</stack-size>
<stack-size id="10935">0.683594</stack-size>
<stack-size id="11016">0.653076</stack-size>
<stack-size id="11097">0.592041</stack-size>
<stack-size id="11178">0.561523</stack-size>
<stack-size id="11259">0.506592</stack-size>
<stack-size id="11340">0.32959</stack-size>
<stack-size id="11421">0.292969</stack-size>
<stack-size id="11502">0.323486</stack-size>
<stack-size id="11583">0.45166</stack-size>
<stack-size id="11664">0.457764</stack-size>
<stack-size id="11745">0.317383</stack-size>
<stack-size id="11826">0.292969</stack-size>
<stack-size id="11907">0.250244</stack-size>
<stack-size id="11988">0.256348</stack-size>
<stack-size id="12069">0.445557</stack-size>
<stack-size id="12150">0.427246</stack-size>
<stack-size id="12231">0.213623</stack-size>
<stack-size id="12312">0.213623</stack-size>
<stack-size id="12393">0.286865</stack-size>
<stack-size id="12474">0.292969</stack-size>
<stack-size id="12555">0.323486</stack-size>
<stack-size id="12636">0.439453</stack-size>
<stack-size id="12717">0.427246</stack-size>
<stack-size id="12798">0.146484</stack-size>
<stack-size id="12879">0.164795</stack-size>
<stack-size id="12960">0.134277</stack-size>
<stack-size id="13041">0.140381</stack-size>
<stack-size id="13122">0.22583</stack-size>
<stack-size id="13203">0.231934</stack-size>
<stack-size id="13284">0.335693</stack-size>
<stack-size id="13365">0.372314</stack-size>
<stack-size id="13446">0.341797</stack-size>
<stack-size id="13527">0.115967</stack-size>
<stack-size id="13608">0.0488281</stack-size>
<stack-size id="13689">0.10376</stack-size>
<stack-size id="13770">0.195312</stack-size>
<stack-size id="13851">0.213623</stack-size>
<stack-size id="13932">0.280762</stack-size>
<stack-size id="14013">0.311279</stack-size>
<stack-size id="14094">0.317383</stack-size>
<stack-size id="14175">0.457764</stack-size>
<stack-size id="14256">0.402832</stack-size>
<stack-size id="14337">0.128174</stack-size>
<stack-size id="14418">0.170898</stack-size>
<stack-size id="14499">0.115967</stack-size>
<stack-size id="14580">0.20752</stack-size>
<stack-size id="14661">0.22583</stack-size>
<stack-size id="14742">0.268555</stack-size>
<stack-size id="14823">0.274658</stack-size>
<stack-size id="14904">0.280762</stack-size>
<stack-size id="14985">0.43335</stack-size>
<stack-size id="15066">0.439453</stack-size>
<stack-size id="15147">0.244141</stack-size>
<stack-size id="15228">0.134277</stack-size>
<stack-size id="15309">0.177002</stack-size>
<stack-size id="15390">0.177002</stack-size>
<stack-size id="15471">0.128174</stack-size>
<stack-size id="15552">0.183105</stack-size>
<stack-size id="15633">0.22583</stack-size>
<stack-size id="15714">0.244141</stack-size>
<stack-size id="15795">0.274658</stack-size>
<stack-size id="15876">0.256348</stack-size>
<stack-size id="15957">0.43335</stack-size>
<stack-size id="16038">0.439453</stack-size>
<stack-size id="16119">0.292969</stack-size>
<stack-size id="16200">0.109863</stack-size>
<stack-size id="16281">0.152588</stack-size>
<stack-size id="16362">0.183105</stack-size>
<max-stack>146</max-stack>
<front-edges>16383</front-edges>
<back-edges>365</back-edges>
<cross-edges>36500</cross-edges>
<shortest-cycle>5</shortest-cycle>
</dfs-info>
<rw-info>
<coverage step="1620">6.7627</coverage>
<coverage step="3240">11.6394</coverage>
<coverage step="4860">15.1978</coverage>
<coverage step="6480">18.3105</coverage>
<coverage step="8100">20.9961</coverage>
<coverage step="9720">23.468</coverage>
<coverage step="11340">25.3113</coverage>
<coverage step="12960">27.1912</coverage>
<coverage step="14580">28.8757</coverage>
<coverage step="16200">30.4688</coverage>
<coverage step="17820">31.9641</coverage>
<coverage step="19440">33.5693</coverage>
<coverage step="21060">34.7839</coverage>
<coverage step="22680">35.8643</coverage>
<coverage step="24300">37.1155</coverage>
<coverage step="25920">38.1409</coverage>
<coverage step="27540">39.27</coverage>
<coverage step="29160">40.2039</coverage>
<coverage step="30780">41.0645</coverage>
<coverage step="32400">41.8823</coverage>
<coverage step="34020">42.5049</coverage>
<coverage step="35640">43.335</coverage>
<coverage step="37260">44.2078</coverage>
<coverage step="38880">44.8792</coverage>
<coverage step="40500">45.6177</coverage>
<coverage step="42120">46.1731</coverage>
<coverage step="43740">46.8079</coverage>
<coverage step="45360">47.3999</coverage>
<coverage step="46980">47.9309</coverage>
<coverage step="48600">48.4192</coverage>
<coverage step="50220">48.8708</coverage>
<coverage step="51840">49.3164</coverage>
<coverage step="53460">49.7131</coverage>
<coverage step="55080">50.177</coverage>
<coverage step="56700">50.7446</coverage>
<coverage step="58320">51.2329</coverage>
<coverage step="59940">51.6113</coverage>
<coverage step="61560">52.1362</coverage>
<coverage step="63180">52.4841</coverage>
<coverage step="64800">52.8259</coverage>
<coverage step="66420">53.2104</coverage>
<coverage step="68040">53.4912</coverage>
<coverage step="69660">53.8391</coverage>
<coverage step="71280">54.2725</coverage>
<coverage step="72900">54.6936</coverage>
<coverage step="74520">55.011</coverage>
<coverage step="76140">55.1697</coverage>
<coverage step="77760">55.4077</coverage>
<coverage step="79380">55.6396</coverage>
<coverage step="81000">56.012</coverage>
<coverage step="82620">56.2439</coverage>
<coverage step="84240">56.4941</coverage>
<coverage step="85860">56.7139</coverage>
<coverage step="87480">57.019</coverage>
<coverage step="89100">57.2937</coverage>
<coverage step="90720">57.5195</coverage>
<coverage step="92340">57.7515</coverage>
<coverage step="93960">57.9956</coverage>
<coverage step="95580">58.1726</coverage>
<coverage step="97200">58.3069</coverage>
<coverage step="98820">58.5388</coverage>
<coverage step="100440">58.7585</coverage>
<coverage step="102060">58.9844</coverage>
<coverage step="103680">59.1064</coverage>
<coverage step="105300">59.2529</coverage>
<coverage step="106920">59.3628</coverage>
<coverage step="108540">59.5276</coverage>
<coverage step="110160">59.8206</coverage>
<coverage step="111780">59.9731</coverage>
<coverage step="113400">60.1868</coverage>
<coverage step="115020">60.3516</coverage>
<coverage step="116640">60.5347</coverage>
<coverage step="118260">60.6995</coverage>
<coverage step="119880">60.8459</coverage>
<coverage step="121500">60.9863</coverage>
<coverage step="123120">61.1511</coverage>
<coverage step="124740">61.3831</coverage>
<coverage step="126360">61.5845</coverage>
<coverage step="127980">61.7859</coverage>
<coverage step="129600">61.969</coverage>
<coverage step="131220">62.1216</coverage>
<coverage step="132840">62.262</coverage>
<coverage step="134460">62.4573</coverage>
<coverage step="136080">62.6099</coverage>
<coverage step="137700">62.7197</coverage>
<coverage step="139320">63.0005</coverage>
<coverage step="140940">63.1348</coverage>
<coverage step="142560">63.2996</coverage>
<coverage step="144180">63.4888</coverage>
<coverage step="145800">63.5986</coverage>
<coverage step="147420">63.678</coverage>
<coverage step="149040">63.7024</coverage>
<coverage step="150660">63.7695</coverage>
<coverage step="152280">63.9221</coverage>
<coverage step="153900">64.0869</coverage>
<coverage step="155520">64.093</coverage>
<coverage step="157140">64.1663</coverage>
<coverage step="158760">64.2395</coverage>
<coverage step="160380">64.4043</coverage>
<coverage step="162000">64.563</coverage>
<coverage step="163620">64.6423</coverage>
<rw-visits order="1">8176</rw-visits>
<rw-visits order="53">349</rw-visits>
<rw-visits order="105">174</rw-visits>
<rw-visits order="157">131</rw-visits>
<rw-visits order="209">95</rw-visits>
<rw-visits order="261">78</rw-visits>
<rw-visits order="313">67</rw-visits>
<rw-visits order="365">59</rw-visits>
<rw-visits order="417">52</rw-visits>
<rw-visits order="469">48</rw-visits>
<rw-visits order="521">45</rw-visits>
<rw-visits order="573">41</rw-visits>
<rw-visits order="625">39</rw-visits>
<rw-visits order="677">37</rw-visits>
<rw-visits order="729">35</rw-visits>
<rw-visits order="781">34</rw-visits>
<rw-visits order="833">32</rw-visits>
<rw-visits order="885">31</rw-visits>
<rw-visits order="937">30</rw-visits>
<rw-visits order="989">28</rw-visits>
<rw-visits order="1041">27</rw-visits>
<rw-visits order="1093">26</rw-visits>
<rw-visits order="1145">26</rw-visits>
<rw-visits order="1197">25</rw-visits>
<rw-visits order="1249">24</rw-visits>
<rw-visits order="1301">23</rw-visits>
<rw-visits order="1353">23</rw-visits>
<rw-visits order="1405">22</rw-visits>
<rw-visits order="1457">21</rw-visits>
<rw-visits order="1509">21</rw-visits>
<rw-visits order="1561">20</rw-visits>
<rw-visits order="1613">20</rw-visits>
<rw-visits order="1665">19</rw-visits>
<rw-visits order="1717">19</rw-visits>
<rw-visits order="1769">19</rw-visits>
<rw-visits order="1821">18</rw-visits>
<rw-visits order="1873">18</rw-visits>
<rw-visits order="1925">17</rw-visits>
<rw-visits order="1977">17</rw-visits>
<rw-visits order="2029">17</rw-visits>
<rw-visits order="2081">16</rw-visits>
<rw-visits order="2133">16</rw-visits>
<rw-visits order="2185">16</rw-visits>
<rw-visits order="2237">15</rw-visits>
<rw-visits order="2289">15</rw-visits>
<rw-visits order="2341">15</rw-visits>
<rw-visits order="2393">15</rw-visits>
<rw-visits order="2445">14</rw-visits>
<rw-visits order="2497">14</rw-visits>
<rw-visits order="2549">14</rw-visits>
<rw-visits order="2601">13</rw-visits>
<rw-visits order="2653">13</rw-visits>
<rw-visits order="2705">13</rw-visits>
<rw-visits order="2757">13</rw-visits>
<rw-visits order="2809">13</rw-visits>
<rw-visits order="2861">12</rw-visits>
<rw-visits order="2913">12</rw-visits>
<rw-visits order="2965">12</rw-visits>
<rw-visits order="3017">12</rw-visits>
<rw-visits order="3069">12</rw-visits>
<rw-visits order="3121">11</rw-visits>
<rw-visits order="3173">11</rw-visits>
<rw-visits order="3225">11</rw-visits>
<rw-visits order="3277">11</rw-visits>
<rw-visits order="3329">11</rw-visits>
<rw-visits order="3381">10</rw-visits>
<rw-visits order="3433">10</rw-visits>
<rw-visits order="3485">10</rw-visits>
<rw-visits order="3537">10</rw-visits>
<rw-visits order="3589">10</rw-visits>
<rw-visits order="3641">10</rw-visits>
<rw-visits order="3693">9</rw-visits>
<rw-visits order="3745">9</rw-visits>
<rw-visits order="3797">9</rw-visits>
<rw-visits order="3849">9</rw-visits>
<rw-visits order="3901">9</rw-visits>
<rw-visits order="3953">9</rw-visits>
<rw-visits order="4005">9</rw-visits>
<rw-visits order="4057">8</rw-visits>
<rw-visits order="4109">8</rw-visits>
<rw-visits order="4161">8</rw-visits>
<rw-visits order="4213">8</rw-visits>
<rw-visits order="4265">8</rw-visits>
<rw-visits order="4317">8</rw-visits>
<rw-visits order="4369">8</rw-visits>
<rw-visits order="4421">8</rw-visits>
<rw-visits order="4473">7</rw-visits>
<rw-visits order="4525">7</rw-visits>
<rw-visits order="4577">7</rw-visits>
<rw-visits order="4629">7</rw-visits>
<rw-visits order="4681">7</rw-visits>
<rw-visits order="4733">7</rw-visits>
<rw-visits order="4785">7</rw-visits>
<rw-visits order="4837">7</rw-visits>
<rw-visits order="4889">6</rw-visits>
<rw-visits order="4941">6</rw-visits>
<rw-visits order="4993">6</rw-visits>
<rw-visits order="5045">6</rw-visits>
<rw-visits order="5097">6</rw-visits>
<rw-visits order="5149">6</rw-visits>
<rw-visits order="5201">6</rw-visits>
<rw-visits order="5253">6</rw-visits>
<rw-visits order="5305">6</rw-visits>
<rw-visits order="5357">6</rw-visits>
<rw-visits order="5409">6</rw-visits>
<rw-visits order="5461">5</rw-visits>
<rw-visits order="5513">5</rw-visits>
<rw-visits order="5565">5</rw-visits>
<rw-visits order="5617">5</rw-visits>
<rw-visits order="5669">5</rw-visits>
<rw-visits order="5721">5</rw-visits>
<rw-visits order="5773">5</rw-visits>
<rw-visits order="5825">5</rw-visits>
<rw-visits order="5877">5</rw-visits>
<rw-visits order="5929">5</rw-visits>
<rw-visits order="5981">5</rw-visits>
<rw-visits order="6033">4</rw-visits>
<rw-visits order="6085">4</rw-visits>
<rw-visits order="6137">4</rw-visits>
<rw-visits order="6189">4</rw-visits>
<rw-visits order="6241">4</rw-visits>
<rw-visits order="6293">4</rw-visits>
<rw-visits order="6345">4</rw-visits>
<rw-visits order="6397">4</rw-visits>
<rw-visits order="6449">4</rw-visits>
<rw-visits order="6501">4</rw-visits>
<rw-visits order="6553">4</rw-visits>
<rw-visits order="6605">4</rw-visits>
<rw-visits order="6657">4</rw-visits>
<rw-visits order="6709">4</rw-visits>
<rw-visits order="6761">3</rw-visits>
<rw-visits order="6813">3</rw-visits>
<rw-visits order="6865">3</rw-visits>
<rw-visits order="6917">3</rw-visits>
<rw-visits order="6969">3</rw-visits>
<rw-visits order="7021">3</rw-visits>
<rw-visits order="7073">3</rw-visits>
<rw-visits order="7125">3</rw-visits>
<rw-visits order="7177">3</rw-visits>
<rw-visits order="7229">3</rw-visits>
<rw-visits order="7281">3</rw-visits>
<rw-visits order="7333">3</rw-visits>
<rw-visits order="7385">3</rw-visits>
<rw-visits order="7437">3</rw-visits>
<rw-visits order="7489">3</rw-visits>
<rw-visits order="7541">3</rw-visits>
<rw-visits order="7593">3</rw-visits>
<rw-visits order="7645">2</rw-visits>
<rw-visits order="7697">2</rw-visits>
<rw-visits order="7749">2</rw-visits>
<rw-visits order="7801">2</rw-visits>
<rw-visits order="7853">2</rw-visits>
<rw-visits order="7905">2</rw-visits>
<rw-visits order="7957">2</rw-visits>
<rw-visits order="8009">2</rw-visits>
<rw-visits order="8061">2</rw-visits>
<rw-visits order="8113">2</rw-visits>
<rw-visits order="8165">2</rw-visits>
<rw-visits order="8217">2</rw-visits>
<rw-visits order="8269">2</rw-visits>
<rw-visits order="8321">2</rw-visits>
<rw-visits order="8373">2</rw-visits>
<rw-visits order="8425">2</rw-visits>
<rw-visits order="8477">2</rw-visits>
<rw-visits order="8529">2</rw-visits>
<rw-visits order="8581">2</rw-visits>
<rw-visits order="8633">2</rw-visits>
<rw-visits order="8685">2</rw-visits>
<rw-visits order="8737">1</rw-visits>
<rw-visits order="8789">1</rw-visits>
<rw-visits order="8841">1</rw-visits>
<rw-visits order="8893">1</rw-visits>
<rw-visits order="8945">1</rw-visits>
<rw-visits order="8997">1</rw-visits>
<rw-visits order="9049">1</rw-visits>
<rw-visits order="9101">1</rw-visits>
<rw-visits order="9153">1</rw-visits>
<rw-visits order="9205">1</rw-visits>
<rw-visits order="9257">1</rw-visits>
<rw-visits order="9309">1</rw-visits>
<rw-visits order="9361">1</rw-visits>
<rw-visits order="9413">1</rw-visits>
<rw-visits order="9465">1</rw-visits>
<rw-visits order="9517">1</rw-visits>
<rw-visits order="9569">1</rw-visits>
<rw-visits order="9621">1</rw-visits>
<rw-visits order="9673">1</rw-visits>
<rw-visits order="9725">1</rw-visits>
<rw-visits order="9777">1</rw-visits>
<rw-visits order="9829">1</rw-visits>
<rw-visits order="9881">1</rw-visits>
<rw-visits order="9933">1</rw-visits>
<rw-visits order="9985">1</rw-visits>
<rw-visits order="10037">1</rw-visits>
<rw-visits order="10089">1</rw-visits>
<rw-visits order="10141">1</rw-visits>
<rw-visits order="10193">1</rw-visits>
<rw-visits order="10245">1</rw-visits>
<rw-visits order="10297">1</rw-visits>
<rw-visits order="10349">1</rw-visits>
<rw-visits order="10401">1</rw-visits>
<rw-visits order="10453">1</rw-visits>
<rw-visits order="10505">1</rw-visits>
<rw-visits order="10557">1</rw-visits>
<final-coverage>64.6423</final-coverage>
</rw-info>
<local-info>
<diamonds>96.9238</diamonds>
<neighborhood k="4">37</neighborhood>
<clustering k="4">1.82349</clustering>
</local-info>
<label-info>
<edge-label id="0.0">1952</edge-label>
<edge-label id="0.1">1952</edge-label>
<edge-label id="0.10">960</edge-label>
<edge-label id="0.2">1024</edge-label>
<edge-label id="0.3">2112</edge-label>
<edge-label id="0.4">2112</edge-label>
<edge-label id="0.5">2112</edge-label>
<edge-label id="0.7">1024</edge-label>
<edge-label id="0.9">64</edge-label>
<edge-label id="1.0">1952</edge-label>
<edge-label id="1.1">1952</edge-label>
<edge-label id="1.10">960</edge-label>
<edge-label id="1.2">1024</edge-label>
<edge-label id="1.3">2112</edge-label>
<edge-label id="1.4">2112</edge-label>
<edge-label id="1.5">2112</edge-label>
<edge-label id="1.7">1024</edge-label>
<edge-label id="1.9">64</edge-label>
<edge-label id="2.0">1952</edge-label>
<edge-label id="2.1">1952</edge-label>
<edge-label id="2.10">960</edge-label>
<edge-label id="2.2">1024</edge-label>
<edge-label id="2.3">2112</edge-label>
<edge-label id="2.4">2112</edge-label>
<edge-label id="2.5">2112</edge-label>
<edge-label id="2.7">1024</edge-label>
<edge-label id="2.9">64</edge-label>
<edge-label id="3.0">1952</edge-label>
<edge-label id="3.1">1952</edge-label>
<edge-label id="3.10">960</edge-label>
<edge-label id="3.2">1024</edge-label>
<edge-label id="3.3">2112</edge-label>
<edge-label id="3.4">2112</edge-label>
<edge-label id="3.5">2112</edge-label>
<edge-label id="3.7">1024</edge-label>
<edge-label id="3.9">64</edge-label>
<state-labels procid="0">
<label id="[{0|1|255|255},{1|1|0|0},0]">64</label>
<label id="[{0|1|255|255},{1|1|0|0},1]">64</label>
<label id="[{0|1|255|255},{1|1|0|0},2]">16</label>
<label id="[{0|1|255|255},{1|1|0|0},3]">16</label>
<label id="[{0|1|255|255},{1|1|0|1},0]">8</label>
<label id="[{0|1|255|255},{1|1|0|1},1]">8</label>
<label id="[{0|1|255|255},{1|1|0|1},3]">8</label>
<label id="[{0|1|255|255},{1|1|1|0},0]">8</label>
<label id="[{0|1|255|255},{1|1|1|0},1]">8</label>
<label id="[{0|1|255|255},{1|1|1|0},2]">8</label>
<label id="[{0|1|255|3},{1|1|0|1},0]">8</label>
<label id="[{0|1|255|3},{1|1|0|1},1]">8</label>
<label id="[{0|1|255|3},{1|1|0|1},3]">8</label>
<label id="[{0|1|2|255},{1|1|1|0},0]">8</label>
<label id="[{0|1|2|255},{1|1|1|0},1]">8</label>
<label id="[{0|1|2|255},{1|1|1|0},2]">8</label>
<label id="[{0|255|255|255},{1|0|0|0},0]">480</label>
<label id="[{0|255|255|255},{1|0|0|0},1]">128</label>
<label id="[{0|255|255|255},{1|0|0|0},2]">128</label>
<label id="[{0|255|255|255},{1|0|0|0},3]">128</label>
<label id="[{0|255|255|255},{1|0|0|1},0]">64</label>
<label id="[{0|255|255|255},{1|0|0|1},1]">16</label>
<label id="[{0|255|255|255},{1|0|0|1},2]">16</label>
<label id="[{0|255|255|255},{1|0|0|1},3]">64</label>
<label id="[{0|255|255|255},{1|0|1|0},0]">64</label>
<label id="[{0|255|255|255},{1|0|1|0},1]">16</label>
<label id="[{0|255|255|255},{1|0|1|0},2]">64</label>
<label id="[{0|255|255|255},{1|0|1|0},3]">16</label>
<label id="[{0|255|255|255},{1|0|1|1},0]">8</label>
<label id="[{0|255|255|255},{1|0|1|1},2]">8</label>
<label id="[{0|255|255|255},{1|0|1|1},3]">8</label>
<label id="[{0|255|255|255},{1|1|0|0},0]">64</label>
<label id="[{0|255|255|255},{1|1|0|0},1]">64</label>
<label id="[{0|255|255|255},{1|1|0|0},2]">16</label>
<label id="[{0|255|255|255},{1|1|0|0},3]">16</label>
<label id="[{0|255|255|255},{1|1|0|1},0]">8</label>
<label id="[{0|255|255|255},{1|1|0|1},1]">8</label>
<label id="[{0|255|255|255},{1|1|0|1},3]">8</label>
<label id="[{0|255|255|255},{1|1|1|0},0]">8</label>
<label id="[{0|255|255|255},{1|1|1|0},1]">8</label>
<label id="[{0|255|255|255},{1|1|1|0},2]">8</label>
<label id="[{0|255|255|3},{1|0|0|1},0]">64</label>
<label id="[{0|255|255|3},{1|0|0|1},1]">16</label>
<label id="[{0|255|255|3},{1|0|0|1},2]">16</label>
<label id="[{0|255|255|3},{1|0|0|1},3]">64</label>
<label id="[{0|255|255|3},{1|0|1|1},0]">8</label>
<label id="[{0|255|255|3},{1|0|1|1},2]">8</label>
<label id="[{0|255|255|3},{1|0|1|1},3]">8</label>
<label id="[{0|255|255|3},{1|1|0|1},0]">8</label>
<label id="[{0|255|255|3},{1|1|0|1},1]">8</label>
<label id="[{0|255|255|3},{1|1|0|1},3]">8</label>
<label id="[{0|255|2|255},{1|0|1|0},0]">64</label>
<label id="[{0|255|2|255},{1|0|1|0},1]">16</label>
<label id="[{0|255|2|255},{1|0|1|0},2]">64</label>
<label id="[{0|255|2|255},{1|0|1|0},3]">16</label>
<label id="[{0|255|2|255},{1|0|1|1},0]">8</label>
<label id="[{0|255|2|255},{1|0|1|1},2]">8</label>
<label id="[{0|255|2|255},{1|0|1|1},3]">8</label>
<label id="[{0|255|2|255},{1|1|1|0},0]">8</label>
<label id="[{0|255|2|255},{1|1|1|0},1]">8</label>
<label id="[{0|255|2|255},{1|1|1|0},2]">8</label>
<label id="[{0|255|2|3},{1|0|1|1},0]">8</label>
<label id="[{0|255|2|3},{1|0|1|1},2]">8</label>
<label id="[{0|255|2|3},{1|0|1|1},3]">8</label>
<label id="[{255|1|255|255},{0|1|0|0},0]">128</label>
<label id="[{255|1|255|255},{0|1|0|0},1]">480</label>
<label id="[{255|1|255|255},{0|1|0|0},2]">128</label>
<label id="[{255|1|255|255},{0|1|0|0},3]">128</label>
<label id="[{255|1|255|255},{0|1|0|1},0]">16</label>
<label id="[{255|1|255|255},{0|1|0|1},1]">64</label>
<label id="[{255|1|255|255},{0|1|0|1},2]">16</label>
<label id="[{255|1|255|255},{0|1|0|1},3]">64</label>
<label id="[{255|1|255|255},{0|1|1|0},0]">16</label>
<label id="[{255|1|255|255},{0|1|1|0},1]">64</label>
<label id="[{255|1|255|255},{0|1|1|0},2]">64</label>
<label id="[{255|1|255|255},{0|1|1|0},3]">16</label>
<label id="[{255|1|255|255},{0|1|1|1},1]">8</label>
<label id="[{255|1|255|255},{0|1|1|1},2]">8</label>
<label id="[{255|1|255|255},{0|1|1|1},3]">8</label>
<label id="[{255|1|255|255},{1|1|0|0},0]">64</label>
<label id="[{255|1|255|255},{1|1|0|0},1]">64</label>
<label id="[{255|1|255|255},{1|1|0|0},2]">16</label>
<label id="[{255|1|255|255},{1|1|0|0},3]">16</label>
<label id="[{255|1|255|255},{1|1|0|1},0]">8</label>
<label id="[{255|1|255|255},{1|1|0|1},1]">8</label>
<label id="[{255|1|255|255},{1|1|0|1},3]">8</label>
<label id="[{255|1|255|255},{1|1|1|0},0]">8</label>
<label id="[{255|1|255|255},{1|1|1|0},1]">8</label>
<label id="[{255|1|255|255},{1|1|1|0},2]">8</label>
<label id="[{255|1|255|3},{0|1|0|1},0]">16</label>
<label id="[{255|1|255|3},{0|1|0|1},1]">64</label>
<label id="[{255|1|255|3},{0|1|0|1},2]">16</label>
<label id="[{255|1|255|3},{0|1|0|1},3]">64</label>
<label id="[{255|1|255|3},{0|1|1|1},1]">8</label>
<label id="[{255|1|255|3},{0|1|1|1},2]">8</label>
<label id="[{255|1|255|3},{0|1|1|1},3]">8</label>
<label id="[{255|1|255|3},{1|1|0|1},0]">8</label>
<label id="[{255|1|255|3},{1|1|0|1},1]">8</label>
<label id="[{255|1|255|3},{1|1|0|1},3]">8</label>
<label id="[{255|1|2|255},{0|1|1|0},0]">16</label>
<label id="[{255|1|2|255},{0|1|1|0},1]">64</label>
<label id="[{255|1|2|255},{0|1|1|0},2]">64</label>
<label id="[{255|1|2|255},{0|1|1|0},3]">16</label>
<label id="[{255|1|2|255},{0|1|1|1},1]">8</label>
<label id="[{255|1|2|255},{0|1|1|1},2]">8</label>
<label id="[{255|1|2|255},{0|1|1|1},3]">8</label>
<label id="[{255|1|2|255},{1|1|1|0},0]">8</label>
<label id="[{255|1|2|255},{1|1|1|0},1]">8</label>
<label id="[{255|1|2|255},{1|1|1|0},2]">8</label>
<label id="[{255|1|2|3},{0|1|1|1},1]">8</label>
<label id="[{255|1|2|3},{0|1|1|1},2]">8</label>
<label id="[{255|1|2|3},{0|1|1|1},3]">8</label>
<label id="[{255|255|255|255},{0|0|0|0},0]">1152</label>
<label id="[{255|255|255|255},{0|0|0|0},1]">1152</label>
<label id="[{255|255|255|255},{0|0|0|0},255]">256</label>
<label id="[{255|255|255|255},{0|0|0|0},2]">1152</label>
<label id="[{255|255|255|255},{0|0|0|0},3]">1152</label>
<label id="[{255|255|255|255},{0|0|0|1},0]">128</label>
<label id="[{255|255|255|255},{0|0|0|1},1]">128</label>
<label id="[{255|255|255|255},{0|0|0|1},2]">128</label>
<label id="[{255|255|255|255},{0|0|0|1},3]">480</label>
<label id="[{255|255|255|255},{0|0|1|0},0]">128</label>
<label id="[{255|255|255|255},{0|0|1|0},1]">128</label>
<label id="[{255|255|255|255},{0|0|1|0},2]">480</label>
<label id="[{255|255|255|255},{0|0|1|0},3]">128</label>
<label id="[{255|255|255|255},{0|0|1|1},0]">16</label>
<label id="[{255|255|255|255},{0|0|1|1},1]">16</label>
<label id="[{255|255|255|255},{0|0|1|1},2]">64</label>
<label id="[{255|255|255|255},{0|0|1|1},3]">64</label>
<label id="[{255|255|255|255},{0|1|0|0},0]">128</label>
<label id="[{255|255|255|255},{0|1|0|0},1]">480</label>
<label id="[{255|255|255|255},{0|1|0|0},2]">128</label>
<label id="[{255|255|255|255},{0|1|0|0},3]">128</label>
<label id="[{255|255|255|255},{0|1|0|1},0]">16</label>
<label id="[{255|255|255|255},{0|1|0|1},1]">64</label>
<label id="[{255|255|255|255},{0|1|0|1},2]">16</label>
<label id="[{255|255|255|255},{0|1|0|1},3]">64</label>
<label id="[{255|255|255|255},{0|1|1|0},0]">16</label>
<label id="[{255|255|255|255},{0|1|1|0},1]">64</label>
<label id="[{255|255|255|255},{0|1|1|0},2]">64</label>
<label id="[{255|255|255|255},{0|1|1|0},3]">16</label>
<label id="[{255|255|255|255},{0|1|1|1},1]">8</label>
<label id="[{255|255|255|255},{0|1|1|1},2]">8</label>
<label id="[{255|255|255|255},{0|1|1|1},3]">8</label>
<label id="[{255|255|255|255},{1|0|0|0},0]">480</label>
<label id="[{255|255|255|255},{1|0|0|0},1]">128</label>
<label id="[{255|255|255|255},{1|0|0|0},2]">128</label>
<label id="[{255|255|255|255},{1|0|0|0},3]">128</label>
<label id="[{255|255|255|255},{1|0|0|1},0]">64</label>
<label id="[{255|255|255|255},{1|0|0|1},1]">16</label>
<label id="[{255|255|255|255},{1|0|0|1},2]">16</label>
<label id="[{255|255|255|255},{1|0|0|1},3]">64</label>
<label id="[{255|255|255|255},{1|0|1|0},0]">64</label>
<label id="[{255|255|255|255},{1|0|1|0},1]">16</label>
<label id="[{255|255|255|255},{1|0|1|0},2]">64</label>
<label id="[{255|255|255|255},{1|0|1|0},3]">16</label>
<label id="[{255|255|255|255},{1|0|1|1},0]">8</label>
<label id="[{255|255|255|255},{1|0|1|1},2]">8</label>
<label id="[{255|255|255|255},{1|0|1|1},3]">8</label>
<label id="[{255|255|255|255},{1|1|0|0},0]">64</label>
<label id="[{255|255|255|255},{1|1|0|0},1]">64</label>
<label id="[{255|255|255|255},{1|1|0|0},2]">16</label>
<label id="[{255|255|255|255},{1|1|0|0},3]">16</label>
<label id="[{255|255|255|255},{1|1|0|1},0]">8</label>
<label id="[{255|255|255|255},{1|1|0|1},1]">8</label>
<label id="[{255|255|255|255},{1|1|0|1},3]">8</label>
<label id="[{255|255|255|255},{1|1|1|0},0]">8</label>
<label id="[{255|255|255|255},{1|1|1|0},1]">8</label>
<label id="[{255|255|255|255},{1|1|1|0},2]">8</label>
<label id="[{255|255|255|3},{0|0|0|1},0]">128</label>
<label id="[{255|255|255|3},{0|0|0|1},1]">128</label>
<label id="[{255|255|255|3},{0|0|0|1},2]">128</label>
<label id="[{255|255|255|3},{0|0|0|1},3]">480</label>
<label id="[{255|255|255|3},{0|0|1|1},0]">16</label>
<label id="[{255|255|255|3},{0|0|1|1},1]">16</label>
<label id="[{255|255|255|3},{0|0|1|1},2]">64</label>
<label id="[{255|255|255|3},{0|0|1|1},3]">64</label>
<label id="[{255|255|255|3},{0|1|0|1},0]">16</label>
<label id="[{255|255|255|3},{0|1|0|1},1]">64</label>
<label id="[{255|255|255|3},{0|1|0|1},2]">16</label>
<label id="[{255|255|255|3},{0|1|0|1},3]">64</label>
<label id="[{255|255|255|3},{0|1|1|1},1]">8</label>
<label id="[{255|255|255|3},{0|1|1|1},2]">8</label>
<label id="[{255|255|255|3},{0|1|1|1},3]">8</label>
<label id="[{255|255|255|3},{1|0|0|1},0]">64</label>
<label id="[{255|255|255|3},{1|0|0|1},1]">16</label>
<label id="[{255|255|255|3},{1|0|0|1},2]">16</label>
<label id="[{255|255|255|3},{1|0|0|1},3]">64</label>
<label id="[{255|255|255|3},{1|0|1|1},0]">8</label>
<label id="[{255|255|255|3},{1|0|1|1},2]">8</label>
<label id="[{255|255|255|3},{1|0|1|1},3]">8</label>
<label id="[{255|255|255|3},{1|1|0|1},0]">8</label>
<label id="[{255|255|255|3},{1|1|0|1},1]">8</label>
<label id="[{255|255|255|3},{1|1|0|1},3]">8</label>
<label id="[{255|255|2|255},{0|0|1|0},0]">128</label>
<label id="[{255|255|2|255},{0|0|1|0},1]">128</label>
<label id="[{255|255|2|255},{0|0|1|0},2]">480</label>
<label id="[{255|255|2|255},{0|0|1|0},3]">128</label>
<label id="[{255|255|2|255},{0|0|1|1},0]">16</label>
<label id="[{255|255|2|255},{0|0|1|1},1]">16</label>
<label id="[{255|255|2|255},{0|0|1|1},2]">64</label>
<label id="[{255|255|2|255},{0|0|1|1},3]">64</label>
<label id="[{255|255|2|255},{0|1|1|0},0]">16</label>
<label id="[{255|255|2|255},{0|1|1|0},1]">64</label>
<label id="[{255|255|2|255},{0|1|1|0},2]">64</label>
<label id="[{255|255|2|255},{0|1|1|0},3]">16</label>
<label id="[{255|255|2|255},{0|1|1|1},1]">8</label>
<label id="[{255|255|2|255},{0|1|1|1},2]">8</label>
<label id="[{255|255|2|255},{0|1|1|1},3]">8</label>
<label id="[{255|255|2|255},{1|0|1|0},0]">64</label>
<label id="[{255|255|2|255},{1|0|1|0},1]">16</label>
<label id="[{255|255|2|255},{1|0|1|0},2]">64</label>
<label id="[{255|255|2|255},{1|0|1|0},3]">16</label>
<label id="[{255|255|2|255},{1|0|1|1},0]">8</label>
<label id="[{255|255|2|255},{1|0|1|1},2]">8</label>
<label id="[{255|255|2|255},{1|0|1|1},3]">8</label>
<label id="[{255|255|2|255},{1|1|1|0},0]">8</label>
<label id="[{255|255|2|255},{1|1|1|0},1]">8</label>
<label id="[{255|255|2|255},{1|1|1|0},2]">8</label>
<label id="[{255|255|2|3},{0|0|1|1},0]">16</label>
<label id="[{255|255|2|3},{0|0|1|1},1]">16</label>
<label id="[{255|255|2|3},{0|0|1|1},2]">64</label>
<label id="[{255|255|2|3},{0|0|1|1},3]">64</label>
<label id="[{255|255|2|3},{0|1|1|1},1]">8</label>
<label id="[{255|255|2|3},{0|1|1|1},2]">8</label>
<label id="[{255|255|2|3},{0|1|1|1},3]">8</label>
<label id="[{255|255|2|3},{1|0|1|1},0]">8</label>
<label id="[{255|255|2|3},{1|0|1|1},2]">8</label>
<label id="[{255|255|2|3},{1|0|1|1},3]">8</label>
</state-labels><state-labels procid="1">
<label id="[0,0]">976</label>
<label id="[0,255]">976</label>
<label id="[1,0]">976</label>
<label id="[1,255]">976</label>
<label id="[2,1]">704</label>
<label id="[2,255]">1024</label>
<label id="[2,2]">704</label>
<label id="[2,3]">704</label>
<label id="[3,1]">704</label>
<label id="[3,2]">704</label>
<label id="[3,3]">704</label>
<label id="[4,1]">704</label>
<label id="[4,2]">704</label>
<label id="[4,3]">704</label>
<label id="[5,1]">704</label>
<label id="[5,2]">704</label>
<label id="[5,3]">704</label>
<label id="[6,255]">1024</label>
<label id="[7,255]">1024</label>
<label id="[9,255]">960</label>
</state-labels><state-labels procid="2">
<label id="[0,0]">976</label>
<label id="[0,255]">976</label>
<label id="[1,0]">976</label>
<label id="[1,255]">976</label>
<label id="[2,0]">704</label>
<label id="[2,255]">1024</label>
<label id="[2,2]">704</label>
<label id="[2,3]">704</label>
<label id="[3,0]">704</label>
<label id="[3,2]">704</label>
<label id="[3,3]">704</label>
<label id="[4,0]">704</label>
<label id="[4,2]">704</label>
<label id="[4,3]">704</label>
<label id="[5,0]">704</label>
<label id="[5,2]">704</label>
<label id="[5,3]">704</label>
<label id="[6,255]">1024</label>
<label id="[7,255]">1024</label>
<label id="[9,255]">960</label>
</state-labels><state-labels procid="3">
<label id="[0,0]">976</label>
<label id="[0,255]">976</label>
<label id="[1,0]">976</label>
<label id="[1,255]">976</label>
<label id="[2,0]">704</label>
<label id="[2,1]">704</label>
<label id="[2,255]">1024</label>
<label id="[2,3]">704</label>
<label id="[3,0]">704</label>
<label id="[3,1]">704</label>
<label id="[3,3]">704</label>
<label id="[4,0]">704</label>
<label id="[4,1]">704</label>
<label id="[4,3]">704</label>
<label id="[5,0]">704</label>
<label id="[5,1]">704</label>
<label id="[5,3]">704</label>
<label id="[6,255]">1024</label>
<label id="[7,255]">1024</label>
<label id="[9,255]">960</label>
</state-labels><state-labels procid="4">
<label id="[0,0]">976</label>
<label id="[0,255]">976</label>
<label id="[1,0]">976</label>
<label id="[1,255]">976</label>
<label id="[2,0]">704</label>
<label id="[2,1]">704</label>
<label id="[2,255]">1024</label>
<label id="[2,2]">704</label>
<label id="[3,0]">704</label>
<label id="[3,1]">704</label>
<label id="[3,2]">704</label>
<label id="[4,0]">704</label>
<label id="[4,1]">704</label>
<label id="[4,2]">704</label>
<label id="[5,0]">704</label>
<label id="[5,1]">704</label>
<label id="[5,2]">704</label>
<label id="[6,255]">1024</label>
<label id="[7,255]">1024</label>
<label id="[9,255]">960</label>
</state-labels></label-info>
</state-space-info>
