<?xml version="1.0"?>
<!DOCTYPE state-space-info SYSTEM "../../state_space_info.dtd">


<state-space-info>
<states>7963</states>
<edges>21503</edges>
<bfs-info>
 <levels>49</levels>
<max-level>388</max-level>

<back-level-edges>6489</back-level-edges>
<max-back-level-edge>33</max-back-level-edge>
<avg-back-level-edge>7.8499</avg-back-level-edge>
<bfs-levels>
<level id="0"><states>1</states><edges>3</edges></level>
<level id="1"><states>3</states><edges>9</edges></level>
<level id="2"><states>6</states><edges>18</edges></level>
<level id="3"><states>10</states><edges>30</edges></level>
<level id="4"><states>18</states><edges>54</edges></level>
<level id="5"><states>30</states><edges>90</edges></level>
<level id="6"><states>48</states><edges>144</edges></level>
<level id="7"><states>75</states><edges>213</edges></level>
<level id="8"><states>99</states><edges>273</edges></level>
<level id="9"><states>126</states><edges>330</edges></level>
<level id="10"><states>141</states><edges>363</edges></level>
<level id="11"><states>147</states><edges>375</edges></level>
<level id="12"><states>156</states><edges>384</edges></level>
<level id="13"><states>156</states><edges>390</edges></level>
<level id="14"><states>166</states><edges>426</edges></level>
<level id="15"><states>196</states><edges>528</edges></level>
<level id="16"><states>230</states><edges>636</edges></level>
<level id="17"><states>293</states><edges>783</edges></level>
<level id="18"><states>337</states><edges>891</edges></level>
<level id="19"><states>360</states><edges>948</edges></level>
<level id="20"><states>388</states><edges>968</edges></level>
<level id="21"><states>362</states><edges>898</edges></level>
<level id="22"><states>340</states><edges>830</edges></level>
<level id="23"><states>309</states><edges>799</edges></level>
<level id="24"><states>279</states><edges>763</edges></level>
<level id="25"><states>291</states><edges>795</edges></level>
<level id="26"><states>303</states><edges>855</edges></level>
<level id="27"><states>307</states><edges>909</edges></level>
<level id="28"><states>350</states><edges>974</edges></level>
<level id="29"><states>320</states><edges>868</edges></level>
<level id="30"><states>319</states><edges>827</edges></level>
<level id="31"><states>283</states><edges>763</edges></level>
<level id="32"><states>229</states><edges>655</edges></level>
<level id="33"><states>196</states><edges>552</edges></level>
<level id="34"><states>184</states><edges>540</edges></level>
<level id="35"><states>180</states><edges>540</edges></level>
<level id="36"><states>152</states><edges>432</edges></level>
<level id="37"><states>116</states><edges>324</edges></level>
<level id="38"><states>116</states><edges>312</edges></level>
<level id="39"><states>101</states><edges>291</edges></level>
<level id="40"><states>77</states><edges>231</edges></level>
<level id="41"><states>37</states><edges>111</edges></level>
<level id="42"><states>33</states><edges>99</edges></level>
<level id="43"><states>33</states><edges>99</edges></level>
<level id="44"><states>12</states><edges>36</edges></level>
<level id="45"><states>12</states><edges>36</edges></level>
<level id="46"><states>12</states><edges>36</edges></level>
<level id="47"><states>12</states><edges>36</edges></level>
<level id="48"><states>12</states><edges>36</edges></level>
</bfs-levels>
<back-level-length id="0">0</back-level-length>
<back-level-length id="1">4.00678</back-level-length>
<back-level-length id="2">9.98613</back-level-length>
<back-level-length id="3">0</back-level-length>
<back-level-length id="4">17.0288</back-level-length>
<back-level-length id="5">0</back-level-length>
<back-level-length id="6">0</back-level-length>
<back-level-length id="7">42.9958</back-level-length>
<back-level-length id="8">0</back-level-length>
<back-level-length id="9">0</back-level-length>
<back-level-length id="10">0</back-level-length>
<back-level-length id="11">0</back-level-length>
<back-level-length id="12">14.6093</back-level-length>
<back-level-length id="13">0</back-level-length>
<back-level-length id="14">0</back-level-length>
<back-level-length id="15">2.95885</back-level-length>
<back-level-length id="16">0</back-level-length>
<back-level-length id="17">0.123286</back-level-length>
<back-level-length id="18">0</back-level-length>
<back-level-length id="19">0</back-level-length>
<back-level-length id="20">7.85945</back-level-length>
<back-level-length id="21">0</back-level-length>
<back-level-length id="22">0</back-level-length>
<back-level-length id="23">0</back-level-length>
<back-level-length id="24">0</back-level-length>
<back-level-length id="25">0.123286</back-level-length>
<back-level-length id="26">0</back-level-length>
<back-level-length id="27">0</back-level-length>
<back-level-length id="28">0.0616428</back-level-length>
<back-level-length id="29">0</back-level-length>
<back-level-length id="30">0</back-level-length>
<back-level-length id="31">0</back-level-length>
<back-level-length id="32">0</back-level-length>
<back-level-length id="33">0.246571</back-level-length>
</bfs-info>
<degrees>
<avg>2.70036</avg>
<max-in>10</max-in>
<max-out>3</max-out>
<degree id="0"><in>1</in><out>0</out></degree>
<degree id="1"><in>2070</in><out>144</out></degree>
<degree id="2"><in>2408</in><out>2098</out></degree>
<degree id="3"><in>1251</in><out>5721</out></degree>
<degree id="4"><in>1058</in><out>0</out></degree>
<degree id="5"><in>764</in><out>0</out></degree>
<degree id="6"><in>176</in><out>0</out></degree>
<degree id="7"><in>171</in><out>0</out></degree>
<degree id="8"><in>24</in><out>0</out></degree>
<degree id="9"><in>33</in><out>0</out></degree>
<degree id="10"><in>7</in><out>0</out></degree>
</degrees>
<scc-info>
<count>19</count>
<height>6</height>
<nontrivial-height>5</nontrivial-height>
<trivial>8</trivial>
<terminal>1</terminal>
<largest>7597</largest>
<largest-position> the only terminal</largest-position>
</scc-info>
<dfs-info>
<stack-size id="39">0.489765</stack-size>
<stack-size id="78">0.97953</stack-size>
<stack-size id="117">1.4693</stack-size>
<stack-size id="156">1.95906</stack-size>
<stack-size id="195">2.44883</stack-size>
<stack-size id="234">2.85068</stack-size>
<stack-size id="273">3.34045</stack-size>
<stack-size id="312">3.81766</stack-size>
<stack-size id="351">4.28231</stack-size>
<stack-size id="390">4.77207</stack-size>
<stack-size id="429">5.26184</stack-size>
<stack-size id="468">5.72648</stack-size>
<stack-size id="507">6.21625</stack-size>
<stack-size id="546">6.63067</stack-size>
<stack-size id="585">7.08276</stack-size>
<stack-size id="624">7.44694</stack-size>
<stack-size id="663">7.77345</stack-size>
<stack-size id="702">8.26322</stack-size>
<stack-size id="741">8.69019</stack-size>
<stack-size id="780">9.17996</stack-size>
<stack-size id="819">9.58182</stack-size>
<stack-size id="858">9.77019</stack-size>
<stack-size id="897">10.0465</stack-size>
<stack-size id="936">10.3855</stack-size>
<stack-size id="975">10.8753</stack-size>
<stack-size id="1014">11.3274</stack-size>
<stack-size id="1053">11.7544</stack-size>
<stack-size id="1092">12.2316</stack-size>
<stack-size id="1131">12.6209</stack-size>
<stack-size id="1170">13.0981</stack-size>
<stack-size id="1209">13.5878</stack-size>
<stack-size id="1248">13.8013</stack-size>
<stack-size id="1287">13.8641</stack-size>
<stack-size id="1326">14.1655</stack-size>
<stack-size id="1365">14.153</stack-size>
<stack-size id="1404">14.2157</stack-size>
<stack-size id="1443">14.3664</stack-size>
<stack-size id="1482">14.4544</stack-size>
<stack-size id="1521">14.4418</stack-size>
<stack-size id="1560">14.7306</stack-size>
<stack-size id="1599">14.919</stack-size>
<stack-size id="1638">14.8813</stack-size>
<stack-size id="1677">15.3083</stack-size>
<stack-size id="1716">15.7855</stack-size>
<stack-size id="1755">16.1999</stack-size>
<stack-size id="1794">16.5516</stack-size>
<stack-size id="1833">16.9157</stack-size>
<stack-size id="1872">16.966</stack-size>
<stack-size id="1911">16.9534</stack-size>
<stack-size id="1950">17.192</stack-size>
<stack-size id="1989">17.5436</stack-size>
<stack-size id="2028">17.9706</stack-size>
<stack-size id="2067">18.3725</stack-size>
<stack-size id="2106">18.7367</stack-size>
<stack-size id="2145">19.2139</stack-size>
<stack-size id="2184">19.1887</stack-size>
<stack-size id="2223">19.2139</stack-size>
<stack-size id="2262">19.3143</stack-size>
<stack-size id="2301">19.3394</stack-size>
<stack-size id="2340">19.3143</stack-size>
<stack-size id="2379">19.4148</stack-size>
<stack-size id="2418">19.6408</stack-size>
<stack-size id="2457">20.0301</stack-size>
<stack-size id="2496">20.118</stack-size>
<stack-size id="2535">20.118</stack-size>
<stack-size id="2574">20.2436</stack-size>
<stack-size id="2613">20.2562</stack-size>
<stack-size id="2652">20.6455</stack-size>
<stack-size id="2691">20.9343</stack-size>
<stack-size id="2730">21.2357</stack-size>
<stack-size id="2769">21.5873</stack-size>
<stack-size id="2808">21.8887</stack-size>
<stack-size id="2847">22.1148</stack-size>
<stack-size id="2886">22.4162</stack-size>
<stack-size id="2925">22.8306</stack-size>
<stack-size id="2964">23.2827</stack-size>
<stack-size id="3003">23.1697</stack-size>
<stack-size id="3042">23.1822</stack-size>
<stack-size id="3081">23.5966</stack-size>
<stack-size id="3120">24.0738</stack-size>
<stack-size id="3159">24.1869</stack-size>
<stack-size id="3198">24.1366</stack-size>
<stack-size id="3237">24.099</stack-size>
<stack-size id="3276">24.4883</stack-size>
<stack-size id="3315">24.7143</stack-size>
<stack-size id="3354">24.8776</stack-size>
<stack-size id="3393">24.8399</stack-size>
<stack-size id="3432">24.5762</stack-size>
<stack-size id="3471">24.865</stack-size>
<stack-size id="3510">25.0408</stack-size>
<stack-size id="3549">25.405</stack-size>
<stack-size id="3588">25.3422</stack-size>
<stack-size id="3627">25.0659</stack-size>
<stack-size id="3666">24.9906</stack-size>
<stack-size id="3705">25.2543</stack-size>
<stack-size id="3744">25.6185</stack-size>
<stack-size id="3783">25.8194</stack-size>
<stack-size id="3822">26.058</stack-size>
<stack-size id="3861">25.6813</stack-size>
<stack-size id="3900">25.3799</stack-size>
<stack-size id="3939">25.6813</stack-size>
<stack-size id="3978">25.8194</stack-size>
<stack-size id="4017">25.7943</stack-size>
<stack-size id="4056">25.6938</stack-size>
<stack-size id="4095">26.0455</stack-size>
<stack-size id="4134">26.2087</stack-size>
<stack-size id="4173">26.5227</stack-size>
<stack-size id="4212">26.7738</stack-size>
<stack-size id="4251">26.7236</stack-size>
<stack-size id="4290">26.6734</stack-size>
<stack-size id="4329">26.0078</stack-size>
<stack-size id="4368">25.9701</stack-size>
<stack-size id="4407">25.9073</stack-size>
<stack-size id="4446">25.631</stack-size>
<stack-size id="4485">25.518</stack-size>
<stack-size id="4524">25.945</stack-size>
<stack-size id="4563">26.0957</stack-size>
<stack-size id="4602">25.8194</stack-size>
<stack-size id="4641">25.6185</stack-size>
<stack-size id="4680">25.7566</stack-size>
<stack-size id="4719">26.2338</stack-size>
<stack-size id="4758">26.3217</stack-size>
<stack-size id="4797">26.3217</stack-size>
<stack-size id="4836">25.7566</stack-size>
<stack-size id="4875">25.3924</stack-size>
<stack-size id="4914">25.7441</stack-size>
<stack-size id="4953">25.945</stack-size>
<stack-size id="4992">26.1836</stack-size>
<stack-size id="5031">25.8069</stack-size>
<stack-size id="5070">25.3924</stack-size>
<stack-size id="5109">25.2794</stack-size>
<stack-size id="5148">25.2794</stack-size>
<stack-size id="5187">25.2292</stack-size>
<stack-size id="5226">25.2669</stack-size>
<stack-size id="5265">25.4929</stack-size>
<stack-size id="5304">25.631</stack-size>
<stack-size id="5343">25.9073</stack-size>
<stack-size id="5382">25.5431</stack-size>
<stack-size id="5421">25.0283</stack-size>
<stack-size id="5460">24.865</stack-size>
<stack-size id="5499">24.6892</stack-size>
<stack-size id="5538">23.8729</stack-size>
<stack-size id="5577">24.099</stack-size>
<stack-size id="5616">24.1617</stack-size>
<stack-size id="5655">23.559</stack-size>
<stack-size id="5694">23.2701</stack-size>
<stack-size id="5733">23.1697</stack-size>
<stack-size id="5772">21.8259</stack-size>
<stack-size id="5811">21.2734</stack-size>
<stack-size id="5850">20.8464</stack-size>
<stack-size id="5889">20.6329</stack-size>
<stack-size id="5928">19.1511</stack-size>
<stack-size id="5967">19.1008</stack-size>
<stack-size id="6006">18.272</stack-size>
<stack-size id="6045">18.4101</stack-size>
<stack-size id="6084">18.0836</stack-size>
<stack-size id="6123">17.9957</stack-size>
<stack-size id="6162">17.6943</stack-size>
<stack-size id="6201">17.619</stack-size>
<stack-size id="6240">17.4557</stack-size>
<stack-size id="6279">17.2422</stack-size>
<stack-size id="6318">16.7274</stack-size>
<stack-size id="6357">17.0413</stack-size>
<stack-size id="6396">17.5185</stack-size>
<stack-size id="6435">17.5436</stack-size>
<stack-size id="6474">17.6064</stack-size>
<stack-size id="6513">16.8153</stack-size>
<stack-size id="6552">16.1371</stack-size>
<stack-size id="6591">16.1246</stack-size>
<stack-size id="6630">14.8437</stack-size>
<stack-size id="6669">13.4874</stack-size>
<stack-size id="6708">13.4497</stack-size>
<stack-size id="6747">11.2897</stack-size>
<stack-size id="6786">11.2772</stack-size>
<stack-size id="6825">10.2976</stack-size>
<stack-size id="6864">10.7874</stack-size>
<stack-size id="6903">11.026</stack-size>
<stack-size id="6942">10.6869</stack-size>
<stack-size id="6981">10.3855</stack-size>
<stack-size id="7020">9.36833</stack-size>
<stack-size id="7059">9.58182</stack-size>
<stack-size id="7098">9.54414</stack-size>
<stack-size id="7137">9.07949</stack-size>
<stack-size id="7176">8.57717</stack-size>
<stack-size id="7215">8.51438</stack-size>
<stack-size id="7254">7.6981</stack-size>
<stack-size id="7293">5.63858</stack-size>
<stack-size id="7332">5.32463</stack-size>
<stack-size id="7371">5.2116</stack-size>
<stack-size id="7410">5.01067</stack-size>
<stack-size id="7449">4.01859</stack-size>
<stack-size id="7488">4.00603</stack-size>
<stack-size id="7527">2.78789</stack-size>
<stack-size id="7566">1.75813</stack-size>
<stack-size id="7605">0.100465</stack-size>
<stack-size id="7644">0.577672</stack-size>
<stack-size id="7683">0.778601</stack-size>
<stack-size id="7722">0.816275</stack-size>
<stack-size id="7761">0.627904</stack-size>
<stack-size id="7800">0.251162</stack-size>
<stack-size id="7839">0.728369</stack-size>
<stack-size id="7878">0.665578</stack-size>
<stack-size id="7917">0.816275</stack-size>
<stack-size id="7956">0.0879066</stack-size>
<max-stack>2137</max-stack>
<front-edges>7962</front-edges>
<back-edges>3562</back-edges>
<cross-edges>9979</cross-edges>
<shortest-cycle>5</shortest-cycle>
</dfs-info>
<rw-info>
<coverage step="780">5.62602</coverage>
<coverage step="1560">8.43903</coverage>
<coverage step="2340">10.3604</coverage>
<coverage step="3120">12.3697</coverage>
<coverage step="3900">13.8013</coverage>
<coverage step="4680">14.8562</coverage>
<coverage step="5460">15.4464</coverage>
<coverage step="6240">16.4009</coverage>
<coverage step="7020">17.2674</coverage>
<coverage step="7800">18.2469</coverage>
<coverage step="8580">18.7241</coverage>
<coverage step="9360">19.3143</coverage>
<coverage step="10140">19.7162</coverage>
<coverage step="10920">19.9799</coverage>
<coverage step="11700">20.7962</coverage>
<coverage step="12480">21.2483</coverage>
<coverage step="13260">21.7506</coverage>
<coverage step="14040">22.1399</coverage>
<coverage step="14820">22.4036</coverage>
<coverage step="15600">23.1571</coverage>
<coverage step="16380">23.7599</coverage>
<coverage step="17160">24.1115</coverage>
<coverage step="17940">24.5385</coverage>
<coverage step="18720">24.6892</coverage>
<coverage step="19500">24.9655</coverage>
<coverage step="20280">25.2292</coverage>
<coverage step="21060">25.405</coverage>
<coverage step="21840">26.0078</coverage>
<coverage step="22620">26.3594</coverage>
<coverage step="23400">26.5729</coverage>
<coverage step="24180">26.912</coverage>
<coverage step="24960">27.2385</coverage>
<coverage step="25740">27.678</coverage>
<coverage step="26520">28.1301</coverage>
<coverage step="27300">28.532</coverage>
<coverage step="28080">28.7831</coverage>
<coverage step="28860">29.1724</coverage>
<coverage step="29640">29.524</coverage>
<coverage step="30420">29.7124</coverage>
<coverage step="31200">29.8882</coverage>
<coverage step="31980">30.1268</coverage>
<coverage step="32760">30.2022</coverage>
<coverage step="33540">30.3026</coverage>
<coverage step="34320">30.5287</coverage>
<coverage step="35100">30.7171</coverage>
<coverage step="35880">30.9557</coverage>
<coverage step="36660">31.2947</coverage>
<coverage step="37440">31.3701</coverage>
<coverage step="38220">31.6966</coverage>
<coverage step="39000">31.7343</coverage>
<coverage step="39780">32.1864</coverage>
<coverage step="40560">32.3496</coverage>
<coverage step="41340">32.538</coverage>
<coverage step="42120">32.6133</coverage>
<coverage step="42900">32.6636</coverage>
<coverage step="43680">32.965</coverage>
<coverage step="44460">33.1533</coverage>
<coverage step="45240">33.2538</coverage>
<coverage step="46020">33.2789</coverage>
<coverage step="46800">33.3166</coverage>
<coverage step="47580">33.4296</coverage>
<coverage step="48360">33.5552</coverage>
<coverage step="49140">33.6933</coverage>
<coverage step="49920">33.7938</coverage>
<coverage step="50700">33.9445</coverage>
<coverage step="51480">34.0198</coverage>
<coverage step="52260">34.0198</coverage>
<coverage step="53040">34.2459</coverage>
<coverage step="53820">34.4594</coverage>
<coverage step="54600">34.6101</coverage>
<coverage step="55380">34.698</coverage>
<coverage step="56160">34.8989</coverage>
<coverage step="56940">35.0622</coverage>
<coverage step="57720">35.3384</coverage>
<coverage step="58500">35.3887</coverage>
<coverage step="59280">35.4766</coverage>
<coverage step="60060">35.5394</coverage>
<coverage step="60840">35.5519</coverage>
<coverage step="61620">35.6273</coverage>
<coverage step="62400">35.6273</coverage>
<coverage step="63180">35.7277</coverage>
<coverage step="63960">35.7654</coverage>
<coverage step="64740">35.8408</coverage>
<coverage step="65520">35.8659</coverage>
<coverage step="66300">36.2426</coverage>
<coverage step="67080">36.4184</coverage>
<coverage step="67860">36.5189</coverage>
<coverage step="68640">36.5691</coverage>
<coverage step="69420">36.7198</coverage>
<coverage step="70200">36.8077</coverage>
<coverage step="70980">36.8454</coverage>
<coverage step="71760">36.9835</coverage>
<coverage step="72540">37.0212</coverage>
<coverage step="73320">37.2347</coverage>
<coverage step="74100">37.2473</coverage>
<coverage step="74880">37.2598</coverage>
<coverage step="75660">37.2849</coverage>
<coverage step="76440">37.3603</coverage>
<coverage step="77220">37.4984</coverage>
<coverage step="78000">37.5612</coverage>
<coverage step="78780">37.6115</coverage>
<coverage step="79560">37.737</coverage>
<rw-visits order="1">629</rw-visits>
<rw-visits order="15">440</rw-visits>
<rw-visits order="29">375</rw-visits>
<rw-visits order="43">338</rw-visits>
<rw-visits order="57">301</rw-visits>
<rw-visits order="71">269</rw-visits>
<rw-visits order="85">221</rw-visits>
<rw-visits order="99">195</rw-visits>
<rw-visits order="113">160</rw-visits>
<rw-visits order="127">144</rw-visits>
<rw-visits order="141">133</rw-visits>
<rw-visits order="155">125</rw-visits>
<rw-visits order="169">116</rw-visits>
<rw-visits order="183">111</rw-visits>
<rw-visits order="197">104</rw-visits>
<rw-visits order="211">97</rw-visits>
<rw-visits order="225">91</rw-visits>
<rw-visits order="239">86</rw-visits>
<rw-visits order="253">81</rw-visits>
<rw-visits order="267">75</rw-visits>
<rw-visits order="281">71</rw-visits>
<rw-visits order="295">66</rw-visits>
<rw-visits order="309">64</rw-visits>
<rw-visits order="323">60</rw-visits>
<rw-visits order="337">56</rw-visits>
<rw-visits order="351">53</rw-visits>
<rw-visits order="365">51</rw-visits>
<rw-visits order="379">49</rw-visits>
<rw-visits order="393">46</rw-visits>
<rw-visits order="407">45</rw-visits>
<rw-visits order="421">43</rw-visits>
<rw-visits order="435">41</rw-visits>
<rw-visits order="449">38</rw-visits>
<rw-visits order="463">37</rw-visits>
<rw-visits order="477">35</rw-visits>
<rw-visits order="491">34</rw-visits>
<rw-visits order="505">33</rw-visits>
<rw-visits order="519">32</rw-visits>
<rw-visits order="533">30</rw-visits>
<rw-visits order="547">29</rw-visits>
<rw-visits order="561">27</rw-visits>
<rw-visits order="575">26</rw-visits>
<rw-visits order="589">25</rw-visits>
<rw-visits order="603">24</rw-visits>
<rw-visits order="617">24</rw-visits>
<rw-visits order="631">23</rw-visits>
<rw-visits order="645">22</rw-visits>
<rw-visits order="659">21</rw-visits>
<rw-visits order="673">20</rw-visits>
<rw-visits order="687">20</rw-visits>
<rw-visits order="701">19</rw-visits>
<rw-visits order="715">19</rw-visits>
<rw-visits order="729">18</rw-visits>
<rw-visits order="743">17</rw-visits>
<rw-visits order="757">17</rw-visits>
<rw-visits order="771">16</rw-visits>
<rw-visits order="785">16</rw-visits>
<rw-visits order="799">16</rw-visits>
<rw-visits order="813">15</rw-visits>
<rw-visits order="827">14</rw-visits>
<rw-visits order="841">14</rw-visits>
<rw-visits order="855">14</rw-visits>
<rw-visits order="869">13</rw-visits>
<rw-visits order="883">13</rw-visits>
<rw-visits order="897">13</rw-visits>
<rw-visits order="911">12</rw-visits>
<rw-visits order="925">12</rw-visits>
<rw-visits order="939">11</rw-visits>
<rw-visits order="953">11</rw-visits>
<rw-visits order="967">11</rw-visits>
<rw-visits order="981">11</rw-visits>
<rw-visits order="995">10</rw-visits>
<rw-visits order="1009">10</rw-visits>
<rw-visits order="1023">10</rw-visits>
<rw-visits order="1037">10</rw-visits>
<rw-visits order="1051">9</rw-visits>
<rw-visits order="1065">9</rw-visits>
<rw-visits order="1079">9</rw-visits>
<rw-visits order="1093">9</rw-visits>
<rw-visits order="1107">9</rw-visits>
<rw-visits order="1121">8</rw-visits>
<rw-visits order="1135">8</rw-visits>
<rw-visits order="1149">8</rw-visits>
<rw-visits order="1163">8</rw-visits>
<rw-visits order="1177">8</rw-visits>
<rw-visits order="1191">7</rw-visits>
<rw-visits order="1205">7</rw-visits>
<rw-visits order="1219">7</rw-visits>
<rw-visits order="1233">7</rw-visits>
<rw-visits order="1247">7</rw-visits>
<rw-visits order="1261">7</rw-visits>
<rw-visits order="1275">7</rw-visits>
<rw-visits order="1289">6</rw-visits>
<rw-visits order="1303">6</rw-visits>
<rw-visits order="1317">6</rw-visits>
<rw-visits order="1331">6</rw-visits>
<rw-visits order="1345">6</rw-visits>
<rw-visits order="1359">6</rw-visits>
<rw-visits order="1373">6</rw-visits>
<rw-visits order="1387">6</rw-visits>
<rw-visits order="1401">5</rw-visits>
<rw-visits order="1415">5</rw-visits>
<rw-visits order="1429">5</rw-visits>
<rw-visits order="1443">5</rw-visits>
<rw-visits order="1457">5</rw-visits>
<rw-visits order="1471">5</rw-visits>
<rw-visits order="1485">5</rw-visits>
<rw-visits order="1499">5</rw-visits>
<rw-visits order="1513">5</rw-visits>
<rw-visits order="1527">5</rw-visits>
<rw-visits order="1541">5</rw-visits>
<rw-visits order="1555">4</rw-visits>
<rw-visits order="1569">4</rw-visits>
<rw-visits order="1583">4</rw-visits>
<rw-visits order="1597">4</rw-visits>
<rw-visits order="1611">4</rw-visits>
<rw-visits order="1625">4</rw-visits>
<rw-visits order="1639">4</rw-visits>
<rw-visits order="1653">4</rw-visits>
<rw-visits order="1667">4</rw-visits>
<rw-visits order="1681">4</rw-visits>
<rw-visits order="1695">4</rw-visits>
<rw-visits order="1709">3</rw-visits>
<rw-visits order="1723">3</rw-visits>
<rw-visits order="1737">3</rw-visits>
<rw-visits order="1751">3</rw-visits>
<rw-visits order="1765">3</rw-visits>
<rw-visits order="1779">3</rw-visits>
<rw-visits order="1793">3</rw-visits>
<rw-visits order="1807">3</rw-visits>
<rw-visits order="1821">3</rw-visits>
<rw-visits order="1835">3</rw-visits>
<rw-visits order="1849">3</rw-visits>
<rw-visits order="1863">3</rw-visits>
<rw-visits order="1877">3</rw-visits>
<rw-visits order="1891">3</rw-visits>
<rw-visits order="1905">3</rw-visits>
<rw-visits order="1919">3</rw-visits>
<rw-visits order="1933">3</rw-visits>
<rw-visits order="1947">3</rw-visits>
<rw-visits order="1961">3</rw-visits>
<rw-visits order="1975">2</rw-visits>
<rw-visits order="1989">2</rw-visits>
<rw-visits order="2003">2</rw-visits>
<rw-visits order="2017">2</rw-visits>
<rw-visits order="2031">2</rw-visits>
<rw-visits order="2045">2</rw-visits>
<rw-visits order="2059">2</rw-visits>
<rw-visits order="2073">2</rw-visits>
<rw-visits order="2087">2</rw-visits>
<rw-visits order="2101">2</rw-visits>
<rw-visits order="2115">2</rw-visits>
<rw-visits order="2129">2</rw-visits>
<rw-visits order="2143">2</rw-visits>
<rw-visits order="2157">2</rw-visits>
<rw-visits order="2171">2</rw-visits>
<rw-visits order="2185">2</rw-visits>
<rw-visits order="2199">2</rw-visits>
<rw-visits order="2213">2</rw-visits>
<rw-visits order="2227">2</rw-visits>
<rw-visits order="2241">2</rw-visits>
<rw-visits order="2255">2</rw-visits>
<rw-visits order="2269">2</rw-visits>
<rw-visits order="2283">2</rw-visits>
<rw-visits order="2297">2</rw-visits>
<rw-visits order="2311">2</rw-visits>
<rw-visits order="2325">2</rw-visits>
<rw-visits order="2339">1</rw-visits>
<rw-visits order="2353">1</rw-visits>
<rw-visits order="2367">1</rw-visits>
<rw-visits order="2381">1</rw-visits>
<rw-visits order="2395">1</rw-visits>
<rw-visits order="2409">1</rw-visits>
<rw-visits order="2423">1</rw-visits>
<rw-visits order="2437">1</rw-visits>
<rw-visits order="2451">1</rw-visits>
<rw-visits order="2465">1</rw-visits>
<rw-visits order="2479">1</rw-visits>
<rw-visits order="2493">1</rw-visits>
<rw-visits order="2507">1</rw-visits>
<rw-visits order="2521">1</rw-visits>
<rw-visits order="2535">1</rw-visits>
<rw-visits order="2549">1</rw-visits>
<rw-visits order="2563">1</rw-visits>
<rw-visits order="2577">1</rw-visits>
<rw-visits order="2591">1</rw-visits>
<rw-visits order="2605">1</rw-visits>
<rw-visits order="2619">1</rw-visits>
<rw-visits order="2633">1</rw-visits>
<rw-visits order="2647">1</rw-visits>
<rw-visits order="2661">1</rw-visits>
<rw-visits order="2675">1</rw-visits>
<rw-visits order="2689">1</rw-visits>
<rw-visits order="2703">1</rw-visits>
<rw-visits order="2717">1</rw-visits>
<rw-visits order="2731">1</rw-visits>
<rw-visits order="2745">1</rw-visits>
<rw-visits order="2759">1</rw-visits>
<rw-visits order="2773">1</rw-visits>
<rw-visits order="2787">1</rw-visits>
<rw-visits order="2801">1</rw-visits>
<rw-visits order="2815">1</rw-visits>
<rw-visits order="2829">1</rw-visits>
<rw-visits order="2843">1</rw-visits>
<rw-visits order="2857">1</rw-visits>
<rw-visits order="2871">1</rw-visits>
<rw-visits order="2885">1</rw-visits>
<rw-visits order="2899">1</rw-visits>
<rw-visits order="2913">1</rw-visits>
<rw-visits order="2927">1</rw-visits>
<rw-visits order="2941">1</rw-visits>
<rw-visits order="2955">1</rw-visits>
<rw-visits order="2969">1</rw-visits>
<rw-visits order="2983">1</rw-visits>
<rw-visits order="2997">1</rw-visits>
<final-coverage>37.7496</final-coverage>
</rw-info>
<local-info>
<diamonds>96.3958</diamonds>
<neighborhood k="4">31</neighborhood>
<clustering k="4">1.56655</clustering>
</local-info>
<label-info>
<edge-label id="0.0">2606</edge-label>
<edge-label id="0.1">1340</edge-label>
<edge-label id="0.10">336</edge-label>
<edge-label id="0.11">84</edge-label>
<edge-label id="0.12">84</edge-label>
<edge-label id="0.2">259</edge-label>
<edge-label id="0.3">438</edge-label>
<edge-label id="0.4">438</edge-label>
<edge-label id="0.5">438</edge-label>
<edge-label id="0.6">328</edge-label>
<edge-label id="0.7">503</edge-label>
<edge-label id="0.8">84</edge-label>
<edge-label id="0.9">251</edge-label>
<edge-label id="1.0">2515</edge-label>
<edge-label id="1.1">1223</edge-label>
<edge-label id="1.10">352</edge-label>
<edge-label id="1.11">88</edge-label>
<edge-label id="1.12">88</edge-label>
<edge-label id="1.2">283</edge-label>
<edge-label id="1.3">454</edge-label>
<edge-label id="1.4">454</edge-label>
<edge-label id="1.5">454</edge-label>
<edge-label id="1.6">344</edge-label>
<edge-label id="1.7">539</edge-label>
<edge-label id="1.8">88</edge-label>
<edge-label id="1.9">275</edge-label>
<edge-label id="2.0">2515</edge-label>
<edge-label id="2.1">1223</edge-label>
<edge-label id="2.10">352</edge-label>
<edge-label id="2.11">88</edge-label>
<edge-label id="2.12">88</edge-label>
<edge-label id="2.2">283</edge-label>
<edge-label id="2.3">454</edge-label>
<edge-label id="2.4">454</edge-label>
<edge-label id="2.5">454</edge-label>
<edge-label id="2.6">344</edge-label>
<edge-label id="2.7">539</edge-label>
<edge-label id="2.8">88</edge-label>
<edge-label id="2.9">275</edge-label>
<state-labels procid="0">
<label id="[{1|255|0},{0|0|0},1]">54</label>
<label id="[{1|255|0},{0|0|0},255]">36</label>
<label id="[{1|255|0},{0|1|0},1]">45</label>
<label id="[{1|255|0},{1|1|0},1]">15</label>
<label id="[{1|255|1},{0|0|0},1]">60</label>
<label id="[{1|255|1},{0|0|0},255]">40</label>
<label id="[{1|255|1},{0|1|0},1]">60</label>
<label id="[{1|255|255},{0|0|0},1]">162</label>
<label id="[{1|255|255},{0|0|0},255]">88</label>
<label id="[{1|255|255},{0|0|0},2]">153</label>
<label id="[{1|255|255},{0|0|1},2]">36</label>
<label id="[{1|255|255},{0|1|0},1]">123</label>
<label id="[{1|255|255},{0|1|0},2]">30</label>
<label id="[{1|255|255},{0|1|1},2]">15</label>
<label id="[{1|255|255},{1|1|0},1]">12</label>
<label id="[{1|2|255},{0|0|0},255]">36</label>
<label id="[{1|2|255},{0|0|0},2]">54</label>
<label id="[{1|2|255},{0|0|1},2]">45</label>
<label id="[{1|2|255},{0|1|1},2]">15</label>
<label id="[{255|0|0},{0|0|0},0]">60</label>
<label id="[{255|0|0},{0|0|0},255]">40</label>
<label id="[{255|0|0},{1|0|0},0]">60</label>
<label id="[{255|0|1},{0|0|0},0]">54</label>
<label id="[{255|0|1},{0|0|0},255]">36</label>
<label id="[{255|0|1},{1|0|0},0]">45</label>
<label id="[{255|0|1},{1|1|0},0]">15</label>
<label id="[{255|0|255},{0|0|0},0]">162</label>
<label id="[{255|0|255},{0|0|0},255]">88</label>
<label id="[{255|0|255},{0|0|0},2]">153</label>
<label id="[{255|0|255},{0|0|1},2]">36</label>
<label id="[{255|0|255},{1|0|0},0]">123</label>
<label id="[{255|0|255},{1|0|0},2]">30</label>
<label id="[{255|0|255},{1|0|1},2]">15</label>
<label id="[{255|0|255},{1|1|0},0]">12</label>
<label id="[{255|255|0},{0|0|0},0]">162</label>
<label id="[{255|255|0},{0|0|0},1]">153</label>
<label id="[{255|255|0},{0|0|0},255]">88</label>
<label id="[{255|255|0},{0|1|0},1]">36</label>
<label id="[{255|255|0},{1|0|0},0]">123</label>
<label id="[{255|255|0},{1|0|0},1]">30</label>
<label id="[{255|255|0},{1|0|1},0]">12</label>
<label id="[{255|255|0},{1|1|0},1]">15</label>
<label id="[{255|255|1},{0|0|0},0]">153</label>
<label id="[{255|255|1},{0|0|0},1]">186</label>
<label id="[{255|255|1},{0|0|0},255]">104</label>
<label id="[{255|255|1},{0|1|0},0]">30</label>
<label id="[{255|255|1},{0|1|0},1]">143</label>
<label id="[{255|255|1},{0|1|1},1]">12</label>
<label id="[{255|255|1},{1|0|0},0]">36</label>
<label id="[{255|255|1},{1|1|0},0]">15</label>
<label id="[{255|255|255},{0|0|0},0]">531</label>
<label id="[{255|255|255},{0|0|0},1]">611</label>
<label id="[{255|255|255},{0|0|0},255]">244</label>
<label id="[{255|255|255},{0|0|0},2]">611</label>
<label id="[{255|255|255},{0|0|1},0]">24</label>
<label id="[{255|255|255},{0|0|1},1]">24</label>
<label id="[{255|255|255},{0|0|1},2]">184</label>
<label id="[{255|255|255},{0|1|0},0]">24</label>
<label id="[{255|255|255},{0|1|0},1]">184</label>
<label id="[{255|255|255},{0|1|0},2]">24</label>
<label id="[{255|255|255},{0|1|1},1]">12</label>
<label id="[{255|255|255},{0|1|1},2]">12</label>
<label id="[{255|255|255},{1|0|0},0]">168</label>
<label id="[{255|255|255},{1|0|0},1]">24</label>
<label id="[{255|255|255},{1|0|0},2]">24</label>
<label id="[{255|255|255},{1|0|1},0]">12</label>
<label id="[{255|255|255},{1|0|1},2]">12</label>
<label id="[{255|255|255},{1|1|0},0]">12</label>
<label id="[{255|255|255},{1|1|0},1]">12</label>
<label id="[{255|2|0},{0|0|0},0]">54</label>
<label id="[{255|2|0},{0|0|0},255]">36</label>
<label id="[{255|2|0},{1|0|0},0]">45</label>
<label id="[{255|2|0},{1|0|1},0]">15</label>
<label id="[{255|2|255},{0|0|0},0]">153</label>
<label id="[{255|2|255},{0|0|0},255]">104</label>
<label id="[{255|2|255},{0|0|0},2]">186</label>
<label id="[{255|2|255},{0|0|1},0]">30</label>
<label id="[{255|2|255},{0|0|1},2]">143</label>
<label id="[{255|2|255},{0|1|1},2]">12</label>
<label id="[{255|2|255},{1|0|0},0]">36</label>
<label id="[{255|2|255},{1|0|1},0]">15</label>
<label id="[{2|0|255},{0|0|0},255]">36</label>
<label id="[{2|0|255},{0|0|0},2]">54</label>
<label id="[{2|0|255},{0|0|1},2]">45</label>
<label id="[{2|0|255},{1|0|1},2]">15</label>
<label id="[{2|255|1},{0|0|0},1]">54</label>
<label id="[{2|255|1},{0|0|0},255]">36</label>
<label id="[{2|255|1},{0|1|0},1]">45</label>
<label id="[{2|255|1},{0|1|1},1]">15</label>
<label id="[{2|255|255},{0|0|0},1]">153</label>
<label id="[{2|255|255},{0|0|0},255]">88</label>
<label id="[{2|255|255},{0|0|0},2]">162</label>
<label id="[{2|255|255},{0|0|1},1]">30</label>
<label id="[{2|255|255},{0|0|1},2]">123</label>
<label id="[{2|255|255},{0|1|0},1]">36</label>
<label id="[{2|255|255},{0|1|1},1]">15</label>
<label id="[{2|255|255},{1|0|1},2]">12</label>
<label id="[{2|2|255},{0|0|0},255]">40</label>
<label id="[{2|2|255},{0|0|0},2]">60</label>
<label id="[{2|2|255},{0|0|1},2]">60</label>
</state-labels><state-labels procid="1">
<label id="[0,0]">183</label>
<label id="[0,1]">779</label>
<label id="[0,255]">865</label>
<label id="[0,2]">779</label>
<label id="[1,0]">183</label>
<label id="[1,1]">372</label>
<label id="[1,255]">413</label>
<label id="[1,2]">372</label>
<label id="[2,1]">219</label>
<label id="[2,255]">259</label>
<label id="[2,2]">219</label>
<label id="[3,1]">219</label>
<label id="[3,2]">219</label>
<label id="[4,1]">219</label>
<label id="[4,2]">219</label>
<label id="[5,1]">425</label>
<label id="[5,2]">425</label>
<label id="[6,1]">164</label>
<label id="[6,255]">259</label>
<label id="[6,2]">164</label>
<label id="[7,1]">164</label>
<label id="[7,255]">259</label>
<label id="[7,2]">164</label>
<label id="[8,1]">26</label>
<label id="[8,255]">32</label>
<label id="[8,2]">26</label>
<label id="[9,1]">104</label>
<label id="[9,255]">128</label>
<label id="[9,2]">104</label>
</state-labels><state-labels procid="2">
<label id="[0,0]">793</label>
<label id="[0,255]">907</label>
<label id="[0,2]">815</label>
<label id="[1,0]">386</label>
<label id="[1,255]">441</label>
<label id="[1,2]">396</label>
<label id="[2,0]">219</label>
<label id="[2,255]">283</label>
<label id="[2,2]">235</label>
<label id="[3,0]">219</label>
<label id="[3,2]">235</label>
<label id="[4,0]">219</label>
<label id="[4,2]">235</label>
<label id="[5,0]">425</label>
<label id="[5,2]">461</label>
<label id="[6,0]">164</label>
<label id="[6,255]">283</label>
<label id="[6,2]">180</label>
<label id="[7,0]">164</label>
<label id="[7,255]">283</label>
<label id="[7,2]">180</label>
<label id="[8,0]">26</label>
<label id="[8,255]">34</label>
<label id="[8,2]">28</label>
<label id="[9,0]">104</label>
<label id="[9,255]">136</label>
<label id="[9,2]">112</label>
</state-labels><state-labels procid="3">
<label id="[0,0]">793</label>
<label id="[0,1]">815</label>
<label id="[0,255]">907</label>
<label id="[1,0]">386</label>
<label id="[1,1]">396</label>
<label id="[1,255]">441</label>
<label id="[2,0]">219</label>
<label id="[2,1]">235</label>
<label id="[2,255]">283</label>
<label id="[3,0]">219</label>
<label id="[3,1]">235</label>
<label id="[4,0]">219</label>
<label id="[4,1]">235</label>
<label id="[5,0]">425</label>
<label id="[5,1]">461</label>
<label id="[6,0]">164</label>
<label id="[6,1]">180</label>
<label id="[6,255]">283</label>
<label id="[7,0]">164</label>
<label id="[7,1]">180</label>
<label id="[7,255]">283</label>
<label id="[8,0]">26</label>
<label id="[8,1]">28</label>
<label id="[8,255]">34</label>
<label id="[9,0]">104</label>
<label id="[9,1]">112</label>
<label id="[9,255]">136</label>
</state-labels></label-info>
</state-space-info>
