<?xml version="1.0"?>
<!DOCTYPE state-space-info SYSTEM "../../state_space_info.dtd">


<state-space-info>
<states>1408</states>
<edges>3222</edges>
<bfs-info>
 <levels>22</levels>
<max-level>141</max-level>

<back-level-edges>306</back-level-edges>
<max-back-level-edge>4</max-back-level-edge>
<avg-back-level-edge>3.52941</avg-back-level-edge>
<bfs-levels>
<level id="0"><states>1</states><edges>3</edges></level>
<level id="1"><states>3</states><edges>9</edges></level>
<level id="2"><states>6</states><edges>18</edges></level>
<level id="3"><states>10</states><edges>30</edges></level>
<level id="4"><states>18</states><edges>54</edges></level>
<level id="5"><states>30</states><edges>90</edges></level>
<level id="6"><states>48</states><edges>144</edges></level>
<level id="7"><states>75</states><edges>213</edges></level>
<level id="8"><states>99</states><edges>273</edges></level>
<level id="9"><states>126</states><edges>330</edges></level>
<level id="10"><states>141</states><edges>357</edges></level>
<level id="11"><states>141</states><edges>345</edges></level>
<level id="12"><states>138</states><edges>312</edges></level>
<level id="13"><states>120</states><edges>258</edges></level>
<level id="14"><states>108</states><edges>216</edges></level>
<level id="15"><states>94</states><edges>180</edges></level>
<level id="16"><states>72</states><edges>138</edges></level>
<level id="17"><states>63</states><edges>105</edges></level>
<level id="18"><states>49</states><edges>75</edges></level>
<level id="19"><states>36</states><edges>48</edges></level>
<level id="20"><states>24</states><edges>18</edges></level>
<level id="21"><states>6</states><edges>6</edges></level>
</bfs-levels>
<back-level-length id="0">0</back-level-length>
<back-level-length id="1">15.6863</back-level-length>
<back-level-length id="2">0</back-level-length>
<back-level-length id="3">0</back-level-length>
<back-level-length id="4">84.3137</back-level-length>
</bfs-info>
<degrees>
<avg>2.28835</avg>
<max-in>4</max-in>
<max-out>3</max-out>
<degree id="0"><in>1</in><out>12</out></degree>
<degree id="1"><in>225</in><out>156</out></degree>
<degree id="2"><in>639</in><out>654</out></degree>
<degree id="3"><in>453</in><out>586</out></degree>
<degree id="4"><in>90</in><out>0</out></degree>
</degrees>
<scc-info>
<count>1227</count>
<height>25</height>
<nontrivial-height>6</nontrivial-height>
<trivial>1208</trivial>
<terminal>12</terminal>
<largest>44</largest>
<largest-position> </largest-position>
</scc-info>
<dfs-info>
<stack-size id="7">0.497159</stack-size>
<stack-size id="14">0.994318</stack-size>
<stack-size id="21">1.49148</stack-size>
<stack-size id="28">1.98864</stack-size>
<stack-size id="35">2.05966</stack-size>
<stack-size id="42">1.70455</stack-size>
<stack-size id="49">1.77557</stack-size>
<stack-size id="56">1.98864</stack-size>
<stack-size id="63">1.91761</stack-size>
<stack-size id="70">1.70455</stack-size>
<stack-size id="77">1.77557</stack-size>
<stack-size id="84">1.42045</stack-size>
<stack-size id="91">1.49148</stack-size>
<stack-size id="98">1.5625</stack-size>
<stack-size id="105">1.63352</stack-size>
<stack-size id="112">1.70455</stack-size>
<stack-size id="119">1.34943</stack-size>
<stack-size id="126">1.42045</stack-size>
<stack-size id="133">1.49148</stack-size>
<stack-size id="140">1.5625</stack-size>
<stack-size id="147">1.20739</stack-size>
<stack-size id="154">1.27841</stack-size>
<stack-size id="161">1.34943</stack-size>
<stack-size id="168">1.42045</stack-size>
<stack-size id="175">1.49148</stack-size>
<stack-size id="182">1.98864</stack-size>
<stack-size id="189">2.4858</stack-size>
<stack-size id="196">2.98295</stack-size>
<stack-size id="203">2.62784</stack-size>
<stack-size id="210">2.69886</stack-size>
<stack-size id="217">2.76989</stack-size>
<stack-size id="224">2.98295</stack-size>
<stack-size id="231">2.62784</stack-size>
<stack-size id="238">2.69886</stack-size>
<stack-size id="245">2.34375</stack-size>
<stack-size id="252">2.41477</stack-size>
<stack-size id="259">2.05966</stack-size>
<stack-size id="266">2.13068</stack-size>
<stack-size id="273">2.2017</stack-size>
<stack-size id="280">2.27273</stack-size>
<stack-size id="287">1.91761</stack-size>
<stack-size id="294">2.41477</stack-size>
<stack-size id="301">2.55682</stack-size>
<stack-size id="308">2.34375</stack-size>
<stack-size id="315">2.4858</stack-size>
<stack-size id="322">2.98295</stack-size>
<stack-size id="329">2.69886</stack-size>
<stack-size id="336">3.19602</stack-size>
<stack-size id="343">2.91193</stack-size>
<stack-size id="350">2.62784</stack-size>
<stack-size id="357">3.125</stack-size>
<stack-size id="364">2.84091</stack-size>
<stack-size id="371">3.33807</stack-size>
<stack-size id="378">3.125</stack-size>
<stack-size id="385">2.41477</stack-size>
<stack-size id="392">2.62784</stack-size>
<stack-size id="399">2.55682</stack-size>
<stack-size id="406">2.4858</stack-size>
<stack-size id="413">2.69886</stack-size>
<stack-size id="420">2.34375</stack-size>
<stack-size id="427">2.4858</stack-size>
<stack-size id="434">2.62784</stack-size>
<stack-size id="441">2.41477</stack-size>
<stack-size id="448">2.55682</stack-size>
<stack-size id="455">2.4858</stack-size>
<stack-size id="462">2.41477</stack-size>
<stack-size id="469">2.55682</stack-size>
<stack-size id="476">3.05398</stack-size>
<stack-size id="483">3.55114</stack-size>
<stack-size id="490">3.40909</stack-size>
<stack-size id="497">3.90625</stack-size>
<stack-size id="504">3.7642</stack-size>
<stack-size id="511">3.62216</stack-size>
<stack-size id="518">3.48011</stack-size>
<stack-size id="525">3.97727</stack-size>
<stack-size id="532">3.62216</stack-size>
<stack-size id="539">3.19602</stack-size>
<stack-size id="546">3.05398</stack-size>
<stack-size id="553">3.55114</stack-size>
<stack-size id="560">3.48011</stack-size>
<stack-size id="567">3.26705</stack-size>
<stack-size id="574">3.33807</stack-size>
<stack-size id="581">2.98295</stack-size>
<stack-size id="588">3.48011</stack-size>
<stack-size id="595">3.125</stack-size>
<stack-size id="602">3.05398</stack-size>
<stack-size id="609">3.26705</stack-size>
<stack-size id="616">3.19602</stack-size>
<stack-size id="623">3.125</stack-size>
<stack-size id="630">3.05398</stack-size>
<stack-size id="637">3.55114</stack-size>
<stack-size id="644">3.40909</stack-size>
<stack-size id="651">3.48011</stack-size>
<stack-size id="658">3.40909</stack-size>
<stack-size id="665">3.90625</stack-size>
<stack-size id="672">3.33807</stack-size>
<stack-size id="679">3.26705</stack-size>
<stack-size id="686">3.7642</stack-size>
<stack-size id="693">3.19602</stack-size>
<stack-size id="700">3.125</stack-size>
<stack-size id="707">3.62216</stack-size>
<stack-size id="714">3.33807</stack-size>
<stack-size id="721">2.98295</stack-size>
<stack-size id="728">3.48011</stack-size>
<stack-size id="735">3.97727</stack-size>
<stack-size id="742">3.62216</stack-size>
<stack-size id="749">3.19602</stack-size>
<stack-size id="756">2.98295</stack-size>
<stack-size id="763">3.19602</stack-size>
<stack-size id="770">3.69318</stack-size>
<stack-size id="777">4.19034</stack-size>
<stack-size id="784">4.11932</stack-size>
<stack-size id="791">3.90625</stack-size>
<stack-size id="798">3.83523</stack-size>
<stack-size id="805">3.7642</stack-size>
<stack-size id="812">3.69318</stack-size>
<stack-size id="819">3.90625</stack-size>
<stack-size id="826">4.40341</stack-size>
<stack-size id="833">4.90057</stack-size>
<stack-size id="840">5.39773</stack-size>
<stack-size id="847">4.82955</stack-size>
<stack-size id="854">4.61648</stack-size>
<stack-size id="861">5.11364</stack-size>
<stack-size id="868">5.6108</stack-size>
<stack-size id="875">5.3267</stack-size>
<stack-size id="882">5.53977</stack-size>
<stack-size id="889">5.25568</stack-size>
<stack-size id="896">5.46875</stack-size>
<stack-size id="903">5.18466</stack-size>
<stack-size id="910">5.39773</stack-size>
<stack-size id="917">5.11364</stack-size>
<stack-size id="924">5.3267</stack-size>
<stack-size id="931">5.82386</stack-size>
<stack-size id="938">5.75284</stack-size>
<stack-size id="945">4.90057</stack-size>
<stack-size id="952">5.04261</stack-size>
<stack-size id="959">4.97159</stack-size>
<stack-size id="966">4.90057</stack-size>
<stack-size id="973">5.04261</stack-size>
<stack-size id="980">4.97159</stack-size>
<stack-size id="987">4.90057</stack-size>
<stack-size id="994">4.97159</stack-size>
<stack-size id="1001">5.46875</stack-size>
<stack-size id="1008">4.82955</stack-size>
<stack-size id="1015">4.61648</stack-size>
<stack-size id="1022">5.11364</stack-size>
<stack-size id="1029">4.97159</stack-size>
<stack-size id="1036">4.75852</stack-size>
<stack-size id="1043">4.61648</stack-size>
<stack-size id="1050">5.11364</stack-size>
<stack-size id="1057">4.47443</stack-size>
<stack-size id="1064">3.55114</stack-size>
<stack-size id="1071">3.7642</stack-size>
<stack-size id="1078">3.48011</stack-size>
<stack-size id="1085">3.26705</stack-size>
<stack-size id="1092">2.05966</stack-size>
<stack-size id="1099">1.77557</stack-size>
<stack-size id="1106">0.994318</stack-size>
<stack-size id="1113">1.49148</stack-size>
<stack-size id="1120">1.98864</stack-size>
<stack-size id="1127">1.34943</stack-size>
<stack-size id="1134">1.13636</stack-size>
<stack-size id="1141">1.63352</stack-size>
<stack-size id="1148">1.49148</stack-size>
<stack-size id="1155">1.27841</stack-size>
<stack-size id="1162">1.49148</stack-size>
<stack-size id="1169">1.70455</stack-size>
<stack-size id="1176">0.852273</stack-size>
<stack-size id="1183">1.34943</stack-size>
<stack-size id="1190">1.84659</stack-size>
<stack-size id="1197">1.27841</stack-size>
<stack-size id="1204">1.20739</stack-size>
<stack-size id="1211">1.70455</stack-size>
<stack-size id="1218">2.2017</stack-size>
<stack-size id="1225">2.69886</stack-size>
<stack-size id="1232">2.05966</stack-size>
<stack-size id="1239">0.213068</stack-size>
<stack-size id="1246">0.710227</stack-size>
<stack-size id="1253">1.20739</stack-size>
<stack-size id="1260">1.70455</stack-size>
<stack-size id="1267">1.5625</stack-size>
<stack-size id="1274">1.34943</stack-size>
<stack-size id="1281">1.5625</stack-size>
<stack-size id="1288">2.05966</stack-size>
<stack-size id="1295">2.55682</stack-size>
<stack-size id="1302">1.91761</stack-size>
<stack-size id="1309">2.05966</stack-size>
<stack-size id="1316">0.568182</stack-size>
<stack-size id="1323">0.568182</stack-size>
<stack-size id="1330">0.568182</stack-size>
<stack-size id="1337">1.06534</stack-size>
<stack-size id="1344">1.5625</stack-size>
<stack-size id="1351">1.42045</stack-size>
<stack-size id="1358">1.20739</stack-size>
<stack-size id="1365">1.42045</stack-size>
<stack-size id="1372">1.91761</stack-size>
<stack-size id="1379">2.41477</stack-size>
<stack-size id="1386">2.13068</stack-size>
<stack-size id="1393">1.91761</stack-size>
<stack-size id="1400">0.426136</stack-size>
<stack-size id="1407">0.426136</stack-size>
<max-stack>83</max-stack>
<front-edges>1407</front-edges>
<back-edges>58</back-edges>
<cross-edges>1757</cross-edges>
<shortest-cycle>5</shortest-cycle>
</dfs-info>
<rw-info>
<coverage step="140">8.52273</coverage>
<coverage step="280">13.2812</coverage>
<coverage step="420">18.3949</coverage>
<coverage step="560">21.6619</coverage>
<coverage step="700">24.5028</coverage>
<coverage step="840">27.2017</coverage>
<coverage step="980">29.7585</coverage>
<coverage step="1120">31.392</coverage>
<coverage step="1260">33.5227</coverage>
<coverage step="1400">34.517</coverage>
<coverage step="1540">35.9375</coverage>
<coverage step="1680">37.5</coverage>
<coverage step="1820">38.9915</coverage>
<coverage step="1960">41.5483</coverage>
<coverage step="2100">42.4716</coverage>
<coverage step="2240">43.3239</coverage>
<coverage step="2380">44.9574</coverage>
<coverage step="2520">45.5256</coverage>
<coverage step="2660">47.2301</coverage>
<coverage step="2800">47.7273</coverage>
<coverage step="2940">48.4375</coverage>
<coverage step="3080">50</coverage>
<coverage step="3220">50.5682</coverage>
<coverage step="3360">51.1364</coverage>
<coverage step="3500">51.4205</coverage>
<coverage step="3640">51.7756</coverage>
<coverage step="3780">51.9176</coverage>
<coverage step="3920">52.3438</coverage>
<coverage step="4060">52.4148</coverage>
<coverage step="4200">52.6278</coverage>
<coverage step="4340">53.9062</coverage>
<coverage step="4480">54.8295</coverage>
<coverage step="4620">55.4688</coverage>
<coverage step="4760">56.179</coverage>
<coverage step="4900">56.4631</coverage>
<coverage step="5040">56.6051</coverage>
<coverage step="5180">57.3153</coverage>
<coverage step="5320">57.4574</coverage>
<coverage step="5460">58.2386</coverage>
<coverage step="5600">58.3807</coverage>
<coverage step="5740">59.1619</coverage>
<coverage step="5880">59.5881</coverage>
<coverage step="6020">59.9432</coverage>
<coverage step="6160">60.7244</coverage>
<coverage step="6300">61.1506</coverage>
<coverage step="6440">61.3636</coverage>
<coverage step="6580">61.6477</coverage>
<coverage step="6720">61.8608</coverage>
<coverage step="6860">61.9318</coverage>
<coverage step="7000">62.1449</coverage>
<coverage step="7140">62.1449</coverage>
<coverage step="7280">62.358</coverage>
<coverage step="7420">62.7841</coverage>
<coverage step="7560">63.8494</coverage>
<coverage step="7700">63.9915</coverage>
<coverage step="7840">64.4886</coverage>
<coverage step="7980">64.6307</coverage>
<coverage step="8120">64.6307</coverage>
<coverage step="8260">64.9858</coverage>
<coverage step="8400">64.9858</coverage>
<coverage step="8540">65.1278</coverage>
<coverage step="8680">65.1989</coverage>
<coverage step="8820">65.554</coverage>
<coverage step="8960">65.554</coverage>
<coverage step="9100">65.8381</coverage>
<coverage step="9240">66.5483</coverage>
<coverage step="9380">66.6193</coverage>
<coverage step="9520">66.9744</coverage>
<coverage step="9660">66.9744</coverage>
<coverage step="9800">67.1875</coverage>
<coverage step="9940">67.4006</coverage>
<coverage step="10080">67.8267</coverage>
<coverage step="10220">67.8977</coverage>
<coverage step="10360">68.1818</coverage>
<coverage step="10500">68.2528</coverage>
<coverage step="10640">68.3239</coverage>
<coverage step="10780">68.3949</coverage>
<coverage step="10920">68.679</coverage>
<coverage step="11060">68.75</coverage>
<coverage step="11200">68.892</coverage>
<coverage step="11340">68.892</coverage>
<coverage step="11480">68.892</coverage>
<coverage step="11620">69.0341</coverage>
<coverage step="11760">69.5312</coverage>
<coverage step="11900">69.7443</coverage>
<coverage step="12040">70.3835</coverage>
<coverage step="12180">70.7386</coverage>
<coverage step="12320">70.7386</coverage>
<coverage step="12460">70.7386</coverage>
<coverage step="12600">70.8097</coverage>
<coverage step="12740">70.8097</coverage>
<coverage step="12880">71.0938</coverage>
<coverage step="13020">71.875</coverage>
<coverage step="13160">71.875</coverage>
<coverage step="13300">72.4432</coverage>
<coverage step="13440">72.4432</coverage>
<coverage step="13580">72.4432</coverage>
<coverage step="13720">72.7273</coverage>
<coverage step="13860">72.7273</coverage>
<coverage step="14000">73.2244</coverage>
<rw-visits order="1">648</rw-visits>
<rw-visits order="6">144</rw-visits>
<rw-visits order="11">105</rw-visits>
<rw-visits order="16">99</rw-visits>
<rw-visits order="21">96</rw-visits>
<rw-visits order="26">93</rw-visits>
<rw-visits order="31">89</rw-visits>
<rw-visits order="36">84</rw-visits>
<rw-visits order="41">80</rw-visits>
<rw-visits order="46">77</rw-visits>
<rw-visits order="51">74</rw-visits>
<rw-visits order="56">65</rw-visits>
<rw-visits order="61">60</rw-visits>
<rw-visits order="66">52</rw-visits>
<rw-visits order="71">43</rw-visits>
<rw-visits order="76">40</rw-visits>
<rw-visits order="81">37</rw-visits>
<rw-visits order="86">35</rw-visits>
<rw-visits order="91">32</rw-visits>
<rw-visits order="96">31</rw-visits>
<rw-visits order="101">30</rw-visits>
<rw-visits order="106">29</rw-visits>
<rw-visits order="111">27</rw-visits>
<rw-visits order="116">27</rw-visits>
<rw-visits order="121">26</rw-visits>
<rw-visits order="126">25</rw-visits>
<rw-visits order="131">25</rw-visits>
<rw-visits order="136">24</rw-visits>
<rw-visits order="141">23</rw-visits>
<rw-visits order="146">23</rw-visits>
<rw-visits order="151">22</rw-visits>
<rw-visits order="156">22</rw-visits>
<rw-visits order="161">21</rw-visits>
<rw-visits order="166">21</rw-visits>
<rw-visits order="171">21</rw-visits>
<rw-visits order="176">20</rw-visits>
<rw-visits order="181">20</rw-visits>
<rw-visits order="186">19</rw-visits>
<rw-visits order="191">19</rw-visits>
<rw-visits order="196">18</rw-visits>
<rw-visits order="201">17</rw-visits>
<rw-visits order="206">17</rw-visits>
<rw-visits order="211">17</rw-visits>
<rw-visits order="216">16</rw-visits>
<rw-visits order="221">16</rw-visits>
<rw-visits order="226">16</rw-visits>
<rw-visits order="231">15</rw-visits>
<rw-visits order="236">15</rw-visits>
<rw-visits order="241">15</rw-visits>
<rw-visits order="246">15</rw-visits>
<rw-visits order="251">15</rw-visits>
<rw-visits order="256">15</rw-visits>
<rw-visits order="261">14</rw-visits>
<rw-visits order="266">14</rw-visits>
<rw-visits order="271">14</rw-visits>
<rw-visits order="276">13</rw-visits>
<rw-visits order="281">13</rw-visits>
<rw-visits order="286">13</rw-visits>
<rw-visits order="291">13</rw-visits>
<rw-visits order="296">12</rw-visits>
<rw-visits order="301">12</rw-visits>
<rw-visits order="306">12</rw-visits>
<rw-visits order="311">12</rw-visits>
<rw-visits order="316">11</rw-visits>
<rw-visits order="321">11</rw-visits>
<rw-visits order="326">11</rw-visits>
<rw-visits order="331">11</rw-visits>
<rw-visits order="336">11</rw-visits>
<rw-visits order="341">10</rw-visits>
<rw-visits order="346">10</rw-visits>
<rw-visits order="351">10</rw-visits>
<rw-visits order="356">10</rw-visits>
<rw-visits order="361">10</rw-visits>
<rw-visits order="366">10</rw-visits>
<rw-visits order="371">10</rw-visits>
<rw-visits order="376">10</rw-visits>
<rw-visits order="381">9</rw-visits>
<rw-visits order="386">9</rw-visits>
<rw-visits order="391">9</rw-visits>
<rw-visits order="396">9</rw-visits>
<rw-visits order="401">9</rw-visits>
<rw-visits order="406">9</rw-visits>
<rw-visits order="411">9</rw-visits>
<rw-visits order="416">8</rw-visits>
<rw-visits order="421">8</rw-visits>
<rw-visits order="426">8</rw-visits>
<rw-visits order="431">8</rw-visits>
<rw-visits order="436">8</rw-visits>
<rw-visits order="441">8</rw-visits>
<rw-visits order="446">7</rw-visits>
<rw-visits order="451">7</rw-visits>
<rw-visits order="456">7</rw-visits>
<rw-visits order="461">7</rw-visits>
<rw-visits order="466">7</rw-visits>
<rw-visits order="471">7</rw-visits>
<rw-visits order="476">7</rw-visits>
<rw-visits order="481">6</rw-visits>
<rw-visits order="486">6</rw-visits>
<rw-visits order="491">6</rw-visits>
<rw-visits order="496">6</rw-visits>
<rw-visits order="501">6</rw-visits>
<rw-visits order="506">6</rw-visits>
<rw-visits order="511">6</rw-visits>
<rw-visits order="516">6</rw-visits>
<rw-visits order="521">5</rw-visits>
<rw-visits order="526">5</rw-visits>
<rw-visits order="531">5</rw-visits>
<rw-visits order="536">5</rw-visits>
<rw-visits order="541">5</rw-visits>
<rw-visits order="546">5</rw-visits>
<rw-visits order="551">5</rw-visits>
<rw-visits order="556">5</rw-visits>
<rw-visits order="561">5</rw-visits>
<rw-visits order="566">5</rw-visits>
<rw-visits order="571">5</rw-visits>
<rw-visits order="576">5</rw-visits>
<rw-visits order="581">4</rw-visits>
<rw-visits order="586">4</rw-visits>
<rw-visits order="591">4</rw-visits>
<rw-visits order="596">4</rw-visits>
<rw-visits order="601">4</rw-visits>
<rw-visits order="606">4</rw-visits>
<rw-visits order="611">4</rw-visits>
<rw-visits order="616">4</rw-visits>
<rw-visits order="621">4</rw-visits>
<rw-visits order="626">4</rw-visits>
<rw-visits order="631">4</rw-visits>
<rw-visits order="636">4</rw-visits>
<rw-visits order="641">3</rw-visits>
<rw-visits order="646">3</rw-visits>
<rw-visits order="651">3</rw-visits>
<rw-visits order="656">3</rw-visits>
<rw-visits order="661">3</rw-visits>
<rw-visits order="666">3</rw-visits>
<rw-visits order="671">3</rw-visits>
<rw-visits order="676">3</rw-visits>
<rw-visits order="681">3</rw-visits>
<rw-visits order="686">3</rw-visits>
<rw-visits order="691">3</rw-visits>
<rw-visits order="696">3</rw-visits>
<rw-visits order="701">3</rw-visits>
<rw-visits order="706">3</rw-visits>
<rw-visits order="711">3</rw-visits>
<rw-visits order="716">3</rw-visits>
<rw-visits order="721">2</rw-visits>
<rw-visits order="726">2</rw-visits>
<rw-visits order="731">2</rw-visits>
<rw-visits order="736">2</rw-visits>
<rw-visits order="741">2</rw-visits>
<rw-visits order="746">2</rw-visits>
<rw-visits order="751">2</rw-visits>
<rw-visits order="756">2</rw-visits>
<rw-visits order="761">2</rw-visits>
<rw-visits order="766">2</rw-visits>
<rw-visits order="771">2</rw-visits>
<rw-visits order="776">2</rw-visits>
<rw-visits order="781">2</rw-visits>
<rw-visits order="786">2</rw-visits>
<rw-visits order="791">2</rw-visits>
<rw-visits order="796">2</rw-visits>
<rw-visits order="801">2</rw-visits>
<rw-visits order="806">2</rw-visits>
<rw-visits order="811">2</rw-visits>
<rw-visits order="816">2</rw-visits>
<rw-visits order="821">2</rw-visits>
<rw-visits order="826">2</rw-visits>
<rw-visits order="831">2</rw-visits>
<rw-visits order="836">2</rw-visits>
<rw-visits order="841">1</rw-visits>
<rw-visits order="846">1</rw-visits>
<rw-visits order="851">1</rw-visits>
<rw-visits order="856">1</rw-visits>
<rw-visits order="861">1</rw-visits>
<rw-visits order="866">1</rw-visits>
<rw-visits order="871">1</rw-visits>
<rw-visits order="876">1</rw-visits>
<rw-visits order="881">1</rw-visits>
<rw-visits order="886">1</rw-visits>
<rw-visits order="891">1</rw-visits>
<rw-visits order="896">1</rw-visits>
<rw-visits order="901">1</rw-visits>
<rw-visits order="906">1</rw-visits>
<rw-visits order="911">1</rw-visits>
<rw-visits order="916">1</rw-visits>
<rw-visits order="921">1</rw-visits>
<rw-visits order="926">1</rw-visits>
<rw-visits order="931">1</rw-visits>
<rw-visits order="936">1</rw-visits>
<rw-visits order="941">1</rw-visits>
<rw-visits order="946">1</rw-visits>
<rw-visits order="951">1</rw-visits>
<rw-visits order="956">1</rw-visits>
<rw-visits order="961">1</rw-visits>
<rw-visits order="966">1</rw-visits>
<rw-visits order="971">1</rw-visits>
<rw-visits order="976">1</rw-visits>
<rw-visits order="981">1</rw-visits>
<rw-visits order="986">1</rw-visits>
<rw-visits order="991">1</rw-visits>
<rw-visits order="996">1</rw-visits>
<rw-visits order="1001">1</rw-visits>
<rw-visits order="1006">1</rw-visits>
<rw-visits order="1011">1</rw-visits>
<rw-visits order="1016">1</rw-visits>
<rw-visits order="1021">1</rw-visits>
<rw-visits order="1026">1</rw-visits>
<rw-visits order="1031">1</rw-visits>
<final-coverage>73.2955</final-coverage>
</rw-info>
<local-info>
<diamonds>85.3693</diamonds>
<neighborhood k="4">19</neighborhood>
<clustering k="4">1.46985</clustering>
</local-info>
<label-info>
<edge-label id="0.0">188</edge-label>
<edge-label id="0.1">188</edge-label>
<edge-label id="0.10">64</edge-label>
<edge-label id="0.11">16</edge-label>
<edge-label id="0.12">16</edge-label>
<edge-label id="0.2">80</edge-label>
<edge-label id="0.3">142</edge-label>
<edge-label id="0.4">142</edge-label>
<edge-label id="0.5">142</edge-label>
<edge-label id="0.7">64</edge-label>
<edge-label id="0.8">16</edge-label>
<edge-label id="0.9">16</edge-label>
<edge-label id="1.0">188</edge-label>
<edge-label id="1.1">188</edge-label>
<edge-label id="1.10">64</edge-label>
<edge-label id="1.11">16</edge-label>
<edge-label id="1.12">16</edge-label>
<edge-label id="1.2">80</edge-label>
<edge-label id="1.3">142</edge-label>
<edge-label id="1.4">142</edge-label>
<edge-label id="1.5">142</edge-label>
<edge-label id="1.7">64</edge-label>
<edge-label id="1.8">16</edge-label>
<edge-label id="1.9">16</edge-label>
<edge-label id="2.0">188</edge-label>
<edge-label id="2.1">188</edge-label>
<edge-label id="2.10">64</edge-label>
<edge-label id="2.11">16</edge-label>
<edge-label id="2.12">16</edge-label>
<edge-label id="2.2">80</edge-label>
<edge-label id="2.3">142</edge-label>
<edge-label id="2.4">142</edge-label>
<edge-label id="2.5">142</edge-label>
<edge-label id="2.7">64</edge-label>
<edge-label id="2.8">16</edge-label>
<edge-label id="2.9">16</edge-label>
<state-labels procid="0">
<label id="[{1|255|0},{1|1|0},1]">6</label>
<label id="[{1|255|0},{1|1|1},1]">2</label>
<label id="[{1|255|255},{0|1|0},1]">32</label>
<label id="[{1|255|255},{0|1|0},2]">12</label>
<label id="[{1|255|255},{0|1|1},1]">4</label>
<label id="[{1|255|255},{0|1|1},2]">6</label>
<label id="[{1|255|255},{1|1|0},1]">9</label>
<label id="[{1|255|255},{1|1|0},2]">4</label>
<label id="[{1|255|255},{1|1|1},1]">2</label>
<label id="[{1|255|255},{1|1|1},2]">2</label>
<label id="[{1|2|255},{0|1|1},2]">6</label>
<label id="[{1|2|255},{1|1|1},2]">2</label>
<label id="[{255|0|1},{1|1|0},0]">6</label>
<label id="[{255|0|1},{1|1|1},0]">2</label>
<label id="[{255|0|255},{1|0|0},0]">32</label>
<label id="[{255|0|255},{1|0|0},2]">12</label>
<label id="[{255|0|255},{1|0|1},0]">4</label>
<label id="[{255|0|255},{1|0|1},2]">6</label>
<label id="[{255|0|255},{1|1|0},0]">9</label>
<label id="[{255|0|255},{1|1|0},2]">4</label>
<label id="[{255|0|255},{1|1|1},0]">2</label>
<label id="[{255|0|255},{1|1|1},2]">2</label>
<label id="[{255|255|0},{1|0|0},0]">32</label>
<label id="[{255|255|0},{1|0|0},1]">12</label>
<label id="[{255|255|0},{1|0|1},0]">9</label>
<label id="[{255|255|0},{1|0|1},1]">4</label>
<label id="[{255|255|0},{1|1|0},0]">4</label>
<label id="[{255|255|0},{1|1|0},1]">6</label>
<label id="[{255|255|0},{1|1|1},0]">2</label>
<label id="[{255|255|0},{1|1|1},1]">2</label>
<label id="[{255|255|1},{0|1|0},0]">12</label>
<label id="[{255|255|1},{0|1|0},1]">32</label>
<label id="[{255|255|1},{0|1|1},0]">4</label>
<label id="[{255|255|1},{0|1|1},1]">9</label>
<label id="[{255|255|1},{1|1|0},0]">6</label>
<label id="[{255|255|1},{1|1|0},1]">4</label>
<label id="[{255|255|1},{1|1|1},0]">2</label>
<label id="[{255|255|1},{1|1|1},1]">2</label>
<label id="[{255|255|255},{0|0|0},0]">144</label>
<label id="[{255|255|255},{0|0|0},1]">144</label>
<label id="[{255|255|255},{0|0|0},255]">64</label>
<label id="[{255|255|255},{0|0|0},2]">144</label>
<label id="[{255|255|255},{0|0|1},0]">26</label>
<label id="[{255|255|255},{0|0|1},1]">26</label>
<label id="[{255|255|255},{0|0|1},2]">56</label>
<label id="[{255|255|255},{0|1|0},0]">26</label>
<label id="[{255|255|255},{0|1|0},1]">56</label>
<label id="[{255|255|255},{0|1|0},2]">26</label>
<label id="[{255|255|255},{0|1|1},0]">8</label>
<label id="[{255|255|255},{0|1|1},1]">13</label>
<label id="[{255|255|255},{0|1|1},2]">13</label>
<label id="[{255|255|255},{1|0|0},0]">56</label>
<label id="[{255|255|255},{1|0|0},1]">26</label>
<label id="[{255|255|255},{1|0|0},2]">26</label>
<label id="[{255|255|255},{1|0|1},0]">13</label>
<label id="[{255|255|255},{1|0|1},1]">8</label>
<label id="[{255|255|255},{1|0|1},2]">13</label>
<label id="[{255|255|255},{1|1|0},0]">13</label>
<label id="[{255|255|255},{1|1|0},1]">13</label>
<label id="[{255|255|255},{1|1|0},2]">8</label>
<label id="[{255|255|255},{1|1|1},0]">4</label>
<label id="[{255|255|255},{1|1|1},1]">4</label>
<label id="[{255|255|255},{1|1|1},2]">4</label>
<label id="[{255|2|0},{1|0|1},0]">6</label>
<label id="[{255|2|0},{1|1|1},0]">2</label>
<label id="[{255|2|255},{0|0|1},0]">12</label>
<label id="[{255|2|255},{0|0|1},2]">32</label>
<label id="[{255|2|255},{0|1|1},0]">4</label>
<label id="[{255|2|255},{0|1|1},2]">9</label>
<label id="[{255|2|255},{1|0|1},0]">6</label>
<label id="[{255|2|255},{1|0|1},2]">4</label>
<label id="[{255|2|255},{1|1|1},0]">2</label>
<label id="[{255|2|255},{1|1|1},2]">2</label>
<label id="[{2|0|255},{1|0|1},2]">6</label>
<label id="[{2|0|255},{1|1|1},2]">2</label>
<label id="[{2|255|1},{0|1|1},1]">6</label>
<label id="[{2|255|1},{1|1|1},1]">2</label>
<label id="[{2|255|255},{0|0|1},1]">12</label>
<label id="[{2|255|255},{0|0|1},2]">32</label>
<label id="[{2|255|255},{0|1|1},1]">6</label>
<label id="[{2|255|255},{0|1|1},2]">4</label>
<label id="[{2|255|255},{1|0|1},1]">4</label>
<label id="[{2|255|255},{1|0|1},2]">9</label>
<label id="[{2|255|255},{1|1|1},1]">2</label>
<label id="[{2|255|255},{1|1|1},2]">2</label>
</state-labels><state-labels procid="1">
<label id="[0,0]">86</label>
<label id="[0,255]">102</label>
<label id="[1,0]">86</label>
<label id="[1,255]">102</label>
<label id="[2,1]">71</label>
<label id="[2,255]">80</label>
<label id="[2,2]">71</label>
<label id="[3,1]">71</label>
<label id="[3,2]">71</label>
<label id="[4,1]">71</label>
<label id="[4,2]">71</label>
<label id="[5,1]">143</label>
<label id="[5,2]">143</label>
<label id="[6,255]">80</label>
<label id="[7,255]">80</label>
<label id="[8,255]">16</label>
<label id="[9,255]">64</label>
</state-labels><state-labels procid="2">
<label id="[0,0]">86</label>
<label id="[0,255]">102</label>
<label id="[1,0]">86</label>
<label id="[1,255]">102</label>
<label id="[2,0]">71</label>
<label id="[2,255]">80</label>
<label id="[2,2]">71</label>
<label id="[3,0]">71</label>
<label id="[3,2]">71</label>
<label id="[4,0]">71</label>
<label id="[4,2]">71</label>
<label id="[5,0]">143</label>
<label id="[5,2]">143</label>
<label id="[6,255]">80</label>
<label id="[7,255]">80</label>
<label id="[8,255]">16</label>
<label id="[9,255]">64</label>
</state-labels><state-labels procid="3">
<label id="[0,0]">86</label>
<label id="[0,255]">102</label>
<label id="[1,0]">86</label>
<label id="[1,255]">102</label>
<label id="[2,0]">71</label>
<label id="[2,1]">71</label>
<label id="[2,255]">80</label>
<label id="[3,0]">71</label>
<label id="[3,1]">71</label>
<label id="[4,0]">71</label>
<label id="[4,1]">71</label>
<label id="[5,0]">143</label>
<label id="[5,1]">143</label>
<label id="[6,255]">80</label>
<label id="[7,255]">80</label>
<label id="[8,255]">16</label>
<label id="[9,255]">64</label>
</state-labels></label-info>
</state-space-info>
