<?xml version="1.0"?>
<!DOCTYPE state-space-info SYSTEM "../../state_space_info.dtd">


<state-space-info>
<states>2825</states>
<edges>5274</edges>
<bfs-info>
 <levels>47</levels>
<max-level>198</max-level>

<back-level-edges>1552</back-level-edges>
<max-back-level-edge>27</max-back-level-edge>
<avg-back-level-edge>10.3969</avg-back-level-edge>
<bfs-levels>
<level id="0"><states>1</states><edges>2</edges></level>
<level id="1"><states>2</states><edges>2</edges></level>
<level id="2"><states>2</states><edges>4</edges></level>
<level id="3"><states>4</states><edges>8</edges></level>
<level id="4"><states>6</states><edges>14</edges></level>
<level id="5"><states>10</states><edges>22</edges></level>
<level id="6"><states>14</states><edges>30</edges></level>
<level id="7"><states>18</states><edges>30</edges></level>
<level id="8"><states>18</states><edges>26</edges></level>
<level id="9"><states>16</states><edges>24</edges></level>
<level id="10"><states>18</states><edges>30</edges></level>
<level id="11"><states>24</states><edges>48</edges></level>
<level id="12"><states>38</states><edges>74</edges></level>
<level id="13"><states>52</states><edges>104</edges></level>
<level id="14"><states>70</states><edges>126</edges></level>
<level id="15"><states>74</states><edges>126</edges></level>
<level id="16"><states>70</states><edges>114</edges></level>
<level id="17"><states>64</states><edges>118</edges></level>
<level id="18"><states>68</states><edges>130</edges></level>
<level id="19"><states>72</states><edges>128</edges></level>
<level id="20"><states>72</states><edges>124</edges></level>
<level id="21"><states>72</states><edges>122</edges></level>
<level id="22"><states>74</states><edges>144</edges></level>
<level id="23"><states>96</states><edges>202</edges></level>
<level id="24"><states>134</states><edges>272</edges></level>
<level id="25"><states>172</states><edges>344</edges></level>
<level id="26"><states>198</states><edges>364</edges></level>
<level id="27"><states>196</states><edges>332</edges></level>
<level id="28"><states>154</states><edges>238</edges></level>
<level id="29"><states>116</states><edges>182</edges></level>
<level id="30"><states>84</states><edges>146</edges></level>
<level id="31"><states>74</states><edges>132</edges></level>
<level id="32"><states>68</states><edges>140</edges></level>
<level id="33"><states>78</states><edges>150</edges></level>
<level id="34"><states>84</states><edges>156</edges></level>
<level id="35"><states>78</states><edges>158</edges></level>
<level id="36"><states>78</states><edges>156</edges></level>
<level id="37"><states>70</states><edges>140</edges></level>
<level id="38"><states>46</states><edges>100</edges></level>
<level id="39"><states>44</states><edges>96</edges></level>
<level id="40"><states>44</states><edges>92</edges></level>
<level id="41"><states>38</states><edges>84</edges></level>
<level id="42"><states>32</states><edges>72</edges></level>
<level id="43"><states>34</states><edges>72</edges></level>
<level id="44"><states>28</states><edges>56</edges></level>
<level id="45"><states>16</states><edges>32</edges></level>
<level id="46"><states>4</states><edges>8</edges></level>
</bfs-levels>
<back-level-length id="0">0</back-level-length>
<back-level-length id="1">4.51031</back-level-length>
<back-level-length id="2">0</back-level-length>
<back-level-length id="3">4.89691</back-level-length>
<back-level-length id="4">0</back-level-length>
<back-level-length id="5">20.8763</back-level-length>
<back-level-length id="6">0</back-level-length>
<back-level-length id="7">15.9794</back-level-length>
<back-level-length id="8">0</back-level-length>
<back-level-length id="9">10.8247</back-level-length>
<back-level-length id="10">0</back-level-length>
<back-level-length id="11">4.63918</back-level-length>
<back-level-length id="12">0</back-level-length>
<back-level-length id="13">12.1134</back-level-length>
<back-level-length id="14">0</back-level-length>
<back-level-length id="15">5.92784</back-level-length>
<back-level-length id="16">0</back-level-length>
<back-level-length id="17">8.24742</back-level-length>
<back-level-length id="18">0</back-level-length>
<back-level-length id="19">1.67526</back-level-length>
<back-level-length id="20">0</back-level-length>
<back-level-length id="21">3.22165</back-level-length>
<back-level-length id="22">0</back-level-length>
<back-level-length id="23">4.12371</back-level-length>
<back-level-length id="24">0</back-level-length>
<back-level-length id="25">2.57732</back-level-length>
<back-level-length id="26">0</back-level-length>
<back-level-length id="27">0.386598</back-level-length>
</bfs-info>
<degrees>
<avg>1.8669</avg>
<max-in>10</max-in>
<max-out>4</max-out>
<degree id="0"><in>1</in><out>0</out></degree>
<degree id="1"><in>1792</in><out>704</out></degree>
<degree id="2"><in>432</in><out>1929</out></degree>
<degree id="3"><in>96</in><out>56</out></degree>
<degree id="4"><in>344</in><out>136</out></degree>
<degree id="5"><in>104</in><out>0</out></degree>
<degree id="6"><in>24</in><out>0</out></degree>
<degree id="7"><in>0</in><out>0</out></degree>
<degree id="8"><in>0</in><out>0</out></degree>
<degree id="9"><in>30</in><out>0</out></degree>
<degree id="10"><in>2</in><out>0</out></degree>
</degrees>
<scc-info>
<count>2</count>
<height>1</height>
<nontrivial-height>1</nontrivial-height>
<trivial>1</trivial>
<terminal>1</terminal>
<largest>2824</largest>
<largest-position> the only terminal</largest-position>
</scc-info>
<dfs-info>
<stack-size id="14">0.495575</stack-size>
<stack-size id="28">0.99115</stack-size>
<stack-size id="42">1.38053</stack-size>
<stack-size id="56">1.87611</stack-size>
<stack-size id="70">2.26549</stack-size>
<stack-size id="84">2.76106</stack-size>
<stack-size id="98">3.18584</stack-size>
<stack-size id="112">3.61062</stack-size>
<stack-size id="126">3.89381</stack-size>
<stack-size id="140">4.21239</stack-size>
<stack-size id="154">4.60177</stack-size>
<stack-size id="168">4.88496</stack-size>
<stack-size id="182">4.74336</stack-size>
<stack-size id="196">4.95575</stack-size>
<stack-size id="210">5.02655</stack-size>
<stack-size id="224">5.09735</stack-size>
<stack-size id="238">4.63717</stack-size>
<stack-size id="252">4.42478</stack-size>
<stack-size id="266">4.92035</stack-size>
<stack-size id="280">5.41593</stack-size>
<stack-size id="294">5.9115</stack-size>
<stack-size id="308">6.30088</stack-size>
<stack-size id="322">6.58407</stack-size>
<stack-size id="336">6.19469</stack-size>
<stack-size id="350">6.58407</stack-size>
<stack-size id="364">7.00885</stack-size>
<stack-size id="378">6.90265</stack-size>
<stack-size id="392">7.22124</stack-size>
<stack-size id="406">7.29204</stack-size>
<stack-size id="420">7.36283</stack-size>
<stack-size id="434">6.86726</stack-size>
<stack-size id="448">7.36283</stack-size>
<stack-size id="462">7.71681</stack-size>
<stack-size id="476">7.9646</stack-size>
<stack-size id="490">8.31858</stack-size>
<stack-size id="504">8.24779</stack-size>
<stack-size id="518">8.56637</stack-size>
<stack-size id="532">8.99115</stack-size>
<stack-size id="546">8.92035</stack-size>
<stack-size id="560">9.27434</stack-size>
<stack-size id="574">9.30973</stack-size>
<stack-size id="588">9.23894</stack-size>
<stack-size id="602">9.59292</stack-size>
<stack-size id="616">9.55752</stack-size>
<stack-size id="630">9.55752</stack-size>
<stack-size id="644">8.88496</stack-size>
<stack-size id="658">9.38053</stack-size>
<stack-size id="672">9.87611</stack-size>
<stack-size id="686">10.0531</stack-size>
<stack-size id="700">10.0177</stack-size>
<stack-size id="714">10.0885</stack-size>
<stack-size id="728">10.5841</stack-size>
<stack-size id="742">10.7965</stack-size>
<stack-size id="756">10.6195</stack-size>
<stack-size id="770">10.9381</stack-size>
<stack-size id="784">11.0088</stack-size>
<stack-size id="798">11.2566</stack-size>
<stack-size id="812">11.3274</stack-size>
<stack-size id="826">11.2212</stack-size>
<stack-size id="840">10.9735</stack-size>
<stack-size id="854">11.3628</stack-size>
<stack-size id="868">11.2212</stack-size>
<stack-size id="882">11.2566</stack-size>
<stack-size id="896">11.1858</stack-size>
<stack-size id="910">11.6814</stack-size>
<stack-size id="924">11.5398</stack-size>
<stack-size id="938">11.5044</stack-size>
<stack-size id="952">11.5752</stack-size>
<stack-size id="966">12</stack-size>
<stack-size id="980">12.4956</stack-size>
<stack-size id="994">12.7788</stack-size>
<stack-size id="1008">13.0973</stack-size>
<stack-size id="1022">13.0619</stack-size>
<stack-size id="1036">13.4159</stack-size>
<stack-size id="1050">13.3451</stack-size>
<stack-size id="1064">13.3805</stack-size>
<stack-size id="1078">12.531</stack-size>
<stack-size id="1092">12.5664</stack-size>
<stack-size id="1106">12.708</stack-size>
<stack-size id="1120">12.7434</stack-size>
<stack-size id="1134">13.1327</stack-size>
<stack-size id="1148">13.0619</stack-size>
<stack-size id="1162">13.0973</stack-size>
<stack-size id="1176">12.2124</stack-size>
<stack-size id="1190">11.9292</stack-size>
<stack-size id="1204">11.9646</stack-size>
<stack-size id="1218">11.3628</stack-size>
<stack-size id="1232">11.8584</stack-size>
<stack-size id="1246">12.354</stack-size>
<stack-size id="1260">12.4248</stack-size>
<stack-size id="1274">12.177</stack-size>
<stack-size id="1288">12.6726</stack-size>
<stack-size id="1302">12.4248</stack-size>
<stack-size id="1316">12.6372</stack-size>
<stack-size id="1330">12.4602</stack-size>
<stack-size id="1344">12.9558</stack-size>
<stack-size id="1358">13.4513</stack-size>
<stack-size id="1372">13.5221</stack-size>
<stack-size id="1386">13.2743</stack-size>
<stack-size id="1400">13.7699</stack-size>
<stack-size id="1414">13.4867</stack-size>
<stack-size id="1428">13.6991</stack-size>
<stack-size id="1442">13.4867</stack-size>
<stack-size id="1456">13.8407</stack-size>
<stack-size id="1470">13.6283</stack-size>
<stack-size id="1484">13.5929</stack-size>
<stack-size id="1498">14.0177</stack-size>
<stack-size id="1512">14.4071</stack-size>
<stack-size id="1526">14.3009</stack-size>
<stack-size id="1540">14.3009</stack-size>
<stack-size id="1554">14.6195</stack-size>
<stack-size id="1568">14.9381</stack-size>
<stack-size id="1582">15.292</stack-size>
<stack-size id="1596">15.1858</stack-size>
<stack-size id="1610">15.4336</stack-size>
<stack-size id="1624">15.3982</stack-size>
<stack-size id="1638">14.5133</stack-size>
<stack-size id="1652">14.5841</stack-size>
<stack-size id="1666">14.9381</stack-size>
<stack-size id="1680">14.8673</stack-size>
<stack-size id="1694">15.1504</stack-size>
<stack-size id="1708">15.0442</stack-size>
<stack-size id="1722">14.5487</stack-size>
<stack-size id="1736">14.2655</stack-size>
<stack-size id="1750">13.8761</stack-size>
<stack-size id="1764">13.6283</stack-size>
<stack-size id="1778">13.5575</stack-size>
<stack-size id="1792">13.4159</stack-size>
<stack-size id="1806">13.1327</stack-size>
<stack-size id="1820">13.3097</stack-size>
<stack-size id="1834">13.2035</stack-size>
<stack-size id="1848">13.2035</stack-size>
<stack-size id="1862">12.885</stack-size>
<stack-size id="1876">12.531</stack-size>
<stack-size id="1890">12.4248</stack-size>
<stack-size id="1904">12.4602</stack-size>
<stack-size id="1918">12.177</stack-size>
<stack-size id="1932">11.9292</stack-size>
<stack-size id="1946">12.2478</stack-size>
<stack-size id="1960">12.2478</stack-size>
<stack-size id="1974">11.3628</stack-size>
<stack-size id="1988">11.1858</stack-size>
<stack-size id="2002">10.8673</stack-size>
<stack-size id="2016">10.5133</stack-size>
<stack-size id="2030">10.8319</stack-size>
<stack-size id="2044">10.2301</stack-size>
<stack-size id="2058">10.2301</stack-size>
<stack-size id="2072">10.6195</stack-size>
<stack-size id="2086">9.84071</stack-size>
<stack-size id="2100">10.0531</stack-size>
<stack-size id="2114">9.69912</stack-size>
<stack-size id="2128">9.66372</stack-size>
<stack-size id="2142">9.76991</stack-size>
<stack-size id="2156">9.48673</stack-size>
<stack-size id="2170">8.99115</stack-size>
<stack-size id="2184">8.81416</stack-size>
<stack-size id="2198">8.31858</stack-size>
<stack-size id="2212">8.24779</stack-size>
<stack-size id="2226">7.9292</stack-size>
<stack-size id="2240">7.53982</stack-size>
<stack-size id="2254">7.39823</stack-size>
<stack-size id="2268">7.11504</stack-size>
<stack-size id="2282">7.11504</stack-size>
<stack-size id="2296">6.97345</stack-size>
<stack-size id="2310">7.00885</stack-size>
<stack-size id="2324">6.44248</stack-size>
<stack-size id="2338">6.54867</stack-size>
<stack-size id="2352">5.9115</stack-size>
<stack-size id="2366">6.0531</stack-size>
<stack-size id="2380">6.0177</stack-size>
<stack-size id="2394">5.73451</stack-size>
<stack-size id="2408">5.38053</stack-size>
<stack-size id="2422">5.59292</stack-size>
<stack-size id="2436">5.48673</stack-size>
<stack-size id="2450">5.20354</stack-size>
<stack-size id="2464">4.88496</stack-size>
<stack-size id="2478">4.60177</stack-size>
<stack-size id="2492">4.42478</stack-size>
<stack-size id="2506">4.63717</stack-size>
<stack-size id="2520">4.24779</stack-size>
<stack-size id="2534">3.82301</stack-size>
<stack-size id="2548">3.64602</stack-size>
<stack-size id="2562">3.82301</stack-size>
<stack-size id="2576">3.68142</stack-size>
<stack-size id="2590">3.85841</stack-size>
<stack-size id="2604">2.86726</stack-size>
<stack-size id="2618">2.44248</stack-size>
<stack-size id="2632">2.51327</stack-size>
<stack-size id="2646">2.44248</stack-size>
<stack-size id="2660">1.76991</stack-size>
<stack-size id="2674">1.73451</stack-size>
<stack-size id="2688">1.59292</stack-size>
<stack-size id="2702">1.9115</stack-size>
<stack-size id="2716">1.23894</stack-size>
<stack-size id="2730">1.34513</stack-size>
<stack-size id="2744">1.27434</stack-size>
<stack-size id="2758">0.955752</stack-size>
<stack-size id="2772">0.566372</stack-size>
<stack-size id="2786">0.884956</stack-size>
<stack-size id="2800">0.920354</stack-size>
<stack-size id="2814">0.212389</stack-size>
<max-stack>438</max-stack>
<front-edges>2824</front-edges>
<back-edges>273</back-edges>
<cross-edges>2177</cross-edges>
<shortest-cycle>14</shortest-cycle>
</dfs-info>
<rw-info>
<coverage step="280">8.74336</coverage>
<coverage step="560">14.4425</coverage>
<coverage step="840">18.8673</coverage>
<coverage step="1120">23.5044</coverage>
<coverage step="1400">26.4071</coverage>
<coverage step="1680">28.5664</coverage>
<coverage step="1960">29.6991</coverage>
<coverage step="2240">30.8319</coverage>
<coverage step="2520">33.3451</coverage>
<coverage step="2800">34.9027</coverage>
<coverage step="3080">35.646</coverage>
<coverage step="3360">36.354</coverage>
<coverage step="3640">37.6283</coverage>
<coverage step="3920">38.7257</coverage>
<coverage step="4200">39.823</coverage>
<coverage step="4480">41.2389</coverage>
<coverage step="4760">41.5929</coverage>
<coverage step="5040">42.7257</coverage>
<coverage step="5320">43.823</coverage>
<coverage step="5600">43.8938</coverage>
<coverage step="5880">44.1062</coverage>
<coverage step="6160">44.531</coverage>
<coverage step="6440">44.7434</coverage>
<coverage step="6720">45.0619</coverage>
<coverage step="7000">45.5221</coverage>
<coverage step="7280">45.6283</coverage>
<coverage step="7560">46.3009</coverage>
<coverage step="7840">46.4425</coverage>
<coverage step="8120">46.5841</coverage>
<coverage step="8400">46.9735</coverage>
<coverage step="8680">47.3274</coverage>
<coverage step="8960">47.6106</coverage>
<coverage step="9240">47.8938</coverage>
<coverage step="9520">48.0708</coverage>
<coverage step="9800">48.2478</coverage>
<coverage step="10080">48.708</coverage>
<coverage step="10360">49.0619</coverage>
<coverage step="10640">49.5929</coverage>
<coverage step="10920">50.4071</coverage>
<coverage step="11200">50.8319</coverage>
<coverage step="11480">51.0796</coverage>
<coverage step="11760">51.1858</coverage>
<coverage step="12040">51.1858</coverage>
<coverage step="12320">51.5044</coverage>
<coverage step="12600">51.5398</coverage>
<coverage step="12880">52.0708</coverage>
<coverage step="13160">52.6018</coverage>
<coverage step="13440">52.9558</coverage>
<coverage step="13720">53.1327</coverage>
<coverage step="14000">53.5221</coverage>
<coverage step="14280">53.6283</coverage>
<coverage step="14560">53.6991</coverage>
<coverage step="14840">53.9115</coverage>
<coverage step="15120">54.1947</coverage>
<coverage step="15400">54.3009</coverage>
<coverage step="15680">54.5841</coverage>
<coverage step="15960">55.0088</coverage>
<coverage step="16240">55.0088</coverage>
<coverage step="16520">55.1504</coverage>
<coverage step="16800">55.3274</coverage>
<coverage step="17080">55.469</coverage>
<coverage step="17360">55.5752</coverage>
<coverage step="17640">55.6814</coverage>
<coverage step="17920">55.7168</coverage>
<coverage step="18200">55.8938</coverage>
<coverage step="18480">55.9292</coverage>
<coverage step="18760">55.9292</coverage>
<coverage step="19040">56.2832</coverage>
<coverage step="19320">56.2832</coverage>
<coverage step="19600">56.354</coverage>
<coverage step="19880">56.5664</coverage>
<coverage step="20160">56.8496</coverage>
<coverage step="20440">56.9204</coverage>
<coverage step="20720">57.0973</coverage>
<coverage step="21000">57.1327</coverage>
<coverage step="21280">57.3451</coverage>
<coverage step="21560">57.6283</coverage>
<coverage step="21840">57.6637</coverage>
<coverage step="22120">57.9469</coverage>
<coverage step="22400">58.3009</coverage>
<coverage step="22680">58.3009</coverage>
<coverage step="22960">58.4071</coverage>
<coverage step="23240">58.4779</coverage>
<coverage step="23520">58.6549</coverage>
<coverage step="23800">58.7611</coverage>
<coverage step="24080">58.9027</coverage>
<coverage step="24360">58.9381</coverage>
<coverage step="24640">58.9381</coverage>
<coverage step="24920">59.115</coverage>
<coverage step="25200">59.2566</coverage>
<coverage step="25480">59.292</coverage>
<coverage step="25760">59.292</coverage>
<coverage step="26040">59.3628</coverage>
<coverage step="26320">59.469</coverage>
<coverage step="26600">59.646</coverage>
<coverage step="26880">59.646</coverage>
<coverage step="27160">59.7168</coverage>
<coverage step="27440">59.823</coverage>
<coverage step="27720">59.8584</coverage>
<coverage step="28000">59.8938</coverage>
<rw-visits order="1">93</rw-visits>
<rw-visits order="9">80</rw-visits>
<rw-visits order="17">76</rw-visits>
<rw-visits order="25">73</rw-visits>
<rw-visits order="33">69</rw-visits>
<rw-visits order="41">66</rw-visits>
<rw-visits order="49">63</rw-visits>
<rw-visits order="57">61</rw-visits>
<rw-visits order="65">61</rw-visits>
<rw-visits order="73">60</rw-visits>
<rw-visits order="81">58</rw-visits>
<rw-visits order="89">57</rw-visits>
<rw-visits order="97">56</rw-visits>
<rw-visits order="105">55</rw-visits>
<rw-visits order="113">54</rw-visits>
<rw-visits order="121">52</rw-visits>
<rw-visits order="129">51</rw-visits>
<rw-visits order="137">49</rw-visits>
<rw-visits order="145">48</rw-visits>
<rw-visits order="153">48</rw-visits>
<rw-visits order="161">47</rw-visits>
<rw-visits order="169">46</rw-visits>
<rw-visits order="177">46</rw-visits>
<rw-visits order="185">45</rw-visits>
<rw-visits order="193">44</rw-visits>
<rw-visits order="201">43</rw-visits>
<rw-visits order="209">42</rw-visits>
<rw-visits order="217">40</rw-visits>
<rw-visits order="225">39</rw-visits>
<rw-visits order="233">38</rw-visits>
<rw-visits order="241">36</rw-visits>
<rw-visits order="249">35</rw-visits>
<rw-visits order="257">34</rw-visits>
<rw-visits order="265">33</rw-visits>
<rw-visits order="273">32</rw-visits>
<rw-visits order="281">31</rw-visits>
<rw-visits order="289">30</rw-visits>
<rw-visits order="297">30</rw-visits>
<rw-visits order="305">29</rw-visits>
<rw-visits order="313">29</rw-visits>
<rw-visits order="321">28</rw-visits>
<rw-visits order="329">28</rw-visits>
<rw-visits order="337">28</rw-visits>
<rw-visits order="345">28</rw-visits>
<rw-visits order="353">27</rw-visits>
<rw-visits order="361">27</rw-visits>
<rw-visits order="369">27</rw-visits>
<rw-visits order="377">26</rw-visits>
<rw-visits order="385">26</rw-visits>
<rw-visits order="393">26</rw-visits>
<rw-visits order="401">25</rw-visits>
<rw-visits order="409">25</rw-visits>
<rw-visits order="417">25</rw-visits>
<rw-visits order="425">24</rw-visits>
<rw-visits order="433">24</rw-visits>
<rw-visits order="441">24</rw-visits>
<rw-visits order="449">24</rw-visits>
<rw-visits order="457">24</rw-visits>
<rw-visits order="465">23</rw-visits>
<rw-visits order="473">23</rw-visits>
<rw-visits order="481">23</rw-visits>
<rw-visits order="489">22</rw-visits>
<rw-visits order="497">22</rw-visits>
<rw-visits order="505">22</rw-visits>
<rw-visits order="513">22</rw-visits>
<rw-visits order="521">21</rw-visits>
<rw-visits order="529">21</rw-visits>
<rw-visits order="537">21</rw-visits>
<rw-visits order="545">21</rw-visits>
<rw-visits order="553">20</rw-visits>
<rw-visits order="561">20</rw-visits>
<rw-visits order="569">20</rw-visits>
<rw-visits order="577">19</rw-visits>
<rw-visits order="585">19</rw-visits>
<rw-visits order="593">19</rw-visits>
<rw-visits order="601">19</rw-visits>
<rw-visits order="609">18</rw-visits>
<rw-visits order="617">18</rw-visits>
<rw-visits order="625">18</rw-visits>
<rw-visits order="633">17</rw-visits>
<rw-visits order="641">17</rw-visits>
<rw-visits order="649">17</rw-visits>
<rw-visits order="657">16</rw-visits>
<rw-visits order="665">16</rw-visits>
<rw-visits order="673">16</rw-visits>
<rw-visits order="681">15</rw-visits>
<rw-visits order="689">15</rw-visits>
<rw-visits order="697">15</rw-visits>
<rw-visits order="705">14</rw-visits>
<rw-visits order="713">14</rw-visits>
<rw-visits order="721">13</rw-visits>
<rw-visits order="729">13</rw-visits>
<rw-visits order="737">12</rw-visits>
<rw-visits order="745">12</rw-visits>
<rw-visits order="753">12</rw-visits>
<rw-visits order="761">11</rw-visits>
<rw-visits order="769">11</rw-visits>
<rw-visits order="777">10</rw-visits>
<rw-visits order="785">10</rw-visits>
<rw-visits order="793">10</rw-visits>
<rw-visits order="801">10</rw-visits>
<rw-visits order="809">9</rw-visits>
<rw-visits order="817">9</rw-visits>
<rw-visits order="825">9</rw-visits>
<rw-visits order="833">9</rw-visits>
<rw-visits order="841">9</rw-visits>
<rw-visits order="849">9</rw-visits>
<rw-visits order="857">8</rw-visits>
<rw-visits order="865">8</rw-visits>
<rw-visits order="873">8</rw-visits>
<rw-visits order="881">8</rw-visits>
<rw-visits order="889">8</rw-visits>
<rw-visits order="897">8</rw-visits>
<rw-visits order="905">8</rw-visits>
<rw-visits order="913">8</rw-visits>
<rw-visits order="921">7</rw-visits>
<rw-visits order="929">7</rw-visits>
<rw-visits order="937">7</rw-visits>
<rw-visits order="945">7</rw-visits>
<rw-visits order="953">7</rw-visits>
<rw-visits order="961">7</rw-visits>
<rw-visits order="969">7</rw-visits>
<rw-visits order="977">6</rw-visits>
<rw-visits order="985">6</rw-visits>
<rw-visits order="993">6</rw-visits>
<rw-visits order="1001">6</rw-visits>
<rw-visits order="1009">6</rw-visits>
<rw-visits order="1017">6</rw-visits>
<rw-visits order="1025">6</rw-visits>
<rw-visits order="1033">6</rw-visits>
<rw-visits order="1041">5</rw-visits>
<rw-visits order="1049">5</rw-visits>
<rw-visits order="1057">5</rw-visits>
<rw-visits order="1065">5</rw-visits>
<rw-visits order="1073">5</rw-visits>
<rw-visits order="1081">5</rw-visits>
<rw-visits order="1089">5</rw-visits>
<rw-visits order="1097">5</rw-visits>
<rw-visits order="1105">5</rw-visits>
<rw-visits order="1113">5</rw-visits>
<rw-visits order="1121">4</rw-visits>
<rw-visits order="1129">4</rw-visits>
<rw-visits order="1137">4</rw-visits>
<rw-visits order="1145">4</rw-visits>
<rw-visits order="1153">4</rw-visits>
<rw-visits order="1161">4</rw-visits>
<rw-visits order="1169">4</rw-visits>
<rw-visits order="1177">4</rw-visits>
<rw-visits order="1185">4</rw-visits>
<rw-visits order="1193">4</rw-visits>
<rw-visits order="1201">4</rw-visits>
<rw-visits order="1209">3</rw-visits>
<rw-visits order="1217">3</rw-visits>
<rw-visits order="1225">3</rw-visits>
<rw-visits order="1233">3</rw-visits>
<rw-visits order="1241">3</rw-visits>
<rw-visits order="1249">3</rw-visits>
<rw-visits order="1257">3</rw-visits>
<rw-visits order="1265">3</rw-visits>
<rw-visits order="1273">3</rw-visits>
<rw-visits order="1281">3</rw-visits>
<rw-visits order="1289">2</rw-visits>
<rw-visits order="1297">2</rw-visits>
<rw-visits order="1305">2</rw-visits>
<rw-visits order="1313">2</rw-visits>
<rw-visits order="1321">2</rw-visits>
<rw-visits order="1329">2</rw-visits>
<rw-visits order="1337">2</rw-visits>
<rw-visits order="1345">2</rw-visits>
<rw-visits order="1353">2</rw-visits>
<rw-visits order="1361">2</rw-visits>
<rw-visits order="1369">2</rw-visits>
<rw-visits order="1377">2</rw-visits>
<rw-visits order="1385">2</rw-visits>
<rw-visits order="1393">2</rw-visits>
<rw-visits order="1401">2</rw-visits>
<rw-visits order="1409">2</rw-visits>
<rw-visits order="1417">2</rw-visits>
<rw-visits order="1425">2</rw-visits>
<rw-visits order="1433">2</rw-visits>
<rw-visits order="1441">2</rw-visits>
<rw-visits order="1449">1</rw-visits>
<rw-visits order="1457">1</rw-visits>
<rw-visits order="1465">1</rw-visits>
<rw-visits order="1473">1</rw-visits>
<rw-visits order="1481">1</rw-visits>
<rw-visits order="1489">1</rw-visits>
<rw-visits order="1497">1</rw-visits>
<rw-visits order="1505">1</rw-visits>
<rw-visits order="1513">1</rw-visits>
<rw-visits order="1521">1</rw-visits>
<rw-visits order="1529">1</rw-visits>
<rw-visits order="1537">1</rw-visits>
<rw-visits order="1545">1</rw-visits>
<rw-visits order="1553">1</rw-visits>
<rw-visits order="1561">1</rw-visits>
<rw-visits order="1569">1</rw-visits>
<rw-visits order="1577">1</rw-visits>
<rw-visits order="1585">1</rw-visits>
<rw-visits order="1593">1</rw-visits>
<rw-visits order="1601">1</rw-visits>
<rw-visits order="1609">1</rw-visits>
<rw-visits order="1617">1</rw-visits>
<rw-visits order="1625">1</rw-visits>
<rw-visits order="1633">1</rw-visits>
<rw-visits order="1641">1</rw-visits>
<rw-visits order="1649">1</rw-visits>
<rw-visits order="1657">1</rw-visits>
<rw-visits order="1665">1</rw-visits>
<rw-visits order="1673">1</rw-visits>
<rw-visits order="1681">1</rw-visits>
<rw-visits order="1689">1</rw-visits>
<final-coverage>59.9292</final-coverage>
</rw-info>
<local-info>
<diamonds>66.2655</diamonds>
<neighborhood k="4">12</neighborhood>
<clustering k="4">1.27818</clustering>
</local-info>
<label-info>
<edge-label id="0.0+3.14">72</edge-label>
<edge-label id="0.1+3.14">72</edge-label>
<edge-label id="0.2+3.14">72</edge-label>
<edge-label id="0.3+3.14">72</edge-label>
<edge-label id="0.5+2.0">885</edge-label>
<edge-label id="1.0+3.15">72</edge-label>
<edge-label id="1.1+3.15">72</edge-label>
<edge-label id="1.2+3.15">72</edge-label>
<edge-label id="1.3+3.15">72</edge-label>
<edge-label id="1.5+2.1">885</edge-label>
<edge-label id="2.2">132</edge-label>
<edge-label id="2.3">128</edge-label>
<edge-label id="2.4">128</edge-label>
<edge-label id="2.5">132</edge-label>
<edge-label id="3.0">54</edge-label>
<edge-label id="3.1">54</edge-label>
<edge-label id="3.10">48</edge-label>
<edge-label id="3.11">48</edge-label>
<edge-label id="3.12">48</edge-label>
<edge-label id="3.13">48</edge-label>
<edge-label id="3.16+0.4">288</edge-label>
<edge-label id="3.17+1.4">288</edge-label>
<edge-label id="3.18">480</edge-label>
<edge-label id="3.19">480</edge-label>
<edge-label id="3.2">54</edge-label>
<edge-label id="3.3">54</edge-label>
<edge-label id="3.4">66</edge-label>
<edge-label id="3.5">66</edge-label>
<edge-label id="3.6">66</edge-label>
<edge-label id="3.7">66</edge-label>
<edge-label id="3.8">100</edge-label>
<edge-label id="3.9">100</edge-label>
<state-labels procid="0">
<label id="[{0|0},0,{0|0},0,{0|0},0,{0|0},0,0]">295</label>
<label id="[{0|0},0,{0|0},0,{0|0},0,{0|0},0,1]">430</label>
<label id="[{0|0},0,{0|0},0,{0|0},0,{0|0},0,2]">430</label>
<label id="[{0|0},0,{0|0},0,{0|0},0,{0|0},0,3]">294</label>
<label id="[{0|0},0,{0|0},0,{0|0},0,{0|0},1,0]">33</label>
<label id="[{0|0},0,{0|0},0,{0|0},0,{0|0},1,1]">40</label>
<label id="[{0|0},0,{0|0},0,{0|0},0,{0|0},1,2]">39</label>
<label id="[{0|0},0,{0|0},0,{0|0},0,{0|0},1,3]">38</label>
<label id="[{0|0},0,{0|0},0,{0|0},0,{0|1},2,3]">2</label>
<label id="[{0|0},0,{0|0},0,{0|0},0,{1|0},1,0]">33</label>
<label id="[{0|0},0,{0|0},0,{0|0},0,{1|0},1,1]">40</label>
<label id="[{0|0},0,{0|0},0,{0|0},0,{1|0},1,2]">39</label>
<label id="[{0|0},0,{0|0},0,{0|0},0,{1|0},1,3]">38</label>
<label id="[{0|0},0,{0|0},0,{0|0},0,{1|0},2,3]">2</label>
<label id="[{0|0},0,{0|0},0,{0|0},1,{0|0},0,0]">29</label>
<label id="[{0|0},0,{0|0},0,{0|0},1,{0|0},0,1]">36</label>
<label id="[{0|0},0,{0|0},0,{0|0},1,{0|0},0,2]">46</label>
<label id="[{0|0},0,{0|0},0,{0|0},1,{0|0},0,3]">33</label>
<label id="[{0|0},0,{0|0},0,{0|0},1,{1|0},1,2]">6</label>
<label id="[{0|0},0,{0|0},0,{0|0},1,{1|0},1,3]">8</label>
<label id="[{0|0},0,{0|0},0,{0|1},2,{0|0},0,2]">2</label>
<label id="[{0|0},0,{0|0},0,{1|0},1,{0|0},0,0]">29</label>
<label id="[{0|0},0,{0|0},0,{1|0},1,{0|0},0,1]">36</label>
<label id="[{0|0},0,{0|0},0,{1|0},1,{0|0},0,2]">46</label>
<label id="[{0|0},0,{0|0},0,{1|0},1,{0|0},0,3]">33</label>
<label id="[{0|0},0,{0|0},0,{1|0},1,{0|0},1,2]">6</label>
<label id="[{0|0},0,{0|0},0,{1|0},1,{0|0},1,3]">8</label>
<label id="[{0|0},0,{0|0},0,{1|0},2,{0|0},0,2]">2</label>
<label id="[{0|0},0,{0|0},1,{0|0},0,{0|0},0,0]">25</label>
<label id="[{0|0},0,{0|0},1,{0|0},0,{0|0},0,1]">46</label>
<label id="[{0|0},0,{0|0},1,{0|0},0,{0|0},0,2]">44</label>
<label id="[{0|0},0,{0|0},1,{0|0},0,{0|0},0,3]">29</label>
<label id="[{0|0},0,{0|0},1,{0|0},0,{1|0},1,1]">7</label>
<label id="[{0|0},0,{0|0},1,{0|0},0,{1|0},1,2]">2</label>
<label id="[{0|0},0,{0|0},1,{0|0},0,{1|0},1,3]">7</label>
<label id="[{0|0},0,{0|0},1,{1|0},1,{0|0},0,1]">6</label>
<label id="[{0|0},0,{0|0},1,{1|0},1,{0|0},0,2]">8</label>
<label id="[{0|0},0,{0|1},2,{0|0},0,{0|0},0,1]">2</label>
<label id="[{0|0},0,{1|0},1,{0|0},0,{0|0},0,0]">25</label>
<label id="[{0|0},0,{1|0},1,{0|0},0,{0|0},0,1]">46</label>
<label id="[{0|0},0,{1|0},1,{0|0},0,{0|0},0,2]">44</label>
<label id="[{0|0},0,{1|0},1,{0|0},0,{0|0},0,3]">29</label>
<label id="[{0|0},0,{1|0},1,{0|0},0,{0|0},1,1]">7</label>
<label id="[{0|0},0,{1|0},1,{0|0},0,{0|0},1,2]">2</label>
<label id="[{0|0},0,{1|0},1,{0|0},0,{0|0},1,3]">7</label>
<label id="[{0|0},0,{1|0},1,{0|0},1,{0|0},0,1]">6</label>
<label id="[{0|0},0,{1|0},1,{0|0},1,{0|0},0,2]">8</label>
<label id="[{0|0},0,{1|0},2,{0|0},0,{0|0},0,1]">2</label>
<label id="[{0|0},1,{0|0},0,{0|0},0,{0|0},0,0]">38</label>
<label id="[{0|0},1,{0|0},0,{0|0},0,{0|0},0,1]">47</label>
<label id="[{0|0},1,{0|0},0,{0|0},0,{0|0},0,2]">40</label>
<label id="[{0|0},1,{0|0},0,{0|0},0,{0|0},0,3]">25</label>
<label id="[{0|0},1,{0|0},0,{0|0},0,{1|0},1,0]">8</label>
<label id="[{0|0},1,{0|0},0,{0|0},0,{1|0},1,1]">2</label>
<label id="[{0|0},1,{0|0},0,{0|0},0,{1|0},1,2]">2</label>
<label id="[{0|0},1,{0|0},0,{0|0},0,{1|0},1,3]">6</label>
<label id="[{0|0},1,{0|0},0,{1|0},1,{0|0},0,0]">7</label>
<label id="[{0|0},1,{0|0},0,{1|0},1,{0|0},0,1]">2</label>
<label id="[{0|0},1,{0|0},0,{1|0},1,{0|0},0,2]">7</label>
<label id="[{0|0},1,{1|0},1,{0|0},0,{0|0},0,0]">6</label>
<label id="[{0|0},1,{1|0},1,{0|0},0,{0|0},0,1]">8</label>
<label id="[{0|1},2,{0|0},0,{0|0},0,{0|0},0,0]">2</label>
<label id="[{1|0},1,{0|0},0,{0|0},0,{0|0},0,0]">38</label>
<label id="[{1|0},1,{0|0},0,{0|0},0,{0|0},0,1]">47</label>
<label id="[{1|0},1,{0|0},0,{0|0},0,{0|0},0,2]">40</label>
<label id="[{1|0},1,{0|0},0,{0|0},0,{0|0},0,3]">25</label>
<label id="[{1|0},1,{0|0},0,{0|0},0,{0|0},1,0]">8</label>
<label id="[{1|0},1,{0|0},0,{0|0},0,{0|0},1,1]">2</label>
<label id="[{1|0},1,{0|0},0,{0|0},0,{0|0},1,2]">2</label>
<label id="[{1|0},1,{0|0},0,{0|0},0,{0|0},1,3]">6</label>
<label id="[{1|0},1,{0|0},0,{0|0},1,{0|0},0,0]">7</label>
<label id="[{1|0},1,{0|0},0,{0|0},1,{0|0},0,1]">2</label>
<label id="[{1|0},1,{0|0},0,{0|0},1,{0|0},0,2]">7</label>
<label id="[{1|0},1,{0|0},1,{0|0},0,{0|0},0,0]">6</label>
<label id="[{1|0},1,{0|0},1,{0|0},0,{0|0},0,1]">8</label>
<label id="[{1|0},2,{0|0},0,{0|0},0,{0|0},0,0]">2</label>
</state-labels><state-labels procid="1">
<label id="[0,0]">233</label>
<label id="[0,1]">224</label>
<label id="[0,2]">224</label>
<label id="[0,3]">232</label>
<label id="[1,0]">292</label>
<label id="[1,1]">280</label>
<label id="[1,2]">280</label>
<label id="[1,3]">292</label>
<label id="[2,0]">216</label>
<label id="[2,1]">168</label>
<label id="[2,2]">168</label>
<label id="[2,3]">216</label>
</state-labels><state-labels procid="2">
<label id="[0,0]">233</label>
<label id="[0,1]">224</label>
<label id="[0,2]">224</label>
<label id="[0,3]">232</label>
<label id="[1,0]">292</label>
<label id="[1,1]">280</label>
<label id="[1,2]">280</label>
<label id="[1,3]">292</label>
<label id="[2,0]">216</label>
<label id="[2,1]">168</label>
<label id="[2,2]">168</label>
<label id="[2,3]">216</label>
</state-labels><state-labels procid="3">
<label id="[0,0,0]">293</label>
<label id="[0,0,1]">292</label>
<label id="[0,1,0]">284</label>
<label id="[0,1,1]">284</label>
<label id="[0,2,0]">284</label>
<label id="[0,2,1]">284</label>
<label id="[0,3,0]">292</label>
<label id="[0,3,1]">292</label>
<label id="[1,0,0]">66</label>
<label id="[1,0,1]">66</label>
<label id="[1,1,0]">64</label>
<label id="[1,1,1]">64</label>
<label id="[1,2,0]">64</label>
<label id="[1,2,1]">64</label>
<label id="[1,3,0]">66</label>
<label id="[1,3,1]">66</label>
</state-labels><state-labels procid="4">
<label id="[0,0,0,0]">177</label>
<label id="[0,0,1,0]">176</label>
<label id="[0,0,2,0]">176</label>
<label id="[0,0,3,0]">176</label>
<label id="[1,0,0,0]">108</label>
<label id="[1,0,1,0]">88</label>
<label id="[1,0,2,0]">88</label>
<label id="[1,0,3,0]">108</label>
<label id="[2,0,0,0]">24</label>
<label id="[2,0,0,1]">24</label>
<label id="[2,0,1,0]">24</label>
<label id="[2,0,1,1]">24</label>
<label id="[2,0,2,0]">24</label>
<label id="[2,0,2,1]">24</label>
<label id="[2,0,3,0]">24</label>
<label id="[2,0,3,1]">24</label>
<label id="[3,0,1,0]">48</label>
<label id="[3,0,1,1]">48</label>
<label id="[3,0,2,0]">72</label>
<label id="[3,0,2,1]">72</label>
<label id="[3,0,3,0]">96</label>
<label id="[3,0,3,1]">96</label>
<label id="[3,1,0,0]">48</label>
<label id="[3,1,0,1]">48</label>
<label id="[3,1,2,0]">48</label>
<label id="[3,1,2,1]">48</label>
<label id="[3,1,3,0]">72</label>
<label id="[3,1,3,1]">72</label>
<label id="[3,2,0,0]">72</label>
<label id="[3,2,0,1]">72</label>
<label id="[3,2,1,0]">48</label>
<label id="[3,2,1,1]">48</label>
<label id="[3,2,3,0]">48</label>
<label id="[3,2,3,1]">48</label>
<label id="[3,3,0,0]">96</label>
<label id="[3,3,0,1]">96</label>
<label id="[3,3,1,0]">72</label>
<label id="[3,3,1,1]">72</label>
<label id="[3,3,2,0]">48</label>
<label id="[3,3,2,1]">48</label>
</state-labels></label-info>
</state-space-info>
