<?xml version="1.0"?>
<!DOCTYPE state-space-info SYSTEM "../../state_space_info.dtd">


<state-space-info>
<states>8543</states>
<edges>15914</edges>
<bfs-info>
 <levels>63</levels>
<max-level>372</max-level>

<back-level-edges>4290</back-level-edges>
<max-back-level-edge>40</max-back-level-edge>
<avg-back-level-edge>15.3958</avg-back-level-edge>
<bfs-levels>
<level id="0"><states>1</states><edges>2</edges></level>
<level id="1"><states>2</states><edges>2</edges></level>
<level id="2"><states>2</states><edges>4</edges></level>
<level id="3"><states>4</states><edges>8</edges></level>
<level id="4"><states>6</states><edges>16</edges></level>
<level id="5"><states>12</states><edges>28</edges></level>
<level id="6"><states>18</states><edges>40</edges></level>
<level id="7"><states>24</states><edges>40</edges></level>
<level id="8"><states>24</states><edges>36</edges></level>
<level id="9"><states>22</states><edges>34</edges></level>
<level id="10"><states>24</states><edges>40</edges></level>
<level id="11"><states>30</states><edges>50</edges></level>
<level id="12"><states>38</states><edges>78</edges></level>
<level id="13"><states>60</states><edges>116</edges></level>
<level id="14"><states>78</states><edges>164</edges></level>
<level id="15"><states>110</states><edges>190</edges></level>
<level id="16"><states>118</states><edges>216</edges></level>
<level id="17"><states>140</states><edges>232</edges></level>
<level id="18"><states>152</states><edges>268</edges></level>
<level id="19"><states>174</states><edges>292</edges></level>
<level id="20"><states>192</states><edges>348</edges></level>
<level id="21"><states>224</states><edges>370</edges></level>
<level id="22"><states>222</states><edges>392</edges></level>
<level id="23"><states>242</states><edges>406</edges></level>
<level id="24"><states>242</states><edges>456</edges></level>
<level id="25"><states>284</states><edges>494</edges></level>
<level id="26"><states>292</states><edges>554</edges></level>
<level id="27"><states>338</states><edges>590</edges></level>
<level id="28"><states>338</states><edges>634</edges></level>
<level id="29"><states>372</states><edges>646</edges></level>
<level id="30"><states>364</states><edges>652</edges></level>
<level id="31"><states>366</states><edges>626</edges></level>
<level id="32"><states>326</states><edges>602</edges></level>
<level id="33"><states>332</states><edges>594</edges></level>
<level id="34"><states>310</states><edges>582</edges></level>
<level id="35"><states>316</states><edges>584</edges></level>
<level id="36"><states>298</states><edges>560</edges></level>
<level id="37"><states>274</states><edges>498</edges></level>
<level id="38"><states>220</states><edges>456</edges></level>
<level id="39"><states>222</states><edges>416</edges></level>
<level id="40"><states>176</states><edges>346</edges></level>
<level id="41"><states>164</states><edges>336</edges></level>
<level id="42"><states>144</states><edges>302</edges></level>
<level id="43"><states>146</states><edges>326</edges></level>
<level id="44"><states>166</states><edges>330</edges></level>
<level id="45"><states>142</states><edges>314</edges></level>
<level id="46"><states>160</states><edges>316</edges></level>
<level id="47"><states>118</states><edges>252</edges></level>
<level id="48"><states>114</states><edges>228</edges></level>
<level id="49"><states>72</states><edges>162</edges></level>
<level id="50"><states>70</states><edges>140</edges></level>
<level id="51"><states>48</states><edges>108</edges></level>
<level id="52"><states>48</states><edges>96</edges></level>
<level id="53"><states>34</states><edges>74</edges></level>
<level id="54"><states>28</states><edges>56</edges></level>
<level id="55"><states>20</states><edges>46</edges></level>
<level id="56"><states>20</states><edges>40</edges></level>
<level id="57"><states>14</states><edges>34</edges></level>
<level id="58"><states>18</states><edges>36</edges></level>
<level id="59"><states>12</states><edges>24</edges></level>
<level id="60"><states>10</states><edges>20</edges></level>
<level id="61"><states>4</states><edges>8</edges></level>
<level id="62"><states>2</states><edges>4</edges></level>
</bfs-levels>
<back-level-length id="0">0</back-level-length>
<back-level-length id="1">5.87413</back-level-length>
<back-level-length id="2">0</back-level-length>
<back-level-length id="3">3.68298</back-level-length>
<back-level-length id="4">0</back-level-length>
<back-level-length id="5">17.8089</back-level-length>
<back-level-length id="6">0.0932401</back-level-length>
<back-level-length id="7">5.36131</back-level-length>
<back-level-length id="8">0.0932401</back-level-length>
<back-level-length id="9">3.21678</back-level-length>
<back-level-length id="10">0.792541</back-level-length>
<back-level-length id="11">2.28438</back-level-length>
<back-level-length id="12">2.37762</back-level-length>
<back-level-length id="13">1.1655</back-level-length>
<back-level-length id="14">0.37296</back-level-length>
<back-level-length id="15">2.05128</back-level-length>
<back-level-length id="16">5.73427</back-level-length>
<back-level-length id="17">1.07226</back-level-length>
<back-level-length id="18">8.06527</back-level-length>
<back-level-length id="19">1.11888</back-level-length>
<back-level-length id="20">9.60373</back-level-length>
<back-level-length id="21">2.23776</back-level-length>
<back-level-length id="22">5.82751</back-level-length>
<back-level-length id="23">1.11888</back-level-length>
<back-level-length id="24">1.3986</back-level-length>
<back-level-length id="25">1.11888</back-level-length>
<back-level-length id="26">7.27273</back-level-length>
<back-level-length id="27">0</back-level-length>
<back-level-length id="28">1.1655</back-level-length>
<back-level-length id="29">0</back-level-length>
<back-level-length id="30">3.12354</back-level-length>
<back-level-length id="31">0</back-level-length>
<back-level-length id="32">1.95804</back-level-length>
<back-level-length id="33">0</back-level-length>
<back-level-length id="34">2.0979</back-level-length>
<back-level-length id="35">0</back-level-length>
<back-level-length id="36">0.932401</back-level-length>
<back-level-length id="37">0</back-level-length>
<back-level-length id="38">0</back-level-length>
<back-level-length id="39">0</back-level-length>
<back-level-length id="40">0.979021</back-level-length>
</bfs-info>
<degrees>
<avg>1.86281</avg>
<max-in>9</max-in>
<max-out>5</max-out>
<degree id="0"><in>1</in><out>0</out></degree>
<degree id="1"><in>5550</in><out>2132</out></degree>
<degree id="2"><in>1472</in><out>6061</out></degree>
<degree id="3"><in>200</in><out>0</out></degree>
<degree id="4"><in>180</in><out>90</out></degree>
<degree id="5"><in>860</in><out>260</out></degree>
<degree id="6"><in>240</in><out>0</out></degree>
<degree id="7"><in>0</in><out>0</out></degree>
<degree id="8"><in>0</in><out>0</out></degree>
<degree id="9"><in>40</in><out>0</out></degree>
</degrees>
<scc-info>
<count>4</count>
<height>2</height>
<nontrivial-height>1</nontrivial-height>
<trivial>3</trivial>
<terminal>1</terminal>
<largest>8540</largest>
<largest-position> the only terminal</largest-position>
</scc-info>
<dfs-info>
<stack-size id="42">0.444809</stack-size>
<stack-size id="84">0.784268</stack-size>
<stack-size id="126">1.2759</stack-size>
<stack-size id="168">1.67389</stack-size>
<stack-size id="210">2.00164</stack-size>
<stack-size id="252">2.45815</stack-size>
<stack-size id="294">2.73908</stack-size>
<stack-size id="336">3.11366</stack-size>
<stack-size id="378">3.49994</stack-size>
<stack-size id="420">3.68723</stack-size>
<stack-size id="462">3.81599</stack-size>
<stack-size id="504">4.01498</stack-size>
<stack-size id="546">4.33103</stack-size>
<stack-size id="588">4.6822</stack-size>
<stack-size id="630">4.83437</stack-size>
<stack-size id="672">5.25576</stack-size>
<stack-size id="714">5.41964</stack-size>
<stack-size id="756">5.67716</stack-size>
<stack-size id="798">6.07515</stack-size>
<stack-size id="840">6.1922</stack-size>
<stack-size id="882">6.3912</stack-size>
<stack-size id="924">6.67213</stack-size>
<stack-size id="966">6.85942</stack-size>
<stack-size id="1008">7.17547</stack-size>
<stack-size id="1050">7.52663</stack-size>
<stack-size id="1092">7.63198</stack-size>
<stack-size id="1134">7.76074</stack-size>
<stack-size id="1176">7.97144</stack-size>
<stack-size id="1218">8.25237</stack-size>
<stack-size id="1260">8.3109</stack-size>
<stack-size id="1302">8.58012</stack-size>
<stack-size id="1344">8.88447</stack-size>
<stack-size id="1386">8.9547</stack-size>
<stack-size id="1428">9.15369</stack-size>
<stack-size id="1470">9.35269</stack-size>
<stack-size id="1512">9.49315</stack-size>
<stack-size id="1554">9.83261</stack-size>
<stack-size id="1596">9.7975</stack-size>
<stack-size id="1638">10.137</stack-size>
<stack-size id="1680">10.2891</stack-size>
<stack-size id="1722">10.4764</stack-size>
<stack-size id="1764">10.5232</stack-size>
<stack-size id="1806">10.5818</stack-size>
<stack-size id="1848">10.7691</stack-size>
<stack-size id="1890">10.968</stack-size>
<stack-size id="1932">11.0383</stack-size>
<stack-size id="1974">11.0617</stack-size>
<stack-size id="2016">11.2022</stack-size>
<stack-size id="2058">11.2373</stack-size>
<stack-size id="2100">11.5182</stack-size>
<stack-size id="2142">11.7172</stack-size>
<stack-size id="2184">11.7874</stack-size>
<stack-size id="2226">12.0567</stack-size>
<stack-size id="2268">12.3142</stack-size>
<stack-size id="2310">12.6185</stack-size>
<stack-size id="2352">12.6068</stack-size>
<stack-size id="2394">12.7824</stack-size>
<stack-size id="2436">13.1219</stack-size>
<stack-size id="2478">13.0984</stack-size>
<stack-size id="2520">13.0399</stack-size>
<stack-size id="2562">13.2038</stack-size>
<stack-size id="2604">13.274</stack-size>
<stack-size id="2646">13.6486</stack-size>
<stack-size id="2688">13.7305</stack-size>
<stack-size id="2730">13.9881</stack-size>
<stack-size id="2772">14.2222</stack-size>
<stack-size id="2814">14.4329</stack-size>
<stack-size id="2856">14.4914</stack-size>
<stack-size id="2898">14.6787</stack-size>
<stack-size id="2940">14.9128</stack-size>
<stack-size id="2982">15.1352</stack-size>
<stack-size id="3024">15.3108</stack-size>
<stack-size id="3066">15.4395</stack-size>
<stack-size id="3108">15.463</stack-size>
<stack-size id="3150">15.6268</stack-size>
<stack-size id="3192">15.4981</stack-size>
<stack-size id="3234">15.7556</stack-size>
<stack-size id="3276">15.8258</stack-size>
<stack-size id="3318">16.1302</stack-size>
<stack-size id="3360">16.3292</stack-size>
<stack-size id="3402">16.3409</stack-size>
<stack-size id="3444">16.3175</stack-size>
<stack-size id="3486">16.376</stack-size>
<stack-size id="3528">16.575</stack-size>
<stack-size id="3570">16.7154</stack-size>
<stack-size id="3612">16.692</stack-size>
<stack-size id="3654">16.5282</stack-size>
<stack-size id="3696">16.3175</stack-size>
<stack-size id="3738">16.4462</stack-size>
<stack-size id="3780">16.5047</stack-size>
<stack-size id="3822">16.575</stack-size>
<stack-size id="3864">16.7037</stack-size>
<stack-size id="3906">16.5516</stack-size>
<stack-size id="3948">16.5047</stack-size>
<stack-size id="3990">16.4579</stack-size>
<stack-size id="4032">16.5399</stack-size>
<stack-size id="4074">16.5399</stack-size>
<stack-size id="4116">16.5399</stack-size>
<stack-size id="4158">16.5984</stack-size>
<stack-size id="4200">16.7506</stack-size>
<stack-size id="4242">16.8325</stack-size>
<stack-size id="4284">16.9261</stack-size>
<stack-size id="4326">16.973</stack-size>
<stack-size id="4368">16.7623</stack-size>
<stack-size id="4410">16.493</stack-size>
<stack-size id="4452">16.6686</stack-size>
<stack-size id="4494">16.7623</stack-size>
<stack-size id="4536">16.774</stack-size>
<stack-size id="4578">16.575</stack-size>
<stack-size id="4620">15.9663</stack-size>
<stack-size id="4662">15.9897</stack-size>
<stack-size id="4704">15.6971</stack-size>
<stack-size id="4746">15.8961</stack-size>
<stack-size id="4788">15.978</stack-size>
<stack-size id="4830">15.8375</stack-size>
<stack-size id="4872">16.177</stack-size>
<stack-size id="4914">16.0599</stack-size>
<stack-size id="4956">16.1536</stack-size>
<stack-size id="4998">15.1703</stack-size>
<stack-size id="5040">15.1001</stack-size>
<stack-size id="5082">15.0298</stack-size>
<stack-size id="5124">14.7489</stack-size>
<stack-size id="5166">14.7138</stack-size>
<stack-size id="5208">14.7606</stack-size>
<stack-size id="5250">13.9178</stack-size>
<stack-size id="5292">13.9295</stack-size>
<stack-size id="5334">14.0583</stack-size>
<stack-size id="5376">14.1871</stack-size>
<stack-size id="5418">14.1519</stack-size>
<stack-size id="5460">13.7891</stack-size>
<stack-size id="5502">13.9178</stack-size>
<stack-size id="5544">13.6603</stack-size>
<stack-size id="5586">13.6252</stack-size>
<stack-size id="5628">13.2974</stack-size>
<stack-size id="5670">13.2974</stack-size>
<stack-size id="5712">13.1336</stack-size>
<stack-size id="5754">12.2322</stack-size>
<stack-size id="5796">11.3426</stack-size>
<stack-size id="5838">11.1436</stack-size>
<stack-size id="5880">11.1202</stack-size>
<stack-size id="5922">10.3359</stack-size>
<stack-size id="5964">10.3125</stack-size>
<stack-size id="6006">8.90788</stack-size>
<stack-size id="6048">8.83764</stack-size>
<stack-size id="6090">8.63865</stack-size>
<stack-size id="6132">8.76741</stack-size>
<stack-size id="6174">8.77912</stack-size>
<stack-size id="6216">8.39284</stack-size>
<stack-size id="6258">8.50989</stack-size>
<stack-size id="6300">8.55671</stack-size>
<stack-size id="6342">8.25237</stack-size>
<stack-size id="6384">7.99485</stack-size>
<stack-size id="6426">8.00656</stack-size>
<stack-size id="6468">7.52663</stack-size>
<stack-size id="6510">7.60857</stack-size>
<stack-size id="6552">7.31593</stack-size>
<stack-size id="6594">7.12864</stack-size>
<stack-size id="6636">7.29252</stack-size>
<stack-size id="6678">6.67213</stack-size>
<stack-size id="6720">6.59019</stack-size>
<stack-size id="6762">6.30926</stack-size>
<stack-size id="6804">6.44972</stack-size>
<stack-size id="6846">6.02833</stack-size>
<stack-size id="6888">6.00492</stack-size>
<stack-size id="6930">5.67716</stack-size>
<stack-size id="6972">5.71228</stack-size>
<stack-size id="7014">5.40794</stack-size>
<stack-size id="7056">5.39623</stack-size>
<stack-size id="7098">5.16212</stack-size>
<stack-size id="7140">5.13871</stack-size>
<stack-size id="7182">5.23235</stack-size>
<stack-size id="7224">4.76413</stack-size>
<stack-size id="7266">4.79925</stack-size>
<stack-size id="7308">4.34274</stack-size>
<stack-size id="7350">4.43638</stack-size>
<stack-size id="7392">3.93304</stack-size>
<stack-size id="7434">3.76917</stack-size>
<stack-size id="7476">3.86281</stack-size>
<stack-size id="7518">3.617</stack-size>
<stack-size id="7560">3.64041</stack-size>
<stack-size id="7602">3.34777</stack-size>
<stack-size id="7644">3.34777</stack-size>
<stack-size id="7686">2.86785</stack-size>
<stack-size id="7728">2.97319</stack-size>
<stack-size id="7770">2.82102</stack-size>
<stack-size id="7812">2.75079</stack-size>
<stack-size id="7854">2.69226</stack-size>
<stack-size id="7896">2.20063</stack-size>
<stack-size id="7938">2.3528</stack-size>
<stack-size id="7980">2.18893</stack-size>
<stack-size id="8022">2.08358</stack-size>
<stack-size id="8064">2.02505</stack-size>
<stack-size id="8106">1.87288</stack-size>
<stack-size id="8148">1.87288</stack-size>
<stack-size id="8190">1.54512</stack-size>
<stack-size id="8232">1.4866</stack-size>
<stack-size id="8274">1.60365</stack-size>
<stack-size id="8316">0.936439</stack-size>
<stack-size id="8358">0.936439</stack-size>
<stack-size id="8400">0.573569</stack-size>
<stack-size id="8442">0.46822</stack-size>
<stack-size id="8484">0.620391</stack-size>
<stack-size id="8526">0.0819384</stack-size>
<max-stack>1455</max-stack>
<front-edges>8542</front-edges>
<back-edges>1080</back-edges>
<cross-edges>6292</cross-edges>
<shortest-cycle>19</shortest-cycle>
</dfs-info>
<rw-info>
<coverage step="840">7.87779</coverage>
<coverage step="1680">12.7824</coverage>
<coverage step="2520">16.3643</coverage>
<coverage step="3360">18.6</coverage>
<coverage step="4200">20.3324</coverage>
<coverage step="5040">21.7956</coverage>
<coverage step="5880">22.8491</coverage>
<coverage step="6720">23.8441</coverage>
<coverage step="7560">24.5113</coverage>
<coverage step="8400">25.237</coverage>
<coverage step="9240">26.1149</coverage>
<coverage step="10080">26.6417</coverage>
<coverage step="10920">27.4728</coverage>
<coverage step="11760">28.0464</coverage>
<coverage step="12600">28.6433</coverage>
<coverage step="13440">29.2403</coverage>
<coverage step="14280">29.6032</coverage>
<coverage step="15120">29.8373</coverage>
<coverage step="15960">30.6567</coverage>
<coverage step="16800">30.8206</coverage>
<coverage step="17640">31.1132</coverage>
<coverage step="18480">31.3239</coverage>
<coverage step="19320">31.7453</coverage>
<coverage step="20160">32.272</coverage>
<coverage step="21000">32.8222</coverage>
<coverage step="21840">33.1265</coverage>
<coverage step="22680">33.2904</coverage>
<coverage step="23520">33.5713</coverage>
<coverage step="24360">33.8289</coverage>
<coverage step="25200">33.8874</coverage>
<coverage step="26040">34.2503</coverage>
<coverage step="26880">34.5312</coverage>
<coverage step="27720">34.6014</coverage>
<coverage step="28560">34.8941</coverage>
<coverage step="29400">34.976</coverage>
<coverage step="30240">35.3272</coverage>
<coverage step="31080">35.7954</coverage>
<coverage step="31920">35.889</coverage>
<coverage step="32760">36.0763</coverage>
<coverage step="33600">36.369</coverage>
<coverage step="34440">36.6265</coverage>
<coverage step="35280">36.7552</coverage>
<coverage step="36120">36.8723</coverage>
<coverage step="36960">37.1064</coverage>
<coverage step="37800">37.3522</coverage>
<coverage step="38640">37.4459</coverage>
<coverage step="39480">37.6449</coverage>
<coverage step="40320">37.8907</coverage>
<coverage step="41160">38.078</coverage>
<coverage step="42000">38.2301</coverage>
<coverage step="42840">38.3472</coverage>
<coverage step="43680">38.4877</coverage>
<coverage step="44520">38.5228</coverage>
<coverage step="45360">38.6866</coverage>
<coverage step="46200">38.9442</coverage>
<coverage step="47040">39.2017</coverage>
<coverage step="47880">39.2368</coverage>
<coverage step="48720">39.2719</coverage>
<coverage step="49560">39.3304</coverage>
<coverage step="50400">39.4592</coverage>
<coverage step="51240">39.5763</coverage>
<coverage step="52080">39.588</coverage>
<coverage step="52920">39.7753</coverage>
<coverage step="53760">39.8572</coverage>
<coverage step="54600">39.9508</coverage>
<coverage step="55440">40.0679</coverage>
<coverage step="56280">40.1615</coverage>
<coverage step="57120">40.2435</coverage>
<coverage step="57960">40.5712</coverage>
<coverage step="58800">40.6063</coverage>
<coverage step="59640">40.7117</coverage>
<coverage step="60480">40.7351</coverage>
<coverage step="61320">40.817</coverage>
<coverage step="62160">40.8522</coverage>
<coverage step="63000">40.9692</coverage>
<coverage step="63840">41.0512</coverage>
<coverage step="64680">41.1682</coverage>
<coverage step="65520">41.2267</coverage>
<coverage step="66360">41.3321</coverage>
<coverage step="67200">41.4023</coverage>
<coverage step="68040">41.4374</coverage>
<coverage step="68880">41.4843</coverage>
<coverage step="69720">41.613</coverage>
<coverage step="70560">41.8237</coverage>
<coverage step="71400">41.8354</coverage>
<coverage step="72240">41.8939</coverage>
<coverage step="73080">41.9993</coverage>
<coverage step="73920">42.0812</coverage>
<coverage step="74760">42.1515</coverage>
<coverage step="75600">42.3739</coverage>
<coverage step="76440">42.5963</coverage>
<coverage step="77280">42.725</coverage>
<coverage step="78120">42.7953</coverage>
<coverage step="78960">42.8304</coverage>
<coverage step="79800">42.9006</coverage>
<coverage step="80640">42.9123</coverage>
<coverage step="81480">42.9474</coverage>
<coverage step="82320">43.0528</coverage>
<coverage step="83160">43.1933</coverage>
<coverage step="84000">43.2518</coverage>
<coverage step="84840">43.2986</coverage>
<rw-visits order="1">182</rw-visits>
<rw-visits order="19">156</rw-visits>
<rw-visits order="37">144</rw-visits>
<rw-visits order="55">130</rw-visits>
<rw-visits order="73">124</rw-visits>
<rw-visits order="91">113</rw-visits>
<rw-visits order="109">108</rw-visits>
<rw-visits order="127">101</rw-visits>
<rw-visits order="145">94</rw-visits>
<rw-visits order="163">89</rw-visits>
<rw-visits order="181">83</rw-visits>
<rw-visits order="199">77</rw-visits>
<rw-visits order="217">74</rw-visits>
<rw-visits order="235">73</rw-visits>
<rw-visits order="253">71</rw-visits>
<rw-visits order="271">68</rw-visits>
<rw-visits order="289">65</rw-visits>
<rw-visits order="307">64</rw-visits>
<rw-visits order="325">62</rw-visits>
<rw-visits order="343">61</rw-visits>
<rw-visits order="361">60</rw-visits>
<rw-visits order="379">58</rw-visits>
<rw-visits order="397">56</rw-visits>
<rw-visits order="415">55</rw-visits>
<rw-visits order="433">53</rw-visits>
<rw-visits order="451">52</rw-visits>
<rw-visits order="469">51</rw-visits>
<rw-visits order="487">50</rw-visits>
<rw-visits order="505">49</rw-visits>
<rw-visits order="523">48</rw-visits>
<rw-visits order="541">47</rw-visits>
<rw-visits order="559">46</rw-visits>
<rw-visits order="577">46</rw-visits>
<rw-visits order="595">44</rw-visits>
<rw-visits order="613">44</rw-visits>
<rw-visits order="631">43</rw-visits>
<rw-visits order="649">43</rw-visits>
<rw-visits order="667">42</rw-visits>
<rw-visits order="685">41</rw-visits>
<rw-visits order="703">41</rw-visits>
<rw-visits order="721">41</rw-visits>
<rw-visits order="739">40</rw-visits>
<rw-visits order="757">40</rw-visits>
<rw-visits order="775">39</rw-visits>
<rw-visits order="793">39</rw-visits>
<rw-visits order="811">39</rw-visits>
<rw-visits order="829">38</rw-visits>
<rw-visits order="847">38</rw-visits>
<rw-visits order="865">37</rw-visits>
<rw-visits order="883">37</rw-visits>
<rw-visits order="901">36</rw-visits>
<rw-visits order="919">36</rw-visits>
<rw-visits order="937">35</rw-visits>
<rw-visits order="955">34</rw-visits>
<rw-visits order="973">34</rw-visits>
<rw-visits order="991">33</rw-visits>
<rw-visits order="1009">33</rw-visits>
<rw-visits order="1027">32</rw-visits>
<rw-visits order="1045">32</rw-visits>
<rw-visits order="1063">31</rw-visits>
<rw-visits order="1081">31</rw-visits>
<rw-visits order="1099">31</rw-visits>
<rw-visits order="1117">30</rw-visits>
<rw-visits order="1135">30</rw-visits>
<rw-visits order="1153">30</rw-visits>
<rw-visits order="1171">29</rw-visits>
<rw-visits order="1189">28</rw-visits>
<rw-visits order="1207">28</rw-visits>
<rw-visits order="1225">27</rw-visits>
<rw-visits order="1243">26</rw-visits>
<rw-visits order="1261">25</rw-visits>
<rw-visits order="1279">25</rw-visits>
<rw-visits order="1297">24</rw-visits>
<rw-visits order="1315">23</rw-visits>
<rw-visits order="1333">23</rw-visits>
<rw-visits order="1351">22</rw-visits>
<rw-visits order="1369">22</rw-visits>
<rw-visits order="1387">21</rw-visits>
<rw-visits order="1405">21</rw-visits>
<rw-visits order="1423">20</rw-visits>
<rw-visits order="1441">20</rw-visits>
<rw-visits order="1459">19</rw-visits>
<rw-visits order="1477">18</rw-visits>
<rw-visits order="1495">18</rw-visits>
<rw-visits order="1513">18</rw-visits>
<rw-visits order="1531">17</rw-visits>
<rw-visits order="1549">16</rw-visits>
<rw-visits order="1567">16</rw-visits>
<rw-visits order="1585">16</rw-visits>
<rw-visits order="1603">15</rw-visits>
<rw-visits order="1621">15</rw-visits>
<rw-visits order="1639">15</rw-visits>
<rw-visits order="1657">14</rw-visits>
<rw-visits order="1675">14</rw-visits>
<rw-visits order="1693">14</rw-visits>
<rw-visits order="1711">14</rw-visits>
<rw-visits order="1729">13</rw-visits>
<rw-visits order="1747">13</rw-visits>
<rw-visits order="1765">13</rw-visits>
<rw-visits order="1783">12</rw-visits>
<rw-visits order="1801">12</rw-visits>
<rw-visits order="1819">12</rw-visits>
<rw-visits order="1837">11</rw-visits>
<rw-visits order="1855">11</rw-visits>
<rw-visits order="1873">10</rw-visits>
<rw-visits order="1891">10</rw-visits>
<rw-visits order="1909">10</rw-visits>
<rw-visits order="1927">10</rw-visits>
<rw-visits order="1945">9</rw-visits>
<rw-visits order="1963">9</rw-visits>
<rw-visits order="1981">9</rw-visits>
<rw-visits order="1999">9</rw-visits>
<rw-visits order="2017">8</rw-visits>
<rw-visits order="2035">8</rw-visits>
<rw-visits order="2053">8</rw-visits>
<rw-visits order="2071">8</rw-visits>
<rw-visits order="2089">7</rw-visits>
<rw-visits order="2107">7</rw-visits>
<rw-visits order="2125">7</rw-visits>
<rw-visits order="2143">7</rw-visits>
<rw-visits order="2161">6</rw-visits>
<rw-visits order="2179">6</rw-visits>
<rw-visits order="2197">6</rw-visits>
<rw-visits order="2215">6</rw-visits>
<rw-visits order="2233">5</rw-visits>
<rw-visits order="2251">5</rw-visits>
<rw-visits order="2269">5</rw-visits>
<rw-visits order="2287">5</rw-visits>
<rw-visits order="2305">5</rw-visits>
<rw-visits order="2323">5</rw-visits>
<rw-visits order="2341">5</rw-visits>
<rw-visits order="2359">4</rw-visits>
<rw-visits order="2377">4</rw-visits>
<rw-visits order="2395">4</rw-visits>
<rw-visits order="2413">4</rw-visits>
<rw-visits order="2431">4</rw-visits>
<rw-visits order="2449">4</rw-visits>
<rw-visits order="2467">4</rw-visits>
<rw-visits order="2485">3</rw-visits>
<rw-visits order="2503">3</rw-visits>
<rw-visits order="2521">3</rw-visits>
<rw-visits order="2539">3</rw-visits>
<rw-visits order="2557">3</rw-visits>
<rw-visits order="2575">3</rw-visits>
<rw-visits order="2593">3</rw-visits>
<rw-visits order="2611">3</rw-visits>
<rw-visits order="2629">3</rw-visits>
<rw-visits order="2647">3</rw-visits>
<rw-visits order="2665">3</rw-visits>
<rw-visits order="2683">3</rw-visits>
<rw-visits order="2701">3</rw-visits>
<rw-visits order="2719">2</rw-visits>
<rw-visits order="2737">2</rw-visits>
<rw-visits order="2755">2</rw-visits>
<rw-visits order="2773">2</rw-visits>
<rw-visits order="2791">2</rw-visits>
<rw-visits order="2809">2</rw-visits>
<rw-visits order="2827">2</rw-visits>
<rw-visits order="2845">2</rw-visits>
<rw-visits order="2863">2</rw-visits>
<rw-visits order="2881">2</rw-visits>
<rw-visits order="2899">2</rw-visits>
<rw-visits order="2917">2</rw-visits>
<rw-visits order="2935">2</rw-visits>
<rw-visits order="2953">2</rw-visits>
<rw-visits order="2971">2</rw-visits>
<rw-visits order="2989">2</rw-visits>
<rw-visits order="3007">2</rw-visits>
<rw-visits order="3025">2</rw-visits>
<rw-visits order="3043">1</rw-visits>
<rw-visits order="3061">1</rw-visits>
<rw-visits order="3079">1</rw-visits>
<rw-visits order="3097">1</rw-visits>
<rw-visits order="3115">1</rw-visits>
<rw-visits order="3133">1</rw-visits>
<rw-visits order="3151">1</rw-visits>
<rw-visits order="3169">1</rw-visits>
<rw-visits order="3187">1</rw-visits>
<rw-visits order="3205">1</rw-visits>
<rw-visits order="3223">1</rw-visits>
<rw-visits order="3241">1</rw-visits>
<rw-visits order="3259">1</rw-visits>
<rw-visits order="3277">1</rw-visits>
<rw-visits order="3295">1</rw-visits>
<rw-visits order="3313">1</rw-visits>
<rw-visits order="3331">1</rw-visits>
<rw-visits order="3349">1</rw-visits>
<rw-visits order="3367">1</rw-visits>
<rw-visits order="3385">1</rw-visits>
<rw-visits order="3403">1</rw-visits>
<rw-visits order="3421">1</rw-visits>
<rw-visits order="3439">1</rw-visits>
<rw-visits order="3457">1</rw-visits>
<rw-visits order="3475">1</rw-visits>
<rw-visits order="3493">1</rw-visits>
<rw-visits order="3511">1</rw-visits>
<rw-visits order="3529">1</rw-visits>
<rw-visits order="3547">1</rw-visits>
<rw-visits order="3565">1</rw-visits>
<rw-visits order="3583">1</rw-visits>
<rw-visits order="3601">1</rw-visits>
<rw-visits order="3619">1</rw-visits>
<rw-visits order="3637">1</rw-visits>
<rw-visits order="3655">1</rw-visits>
<rw-visits order="3673">1</rw-visits>
<rw-visits order="3691">1</rw-visits>
<final-coverage>43.4157</final-coverage>
</rw-info>
<local-info>
<diamonds>63.3267</diamonds>
<neighborhood k="4">12</neighborhood>
<clustering k="4">1.28107</clustering>
</local-info>
<label-info>
<edge-label id="0.0+3.17">140</edge-label>
<edge-label id="0.1+3.17">140</edge-label>
<edge-label id="0.2+3.17">140</edge-label>
<edge-label id="0.3+3.17">140</edge-label>
<edge-label id="0.4+3.17">140</edge-label>
<edge-label id="0.6+2.0">2971</edge-label>
<edge-label id="1.0+3.18">140</edge-label>
<edge-label id="1.1+3.18">140</edge-label>
<edge-label id="1.2+3.18">140</edge-label>
<edge-label id="1.3+3.18">140</edge-label>
<edge-label id="1.4+3.18">140</edge-label>
<edge-label id="1.6+2.1">2971</edge-label>
<edge-label id="2.2">322</edge-label>
<edge-label id="2.3">314</edge-label>
<edge-label id="2.4">312</edge-label>
<edge-label id="2.5">314</edge-label>
<edge-label id="2.6">320</edge-label>
<edge-label id="3.0">276</edge-label>
<edge-label id="3.1">276</edge-label>
<edge-label id="3.10">280</edge-label>
<edge-label id="3.11">280</edge-label>
<edge-label id="3.12">70</edge-label>
<edge-label id="3.13">70</edge-label>
<edge-label id="3.14">70</edge-label>
<edge-label id="3.15">70</edge-label>
<edge-label id="3.16">70</edge-label>
<edge-label id="3.19+0.5">700</edge-label>
<edge-label id="3.2">276</edge-label>
<edge-label id="3.20+1.5">700</edge-label>
<edge-label id="3.21">1400</edge-label>
<edge-label id="3.22">1400</edge-label>
<edge-label id="3.3">276</edge-label>
<edge-label id="3.4">276</edge-label>
<edge-label id="3.5">100</edge-label>
<edge-label id="3.6">100</edge-label>
<edge-label id="3.7">100</edge-label>
<edge-label id="3.8">100</edge-label>
<edge-label id="3.9">100</edge-label>
<state-labels procid="0">
<label id="[{0|0},0,{0|0},0,{0|0},0,{0|0},0,{0|0},0,0]">711</label>
<label id="[{0|0},0,{0|0},0,{0|0},0,{0|0},0,{0|0},0,1]">1020</label>
<label id="[{0|0},0,{0|0},0,{0|0},0,{0|0},0,{0|0},0,2]">1124</label>
<label id="[{0|0},0,{0|0},0,{0|0},0,{0|0},0,{0|0},0,3]">1020</label>
<label id="[{0|0},0,{0|0},0,{0|0},0,{0|0},0,{0|0},0,4]">708</label>
<label id="[{0|0},0,{0|0},0,{0|0},0,{0|0},0,{0|0},1,0]">39</label>
<label id="[{0|0},0,{0|0},0,{0|0},0,{0|0},0,{0|0},1,1]">58</label>
<label id="[{0|0},0,{0|0},0,{0|0},0,{0|0},0,{0|0},1,2]">67</label>
<label id="[{0|0},0,{0|0},0,{0|0},0,{0|0},0,{0|0},1,3]">68</label>
<label id="[{0|0},0,{0|0},0,{0|0},0,{0|0},0,{0|0},1,4]">103</label>
<label id="[{0|0},0,{0|0},0,{0|0},0,{0|0},0,{0|1},2,4]">6</label>
<label id="[{0|0},0,{0|0},0,{0|0},0,{0|0},0,{1|0},1,0]">39</label>
<label id="[{0|0},0,{0|0},0,{0|0},0,{0|0},0,{1|0},1,1]">58</label>
<label id="[{0|0},0,{0|0},0,{0|0},0,{0|0},0,{1|0},1,2]">67</label>
<label id="[{0|0},0,{0|0},0,{0|0},0,{0|0},0,{1|0},1,3]">68</label>
<label id="[{0|0},0,{0|0},0,{0|0},0,{0|0},0,{1|0},1,4]">103</label>
<label id="[{0|0},0,{0|0},0,{0|0},0,{0|0},0,{1|0},2,4]">6</label>
<label id="[{0|0},0,{0|0},0,{0|0},0,{0|0},1,{0|0},0,0]">42</label>
<label id="[{0|0},0,{0|0},0,{0|0},0,{0|0},1,{0|0},0,1]">59</label>
<label id="[{0|0},0,{0|0},0,{0|0},0,{0|0},1,{0|0},0,2]">68</label>
<label id="[{0|0},0,{0|0},0,{0|0},0,{0|0},1,{0|0},0,3]">115</label>
<label id="[{0|0},0,{0|0},0,{0|0},0,{0|0},1,{0|0},0,4]">39</label>
<label id="[{0|0},0,{0|0},0,{0|0},0,{0|0},1,{1|0},1,3]">14</label>
<label id="[{0|0},0,{0|0},0,{0|0},0,{0|0},1,{1|0},1,4]">13</label>
<label id="[{0|0},0,{0|0},0,{0|0},0,{0|1},2,{0|0},0,3]">6</label>
<label id="[{0|0},0,{0|0},0,{0|0},0,{1|0},1,{0|0},0,0]">42</label>
<label id="[{0|0},0,{0|0},0,{0|0},0,{1|0},1,{0|0},0,1]">59</label>
<label id="[{0|0},0,{0|0},0,{0|0},0,{1|0},1,{0|0},0,2]">68</label>
<label id="[{0|0},0,{0|0},0,{0|0},0,{1|0},1,{0|0},0,3]">115</label>
<label id="[{0|0},0,{0|0},0,{0|0},0,{1|0},1,{0|0},0,4]">39</label>
<label id="[{0|0},0,{0|0},0,{0|0},0,{1|0},1,{0|0},1,3]">14</label>
<label id="[{0|0},0,{0|0},0,{0|0},0,{1|0},1,{0|0},1,4]">13</label>
<label id="[{0|0},0,{0|0},0,{0|0},0,{1|0},2,{0|0},0,3]">6</label>
<label id="[{0|0},0,{0|0},0,{0|0},1,{0|0},0,{0|0},0,0]">43</label>
<label id="[{0|0},0,{0|0},0,{0|0},1,{0|0},0,{0|0},0,1]">60</label>
<label id="[{0|0},0,{0|0},0,{0|0},1,{0|0},0,{0|0},0,2]">119</label>
<label id="[{0|0},0,{0|0},0,{0|0},1,{0|0},0,{0|0},0,3]">55</label>
<label id="[{0|0},0,{0|0},0,{0|0},1,{0|0},0,{0|0},0,4]">42</label>
<label id="[{0|0},0,{0|0},0,{0|0},1,{0|0},0,{1|0},1,2]">14</label>
<label id="[{0|0},0,{0|0},0,{0|0},1,{0|0},0,{1|0},1,3]">4</label>
<label id="[{0|0},0,{0|0},0,{0|0},1,{0|0},0,{1|0},1,4]">14</label>
<label id="[{0|0},0,{0|0},0,{0|0},1,{1|0},1,{0|0},0,2]">14</label>
<label id="[{0|0},0,{0|0},0,{0|0},1,{1|0},1,{0|0},0,3]">13</label>
<label id="[{0|0},0,{0|0},0,{0|1},2,{0|0},0,{0|0},0,2]">6</label>
<label id="[{0|0},0,{0|0},0,{1|0},1,{0|0},0,{0|0},0,0]">43</label>
<label id="[{0|0},0,{0|0},0,{1|0},1,{0|0},0,{0|0},0,1]">60</label>
<label id="[{0|0},0,{0|0},0,{1|0},1,{0|0},0,{0|0},0,2]">119</label>
<label id="[{0|0},0,{0|0},0,{1|0},1,{0|0},0,{0|0},0,3]">55</label>
<label id="[{0|0},0,{0|0},0,{1|0},1,{0|0},0,{0|0},0,4]">42</label>
<label id="[{0|0},0,{0|0},0,{1|0},1,{0|0},0,{0|0},1,2]">14</label>
<label id="[{0|0},0,{0|0},0,{1|0},1,{0|0},0,{0|0},1,3]">4</label>
<label id="[{0|0},0,{0|0},0,{1|0},1,{0|0},0,{0|0},1,4]">14</label>
<label id="[{0|0},0,{0|0},0,{1|0},1,{0|0},1,{0|0},0,2]">14</label>
<label id="[{0|0},0,{0|0},0,{1|0},1,{0|0},1,{0|0},0,3]">13</label>
<label id="[{0|0},0,{0|0},0,{1|0},2,{0|0},0,{0|0},0,2]">6</label>
<label id="[{0|0},0,{0|0},1,{0|0},0,{0|0},0,{0|0},0,0]">44</label>
<label id="[{0|0},0,{0|0},1,{0|0},0,{0|0},0,{0|0},0,1]">115</label>
<label id="[{0|0},0,{0|0},1,{0|0},0,{0|0},0,{0|0},0,2]">63</label>
<label id="[{0|0},0,{0|0},1,{0|0},0,{0|0},0,{0|0},0,3]">58</label>
<label id="[{0|0},0,{0|0},1,{0|0},0,{0|0},0,{0|0},0,4]">43</label>
<label id="[{0|0},0,{0|0},1,{0|0},0,{0|0},0,{1|0},1,1]">14</label>
<label id="[{0|0},0,{0|0},1,{0|0},0,{0|0},0,{1|0},1,2]">4</label>
<label id="[{0|0},0,{0|0},1,{0|0},0,{0|0},0,{1|0},1,3]">4</label>
<label id="[{0|0},0,{0|0},1,{0|0},0,{0|0},0,{1|0},1,4]">14</label>
<label id="[{0|0},0,{0|0},1,{0|0},0,{1|0},1,{0|0},0,1]">14</label>
<label id="[{0|0},0,{0|0},1,{0|0},0,{1|0},1,{0|0},0,2]">4</label>
<label id="[{0|0},0,{0|0},1,{0|0},0,{1|0},1,{0|0},0,3]">14</label>
<label id="[{0|0},0,{0|0},1,{1|0},1,{0|0},0,{0|0},0,1]">14</label>
<label id="[{0|0},0,{0|0},1,{1|0},1,{0|0},0,{0|0},0,2]">13</label>
<label id="[{0|0},0,{0|1},2,{0|0},0,{0|0},0,{0|0},0,1]">6</label>
<label id="[{0|0},0,{1|0},1,{0|0},0,{0|0},0,{0|0},0,0]">44</label>
<label id="[{0|0},0,{1|0},1,{0|0},0,{0|0},0,{0|0},0,1]">115</label>
<label id="[{0|0},0,{1|0},1,{0|0},0,{0|0},0,{0|0},0,2]">63</label>
<label id="[{0|0},0,{1|0},1,{0|0},0,{0|0},0,{0|0},0,3]">58</label>
<label id="[{0|0},0,{1|0},1,{0|0},0,{0|0},0,{0|0},0,4]">43</label>
<label id="[{0|0},0,{1|0},1,{0|0},0,{0|0},0,{0|0},1,1]">14</label>
<label id="[{0|0},0,{1|0},1,{0|0},0,{0|0},0,{0|0},1,2]">4</label>
<label id="[{0|0},0,{1|0},1,{0|0},0,{0|0},0,{0|0},1,3]">4</label>
<label id="[{0|0},0,{1|0},1,{0|0},0,{0|0},0,{0|0},1,4]">14</label>
<label id="[{0|0},0,{1|0},1,{0|0},0,{0|0},1,{0|0},0,1]">14</label>
<label id="[{0|0},0,{1|0},1,{0|0},0,{0|0},1,{0|0},0,2]">4</label>
<label id="[{0|0},0,{1|0},1,{0|0},0,{0|0},1,{0|0},0,3]">14</label>
<label id="[{0|0},0,{1|0},1,{0|0},1,{0|0},0,{0|0},0,1]">14</label>
<label id="[{0|0},0,{1|0},1,{0|0},1,{0|0},0,{0|0},0,2]">13</label>
<label id="[{0|0},0,{1|0},2,{0|0},0,{0|0},0,{0|0},0,1]">6</label>
<label id="[{0|0},1,{0|0},0,{0|0},0,{0|0},0,{0|0},0,0]">103</label>
<label id="[{0|0},1,{0|0},0,{0|0},0,{0|0},0,{0|0},0,1]">63</label>
<label id="[{0|0},1,{0|0},0,{0|0},0,{0|0},0,{0|0},0,2]">66</label>
<label id="[{0|0},1,{0|0},0,{0|0},0,{0|0},0,{0|0},0,3]">59</label>
<label id="[{0|0},1,{0|0},0,{0|0},0,{0|0},0,{0|0},0,4]">44</label>
<label id="[{0|0},1,{0|0},0,{0|0},0,{0|0},0,{1|0},1,0]">13</label>
<label id="[{0|0},1,{0|0},0,{0|0},0,{0|0},0,{1|0},1,1]">4</label>
<label id="[{0|0},1,{0|0},0,{0|0},0,{0|0},0,{1|0},1,2]">4</label>
<label id="[{0|0},1,{0|0},0,{0|0},0,{0|0},0,{1|0},1,3]">4</label>
<label id="[{0|0},1,{0|0},0,{0|0},0,{0|0},0,{1|0},1,4]">14</label>
<label id="[{0|0},1,{0|0},0,{0|0},0,{1|0},1,{0|0},0,0]">14</label>
<label id="[{0|0},1,{0|0},0,{0|0},0,{1|0},1,{0|0},0,1]">4</label>
<label id="[{0|0},1,{0|0},0,{0|0},0,{1|0},1,{0|0},0,2]">4</label>
<label id="[{0|0},1,{0|0},0,{0|0},0,{1|0},1,{0|0},0,3]">14</label>
<label id="[{0|0},1,{0|0},0,{1|0},1,{0|0},0,{0|0},0,0]">14</label>
<label id="[{0|0},1,{0|0},0,{1|0},1,{0|0},0,{0|0},0,1]">4</label>
<label id="[{0|0},1,{0|0},0,{1|0},1,{0|0},0,{0|0},0,2]">14</label>
<label id="[{0|0},1,{1|0},1,{0|0},0,{0|0},0,{0|0},0,0]">14</label>
<label id="[{0|0},1,{1|0},1,{0|0},0,{0|0},0,{0|0},0,1]">13</label>
<label id="[{0|1},2,{0|0},0,{0|0},0,{0|0},0,{0|0},0,0]">6</label>
<label id="[{1|0},1,{0|0},0,{0|0},0,{0|0},0,{0|0},0,0]">103</label>
<label id="[{1|0},1,{0|0},0,{0|0},0,{0|0},0,{0|0},0,1]">63</label>
<label id="[{1|0},1,{0|0},0,{0|0},0,{0|0},0,{0|0},0,2]">66</label>
<label id="[{1|0},1,{0|0},0,{0|0},0,{0|0},0,{0|0},0,3]">59</label>
<label id="[{1|0},1,{0|0},0,{0|0},0,{0|0},0,{0|0},0,4]">44</label>
<label id="[{1|0},1,{0|0},0,{0|0},0,{0|0},0,{0|0},1,0]">13</label>
<label id="[{1|0},1,{0|0},0,{0|0},0,{0|0},0,{0|0},1,1]">4</label>
<label id="[{1|0},1,{0|0},0,{0|0},0,{0|0},0,{0|0},1,2]">4</label>
<label id="[{1|0},1,{0|0},0,{0|0},0,{0|0},0,{0|0},1,3]">4</label>
<label id="[{1|0},1,{0|0},0,{0|0},0,{0|0},0,{0|0},1,4]">14</label>
<label id="[{1|0},1,{0|0},0,{0|0},0,{0|0},1,{0|0},0,0]">14</label>
<label id="[{1|0},1,{0|0},0,{0|0},0,{0|0},1,{0|0},0,1]">4</label>
<label id="[{1|0},1,{0|0},0,{0|0},0,{0|0},1,{0|0},0,2]">4</label>
<label id="[{1|0},1,{0|0},0,{0|0},0,{0|0},1,{0|0},0,3]">14</label>
<label id="[{1|0},1,{0|0},0,{0|0},1,{0|0},0,{0|0},0,0]">14</label>
<label id="[{1|0},1,{0|0},0,{0|0},1,{0|0},0,{0|0},0,1]">4</label>
<label id="[{1|0},1,{0|0},0,{0|0},1,{0|0},0,{0|0},0,2]">14</label>
<label id="[{1|0},1,{0|0},1,{0|0},0,{0|0},0,{0|0},0,0]">14</label>
<label id="[{1|0},1,{0|0},1,{0|0},0,{0|0},0,{0|0},0,1]">13</label>
<label id="[{1|0},2,{0|0},0,{0|0},0,{0|0},0,{0|0},0,0]">6</label>
</state-labels><state-labels procid="1">
<label id="[0,0]">642</label>
<label id="[0,1]">625</label>
<label id="[0,2]">620</label>
<label id="[0,3]">625</label>
<label id="[0,4]">640</label>
<label id="[1,0]">677</label>
<label id="[1,1]">649</label>
<label id="[1,2]">640</label>
<label id="[1,3]">649</label>
<label id="[1,4]">676</label>
<label id="[2,0]">490</label>
<label id="[2,1]">385</label>
<label id="[2,2]">350</label>
<label id="[2,3]">385</label>
<label id="[2,4]">490</label>
</state-labels><state-labels procid="2">
<label id="[0,0]">642</label>
<label id="[0,1]">625</label>
<label id="[0,2]">620</label>
<label id="[0,3]">625</label>
<label id="[0,4]">640</label>
<label id="[1,0]">677</label>
<label id="[1,1]">649</label>
<label id="[1,2]">640</label>
<label id="[1,3]">649</label>
<label id="[1,4]">676</label>
<label id="[2,0]">490</label>
<label id="[2,1]">385</label>
<label id="[2,2]">350</label>
<label id="[2,3]">385</label>
<label id="[2,4]">490</label>
</state-labels><state-labels procid="3">
<label id="[0,0,0]">709</label>
<label id="[0,0,1]">708</label>
<label id="[0,1,0]">690</label>
<label id="[0,1,1]">690</label>
<label id="[0,2,0]">684</label>
<label id="[0,2,1]">684</label>
<label id="[0,3,0]">690</label>
<label id="[0,3,1]">690</label>
<label id="[0,4,0]">708</label>
<label id="[0,4,1]">708</label>
<label id="[1,0,0]">161</label>
<label id="[1,0,1]">161</label>
<label id="[1,1,0]">157</label>
<label id="[1,1,1]">157</label>
<label id="[1,2,0]">156</label>
<label id="[1,2,1]">156</label>
<label id="[1,3,0]">157</label>
<label id="[1,3,1]">157</label>
<label id="[1,4,0]">160</label>
<label id="[1,4,1]">160</label>
</state-labels><state-labels procid="4">
<label id="[0,0,0,0]">619</label>
<label id="[0,0,1,0]">616</label>
<label id="[0,0,2,0]">616</label>
<label id="[0,0,3,0]">616</label>
<label id="[0,0,4,0]">616</label>
<label id="[1,0,0,0]">210</label>
<label id="[1,0,1,0]">168</label>
<label id="[1,0,2,0]">154</label>
<label id="[1,0,3,0]">168</label>
<label id="[1,0,4,0]">210</label>
<label id="[2,0,0,0]">35</label>
<label id="[2,0,0,1]">35</label>
<label id="[2,0,1,0]">35</label>
<label id="[2,0,1,1]">35</label>
<label id="[2,0,2,0]">35</label>
<label id="[2,0,2,1]">35</label>
<label id="[2,0,3,0]">35</label>
<label id="[2,0,3,1]">35</label>
<label id="[2,0,4,0]">35</label>
<label id="[2,0,4,1]">35</label>
<label id="[3,0,1,0]">70</label>
<label id="[3,0,1,1]">70</label>
<label id="[3,0,2,0]">105</label>
<label id="[3,0,2,1]">105</label>
<label id="[3,0,3,0]">140</label>
<label id="[3,0,3,1]">140</label>
<label id="[3,0,4,0]">175</label>
<label id="[3,0,4,1]">175</label>
<label id="[3,1,0,0]">70</label>
<label id="[3,1,0,1]">70</label>
<label id="[3,1,2,0]">70</label>
<label id="[3,1,2,1]">70</label>
<label id="[3,1,3,0]">105</label>
<label id="[3,1,3,1]">105</label>
<label id="[3,1,4,0]">140</label>
<label id="[3,1,4,1]">140</label>
<label id="[3,2,0,0]">105</label>
<label id="[3,2,0,1]">105</label>
<label id="[3,2,1,0]">70</label>
<label id="[3,2,1,1]">70</label>
<label id="[3,2,3,0]">70</label>
<label id="[3,2,3,1]">70</label>
<label id="[3,2,4,0]">105</label>
<label id="[3,2,4,1]">105</label>
<label id="[3,3,0,0]">140</label>
<label id="[3,3,0,1]">140</label>
<label id="[3,3,1,0]">105</label>
<label id="[3,3,1,1]">105</label>
<label id="[3,3,2,0]">70</label>
<label id="[3,3,2,1]">70</label>
<label id="[3,3,4,0]">70</label>
<label id="[3,3,4,1]">70</label>
<label id="[3,4,0,0]">175</label>
<label id="[3,4,0,1]">175</label>
<label id="[3,4,1,0]">140</label>
<label id="[3,4,1,1]">140</label>
<label id="[3,4,2,0]">105</label>
<label id="[3,4,2,1]">105</label>
<label id="[3,4,3,0]">70</label>
<label id="[3,4,3,1]">70</label>
</state-labels></label-info>
</state-space-info>
