<?xml version="1.0"?>
<!DOCTYPE state-space-info SYSTEM "../../state_space_info.dtd">


<state-space-info>
<states>25685</states>
<edges>72968</edges>
<bfs-info>
 <levels>128</levels>
<max-level>1051</max-level>

<back-level-edges>8542</back-level-edges>
<max-back-level-edge>49</max-back-level-edge>
<avg-back-level-edge>16.6707</avg-back-level-edge>
<bfs-levels>
<level id="0"><states>1</states><edges>2</edges></level>
<level id="1"><states>2</states><edges>4</edges></level>
<level id="2"><states>3</states><edges>6</edges></level>
<level id="3"><states>5</states><edges>10</edges></level>
<level id="4"><states>7</states><edges>13</edges></level>
<level id="5"><states>9</states><edges>17</edges></level>
<level id="6"><states>12</states><edges>23</edges></level>
<level id="7"><states>16</states><edges>32</edges></level>
<level id="8"><states>20</states><edges>43</edges></level>
<level id="9"><states>27</states><edges>61</edges></level>
<level id="10"><states>38</states><edges>87</edges></level>
<level id="11"><states>50</states><edges>115</edges></level>
<level id="12"><states>64</states><edges>144</edges></level>
<level id="13"><states>80</states><edges>177</edges></level>
<level id="14"><states>98</states><edges>212</edges></level>
<level id="15"><states>115</states><edges>248</edges></level>
<level id="16"><states>131</states><edges>277</edges></level>
<level id="17"><states>148</states><edges>311</edges></level>
<level id="18"><states>165</states><edges>354</edges></level>
<level id="19"><states>181</states><edges>403</edges></level>
<level id="20"><states>195</states><edges>453</edges></level>
<level id="21"><states>205</states><edges>487</edges></level>
<level id="22"><states>210</states><edges>507</edges></level>
<level id="23"><states>215</states><edges>519</edges></level>
<level id="24"><states>222</states><edges>538</edges></level>
<level id="25"><states>231</states><edges>562</edges></level>
<level id="26"><states>241</states><edges>584</edges></level>
<level id="27"><states>250</states><edges>605</edges></level>
<level id="28"><states>259</states><edges>627</edges></level>
<level id="29"><states>268</states><edges>649</edges></level>
<level id="30"><states>278</states><edges>674</edges></level>
<level id="31"><states>282</states><edges>689</edges></level>
<level id="32"><states>284</states><edges>709</edges></level>
<level id="33"><states>287</states><edges>739</edges></level>
<level id="34"><states>294</states><edges>782</edges></level>
<level id="35"><states>305</states><edges>840</edges></level>
<level id="36"><states>326</states><edges>912</edges></level>
<level id="37"><states>349</states><edges>978</edges></level>
<level id="38"><states>366</states><edges>1022</edges></level>
<level id="39"><states>375</states><edges>1046</edges></level>
<level id="40"><states>385</states><edges>1077</edges></level>
<level id="41"><states>401</states><edges>1127</edges></level>
<level id="42"><states>428</states><edges>1211</edges></level>
<level id="43"><states>463</states><edges>1305</edges></level>
<level id="44"><states>509</states><edges>1436</edges></level>
<level id="45"><states>563</states><edges>1603</edges></level>
<level id="46"><states>636</states><edges>1837</edges></level>
<level id="47"><states>724</states><edges>2107</edges></level>
<level id="48"><states>814</states><edges>2372</edges></level>
<level id="49"><states>897</states><edges>2592</edges></level>
<level id="50"><states>968</states><edges>2771</edges></level>
<level id="51"><states>1022</states><edges>2918</edges></level>
<level id="52"><states>1051</states><edges>3008</edges></level>
<level id="53"><states>1047</states><edges>3016</edges></level>
<level id="54"><states>1002</states><edges>2895</edges></level>
<level id="55"><states>921</states><edges>2659</edges></level>
<level id="56"><states>818</states><edges>2340</edges></level>
<level id="57"><states>707</states><edges>2011</edges></level>
<level id="58"><states>594</states><edges>1691</edges></level>
<level id="59"><states>494</states><edges>1410</edges></level>
<level id="60"><states>401</states><edges>1151</edges></level>
<level id="61"><states>324</states><edges>932</edges></level>
<level id="62"><states>252</states><edges>729</edges></level>
<level id="63"><states>198</states><edges>574</edges></level>
<level id="64"><states>156</states><edges>459</edges></level>
<level id="65"><states>133</states><edges>404</edges></level>
<level id="66"><states>121</states><edges>378</edges></level>
<level id="67"><states>114</states><edges>367</edges></level>
<level id="68"><states>110</states><edges>361</edges></level>
<level id="69"><states>112</states><edges>370</edges></level>
<level id="70"><states>115</states><edges>383</edges></level>
<level id="71"><states>115</states><edges>394</edges></level>
<level id="72"><states>120</states><edges>417</edges></level>
<level id="73"><states>130</states><edges>451</edges></level>
<level id="74"><states>138</states><edges>475</edges></level>
<level id="75"><states>139</states><edges>470</edges></level>
<level id="76"><states>131</states><edges>438</edges></level>
<level id="77"><states>118</states><edges>384</edges></level>
<level id="78"><states>102</states><edges>315</edges></level>
<level id="79"><states>81</states><edges>240</edges></level>
<level id="80"><states>61</states><edges>177</edges></level>
<level id="81"><states>47</states><edges>138</edges></level>
<level id="82"><states>40</states><edges>122</edges></level>
<level id="83"><states>40</states><edges>127</edges></level>
<level id="84"><states>48</states><edges>160</edges></level>
<level id="85"><states>63</states><edges>222</edges></level>
<level id="86"><states>81</states><edges>290</edges></level>
<level id="87"><states>97</states><edges>349</edges></level>
<level id="88"><states>109</states><edges>394</edges></level>
<level id="89"><states>117</states><edges>420</edges></level>
<level id="90"><states>121</states><edges>436</edges></level>
<level id="91"><states>118</states><edges>431</edges></level>
<level id="92"><states>106</states><edges>390</edges></level>
<level id="93"><states>88</states><edges>322</edges></level>
<level id="94"><states>67</states><edges>242</edges></level>
<level id="95"><states>49</states><edges>178</edges></level>
<level id="96"><states>36</states><edges>135</edges></level>
<level id="97"><states>28</states><edges>103</edges></level>
<level id="98"><states>22</states><edges>81</edges></level>
<level id="99"><states>16</states><edges>59</edges></level>
<level id="100"><states>13</states><edges>47</edges></level>
<level id="101"><states>11</states><edges>39</edges></level>
<level id="102"><states>9</states><edges>32</edges></level>
<level id="103"><states>7</states><edges>27</edges></level>
<level id="104"><states>7</states><edges>28</edges></level>
<level id="105"><states>8</states><edges>32</edges></level>
<level id="106"><states>9</states><edges>37</edges></level>
<level id="107"><states>9</states><edges>38</edges></level>
<level id="108"><states>9</states><edges>39</edges></level>
<level id="109"><states>9</states><edges>36</edges></level>
<level id="110"><states>8</states><edges>31</edges></level>
<level id="111"><states>6</states><edges>22</edges></level>
<level id="112"><states>4</states><edges>14</edges></level>
<level id="113"><states>3</states><edges>10</edges></level>
<level id="114"><states>2</states><edges>6</edges></level>
<level id="115"><states>1</states><edges>3</edges></level>
<level id="116"><states>1</states><edges>4</edges></level>
<level id="117"><states>2</states><edges>9</edges></level>
<level id="118"><states>3</states><edges>13</edges></level>
<level id="119"><states>4</states><edges>18</edges></level>
<level id="120"><states>5</states><edges>22</edges></level>
<level id="121"><states>6</states><edges>26</edges></level>
<level id="122"><states>7</states><edges>31</edges></level>
<level id="123"><states>7</states><edges>32</edges></level>
<level id="124"><states>6</states><edges>27</edges></level>
<level id="125"><states>4</states><edges>18</edges></level>
<level id="126"><states>2</states><edges>8</edges></level>
<level id="127"><states>1</states><edges>4</edges></level>
</bfs-levels>
<back-level-length id="0">6.87193</back-level-length>
<back-level-length id="1">2.41161</back-level-length>
<back-level-length id="2">11.5196</back-level-length>
<back-level-length id="3">0</back-level-length>
<back-level-length id="4">0.199017</back-level-length>
<back-level-length id="5">0.0117069</back-level-length>
<back-level-length id="6">28.0028</back-level-length>
<back-level-length id="7">1.31117</back-level-length>
<back-level-length id="8">0.515102</back-level-length>
<back-level-length id="9">0.959963</back-level-length>
<back-level-length id="10">0.702412</back-level-length>
<back-level-length id="11">1.11215</back-level-length>
<back-level-length id="12">1.38141</back-level-length>
<back-level-length id="13">0.234137</back-level-length>
<back-level-length id="14">0.362913</back-level-length>
<back-level-length id="15">0.725825</back-level-length>
<back-level-length id="16">0.0351206</back-level-length>
<back-level-length id="17">0.140482</back-level-length>
<back-level-length id="18">0.327792</back-level-length>
<back-level-length id="19">2.3882</back-level-length>
<back-level-length id="20">0.0468274</back-level-length>
<back-level-length id="21">0</back-level-length>
<back-level-length id="22">0</back-level-length>
<back-level-length id="23">0</back-level-length>
<back-level-length id="24">0</back-level-length>
<back-level-length id="25">0.0702412</back-level-length>
<back-level-length id="26">6.55584</back-level-length>
<back-level-length id="27">0.210723</back-level-length>
<back-level-length id="28">0</back-level-length>
<back-level-length id="29">1.42824</back-level-length>
<back-level-length id="30">0</back-level-length>
<back-level-length id="31">1.60384</back-level-length>
<back-level-length id="32">14.8443</back-level-length>
<back-level-length id="33">0</back-level-length>
<back-level-length id="34">0.503395</back-level-length>
<back-level-length id="35">0.433154</back-level-length>
<back-level-length id="36">9.8923</back-level-length>
<back-level-length id="37">0</back-level-length>
<back-level-length id="38">0.0936549</back-level-length>
<back-level-length id="39">4.12081</back-level-length>
<back-level-length id="40">0</back-level-length>
<back-level-length id="41">0.234137</back-level-length>
<back-level-length id="42">0.18731</back-level-length>
<back-level-length id="43">0</back-level-length>
<back-level-length id="44">0.0351206</back-level-length>
<back-level-length id="45">0.0117069</back-level-length>
<back-level-length id="46">0.234137</back-level-length>
<back-level-length id="47">0</back-level-length>
<back-level-length id="48">0</back-level-length>
<back-level-length id="49">0.280965</back-level-length>
</bfs-info>
<degrees>
<avg>2.84088</avg>
<max-in>10</max-in>
<max-out>6</max-out>
<degree id="0"><in>1</in><out>0</out></degree>
<degree id="1"><in>4305</in><out>1521</out></degree>
<degree id="2"><in>7798</in><out>8467</out></degree>
<degree id="3"><in>6295</in><out>9821</out></degree>
<degree id="4"><in>3755</in><out>4398</out></degree>
<degree id="5"><in>2369</in><out>1410</out></degree>
<degree id="6"><in>918</in><out>68</out></degree>
<degree id="7"><in>170</in><out>0</out></degree>
<degree id="8"><in>50</in><out>0</out></degree>
<degree id="9"><in>21</in><out>0</out></degree>
<degree id="10"><in>3</in><out>0</out></degree>
</degrees>
<scc-info>
<count>50</count>
<height>20</height>
<nontrivial-height>3</nontrivial-height>
<trivial>48</trivial>
<terminal>1</terminal>
<largest>25625</largest>
<largest-position> the only terminal</largest-position>
</scc-info>
<dfs-info>
<stack-size id="128">0.439945</stack-size>
<stack-size id="256">0.895464</stack-size>
<stack-size id="384">1.21472</stack-size>
<stack-size id="512">1.43664</stack-size>
<stack-size id="640">1.81818</stack-size>
<stack-size id="768">2.25813</stack-size>
<stack-size id="896">2.42943</stack-size>
<stack-size id="1024">2.6241</stack-size>
<stack-size id="1152">2.82655</stack-size>
<stack-size id="1280">3.19252</stack-size>
<stack-size id="1408">3.28986</stack-size>
<stack-size id="1536">3.45338</stack-size>
<stack-size id="1664">3.6753</stack-size>
<stack-size id="1792">3.80378</stack-size>
<stack-size id="1920">4.05295</stack-size>
<stack-size id="2048">4.24762</stack-size>
<stack-size id="2176">4.46175</stack-size>
<stack-size id="2304">4.61748</stack-size>
<stack-size id="2432">4.7226</stack-size>
<stack-size id="2560">4.83551</stack-size>
<stack-size id="2688">5.21316</stack-size>
<stack-size id="2816">5.42729</stack-size>
<stack-size id="2944">5.74654</stack-size>
<stack-size id="3072">5.91006</stack-size>
<stack-size id="3200">6.08916</stack-size>
<stack-size id="3328">6.23321</stack-size>
<stack-size id="3456">6.38894</stack-size>
<stack-size id="3584">6.55636</stack-size>
<stack-size id="3712">6.78996</stack-size>
<stack-size id="3840">6.79774</stack-size>
<stack-size id="3968">6.84446</stack-size>
<stack-size id="4096">7.19486</stack-size>
<stack-size id="4224">7.47129</stack-size>
<stack-size id="4352">7.44403</stack-size>
<stack-size id="4480">7.47518</stack-size>
<stack-size id="4608">7.48686</stack-size>
<stack-size id="4736">7.56473</stack-size>
<stack-size id="4864">7.53747</stack-size>
<stack-size id="4992">7.49465</stack-size>
<stack-size id="5120">7.48297</stack-size>
<stack-size id="5248">7.70489</stack-size>
<stack-size id="5376">7.78665</stack-size>
<stack-size id="5504">8.05139</stack-size>
<stack-size id="5632">7.85673</stack-size>
<stack-size id="5760">8.12536</stack-size>
<stack-size id="5888">8.29278</stack-size>
<stack-size id="6016">8.20712</stack-size>
<stack-size id="6144">8.17208</stack-size>
<stack-size id="6272">8.17208</stack-size>
<stack-size id="6400">8.14872</stack-size>
<stack-size id="6528">8.16819</stack-size>
<stack-size id="6656">8.16819</stack-size>
<stack-size id="6784">8.14872</stack-size>
<stack-size id="6912">7.84505</stack-size>
<stack-size id="7040">7.8723</stack-size>
<stack-size id="7168">7.84505</stack-size>
<stack-size id="7296">7.88787</stack-size>
<stack-size id="7424">7.81779</stack-size>
<stack-size id="7552">7.85283</stack-size>
<stack-size id="7680">7.72435</stack-size>
<stack-size id="7808">7.59198</stack-size>
<stack-size id="7936">7.60366</stack-size>
<stack-size id="8064">7.59198</stack-size>
<stack-size id="8192">7.66985</stack-size>
<stack-size id="8320">7.85283</stack-size>
<stack-size id="8448">8.03971</stack-size>
<stack-size id="8576">8.06697</stack-size>
<stack-size id="8704">8.06307</stack-size>
<stack-size id="8832">8.12147</stack-size>
<stack-size id="8960">8.18376</stack-size>
<stack-size id="9088">8.12926</stack-size>
<stack-size id="9216">8.2227</stack-size>
<stack-size id="9344">8.40568</stack-size>
<stack-size id="9472">8.4563</stack-size>
<stack-size id="9600">8.47187</stack-size>
<stack-size id="9728">8.55752</stack-size>
<stack-size id="9856">8.55363</stack-size>
<stack-size id="9984">8.73272</stack-size>
<stack-size id="10112">8.86899</stack-size>
<stack-size id="10240">9.08702</stack-size>
<stack-size id="10368">9.23886</stack-size>
<stack-size id="10496">9.25443</stack-size>
<stack-size id="10624">9.25832</stack-size>
<stack-size id="10752">9.25832</stack-size>
<stack-size id="10880">9.25832</stack-size>
<stack-size id="11008">9.33619</stack-size>
<stack-size id="11136">9.5036</stack-size>
<stack-size id="11264">9.58925</stack-size>
<stack-size id="11392">9.69437</stack-size>
<stack-size id="11520">9.76445</stack-size>
<stack-size id="11648">9.79949</stack-size>
<stack-size id="11776">9.7956</stack-size>
<stack-size id="11904">9.76835</stack-size>
<stack-size id="12032">9.71384</stack-size>
<stack-size id="12160">9.76835</stack-size>
<stack-size id="12288">9.76445</stack-size>
<stack-size id="12416">9.80339</stack-size>
<stack-size id="12544">9.76056</stack-size>
<stack-size id="12672">9.78781</stack-size>
<stack-size id="12800">9.79949</stack-size>
<stack-size id="12928">9.9124</stack-size>
<stack-size id="13056">9.90851</stack-size>
<stack-size id="13184">9.99805</stack-size>
<stack-size id="13312">10.0798</stack-size>
<stack-size id="13440">10.111</stack-size>
<stack-size id="13568">10.1694</stack-size>
<stack-size id="13696">10.1888</stack-size>
<stack-size id="13824">10.1616</stack-size>
<stack-size id="13952">10.2745</stack-size>
<stack-size id="14080">10.2862</stack-size>
<stack-size id="14208">10.22</stack-size>
<stack-size id="14336">10.4419</stack-size>
<stack-size id="14464">10.4886</stack-size>
<stack-size id="14592">10.6599</stack-size>
<stack-size id="14720">10.7261</stack-size>
<stack-size id="14848">10.73</stack-size>
<stack-size id="14976">10.7261</stack-size>
<stack-size id="15104">10.5976</stack-size>
<stack-size id="15232">10.656</stack-size>
<stack-size id="15360">10.6989</stack-size>
<stack-size id="15488">10.7767</stack-size>
<stack-size id="15616">10.7767</stack-size>
<stack-size id="15744">10.7728</stack-size>
<stack-size id="15872">10.8779</stack-size>
<stack-size id="16000">10.8974</stack-size>
<stack-size id="16128">10.8974</stack-size>
<stack-size id="16256">10.9091</stack-size>
<stack-size id="16384">11.0103</stack-size>
<stack-size id="16512">11.1193</stack-size>
<stack-size id="16640">11.1232</stack-size>
<stack-size id="16768">11.1154</stack-size>
<stack-size id="16896">11.0648</stack-size>
<stack-size id="17024">11.1077</stack-size>
<stack-size id="17152">11.1271</stack-size>
<stack-size id="17280">11.1738</stack-size>
<stack-size id="17408">11.1855</stack-size>
<stack-size id="17536">11.1583</stack-size>
<stack-size id="17664">11.1077</stack-size>
<stack-size id="17792">11.1154</stack-size>
<stack-size id="17920">10.8507</stack-size>
<stack-size id="18048">10.8974</stack-size>
<stack-size id="18176">10.8818</stack-size>
<stack-size id="18304">10.8935</stack-size>
<stack-size id="18432">10.8624</stack-size>
<stack-size id="18560">10.6288</stack-size>
<stack-size id="18688">10.7495</stack-size>
<stack-size id="18816">10.765</stack-size>
<stack-size id="18944">10.7027</stack-size>
<stack-size id="19072">10.7573</stack-size>
<stack-size id="19200">10.7495</stack-size>
<stack-size id="19328">10.7689</stack-size>
<stack-size id="19456">10.8818</stack-size>
<stack-size id="19584">10.7611</stack-size>
<stack-size id="19712">10.6288</stack-size>
<stack-size id="19840">10.5976</stack-size>
<stack-size id="19968">10.5587</stack-size>
<stack-size id="20096">10.7339</stack-size>
<stack-size id="20224">10.5198</stack-size>
<stack-size id="20352">10.3095</stack-size>
<stack-size id="20480">9.93187</stack-size>
<stack-size id="20608">10.0526</stack-size>
<stack-size id="20736">10.0798</stack-size>
<stack-size id="20864">10.2628</stack-size>
<stack-size id="20992">10.3991</stack-size>
<stack-size id="21120">10.146</stack-size>
<stack-size id="21248">9.74109</stack-size>
<stack-size id="21376">9.62429</stack-size>
<stack-size id="21504">9.69437</stack-size>
<stack-size id="21632">9.77613</stack-size>
<stack-size id="21760">9.76445</stack-size>
<stack-size id="21888">9.68269</stack-size>
<stack-size id="22016">9.75277</stack-size>
<stack-size id="22144">9.75277</stack-size>
<stack-size id="22272">9.85789</stack-size>
<stack-size id="22400">9.79949</stack-size>
<stack-size id="22528">9.82675</stack-size>
<stack-size id="22656">9.79171</stack-size>
<stack-size id="22784">9.62819</stack-size>
<stack-size id="22912">9.66323</stack-size>
<stack-size id="23040">9.63208</stack-size>
<stack-size id="23168">9.33619</stack-size>
<stack-size id="23296">9.45688</stack-size>
<stack-size id="23424">7.58419</stack-size>
<stack-size id="23552">7.43235</stack-size>
<stack-size id="23680">7.10921</stack-size>
<stack-size id="23808">7.09363</stack-size>
<stack-size id="23936">7.07806</stack-size>
<stack-size id="24064">7.08974</stack-size>
<stack-size id="24192">7.06249</stack-size>
<stack-size id="24320">6.59918</stack-size>
<stack-size id="24448">6.5914</stack-size>
<stack-size id="24576">6.50185</stack-size>
<stack-size id="24704">6.45902</stack-size>
<stack-size id="24832">5.64921</stack-size>
<stack-size id="24960">5.64142</stack-size>
<stack-size id="25088">5.31049</stack-size>
<stack-size id="25216">4.85497</stack-size>
<stack-size id="25344">4.18922</stack-size>
<stack-size id="25472">3.42612</stack-size>
<stack-size id="25600">3.42612</stack-size>
<max-stack>2883</max-stack>
<front-edges>25684</front-edges>
<back-edges>19355</back-edges>
<cross-edges>27929</cross-edges>
<shortest-cycle>1</shortest-cycle>
</dfs-info>
<rw-info>
<coverage step="2560">3.89722</coverage>
<coverage step="5120">5.58303</coverage>
<coverage step="7680">6.74713</coverage>
<coverage step="10240">7.53358</coverage>
<coverage step="12800">8.06697</coverage>
<coverage step="15360">8.48355</coverage>
<coverage step="17920">8.95075</coverage>
<coverage step="20480">9.32451</coverage>
<coverage step="23040">9.74888</coverage>
<coverage step="25600">10.1382</coverage>
<coverage step="28160">10.4808</coverage>
<coverage step="30720">10.5859</coverage>
<coverage step="33280">10.8818</coverage>
<coverage step="35840">11.1622</coverage>
<coverage step="38400">11.4191</coverage>
<coverage step="40960">11.5982</coverage>
<coverage step="43520">11.7812</coverage>
<coverage step="46080">12.0304</coverage>
<coverage step="48640">12.1394</coverage>
<coverage step="51200">12.2834</coverage>
<coverage step="53760">12.4508</coverage>
<coverage step="56320">12.5988</coverage>
<coverage step="58880">12.8947</coverage>
<coverage step="61440">12.9881</coverage>
<coverage step="64000">13.066</coverage>
<coverage step="66560">13.1361</coverage>
<coverage step="69120">13.358</coverage>
<coverage step="71680">13.393</coverage>
<coverage step="74240">13.4904</coverage>
<coverage step="76800">13.5877</coverage>
<coverage step="79360">13.6811</coverage>
<coverage step="81920">13.7746</coverage>
<coverage step="84480">13.8563</coverage>
<coverage step="87040">13.9848</coverage>
<coverage step="89600">14.0004</coverage>
<coverage step="92160">14.0082</coverage>
<coverage step="94720">14.1989</coverage>
<coverage step="97280">14.2807</coverage>
<coverage step="99840">14.4676</coverage>
<coverage step="102400">14.6233</coverage>
<coverage step="104960">14.6856</coverage>
<coverage step="107520">14.744</coverage>
<coverage step="110080">14.744</coverage>
<coverage step="112640">14.7907</coverage>
<coverage step="115200">14.8258</coverage>
<coverage step="117760">14.8491</coverage>
<coverage step="120320">14.927</coverage>
<coverage step="122880">15.0905</coverage>
<coverage step="125440">15.1645</coverage>
<coverage step="128000">15.2852</coverage>
<coverage step="130560">15.3592</coverage>
<coverage step="133120">15.3708</coverage>
<coverage step="135680">15.4059</coverage>
<coverage step="138240">15.4215</coverage>
<coverage step="140800">15.5149</coverage>
<coverage step="143360">15.5538</coverage>
<coverage step="145920">15.5616</coverage>
<coverage step="148480">15.6512</coverage>
<coverage step="151040">15.6979</coverage>
<coverage step="153600">15.7719</coverage>
<coverage step="156160">15.9081</coverage>
<coverage step="158720">15.9432</coverage>
<coverage step="161280">15.9938</coverage>
<coverage step="163840">16.0171</coverage>
<coverage step="166400">16.0405</coverage>
<coverage step="168960">16.1067</coverage>
<coverage step="171520">16.1106</coverage>
<coverage step="174080">16.1456</coverage>
<coverage step="176640">16.2429</coverage>
<coverage step="179200">16.2741</coverage>
<coverage step="181760">16.2819</coverage>
<coverage step="184320">16.2936</coverage>
<coverage step="186880">16.3442</coverage>
<coverage step="189440">16.3558</coverage>
<coverage step="192000">16.3636</coverage>
<coverage step="194560">16.4726</coverage>
<coverage step="197120">16.531</coverage>
<coverage step="199680">16.5388</coverage>
<coverage step="202240">16.5505</coverage>
<coverage step="204800">16.5856</coverage>
<coverage step="207360">16.6206</coverage>
<coverage step="209920">16.6284</coverage>
<coverage step="212480">16.6362</coverage>
<coverage step="215040">16.644</coverage>
<coverage step="217600">16.714</coverage>
<coverage step="220160">16.7724</coverage>
<coverage step="222720">16.8425</coverage>
<coverage step="225280">16.9671</coverage>
<coverage step="227840">16.9827</coverage>
<coverage step="230400">17.0605</coverage>
<coverage step="232960">17.0644</coverage>
<coverage step="235520">17.0995</coverage>
<coverage step="238080">17.1384</coverage>
<coverage step="240640">17.1657</coverage>
<coverage step="243200">17.1696</coverage>
<coverage step="245760">17.189</coverage>
<coverage step="248320">17.2163</coverage>
<coverage step="250880">17.263</coverage>
<coverage step="253440">17.2825</coverage>
<coverage step="256000">17.298</coverage>
<rw-visits order="1">1400</rw-visits>
<rw-visits order="23">701</rw-visits>
<rw-visits order="45">633</rw-visits>
<rw-visits order="67">578</rw-visits>
<rw-visits order="89">513</rw-visits>
<rw-visits order="111">437</rw-visits>
<rw-visits order="133">384</rw-visits>
<rw-visits order="155">353</rw-visits>
<rw-visits order="177">332</rw-visits>
<rw-visits order="199">320</rw-visits>
<rw-visits order="221">290</rw-visits>
<rw-visits order="243">274</rw-visits>
<rw-visits order="265">258</rw-visits>
<rw-visits order="287">244</rw-visits>
<rw-visits order="309">231</rw-visits>
<rw-visits order="331">224</rw-visits>
<rw-visits order="353">214</rw-visits>
<rw-visits order="375">204</rw-visits>
<rw-visits order="397">191</rw-visits>
<rw-visits order="419">178</rw-visits>
<rw-visits order="441">169</rw-visits>
<rw-visits order="463">156</rw-visits>
<rw-visits order="485">146</rw-visits>
<rw-visits order="507">139</rw-visits>
<rw-visits order="529">133</rw-visits>
<rw-visits order="551">127</rw-visits>
<rw-visits order="573">120</rw-visits>
<rw-visits order="595">115</rw-visits>
<rw-visits order="617">110</rw-visits>
<rw-visits order="639">107</rw-visits>
<rw-visits order="661">102</rw-visits>
<rw-visits order="683">98</rw-visits>
<rw-visits order="705">94</rw-visits>
<rw-visits order="727">91</rw-visits>
<rw-visits order="749">87</rw-visits>
<rw-visits order="771">84</rw-visits>
<rw-visits order="793">82</rw-visits>
<rw-visits order="815">79</rw-visits>
<rw-visits order="837">76</rw-visits>
<rw-visits order="859">74</rw-visits>
<rw-visits order="881">71</rw-visits>
<rw-visits order="903">69</rw-visits>
<rw-visits order="925">68</rw-visits>
<rw-visits order="947">66</rw-visits>
<rw-visits order="969">63</rw-visits>
<rw-visits order="991">61</rw-visits>
<rw-visits order="1013">59</rw-visits>
<rw-visits order="1035">57</rw-visits>
<rw-visits order="1057">56</rw-visits>
<rw-visits order="1079">54</rw-visits>
<rw-visits order="1101">53</rw-visits>
<rw-visits order="1123">51</rw-visits>
<rw-visits order="1145">50</rw-visits>
<rw-visits order="1167">48</rw-visits>
<rw-visits order="1189">47</rw-visits>
<rw-visits order="1211">46</rw-visits>
<rw-visits order="1233">45</rw-visits>
<rw-visits order="1255">43</rw-visits>
<rw-visits order="1277">42</rw-visits>
<rw-visits order="1299">40</rw-visits>
<rw-visits order="1321">39</rw-visits>
<rw-visits order="1343">37</rw-visits>
<rw-visits order="1365">36</rw-visits>
<rw-visits order="1387">35</rw-visits>
<rw-visits order="1409">34</rw-visits>
<rw-visits order="1431">33</rw-visits>
<rw-visits order="1453">33</rw-visits>
<rw-visits order="1475">32</rw-visits>
<rw-visits order="1497">31</rw-visits>
<rw-visits order="1519">30</rw-visits>
<rw-visits order="1541">29</rw-visits>
<rw-visits order="1563">28</rw-visits>
<rw-visits order="1585">27</rw-visits>
<rw-visits order="1607">27</rw-visits>
<rw-visits order="1629">26</rw-visits>
<rw-visits order="1651">25</rw-visits>
<rw-visits order="1673">24</rw-visits>
<rw-visits order="1695">23</rw-visits>
<rw-visits order="1717">23</rw-visits>
<rw-visits order="1739">22</rw-visits>
<rw-visits order="1761">22</rw-visits>
<rw-visits order="1783">21</rw-visits>
<rw-visits order="1805">20</rw-visits>
<rw-visits order="1827">19</rw-visits>
<rw-visits order="1849">19</rw-visits>
<rw-visits order="1871">18</rw-visits>
<rw-visits order="1893">18</rw-visits>
<rw-visits order="1915">17</rw-visits>
<rw-visits order="1937">16</rw-visits>
<rw-visits order="1959">16</rw-visits>
<rw-visits order="1981">16</rw-visits>
<rw-visits order="2003">15</rw-visits>
<rw-visits order="2025">15</rw-visits>
<rw-visits order="2047">14</rw-visits>
<rw-visits order="2069">14</rw-visits>
<rw-visits order="2091">14</rw-visits>
<rw-visits order="2113">13</rw-visits>
<rw-visits order="2135">13</rw-visits>
<rw-visits order="2157">12</rw-visits>
<rw-visits order="2179">12</rw-visits>
<rw-visits order="2201">12</rw-visits>
<rw-visits order="2223">11</rw-visits>
<rw-visits order="2245">11</rw-visits>
<rw-visits order="2267">11</rw-visits>
<rw-visits order="2289">10</rw-visits>
<rw-visits order="2311">10</rw-visits>
<rw-visits order="2333">10</rw-visits>
<rw-visits order="2355">9</rw-visits>
<rw-visits order="2377">9</rw-visits>
<rw-visits order="2399">9</rw-visits>
<rw-visits order="2421">9</rw-visits>
<rw-visits order="2443">9</rw-visits>
<rw-visits order="2465">8</rw-visits>
<rw-visits order="2487">8</rw-visits>
<rw-visits order="2509">8</rw-visits>
<rw-visits order="2531">8</rw-visits>
<rw-visits order="2553">7</rw-visits>
<rw-visits order="2575">7</rw-visits>
<rw-visits order="2597">7</rw-visits>
<rw-visits order="2619">7</rw-visits>
<rw-visits order="2641">7</rw-visits>
<rw-visits order="2663">6</rw-visits>
<rw-visits order="2685">6</rw-visits>
<rw-visits order="2707">6</rw-visits>
<rw-visits order="2729">6</rw-visits>
<rw-visits order="2751">6</rw-visits>
<rw-visits order="2773">6</rw-visits>
<rw-visits order="2795">5</rw-visits>
<rw-visits order="2817">5</rw-visits>
<rw-visits order="2839">5</rw-visits>
<rw-visits order="2861">5</rw-visits>
<rw-visits order="2883">5</rw-visits>
<rw-visits order="2905">5</rw-visits>
<rw-visits order="2927">4</rw-visits>
<rw-visits order="2949">4</rw-visits>
<rw-visits order="2971">4</rw-visits>
<rw-visits order="2993">4</rw-visits>
<rw-visits order="3015">4</rw-visits>
<rw-visits order="3037">4</rw-visits>
<rw-visits order="3059">4</rw-visits>
<rw-visits order="3081">4</rw-visits>
<rw-visits order="3103">4</rw-visits>
<rw-visits order="3125">4</rw-visits>
<rw-visits order="3147">3</rw-visits>
<rw-visits order="3169">3</rw-visits>
<rw-visits order="3191">3</rw-visits>
<rw-visits order="3213">3</rw-visits>
<rw-visits order="3235">3</rw-visits>
<rw-visits order="3257">3</rw-visits>
<rw-visits order="3279">3</rw-visits>
<rw-visits order="3301">3</rw-visits>
<rw-visits order="3323">3</rw-visits>
<rw-visits order="3345">3</rw-visits>
<rw-visits order="3367">3</rw-visits>
<rw-visits order="3389">3</rw-visits>
<rw-visits order="3411">3</rw-visits>
<rw-visits order="3433">2</rw-visits>
<rw-visits order="3455">2</rw-visits>
<rw-visits order="3477">2</rw-visits>
<rw-visits order="3499">2</rw-visits>
<rw-visits order="3521">2</rw-visits>
<rw-visits order="3543">2</rw-visits>
<rw-visits order="3565">2</rw-visits>
<rw-visits order="3587">2</rw-visits>
<rw-visits order="3609">2</rw-visits>
<rw-visits order="3631">2</rw-visits>
<rw-visits order="3653">2</rw-visits>
<rw-visits order="3675">2</rw-visits>
<rw-visits order="3697">2</rw-visits>
<rw-visits order="3719">2</rw-visits>
<rw-visits order="3741">2</rw-visits>
<rw-visits order="3763">2</rw-visits>
<rw-visits order="3785">1</rw-visits>
<rw-visits order="3807">1</rw-visits>
<rw-visits order="3829">1</rw-visits>
<rw-visits order="3851">1</rw-visits>
<rw-visits order="3873">1</rw-visits>
<rw-visits order="3895">1</rw-visits>
<rw-visits order="3917">1</rw-visits>
<rw-visits order="3939">1</rw-visits>
<rw-visits order="3961">1</rw-visits>
<rw-visits order="3983">1</rw-visits>
<rw-visits order="4005">1</rw-visits>
<rw-visits order="4027">1</rw-visits>
<rw-visits order="4049">1</rw-visits>
<rw-visits order="4071">1</rw-visits>
<rw-visits order="4093">1</rw-visits>
<rw-visits order="4115">1</rw-visits>
<rw-visits order="4137">1</rw-visits>
<rw-visits order="4159">1</rw-visits>
<rw-visits order="4181">1</rw-visits>
<rw-visits order="4203">1</rw-visits>
<rw-visits order="4225">1</rw-visits>
<rw-visits order="4247">1</rw-visits>
<rw-visits order="4269">1</rw-visits>
<rw-visits order="4291">1</rw-visits>
<rw-visits order="4313">1</rw-visits>
<rw-visits order="4335">1</rw-visits>
<rw-visits order="4357">1</rw-visits>
<rw-visits order="4379">1</rw-visits>
<rw-visits order="4401">1</rw-visits>
<rw-visits order="4423">1</rw-visits>
<final-coverage>17.298</final-coverage>
</rw-info>
<local-info>
<diamonds>90.1032</diamonds>
<neighborhood k="4">20</neighborhood>
<clustering k="4">1.79619</clustering>
</local-info>
<label-info>
<edge-label id="0.1">10740</edge-label>
<edge-label id="0.2+6.0">136</edge-label>
<edge-label id="0.6">8547</edge-label>
<edge-label id="1.0">1978</edge-label>
<edge-label id="1.1">2294</edge-label>
<edge-label id="1.2">32</edge-label>
<edge-label id="1.3">2326</edge-label>
<edge-label id="1.4">1657</edge-label>
<edge-label id="1.5">108</edge-label>
<edge-label id="1.6">143</edge-label>
<edge-label id="1.7">143</edge-label>
<edge-label id="2.0">2650</edge-label>
<edge-label id="2.1">3682</edge-label>
<edge-label id="2.10">707</edge-label>
<edge-label id="2.11">992</edge-label>
<edge-label id="2.2">2807</edge-label>
<edge-label id="2.3">3654</edge-label>
<edge-label id="2.4">24</edge-label>
<edge-label id="2.5">3678</edge-label>
<edge-label id="2.6">1626</edge-label>
<edge-label id="2.7">141</edge-label>
<edge-label id="2.8">141</edge-label>
<edge-label id="2.9">141</edge-label>
<edge-label id="3.0">12104</edge-label>
<edge-label id="4.0">486</edge-label>
<edge-label id="4.1">108</edge-label>
<edge-label id="4.2">332</edge-label>
<edge-label id="4.3">440</edge-label>
<edge-label id="4.4">440</edge-label>
<edge-label id="4.5">440</edge-label>
<edge-label id="4.6+5.0">1467</edge-label>
<edge-label id="5.2">1467</edge-label>
<edge-label id="5.4">1467</edge-label>
<edge-label id="6.1">309</edge-label>
<edge-label id="6.10+0.5">366</edge-label>
<edge-label id="6.11">106</edge-label>
<edge-label id="6.12">50</edge-label>
<edge-label id="6.13+0.4">180</edge-label>
<edge-label id="6.14">112</edge-label>
<edge-label id="6.15">226</edge-label>
<edge-label id="6.16">143</edge-label>
<edge-label id="6.17">32</edge-label>
<edge-label id="6.18">148</edge-label>
<edge-label id="6.19">37</edge-label>
<edge-label id="6.2">136</edge-label>
<edge-label id="6.20">32</edge-label>
<edge-label id="6.21">69</edge-label>
<edge-label id="6.22">37</edge-label>
<edge-label id="6.23">148</edge-label>
<edge-label id="6.24">148</edge-label>
<edge-label id="6.25">108</edge-label>
<edge-label id="6.26">108</edge-label>
<edge-label id="6.27">108</edge-label>
<edge-label id="6.28">108</edge-label>
<edge-label id="6.29+0.0">160</edge-label>
<edge-label id="6.29+0.7">147</edge-label>
<edge-label id="6.3">128</edge-label>
<edge-label id="6.30">56</edge-label>
<edge-label id="6.31">108</edge-label>
<edge-label id="6.32">108</edge-label>
<edge-label id="6.33">108</edge-label>
<edge-label id="6.34">226</edge-label>
<edge-label id="6.35">226</edge-label>
<edge-label id="6.36">226</edge-label>
<edge-label id="6.37">226</edge-label>
<edge-label id="6.38">226</edge-label>
<edge-label id="6.39">226</edge-label>
<edge-label id="6.4">74</edge-label>
<edge-label id="6.40+0.0">104</edge-label>
<edge-label id="6.40+0.7">90</edge-label>
<edge-label id="6.41">112</edge-label>
<edge-label id="6.5">184</edge-label>
<edge-label id="6.6">106</edge-label>
<edge-label id="6.7">106</edge-label>
<edge-label id="6.8">106</edge-label>
<edge-label id="6.9">106</edge-label>
<state-labels procid="0">
<label id="[0,0,0,0,0,0,0,0,0,0,0,0,0,0,0,0]">30</label>
<label id="[0,0,0,0,0,0,0,0,0,0,0,0,0,1,0,0]">24</label>
<label id="[0,0,0,0,0,0,0,0,0,0,1,0,0,0,0,1]">76</label>
<label id="[0,0,0,0,0,0,0,0,0,0,1,0,0,1,0,1]">36</label>
<label id="[0,0,0,0,0,0,0,0,0,1,0,0,0,0,0,0]">36</label>
<label id="[0,0,0,0,0,0,0,0,0,1,0,0,0,1,0,0]">36</label>
<label id="[0,0,0,0,0,0,0,0,0,1,0,0,1,0,0,0]">36</label>
<label id="[0,0,0,0,0,0,0,0,0,1,0,0,1,1,0,0]">36</label>
<label id="[0,0,0,0,0,0,0,0,1,0,0,0,0,0,0,1]">56</label>
<label id="[0,0,0,0,0,0,0,0,1,0,0,0,0,1,0,1]">30</label>
<label id="[0,0,0,0,0,0,0,0,1,0,1,0,0,0,0,1]">76</label>
<label id="[0,0,0,0,0,0,0,0,1,0,1,0,0,1,0,1]">36</label>
<label id="[0,0,0,0,0,0,0,0,1,1,0,0,0,0,0,1]">18</label>
<label id="[0,0,0,0,0,0,0,0,1,1,0,0,0,1,0,1]">18</label>
<label id="[0,0,0,0,0,0,0,0,1,1,0,0,1,0,0,1]">18</label>
<label id="[0,0,0,0,0,0,0,0,1,1,0,0,1,1,0,1]">18</label>
<label id="[0,0,0,0,0,0,1,0,0,0,0,0,0,1,0,0]">40</label>
<label id="[0,0,0,0,0,0,1,0,0,0,1,0,0,1,0,1]">48</label>
<label id="[0,0,0,0,0,0,1,0,0,1,0,0,0,1,0,0]">36</label>
<label id="[0,0,0,0,0,0,1,0,0,1,0,0,1,1,0,0]">36</label>
<label id="[0,0,0,0,0,0,1,0,1,0,0,0,0,1,0,1]">42</label>
<label id="[0,0,0,0,0,0,1,0,1,0,1,0,0,1,0,1]">48</label>
<label id="[0,0,0,0,0,0,1,0,1,1,0,0,0,1,0,1]">18</label>
<label id="[0,0,0,0,0,0,1,0,1,1,0,0,1,1,0,1]">18</label>
<label id="[0,0,0,0,0,0,1,1,0,0,0,0,0,1,1,0]">64</label>
<label id="[0,0,0,0,0,0,1,1,0,0,1,0,0,1,1,1]">72</label>
<label id="[0,0,0,0,0,0,1,1,0,1,0,0,0,1,1,0]">36</label>
<label id="[0,0,0,0,0,0,1,1,0,1,0,0,1,1,1,0]">36</label>
<label id="[0,0,0,0,0,0,1,1,1,0,0,0,0,1,1,1]">50</label>
<label id="[0,0,0,0,0,0,1,1,1,0,1,0,0,1,1,1]">72</label>
<label id="[0,0,0,0,0,0,1,1,1,1,0,0,0,1,1,1]">18</label>
<label id="[0,0,0,0,0,0,1,1,1,1,0,0,1,1,1,1]">18</label>
<label id="[0,0,0,0,0,1,1,0,0,0,0,0,0,1,0,0]">8</label>
<label id="[0,0,0,0,0,1,1,0,1,0,0,0,0,1,0,1]">4</label>
<label id="[0,0,0,0,0,2,1,0,0,0,1,0,0,1,0,1]">12</label>
<label id="[0,0,0,0,0,2,1,0,0,1,0,0,0,1,0,0]">12</label>
<label id="[0,0,0,0,0,2,1,0,0,1,0,0,1,1,0,0]">12</label>
<label id="[0,0,0,0,0,2,1,0,1,0,0,0,0,1,0,1]">6</label>
<label id="[0,0,0,0,0,2,1,0,1,0,1,0,0,1,0,1]">12</label>
<label id="[0,0,0,0,0,2,1,0,1,1,0,0,0,1,0,1]">6</label>
<label id="[0,0,0,0,0,2,1,0,1,1,0,0,1,1,0,1]">6</label>
<label id="[0,0,0,0,0,3,1,0,0,0,0,0,0,1,0,0]">8</label>
<label id="[0,0,0,0,0,3,1,0,0,0,1,0,0,1,0,1]">8</label>
<label id="[0,0,0,0,0,3,1,0,0,1,0,0,0,1,0,0]">4</label>
<label id="[0,0,0,0,0,3,1,0,0,1,0,0,1,1,0,0]">4</label>
<label id="[0,0,0,0,0,3,1,0,1,0,0,0,0,1,0,1]">6</label>
<label id="[0,0,0,0,0,3,1,0,1,0,1,0,0,1,0,1]">8</label>
<label id="[0,0,0,0,0,3,1,0,1,1,0,0,0,1,0,1]">2</label>
<label id="[0,0,0,0,0,3,1,0,1,1,0,0,1,1,0,1]">2</label>
<label id="[0,0,0,0,0,3,1,1,0,0,0,0,0,1,1,0]">24</label>
<label id="[0,0,0,0,0,3,1,1,0,0,1,0,0,1,1,1]">24</label>
<label id="[0,0,0,0,0,3,1,1,1,0,0,0,0,1,1,1]">12</label>
<label id="[0,0,0,0,0,3,1,1,1,0,1,0,0,1,1,1]">24</label>
<label id="[0,0,0,0,1,0,0,0,0,0,0,0,0,0,0,0]">30</label>
<label id="[0,0,0,0,1,0,0,0,0,0,0,0,0,1,0,0]">24</label>
<label id="[0,0,0,0,1,0,0,0,0,0,1,0,0,0,0,1]">76</label>
<label id="[0,0,0,0,1,0,0,0,0,0,1,0,0,1,0,1]">36</label>
<label id="[0,0,0,0,1,0,0,0,0,1,0,0,0,0,0,0]">36</label>
<label id="[0,0,0,0,1,0,0,0,0,1,0,0,0,1,0,0]">36</label>
<label id="[0,0,0,0,1,0,0,0,0,1,0,0,1,0,0,0]">36</label>
<label id="[0,0,0,0,1,0,0,0,0,1,0,0,1,1,0,0]">36</label>
<label id="[0,0,0,0,1,0,0,0,1,0,0,0,0,0,0,1]">42</label>
<label id="[0,0,0,0,1,0,0,0,1,0,0,0,0,1,0,1]">21</label>
<label id="[0,0,0,0,1,0,0,0,1,0,1,0,0,0,0,1]">54</label>
<label id="[0,0,0,0,1,0,0,0,1,0,1,0,0,1,0,1]">24</label>
<label id="[0,0,0,0,1,0,0,0,1,1,0,0,0,0,0,1]">12</label>
<label id="[0,0,0,0,1,0,0,0,1,1,0,0,0,1,0,1]">12</label>
<label id="[0,0,0,0,1,0,0,0,1,1,0,0,1,0,0,1]">12</label>
<label id="[0,0,0,0,1,0,0,0,1,1,0,0,1,1,0,1]">12</label>
<label id="[0,0,0,0,1,0,1,0,0,0,0,0,0,1,0,0]">40</label>
<label id="[0,0,0,0,1,0,1,0,0,0,1,0,0,1,0,1]">48</label>
<label id="[0,0,0,0,1,0,1,0,0,1,0,0,0,1,0,0]">36</label>
<label id="[0,0,0,0,1,0,1,0,0,1,0,0,1,1,0,0]">36</label>
<label id="[0,0,0,0,1,0,1,0,1,0,0,0,0,1,0,1]">30</label>
<label id="[0,0,0,0,1,0,1,0,1,0,1,0,0,1,0,1]">34</label>
<label id="[0,0,0,0,1,0,1,0,1,1,0,0,0,1,0,1]">12</label>
<label id="[0,0,0,0,1,0,1,0,1,1,0,0,1,1,0,1]">12</label>
<label id="[0,0,0,0,1,0,1,1,0,0,0,0,0,1,1,0]">64</label>
<label id="[0,0,0,0,1,0,1,1,0,0,1,0,0,1,1,1]">72</label>
<label id="[0,0,0,0,1,0,1,1,0,1,0,0,0,1,1,0]">36</label>
<label id="[0,0,0,0,1,0,1,1,0,1,0,0,1,1,1,0]">36</label>
<label id="[0,0,0,0,1,0,1,1,1,0,0,0,0,1,1,1]">38</label>
<label id="[0,0,0,0,1,0,1,1,1,0,1,0,0,1,1,1]">54</label>
<label id="[0,0,0,0,1,0,1,1,1,1,0,0,0,1,1,1]">12</label>
<label id="[0,0,0,0,1,0,1,1,1,1,0,0,1,1,1,1]">12</label>
<label id="[0,0,0,0,1,1,1,0,0,0,0,0,0,1,0,0]">8</label>
<label id="[0,0,0,0,1,1,1,0,1,0,0,0,0,1,0,1]">3</label>
<label id="[0,0,0,0,1,2,1,0,0,0,1,0,0,1,0,1]">12</label>
<label id="[0,0,0,0,1,2,1,0,0,1,0,0,0,1,0,0]">12</label>
<label id="[0,0,0,0,1,2,1,0,0,1,0,0,1,1,0,0]">12</label>
<label id="[0,0,0,0,1,2,1,0,1,0,0,0,0,1,0,1]">4</label>
<label id="[0,0,0,0,1,2,1,0,1,0,1,0,0,1,0,1]">8</label>
<label id="[0,0,0,0,1,2,1,0,1,1,0,0,0,1,0,1]">4</label>
<label id="[0,0,0,0,1,2,1,0,1,1,0,0,1,1,0,1]">4</label>
<label id="[0,0,0,0,1,3,1,0,0,0,0,0,0,1,0,0]">8</label>
<label id="[0,0,0,0,1,3,1,0,0,0,1,0,0,1,0,1]">8</label>
<label id="[0,0,0,0,1,3,1,0,0,1,0,0,0,1,0,0]">4</label>
<label id="[0,0,0,0,1,3,1,0,0,1,0,0,1,1,0,0]">4</label>
<label id="[0,0,0,0,1,3,1,0,1,0,0,0,0,1,0,1]">4</label>
<label id="[0,0,0,0,1,3,1,0,1,0,1,0,0,1,0,1]">6</label>
<label id="[0,0,0,0,1,3,1,0,1,1,0,0,0,1,0,1]">1</label>
<label id="[0,0,0,0,1,3,1,0,1,1,0,0,1,1,0,1]">1</label>
<label id="[0,0,0,0,1,3,1,1,0,0,0,0,0,1,1,0]">24</label>
<label id="[0,0,0,0,1,3,1,1,0,0,1,0,0,1,1,1]">24</label>
<label id="[0,0,0,0,1,3,1,1,1,0,0,0,0,1,1,1]">11</label>
<label id="[0,0,0,0,1,3,1,1,1,0,1,0,0,1,1,1]">22</label>
<label id="[0,0,1,0,0,0,0,0,0,0,0,0,0,0,0,0]">24</label>
<label id="[0,0,1,0,0,0,0,0,0,0,0,0,0,1,0,0]">24</label>
<label id="[0,0,1,0,0,0,0,0,0,0,1,0,0,0,0,1]">68</label>
<label id="[0,0,1,0,0,0,0,0,0,0,1,0,0,1,0,1]">60</label>
<label id="[0,0,1,0,0,0,0,0,0,1,0,0,0,0,0,0]">68</label>
<label id="[0,0,1,0,0,0,0,0,0,1,0,0,0,1,0,0]">60</label>
<label id="[0,0,1,0,0,0,0,0,0,1,0,0,1,0,0,0]">68</label>
<label id="[0,0,1,0,0,0,0,0,0,1,0,0,1,1,0,0]">60</label>
<label id="[0,0,1,0,0,0,0,0,0,1,1,0,0,0,0,1]">44</label>
<label id="[0,0,1,0,0,0,0,0,0,1,1,0,0,1,0,1]">36</label>
<label id="[0,0,1,0,0,0,0,0,0,1,1,0,1,0,0,1]">44</label>
<label id="[0,0,1,0,0,0,0,0,0,1,1,0,1,1,0,1]">36</label>
<label id="[0,0,1,0,0,0,0,0,1,0,0,0,0,0,0,1]">34</label>
<label id="[0,0,1,0,0,0,0,0,1,0,0,0,0,1,0,1]">30</label>
<label id="[0,0,1,0,0,0,0,0,1,0,1,0,0,0,0,1]">68</label>
<label id="[0,0,1,0,0,0,0,0,1,0,1,0,0,1,0,1]">60</label>
<label id="[0,0,1,0,0,0,0,0,1,1,0,0,0,0,0,1]">22</label>
<label id="[0,0,1,0,0,0,0,0,1,1,0,0,0,1,0,1]">18</label>
<label id="[0,0,1,0,0,0,0,0,1,1,0,0,1,0,0,1]">22</label>
<label id="[0,0,1,0,0,0,0,0,1,1,0,0,1,1,0,1]">18</label>
<label id="[0,0,1,0,0,0,0,0,1,1,1,0,0,0,0,1]">44</label>
<label id="[0,0,1,0,0,0,0,0,1,1,1,0,0,1,0,1]">36</label>
<label id="[0,0,1,0,0,0,0,0,1,1,1,0,1,0,0,1]">44</label>
<label id="[0,0,1,0,0,0,0,0,1,1,1,0,1,1,0,1]">36</label>
<label id="[0,0,1,0,0,0,1,0,0,0,0,0,0,1,0,0]">40</label>
<label id="[0,0,1,0,0,0,1,0,0,0,1,0,0,1,0,1]">84</label>
<label id="[0,0,1,0,0,0,1,0,0,1,0,0,0,1,0,0]">76</label>
<label id="[0,0,1,0,0,0,1,0,0,1,0,0,1,1,0,0]">76</label>
<label id="[0,0,1,0,0,0,1,0,0,1,1,0,0,1,0,1]">44</label>
<label id="[0,0,1,0,0,0,1,0,0,1,1,0,1,1,0,1]">44</label>
<label id="[0,0,1,0,0,0,1,0,1,0,0,0,0,1,0,1]">42</label>
<label id="[0,0,1,0,0,0,1,0,1,0,1,0,0,1,0,1]">84</label>
<label id="[0,0,1,0,0,0,1,0,1,1,0,0,0,1,0,1]">22</label>
<label id="[0,0,1,0,0,0,1,0,1,1,0,0,1,1,0,1]">22</label>
<label id="[0,0,1,0,0,0,1,0,1,1,1,0,0,1,0,1]">44</label>
<label id="[0,0,1,0,0,0,1,0,1,1,1,0,1,1,0,1]">44</label>
<label id="[0,0,1,0,0,0,1,1,0,0,0,0,0,1,1,0]">64</label>
<label id="[0,0,1,0,0,0,1,1,0,0,1,0,0,1,1,1]">100</label>
<label id="[0,0,1,0,0,0,1,1,0,1,0,0,0,1,1,0]">76</label>
<label id="[0,0,1,0,0,0,1,1,0,1,0,0,1,1,1,0]">76</label>
<label id="[0,0,1,0,0,0,1,1,0,1,1,0,0,1,1,1]">36</label>
<label id="[0,0,1,0,0,0,1,1,0,1,1,0,1,1,1,1]">36</label>
<label id="[0,0,1,0,0,0,1,1,1,0,0,0,0,1,1,1]">50</label>
<label id="[0,0,1,0,0,0,1,1,1,0,1,0,0,1,1,1]">100</label>
<label id="[0,0,1,0,0,0,1,1,1,1,0,0,0,1,1,1]">18</label>
<label id="[0,0,1,0,0,0,1,1,1,1,0,0,1,1,1,1]">18</label>
<label id="[0,0,1,0,0,0,1,1,1,1,1,0,0,1,1,1]">36</label>
<label id="[0,0,1,0,0,0,1,1,1,1,1,0,1,1,1,1]">36</label>
<label id="[0,0,1,0,0,1,1,0,0,0,0,0,0,1,0,0]">8</label>
<label id="[0,0,1,0,0,1,1,0,0,0,1,0,0,1,0,1]">8</label>
<label id="[0,0,1,0,0,1,1,0,0,1,0,0,0,1,0,0]">8</label>
<label id="[0,0,1,0,0,1,1,0,0,1,0,0,1,1,0,0]">8</label>
<label id="[0,0,1,0,0,1,1,0,1,0,0,0,0,1,0,1]">4</label>
<label id="[0,0,1,0,0,1,1,0,1,0,1,0,0,1,0,1]">8</label>
<label id="[0,0,1,0,0,2,1,0,0,0,1,0,0,1,0,1]">12</label>
<label id="[0,0,1,0,0,2,1,0,0,1,0,0,0,1,0,0]">12</label>
<label id="[0,0,1,0,0,2,1,0,0,1,0,0,1,1,0,0]">12</label>
<label id="[0,0,1,0,0,2,1,0,0,1,1,0,0,1,0,1]">12</label>
<label id="[0,0,1,0,0,2,1,0,0,1,1,0,1,1,0,1]">12</label>
<label id="[0,0,1,0,0,2,1,0,1,0,0,0,0,1,0,1]">6</label>
<label id="[0,0,1,0,0,2,1,0,1,0,1,0,0,1,0,1]">12</label>
<label id="[0,0,1,0,0,2,1,0,1,1,0,0,0,1,0,1]">6</label>
<label id="[0,0,1,0,0,2,1,0,1,1,0,0,1,1,0,1]">6</label>
<label id="[0,0,1,0,0,2,1,0,1,1,1,0,0,1,0,1]">12</label>
<label id="[0,0,1,0,0,2,1,0,1,1,1,0,1,1,0,1]">12</label>
<label id="[0,0,1,0,0,3,1,0,0,0,0,0,0,1,0,0]">8</label>
<label id="[0,0,1,0,0,3,1,0,0,0,1,0,0,1,0,1]">8</label>
<label id="[0,0,1,0,0,3,1,0,0,1,0,0,0,1,0,0]">4</label>
<label id="[0,0,1,0,0,3,1,0,0,1,0,0,1,1,0,0]">4</label>
<label id="[0,0,1,0,0,3,1,0,1,0,0,0,0,1,0,1]">6</label>
<label id="[0,0,1,0,0,3,1,0,1,0,1,0,0,1,0,1]">8</label>
<label id="[0,0,1,0,0,3,1,0,1,1,0,0,0,1,0,1]">2</label>
<label id="[0,0,1,0,0,3,1,0,1,1,0,0,1,1,0,1]">2</label>
<label id="[0,0,1,0,0,3,1,1,0,0,0,0,0,1,1,0]">24</label>
<label id="[0,0,1,0,0,3,1,1,0,0,1,0,0,1,1,1]">24</label>
<label id="[0,0,1,0,0,3,1,1,1,0,0,0,0,1,1,1]">12</label>
<label id="[0,0,1,0,0,3,1,1,1,0,1,0,0,1,1,1]">24</label>
<label id="[0,0,1,0,1,0,0,0,0,0,0,0,0,0,0,0]">24</label>
<label id="[0,0,1,0,1,0,0,0,0,0,0,0,0,1,0,0]">24</label>
<label id="[0,0,1,0,1,0,0,0,0,0,1,0,0,0,0,1]">68</label>
<label id="[0,0,1,0,1,0,0,0,0,0,1,0,0,1,0,1]">60</label>
<label id="[0,0,1,0,1,0,0,0,0,1,0,0,0,0,0,0]">68</label>
<label id="[0,0,1,0,1,0,0,0,0,1,0,0,0,1,0,0]">60</label>
<label id="[0,0,1,0,1,0,0,0,0,1,0,0,1,0,0,0]">68</label>
<label id="[0,0,1,0,1,0,0,0,0,1,0,0,1,1,0,0]">60</label>
<label id="[0,0,1,0,1,0,0,0,0,1,1,0,0,0,0,1]">44</label>
<label id="[0,0,1,0,1,0,0,0,0,1,1,0,0,1,0,1]">36</label>
<label id="[0,0,1,0,1,0,0,0,0,1,1,0,1,0,0,1]">44</label>
<label id="[0,0,1,0,1,0,0,0,0,1,1,0,1,1,0,1]">36</label>
<label id="[0,0,1,0,1,0,0,0,1,0,0,0,0,0,0,1]">24</label>
<label id="[0,0,1,0,1,0,0,0,1,0,0,0,0,1,0,1]">21</label>
<label id="[0,0,1,0,1,0,0,0,1,0,1,0,0,0,0,1]">48</label>
<label id="[0,0,1,0,1,0,0,0,1,0,1,0,0,1,0,1]">42</label>
<label id="[0,0,1,0,1,0,0,0,1,1,0,0,0,0,0,1]">15</label>
<label id="[0,0,1,0,1,0,0,0,1,1,0,0,0,1,0,1]">12</label>
<label id="[0,0,1,0,1,0,0,0,1,1,0,0,1,0,0,1]">15</label>
<label id="[0,0,1,0,1,0,0,0,1,1,0,0,1,1,0,1]">12</label>
<label id="[0,0,1,0,1,0,0,0,1,1,1,0,0,0,0,1]">30</label>
<label id="[0,0,1,0,1,0,0,0,1,1,1,0,0,1,0,1]">24</label>
<label id="[0,0,1,0,1,0,0,0,1,1,1,0,1,0,0,1]">30</label>
<label id="[0,0,1,0,1,0,0,0,1,1,1,0,1,1,0,1]">24</label>
<label id="[0,0,1,0,1,0,1,0,0,0,0,0,0,1,0,0]">40</label>
<label id="[0,0,1,0,1,0,1,0,0,0,1,0,0,1,0,1]">84</label>
<label id="[0,0,1,0,1,0,1,0,0,1,0,0,0,1,0,0]">76</label>
<label id="[0,0,1,0,1,0,1,0,0,1,0,0,1,1,0,0]">76</label>
<label id="[0,0,1,0,1,0,1,0,0,1,1,0,0,1,0,1]">44</label>
<label id="[0,0,1,0,1,0,1,0,0,1,1,0,1,1,0,1]">44</label>
<label id="[0,0,1,0,1,0,1,0,1,0,0,0,0,1,0,1]">30</label>
<label id="[0,0,1,0,1,0,1,0,1,0,1,0,0,1,0,1]">60</label>
<label id="[0,0,1,0,1,0,1,0,1,1,0,0,0,1,0,1]">15</label>
<label id="[0,0,1,0,1,0,1,0,1,1,0,0,1,1,0,1]">15</label>
<label id="[0,0,1,0,1,0,1,0,1,1,1,0,0,1,0,1]">30</label>
<label id="[0,0,1,0,1,0,1,0,1,1,1,0,1,1,0,1]">30</label>
<label id="[0,0,1,0,1,0,1,1,0,0,0,0,0,1,1,0]">64</label>
<label id="[0,0,1,0,1,0,1,1,0,0,1,0,0,1,1,1]">100</label>
<label id="[0,0,1,0,1,0,1,1,0,1,0,0,0,1,1,0]">76</label>
<label id="[0,0,1,0,1,0,1,1,0,1,0,0,1,1,1,0]">76</label>
<label id="[0,0,1,0,1,0,1,1,0,1,1,0,0,1,1,1]">36</label>
<label id="[0,0,1,0,1,0,1,1,0,1,1,0,1,1,1,1]">36</label>
<label id="[0,0,1,0,1,0,1,1,1,0,0,0,0,1,1,1]">38</label>
<label id="[0,0,1,0,1,0,1,1,1,0,1,0,0,1,1,1]">76</label>
<label id="[0,0,1,0,1,0,1,1,1,1,0,0,0,1,1,1]">12</label>
<label id="[0,0,1,0,1,0,1,1,1,1,0,0,1,1,1,1]">12</label>
<label id="[0,0,1,0,1,0,1,1,1,1,1,0,0,1,1,1]">24</label>
<label id="[0,0,1,0,1,0,1,1,1,1,1,0,1,1,1,1]">24</label>
<label id="[0,0,1,0,1,1,1,0,0,0,0,0,0,1,0,0]">8</label>
<label id="[0,0,1,0,1,1,1,0,0,0,1,0,0,1,0,1]">8</label>
<label id="[0,0,1,0,1,1,1,0,0,1,0,0,0,1,0,0]">8</label>
<label id="[0,0,1,0,1,1,1,0,0,1,0,0,1,1,0,0]">8</label>
<label id="[0,0,1,0,1,1,1,0,1,0,0,0,0,1,0,1]">3</label>
<label id="[0,0,1,0,1,1,1,0,1,0,1,0,0,1,0,1]">6</label>
<label id="[0,0,1,0,1,2,1,0,0,0,1,0,0,1,0,1]">12</label>
<label id="[0,0,1,0,1,2,1,0,0,1,0,0,0,1,0,0]">12</label>
<label id="[0,0,1,0,1,2,1,0,0,1,0,0,1,1,0,0]">12</label>
<label id="[0,0,1,0,1,2,1,0,0,1,1,0,0,1,0,1]">12</label>
<label id="[0,0,1,0,1,2,1,0,0,1,1,0,1,1,0,1]">12</label>
<label id="[0,0,1,0,1,2,1,0,1,0,0,0,0,1,0,1]">4</label>
<label id="[0,0,1,0,1,2,1,0,1,0,1,0,0,1,0,1]">8</label>
<label id="[0,0,1,0,1,2,1,0,1,1,0,0,0,1,0,1]">4</label>
<label id="[0,0,1,0,1,2,1,0,1,1,0,0,1,1,0,1]">4</label>
<label id="[0,0,1,0,1,2,1,0,1,1,1,0,0,1,0,1]">8</label>
<label id="[0,0,1,0,1,2,1,0,1,1,1,0,1,1,0,1]">8</label>
<label id="[0,0,1,0,1,3,1,0,0,0,0,0,0,1,0,0]">8</label>
<label id="[0,0,1,0,1,3,1,0,0,0,1,0,0,1,0,1]">8</label>
<label id="[0,0,1,0,1,3,1,0,0,1,0,0,0,1,0,0]">4</label>
<label id="[0,0,1,0,1,3,1,0,0,1,0,0,1,1,0,0]">4</label>
<label id="[0,0,1,0,1,3,1,0,1,0,0,0,0,1,0,1]">4</label>
<label id="[0,0,1,0,1,3,1,0,1,0,1,0,0,1,0,1]">6</label>
<label id="[0,0,1,0,1,3,1,0,1,1,0,0,0,1,0,1]">1</label>
<label id="[0,0,1,0,1,3,1,0,1,1,0,0,1,1,0,1]">1</label>
<label id="[0,0,1,0,1,3,1,1,0,0,0,0,0,1,1,0]">24</label>
<label id="[0,0,1,0,1,3,1,1,0,0,1,0,0,1,1,1]">24</label>
<label id="[0,0,1,0,1,3,1,1,1,0,0,0,0,1,1,1]">11</label>
<label id="[0,0,1,0,1,3,1,1,1,0,1,0,0,1,1,1]">22</label>
<label id="[0,0,1,1,0,0,0,0,0,0,1,0,0,0,0,1]">16</label>
<label id="[0,0,1,1,0,0,0,0,0,1,0,0,0,0,0,0]">16</label>
<label id="[0,0,1,1,0,0,0,0,0,1,0,0,1,0,0,0]">16</label>
<label id="[0,0,1,1,0,0,0,0,0,1,1,0,0,0,0,1]">16</label>
<label id="[0,0,1,1,0,0,0,0,0,1,1,0,1,0,0,1]">16</label>
<label id="[0,0,1,1,0,0,0,0,1,0,0,0,0,0,0,1]">8</label>
<label id="[0,0,1,1,0,0,0,0,1,0,1,0,0,0,0,1]">16</label>
<label id="[0,0,1,1,0,0,0,0,1,1,0,0,0,0,0,1]">8</label>
<label id="[0,0,1,1,0,0,0,0,1,1,0,0,1,0,0,1]">8</label>
<label id="[0,0,1,1,0,0,0,0,1,1,1,0,0,0,0,1]">16</label>
<label id="[0,0,1,1,0,0,0,0,1,1,1,0,1,0,0,1]">16</label>
<label id="[0,0,1,1,1,0,0,0,0,0,1,0,0,0,0,1]">16</label>
<label id="[0,0,1,1,1,0,0,0,0,1,0,0,0,0,0,0]">16</label>
<label id="[0,0,1,1,1,0,0,0,0,1,0,0,1,0,0,0]">16</label>
<label id="[0,0,1,1,1,0,0,0,0,1,1,0,0,0,0,1]">16</label>
<label id="[0,0,1,1,1,0,0,0,0,1,1,0,1,0,0,1]">16</label>
<label id="[0,0,1,1,1,0,0,0,1,0,0,0,0,0,0,1]">6</label>
<label id="[0,0,1,1,1,0,0,0,1,0,1,0,0,0,0,1]">12</label>
<label id="[0,0,1,1,1,0,0,0,1,1,0,0,0,0,0,1]">6</label>
<label id="[0,0,1,1,1,0,0,0,1,1,0,0,1,0,0,1]">6</label>
<label id="[0,0,1,1,1,0,0,0,1,1,1,0,0,0,0,1]">12</label>
<label id="[0,0,1,1,1,0,0,0,1,1,1,0,1,0,0,1]">12</label>
<label id="[0,1,1,1,0,0,0,0,0,1,0,0,0,0,0,0]">16</label>
<label id="[0,1,1,1,0,0,0,0,0,1,0,0,1,0,0,0]">16</label>
<label id="[0,1,1,1,1,0,0,0,0,1,0,0,0,0,0,0]">16</label>
<label id="[0,1,1,1,1,0,0,0,0,1,0,0,1,0,0,0]">16</label>
<label id="[1,0,0,0,0,0,0,0,0,0,1,0,0,0,0,1]">36</label>
<label id="[1,0,0,0,0,0,0,0,0,0,1,0,0,1,0,1]">36</label>
<label id="[1,0,0,0,0,0,0,0,0,1,0,1,1,0,0,0]">72</label>
<label id="[1,0,0,0,0,0,0,0,0,1,0,1,1,1,0,0]">72</label>
<label id="[1,0,0,0,0,0,0,0,1,0,0,1,0,0,0,1]">38</label>
<label id="[1,0,0,0,0,0,0,0,1,0,0,1,0,1,0,1]">18</label>
<label id="[1,0,0,0,0,0,0,0,1,0,1,0,0,0,0,1]">96</label>
<label id="[1,0,0,0,0,0,0,0,1,0,1,0,0,1,0,1]">36</label>
<label id="[1,0,0,0,0,0,0,0,1,0,1,1,0,0,0,1]">8</label>
<label id="[1,0,0,0,0,0,0,0,1,1,0,1,1,0,0,1]">36</label>
<label id="[1,0,0,0,0,0,0,0,1,1,0,1,1,1,0,1]">36</label>
<label id="[1,0,0,0,0,0,1,0,0,0,1,0,0,1,0,1]">36</label>
<label id="[1,0,0,0,0,0,1,0,0,1,0,1,1,1,0,0]">72</label>
<label id="[1,0,0,0,0,0,1,0,1,0,0,1,0,1,0,1]">18</label>
<label id="[1,0,0,0,0,0,1,0,1,0,1,0,0,1,0,1]">36</label>
<label id="[1,0,0,0,0,0,1,0,1,1,0,1,1,1,0,1]">36</label>
<label id="[1,0,0,0,0,0,1,1,0,0,1,0,0,1,1,1]">36</label>
<label id="[1,0,0,0,0,0,1,1,0,1,0,1,1,1,1,0]">72</label>
<label id="[1,0,0,0,0,0,1,1,1,0,0,1,0,1,1,1]">18</label>
<label id="[1,0,0,0,0,0,1,1,1,0,1,0,0,1,1,1]">36</label>
<label id="[1,0,0,0,0,0,1,1,1,1,0,1,1,1,1,1]">36</label>
<label id="[1,0,0,0,0,2,1,0,0,0,1,0,0,1,0,1]">12</label>
<label id="[1,0,0,0,0,2,1,0,0,1,0,1,1,1,0,0]">24</label>
<label id="[1,0,0,0,0,2,1,0,1,0,0,1,0,1,0,1]">6</label>
<label id="[1,0,0,0,0,2,1,0,1,0,1,0,0,1,0,1]">12</label>
<label id="[1,0,0,0,0,2,1,0,1,1,0,1,1,1,0,1]">12</label>
<label id="[1,0,0,0,0,3,1,0,0,0,1,0,0,1,0,1]">4</label>
<label id="[1,0,0,0,0,3,1,0,0,1,0,1,1,1,0,0]">8</label>
<label id="[1,0,0,0,0,3,1,0,1,0,0,1,0,1,0,1]">2</label>
<label id="[1,0,0,0,0,3,1,0,1,0,1,0,0,1,0,1]">4</label>
<label id="[1,0,0,0,0,3,1,0,1,1,0,1,1,1,0,1]">4</label>
<label id="[1,0,0,0,1,0,0,0,0,0,1,0,0,0,0,1]">36</label>
<label id="[1,0,0,0,1,0,0,0,0,0,1,0,0,1,0,1]">36</label>
<label id="[1,0,0,0,1,0,0,0,0,1,0,1,1,0,0,0]">72</label>
<label id="[1,0,0,0,1,0,0,0,0,1,0,1,1,1,0,0]">72</label>
<label id="[1,0,0,0,1,0,0,0,1,0,0,1,0,0,0,1]">36</label>
<label id="[1,0,0,0,1,0,0,0,1,0,0,1,0,1,0,1]">18</label>
<label id="[1,0,0,0,1,0,0,0,1,0,1,0,0,0,0,1]">69</label>
<label id="[1,0,0,0,1,0,0,0,1,0,1,0,0,1,0,1]">24</label>
<label id="[1,0,0,0,1,0,0,0,1,0,1,1,0,0,0,1]">8</label>
<label id="[1,0,0,0,1,0,0,0,1,1,0,1,1,0,0,1]">24</label>
<label id="[1,0,0,0,1,0,0,0,1,1,0,1,1,1,0,1]">24</label>
<label id="[1,0,0,0,1,0,1,0,0,0,1,0,0,1,0,1]">36</label>
<label id="[1,0,0,0,1,0,1,0,0,1,0,1,1,1,0,0]">72</label>
<label id="[1,0,0,0,1,0,1,0,1,0,0,1,0,1,0,1]">18</label>
<label id="[1,0,0,0,1,0,1,0,1,0,1,0,0,1,0,1]">24</label>
<label id="[1,0,0,0,1,0,1,0,1,1,0,1,1,1,0,1]">24</label>
<label id="[1,0,0,0,1,0,1,1,0,0,1,0,0,1,1,1]">36</label>
<label id="[1,0,0,0,1,0,1,1,0,1,0,1,1,1,1,0]">72</label>
<label id="[1,0,0,0,1,0,1,1,1,0,0,1,0,1,1,1]">18</label>
<label id="[1,0,0,0,1,0,1,1,1,0,1,0,0,1,1,1]">24</label>
<label id="[1,0,0,0,1,0,1,1,1,1,0,1,1,1,1,1]">24</label>
<label id="[1,0,0,0,1,2,1,0,0,0,1,0,0,1,0,1]">12</label>
<label id="[1,0,0,0,1,2,1,0,0,1,0,1,1,1,0,0]">24</label>
<label id="[1,0,0,0,1,2,1,0,1,0,0,1,0,1,0,1]">6</label>
<label id="[1,0,0,0,1,2,1,0,1,0,1,0,0,1,0,1]">8</label>
<label id="[1,0,0,0,1,2,1,0,1,1,0,1,1,1,0,1]">8</label>
<label id="[1,0,0,0,1,3,1,0,0,0,1,0,0,1,0,1]">4</label>
<label id="[1,0,0,0,1,3,1,0,0,1,0,1,1,1,0,0]">8</label>
<label id="[1,0,0,0,1,3,1,0,1,0,0,1,0,1,0,1]">2</label>
<label id="[1,0,0,0,1,3,1,0,1,0,1,0,0,1,0,1]">2</label>
<label id="[1,0,0,0,1,3,1,0,1,1,0,1,1,1,0,1]">2</label>
<label id="[1,0,0,1,0,0,0,0,0,0,1,0,0,0,0,1]">40</label>
<label id="[1,0,0,1,0,0,0,0,1,0,1,0,0,0,0,1]">16</label>
<label id="[1,0,0,1,1,0,0,0,0,0,1,0,0,0,0,1]">40</label>
<label id="[1,0,0,1,1,0,0,0,1,0,1,0,0,0,0,1]">12</label>
<label id="[1,0,1,0,0,0,0,0,0,0,1,0,0,0,0,1]">68</label>
<label id="[1,0,1,0,0,0,0,0,0,0,1,0,0,1,0,1]">60</label>
<label id="[1,0,1,0,0,0,0,0,0,1,0,1,1,0,0,0]">136</label>
<label id="[1,0,1,0,0,0,0,0,0,1,0,1,1,1,0,0]">120</label>
<label id="[1,0,1,0,0,0,0,0,0,1,1,1,1,0,0,1]">88</label>
<label id="[1,0,1,0,0,0,0,0,0,1,1,1,1,1,0,1]">72</label>
<label id="[1,0,1,0,0,0,0,0,1,0,0,1,0,0,0,1]">34</label>
<label id="[1,0,1,0,0,0,0,0,1,0,0,1,0,1,0,1]">30</label>
<label id="[1,0,1,0,0,0,0,0,1,0,1,0,0,0,0,1]">56</label>
<label id="[1,0,1,0,0,0,0,0,1,0,1,0,0,1,0,1]">48</label>
<label id="[1,0,1,0,0,0,0,0,1,0,1,1,0,0,0,1]">22</label>
<label id="[1,0,1,0,0,0,0,0,1,0,1,1,0,1,0,1]">18</label>
<label id="[1,0,1,0,0,0,0,0,1,1,0,1,1,0,0,1]">44</label>
<label id="[1,0,1,0,0,0,0,0,1,1,0,1,1,1,0,1]">36</label>
<label id="[1,0,1,0,0,0,0,0,1,1,1,1,1,0,0,1]">88</label>
<label id="[1,0,1,0,0,0,0,0,1,1,1,1,1,1,0,1]">72</label>
<label id="[1,0,1,0,0,0,1,0,0,0,1,0,0,1,0,1]">84</label>
<label id="[1,0,1,0,0,0,1,0,0,1,0,1,1,1,0,0]">152</label>
<label id="[1,0,1,0,0,0,1,0,0,1,1,1,1,1,0,1]">88</label>
<label id="[1,0,1,0,0,0,1,0,1,0,0,1,0,1,0,1]">42</label>
<label id="[1,0,1,0,0,0,1,0,1,0,1,0,0,1,0,1]">64</label>
<label id="[1,0,1,0,0,0,1,0,1,0,1,1,0,1,0,1]">22</label>
<label id="[1,0,1,0,0,0,1,0,1,1,0,1,1,1,0,1]">44</label>
<label id="[1,0,1,0,0,0,1,0,1,1,1,1,1,1,0,1]">88</label>
<label id="[1,0,1,0,0,0,1,1,0,0,1,0,0,1,1,1]">76</label>
<label id="[1,0,1,0,0,0,1,1,0,1,0,1,1,1,1,0]">152</label>
<label id="[1,0,1,0,0,0,1,1,0,1,1,1,1,1,1,1]">72</label>
<label id="[1,0,1,0,0,0,1,1,1,0,0,1,0,1,1,1]">38</label>
<label id="[1,0,1,0,0,0,1,1,1,0,1,0,0,1,1,1]">56</label>
<label id="[1,0,1,0,0,0,1,1,1,0,1,1,0,1,1,1]">18</label>
<label id="[1,0,1,0,0,0,1,1,1,1,0,1,1,1,1,1]">36</label>
<label id="[1,0,1,0,0,0,1,1,1,1,1,1,1,1,1,1]">72</label>
<label id="[1,0,1,0,0,1,1,0,0,0,1,0,0,1,0,1]">8</label>
<label id="[1,0,1,0,0,1,1,0,0,1,0,1,1,1,0,0]">16</label>
<label id="[1,0,1,0,0,1,1,0,1,0,0,1,0,1,0,1]">4</label>
<label id="[1,0,1,0,0,1,1,0,1,0,1,0,0,1,0,1]">4</label>
<label id="[1,0,1,0,0,2,1,0,0,0,1,0,0,1,0,1]">12</label>
<label id="[1,0,1,0,0,2,1,0,0,1,0,1,1,1,0,0]">24</label>
<label id="[1,0,1,0,0,2,1,0,0,1,1,1,1,1,0,1]">24</label>
<label id="[1,0,1,0,0,2,1,0,1,0,0,1,0,1,0,1]">6</label>
<label id="[1,0,1,0,0,2,1,0,1,0,1,0,0,1,0,1]">12</label>
<label id="[1,0,1,0,0,2,1,0,1,0,1,1,0,1,0,1]">6</label>
<label id="[1,0,1,0,0,2,1,0,1,1,0,1,1,1,0,1]">12</label>
<label id="[1,0,1,0,0,2,1,0,1,1,1,1,1,1,0,1]">24</label>
<label id="[1,0,1,0,0,3,1,0,0,0,1,0,0,1,0,1]">4</label>
<label id="[1,0,1,0,0,3,1,0,0,1,0,1,1,1,0,0]">8</label>
<label id="[1,0,1,0,0,3,1,0,1,0,0,1,0,1,0,1]">2</label>
<label id="[1,0,1,0,0,3,1,0,1,0,1,0,0,1,0,1]">4</label>
<label id="[1,0,1,0,0,3,1,0,1,1,0,1,1,1,0,1]">4</label>
<label id="[1,0,1,0,1,0,0,0,0,0,1,0,0,0,0,1]">68</label>
<label id="[1,0,1,0,1,0,0,0,0,0,1,0,0,1,0,1]">60</label>
<label id="[1,0,1,0,1,0,0,0,0,1,0,1,1,0,0,0]">136</label>
<label id="[1,0,1,0,1,0,0,0,0,1,0,1,1,1,0,0]">120</label>
<label id="[1,0,1,0,1,0,0,0,0,1,1,1,1,0,0,1]">88</label>
<label id="[1,0,1,0,1,0,0,0,0,1,1,1,1,1,0,1]">72</label>
<label id="[1,0,1,0,1,0,0,0,1,0,0,1,0,0,0,1]">34</label>
<label id="[1,0,1,0,1,0,0,0,1,0,0,1,0,1,0,1]">30</label>
<label id="[1,0,1,0,1,0,0,0,1,0,1,0,0,0,0,1]">39</label>
<label id="[1,0,1,0,1,0,0,0,1,0,1,0,0,1,0,1]">33</label>
<label id="[1,0,1,0,1,0,0,0,1,0,1,1,0,0,0,1]">22</label>
<label id="[1,0,1,0,1,0,0,0,1,0,1,1,0,1,0,1]">18</label>
<label id="[1,0,1,0,1,0,0,0,1,1,0,1,1,0,0,1]">30</label>
<label id="[1,0,1,0,1,0,0,0,1,1,0,1,1,1,0,1]">24</label>
<label id="[1,0,1,0,1,0,0,0,1,1,1,1,1,0,0,1]">60</label>
<label id="[1,0,1,0,1,0,0,0,1,1,1,1,1,1,0,1]">48</label>
<label id="[1,0,1,0,1,0,1,0,0,0,1,0,0,1,0,1]">84</label>
<label id="[1,0,1,0,1,0,1,0,0,1,0,1,1,1,0,0]">152</label>
<label id="[1,0,1,0,1,0,1,0,0,1,1,1,1,1,0,1]">88</label>
<label id="[1,0,1,0,1,0,1,0,1,0,0,1,0,1,0,1]">40</label>
<label id="[1,0,1,0,1,0,1,0,1,0,1,0,0,1,0,1]">44</label>
<label id="[1,0,1,0,1,0,1,0,1,0,1,1,0,1,0,1]">22</label>
<label id="[1,0,1,0,1,0,1,0,1,1,0,1,1,1,0,1]">30</label>
<label id="[1,0,1,0,1,0,1,0,1,1,1,1,1,1,0,1]">60</label>
<label id="[1,0,1,0,1,0,1,1,0,0,1,0,0,1,1,1]">76</label>
<label id="[1,0,1,0,1,0,1,1,0,1,0,1,1,1,1,0]">152</label>
<label id="[1,0,1,0,1,0,1,1,0,1,1,1,1,1,1,1]">72</label>
<label id="[1,0,1,0,1,0,1,1,1,0,0,1,0,1,1,1]">38</label>
<label id="[1,0,1,0,1,0,1,1,1,0,1,0,0,1,1,1]">39</label>
<label id="[1,0,1,0,1,0,1,1,1,0,1,1,0,1,1,1]">18</label>
<label id="[1,0,1,0,1,0,1,1,1,1,0,1,1,1,1,1]">24</label>
<label id="[1,0,1,0,1,0,1,1,1,1,1,1,1,1,1,1]">48</label>
<label id="[1,0,1,0,1,1,1,0,0,0,1,0,0,1,0,1]">8</label>
<label id="[1,0,1,0,1,1,1,0,0,1,0,1,1,1,0,0]">16</label>
<label id="[1,0,1,0,1,1,1,0,1,0,0,1,0,1,0,1]">4</label>
<label id="[1,0,1,0,1,1,1,0,1,0,1,0,0,1,0,1]">3</label>
<label id="[1,0,1,0,1,2,1,0,0,0,1,0,0,1,0,1]">12</label>
<label id="[1,0,1,0,1,2,1,0,0,1,0,1,1,1,0,0]">24</label>
<label id="[1,0,1,0,1,2,1,0,0,1,1,1,1,1,0,1]">24</label>
<label id="[1,0,1,0,1,2,1,0,1,0,0,1,0,1,0,1]">6</label>
<label id="[1,0,1,0,1,2,1,0,1,0,1,0,0,1,0,1]">8</label>
<label id="[1,0,1,0,1,2,1,0,1,0,1,1,0,1,0,1]">6</label>
<label id="[1,0,1,0,1,2,1,0,1,1,0,1,1,1,0,1]">8</label>
<label id="[1,0,1,0,1,2,1,0,1,1,1,1,1,1,0,1]">16</label>
<label id="[1,0,1,0,1,3,1,0,0,0,1,0,0,1,0,1]">4</label>
<label id="[1,0,1,0,1,3,1,0,0,1,0,1,1,1,0,0]">8</label>
<label id="[1,0,1,0,1,3,1,0,1,0,0,1,0,1,0,1]">2</label>
<label id="[1,0,1,0,1,3,1,0,1,0,1,0,0,1,0,1]">2</label>
<label id="[1,0,1,0,1,3,1,0,1,1,0,1,1,1,0,1]">2</label>
<label id="[1,0,1,1,0,0,0,0,0,0,1,0,0,0,0,1]">80</label>
<label id="[1,0,1,1,0,0,0,0,0,1,0,1,1,0,0,0]">48</label>
<label id="[1,0,1,1,0,0,0,0,0,1,1,1,1,0,0,1]">32</label>
<label id="[1,0,1,1,0,0,0,0,1,0,1,0,0,0,0,1]">32</label>
<label id="[1,0,1,1,0,0,0,0,1,1,0,1,1,0,0,1]">16</label>
<label id="[1,0,1,1,0,0,0,0,1,1,1,1,1,0,0,1]">32</label>
<label id="[1,0,1,1,1,0,0,0,0,0,1,0,0,0,0,1]">80</label>
<label id="[1,0,1,1,1,0,0,0,0,1,0,1,1,0,0,0]">48</label>
<label id="[1,0,1,1,1,0,0,0,0,1,1,1,1,0,0,1]">32</label>
<label id="[1,0,1,1,1,0,0,0,1,0,1,0,0,0,0,1]">24</label>
<label id="[1,0,1,1,1,0,0,0,1,1,0,1,1,0,0,1]">12</label>
<label id="[1,0,1,1,1,0,0,0,1,1,1,1,1,0,0,1]">24</label>
<label id="[1,1,1,1,0,0,0,0,0,1,0,1,1,0,0,0]">16</label>
<label id="[1,1,1,1,1,0,0,0,0,1,0,1,1,0,0,0]">16</label>
<label id="[2,0,0,0,0,0,0,0,0,0,0,0,0,0,0,0]">18</label>
<label id="[2,0,0,0,0,0,0,0,0,0,0,0,0,1,0,0]">12</label>
<label id="[2,0,0,0,0,0,0,0,0,0,1,0,0,0,0,1]">56</label>
<label id="[2,0,0,0,0,0,0,0,0,0,1,0,0,1,0,1]">36</label>
<label id="[2,0,0,0,0,0,0,0,0,1,0,0,0,0,0,0]">18</label>
<label id="[2,0,0,0,0,0,0,0,0,1,0,0,0,1,0,0]">18</label>
<label id="[2,0,0,0,0,0,0,0,0,1,0,0,1,0,0,0]">18</label>
<label id="[2,0,0,0,0,0,0,0,0,1,0,0,1,1,0,0]">18</label>
<label id="[2,0,0,0,0,0,0,0,0,1,0,1,1,0,0,0]">36</label>
<label id="[2,0,0,0,0,0,0,0,0,1,0,1,1,1,0,0]">36</label>
<label id="[2,0,0,0,0,0,0,0,1,0,0,0,0,0,0,1]">112</label>
<label id="[2,0,0,0,0,0,0,0,1,0,0,0,0,1,0,1]">60</label>
<label id="[2,0,0,0,0,0,0,0,1,0,0,1,0,0,0,1]">56</label>
<label id="[2,0,0,0,0,0,0,0,1,0,0,1,0,1,0,1]">36</label>
<label id="[2,0,0,0,0,0,0,0,1,0,1,0,0,0,0,1]">232</label>
<label id="[2,0,0,0,0,0,0,0,1,0,1,0,0,1,0,1]">72</label>
<label id="[2,0,0,0,0,0,0,0,1,0,1,1,0,0,0,1]">8</label>
<label id="[2,0,0,0,0,0,0,0,1,1,0,0,0,0,0,1]">18</label>
<label id="[2,0,0,0,0,0,0,0,1,1,0,0,0,1,0,1]">18</label>
<label id="[2,0,0,0,0,0,0,0,1,1,0,0,1,0,0,1]">18</label>
<label id="[2,0,0,0,0,0,0,0,1,1,0,0,1,1,0,1]">18</label>
<label id="[2,0,0,0,0,0,0,0,1,1,0,1,1,0,0,1]">36</label>
<label id="[2,0,0,0,0,0,0,0,1,1,0,1,1,1,0,1]">36</label>
<label id="[2,0,0,0,0,0,1,0,0,0,0,0,0,1,0,0]">20</label>
<label id="[2,0,0,0,0,0,1,0,0,0,1,0,0,1,0,1]">42</label>
<label id="[2,0,0,0,0,0,1,0,0,1,0,0,0,1,0,0]">18</label>
<label id="[2,0,0,0,0,0,1,0,0,1,0,0,1,1,0,0]">18</label>
<label id="[2,0,0,0,0,0,1,0,0,1,0,1,1,1,0,0]">36</label>
<label id="[2,0,0,0,0,0,1,0,1,0,0,0,0,1,0,1]">84</label>
<label id="[2,0,0,0,0,0,1,0,1,0,0,1,0,1,0,1]">36</label>
<label id="[2,0,0,0,0,0,1,0,1,0,1,0,0,1,0,1]">84</label>
<label id="[2,0,0,0,0,0,1,0,1,1,0,0,0,1,0,1]">18</label>
<label id="[2,0,0,0,0,0,1,0,1,1,0,0,1,1,0,1]">18</label>
<label id="[2,0,0,0,0,0,1,0,1,1,0,1,1,1,0,1]">36</label>
<label id="[2,0,0,0,0,0,1,1,0,0,0,0,0,1,1,0]">32</label>
<label id="[2,0,0,0,0,0,1,1,0,0,1,0,0,1,1,1]">54</label>
<label id="[2,0,0,0,0,0,1,1,0,1,0,0,0,1,1,0]">18</label>
<label id="[2,0,0,0,0,0,1,1,0,1,0,0,1,1,1,0]">18</label>
<label id="[2,0,0,0,0,0,1,1,0,1,0,1,1,1,1,0]">36</label>
<label id="[2,0,0,0,0,0,1,1,1,0,0,0,0,1,1,1]">100</label>
<label id="[2,0,0,0,0,0,1,1,1,0,0,1,0,1,1,1]">36</label>
<label id="[2,0,0,0,0,0,1,1,1,0,1,0,0,1,1,1]">108</label>
<label id="[2,0,0,0,0,0,1,1,1,1,0,0,0,1,1,1]">18</label>
<label id="[2,0,0,0,0,0,1,1,1,1,0,0,1,1,1,1]">18</label>
<label id="[2,0,0,0,0,0,1,1,1,1,0,1,1,1,1,1]">36</label>
<label id="[2,0,0,0,0,1,1,0,0,0,0,0,0,1,0,0]">4</label>
<label id="[2,0,0,0,0,1,1,0,1,0,0,0,0,1,0,1]">8</label>
<label id="[2,0,0,0,0,2,1,0,0,0,1,0,0,1,0,1]">12</label>
<label id="[2,0,0,0,0,2,1,0,0,1,0,0,0,1,0,0]">6</label>
<label id="[2,0,0,0,0,2,1,0,0,1,0,0,1,1,0,0]">6</label>
<label id="[2,0,0,0,0,2,1,0,0,1,0,1,1,1,0,0]">12</label>
<label id="[2,0,0,0,0,2,1,0,1,0,0,0,0,1,0,1]">12</label>
<label id="[2,0,0,0,0,2,1,0,1,0,0,1,0,1,0,1]">12</label>
<label id="[2,0,0,0,0,2,1,0,1,0,1,0,0,1,0,1]">24</label>
<label id="[2,0,0,0,0,2,1,0,1,1,0,0,0,1,0,1]">6</label>
<label id="[2,0,0,0,0,2,1,0,1,1,0,0,1,1,0,1]">6</label>
<label id="[2,0,0,0,0,2,1,0,1,1,0,1,1,1,0,1]">12</label>
<label id="[2,0,0,0,0,3,1,0,0,0,0,0,0,1,0,0]">4</label>
<label id="[2,0,0,0,0,3,1,0,0,0,1,0,0,1,0,1]">6</label>
<label id="[2,0,0,0,0,3,1,0,0,1,0,0,0,1,0,0]">2</label>
<label id="[2,0,0,0,0,3,1,0,0,1,0,0,1,1,0,0]">2</label>
<label id="[2,0,0,0,0,3,1,0,0,1,0,1,1,1,0,0]">4</label>
<label id="[2,0,0,0,0,3,1,0,1,0,0,0,0,1,0,1]">12</label>
<label id="[2,0,0,0,0,3,1,0,1,0,0,1,0,1,0,1]">4</label>
<label id="[2,0,0,0,0,3,1,0,1,0,1,0,0,1,0,1]">12</label>
<label id="[2,0,0,0,0,3,1,0,1,1,0,0,0,1,0,1]">2</label>
<label id="[2,0,0,0,0,3,1,0,1,1,0,0,1,1,0,1]">2</label>
<label id="[2,0,0,0,0,3,1,0,1,1,0,1,1,1,0,1]">4</label>
<label id="[2,0,0,0,0,3,1,1,0,0,0,0,0,1,1,0]">12</label>
<label id="[2,0,0,0,0,3,1,1,0,0,1,0,0,1,1,1]">12</label>
<label id="[2,0,0,0,0,3,1,1,1,0,0,0,0,1,1,1]">24</label>
<label id="[2,0,0,0,0,3,1,1,1,0,1,0,0,1,1,1]">24</label>
<label id="[2,0,0,0,1,0,0,0,0,0,0,0,0,0,0,0]">18</label>
<label id="[2,0,0,0,1,0,0,0,0,0,0,0,0,1,0,0]">12</label>
<label id="[2,0,0,0,1,0,0,0,0,0,1,0,0,0,0,1]">56</label>
<label id="[2,0,0,0,1,0,0,0,0,0,1,0,0,1,0,1]">36</label>
<label id="[2,0,0,0,1,0,0,0,0,1,0,0,0,0,0,0]">18</label>
<label id="[2,0,0,0,1,0,0,0,0,1,0,0,0,1,0,0]">18</label>
<label id="[2,0,0,0,1,0,0,0,0,1,0,0,1,0,0,0]">18</label>
<label id="[2,0,0,0,1,0,0,0,0,1,0,0,1,1,0,0]">18</label>
<label id="[2,0,0,0,1,0,0,0,0,1,0,1,1,0,0,0]">36</label>
<label id="[2,0,0,0,1,0,0,0,0,1,0,1,1,1,0,0]">36</label>
<label id="[2,0,0,0,1,0,0,0,1,0,0,0,0,0,0,1]">78</label>
<label id="[2,0,0,0,1,0,0,0,1,0,0,0,0,1,0,1]">42</label>
<label id="[2,0,0,0,1,0,0,0,1,0,0,1,0,0,0,1]">54</label>
<label id="[2,0,0,0,1,0,0,0,1,0,0,1,0,1,0,1]">36</label>
<label id="[2,0,0,0,1,0,0,0,1,0,1,0,0,0,0,1]">153</label>
<label id="[2,0,0,0,1,0,0,0,1,0,1,0,0,1,0,1]">48</label>
<label id="[2,0,0,0,1,0,0,0,1,0,1,1,0,0,0,1]">8</label>
<label id="[2,0,0,0,1,0,0,0,1,1,0,0,0,0,0,1]">6</label>
<label id="[2,0,0,0,1,0,0,0,1,1,0,0,0,1,0,1]">6</label>
<label id="[2,0,0,0,1,0,0,0,1,1,0,0,1,0,0,1]">6</label>
<label id="[2,0,0,0,1,0,0,0,1,1,0,0,1,1,0,1]">6</label>
<label id="[2,0,0,0,1,0,0,0,1,1,0,1,1,0,0,1]">12</label>
<label id="[2,0,0,0,1,0,0,0,1,1,0,1,1,1,0,1]">12</label>
<label id="[2,0,0,0,1,0,1,0,0,0,0,0,0,1,0,0]">20</label>
<label id="[2,0,0,0,1,0,1,0,0,0,1,0,0,1,0,1]">42</label>
<label id="[2,0,0,0,1,0,1,0,0,1,0,0,0,1,0,0]">18</label>
<label id="[2,0,0,0,1,0,1,0,0,1,0,0,1,1,0,0]">18</label>
<label id="[2,0,0,0,1,0,1,0,0,1,0,1,1,1,0,0]">36</label>
<label id="[2,0,0,0,1,0,1,0,1,0,0,0,0,1,0,1]">58</label>
<label id="[2,0,0,0,1,0,1,0,1,0,0,1,0,1,0,1]">36</label>
<label id="[2,0,0,0,1,0,1,0,1,0,1,0,0,1,0,1]">58</label>
<label id="[2,0,0,0,1,0,1,0,1,1,0,0,0,1,0,1]">6</label>
<label id="[2,0,0,0,1,0,1,0,1,1,0,0,1,1,0,1]">6</label>
<label id="[2,0,0,0,1,0,1,0,1,1,0,1,1,1,0,1]">12</label>
<label id="[2,0,0,0,1,0,1,1,0,0,0,0,0,1,1,0]">32</label>
<label id="[2,0,0,0,1,0,1,1,0,0,1,0,0,1,1,1]">54</label>
<label id="[2,0,0,0,1,0,1,1,0,1,0,0,0,1,1,0]">18</label>
<label id="[2,0,0,0,1,0,1,1,0,1,0,0,1,1,1,0]">18</label>
<label id="[2,0,0,0,1,0,1,1,0,1,0,1,1,1,1,0]">36</label>
<label id="[2,0,0,0,1,0,1,1,1,0,0,0,0,1,1,1]">76</label>
<label id="[2,0,0,0,1,0,1,1,1,0,0,1,0,1,1,1]">36</label>
<label id="[2,0,0,0,1,0,1,1,1,0,1,0,0,1,1,1]">78</label>
<label id="[2,0,0,0,1,0,1,1,1,1,0,0,0,1,1,1]">6</label>
<label id="[2,0,0,0,1,0,1,1,1,1,0,0,1,1,1,1]">6</label>
<label id="[2,0,0,0,1,0,1,1,1,1,0,1,1,1,1,1]">12</label>
<label id="[2,0,0,0,1,1,1,0,0,0,0,0,0,1,0,0]">4</label>
<label id="[2,0,0,0,1,1,1,0,1,0,0,0,0,1,0,1]">6</label>
<label id="[2,0,0,0,1,2,1,0,0,0,1,0,0,1,0,1]">12</label>
<label id="[2,0,0,0,1,2,1,0,0,1,0,0,0,1,0,0]">6</label>
<label id="[2,0,0,0,1,2,1,0,0,1,0,0,1,1,0,0]">6</label>
<label id="[2,0,0,0,1,2,1,0,0,1,0,1,1,1,0,0]">12</label>
<label id="[2,0,0,0,1,2,1,0,1,0,0,0,0,1,0,1]">8</label>
<label id="[2,0,0,0,1,2,1,0,1,0,0,1,0,1,0,1]">12</label>
<label id="[2,0,0,0,1,2,1,0,1,0,1,0,0,1,0,1]">16</label>
<label id="[2,0,0,0,1,2,1,0,1,1,0,0,0,1,0,1]">2</label>
<label id="[2,0,0,0,1,2,1,0,1,1,0,0,1,1,0,1]">2</label>
<label id="[2,0,0,0,1,2,1,0,1,1,0,1,1,1,0,1]">4</label>
<label id="[2,0,0,0,1,3,1,0,0,0,0,0,0,1,0,0]">4</label>
<label id="[2,0,0,0,1,3,1,0,0,0,1,0,0,1,0,1]">6</label>
<label id="[2,0,0,0,1,3,1,0,0,1,0,0,0,1,0,0]">2</label>
<label id="[2,0,0,0,1,3,1,0,0,1,0,0,1,1,0,0]">2</label>
<label id="[2,0,0,0,1,3,1,0,0,1,0,1,1,1,0,0]">4</label>
<label id="[2,0,0,0,1,3,1,0,1,0,0,0,0,1,0,1]">8</label>
<label id="[2,0,0,0,1,3,1,0,1,0,0,1,0,1,0,1]">4</label>
<label id="[2,0,0,0,1,3,1,0,1,0,1,0,0,1,0,1]">8</label>
<label id="[2,0,0,0,1,3,1,1,0,0,0,0,0,1,1,0]">12</label>
<label id="[2,0,0,0,1,3,1,1,0,0,1,0,0,1,1,1]">12</label>
<label id="[2,0,0,0,1,3,1,1,1,0,0,0,0,1,1,1]">22</label>
<label id="[2,0,0,0,1,3,1,1,1,0,1,0,0,1,1,1]">22</label>
<label id="[2,0,0,1,0,0,0,0,0,0,1,0,0,0,0,1]">20</label>
<label id="[2,0,0,1,0,0,0,0,1,0,0,0,0,0,0,1]">10</label>
<label id="[2,0,0,1,0,0,0,0,1,0,0,1,0,0,0,1]">20</label>
<label id="[2,0,0,1,0,0,0,0,1,0,1,0,0,0,0,1]">62</label>
<label id="[2,0,0,1,0,0,0,0,1,0,1,1,0,0,0,1]">8</label>
<label id="[2,0,0,1,1,0,0,0,0,0,1,0,0,0,0,1]">20</label>
<label id="[2,0,0,1,1,0,0,0,1,0,0,0,0,0,0,1]">9</label>
<label id="[2,0,0,1,1,0,0,0,1,0,0,1,0,0,0,1]">18</label>
<label id="[2,0,0,1,1,0,0,0,1,0,1,0,0,0,0,1]">58</label>
<label id="[2,0,0,1,1,0,0,0,1,0,1,1,0,0,0,1]">8</label>
<label id="[2,0,1,0,0,0,0,0,0,0,0,0,0,0,0,0]">12</label>
<label id="[2,0,1,0,0,0,0,0,0,0,0,0,0,1,0,0]">12</label>
<label id="[2,0,1,0,0,0,0,0,0,0,1,0,0,0,0,1]">68</label>
<label id="[2,0,1,0,0,0,0,0,0,0,1,0,0,1,0,1]">60</label>
<label id="[2,0,1,0,0,0,0,0,0,1,0,0,0,0,0,0]">34</label>
<label id="[2,0,1,0,0,0,0,0,0,1,0,0,0,1,0,0]">30</label>
<label id="[2,0,1,0,0,0,0,0,0,1,0,0,1,0,0,0]">34</label>
<label id="[2,0,1,0,0,0,0,0,0,1,0,0,1,1,0,0]">30</label>
<label id="[2,0,1,0,0,0,0,0,0,1,0,1,1,0,0,0]">68</label>
<label id="[2,0,1,0,0,0,0,0,0,1,0,1,1,1,0,0]">60</label>
<label id="[2,0,1,0,0,0,0,0,0,1,1,0,0,0,0,1]">22</label>
<label id="[2,0,1,0,0,0,0,0,0,1,1,0,0,1,0,1]">18</label>
<label id="[2,0,1,0,0,0,0,0,0,1,1,0,1,0,0,1]">22</label>
<label id="[2,0,1,0,0,0,0,0,0,1,1,0,1,1,0,1]">18</label>
<label id="[2,0,1,0,0,0,0,0,0,1,1,1,1,0,0,1]">44</label>
<label id="[2,0,1,0,0,0,0,0,0,1,1,1,1,1,0,1]">36</label>
<label id="[2,0,1,0,0,0,0,0,1,0,0,0,0,0,0,1]">68</label>
<label id="[2,0,1,0,0,0,0,0,1,0,0,0,0,1,0,1]">60</label>
<label id="[2,0,1,0,0,0,0,0,1,0,0,1,0,0,0,1]">68</label>
<label id="[2,0,1,0,0,0,0,0,1,0,0,1,0,1,0,1]">60</label>
<label id="[2,0,1,0,0,0,0,0,1,0,1,0,0,0,0,1]">136</label>
<label id="[2,0,1,0,0,0,0,0,1,0,1,0,0,1,0,1]">120</label>
<label id="[2,0,1,0,0,0,0,0,1,0,1,1,0,0,0,1]">44</label>
<label id="[2,0,1,0,0,0,0,0,1,0,1,1,0,1,0,1]">36</label>
<label id="[2,0,1,0,0,0,0,0,1,1,0,0,0,0,0,1]">22</label>
<label id="[2,0,1,0,0,0,0,0,1,1,0,0,0,1,0,1]">18</label>
<label id="[2,0,1,0,0,0,0,0,1,1,0,0,1,0,0,1]">22</label>
<label id="[2,0,1,0,0,0,0,0,1,1,0,0,1,1,0,1]">18</label>
<label id="[2,0,1,0,0,0,0,0,1,1,0,1,1,0,0,1]">44</label>
<label id="[2,0,1,0,0,0,0,0,1,1,0,1,1,1,0,1]">36</label>
<label id="[2,0,1,0,0,0,0,0,1,1,1,0,0,0,0,1]">22</label>
<label id="[2,0,1,0,0,0,0,0,1,1,1,0,0,1,0,1]">18</label>
<label id="[2,0,1,0,0,0,0,0,1,1,1,0,1,0,0,1]">22</label>
<label id="[2,0,1,0,0,0,0,0,1,1,1,0,1,1,0,1]">18</label>
<label id="[2,0,1,0,0,0,0,0,1,1,1,1,1,0,0,1]">44</label>
<label id="[2,0,1,0,0,0,0,0,1,1,1,1,1,1,0,1]">36</label>
<label id="[2,0,1,0,0,0,1,0,0,0,0,0,0,1,0,0]">20</label>
<label id="[2,0,1,0,0,0,1,0,0,0,1,0,0,1,0,1]">84</label>
<label id="[2,0,1,0,0,0,1,0,0,1,0,0,0,1,0,0]">38</label>
<label id="[2,0,1,0,0,0,1,0,0,1,0,0,1,1,0,0]">38</label>
<label id="[2,0,1,0,0,0,1,0,0,1,0,1,1,1,0,0]">76</label>
<label id="[2,0,1,0,0,0,1,0,0,1,1,0,0,1,0,1]">22</label>
<label id="[2,0,1,0,0,0,1,0,0,1,1,0,1,1,0,1]">22</label>
<label id="[2,0,1,0,0,0,1,0,0,1,1,1,1,1,0,1]">44</label>
<label id="[2,0,1,0,0,0,1,0,1,0,0,0,0,1,0,1]">84</label>
<label id="[2,0,1,0,0,0,1,0,1,0,0,1,0,1,0,1]">84</label>
<label id="[2,0,1,0,0,0,1,0,1,0,1,0,0,1,0,1]">168</label>
<label id="[2,0,1,0,0,0,1,0,1,0,1,1,0,1,0,1]">44</label>
<label id="[2,0,1,0,0,0,1,0,1,1,0,0,0,1,0,1]">22</label>
<label id="[2,0,1,0,0,0,1,0,1,1,0,0,1,1,0,1]">22</label>
<label id="[2,0,1,0,0,0,1,0,1,1,0,1,1,1,0,1]">44</label>
<label id="[2,0,1,0,0,0,1,0,1,1,1,0,0,1,0,1]">22</label>
<label id="[2,0,1,0,0,0,1,0,1,1,1,0,1,1,0,1]">22</label>
<label id="[2,0,1,0,0,0,1,0,1,1,1,1,1,1,0,1]">44</label>
<label id="[2,0,1,0,0,0,1,1,0,0,0,0,0,1,1,0]">32</label>
<label id="[2,0,1,0,0,0,1,1,0,0,1,0,0,1,1,1]">88</label>
<label id="[2,0,1,0,0,0,1,1,0,1,0,0,0,1,1,0]">38</label>
<label id="[2,0,1,0,0,0,1,1,0,1,0,0,1,1,1,0]">38</label>
<label id="[2,0,1,0,0,0,1,1,0,1,0,1,1,1,1,0]">76</label>
<label id="[2,0,1,0,0,0,1,1,0,1,1,0,0,1,1,1]">18</label>
<label id="[2,0,1,0,0,0,1,1,0,1,1,0,1,1,1,1]">18</label>
<label id="[2,0,1,0,0,0,1,1,0,1,1,1,1,1,1,1]">36</label>
<label id="[2,0,1,0,0,0,1,1,1,0,0,0,0,1,1,1]">100</label>
<label id="[2,0,1,0,0,0,1,1,1,0,0,1,0,1,1,1]">76</label>
<label id="[2,0,1,0,0,0,1,1,1,0,1,0,0,1,1,1]">176</label>
<label id="[2,0,1,0,0,0,1,1,1,0,1,1,0,1,1,1]">36</label>
<label id="[2,0,1,0,0,0,1,1,1,1,0,0,0,1,1,1]">18</label>
<label id="[2,0,1,0,0,0,1,1,1,1,0,0,1,1,1,1]">18</label>
<label id="[2,0,1,0,0,0,1,1,1,1,0,1,1,1,1,1]">36</label>
<label id="[2,0,1,0,0,0,1,1,1,1,1,0,0,1,1,1]">18</label>
<label id="[2,0,1,0,0,0,1,1,1,1,1,0,1,1,1,1]">18</label>
<label id="[2,0,1,0,0,0,1,1,1,1,1,1,1,1,1,1]">36</label>
<label id="[2,0,1,0,0,1,1,0,0,0,0,0,0,1,0,0]">4</label>
<label id="[2,0,1,0,0,1,1,0,0,0,1,0,0,1,0,1]">8</label>
<label id="[2,0,1,0,0,1,1,0,0,1,0,0,0,1,0,0]">4</label>
<label id="[2,0,1,0,0,1,1,0,0,1,0,0,1,1,0,0]">4</label>
<label id="[2,0,1,0,0,1,1,0,0,1,0,1,1,1,0,0]">8</label>
<label id="[2,0,1,0,0,1,1,0,1,0,0,0,0,1,0,1]">8</label>
<label id="[2,0,1,0,0,1,1,0,1,0,0,1,0,1,0,1]">8</label>
<label id="[2,0,1,0,0,1,1,0,1,0,1,0,0,1,0,1]">16</label>
<label id="[2,0,1,0,0,2,1,0,0,0,1,0,0,1,0,1]">12</label>
<label id="[2,0,1,0,0,2,1,0,0,1,0,0,0,1,0,0]">6</label>
<label id="[2,0,1,0,0,2,1,0,0,1,0,0,1,1,0,0]">6</label>
<label id="[2,0,1,0,0,2,1,0,0,1,0,1,1,1,0,0]">12</label>
<label id="[2,0,1,0,0,2,1,0,0,1,1,0,0,1,0,1]">6</label>
<label id="[2,0,1,0,0,2,1,0,0,1,1,0,1,1,0,1]">6</label>
<label id="[2,0,1,0,0,2,1,0,0,1,1,1,1,1,0,1]">12</label>
<label id="[2,0,1,0,0,2,1,0,1,0,0,0,0,1,0,1]">12</label>
<label id="[2,0,1,0,0,2,1,0,1,0,0,1,0,1,0,1]">12</label>
<label id="[2,0,1,0,0,2,1,0,1,0,1,0,0,1,0,1]">24</label>
<label id="[2,0,1,0,0,2,1,0,1,0,1,1,0,1,0,1]">12</label>
<label id="[2,0,1,0,0,2,1,0,1,1,0,0,0,1,0,1]">6</label>
<label id="[2,0,1,0,0,2,1,0,1,1,0,0,1,1,0,1]">6</label>
<label id="[2,0,1,0,0,2,1,0,1,1,0,1,1,1,0,1]">12</label>
<label id="[2,0,1,0,0,2,1,0,1,1,1,0,0,1,0,1]">6</label>
<label id="[2,0,1,0,0,2,1,0,1,1,1,0,1,1,0,1]">6</label>
<label id="[2,0,1,0,0,2,1,0,1,1,1,1,1,1,0,1]">12</label>
<label id="[2,0,1,0,0,3,1,0,0,0,0,0,0,1,0,0]">4</label>
<label id="[2,0,1,0,0,3,1,0,0,0,1,0,0,1,0,1]">6</label>
<label id="[2,0,1,0,0,3,1,0,0,1,0,0,0,1,0,0]">2</label>
<label id="[2,0,1,0,0,3,1,0,0,1,0,0,1,1,0,0]">2</label>
<label id="[2,0,1,0,0,3,1,0,0,1,0,1,1,1,0,0]">4</label>
<label id="[2,0,1,0,0,3,1,0,1,0,0,0,0,1,0,1]">12</label>
<label id="[2,0,1,0,0,3,1,0,1,0,0,1,0,1,0,1]">4</label>
<label id="[2,0,1,0,0,3,1,0,1,0,1,0,0,1,0,1]">12</label>
<label id="[2,0,1,0,0,3,1,0,1,1,0,0,0,1,0,1]">2</label>
<label id="[2,0,1,0,0,3,1,0,1,1,0,0,1,1,0,1]">2</label>
<label id="[2,0,1,0,0,3,1,0,1,1,0,1,1,1,0,1]">4</label>
<label id="[2,0,1,0,0,3,1,1,0,0,0,0,0,1,1,0]">12</label>
<label id="[2,0,1,0,0,3,1,1,0,0,1,0,0,1,1,1]">12</label>
<label id="[2,0,1,0,0,3,1,1,1,0,0,0,0,1,1,1]">24</label>
<label id="[2,0,1,0,0,3,1,1,1,0,1,0,0,1,1,1]">24</label>
<label id="[2,0,1,0,1,0,0,0,0,0,0,0,0,0,0,0]">12</label>
<label id="[2,0,1,0,1,0,0,0,0,0,0,0,0,1,0,0]">12</label>
<label id="[2,0,1,0,1,0,0,0,0,0,1,0,0,0,0,1]">68</label>
<label id="[2,0,1,0,1,0,0,0,0,0,1,0,0,1,0,1]">60</label>
<label id="[2,0,1,0,1,0,0,0,0,1,0,0,0,0,0,0]">34</label>
<label id="[2,0,1,0,1,0,0,0,0,1,0,0,0,1,0,0]">30</label>
<label id="[2,0,1,0,1,0,0,0,0,1,0,0,1,0,0,0]">34</label>
<label id="[2,0,1,0,1,0,0,0,0,1,0,0,1,1,0,0]">30</label>
<label id="[2,0,1,0,1,0,0,0,0,1,0,1,1,0,0,0]">68</label>
<label id="[2,0,1,0,1,0,0,0,0,1,0,1,1,1,0,0]">60</label>
<label id="[2,0,1,0,1,0,0,0,0,1,1,0,0,0,0,1]">22</label>
<label id="[2,0,1,0,1,0,0,0,0,1,1,0,0,1,0,1]">18</label>
<label id="[2,0,1,0,1,0,0,0,0,1,1,0,1,0,0,1]">22</label>
<label id="[2,0,1,0,1,0,0,0,0,1,1,0,1,1,0,1]">18</label>
<label id="[2,0,1,0,1,0,0,0,0,1,1,1,1,0,0,1]">44</label>
<label id="[2,0,1,0,1,0,0,0,0,1,1,1,1,1,0,1]">36</label>
<label id="[2,0,1,0,1,0,0,0,1,0,0,0,0,0,0,1]">48</label>
<label id="[2,0,1,0,1,0,0,0,1,0,0,0,0,1,0,1]">42</label>
<label id="[2,0,1,0,1,0,0,0,1,0,0,1,0,0,0,1]">68</label>
<label id="[2,0,1,0,1,0,0,0,1,0,0,1,0,1,0,1]">60</label>
<label id="[2,0,1,0,1,0,0,0,1,0,1,0,0,0,0,1]">96</label>
<label id="[2,0,1,0,1,0,0,0,1,0,1,0,0,1,0,1]">84</label>
<label id="[2,0,1,0,1,0,0,0,1,0,1,1,0,0,0,1]">44</label>
<label id="[2,0,1,0,1,0,0,0,1,0,1,1,0,1,0,1]">36</label>
<label id="[2,0,1,0,1,0,0,0,1,1,0,0,0,0,0,1]">8</label>
<label id="[2,0,1,0,1,0,0,0,1,1,0,0,0,1,0,1]">6</label>
<label id="[2,0,1,0,1,0,0,0,1,1,0,0,1,0,0,1]">8</label>
<label id="[2,0,1,0,1,0,0,0,1,1,0,0,1,1,0,1]">6</label>
<label id="[2,0,1,0,1,0,0,0,1,1,0,1,1,0,0,1]">16</label>
<label id="[2,0,1,0,1,0,0,0,1,1,0,1,1,1,0,1]">12</label>
<label id="[2,0,1,0,1,0,0,0,1,1,1,0,0,0,0,1]">8</label>
<label id="[2,0,1,0,1,0,0,0,1,1,1,0,0,1,0,1]">6</label>
<label id="[2,0,1,0,1,0,0,0,1,1,1,0,1,0,0,1]">8</label>
<label id="[2,0,1,0,1,0,0,0,1,1,1,0,1,1,0,1]">6</label>
<label id="[2,0,1,0,1,0,0,0,1,1,1,1,1,0,0,1]">16</label>
<label id="[2,0,1,0,1,0,0,0,1,1,1,1,1,1,0,1]">12</label>
<label id="[2,0,1,0,1,0,1,0,0,0,0,0,0,1,0,0]">20</label>
<label id="[2,0,1,0,1,0,1,0,0,0,1,0,0,1,0,1]">84</label>
<label id="[2,0,1,0,1,0,1,0,0,1,0,0,0,1,0,0]">38</label>
<label id="[2,0,1,0,1,0,1,0,0,1,0,0,1,1,0,0]">38</label>
<label id="[2,0,1,0,1,0,1,0,0,1,0,1,1,1,0,0]">76</label>
<label id="[2,0,1,0,1,0,1,0,0,1,1,0,0,1,0,1]">22</label>
<label id="[2,0,1,0,1,0,1,0,0,1,1,0,1,1,0,1]">22</label>
<label id="[2,0,1,0,1,0,1,0,0,1,1,1,1,1,0,1]">44</label>
<label id="[2,0,1,0,1,0,1,0,1,0,0,0,0,1,0,1]">58</label>
<label id="[2,0,1,0,1,0,1,0,1,0,0,1,0,1,0,1]">80</label>
<label id="[2,0,1,0,1,0,1,0,1,0,1,0,0,1,0,1]">118</label>
<label id="[2,0,1,0,1,0,1,0,1,0,1,1,0,1,0,1]">44</label>
<label id="[2,0,1,0,1,0,1,0,1,1,0,0,0,1,0,1]">8</label>
<label id="[2,0,1,0,1,0,1,0,1,1,0,0,1,1,0,1]">8</label>
<label id="[2,0,1,0,1,0,1,0,1,1,0,1,1,1,0,1]">16</label>
<label id="[2,0,1,0,1,0,1,0,1,1,1,0,0,1,0,1]">8</label>
<label id="[2,0,1,0,1,0,1,0,1,1,1,0,1,1,0,1]">8</label>
<label id="[2,0,1,0,1,0,1,0,1,1,1,1,1,1,0,1]">16</label>
<label id="[2,0,1,0,1,0,1,1,0,0,0,0,0,1,1,0]">32</label>
<label id="[2,0,1,0,1,0,1,1,0,0,1,0,0,1,1,1]">88</label>
<label id="[2,0,1,0,1,0,1,1,0,1,0,0,0,1,1,0]">38</label>
<label id="[2,0,1,0,1,0,1,1,0,1,0,0,1,1,1,0]">38</label>
<label id="[2,0,1,0,1,0,1,1,0,1,0,1,1,1,1,0]">76</label>
<label id="[2,0,1,0,1,0,1,1,0,1,1,0,0,1,1,1]">18</label>
<label id="[2,0,1,0,1,0,1,1,0,1,1,0,1,1,1,1]">18</label>
<label id="[2,0,1,0,1,0,1,1,0,1,1,1,1,1,1,1]">36</label>
<label id="[2,0,1,0,1,0,1,1,1,0,0,0,0,1,1,1]">76</label>
<label id="[2,0,1,0,1,0,1,1,1,0,0,1,0,1,1,1]">76</label>
<label id="[2,0,1,0,1,0,1,1,1,0,1,0,0,1,1,1]">130</label>
<label id="[2,0,1,0,1,0,1,1,1,0,1,1,0,1,1,1]">36</label>
<label id="[2,0,1,0,1,0,1,1,1,1,0,0,0,1,1,1]">6</label>
<label id="[2,0,1,0,1,0,1,1,1,1,0,0,1,1,1,1]">6</label>
<label id="[2,0,1,0,1,0,1,1,1,1,0,1,1,1,1,1]">12</label>
<label id="[2,0,1,0,1,0,1,1,1,1,1,0,0,1,1,1]">6</label>
<label id="[2,0,1,0,1,0,1,1,1,1,1,0,1,1,1,1]">6</label>
<label id="[2,0,1,0,1,0,1,1,1,1,1,1,1,1,1,1]">12</label>
<label id="[2,0,1,0,1,1,1,0,0,0,0,0,0,1,0,0]">4</label>
<label id="[2,0,1,0,1,1,1,0,0,0,1,0,0,1,0,1]">8</label>
<label id="[2,0,1,0,1,1,1,0,0,1,0,0,0,1,0,0]">4</label>
<label id="[2,0,1,0,1,1,1,0,0,1,0,0,1,1,0,0]">4</label>
<label id="[2,0,1,0,1,1,1,0,0,1,0,1,1,1,0,0]">8</label>
<label id="[2,0,1,0,1,1,1,0,1,0,0,0,0,1,0,1]">6</label>
<label id="[2,0,1,0,1,1,1,0,1,0,0,1,0,1,0,1]">8</label>
<label id="[2,0,1,0,1,1,1,0,1,0,1,0,0,1,0,1]">12</label>
<label id="[2,0,1,0,1,2,1,0,0,0,1,0,0,1,0,1]">12</label>
<label id="[2,0,1,0,1,2,1,0,0,1,0,0,0,1,0,0]">6</label>
<label id="[2,0,1,0,1,2,1,0,0,1,0,0,1,1,0,0]">6</label>
<label id="[2,0,1,0,1,2,1,0,0,1,0,1,1,1,0,0]">12</label>
<label id="[2,0,1,0,1,2,1,0,0,1,1,0,0,1,0,1]">6</label>
<label id="[2,0,1,0,1,2,1,0,0,1,1,0,1,1,0,1]">6</label>
<label id="[2,0,1,0,1,2,1,0,0,1,1,1,1,1,0,1]">12</label>
<label id="[2,0,1,0,1,2,1,0,1,0,0,0,0,1,0,1]">8</label>
<label id="[2,0,1,0,1,2,1,0,1,0,0,1,0,1,0,1]">12</label>
<label id="[2,0,1,0,1,2,1,0,1,0,1,0,0,1,0,1]">16</label>
<label id="[2,0,1,0,1,2,1,0,1,0,1,1,0,1,0,1]">12</label>
<label id="[2,0,1,0,1,2,1,0,1,1,0,0,0,1,0,1]">2</label>
<label id="[2,0,1,0,1,2,1,0,1,1,0,0,1,1,0,1]">2</label>
<label id="[2,0,1,0,1,2,1,0,1,1,0,1,1,1,0,1]">4</label>
<label id="[2,0,1,0,1,2,1,0,1,1,1,0,0,1,0,1]">2</label>
<label id="[2,0,1,0,1,2,1,0,1,1,1,0,1,1,0,1]">2</label>
<label id="[2,0,1,0,1,2,1,0,1,1,1,1,1,1,0,1]">4</label>
<label id="[2,0,1,0,1,3,1,0,0,0,0,0,0,1,0,0]">4</label>
<label id="[2,0,1,0,1,3,1,0,0,0,1,0,0,1,0,1]">6</label>
<label id="[2,0,1,0,1,3,1,0,0,1,0,0,0,1,0,0]">2</label>
<label id="[2,0,1,0,1,3,1,0,0,1,0,0,1,1,0,0]">2</label>
<label id="[2,0,1,0,1,3,1,0,0,1,0,1,1,1,0,0]">4</label>
<label id="[2,0,1,0,1,3,1,0,1,0,0,0,0,1,0,1]">8</label>
<label id="[2,0,1,0,1,3,1,0,1,0,0,1,0,1,0,1]">4</label>
<label id="[2,0,1,0,1,3,1,0,1,0,1,0,0,1,0,1]">8</label>
<label id="[2,0,1,0,1,3,1,1,0,0,0,0,0,1,1,0]">12</label>
<label id="[2,0,1,0,1,3,1,1,0,0,1,0,0,1,1,1]">12</label>
<label id="[2,0,1,0,1,3,1,1,1,0,0,0,0,1,1,1]">22</label>
<label id="[2,0,1,0,1,3,1,1,1,0,1,0,0,1,1,1]">22</label>
<label id="[2,0,1,1,0,0,0,0,0,0,1,0,0,0,0,1]">48</label>
<label id="[2,0,1,1,0,0,0,0,0,1,0,0,0,0,0,0]">12</label>
<label id="[2,0,1,1,0,0,0,0,0,1,0,0,1,0,0,0]">12</label>
<label id="[2,0,1,1,0,0,0,0,0,1,0,1,1,0,0,0]">28</label>
<label id="[2,0,1,1,0,0,0,0,0,1,1,0,0,0,0,1]">8</label>
<label id="[2,0,1,1,0,0,0,0,0,1,1,0,1,0,0,1]">8</label>
<label id="[2,0,1,1,0,0,0,0,0,1,1,1,1,0,0,1]">16</label>
<label id="[2,0,1,1,0,0,0,0,1,0,0,0,0,0,0,1]">28</label>
<label id="[2,0,1,1,0,0,0,0,1,0,0,1,0,0,0,1]">40</label>
<label id="[2,0,1,1,0,0,0,0,1,0,1,0,0,0,0,1]">72</label>
<label id="[2,0,1,1,0,0,0,0,1,0,1,1,0,0,0,1]">16</label>
<label id="[2,0,1,1,0,0,0,0,1,1,0,0,0,0,0,1]">8</label>
<label id="[2,0,1,1,0,0,0,0,1,1,0,0,1,0,0,1]">8</label>
<label id="[2,0,1,1,0,0,0,0,1,1,0,1,1,0,0,1]">16</label>
<label id="[2,0,1,1,0,0,0,0,1,1,1,0,0,0,0,1]">8</label>
<label id="[2,0,1,1,0,0,0,0,1,1,1,0,1,0,0,1]">8</label>
<label id="[2,0,1,1,0,0,0,0,1,1,1,1,1,0,0,1]">16</label>
<label id="[2,0,1,1,1,0,0,0,0,0,1,0,0,0,0,1]">48</label>
<label id="[2,0,1,1,1,0,0,0,0,1,0,0,0,0,0,0]">12</label>
<label id="[2,0,1,1,1,0,0,0,0,1,0,0,1,0,0,0]">12</label>
<label id="[2,0,1,1,1,0,0,0,0,1,0,1,1,0,0,0]">28</label>
<label id="[2,0,1,1,1,0,0,0,0,1,1,0,0,0,0,1]">8</label>
<label id="[2,0,1,1,1,0,0,0,0,1,1,0,1,0,0,1]">8</label>
<label id="[2,0,1,1,1,0,0,0,0,1,1,1,1,0,0,1]">16</label>
<label id="[2,0,1,1,1,0,0,0,1,0,0,0,0,0,0,1]">22</label>
<label id="[2,0,1,1,1,0,0,0,1,0,0,1,0,0,0,1]">36</label>
<label id="[2,0,1,1,1,0,0,0,1,0,1,0,0,0,0,1]">60</label>
<label id="[2,0,1,1,1,0,0,0,1,0,1,1,0,0,0,1]">16</label>
<label id="[2,0,1,1,1,0,0,0,1,1,0,0,0,0,0,1]">4</label>
<label id="[2,0,1,1,1,0,0,0,1,1,0,0,1,0,0,1]">4</label>
<label id="[2,0,1,1,1,0,0,0,1,1,0,1,1,0,0,1]">8</label>
<label id="[2,0,1,1,1,0,0,0,1,1,1,0,0,0,0,1]">4</label>
<label id="[2,0,1,1,1,0,0,0,1,1,1,0,1,0,0,1]">4</label>
<label id="[2,0,1,1,1,0,0,0,1,1,1,1,1,0,0,1]">8</label>
<label id="[2,1,1,1,0,0,0,0,0,1,0,0,0,0,0,0]">4</label>
<label id="[2,1,1,1,0,0,0,0,0,1,0,0,1,0,0,0]">4</label>
<label id="[2,1,1,1,0,0,0,0,0,1,0,1,1,0,0,0]">4</label>
<label id="[2,1,1,1,1,0,0,0,0,1,0,0,0,0,0,0]">4</label>
<label id="[2,1,1,1,1,0,0,0,0,1,0,0,1,0,0,0]">4</label>
<label id="[2,1,1,1,1,0,0,0,0,1,0,1,1,0,0,0]">4</label>
</state-labels><state-labels procid="1">
<label id="[0]">10740</label>
<label id="[1]">6398</label>
<label id="[2]">8547</label>
</state-labels><state-labels procid="2">
<label id="[0]">13587</label>
<label id="[1]">4124</label>
<label id="[2]">4124</label>
<label id="[3]">3210</label>
<label id="[4]">320</label>
<label id="[5]">320</label>
</state-labels><state-labels procid="3">
<label id="[0,0]">4188</label>
<label id="[0,1]">3904</label>
<label id="[1,0]">3583</label>
<label id="[1,1]">2906</label>
<label id="[2,0]">2109</label>
<label id="[2,1]">1569</label>
<label id="[3,0]">2109</label>
<label id="[3,1]">1569</label>
<label id="[4,0]">730</label>
<label id="[4,1]">1037</label>
<label id="[5,0]">707</label>
<label id="[5,1]">992</label>
<label id="[6,0]">27</label>
<label id="[6,1]">114</label>
<label id="[7,0]">27</label>
<label id="[7,1]">114</label>
</state-labels><state-labels procid="4">
<label id="[0]">25685</label>
</state-labels><state-labels procid="5">
<label id="[0]">21284</label>
<label id="[1]">1467</label>
<label id="[2]">1467</label>
<label id="[3]">1467</label>
</state-labels><state-labels procid="6">
<label id="[0]">22751</label>
<label id="[1]">1467</label>
<label id="[2]">1467</label>
</state-labels><state-labels procid="7">
<label id="[0]">309</label>
<label id="[10]">794</label>
<label id="[11]">497</label>
<label id="[12]">785</label>
<label id="[13]">388</label>
<label id="[14]">388</label>
<label id="[15]">675</label>
<label id="[16]">388</label>
<label id="[17]">464</label>
<label id="[18]">307</label>
<label id="[19]">2456</label>
<label id="[1]">289</label>
<label id="[20]">614</label>
<label id="[21]">307</label>
<label id="[22]">307</label>
<label id="[23]">160</label>
<label id="[24]">307</label>
<label id="[25]">794</label>
<label id="[26]">6352</label>
<label id="[27]">1588</label>
<label id="[28]">794</label>
<label id="[29]">194</label>
<label id="[2]">312</label>
<label id="[30]">208</label>
<label id="[31]">90</label>
<label id="[32]">180</label>
<label id="[33]">208</label>
<label id="[3]">189</label>
<label id="[4]">640</label>
<label id="[5]">2928</label>
<label id="[6]">732</label>
<label id="[7]">366</label>
<label id="[8]">366</label>
<label id="[9]">309</label>
</state-labels></label-info>
</state-space-info>
