<?xml version="1.0"?>
<!DOCTYPE state-space-info SYSTEM "../../state_space_info.dtd">


<state-space-info>
<states>12642</states>
<edges>24039</edges>
<bfs-info>
 <levels>63</levels>
<max-level>573</max-level>

<back-level-edges>1139</back-level-edges>
<max-back-level-edge>30</max-back-level-edge>
<avg-back-level-edge>10.3582</avg-back-level-edge>
<bfs-levels>
<level id="0"><states>1</states><edges>2</edges></level>
<level id="1"><states>2</states><edges>3</edges></level>
<level id="2"><states>3</states><edges>5</edges></level>
<level id="3"><states>4</states><edges>6</edges></level>
<level id="4"><states>5</states><edges>8</edges></level>
<level id="5"><states>6</states><edges>10</edges></level>
<level id="6"><states>8</states><edges>15</edges></level>
<level id="7"><states>12</states><edges>25</edges></level>
<level id="8"><states>17</states><edges>38</edges></level>
<level id="9"><states>25</states><edges>55</edges></level>
<level id="10"><states>36</states><edges>77</edges></level>
<level id="11"><states>51</states><edges>105</edges></level>
<level id="12"><states>68</states><edges>138</edges></level>
<level id="13"><states>88</states><edges>175</edges></level>
<level id="14"><states>111</states><edges>215</edges></level>
<level id="15"><states>132</states><edges>253</edges></level>
<level id="16"><states>153</states><edges>285</edges></level>
<level id="17"><states>171</states><edges>316</edges></level>
<level id="18"><states>188</states><edges>350</edges></level>
<level id="19"><states>201</states><edges>388</edges></level>
<level id="20"><states>215</states><edges>428</edges></level>
<level id="21"><states>227</states><edges>452</edges></level>
<level id="22"><states>235</states><edges>460</edges></level>
<level id="23"><states>242</states><edges>464</edges></level>
<level id="24"><states>249</states><edges>472</edges></level>
<level id="25"><states>261</states><edges>490</edges></level>
<level id="26"><states>272</states><edges>502</edges></level>
<level id="27"><states>277</states><edges>500</edges></level>
<level id="28"><states>274</states><edges>487</edges></level>
<level id="29"><states>272</states><edges>472</edges></level>
<level id="30"><states>265</states><edges>449</edges></level>
<level id="31"><states>255</states><edges>437</edges></level>
<level id="32"><states>247</states><edges>439</edges></level>
<level id="33"><states>240</states><edges>443</edges></level>
<level id="34"><states>231</states><edges>434</edges></level>
<level id="35"><states>216</states><edges>421</edges></level>
<level id="36"><states>207</states><edges>413</edges></level>
<level id="37"><states>205</states><edges>403</edges></level>
<level id="38"><states>202</states><edges>389</edges></level>
<level id="39"><states>201</states><edges>384</edges></level>
<level id="40"><states>204</states><edges>396</edges></level>
<level id="41"><states>216</states><edges>435</edges></level>
<level id="42"><states>241</states><edges>506</edges></level>
<level id="43"><states>283</states><edges>616</edges></level>
<level id="44"><states>343</states><edges>755</edges></level>
<level id="45"><states>411</states><edges>901</edges></level>
<level id="46"><states>479</states><edges>1038</edges></level>
<level id="47"><states>534</states><edges>1133</edges></level>
<level id="48"><states>568</states><edges>1156</edges></level>
<level id="49"><states>573</states><edges>1111</edges></level>
<level id="50"><states>554</states><edges>1014</edges></level>
<level id="51"><states>506</states><edges>895</edges></level>
<level id="52"><states>441</states><edges>768</edges></level>
<level id="53"><states>367</states><edges>630</edges></level>
<level id="54"><states>288</states><edges>465</edges></level>
<level id="55"><states>205</states><edges>307</edges></level>
<level id="56"><states>134</states><edges>195</edges></level>
<level id="57"><states>92</states><edges>136</edges></level>
<level id="58"><states>60</states><edges>89</edges></level>
<level id="59"><states>35</states><edges>43</edges></level>
<level id="60"><states>19</states><edges>24</edges></level>
<level id="61"><states>10</states><edges>11</edges></level>
<level id="62"><states>4</states><edges>7</edges></level>
</bfs-levels>
<back-level-length id="0">15.5399</back-level-length>
<back-level-length id="1">1.40474</back-level-length>
<back-level-length id="2">12.6427</back-level-length>
<back-level-length id="3">7.72608</back-level-length>
<back-level-length id="4">0</back-level-length>
<back-level-length id="5">0</back-level-length>
<back-level-length id="6">0</back-level-length>
<back-level-length id="7">0.0877963</back-level-length>
<back-level-length id="8">0</back-level-length>
<back-level-length id="9">1.05356</back-level-length>
<back-level-length id="10">0</back-level-length>
<back-level-length id="11">4.03863</back-level-length>
<back-level-length id="12">10.5356</back-level-length>
<back-level-length id="13">2.19491</back-level-length>
<back-level-length id="14">25.9877</back-level-length>
<back-level-length id="15">7.37489</back-level-length>
<back-level-length id="16">0.438982</back-level-length>
<back-level-length id="17">0.702371</back-level-length>
<back-level-length id="18">0.526778</back-level-length>
<back-level-length id="19">0</back-level-length>
<back-level-length id="20">0.0877963</back-level-length>
<back-level-length id="21">0</back-level-length>
<back-level-length id="22">0</back-level-length>
<back-level-length id="23">0</back-level-length>
<back-level-length id="24">0.877963</back-level-length>
<back-level-length id="25">0</back-level-length>
<back-level-length id="26">1.75593</back-level-length>
<back-level-length id="27">0</back-level-length>
<back-level-length id="28">2.80948</back-level-length>
<back-level-length id="29">0</back-level-length>
<back-level-length id="30">4.21422</back-level-length>
</bfs-info>
<degrees>
<avg>1.90152</avg>
<max-in>6</max-in>
<max-out>5</max-out>
<degree id="0"><in>1</in><out>2</out></degree>
<degree id="1"><in>4536</in><out>4316</out></degree>
<degree id="2"><in>5336</in><out>5671</out></degree>
<degree id="3"><in>2299</in><out>2256</out></degree>
<degree id="4"><in>420</in><out>372</out></degree>
<degree id="5"><in>46</in><out>25</out></degree>
<degree id="6"><in>4</in><out>0</out></degree>
</degrees>
<scc-info>
<count>12092</count>
<height>158</height>
<nontrivial-height>10</nontrivial-height>
<trivial>12067</trivial>
<terminal>2</terminal>
<largest>23</largest>
<largest-position> </largest-position>
</scc-info>
<dfs-info>
<stack-size id="63">0.498339</stack-size>
<stack-size id="126">0.798924</stack-size>
<stack-size id="189">0.450878</stack-size>
<stack-size id="252">0.830565</stack-size>
<stack-size id="315">0.458788</stack-size>
<stack-size id="378">0.514159</stack-size>
<stack-size id="441">0.775194</stack-size>
<stack-size id="504">0.53789</stack-size>
<stack-size id="567">0.403417</stack-size>
<stack-size id="630">0.292675</stack-size>
<stack-size id="693">0.355956</stack-size>
<stack-size id="756">0.126562</stack-size>
<stack-size id="819">0.340136</stack-size>
<stack-size id="882">0.442968</stack-size>
<stack-size id="945">0.324316</stack-size>
<stack-size id="1008">0.419237</stack-size>
<stack-size id="1071">0.197754</stack-size>
<stack-size id="1134">0.213574</stack-size>
<stack-size id="1197">0.245214</stack-size>
<stack-size id="1260">0.245214</stack-size>
<stack-size id="1323">0.332226</stack-size>
<stack-size id="1386">0.340136</stack-size>
<stack-size id="1449">0.245214</stack-size>
<stack-size id="1512">0.284765</stack-size>
<stack-size id="1575">0.142383</stack-size>
<stack-size id="1638">0.300585</stack-size>
<stack-size id="1701">0.363866</stack-size>
<stack-size id="1764">0.268945</stack-size>
<stack-size id="1827">0.403417</stack-size>
<stack-size id="1890">0.363866</stack-size>
<stack-size id="1953">0.403417</stack-size>
<stack-size id="2016">0.261035</stack-size>
<stack-size id="2079">0.237304</stack-size>
<stack-size id="2142">0.348046</stack-size>
<stack-size id="2205">0.166113</stack-size>
<stack-size id="2268">0.435058</stack-size>
<stack-size id="2331">0.498339</stack-size>
<stack-size id="2394">0.363866</stack-size>
<stack-size id="2457">0.213574</stack-size>
<stack-size id="2520">0.205664</stack-size>
<stack-size id="2583">0.213574</stack-size>
<stack-size id="2646">0.458788</stack-size>
<stack-size id="2709">0.435058</stack-size>
<stack-size id="2772">0.300585</stack-size>
<stack-size id="2835">0.411327</stack-size>
<stack-size id="2898">0.458788</stack-size>
<stack-size id="2961">0.514159</stack-size>
<stack-size id="3024">0.616991</stack-size>
<stack-size id="3087">0.704003</stack-size>
<stack-size id="3150">0.783104</stack-size>
<stack-size id="3213">0.727733</stack-size>
<stack-size id="3276">0.735643</stack-size>
<stack-size id="3339">0.822655</stack-size>
<stack-size id="3402">0.458788</stack-size>
<stack-size id="3465">0.56162</stack-size>
<stack-size id="3528">0.56162</stack-size>
<stack-size id="3591">0.379687</stack-size>
<stack-size id="3654">0.403417</stack-size>
<stack-size id="3717">0.427148</stack-size>
<stack-size id="3780">0.498339</stack-size>
<stack-size id="3843">0.56162</stack-size>
<stack-size id="3906">0.648632</stack-size>
<stack-size id="3969">0.672362</stack-size>
<stack-size id="4032">0.735643</stack-size>
<stack-size id="4095">0.814745</stack-size>
<stack-size id="4158">0.55371</stack-size>
<stack-size id="4221">0.482519</stack-size>
<stack-size id="4284">0.466698</stack-size>
<stack-size id="4347">0.458788</stack-size>
<stack-size id="4410">0.411327</stack-size>
<stack-size id="4473">0.363866</stack-size>
<stack-size id="4536">0.482519</stack-size>
<stack-size id="4599">0.498339</stack-size>
<stack-size id="4662">0.529979</stack-size>
<stack-size id="4725">0.490429</stack-size>
<stack-size id="4788">0.593261</stack-size>
<stack-size id="4851">0.672362</stack-size>
<stack-size id="4914">0.727733</stack-size>
<stack-size id="4977">0.514159</stack-size>
<stack-size id="5040">0.696092</stack-size>
<stack-size id="5103">0.498339</stack-size>
<stack-size id="5166">0.522069</stack-size>
<stack-size id="5229">0.5458</stack-size>
<stack-size id="5292">0.56953</stack-size>
<stack-size id="5355">0.791014</stack-size>
<stack-size id="5418">0.767284</stack-size>
<stack-size id="5481">0.751463</stack-size>
<stack-size id="5544">0.624901</stack-size>
<stack-size id="5607">0.609081</stack-size>
<stack-size id="5670">0.601171</stack-size>
<stack-size id="5733">0.498339</stack-size>
<stack-size id="5796">0.466698</stack-size>
<stack-size id="5859">0.58535</stack-size>
<stack-size id="5922">0.5458</stack-size>
<stack-size id="5985">0.276855</stack-size>
<stack-size id="6048">0.419237</stack-size>
<stack-size id="6111">0.395507</stack-size>
<stack-size id="6174">0.371777</stack-size>
<stack-size id="6237">0.403417</stack-size>
<stack-size id="6300">0.371777</stack-size>
<stack-size id="6363">0.395507</stack-size>
<stack-size id="6426">0.355956</stack-size>
<stack-size id="6489">0.403417</stack-size>
<stack-size id="6552">0.403417</stack-size>
<stack-size id="6615">0.189843</stack-size>
<stack-size id="6678">0.292675</stack-size>
<stack-size id="6741">0.316406</stack-size>
<stack-size id="6804">0.387597</stack-size>
<stack-size id="6867">0.300585</stack-size>
<stack-size id="6930">0.340136</stack-size>
<stack-size id="6993">0.300585</stack-size>
<stack-size id="7056">0.340136</stack-size>
<stack-size id="7119">0.332226</stack-size>
<stack-size id="7182">0.284765</stack-size>
<stack-size id="7245">0.340136</stack-size>
<stack-size id="7308">0.387597</stack-size>
<stack-size id="7371">0.245214</stack-size>
<stack-size id="7434">0.427148</stack-size>
<stack-size id="7497">0.419237</stack-size>
<stack-size id="7560">0.522069</stack-size>
<stack-size id="7623">0.616991</stack-size>
<stack-size id="7686">0.300585</stack-size>
<stack-size id="7749">0.419237</stack-size>
<stack-size id="7812">0.403417</stack-size>
<stack-size id="7875">0.316406</stack-size>
<stack-size id="7938">0.0870115</stack-size>
<stack-size id="8001">0.158203</stack-size>
<stack-size id="8064">0.118652</stack-size>
<stack-size id="8127">0.174023</stack-size>
<stack-size id="8190">0.245214</stack-size>
<stack-size id="8253">0.435058</stack-size>
<stack-size id="8316">0.316406</stack-size>
<stack-size id="8379">0.419237</stack-size>
<stack-size id="8442">0.419237</stack-size>
<stack-size id="8505">0.403417</stack-size>
<stack-size id="8568">0.427148</stack-size>
<stack-size id="8631">0.450878</stack-size>
<stack-size id="8694">0.435058</stack-size>
<stack-size id="8757">0.427148</stack-size>
<stack-size id="8820">0.482519</stack-size>
<stack-size id="8883">0.442968</stack-size>
<stack-size id="8946">0.268945</stack-size>
<stack-size id="9009">0.261035</stack-size>
<stack-size id="9072">0.174023</stack-size>
<stack-size id="9135">0.435058</stack-size>
<stack-size id="9198">0.411327</stack-size>
<stack-size id="9261">0.387597</stack-size>
<stack-size id="9324">0.419237</stack-size>
<stack-size id="9387">0.387597</stack-size>
<stack-size id="9450">0.411327</stack-size>
<stack-size id="9513">0.371777</stack-size>
<stack-size id="9576">0.419237</stack-size>
<stack-size id="9639">0.419237</stack-size>
<stack-size id="9702">0.427148</stack-size>
<stack-size id="9765">0.442968</stack-size>
<stack-size id="9828">0.253125</stack-size>
<stack-size id="9891">0.245214</stack-size>
<stack-size id="9954">0.110742</stack-size>
<stack-size id="10017">0.0791014</stack-size>
<stack-size id="10080">0.197754</stack-size>
<stack-size id="10143">0.387597</stack-size>
<stack-size id="10206">0.174023</stack-size>
<stack-size id="10269">0.379687</stack-size>
<stack-size id="10332">0.110742</stack-size>
<stack-size id="10395">0.158203</stack-size>
<stack-size id="10458">0.0949217</stack-size>
<stack-size id="10521">0.593261</stack-size>
<stack-size id="10584">0.450878</stack-size>
<stack-size id="10647">0.5458</stack-size>
<stack-size id="10710">0.450878</stack-size>
<stack-size id="10773">0.55371</stack-size>
<stack-size id="10836">0.498339</stack-size>
<stack-size id="10899">0.5458</stack-size>
<stack-size id="10962">0.276855</stack-size>
<stack-size id="11025">0.379687</stack-size>
<stack-size id="11088">0.324316</stack-size>
<stack-size id="11151">0.292675</stack-size>
<stack-size id="11214">0.118652</stack-size>
<stack-size id="11277">0.395507</stack-size>
<stack-size id="11340">0.395507</stack-size>
<stack-size id="11403">0.419237</stack-size>
<stack-size id="11466">0.276855</stack-size>
<stack-size id="11529">0.150293</stack-size>
<stack-size id="11592">0.355956</stack-size>
<stack-size id="11655">0.767284</stack-size>
<stack-size id="11718">0.379687</stack-size>
<stack-size id="11781">0.704003</stack-size>
<stack-size id="11844">0.403417</stack-size>
<stack-size id="11907">0.514159</stack-size>
<stack-size id="11970">0.632811</stack-size>
<stack-size id="12033">0.490429</stack-size>
<stack-size id="12096">0.308495</stack-size>
<stack-size id="12159">0.150293</stack-size>
<stack-size id="12222">0.268945</stack-size>
<stack-size id="12285">0.340136</stack-size>
<stack-size id="12348">0.197754</stack-size>
<stack-size id="12411">0.387597</stack-size>
<stack-size id="12474">0.181933</stack-size>
<stack-size id="12537">0.387597</stack-size>
<stack-size id="12600">0.055371</stack-size>
<max-stack>109</max-stack>
<front-edges>12641</front-edges>
<back-edges>167</back-edges>
<cross-edges>11231</cross-edges>
<shortest-cycle>15</shortest-cycle>
</dfs-info>
<rw-info>
<coverage step="1260">3.1166</coverage>
<coverage step="2520">3.93134</coverage>
<coverage step="3780">4.85683</coverage>
<coverage step="5040">5.68739</coverage>
<coverage step="6300">6.50214</coverage>
<coverage step="7560">7.49881</coverage>
<coverage step="8820">8.32147</coverage>
<coverage step="10080">8.69324</coverage>
<coverage step="11340">8.9701</coverage>
<coverage step="12600">9.04129</coverage>
<coverage step="13860">9.36561</coverage>
<coverage step="15120">9.60291</coverage>
<coverage step="16380">10.038</coverage>
<coverage step="17640">10.3069</coverage>
<coverage step="18900">10.8211</coverage>
<coverage step="20160">11.1928</coverage>
<coverage step="21420">11.2878</coverage>
<coverage step="22680">11.6121</coverage>
<coverage step="23940">11.6358</coverage>
<coverage step="25200">11.8415</coverage>
<coverage step="26460">11.8889</coverage>
<coverage step="27720">12.237</coverage>
<coverage step="28980">12.4506</coverage>
<coverage step="30240">12.5376</coverage>
<coverage step="31500">12.5692</coverage>
<coverage step="32760">12.68</coverage>
<coverage step="34020">12.7353</coverage>
<coverage step="35280">12.941</coverage>
<coverage step="36540">12.9964</coverage>
<coverage step="37800">13.0517</coverage>
<coverage step="39060">13.2574</coverage>
<coverage step="40320">13.2969</coverage>
<coverage step="41580">13.384</coverage>
<coverage step="42840">13.5343</coverage>
<coverage step="44100">13.8665</coverage>
<coverage step="45360">13.9456</coverage>
<coverage step="46620">14.262</coverage>
<coverage step="47880">14.3569</coverage>
<coverage step="49140">14.4044</coverage>
<coverage step="50400">14.5072</coverage>
<coverage step="51660">14.6891</coverage>
<coverage step="52920">14.792</coverage>
<coverage step="54180">14.9581</coverage>
<coverage step="55440">14.9739</coverage>
<coverage step="56700">14.9976</coverage>
<coverage step="57960">15.1242</coverage>
<coverage step="59220">15.14</coverage>
<coverage step="60480">15.2824</coverage>
<coverage step="61740">15.3061</coverage>
<coverage step="63000">15.4248</coverage>
<coverage step="64260">15.4881</coverage>
<coverage step="65520">15.5276</coverage>
<coverage step="66780">15.7254</coverage>
<coverage step="68040">15.8361</coverage>
<coverage step="69300">15.9389</coverage>
<coverage step="70560">15.9389</coverage>
<coverage step="71820">15.9706</coverage>
<coverage step="73080">16.2395</coverage>
<coverage step="74340">16.3028</coverage>
<coverage step="75600">16.3661</coverage>
<coverage step="76860">16.374</coverage>
<coverage step="78120">16.548</coverage>
<coverage step="79380">16.904</coverage>
<coverage step="80640">16.9198</coverage>
<coverage step="81900">16.9198</coverage>
<coverage step="83160">16.9435</coverage>
<coverage step="84420">16.9514</coverage>
<coverage step="85680">17.0384</coverage>
<coverage step="86940">17.0464</coverage>
<coverage step="88200">17.3232</coverage>
<coverage step="89460">17.3707</coverage>
<coverage step="90720">17.3786</coverage>
<coverage step="91980">17.4181</coverage>
<coverage step="93240">17.4577</coverage>
<coverage step="94500">17.7583</coverage>
<coverage step="95760">17.782</coverage>
<coverage step="97020">17.8136</coverage>
<coverage step="98280">17.8136</coverage>
<coverage step="99540">17.8136</coverage>
<coverage step="100800">17.8136</coverage>
<coverage step="102060">17.8927</coverage>
<coverage step="103320">17.9323</coverage>
<coverage step="104580">18.0984</coverage>
<coverage step="105840">18.1933</coverage>
<coverage step="107100">18.2408</coverage>
<coverage step="108360">18.2962</coverage>
<coverage step="109620">18.2962</coverage>
<coverage step="110880">18.3041</coverage>
<coverage step="112140">18.312</coverage>
<coverage step="113400">18.312</coverage>
<coverage step="114660">18.4385</coverage>
<coverage step="115920">18.4385</coverage>
<coverage step="117180">18.5335</coverage>
<coverage step="118440">18.5414</coverage>
<coverage step="119700">18.5414</coverage>
<coverage step="120960">18.6205</coverage>
<coverage step="122220">18.6205</coverage>
<coverage step="123480">18.7154</coverage>
<coverage step="124740">18.747</coverage>
<coverage step="126000">18.7549</coverage>
<rw-visits order="1">1753</rw-visits>
<rw-visits order="12">1135</rw-visits>
<rw-visits order="23">880</rw-visits>
<rw-visits order="34">800</rw-visits>
<rw-visits order="45">733</rw-visits>
<rw-visits order="56">572</rw-visits>
<rw-visits order="67">501</rw-visits>
<rw-visits order="78">396</rw-visits>
<rw-visits order="89">360</rw-visits>
<rw-visits order="100">343</rw-visits>
<rw-visits order="111">319</rw-visits>
<rw-visits order="122">304</rw-visits>
<rw-visits order="133">288</rw-visits>
<rw-visits order="144">227</rw-visits>
<rw-visits order="155">206</rw-visits>
<rw-visits order="166">185</rw-visits>
<rw-visits order="177">172</rw-visits>
<rw-visits order="188">158</rw-visits>
<rw-visits order="199">153</rw-visits>
<rw-visits order="210">145</rw-visits>
<rw-visits order="221">123</rw-visits>
<rw-visits order="232">112</rw-visits>
<rw-visits order="243">99</rw-visits>
<rw-visits order="254">93</rw-visits>
<rw-visits order="265">86</rw-visits>
<rw-visits order="276">80</rw-visits>
<rw-visits order="287">76</rw-visits>
<rw-visits order="298">73</rw-visits>
<rw-visits order="309">72</rw-visits>
<rw-visits order="320">66</rw-visits>
<rw-visits order="331">64</rw-visits>
<rw-visits order="342">62</rw-visits>
<rw-visits order="353">60</rw-visits>
<rw-visits order="364">56</rw-visits>
<rw-visits order="375">53</rw-visits>
<rw-visits order="386">51</rw-visits>
<rw-visits order="397">50</rw-visits>
<rw-visits order="408">48</rw-visits>
<rw-visits order="419">46</rw-visits>
<rw-visits order="430">45</rw-visits>
<rw-visits order="441">43</rw-visits>
<rw-visits order="452">41</rw-visits>
<rw-visits order="463">40</rw-visits>
<rw-visits order="474">38</rw-visits>
<rw-visits order="485">37</rw-visits>
<rw-visits order="496">36</rw-visits>
<rw-visits order="507">35</rw-visits>
<rw-visits order="518">35</rw-visits>
<rw-visits order="529">33</rw-visits>
<rw-visits order="540">32</rw-visits>
<rw-visits order="551">31</rw-visits>
<rw-visits order="562">30</rw-visits>
<rw-visits order="573">29</rw-visits>
<rw-visits order="584">28</rw-visits>
<rw-visits order="595">28</rw-visits>
<rw-visits order="606">27</rw-visits>
<rw-visits order="617">26</rw-visits>
<rw-visits order="628">24</rw-visits>
<rw-visits order="639">23</rw-visits>
<rw-visits order="650">22</rw-visits>
<rw-visits order="661">22</rw-visits>
<rw-visits order="672">21</rw-visits>
<rw-visits order="683">20</rw-visits>
<rw-visits order="694">19</rw-visits>
<rw-visits order="705">19</rw-visits>
<rw-visits order="716">19</rw-visits>
<rw-visits order="727">18</rw-visits>
<rw-visits order="738">17</rw-visits>
<rw-visits order="749">17</rw-visits>
<rw-visits order="760">17</rw-visits>
<rw-visits order="771">16</rw-visits>
<rw-visits order="782">16</rw-visits>
<rw-visits order="793">16</rw-visits>
<rw-visits order="804">15</rw-visits>
<rw-visits order="815">15</rw-visits>
<rw-visits order="826">14</rw-visits>
<rw-visits order="837">14</rw-visits>
<rw-visits order="848">13</rw-visits>
<rw-visits order="859">13</rw-visits>
<rw-visits order="870">12</rw-visits>
<rw-visits order="881">12</rw-visits>
<rw-visits order="892">11</rw-visits>
<rw-visits order="903">11</rw-visits>
<rw-visits order="914">11</rw-visits>
<rw-visits order="925">11</rw-visits>
<rw-visits order="936">10</rw-visits>
<rw-visits order="947">10</rw-visits>
<rw-visits order="958">10</rw-visits>
<rw-visits order="969">10</rw-visits>
<rw-visits order="980">9</rw-visits>
<rw-visits order="991">9</rw-visits>
<rw-visits order="1002">9</rw-visits>
<rw-visits order="1013">9</rw-visits>
<rw-visits order="1024">9</rw-visits>
<rw-visits order="1035">9</rw-visits>
<rw-visits order="1046">9</rw-visits>
<rw-visits order="1057">8</rw-visits>
<rw-visits order="1068">8</rw-visits>
<rw-visits order="1079">8</rw-visits>
<rw-visits order="1090">7</rw-visits>
<rw-visits order="1101">7</rw-visits>
<rw-visits order="1112">7</rw-visits>
<rw-visits order="1123">7</rw-visits>
<rw-visits order="1134">7</rw-visits>
<rw-visits order="1145">7</rw-visits>
<rw-visits order="1156">7</rw-visits>
<rw-visits order="1167">6</rw-visits>
<rw-visits order="1178">6</rw-visits>
<rw-visits order="1189">6</rw-visits>
<rw-visits order="1200">6</rw-visits>
<rw-visits order="1211">6</rw-visits>
<rw-visits order="1222">6</rw-visits>
<rw-visits order="1233">6</rw-visits>
<rw-visits order="1244">6</rw-visits>
<rw-visits order="1255">6</rw-visits>
<rw-visits order="1266">6</rw-visits>
<rw-visits order="1277">6</rw-visits>
<rw-visits order="1288">5</rw-visits>
<rw-visits order="1299">5</rw-visits>
<rw-visits order="1310">5</rw-visits>
<rw-visits order="1321">5</rw-visits>
<rw-visits order="1332">5</rw-visits>
<rw-visits order="1343">4</rw-visits>
<rw-visits order="1354">4</rw-visits>
<rw-visits order="1365">4</rw-visits>
<rw-visits order="1376">4</rw-visits>
<rw-visits order="1387">4</rw-visits>
<rw-visits order="1398">4</rw-visits>
<rw-visits order="1409">4</rw-visits>
<rw-visits order="1420">4</rw-visits>
<rw-visits order="1431">3</rw-visits>
<rw-visits order="1442">3</rw-visits>
<rw-visits order="1453">3</rw-visits>
<rw-visits order="1464">3</rw-visits>
<rw-visits order="1475">3</rw-visits>
<rw-visits order="1486">3</rw-visits>
<rw-visits order="1497">3</rw-visits>
<rw-visits order="1508">3</rw-visits>
<rw-visits order="1519">3</rw-visits>
<rw-visits order="1530">3</rw-visits>
<rw-visits order="1541">3</rw-visits>
<rw-visits order="1552">3</rw-visits>
<rw-visits order="1563">2</rw-visits>
<rw-visits order="1574">2</rw-visits>
<rw-visits order="1585">2</rw-visits>
<rw-visits order="1596">2</rw-visits>
<rw-visits order="1607">2</rw-visits>
<rw-visits order="1618">2</rw-visits>
<rw-visits order="1629">2</rw-visits>
<rw-visits order="1640">2</rw-visits>
<rw-visits order="1651">2</rw-visits>
<rw-visits order="1662">2</rw-visits>
<rw-visits order="1673">2</rw-visits>
<rw-visits order="1684">2</rw-visits>
<rw-visits order="1695">2</rw-visits>
<rw-visits order="1706">2</rw-visits>
<rw-visits order="1717">2</rw-visits>
<rw-visits order="1728">2</rw-visits>
<rw-visits order="1739">2</rw-visits>
<rw-visits order="1750">2</rw-visits>
<rw-visits order="1761">2</rw-visits>
<rw-visits order="1772">2</rw-visits>
<rw-visits order="1783">2</rw-visits>
<rw-visits order="1794">1</rw-visits>
<rw-visits order="1805">1</rw-visits>
<rw-visits order="1816">1</rw-visits>
<rw-visits order="1827">1</rw-visits>
<rw-visits order="1838">1</rw-visits>
<rw-visits order="1849">1</rw-visits>
<rw-visits order="1860">1</rw-visits>
<rw-visits order="1871">1</rw-visits>
<rw-visits order="1882">1</rw-visits>
<rw-visits order="1893">1</rw-visits>
<rw-visits order="1904">1</rw-visits>
<rw-visits order="1915">1</rw-visits>
<rw-visits order="1926">1</rw-visits>
<rw-visits order="1937">1</rw-visits>
<rw-visits order="1948">1</rw-visits>
<rw-visits order="1959">1</rw-visits>
<rw-visits order="1970">1</rw-visits>
<rw-visits order="1981">1</rw-visits>
<rw-visits order="1992">1</rw-visits>
<rw-visits order="2003">1</rw-visits>
<rw-visits order="2014">1</rw-visits>
<rw-visits order="2025">1</rw-visits>
<rw-visits order="2036">1</rw-visits>
<rw-visits order="2047">1</rw-visits>
<rw-visits order="2058">1</rw-visits>
<rw-visits order="2069">1</rw-visits>
<rw-visits order="2080">1</rw-visits>
<rw-visits order="2091">1</rw-visits>
<rw-visits order="2102">1</rw-visits>
<rw-visits order="2113">1</rw-visits>
<rw-visits order="2124">1</rw-visits>
<rw-visits order="2135">1</rw-visits>
<rw-visits order="2146">1</rw-visits>
<rw-visits order="2157">1</rw-visits>
<rw-visits order="2168">1</rw-visits>
<rw-visits order="2179">1</rw-visits>
<rw-visits order="2190">1</rw-visits>
<rw-visits order="2201">1</rw-visits>
<rw-visits order="2212">1</rw-visits>
<rw-visits order="2223">1</rw-visits>
<rw-visits order="2234">1</rw-visits>
<rw-visits order="2245">1</rw-visits>
<rw-visits order="2256">1</rw-visits>
<rw-visits order="2267">1</rw-visits>
<rw-visits order="2278">1</rw-visits>
<rw-visits order="2289">1</rw-visits>
<rw-visits order="2300">1</rw-visits>
<rw-visits order="2311">1</rw-visits>
<rw-visits order="2322">1</rw-visits>
<rw-visits order="2333">1</rw-visits>
<rw-visits order="2344">1</rw-visits>
<rw-visits order="2355">1</rw-visits>
<rw-visits order="2366">1</rw-visits>
<final-coverage>18.7549</final-coverage>
</rw-info>
<local-info>
<diamonds>57.9022</diamonds>
<neighborhood k="4">13</neighborhood>
<clustering k="4">1.25763</clustering>
</local-info>
<label-info>
<edge-label id="0.1">390</edge-label>
<edge-label id="0.2+6.0">111</edge-label>
<edge-label id="0.6">4088</edge-label>
<edge-label id="1.0">845</edge-label>
<edge-label id="1.1">925</edge-label>
<edge-label id="1.2">36</edge-label>
<edge-label id="1.3">961</edge-label>
<edge-label id="1.4">836</edge-label>
<edge-label id="1.5">82</edge-label>
<edge-label id="1.6">98</edge-label>
<edge-label id="1.7">98</edge-label>
<edge-label id="2.0">863</edge-label>
<edge-label id="2.1">715</edge-label>
<edge-label id="2.10">591</edge-label>
<edge-label id="2.11">380</edge-label>
<edge-label id="2.2">380</edge-label>
<edge-label id="2.3">1067</edge-label>
<edge-label id="2.4">28</edge-label>
<edge-label id="2.5">1095</edge-label>
<edge-label id="2.6">867</edge-label>
<edge-label id="2.7">112</edge-label>
<edge-label id="2.8">112</edge-label>
<edge-label id="2.9">112</edge-label>
<edge-label id="3.0">1911</edge-label>
<edge-label id="4.0">452</edge-label>
<edge-label id="4.1">66</edge-label>
<edge-label id="4.2">203</edge-label>
<edge-label id="4.3">269</edge-label>
<edge-label id="4.4">269</edge-label>
<edge-label id="4.5">269</edge-label>
<edge-label id="4.6+5.0">656</edge-label>
<edge-label id="5.2">656</edge-label>
<edge-label id="5.4">656</edge-label>
<edge-label id="6.1">185</edge-label>
<edge-label id="6.10+0.5">216</edge-label>
<edge-label id="6.11">77</edge-label>
<edge-label id="6.12">51</edge-label>
<edge-label id="6.13+0.4">166</edge-label>
<edge-label id="6.14">102</edge-label>
<edge-label id="6.15">154</edge-label>
<edge-label id="6.16">94</edge-label>
<edge-label id="6.17">46</edge-label>
<edge-label id="6.18">80</edge-label>
<edge-label id="6.19">32</edge-label>
<edge-label id="6.2">111</edge-label>
<edge-label id="6.20">46</edge-label>
<edge-label id="6.21">78</edge-label>
<edge-label id="6.22">32</edge-label>
<edge-label id="6.23">80</edge-label>
<edge-label id="6.24">80</edge-label>
<edge-label id="6.25">66</edge-label>
<edge-label id="6.26">66</edge-label>
<edge-label id="6.27">66</edge-label>
<edge-label id="6.28">66</edge-label>
<edge-label id="6.29+0.0">55</edge-label>
<edge-label id="6.29+0.7">55</edge-label>
<edge-label id="6.3">107</edge-label>
<edge-label id="6.30">33</edge-label>
<edge-label id="6.31">66</edge-label>
<edge-label id="6.32">66</edge-label>
<edge-label id="6.33">66</edge-label>
<edge-label id="6.34">126</edge-label>
<edge-label id="6.35">126</edge-label>
<edge-label id="6.36">126</edge-label>
<edge-label id="6.37">126</edge-label>
<edge-label id="6.38">126</edge-label>
<edge-label id="6.39">126</edge-label>
<edge-label id="6.4">67</edge-label>
<edge-label id="6.40+0.0">66</edge-label>
<edge-label id="6.40+0.7">66</edge-label>
<edge-label id="6.41">84</edge-label>
<edge-label id="6.5">151</edge-label>
<edge-label id="6.6">77</edge-label>
<edge-label id="6.7">77</edge-label>
<edge-label id="6.8">77</edge-label>
<edge-label id="6.9">77</edge-label>
<state-labels procid="0">
<label id="[0,0,0,0,0,0,0,0,0,0,0,0,0,0,0,0]">60</label>
<label id="[0,0,0,0,0,0,0,0,0,0,0,0,0,1,0,0]">54</label>
<label id="[0,0,0,0,0,0,0,0,0,0,1,0,0,0,0,1]">125</label>
<label id="[0,0,0,0,0,0,0,0,0,0,1,0,0,1,0,1]">51</label>
<label id="[0,0,0,0,0,0,0,0,0,1,0,0,0,0,0,0]">91</label>
<label id="[0,0,0,0,0,0,0,0,0,1,0,0,0,1,0,0]">87</label>
<label id="[0,0,0,0,0,0,0,0,0,1,0,0,1,0,0,0]">55</label>
<label id="[0,0,0,0,0,0,0,0,0,1,0,0,1,1,0,0]">51</label>
<label id="[0,0,0,0,0,0,0,0,1,0,0,0,0,0,0,1]">68</label>
<label id="[0,0,0,0,0,0,0,0,1,0,0,0,0,1,0,1]">33</label>
<label id="[0,0,0,0,0,0,0,0,1,0,1,0,0,0,0,1]">68</label>
<label id="[0,0,0,0,0,0,0,0,1,0,1,0,0,1,0,1]">24</label>
<label id="[0,0,0,0,0,0,0,0,1,1,0,0,0,0,0,1]">23</label>
<label id="[0,0,0,0,0,0,0,0,1,1,0,0,0,1,0,1]">21</label>
<label id="[0,0,0,0,0,0,0,0,1,1,0,0,1,0,0,1]">14</label>
<label id="[0,0,0,0,0,0,0,0,1,1,0,0,1,1,0,1]">12</label>
<label id="[0,0,0,0,0,0,1,0,0,0,0,0,0,1,0,0]">94</label>
<label id="[0,0,0,0,0,0,1,0,0,0,1,0,0,1,0,1]">72</label>
<label id="[0,0,0,0,0,0,1,0,0,1,0,0,0,1,0,0]">87</label>
<label id="[0,0,0,0,0,0,1,0,0,1,0,0,1,1,0,0]">51</label>
<label id="[0,0,0,0,0,0,1,0,1,0,0,0,0,1,0,1]">49</label>
<label id="[0,0,0,0,0,0,1,0,1,0,1,0,0,1,0,1]">36</label>
<label id="[0,0,0,0,0,0,1,0,1,1,0,0,0,1,0,1]">21</label>
<label id="[0,0,0,0,0,0,1,0,1,1,0,0,1,1,0,1]">12</label>
<label id="[0,0,0,0,0,0,1,1,0,0,0,0,0,1,1,0]">156</label>
<label id="[0,0,0,0,0,0,1,1,0,0,1,0,0,1,1,1]">108</label>
<label id="[0,0,0,0,0,0,1,1,0,1,0,0,0,1,1,0]">87</label>
<label id="[0,0,0,0,0,0,1,1,0,1,0,0,1,1,1,0]">51</label>
<label id="[0,0,0,0,0,0,1,1,1,0,0,0,0,1,1,1]">59</label>
<label id="[0,0,0,0,0,0,1,1,1,0,1,0,0,1,1,1]">54</label>
<label id="[0,0,0,0,0,0,1,1,1,1,0,0,0,1,1,1]">21</label>
<label id="[0,0,0,0,0,0,1,1,1,1,0,0,1,1,1,1]">12</label>
<label id="[0,0,0,0,0,1,1,0,0,0,0,0,0,1,0,0]">18</label>
<label id="[0,0,0,0,0,1,1,0,1,0,0,0,0,1,0,1]">4</label>
<label id="[0,0,0,0,0,2,1,0,0,0,1,0,0,1,0,1]">17</label>
<label id="[0,0,0,0,0,2,1,0,0,1,0,0,0,1,0,0]">29</label>
<label id="[0,0,0,0,0,2,1,0,0,1,0,0,1,1,0,0]">17</label>
<label id="[0,0,0,0,0,2,1,0,1,0,0,0,0,1,0,1]">7</label>
<label id="[0,0,0,0,0,2,1,0,1,0,1,0,0,1,0,1]">8</label>
<label id="[0,0,0,0,0,2,1,0,1,1,0,0,0,1,0,1]">7</label>
<label id="[0,0,0,0,0,2,1,0,1,1,0,0,1,1,0,1]">4</label>
<label id="[0,0,0,0,0,3,1,0,0,0,0,0,0,1,0,0]">22</label>
<label id="[0,0,0,0,0,3,1,0,0,0,1,0,0,1,0,1]">14</label>
<label id="[0,0,0,0,0,3,1,0,0,1,0,0,0,1,0,0]">11</label>
<label id="[0,0,0,0,0,3,1,0,0,1,0,0,1,1,0,0]">7</label>
<label id="[0,0,0,0,0,3,1,0,1,0,0,0,0,1,0,1]">9</label>
<label id="[0,0,0,0,0,3,1,0,1,0,1,0,0,1,0,1]">8</label>
<label id="[0,0,0,0,0,3,1,0,1,1,0,0,0,1,0,1]">3</label>
<label id="[0,0,0,0,0,3,1,0,1,1,0,0,1,1,0,1]">2</label>
<label id="[0,0,0,0,0,3,1,1,0,0,0,0,0,1,1,0]">64</label>
<label id="[0,0,0,0,0,3,1,1,0,0,1,0,0,1,1,1]">40</label>
<label id="[0,0,0,0,0,3,1,1,1,0,0,0,0,1,1,1]">17</label>
<label id="[0,0,0,0,0,3,1,1,1,0,1,0,0,1,1,1]">22</label>
<label id="[0,0,0,0,1,0,0,0,0,0,0,0,0,0,0,0]">15</label>
<label id="[0,0,0,0,1,0,0,0,0,0,0,0,0,1,0,0]">12</label>
<label id="[0,0,0,0,1,0,0,0,0,0,1,0,0,0,0,1]">34</label>
<label id="[0,0,0,0,1,0,0,0,0,0,1,0,0,1,0,1]">12</label>
<label id="[0,0,0,0,1,0,0,0,0,1,0,0,0,0,0,0]">23</label>
<label id="[0,0,0,0,1,0,0,0,0,1,0,0,0,1,0,0]">21</label>
<label id="[0,0,0,0,1,0,0,0,0,1,0,0,1,0,0,0]">14</label>
<label id="[0,0,0,0,1,0,0,0,0,1,0,0,1,1,0,0]">12</label>
<label id="[0,0,0,0,1,0,1,0,0,0,0,0,0,1,0,0]">22</label>
<label id="[0,0,0,0,1,0,1,0,0,0,1,0,0,1,0,1]">18</label>
<label id="[0,0,0,0,1,0,1,0,0,1,0,0,0,1,0,0]">21</label>
<label id="[0,0,0,0,1,0,1,0,0,1,0,0,1,1,0,0]">12</label>
<label id="[0,0,0,0,1,0,1,1,0,0,0,0,0,1,1,0]">38</label>
<label id="[0,0,0,0,1,0,1,1,0,0,1,0,0,1,1,1]">27</label>
<label id="[0,0,0,0,1,0,1,1,0,1,0,0,0,1,1,0]">21</label>
<label id="[0,0,0,0,1,0,1,1,0,1,0,0,1,1,1,0]">12</label>
<label id="[0,0,0,0,1,1,1,0,0,0,0,0,0,1,0,0]">4</label>
<label id="[0,0,0,0,1,2,1,0,0,0,1,0,0,1,0,1]">4</label>
<label id="[0,0,0,0,1,2,1,0,0,1,0,0,0,1,0,0]">7</label>
<label id="[0,0,0,0,1,2,1,0,0,1,0,0,1,1,0,0]">4</label>
<label id="[0,0,0,0,1,3,1,0,0,0,0,0,0,1,0,0]">6</label>
<label id="[0,0,0,0,1,3,1,0,0,0,1,0,0,1,0,1]">4</label>
<label id="[0,0,0,0,1,3,1,0,0,1,0,0,0,1,0,0]">3</label>
<label id="[0,0,0,0,1,3,1,0,0,1,0,0,1,1,0,0]">2</label>
<label id="[0,0,0,0,1,3,1,1,0,0,0,0,0,1,1,0]">17</label>
<label id="[0,0,0,0,1,3,1,1,0,0,1,0,0,1,1,1]">11</label>
<label id="[0,0,1,0,0,0,0,0,0,0,0,0,0,0,0,0]">54</label>
<label id="[0,0,1,0,0,0,0,0,0,0,0,0,0,1,0,0]">54</label>
<label id="[0,0,1,0,0,0,0,0,0,0,1,0,0,0,0,1]">71</label>
<label id="[0,0,1,0,0,0,0,0,0,0,1,0,0,1,0,1]">57</label>
<label id="[0,0,1,0,0,0,0,0,0,1,0,0,0,0,0,0]">121</label>
<label id="[0,0,1,0,0,0,0,0,0,1,0,0,0,1,0,0]">99</label>
<label id="[0,0,1,0,0,0,0,0,0,1,0,0,1,0,0,0]">71</label>
<label id="[0,0,1,0,0,0,0,0,0,1,0,0,1,1,0,0]">57</label>
<label id="[0,0,1,0,0,0,0,0,0,1,1,0,0,0,0,1]">22</label>
<label id="[0,0,1,0,0,0,0,0,0,1,1,0,0,1,0,1]">18</label>
<label id="[0,0,1,0,0,0,0,0,0,1,1,0,1,0,0,1]">11</label>
<label id="[0,0,1,0,0,0,0,0,0,1,1,0,1,1,0,1]">9</label>
<label id="[0,0,1,0,0,0,0,0,1,0,0,0,0,0,0,1]">36</label>
<label id="[0,0,1,0,0,0,0,0,1,0,0,0,0,1,0,1]">30</label>
<label id="[0,0,1,0,0,0,0,0,1,0,1,0,0,0,0,1]">26</label>
<label id="[0,0,1,0,0,0,0,0,1,0,1,0,0,1,0,1]">18</label>
<label id="[0,0,1,0,0,0,0,0,1,1,0,0,0,0,0,1]">24</label>
<label id="[0,0,1,0,0,0,0,0,1,1,0,0,0,1,0,1]">18</label>
<label id="[0,0,1,0,0,0,0,0,1,1,0,0,1,0,0,1]">13</label>
<label id="[0,0,1,0,0,0,0,0,1,1,0,0,1,1,0,1]">9</label>
<label id="[0,0,1,0,0,0,1,0,0,0,0,0,0,1,0,0]">90</label>
<label id="[0,0,1,0,0,0,1,0,0,0,1,0,0,1,0,1]">82</label>
<label id="[0,0,1,0,0,0,1,0,0,1,0,0,0,1,0,0]">111</label>
<label id="[0,0,1,0,0,0,1,0,0,1,0,0,1,1,0,0]">65</label>
<label id="[0,0,1,0,0,0,1,0,0,1,1,0,0,1,0,1]">22</label>
<label id="[0,0,1,0,0,0,1,0,0,1,1,0,1,1,0,1]">11</label>
<label id="[0,0,1,0,0,0,1,0,1,0,0,0,0,1,0,1]">44</label>
<label id="[0,0,1,0,0,0,1,0,1,0,1,0,0,1,0,1]">28</label>
<label id="[0,0,1,0,0,0,1,0,1,1,0,0,0,1,0,1]">24</label>
<label id="[0,0,1,0,0,0,1,0,1,1,0,0,1,1,0,1]">13</label>
<label id="[0,0,1,0,0,0,1,1,0,0,0,0,0,1,1,0]">144</label>
<label id="[0,0,1,0,0,0,1,1,0,0,1,0,0,1,1,1]">104</label>
<label id="[0,0,1,0,0,0,1,1,0,1,0,0,0,1,1,0]">111</label>
<label id="[0,0,1,0,0,0,1,1,0,1,0,0,1,1,1,0]">65</label>
<label id="[0,0,1,0,0,0,1,1,0,1,1,0,0,1,1,1]">18</label>
<label id="[0,0,1,0,0,0,1,1,0,1,1,0,1,1,1,1]">9</label>
<label id="[0,0,1,0,0,0,1,1,1,0,0,0,0,1,1,1]">50</label>
<label id="[0,0,1,0,0,0,1,1,1,0,1,0,0,1,1,1]">36</label>
<label id="[0,0,1,0,0,0,1,1,1,1,0,0,0,1,1,1]">18</label>
<label id="[0,0,1,0,0,0,1,1,1,1,0,0,1,1,1,1]">9</label>
<label id="[0,0,1,0,0,1,1,0,0,0,0,0,0,1,0,0]">18</label>
<label id="[0,0,1,0,0,1,1,0,0,0,1,0,0,1,0,1]">4</label>
<label id="[0,0,1,0,0,1,1,0,0,1,0,0,0,1,0,0]">6</label>
<label id="[0,0,1,0,0,1,1,0,0,1,0,0,1,1,0,0]">4</label>
<label id="[0,0,1,0,0,1,1,0,1,0,0,0,0,1,0,1]">4</label>
<label id="[0,0,1,0,0,2,1,0,0,0,1,0,0,1,0,1]">15</label>
<label id="[0,0,1,0,0,2,1,0,0,1,0,0,0,1,0,0]">27</label>
<label id="[0,0,1,0,0,2,1,0,0,1,0,0,1,1,0,0]">15</label>
<label id="[0,0,1,0,0,2,1,0,0,1,1,0,0,1,0,1]">6</label>
<label id="[0,0,1,0,0,2,1,0,0,1,1,0,1,1,0,1]">3</label>
<label id="[0,0,1,0,0,2,1,0,1,0,0,0,0,1,0,1]">6</label>
<label id="[0,0,1,0,0,2,1,0,1,0,1,0,0,1,0,1]">6</label>
<label id="[0,0,1,0,0,2,1,0,1,1,0,0,0,1,0,1]">6</label>
<label id="[0,0,1,0,0,2,1,0,1,1,0,0,1,1,0,1]">3</label>
<label id="[0,0,1,0,0,3,1,0,0,0,0,0,0,1,0,0]">18</label>
<label id="[0,0,1,0,0,3,1,0,0,0,1,0,0,1,0,1]">10</label>
<label id="[0,0,1,0,0,3,1,0,0,1,0,0,0,1,0,0]">9</label>
<label id="[0,0,1,0,0,3,1,0,0,1,0,0,1,1,0,0]">5</label>
<label id="[0,0,1,0,0,3,1,0,1,0,0,0,0,1,0,1]">6</label>
<label id="[0,0,1,0,0,3,1,0,1,0,1,0,0,1,0,1]">4</label>
<label id="[0,0,1,0,0,3,1,0,1,1,0,0,0,1,0,1]">2</label>
<label id="[0,0,1,0,0,3,1,0,1,1,0,0,1,1,0,1]">1</label>
<label id="[0,0,1,0,0,3,1,1,0,0,0,0,0,1,1,0]">54</label>
<label id="[0,0,1,0,0,3,1,1,0,0,1,0,0,1,1,1]">30</label>
<label id="[0,0,1,0,0,3,1,1,1,0,0,0,0,1,1,1]">12</label>
<label id="[0,0,1,0,0,3,1,1,1,0,1,0,0,1,1,1]">12</label>
<label id="[0,0,1,0,1,0,0,0,0,0,0,0,0,0,0,0]">12</label>
<label id="[0,0,1,0,1,0,0,0,0,0,0,0,0,1,0,0]">12</label>
<label id="[0,0,1,0,1,0,0,0,0,0,1,0,0,0,0,1]">13</label>
<label id="[0,0,1,0,1,0,0,0,0,0,1,0,0,1,0,1]">9</label>
<label id="[0,0,1,0,1,0,0,0,0,1,0,0,0,0,0,0]">24</label>
<label id="[0,0,1,0,1,0,0,0,0,1,0,0,0,1,0,0]">18</label>
<label id="[0,0,1,0,1,0,0,0,0,1,0,0,1,0,0,0]">13</label>
<label id="[0,0,1,0,1,0,0,0,0,1,0,0,1,1,0,0]">9</label>
<label id="[0,0,1,0,1,0,1,0,0,0,0,0,0,1,0,0]">20</label>
<label id="[0,0,1,0,1,0,1,0,0,0,1,0,0,1,0,1]">14</label>
<label id="[0,0,1,0,1,0,1,0,0,1,0,0,0,1,0,0]">18</label>
<label id="[0,0,1,0,1,0,1,0,0,1,0,0,1,1,0,0]">9</label>
<label id="[0,0,1,0,1,0,1,1,0,0,0,0,0,1,1,0]">32</label>
<label id="[0,0,1,0,1,0,1,1,0,0,1,0,0,1,1,1]">18</label>
<label id="[0,0,1,0,1,0,1,1,0,1,0,0,0,1,1,0]">18</label>
<label id="[0,0,1,0,1,0,1,1,0,1,0,0,1,1,1,0]">9</label>
<label id="[0,0,1,0,1,1,1,0,0,0,0,0,0,1,0,0]">4</label>
<label id="[0,0,1,0,1,2,1,0,0,0,1,0,0,1,0,1]">3</label>
<label id="[0,0,1,0,1,2,1,0,0,1,0,0,0,1,0,0]">6</label>
<label id="[0,0,1,0,1,2,1,0,0,1,0,0,1,1,0,0]">3</label>
<label id="[0,0,1,0,1,3,1,0,0,0,0,0,0,1,0,0]">4</label>
<label id="[0,0,1,0,1,3,1,0,0,0,1,0,0,1,0,1]">2</label>
<label id="[0,0,1,0,1,3,1,0,0,1,0,0,0,1,0,0]">2</label>
<label id="[0,0,1,0,1,3,1,0,0,1,0,0,1,1,0,0]">1</label>
<label id="[0,0,1,0,1,3,1,1,0,0,0,0,0,1,1,0]">12</label>
<label id="[0,0,1,0,1,3,1,1,0,0,1,0,0,1,1,1]">6</label>
<label id="[0,0,1,1,0,0,0,0,0,0,1,0,0,0,0,1]">28</label>
<label id="[0,0,1,1,0,0,0,0,0,1,0,0,0,0,0,0]">44</label>
<label id="[0,0,1,1,0,0,0,0,0,1,0,0,1,0,0,0]">28</label>
<label id="[0,0,1,1,0,0,0,0,0,1,1,0,0,0,0,1]">8</label>
<label id="[0,0,1,1,0,0,0,0,0,1,1,0,1,0,0,1]">4</label>
<label id="[0,0,1,1,0,0,0,0,1,0,0,0,0,0,0,1]">12</label>
<label id="[0,0,1,1,0,0,0,0,1,0,1,0,0,0,0,1]">16</label>
<label id="[0,0,1,1,0,0,0,0,1,1,0,0,0,0,0,1]">12</label>
<label id="[0,0,1,1,0,0,0,0,1,1,0,0,1,0,0,1]">8</label>
<label id="[0,0,1,1,1,0,0,0,0,0,1,0,0,0,0,1]">8</label>
<label id="[0,0,1,1,1,0,0,0,0,1,0,0,0,0,0,0]">12</label>
<label id="[0,0,1,1,1,0,0,0,0,1,0,0,1,0,0,0]">8</label>
<label id="[0,1,1,1,0,0,0,0,0,1,0,0,0,0,0,0]">44</label>
<label id="[0,1,1,1,0,0,0,0,0,1,0,0,1,0,0,0]">28</label>
<label id="[0,1,1,1,1,0,0,0,0,1,0,0,0,0,0,0]">12</label>
<label id="[0,1,1,1,1,0,0,0,0,1,0,0,1,0,0,0]">8</label>
<label id="[1,0,0,0,0,0,0,0,0,0,1,0,0,0,0,1]">55</label>
<label id="[1,0,0,0,0,0,0,0,0,0,1,0,0,1,0,1]">51</label>
<label id="[1,0,0,0,0,0,0,0,0,1,0,1,1,0,0,0]">110</label>
<label id="[1,0,0,0,0,0,0,0,0,1,0,1,1,1,0,0]">102</label>
<label id="[1,0,0,0,0,0,0,0,1,0,0,1,0,0,0,1]">60</label>
<label id="[1,0,0,0,0,0,0,0,1,0,0,1,0,1,0,1]">24</label>
<label id="[1,0,0,0,0,0,0,0,1,0,1,0,0,0,0,1]">76</label>
<label id="[1,0,0,0,0,0,0,0,1,0,1,0,0,1,0,1]">24</label>
<label id="[1,0,0,0,0,0,0,0,1,1,0,1,1,0,0,1]">28</label>
<label id="[1,0,0,0,0,0,0,0,1,1,0,1,1,1,0,1]">24</label>
<label id="[1,0,0,0,0,0,1,0,0,0,1,0,0,1,0,1]">51</label>
<label id="[1,0,0,0,0,0,1,0,0,1,0,1,1,1,0,0]">102</label>
<label id="[1,0,0,0,0,0,1,0,1,0,0,1,0,1,0,1]">24</label>
<label id="[1,0,0,0,0,0,1,0,1,0,1,0,0,1,0,1]">24</label>
<label id="[1,0,0,0,0,0,1,0,1,1,0,1,1,1,0,1]">24</label>
<label id="[1,0,0,0,0,0,1,1,0,0,1,0,0,1,1,1]">51</label>
<label id="[1,0,0,0,0,0,1,1,0,1,0,1,1,1,1,0]">102</label>
<label id="[1,0,0,0,0,0,1,1,1,0,0,1,0,1,1,1]">24</label>
<label id="[1,0,0,0,0,0,1,1,1,0,1,0,0,1,1,1]">24</label>
<label id="[1,0,0,0,0,0,1,1,1,1,0,1,1,1,1,1]">24</label>
<label id="[1,0,0,0,0,2,1,0,0,0,1,0,0,1,0,1]">17</label>
<label id="[1,0,0,0,0,2,1,0,0,1,0,1,1,1,0,0]">34</label>
<label id="[1,0,0,0,0,2,1,0,1,0,0,1,0,1,0,1]">8</label>
<label id="[1,0,0,0,0,2,1,0,1,0,1,0,0,1,0,1]">8</label>
<label id="[1,0,0,0,0,2,1,0,1,1,0,1,1,1,0,1]">8</label>
<label id="[1,0,0,0,0,3,1,0,0,0,1,0,0,1,0,1]">7</label>
<label id="[1,0,0,0,0,3,1,0,0,1,0,1,1,1,0,0]">14</label>
<label id="[1,0,0,0,0,3,1,0,1,0,0,1,0,1,0,1]">4</label>
<label id="[1,0,0,0,0,3,1,0,1,0,1,0,0,1,0,1]">4</label>
<label id="[1,0,0,0,0,3,1,0,1,1,0,1,1,1,0,1]">4</label>
<label id="[1,0,0,0,1,0,0,0,0,0,1,0,0,0,0,1]">14</label>
<label id="[1,0,0,0,1,0,0,0,0,0,1,0,0,1,0,1]">12</label>
<label id="[1,0,0,0,1,0,0,0,0,1,0,1,1,0,0,0]">28</label>
<label id="[1,0,0,0,1,0,0,0,0,1,0,1,1,1,0,0]">24</label>
<label id="[1,0,0,0,1,0,1,0,0,0,1,0,0,1,0,1]">12</label>
<label id="[1,0,0,0,1,0,1,0,0,1,0,1,1,1,0,0]">24</label>
<label id="[1,0,0,0,1,0,1,1,0,0,1,0,0,1,1,1]">12</label>
<label id="[1,0,0,0,1,0,1,1,0,1,0,1,1,1,1,0]">24</label>
<label id="[1,0,0,0,1,2,1,0,0,0,1,0,0,1,0,1]">4</label>
<label id="[1,0,0,0,1,2,1,0,0,1,0,1,1,1,0,0]">8</label>
<label id="[1,0,0,0,1,3,1,0,0,0,1,0,0,1,0,1]">2</label>
<label id="[1,0,0,0,1,3,1,0,0,1,0,1,1,1,0,0]">4</label>
<label id="[1,0,0,1,0,0,0,0,0,0,1,0,0,0,0,1]">58</label>
<label id="[1,0,0,1,0,0,0,0,1,0,1,0,0,0,0,1]">8</label>
<label id="[1,0,0,1,1,0,0,0,0,0,1,0,0,0,0,1]">16</label>
<label id="[1,0,1,0,0,0,0,0,0,0,1,0,0,0,0,1]">71</label>
<label id="[1,0,1,0,0,0,0,0,0,0,1,0,0,1,0,1]">57</label>
<label id="[1,0,1,0,0,0,0,0,0,1,0,1,1,0,0,0]">142</label>
<label id="[1,0,1,0,0,0,0,0,0,1,0,1,1,1,0,0]">114</label>
<label id="[1,0,1,0,0,0,0,0,0,1,1,1,1,0,0,1]">22</label>
<label id="[1,0,1,0,0,0,0,0,0,1,1,1,1,1,0,1]">18</label>
<label id="[1,0,1,0,0,0,0,0,1,0,0,1,0,0,0,1]">26</label>
<label id="[1,0,1,0,0,0,0,0,1,0,0,1,0,1,0,1]">18</label>
<label id="[1,0,1,0,0,0,0,0,1,0,1,0,0,0,0,1]">26</label>
<label id="[1,0,1,0,0,0,0,0,1,0,1,0,0,1,0,1]">18</label>
<label id="[1,0,1,0,0,0,0,0,1,1,0,1,1,0,0,1]">26</label>
<label id="[1,0,1,0,0,0,0,0,1,1,0,1,1,1,0,1]">18</label>
<label id="[1,0,1,0,0,0,1,0,0,0,1,0,0,1,0,1]">67</label>
<label id="[1,0,1,0,0,0,1,0,0,1,0,1,1,1,0,0]">130</label>
<label id="[1,0,1,0,0,0,1,0,0,1,1,1,1,1,0,1]">22</label>
<label id="[1,0,1,0,0,0,1,0,1,0,0,1,0,1,0,1]">18</label>
<label id="[1,0,1,0,0,0,1,0,1,0,1,0,0,1,0,1]">22</label>
<label id="[1,0,1,0,0,0,1,0,1,1,0,1,1,1,0,1]">26</label>
<label id="[1,0,1,0,0,0,1,1,0,0,1,0,0,1,1,1]">65</label>
<label id="[1,0,1,0,0,0,1,1,0,1,0,1,1,1,1,0]">130</label>
<label id="[1,0,1,0,0,0,1,1,0,1,1,1,1,1,1,1]">18</label>
<label id="[1,0,1,0,0,0,1,1,1,0,0,1,0,1,1,1]">18</label>
<label id="[1,0,1,0,0,0,1,1,1,0,1,0,0,1,1,1]">18</label>
<label id="[1,0,1,0,0,0,1,1,1,1,0,1,1,1,1,1]">18</label>
<label id="[1,0,1,0,0,1,1,0,0,0,1,0,0,1,0,1]">4</label>
<label id="[1,0,1,0,0,1,1,0,0,1,0,1,1,1,0,0]">8</label>
<label id="[1,0,1,0,0,2,1,0,0,0,1,0,0,1,0,1]">15</label>
<label id="[1,0,1,0,0,2,1,0,0,1,0,1,1,1,0,0]">30</label>
<label id="[1,0,1,0,0,2,1,0,0,1,1,1,1,1,0,1]">6</label>
<label id="[1,0,1,0,0,2,1,0,1,0,0,1,0,1,0,1]">6</label>
<label id="[1,0,1,0,0,2,1,0,1,0,1,0,0,1,0,1]">6</label>
<label id="[1,0,1,0,0,2,1,0,1,1,0,1,1,1,0,1]">6</label>
<label id="[1,0,1,0,0,3,1,0,0,0,1,0,0,1,0,1]">5</label>
<label id="[1,0,1,0,0,3,1,0,0,1,0,1,1,1,0,0]">10</label>
<label id="[1,0,1,0,0,3,1,0,1,0,0,1,0,1,0,1]">2</label>
<label id="[1,0,1,0,0,3,1,0,1,0,1,0,0,1,0,1]">2</label>
<label id="[1,0,1,0,0,3,1,0,1,1,0,1,1,1,0,1]">2</label>
<label id="[1,0,1,0,1,0,0,0,0,0,1,0,0,0,0,1]">13</label>
<label id="[1,0,1,0,1,0,0,0,0,0,1,0,0,1,0,1]">9</label>
<label id="[1,0,1,0,1,0,0,0,0,1,0,1,1,0,0,0]">26</label>
<label id="[1,0,1,0,1,0,0,0,0,1,0,1,1,1,0,0]">18</label>
<label id="[1,0,1,0,1,0,1,0,0,0,1,0,0,1,0,1]">9</label>
<label id="[1,0,1,0,1,0,1,0,0,1,0,1,1,1,0,0]">18</label>
<label id="[1,0,1,0,1,0,1,1,0,0,1,0,0,1,1,1]">9</label>
<label id="[1,0,1,0,1,0,1,1,0,1,0,1,1,1,1,0]">18</label>
<label id="[1,0,1,0,1,2,1,0,0,0,1,0,0,1,0,1]">3</label>
<label id="[1,0,1,0,1,2,1,0,0,1,0,1,1,1,0,0]">6</label>
<label id="[1,0,1,0,1,3,1,0,0,0,1,0,0,1,0,1]">1</label>
<label id="[1,0,1,0,1,3,1,0,0,1,0,1,1,1,0,0]">2</label>
<label id="[1,0,1,1,0,0,0,0,0,0,1,0,0,0,0,1]">116</label>
<label id="[1,0,1,1,0,0,0,0,0,1,0,1,1,0,0,0]">84</label>
<label id="[1,0,1,1,0,0,0,0,0,1,1,1,1,0,0,1]">8</label>
<label id="[1,0,1,1,0,0,0,0,1,0,1,0,0,0,0,1]">16</label>
<label id="[1,0,1,1,0,0,0,0,1,1,0,1,1,0,0,1]">16</label>
<label id="[1,0,1,1,1,0,0,0,0,0,1,0,0,0,0,1]">32</label>
<label id="[1,0,1,1,1,0,0,0,0,1,0,1,1,0,0,0]">24</label>
<label id="[1,1,1,1,0,0,0,0,0,1,0,1,1,0,0,0]">28</label>
<label id="[1,1,1,1,1,0,0,0,0,1,0,1,1,0,0,0]">8</label>
<label id="[2,0,0,0,0,0,0,0,0,0,0,0,0,0,0,0]">30</label>
<label id="[2,0,0,0,0,0,0,0,0,0,0,0,0,1,0,0]">24</label>
<label id="[2,0,0,0,0,0,0,0,0,0,1,0,0,0,0,1]">96</label>
<label id="[2,0,0,0,0,0,0,0,0,0,1,0,0,1,0,1]">48</label>
<label id="[2,0,0,0,0,0,0,0,0,1,0,0,0,0,0,0]">46</label>
<label id="[2,0,0,0,0,0,0,0,0,1,0,0,0,1,0,0]">42</label>
<label id="[2,0,0,0,0,0,0,0,0,1,0,0,1,0,0,0]">28</label>
<label id="[2,0,0,0,0,0,0,0,0,1,0,0,1,1,0,0]">24</label>
<label id="[2,0,0,0,0,0,0,0,0,1,0,1,1,0,0,0]">56</label>
<label id="[2,0,0,0,0,0,0,0,0,1,0,1,1,1,0,0]">48</label>
<label id="[2,0,0,0,0,0,0,0,1,0,0,0,0,0,0,1]">100</label>
<label id="[2,0,0,0,0,0,0,0,1,0,0,0,0,1,0,1]">66</label>
<label id="[2,0,0,0,0,0,0,0,1,0,0,1,0,0,0,1]">88</label>
<label id="[2,0,0,0,0,0,0,0,1,0,0,1,0,1,0,1]">48</label>
<label id="[2,0,0,0,0,0,0,0,1,0,1,0,0,0,0,1]">144</label>
<label id="[2,0,0,0,0,0,0,0,1,0,1,0,0,1,0,1]">48</label>
<label id="[2,0,0,0,0,0,1,0,0,0,0,0,0,1,0,0]">44</label>
<label id="[2,0,0,0,0,0,1,0,0,0,1,0,0,1,0,1]">60</label>
<label id="[2,0,0,0,0,0,1,0,0,1,0,0,0,1,0,0]">42</label>
<label id="[2,0,0,0,0,0,1,0,0,1,0,0,1,1,0,0]">24</label>
<label id="[2,0,0,0,0,0,1,0,0,1,0,1,1,1,0,0]">48</label>
<label id="[2,0,0,0,0,0,1,0,1,0,0,0,0,1,0,1]">86</label>
<label id="[2,0,0,0,0,0,1,0,1,0,0,1,0,1,0,1]">48</label>
<label id="[2,0,0,0,0,0,1,0,1,0,1,0,0,1,0,1]">60</label>
<label id="[2,0,0,0,0,0,1,1,0,0,0,0,0,1,1,0]">76</label>
<label id="[2,0,0,0,0,0,1,1,0,0,1,0,0,1,1,1]">78</label>
<label id="[2,0,0,0,0,0,1,1,0,1,0,0,0,1,1,0]">42</label>
<label id="[2,0,0,0,0,0,1,1,0,1,0,0,1,1,1,0]">24</label>
<label id="[2,0,0,0,0,0,1,1,0,1,0,1,1,1,1,0]">48</label>
<label id="[2,0,0,0,0,0,1,1,1,0,0,0,0,1,1,1]">118</label>
<label id="[2,0,0,0,0,0,1,1,1,0,0,1,0,1,1,1]">48</label>
<label id="[2,0,0,0,0,0,1,1,1,0,1,0,0,1,1,1]">78</label>
<label id="[2,0,0,0,0,1,1,0,0,0,0,0,0,1,0,0]">8</label>
<label id="[2,0,0,0,0,1,1,0,1,0,0,0,0,1,0,1]">8</label>
<label id="[2,0,0,0,0,2,1,0,0,0,1,0,0,1,0,1]">16</label>
<label id="[2,0,0,0,0,2,1,0,0,1,0,0,0,1,0,0]">14</label>
<label id="[2,0,0,0,0,2,1,0,0,1,0,0,1,1,0,0]">8</label>
<label id="[2,0,0,0,0,2,1,0,0,1,0,1,1,1,0,0]">16</label>
<label id="[2,0,0,0,0,2,1,0,1,0,0,0,0,1,0,1]">14</label>
<label id="[2,0,0,0,0,2,1,0,1,0,0,1,0,1,0,1]">16</label>
<label id="[2,0,0,0,0,2,1,0,1,0,1,0,0,1,0,1]">16</label>
<label id="[2,0,0,0,0,3,1,0,0,0,0,0,0,1,0,0]">12</label>
<label id="[2,0,0,0,0,3,1,0,0,0,1,0,0,1,0,1]">12</label>
<label id="[2,0,0,0,0,3,1,0,0,1,0,0,0,1,0,0]">6</label>
<label id="[2,0,0,0,0,3,1,0,0,1,0,0,1,1,0,0]">4</label>
<label id="[2,0,0,0,0,3,1,0,0,1,0,1,1,1,0,0]">8</label>
<label id="[2,0,0,0,0,3,1,0,1,0,0,0,0,1,0,1]">18</label>
<label id="[2,0,0,0,0,3,1,0,1,0,0,1,0,1,0,1]">8</label>
<label id="[2,0,0,0,0,3,1,0,1,0,1,0,0,1,0,1]">12</label>
<label id="[2,0,0,0,0,3,1,1,0,0,0,0,0,1,1,0]">34</label>
<label id="[2,0,0,0,0,3,1,1,0,0,1,0,0,1,1,1]">22</label>
<label id="[2,0,0,0,0,3,1,1,1,0,0,0,0,1,1,1]">34</label>
<label id="[2,0,0,0,0,3,1,1,1,0,1,0,0,1,1,1]">22</label>
<label id="[2,0,0,1,0,0,0,0,0,0,1,0,0,0,0,1]">32</label>
<label id="[2,0,0,1,0,0,0,0,1,0,0,0,0,0,0,1]">24</label>
<label id="[2,0,0,1,0,0,0,0,1,0,0,1,0,0,0,1]">32</label>
<label id="[2,0,0,1,0,0,0,0,1,0,1,0,0,0,0,1]">88</label>
<label id="[2,0,1,0,0,0,0,0,0,0,0,0,0,0,0,0]">24</label>
<label id="[2,0,1,0,0,0,0,0,0,0,0,0,0,1,0,0]">24</label>
<label id="[2,0,1,0,0,0,0,0,0,0,1,0,0,0,0,1]">52</label>
<label id="[2,0,1,0,0,0,0,0,0,0,1,0,0,1,0,1]">36</label>
<label id="[2,0,1,0,0,0,0,0,0,1,0,0,0,0,0,0]">48</label>
<label id="[2,0,1,0,0,0,0,0,0,1,0,0,0,1,0,0]">36</label>
<label id="[2,0,1,0,0,0,0,0,0,1,0,0,1,0,0,0]">26</label>
<label id="[2,0,1,0,0,0,0,0,0,1,0,0,1,1,0,0]">18</label>
<label id="[2,0,1,0,0,0,0,0,0,1,0,1,1,0,0,0]">52</label>
<label id="[2,0,1,0,0,0,0,0,0,1,0,1,1,1,0,0]">36</label>
<label id="[2,0,1,0,0,0,0,0,1,0,0,0,0,0,0,1]">72</label>
<label id="[2,0,1,0,0,0,0,0,1,0,0,0,0,1,0,1]">60</label>
<label id="[2,0,1,0,0,0,0,0,1,0,0,1,0,0,0,1]">52</label>
<label id="[2,0,1,0,0,0,0,0,1,0,0,1,0,1,0,1]">36</label>
<label id="[2,0,1,0,0,0,0,0,1,0,1,0,0,0,0,1]">52</label>
<label id="[2,0,1,0,0,0,0,0,1,0,1,0,0,1,0,1]">36</label>
<label id="[2,0,1,0,0,0,1,0,0,0,0,0,0,1,0,0]">40</label>
<label id="[2,0,1,0,0,0,1,0,0,0,1,0,0,1,0,1]">46</label>
<label id="[2,0,1,0,0,0,1,0,0,1,0,0,0,1,0,0]">36</label>
<label id="[2,0,1,0,0,0,1,0,0,1,0,0,1,1,0,0]">18</label>
<label id="[2,0,1,0,0,0,1,0,0,1,0,1,1,1,0,0]">36</label>
<label id="[2,0,1,0,0,0,1,0,1,0,0,0,0,1,0,1]">76</label>
<label id="[2,0,1,0,0,0,1,0,1,0,0,1,0,1,0,1]">36</label>
<label id="[2,0,1,0,0,0,1,0,1,0,1,0,0,1,0,1]">46</label>
<label id="[2,0,1,0,0,0,1,1,0,0,0,0,0,1,1,0]">64</label>
<label id="[2,0,1,0,0,0,1,1,0,0,1,0,0,1,1,1]">54</label>
<label id="[2,0,1,0,0,0,1,1,0,1,0,0,0,1,1,0]">36</label>
<label id="[2,0,1,0,0,0,1,1,0,1,0,0,1,1,1,0]">18</label>
<label id="[2,0,1,0,0,0,1,1,0,1,0,1,1,1,1,0]">36</label>
<label id="[2,0,1,0,0,0,1,1,1,0,0,0,0,1,1,1]">100</label>
<label id="[2,0,1,0,0,0,1,1,1,0,0,1,0,1,1,1]">36</label>
<label id="[2,0,1,0,0,0,1,1,1,0,1,0,0,1,1,1]">54</label>
<label id="[2,0,1,0,0,1,1,0,0,0,0,0,0,1,0,0]">8</label>
<label id="[2,0,1,0,0,1,1,0,1,0,0,0,0,1,0,1]">8</label>
<label id="[2,0,1,0,0,2,1,0,0,0,1,0,0,1,0,1]">12</label>
<label id="[2,0,1,0,0,2,1,0,0,1,0,0,0,1,0,0]">12</label>
<label id="[2,0,1,0,0,2,1,0,0,1,0,0,1,1,0,0]">6</label>
<label id="[2,0,1,0,0,2,1,0,0,1,0,1,1,1,0,0]">12</label>
<label id="[2,0,1,0,0,2,1,0,1,0,0,0,0,1,0,1]">12</label>
<label id="[2,0,1,0,0,2,1,0,1,0,0,1,0,1,0,1]">12</label>
<label id="[2,0,1,0,0,2,1,0,1,0,1,0,0,1,0,1]">12</label>
<label id="[2,0,1,0,0,3,1,0,0,0,0,0,0,1,0,0]">8</label>
<label id="[2,0,1,0,0,3,1,0,0,0,1,0,0,1,0,1]">6</label>
<label id="[2,0,1,0,0,3,1,0,0,1,0,0,0,1,0,0]">4</label>
<label id="[2,0,1,0,0,3,1,0,0,1,0,0,1,1,0,0]">2</label>
<label id="[2,0,1,0,0,3,1,0,0,1,0,1,1,1,0,0]">4</label>
<label id="[2,0,1,0,0,3,1,0,1,0,0,0,0,1,0,1]">12</label>
<label id="[2,0,1,0,0,3,1,0,1,0,0,1,0,1,0,1]">4</label>
<label id="[2,0,1,0,0,3,1,0,1,0,1,0,0,1,0,1]">6</label>
<label id="[2,0,1,0,0,3,1,1,0,0,0,0,0,1,1,0]">24</label>
<label id="[2,0,1,0,0,3,1,1,0,0,1,0,0,1,1,1]">12</label>
<label id="[2,0,1,0,0,3,1,1,1,0,0,0,0,1,1,1]">24</label>
<label id="[2,0,1,0,0,3,1,1,1,0,1,0,0,1,1,1]">12</label>
<label id="[2,0,1,1,0,0,0,0,0,0,1,0,0,0,0,1]">80</label>
<label id="[2,0,1,1,0,0,0,0,0,1,0,0,0,0,0,0]">36</label>
<label id="[2,0,1,1,0,0,0,0,0,1,0,0,1,0,0,0]">24</label>
<label id="[2,0,1,1,0,0,0,0,0,1,0,1,1,0,0,0]">56</label>
<label id="[2,0,1,1,0,0,0,0,1,0,0,0,0,0,0,1]">48</label>
<label id="[2,0,1,1,0,0,0,0,1,0,0,1,0,0,0,1]">64</label>
<label id="[2,0,1,1,0,0,0,0,1,0,1,0,0,0,0,1]">80</label>
<label id="[2,1,1,1,0,0,0,0,0,1,0,0,0,0,0,0]">12</label>
<label id="[2,1,1,1,0,0,0,0,0,1,0,0,1,0,0,0]">8</label>
<label id="[2,1,1,1,0,0,0,0,0,1,0,1,1,0,0,0]">8</label>
</state-labels><state-labels procid="1">
<label id="[0,0]">390</label>
<label id="[0,1]">4236</label>
<label id="[1,0]">364</label>
<label id="[1,1]">3564</label>
<label id="[2,0]">341</label>
<label id="[2,1]">3747</label>
</state-labels><state-labels procid="2">
<label id="[0]">7926</label>
<label id="[1]">1457</label>
<label id="[2]">1457</label>
<label id="[3]">1414</label>
<label id="[4]">194</label>
<label id="[5]">194</label>
</state-labels><state-labels procid="3">
<label id="[0,0]">5738</label>
<label id="[0,1]">1445</label>
<label id="[1,0]">1095</label>
<label id="[2,0]">715</label>
<label id="[2,1]">380</label>
<label id="[3,0]">715</label>
<label id="[3,1]">380</label>
<label id="[4,0]">599</label>
<label id="[4,1]">380</label>
<label id="[5,0]">591</label>
<label id="[5,1]">380</label>
<label id="[6,0]">32</label>
<label id="[6,1]">80</label>
<label id="[7,0]">32</label>
<label id="[7,1]">80</label>
</state-labels><state-labels procid="4">
<label id="[0,0]">622</label>
<label id="[0,1]">4242</label>
<label id="[0,2]">7778</label>
</state-labels><state-labels procid="5">
<label id="[0]">10674</label>
<label id="[1]">656</label>
<label id="[2]">656</label>
<label id="[3]">656</label>
</state-labels><state-labels procid="6">
<label id="[0]">11330</label>
<label id="[1]">656</label>
<label id="[2]">656</label>
</state-labels><state-labels procid="7">
<label id="[0]">185</label>
<label id="[10]">432</label>
<label id="[11]">272</label>
<label id="[12]">460</label>
<label id="[13]">368</label>
<label id="[14]">368</label>
<label id="[15]">146</label>
<label id="[16]">368</label>
<label id="[17]">130</label>
<label id="[18]">110</label>
<label id="[19]">880</label>
<label id="[1]">177</label>
<label id="[20]">220</label>
<label id="[21]">110</label>
<label id="[22]">110</label>
<label id="[23]">55</label>
<label id="[24]">110</label>
<label id="[25]">330</label>
<label id="[26]">2640</label>
<label id="[27]">660</label>
<label id="[28]">330</label>
<label id="[29]">132</label>
<label id="[2]">185</label>
<label id="[30]">132</label>
<label id="[31]">83</label>
<label id="[32]">166</label>
<label id="[33]">166</label>
<label id="[3]">113</label>
<label id="[4]">427</label>
<label id="[5]">1728</label>
<label id="[6]">432</label>
<label id="[7]">216</label>
<label id="[8]">216</label>
<label id="[9]">185</label>
</state-labels></label-info>
</state-space-info>
