<?xml version="1.0"?>

<!DOCTYPE instance-list SYSTEM "../instance_list.dtd">

<instance-list>
<instance name="bopdp" id="1">
<reach-time complete="yes">0.7</reach-time>
<states>12642</states>
<state-size>33</state-size>
<prediction>0</prediction>
<ltl-prob prop-id="1" answer="yes" length="0"/>
<ltl-prob prop-id="2" answer="no" length="71"/>
<ltl-prob prop-id="3" answer="yes" length="0"/>
<ltl-prob prop-id="4" answer="yes" length="0"/>
</instance>

<instance name="bopdp" id="2">
<reach-time complete="yes">1.1</reach-time>
<states>25685</states>
<state-size>31</state-size>
<prediction>0</prediction>
<ltl-prob prop-id="1" answer="yes" length="0"/>
<ltl-prob prop-id="2" answer="no" length="3"/>
<ltl-prob prop-id="3" answer="yes" length="0"/>
<ltl-prob prop-id="4" answer="yes" length="0"/>
</instance>

<instance name="bopdp" id="3">
<reach-time complete="yes">29.4</reach-time>
<states>1040953</states>
<state-size>33</state-size>
<prediction>0</prediction>
<ltl-prob prop-id="1" answer="yes" length="0"/>
<ltl-prob prop-id="2" answer="no" length="227"/>
<ltl-prob prop-id="3" answer="yes" length="0"/>
<ltl-prob prop-id="4" answer="yes" length="0"/>
</instance>

</instance-list>
