<?xml version="1.0"?>
<!DOCTYPE state-space-info SYSTEM "../../state_space_info.dtd">


<state-space-info>
<states>14586</states>
<edges>39210</edges>
<bfs-info>
 <levels>65</levels>
<max-level>616</max-level>

<back-level-edges>2471</back-level-edges>
<max-back-level-edge>24</max-back-level-edge>
<avg-back-level-edge>16.5034</avg-back-level-edge>
<bfs-levels>
<level id="0"><states>1</states><edges>3</edges></level>
<level id="1"><states>3</states><edges>3</edges></level>
<level id="2"><states>3</states><edges>6</edges></level>
<level id="3"><states>6</states><edges>12</edges></level>
<level id="4"><states>9</states><edges>24</edges></level>
<level id="5"><states>18</states><edges>48</edges></level>
<level id="6"><states>27</states><edges>72</edges></level>
<level id="7"><states>36</states><edges>90</edges></level>
<level id="8"><states>39</states><edges>81</edges></level>
<level id="9"><states>33</states><edges>66</edges></level>
<level id="10"><states>30</states><edges>63</edges></level>
<level id="11"><states>30</states><edges>75</edges></level>
<level id="12"><states>36</states><edges>93</edges></level>
<level id="13"><states>42</states><edges>114</edges></level>
<level id="14"><states>57</states><edges>177</edges></level>
<level id="15"><states>90</states><edges>261</edges></level>
<level id="16"><states>117</states><edges>336</edges></level>
<level id="17"><states>144</states><edges>417</edges></level>
<level id="18"><states>168</states><edges>459</edges></level>
<level id="19"><states>180</states><edges>501</edges></level>
<level id="20"><states>204</states><edges>573</edges></level>
<level id="21"><states>228</states><edges>624</edges></level>
<level id="22"><states>237</states><edges>654</edges></level>
<level id="23"><states>243</states><edges>666</edges></level>
<level id="24"><states>252</states><edges>675</edges></level>
<level id="25"><states>269</states><edges>705</edges></level>
<level id="26"><states>276</states><edges>705</edges></level>
<level id="27"><states>270</states><edges>699</edges></level>
<level id="28"><states>276</states><edges>744</edges></level>
<level id="29"><states>303</states><edges>813</edges></level>
<level id="30"><states>321</states><edges>837</edges></level>
<level id="31"><states>324</states><edges>822</edges></level>
<level id="32"><states>312</states><edges>804</edges></level>
<level id="33"><states>310</states><edges>868</edges></level>
<level id="34"><states>352</states><edges>1040</edges></level>
<level id="35"><states>414</states><edges>1234</edges></level>
<level id="36"><states>452</states><edges>1356</edges></level>
<level id="37"><states>464</states><edges>1382</edges></level>
<level id="38"><states>470</states><edges>1414</edges></level>
<level id="39"><states>500</states><edges>1524</edges></level>
<level id="40"><states>560</states><edges>1650</edges></level>
<level id="41"><states>606</states><edges>1724</edges></level>
<level id="42"><states>616</states><edges>1688</edges></level>
<level id="43"><states>574</states><edges>1500</edges></level>
<level id="44"><states>508</states><edges>1326</edges></level>
<level id="45"><states>470</states><edges>1224</edges></level>
<level id="46"><states>448</states><edges>1144</edges></level>
<level id="47"><states>416</states><edges>1048</edges></level>
<level id="48"><states>368</states><edges>890</edges></level>
<level id="49"><states>304</states><edges>708</edges></level>
<level id="50"><states>258</states><edges>622</edges></level>
<level id="51"><states>248</states><edges>620</edges></level>
<level id="52"><states>250</states><edges>624</edges></level>
<level id="53"><states>234</states><edges>574</edges></level>
<level id="54"><states>208</states><edges>532</edges></level>
<level id="55"><states>200</states><edges>516</edges></level>
<level id="56"><states>192</states><edges>476</edges></level>
<level id="57"><states>168</states><edges>400</edges></level>
<level id="58"><states>136</states><edges>316</edges></level>
<level id="59"><states>104</states><edges>236</edges></level>
<level id="60"><states>72</states><edges>160</edges></level>
<level id="61"><states>48</states><edges>104</edges></level>
<level id="62"><states>32</states><edges>60</edges></level>
<level id="63"><states>16</states><edges>24</edges></level>
<level id="64"><states>4</states><edges>4</edges></level>
</bfs-levels>
<back-level-length id="0">0</back-level-length>
<back-level-length id="1">10.1983</back-level-length>
<back-level-length id="2">0</back-level-length>
<back-level-length id="3">14.569</back-level-length>
<back-level-length id="4">0</back-level-length>
<back-level-length id="5">0</back-level-length>
<back-level-length id="6">0</back-level-length>
<back-level-length id="7">0</back-level-length>
<back-level-length id="8">0</back-level-length>
<back-level-length id="9">0</back-level-length>
<back-level-length id="10">0</back-level-length>
<back-level-length id="11">0</back-level-length>
<back-level-length id="12">0</back-level-length>
<back-level-length id="13">0</back-level-length>
<back-level-length id="14">0</back-level-length>
<back-level-length id="15">0</back-level-length>
<back-level-length id="16">0</back-level-length>
<back-level-length id="17">0</back-level-length>
<back-level-length id="18">0</back-level-length>
<back-level-length id="19">0</back-level-length>
<back-level-length id="20">52.2865</back-level-length>
<back-level-length id="21">0</back-level-length>
<back-level-length id="22">0</back-level-length>
<back-level-length id="23">0</back-level-length>
<back-level-length id="24">22.9462</back-level-length>
</bfs-info>
<degrees>
<avg>2.68819</avg>
<max-in>6</max-in>
<max-out>6</max-out>
<degree id="0"><in>0</in><out>0</out></degree>
<degree id="1"><in>1032</in><out>930</out></degree>
<degree id="2"><in>5547</in><out>5349</out></degree>
<degree id="3"><in>5424</in><out>5892</out></degree>
<degree id="4"><in>2133</in><out>2175</out></degree>
<degree id="5"><in>420</in><out>234</out></degree>
<degree id="6"><in>30</in><out>6</out></degree>
</degrees>
<scc-info>
<count>1</count>
<height>0</height>
<nontrivial-height>0</nontrivial-height>
<trivial>0</trivial>
<terminal>1</terminal>
<largest>14586</largest>
<largest-position> initial the only terminal</largest-position>
</scc-info>
<dfs-info>
<stack-size id="72">0.493624</stack-size>
<stack-size id="144">0.946113</stack-size>
<stack-size id="216">1.35747</stack-size>
<stack-size id="288">1.76196</stack-size>
<stack-size id="360">2.25559</stack-size>
<stack-size id="432">2.70122</stack-size>
<stack-size id="504">3.18113</stack-size>
<stack-size id="576">3.65419</stack-size>
<stack-size id="648">4.09982</stack-size>
<stack-size id="720">4.55231</stack-size>
<stack-size id="792">4.92938</stack-size>
<stack-size id="864">5.30646</stack-size>
<stack-size id="936">5.71096</stack-size>
<stack-size id="1008">5.9989</stack-size>
<stack-size id="1080">6.30056</stack-size>
<stack-size id="1152">6.70506</stack-size>
<stack-size id="1224">6.9313</stack-size>
<stack-size id="1296">7.1027</stack-size>
<stack-size id="1368">7.59633</stack-size>
<stack-size id="1440">8.04881</stack-size>
<stack-size id="1512">8.46017</stack-size>
<stack-size id="1584">8.86466</stack-size>
<stack-size id="1656">9.35829</stack-size>
<stack-size id="1728">9.80392</stack-size>
<stack-size id="1800">10.277</stack-size>
<stack-size id="1872">10.7569</stack-size>
<stack-size id="1944">11.182</stack-size>
<stack-size id="2016">11.5522</stack-size>
<stack-size id="2088">11.9635</stack-size>
<stack-size id="2160">12.4229</stack-size>
<stack-size id="2232">12.7999</stack-size>
<stack-size id="2304">13.0262</stack-size>
<stack-size id="2376">13.2867</stack-size>
<stack-size id="2448">13.5678</stack-size>
<stack-size id="2520">13.8626</stack-size>
<stack-size id="2592">14.322</stack-size>
<stack-size id="2664">14.6305</stack-size>
<stack-size id="2736">14.9184</stack-size>
<stack-size id="2808">15.2269</stack-size>
<stack-size id="2880">15.5354</stack-size>
<stack-size id="2952">15.8577</stack-size>
<stack-size id="3024">16.0496</stack-size>
<stack-size id="3096">16.2759</stack-size>
<stack-size id="3168">16.5638</stack-size>
<stack-size id="3240">16.8518</stack-size>
<stack-size id="3312">17.1054</stack-size>
<stack-size id="3384">17.2768</stack-size>
<stack-size id="3456">17.6471</stack-size>
<stack-size id="3528">17.8116</stack-size>
<stack-size id="3600">17.983</stack-size>
<stack-size id="3672">18.3258</stack-size>
<stack-size id="3744">18.5383</stack-size>
<stack-size id="3816">18.7714</stack-size>
<stack-size id="3888">18.9428</stack-size>
<stack-size id="3960">19.2102</stack-size>
<stack-size id="4032">19.3953</stack-size>
<stack-size id="4104">19.5667</stack-size>
<stack-size id="4176">19.8272</stack-size>
<stack-size id="4248">20.0466</stack-size>
<stack-size id="4320">20.4374</stack-size>
<stack-size id="4392">20.6979</stack-size>
<stack-size id="4464">20.8488</stack-size>
<stack-size id="4536">21.0407</stack-size>
<stack-size id="4608">21.315</stack-size>
<stack-size id="4680">21.2944</stack-size>
<stack-size id="4752">21.2464</stack-size>
<stack-size id="4824">21.4589</stack-size>
<stack-size id="4896">21.7812</stack-size>
<stack-size id="4968">21.8634</stack-size>
<stack-size id="5040">21.9457</stack-size>
<stack-size id="5112">22.1582</stack-size>
<stack-size id="5184">22.1857</stack-size>
<stack-size id="5256">22.5627</stack-size>
<stack-size id="5328">22.9192</stack-size>
<stack-size id="5400">23.0358</stack-size>
<stack-size id="5472">23.2209</stack-size>
<stack-size id="5544">23.2415</stack-size>
<stack-size id="5616">23.214</stack-size>
<stack-size id="5688">23.2209</stack-size>
<stack-size id="5760">23.3374</stack-size>
<stack-size id="5832">23.4609</stack-size>
<stack-size id="5904">23.4883</stack-size>
<stack-size id="5976">23.3923</stack-size>
<stack-size id="6048">23.4266</stack-size>
<stack-size id="6120">23.3854</stack-size>
<stack-size id="6192">23.5911</stack-size>
<stack-size id="6264">23.6391</stack-size>
<stack-size id="6336">23.5226</stack-size>
<stack-size id="6408">23.5157</stack-size>
<stack-size id="6480">23.6117</stack-size>
<stack-size id="6552">23.6254</stack-size>
<stack-size id="6624">23.6391</stack-size>
<stack-size id="6696">23.646</stack-size>
<stack-size id="6768">23.8722</stack-size>
<stack-size id="6840">23.8791</stack-size>
<stack-size id="6912">23.8448</stack-size>
<stack-size id="6984">23.9133</stack-size>
<stack-size id="7056">23.9271</stack-size>
<stack-size id="7128">23.9545</stack-size>
<stack-size id="7200">24.2081</stack-size>
<stack-size id="7272">24.2287</stack-size>
<stack-size id="7344">24.3864</stack-size>
<stack-size id="7416">24.4618</stack-size>
<stack-size id="7488">24.5167</stack-size>
<stack-size id="7560">24.7703</stack-size>
<stack-size id="7632">24.9417</stack-size>
<stack-size id="7704">24.7635</stack-size>
<stack-size id="7776">24.9074</stack-size>
<stack-size id="7848">24.7703</stack-size>
<stack-size id="7920">24.8183</stack-size>
<stack-size id="7992">24.7429</stack-size>
<stack-size id="8064">24.928</stack-size>
<stack-size id="8136">25.0446</stack-size>
<stack-size id="8208">25.024</stack-size>
<stack-size id="8280">24.9143</stack-size>
<stack-size id="8352">24.9623</stack-size>
<stack-size id="8424">25.0103</stack-size>
<stack-size id="8496">25.3257</stack-size>
<stack-size id="8568">25.3051</stack-size>
<stack-size id="8640">25.4491</stack-size>
<stack-size id="8712">25.5108</stack-size>
<stack-size id="8784">25.4696</stack-size>
<stack-size id="8856">25.4696</stack-size>
<stack-size id="8928">25.6616</stack-size>
<stack-size id="9000">25.7713</stack-size>
<stack-size id="9072">25.7164</stack-size>
<stack-size id="9144">25.6822</stack-size>
<stack-size id="9216">25.8673</stack-size>
<stack-size id="9288">25.8261</stack-size>
<stack-size id="9360">25.8193</stack-size>
<stack-size id="9432">25.7987</stack-size>
<stack-size id="9504">25.7987</stack-size>
<stack-size id="9576">25.8261</stack-size>
<stack-size id="9648">25.8056</stack-size>
<stack-size id="9720">25.785</stack-size>
<stack-size id="9792">25.7233</stack-size>
<stack-size id="9864">25.8193</stack-size>
<stack-size id="9936">25.8947</stack-size>
<stack-size id="10008">25.785</stack-size>
<stack-size id="10080">25.8947</stack-size>
<stack-size id="10152">25.8741</stack-size>
<stack-size id="10224">25.8398</stack-size>
<stack-size id="10296">25.8193</stack-size>
<stack-size id="10368">25.9907</stack-size>
<stack-size id="10440">26.0661</stack-size>
<stack-size id="10512">26.0524</stack-size>
<stack-size id="10584">26.0318</stack-size>
<stack-size id="10656">25.9427</stack-size>
<stack-size id="10728">26.1689</stack-size>
<stack-size id="10800">26.1072</stack-size>
<stack-size id="10872">26.2238</stack-size>
<stack-size id="10944">26.5049</stack-size>
<stack-size id="11016">26.5049</stack-size>
<stack-size id="11088">26.5049</stack-size>
<stack-size id="11160">26.7243</stack-size>
<stack-size id="11232">26.8134</stack-size>
<stack-size id="11304">26.6831</stack-size>
<stack-size id="11376">26.69</stack-size>
<stack-size id="11448">26.69</stack-size>
<stack-size id="11520">26.7243</stack-size>
<stack-size id="11592">26.7654</stack-size>
<stack-size id="11664">26.7311</stack-size>
<stack-size id="11736">26.7243</stack-size>
<stack-size id="11808">26.7037</stack-size>
<stack-size id="11880">26.8408</stack-size>
<stack-size id="11952">26.8408</stack-size>
<stack-size id="12024">26.8408</stack-size>
<stack-size id="12096">27.1082</stack-size>
<stack-size id="12168">27.0053</stack-size>
<stack-size id="12240">26.9574</stack-size>
<stack-size id="12312">26.8888</stack-size>
<stack-size id="12384">26.8134</stack-size>
<stack-size id="12456">26.69</stack-size>
<stack-size id="12528">26.6351</stack-size>
<stack-size id="12600">26.6968</stack-size>
<stack-size id="12672">26.5666</stack-size>
<stack-size id="12744">25.5999</stack-size>
<stack-size id="12816">25.5656</stack-size>
<stack-size id="12888">25.4696</stack-size>
<stack-size id="12960">25.4628</stack-size>
<stack-size id="13032">25.4559</stack-size>
<stack-size id="13104">25.5656</stack-size>
<stack-size id="13176">25.5039</stack-size>
<stack-size id="13248">25.4902</stack-size>
<stack-size id="13320">25.5039</stack-size>
<stack-size id="13392">25.4902</stack-size>
<stack-size id="13464">25.4902</stack-size>
<stack-size id="13536">25.4902</stack-size>
<stack-size id="13608">25.3942</stack-size>
<stack-size id="13680">25.2365</stack-size>
<stack-size id="13752">24.3727</stack-size>
<stack-size id="13824">23.1729</stack-size>
<stack-size id="13896">21.5618</stack-size>
<stack-size id="13968">21.2601</stack-size>
<stack-size id="14040">18.9702</stack-size>
<stack-size id="14112">17.5099</stack-size>
<stack-size id="14184">16.4336</stack-size>
<stack-size id="14256">15.2338</stack-size>
<stack-size id="14328">11.9155</stack-size>
<stack-size id="14400">8.74811</stack-size>
<stack-size id="14472">6.3417</stack-size>
<stack-size id="14544">3.00288</stack-size>
<max-stack>3959</max-stack>
<front-edges>14585</front-edges>
<back-edges>6676</back-edges>
<cross-edges>17949</cross-edges>
<shortest-cycle>25</shortest-cycle>
</dfs-info>
<rw-info>
<coverage step="1440">6.36227</coverage>
<coverage step="2880">9.16632</coverage>
<coverage step="4320">11.1957</coverage>
<coverage step="5760">12.4092</coverage>
<coverage step="7200">13.8489</coverage>
<coverage step="8640">14.5551</coverage>
<coverage step="10080">15.5903</coverage>
<coverage step="11520">16.4747</coverage>
<coverage step="12960">17.1946</coverage>
<coverage step="14400">17.8664</coverage>
<coverage step="15840">18.8948</coverage>
<coverage step="17280">19.5736</coverage>
<coverage step="18720">20.0603</coverage>
<coverage step="20160">20.5334</coverage>
<coverage step="21600">21.4589</coverage>
<coverage step="23040">21.8154</coverage>
<coverage step="24480">22.0965</coverage>
<coverage step="25920">22.7958</coverage>
<coverage step="27360">23.1729</coverage>
<coverage step="28800">23.5363</coverage>
<coverage step="30240">24.1327</coverage>
<coverage step="31680">24.6469</coverage>
<coverage step="33120">24.8869</coverage>
<coverage step="34560">25.1063</coverage>
<coverage step="36000">25.593</coverage>
<coverage step="37440">25.9015</coverage>
<coverage step="38880">26.1004</coverage>
<coverage step="40320">26.3198</coverage>
<coverage step="41760">26.5323</coverage>
<coverage step="43200">26.7997</coverage>
<coverage step="44640">27.2933</coverage>
<coverage step="46080">27.4853</coverage>
<coverage step="47520">27.8281</coverage>
<coverage step="48960">27.924</coverage>
<coverage step="50400">28.068</coverage>
<coverage step="51840">28.4314</coverage>
<coverage step="53280">28.7056</coverage>
<coverage step="54720">28.973</coverage>
<coverage step="56160">29.7751</coverage>
<coverage step="57600">30.0357</coverage>
<coverage step="59040">30.2345</coverage>
<coverage step="60480">30.3373</coverage>
<coverage step="61920">30.4744</coverage>
<coverage step="63360">30.6321</coverage>
<coverage step="64800">30.7898</coverage>
<coverage step="66240">30.9063</coverage>
<coverage step="67680">31.0503</coverage>
<coverage step="69120">31.2149</coverage>
<coverage step="70560">31.4205</coverage>
<coverage step="72000">31.496</coverage>
<coverage step="73440">31.6262</coverage>
<coverage step="74880">31.8113</coverage>
<coverage step="76320">31.9622</coverage>
<coverage step="77760">32.0924</coverage>
<coverage step="79200">32.257</coverage>
<coverage step="80640">32.3324</coverage>
<coverage step="82080">32.4969</coverage>
<coverage step="83520">32.5929</coverage>
<coverage step="84960">32.6752</coverage>
<coverage step="86400">32.7026</coverage>
<coverage step="87840">32.7643</coverage>
<coverage step="89280">32.8191</coverage>
<coverage step="90720">32.9288</coverage>
<coverage step="92160">33.1414</coverage>
<coverage step="93600">33.2853</coverage>
<coverage step="95040">33.3813</coverage>
<coverage step="96480">33.4362</coverage>
<coverage step="97920">33.539</coverage>
<coverage step="99360">33.6076</coverage>
<coverage step="100800">33.7584</coverage>
<coverage step="102240">33.8818</coverage>
<coverage step="103680">33.9709</coverage>
<coverage step="105120">34.0738</coverage>
<coverage step="106560">34.1903</coverage>
<coverage step="108000">34.2177</coverage>
<coverage step="109440">34.252</coverage>
<coverage step="110880">34.3617</coverage>
<coverage step="112320">34.396</coverage>
<coverage step="113760">34.5263</coverage>
<coverage step="115200">34.5537</coverage>
<coverage step="116640">34.6634</coverage>
<coverage step="118080">34.7182</coverage>
<coverage step="119520">34.7319</coverage>
<coverage step="120960">34.7936</coverage>
<coverage step="122400">34.8142</coverage>
<coverage step="123840">34.8759</coverage>
<coverage step="125280">34.9993</coverage>
<coverage step="126720">35.1159</coverage>
<coverage step="128160">35.4518</coverage>
<coverage step="129600">35.5958</coverage>
<coverage step="131040">35.6643</coverage>
<coverage step="132480">35.7055</coverage>
<coverage step="133920">35.8289</coverage>
<coverage step="135360">35.8357</coverage>
<coverage step="136800">35.8906</coverage>
<coverage step="138240">35.918</coverage>
<coverage step="139680">36.0003</coverage>
<coverage step="141120">36.11</coverage>
<coverage step="142560">36.1511</coverage>
<coverage step="144000">36.2128</coverage>
<coverage step="145440">36.3088</coverage>
<rw-visits order="1">429</rw-visits>
<rw-visits order="27">343</rw-visits>
<rw-visits order="53">293</rw-visits>
<rw-visits order="79">260</rw-visits>
<rw-visits order="105">212</rw-visits>
<rw-visits order="131">190</rw-visits>
<rw-visits order="157">176</rw-visits>
<rw-visits order="183">166</rw-visits>
<rw-visits order="209">153</rw-visits>
<rw-visits order="235">143</rw-visits>
<rw-visits order="261">135</rw-visits>
<rw-visits order="287">126</rw-visits>
<rw-visits order="313">121</rw-visits>
<rw-visits order="339">115</rw-visits>
<rw-visits order="365">110</rw-visits>
<rw-visits order="391">105</rw-visits>
<rw-visits order="417">102</rw-visits>
<rw-visits order="443">98</rw-visits>
<rw-visits order="469">94</rw-visits>
<rw-visits order="495">91</rw-visits>
<rw-visits order="521">89</rw-visits>
<rw-visits order="547">85</rw-visits>
<rw-visits order="573">81</rw-visits>
<rw-visits order="599">79</rw-visits>
<rw-visits order="625">74</rw-visits>
<rw-visits order="651">71</rw-visits>
<rw-visits order="677">67</rw-visits>
<rw-visits order="703">64</rw-visits>
<rw-visits order="729">61</rw-visits>
<rw-visits order="755">58</rw-visits>
<rw-visits order="781">56</rw-visits>
<rw-visits order="807">53</rw-visits>
<rw-visits order="833">51</rw-visits>
<rw-visits order="859">48</rw-visits>
<rw-visits order="885">46</rw-visits>
<rw-visits order="911">45</rw-visits>
<rw-visits order="937">43</rw-visits>
<rw-visits order="963">41</rw-visits>
<rw-visits order="989">39</rw-visits>
<rw-visits order="1015">37</rw-visits>
<rw-visits order="1041">36</rw-visits>
<rw-visits order="1067">34</rw-visits>
<rw-visits order="1093">33</rw-visits>
<rw-visits order="1119">31</rw-visits>
<rw-visits order="1145">30</rw-visits>
<rw-visits order="1171">29</rw-visits>
<rw-visits order="1197">28</rw-visits>
<rw-visits order="1223">27</rw-visits>
<rw-visits order="1249">27</rw-visits>
<rw-visits order="1275">26</rw-visits>
<rw-visits order="1301">25</rw-visits>
<rw-visits order="1327">24</rw-visits>
<rw-visits order="1353">23</rw-visits>
<rw-visits order="1379">22</rw-visits>
<rw-visits order="1405">22</rw-visits>
<rw-visits order="1431">21</rw-visits>
<rw-visits order="1457">21</rw-visits>
<rw-visits order="1483">20</rw-visits>
<rw-visits order="1509">19</rw-visits>
<rw-visits order="1535">18</rw-visits>
<rw-visits order="1561">18</rw-visits>
<rw-visits order="1587">17</rw-visits>
<rw-visits order="1613">17</rw-visits>
<rw-visits order="1639">16</rw-visits>
<rw-visits order="1665">15</rw-visits>
<rw-visits order="1691">15</rw-visits>
<rw-visits order="1717">15</rw-visits>
<rw-visits order="1743">14</rw-visits>
<rw-visits order="1769">14</rw-visits>
<rw-visits order="1795">14</rw-visits>
<rw-visits order="1821">13</rw-visits>
<rw-visits order="1847">13</rw-visits>
<rw-visits order="1873">12</rw-visits>
<rw-visits order="1899">12</rw-visits>
<rw-visits order="1925">12</rw-visits>
<rw-visits order="1951">11</rw-visits>
<rw-visits order="1977">11</rw-visits>
<rw-visits order="2003">11</rw-visits>
<rw-visits order="2029">11</rw-visits>
<rw-visits order="2055">10</rw-visits>
<rw-visits order="2081">10</rw-visits>
<rw-visits order="2107">10</rw-visits>
<rw-visits order="2133">10</rw-visits>
<rw-visits order="2159">9</rw-visits>
<rw-visits order="2185">9</rw-visits>
<rw-visits order="2211">9</rw-visits>
<rw-visits order="2237">9</rw-visits>
<rw-visits order="2263">8</rw-visits>
<rw-visits order="2289">8</rw-visits>
<rw-visits order="2315">8</rw-visits>
<rw-visits order="2341">8</rw-visits>
<rw-visits order="2367">8</rw-visits>
<rw-visits order="2393">7</rw-visits>
<rw-visits order="2419">7</rw-visits>
<rw-visits order="2445">7</rw-visits>
<rw-visits order="2471">7</rw-visits>
<rw-visits order="2497">7</rw-visits>
<rw-visits order="2523">7</rw-visits>
<rw-visits order="2549">6</rw-visits>
<rw-visits order="2575">6</rw-visits>
<rw-visits order="2601">6</rw-visits>
<rw-visits order="2627">6</rw-visits>
<rw-visits order="2653">6</rw-visits>
<rw-visits order="2679">6</rw-visits>
<rw-visits order="2705">6</rw-visits>
<rw-visits order="2731">5</rw-visits>
<rw-visits order="2757">5</rw-visits>
<rw-visits order="2783">5</rw-visits>
<rw-visits order="2809">5</rw-visits>
<rw-visits order="2835">5</rw-visits>
<rw-visits order="2861">5</rw-visits>
<rw-visits order="2887">5</rw-visits>
<rw-visits order="2913">5</rw-visits>
<rw-visits order="2939">5</rw-visits>
<rw-visits order="2965">4</rw-visits>
<rw-visits order="2991">4</rw-visits>
<rw-visits order="3017">4</rw-visits>
<rw-visits order="3043">4</rw-visits>
<rw-visits order="3069">4</rw-visits>
<rw-visits order="3095">4</rw-visits>
<rw-visits order="3121">4</rw-visits>
<rw-visits order="3147">4</rw-visits>
<rw-visits order="3173">4</rw-visits>
<rw-visits order="3199">3</rw-visits>
<rw-visits order="3225">3</rw-visits>
<rw-visits order="3251">3</rw-visits>
<rw-visits order="3277">3</rw-visits>
<rw-visits order="3303">3</rw-visits>
<rw-visits order="3329">3</rw-visits>
<rw-visits order="3355">3</rw-visits>
<rw-visits order="3381">3</rw-visits>
<rw-visits order="3407">3</rw-visits>
<rw-visits order="3433">3</rw-visits>
<rw-visits order="3459">3</rw-visits>
<rw-visits order="3485">3</rw-visits>
<rw-visits order="3511">3</rw-visits>
<rw-visits order="3537">3</rw-visits>
<rw-visits order="3563">3</rw-visits>
<rw-visits order="3589">2</rw-visits>
<rw-visits order="3615">2</rw-visits>
<rw-visits order="3641">2</rw-visits>
<rw-visits order="3667">2</rw-visits>
<rw-visits order="3693">2</rw-visits>
<rw-visits order="3719">2</rw-visits>
<rw-visits order="3745">2</rw-visits>
<rw-visits order="3771">2</rw-visits>
<rw-visits order="3797">2</rw-visits>
<rw-visits order="3823">2</rw-visits>
<rw-visits order="3849">2</rw-visits>
<rw-visits order="3875">2</rw-visits>
<rw-visits order="3901">2</rw-visits>
<rw-visits order="3927">2</rw-visits>
<rw-visits order="3953">2</rw-visits>
<rw-visits order="3979">2</rw-visits>
<rw-visits order="4005">2</rw-visits>
<rw-visits order="4031">2</rw-visits>
<rw-visits order="4057">2</rw-visits>
<rw-visits order="4083">2</rw-visits>
<rw-visits order="4109">2</rw-visits>
<rw-visits order="4135">2</rw-visits>
<rw-visits order="4161">1</rw-visits>
<rw-visits order="4187">1</rw-visits>
<rw-visits order="4213">1</rw-visits>
<rw-visits order="4239">1</rw-visits>
<rw-visits order="4265">1</rw-visits>
<rw-visits order="4291">1</rw-visits>
<rw-visits order="4317">1</rw-visits>
<rw-visits order="4343">1</rw-visits>
<rw-visits order="4369">1</rw-visits>
<rw-visits order="4395">1</rw-visits>
<rw-visits order="4421">1</rw-visits>
<rw-visits order="4447">1</rw-visits>
<rw-visits order="4473">1</rw-visits>
<rw-visits order="4499">1</rw-visits>
<rw-visits order="4525">1</rw-visits>
<rw-visits order="4551">1</rw-visits>
<rw-visits order="4577">1</rw-visits>
<rw-visits order="4603">1</rw-visits>
<rw-visits order="4629">1</rw-visits>
<rw-visits order="4655">1</rw-visits>
<rw-visits order="4681">1</rw-visits>
<rw-visits order="4707">1</rw-visits>
<rw-visits order="4733">1</rw-visits>
<rw-visits order="4759">1</rw-visits>
<rw-visits order="4785">1</rw-visits>
<rw-visits order="4811">1</rw-visits>
<rw-visits order="4837">1</rw-visits>
<rw-visits order="4863">1</rw-visits>
<rw-visits order="4889">1</rw-visits>
<rw-visits order="4915">1</rw-visits>
<rw-visits order="4941">1</rw-visits>
<rw-visits order="4967">1</rw-visits>
<rw-visits order="4993">1</rw-visits>
<rw-visits order="5019">1</rw-visits>
<rw-visits order="5045">1</rw-visits>
<rw-visits order="5071">1</rw-visits>
<rw-visits order="5097">1</rw-visits>
<rw-visits order="5123">1</rw-visits>
<rw-visits order="5149">1</rw-visits>
<rw-visits order="5175">1</rw-visits>
<rw-visits order="5201">1</rw-visits>
<rw-visits order="5227">1</rw-visits>
<rw-visits order="5253">1</rw-visits>
<rw-visits order="5279">1</rw-visits>
<final-coverage>36.3088</final-coverage>
</rw-info>
<local-info>
<diamonds>92.6162</diamonds>
<neighborhood k="4">24</neighborhood>
<clustering k="4">1.62296</clustering>
</local-info>
<label-info>
<edge-label id="0.0+3.0">950</edge-label>
<edge-label id="0.1+3.2">1344</edge-label>
<edge-label id="0.2+5.1">1176</edge-label>
<edge-label id="0.3+6.1">1110</edge-label>
<edge-label id="0.4+7.0">818</edge-label>
<edge-label id="1.0+3.0">950</edge-label>
<edge-label id="1.1+3.3">1344</edge-label>
<edge-label id="1.2+5.2">1176</edge-label>
<edge-label id="1.3+6.2">1110</edge-label>
<edge-label id="1.4+7.1">818</edge-label>
<edge-label id="2.0+3.0">950</edge-label>
<edge-label id="2.1+3.4">1344</edge-label>
<edge-label id="2.2+5.3">1176</edge-label>
<edge-label id="2.3+6.3">1110</edge-label>
<edge-label id="2.4+7.2">818</edge-label>
<edge-label id="3.1+4.0">2850</edge-label>
<edge-label id="3.5+5.0">1260</edge-label>
<edge-label id="4.1+8.6">1350</edge-label>
<edge-label id="5.4+8.0">321</edge-label>
<edge-label id="5.5">3765</edge-label>
<edge-label id="6.4+8.2">774</edge-label>
<edge-label id="8.1">906</edge-label>
<edge-label id="8.10">1620</edge-label>
<edge-label id="8.11+7.3">1350</edge-label>
<edge-label id="8.12">1500</edge-label>
<edge-label id="8.3">990</edge-label>
<edge-label id="8.4">852</edge-label>
<edge-label id="8.5">1650</edge-label>
<edge-label id="8.7">1464</edge-label>
<edge-label id="8.8+6.0">882</edge-label>
<edge-label id="8.9">1482</edge-label>
<state-labels procid="0">
<label id="[0]">14586</label>
</state-labels><state-labels procid="1">
<label id="[0]">2462</label>
<label id="[1]">2294</label>
<label id="[2]">2520</label>
<label id="[3]">3694</label>
<label id="[4]">3616</label>
</state-labels><state-labels procid="2">
<label id="[0]">2462</label>
<label id="[1]">2294</label>
<label id="[2]">2520</label>
<label id="[3]">3694</label>
<label id="[4]">3616</label>
</state-labels><state-labels procid="3">
<label id="[0]">2462</label>
<label id="[1]">2294</label>
<label id="[2]">2520</label>
<label id="[3]">3694</label>
<label id="[4]">3616</label>
</state-labels><state-labels procid="4">
<label id="[0,0]">1224</label>
<label id="[0,1]">1224</label>
<label id="[0,2]">1224</label>
<label id="[1,0]">950</label>
<label id="[1,1]">950</label>
<label id="[1,2]">950</label>
<label id="[2,0]">1344</label>
<label id="[2,1]">1344</label>
<label id="[2,2]">1344</label>
<label id="[3,0]">1344</label>
<label id="[3,1]">1344</label>
<label id="[3,2]">1344</label>
</state-labels><state-labels procid="5">
<label id="[0,0]">6828</label>
<label id="[0,1]">6318</label>
<label id="[0,2]">1440</label>
</state-labels><state-labels procid="6">
<label id="[0,0]">1255</label>
<label id="[0,1]">1255</label>
<label id="[0,2]">1255</label>
<label id="[1,0]">1176</label>
<label id="[1,1]">1176</label>
<label id="[1,2]">1176</label>
<label id="[2,0]">1255</label>
<label id="[2,1]">1255</label>
<label id="[2,2]">1255</label>
<label id="[3,0]">1176</label>
<label id="[3,1]">1176</label>
<label id="[3,2]">1176</label>
</state-labels><state-labels procid="7">
<label id="[0,0]">2642</label>
<label id="[0,1]">2642</label>
<label id="[0,2]">2642</label>
<label id="[1,0]">1110</label>
<label id="[1,1]">1110</label>
<label id="[1,2]">1110</label>
<label id="[2,0]">1110</label>
<label id="[2,1]">1110</label>
<label id="[2,2]">1110</label>
</state-labels><state-labels procid="8">
<label id="[0,0]">4044</label>
<label id="[0,1]">4044</label>
<label id="[0,2]">4044</label>
<label id="[1,0]">818</label>
<label id="[1,1]">818</label>
<label id="[1,2]">818</label>
</state-labels><state-labels procid="9">
<label id="[0,0,0,0,1]">32</label>
<label id="[0,0,0,0,255]">110</label>
<label id="[0,0,0,0,2]">32</label>
<label id="[0,0,0,1,0]">32</label>
<label id="[0,0,0,1,255]">110</label>
<label id="[0,0,0,1,2]">32</label>
<label id="[0,0,0,2,0]">32</label>
<label id="[0,0,0,2,1]">32</label>
<label id="[0,0,0,2,255]">110</label>
<label id="[0,0,1,255,0]">84</label>
<label id="[0,0,1,255,1]">84</label>
<label id="[0,0,1,255,255]">234</label>
<label id="[0,0,1,255,2]">84</label>
<label id="[0,1,0,0,255]">128</label>
<label id="[0,1,0,1,255]">128</label>
<label id="[0,1,0,2,255]">128</label>
<label id="[0,1,1,255,255]">504</label>
<label id="[1,0,0,0,1]">32</label>
<label id="[1,0,0,0,255]">110</label>
<label id="[1,0,0,0,2]">32</label>
<label id="[1,0,0,1,0]">32</label>
<label id="[1,0,0,1,255]">110</label>
<label id="[1,0,0,1,2]">32</label>
<label id="[1,0,0,2,0]">32</label>
<label id="[1,0,0,2,1]">32</label>
<label id="[1,0,0,2,255]">110</label>
<label id="[1,0,0,255,0]">110</label>
<label id="[1,0,0,255,1]">110</label>
<label id="[1,0,0,255,2]">110</label>
<label id="[1,0,1,255,0]">84</label>
<label id="[1,0,1,255,1]">84</label>
<label id="[1,0,1,255,255]">234</label>
<label id="[1,0,1,255,2]">84</label>
<label id="[1,1,0,0,255]">128</label>
<label id="[1,1,0,1,255]">128</label>
<label id="[1,1,0,2,255]">128</label>
<label id="[1,1,0,255,255]">660</label>
<label id="[1,1,1,255,255]">504</label>
<label id="[2,0,0,0,1]">32</label>
<label id="[2,0,0,0,255]">110</label>
<label id="[2,0,0,0,2]">32</label>
<label id="[2,0,0,1,0]">32</label>
<label id="[2,0,0,1,255]">110</label>
<label id="[2,0,0,1,2]">32</label>
<label id="[2,0,0,2,0]">32</label>
<label id="[2,0,0,2,1]">32</label>
<label id="[2,0,0,2,255]">110</label>
<label id="[2,0,0,255,0]">110</label>
<label id="[2,0,0,255,1]">110</label>
<label id="[2,0,0,255,255]">276</label>
<label id="[2,0,0,255,2]">110</label>
<label id="[2,0,1,0,1]">18</label>
<label id="[2,0,1,0,255]">84</label>
<label id="[2,0,1,0,2]">18</label>
<label id="[2,0,1,1,0]">18</label>
<label id="[2,0,1,1,255]">84</label>
<label id="[2,0,1,1,2]">18</label>
<label id="[2,0,1,2,0]">18</label>
<label id="[2,0,1,2,1]">18</label>
<label id="[2,0,1,2,255]">84</label>
<label id="[2,0,1,255,0]">84</label>
<label id="[2,0,1,255,1]">84</label>
<label id="[2,0,1,255,255]">234</label>
<label id="[2,0,1,255,2]">84</label>
<label id="[2,1,0,255,255]">660</label>
<label id="[2,1,1,255,255]">504</label>
<label id="[3,0,0,0,1]">32</label>
<label id="[3,0,0,0,255]">110</label>
<label id="[3,0,0,0,2]">32</label>
<label id="[3,0,0,1,0]">32</label>
<label id="[3,0,0,1,255]">110</label>
<label id="[3,0,0,1,2]">32</label>
<label id="[3,0,0,2,0]">32</label>
<label id="[3,0,0,2,1]">32</label>
<label id="[3,0,0,2,255]">110</label>
<label id="[3,0,0,255,0]">110</label>
<label id="[3,0,0,255,1]">110</label>
<label id="[3,0,0,255,255]">276</label>
<label id="[3,0,0,255,2]">110</label>
<label id="[3,0,1,0,1]">18</label>
<label id="[3,0,1,0,255]">84</label>
<label id="[3,0,1,0,2]">18</label>
<label id="[3,0,1,1,0]">18</label>
<label id="[3,0,1,1,255]">84</label>
<label id="[3,0,1,1,2]">18</label>
<label id="[3,0,1,2,0]">18</label>
<label id="[3,0,1,2,1]">18</label>
<label id="[3,0,1,2,255]">84</label>
<label id="[3,0,1,255,0]">84</label>
<label id="[3,0,1,255,1]">84</label>
<label id="[3,0,1,255,255]">180</label>
<label id="[3,0,1,255,2]">84</label>
<label id="[3,1,0,255,0]">128</label>
<label id="[3,1,0,255,1]">128</label>
<label id="[3,1,0,255,255]">660</label>
<label id="[3,1,0,255,2]">128</label>
<label id="[3,1,1,255,0]">72</label>
<label id="[3,1,1,255,1]">72</label>
<label id="[3,1,1,255,255]">504</label>
<label id="[3,1,1,255,2]">72</label>
<label id="[4,0,0,0,1]">32</label>
<label id="[4,0,0,0,255]">80</label>
<label id="[4,0,0,0,2]">32</label>
<label id="[4,0,0,1,0]">32</label>
<label id="[4,0,0,1,255]">80</label>
<label id="[4,0,0,1,2]">32</label>
<label id="[4,0,0,2,0]">32</label>
<label id="[4,0,0,2,1]">32</label>
<label id="[4,0,0,2,255]">80</label>
<label id="[4,0,0,255,0]">110</label>
<label id="[4,0,0,255,1]">110</label>
<label id="[4,0,0,255,255]">276</label>
<label id="[4,0,0,255,2]">110</label>
<label id="[4,0,1,0,1]">18</label>
<label id="[4,0,1,0,255]">36</label>
<label id="[4,0,1,0,2]">18</label>
<label id="[4,0,1,1,0]">18</label>
<label id="[4,0,1,1,255]">36</label>
<label id="[4,0,1,1,2]">18</label>
<label id="[4,0,1,2,0]">18</label>
<label id="[4,0,1,2,1]">18</label>
<label id="[4,0,1,2,255]">36</label>
<label id="[4,0,1,255,0]">84</label>
<label id="[4,0,1,255,1]">84</label>
<label id="[4,0,1,255,255]">180</label>
<label id="[4,0,1,255,2]">84</label>
<label id="[4,1,0,255,0]">128</label>
<label id="[4,1,0,255,1]">128</label>
<label id="[4,1,0,255,255]">480</label>
<label id="[4,1,0,255,2]">128</label>
<label id="[4,1,1,255,0]">72</label>
<label id="[4,1,1,255,1]">72</label>
<label id="[4,1,1,255,255]">216</label>
<label id="[4,1,1,255,2]">72</label>
</state-labels></label-info>
</state-space-info>
