<?xml version="1.0"?>
<!DOCTYPE state-space-info SYSTEM "../../state_space_info.dtd">


<state-space-info>
<states>9003</states>
<edges>21202</edges>
<bfs-info>
 <levels>147</levels>
<max-level>104</max-level>

<back-level-edges>596</back-level-edges>
<max-back-level-edge>3</max-back-level-edge>
<avg-back-level-edge>2.55705</avg-back-level-edge>
<bfs-levels>
<level id="0"><states>1</states><edges>2</edges></level>
<level id="1"><states>2</states><edges>2</edges></level>
<level id="2"><states>2</states><edges>4</edges></level>
<level id="3"><states>4</states><edges>8</edges></level>
<level id="4"><states>6</states><edges>14</edges></level>
<level id="5"><states>10</states><edges>22</edges></level>
<level id="6"><states>12</states><edges>28</edges></level>
<level id="7"><states>14</states><edges>32</edges></level>
<level id="8"><states>14</states><edges>28</edges></level>
<level id="9"><states>12</states><edges>24</edges></level>
<level id="10"><states>12</states><edges>24</edges></level>
<level id="11"><states>12</states><edges>28</edges></level>
<level id="12"><states>14</states><edges>34</edges></level>
<level id="13"><states>16</states><edges>42</edges></level>
<level id="14"><states>22</states><edges>64</edges></level>
<level id="15"><states>32</states><edges>84</edges></level>
<level id="16"><states>36</states><edges>96</edges></level>
<level id="17"><states>40</states><edges>110</edges></level>
<level id="18"><states>44</states><edges>112</edges></level>
<level id="19"><states>44</states><edges>112</edges></level>
<level id="20"><states>46</states><edges>112</edges></level>
<level id="21"><states>46</states><edges>104</edges></level>
<level id="22"><states>44</states><edges>104</edges></level>
<level id="23"><states>46</states><edges>116</edges></level>
<level id="24"><states>52</states><edges>130</edges></level>
<level id="25"><states>58</states><edges>136</edges></level>
<level id="26"><states>56</states><edges>124</edges></level>
<level id="27"><states>50</states><edges>118</edges></level>
<level id="28"><states>52</states><edges>128</edges></level>
<level id="29"><states>58</states><edges>136</edges></level>
<level id="30"><states>60</states><edges>132</edges></level>
<level id="31"><states>58</states><edges>124</edges></level>
<level id="32"><states>54</states><edges>116</edges></level>
<level id="33"><states>50</states><edges>114</edges></level>
<level id="34"><states>52</states><edges>130</edges></level>
<level id="35"><states>60</states><edges>150</edges></level>
<level id="36"><states>62</states><edges>158</edges></level>
<level id="37"><states>62</states><edges>158</edges></level>
<level id="38"><states>64</states><edges>168</edges></level>
<level id="39"><states>74</states><edges>200</edges></level>
<level id="40"><states>88</states><edges>220</edges></level>
<level id="41"><states>92</states><edges>230</edges></level>
<level id="42"><states>96</states><edges>242</edges></level>
<level id="43"><states>98</states><edges>236</edges></level>
<level id="44"><states>96</states><edges>240</edges></level>
<level id="45"><states>102</states><edges>250</edges></level>
<level id="46"><states>104</states><edges>234</edges></level>
<level id="47"><states>92</states><edges>198</edges></level>
<level id="48"><states>78</states><edges>174</edges></level>
<level id="49"><states>74</states><edges>170</edges></level>
<level id="50"><states>76</states><edges>168</edges></level>
<level id="51"><states>74</states><edges>152</edges></level>
<level id="52"><states>66</states><edges>134</edges></level>
<level id="53"><states>58</states><edges>122</edges></level>
<level id="54"><states>54</states><edges>122</edges></level>
<level id="55"><states>58</states><edges>144</edges></level>
<level id="56"><states>68</states><edges>166</edges></level>
<level id="57"><states>68</states><edges>168</edges></level>
<level id="58"><states>64</states><edges>160</edges></level>
<level id="59"><states>64</states><edges>168</edges></level>
<level id="60"><states>74</states><edges>200</edges></level>
<level id="61"><states>88</states><edges>220</edges></level>
<level id="62"><states>92</states><edges>230</edges></level>
<level id="63"><states>96</states><edges>242</edges></level>
<level id="64"><states>98</states><edges>236</edges></level>
<level id="65"><states>96</states><edges>240</edges></level>
<level id="66"><states>102</states><edges>250</edges></level>
<level id="67"><states>104</states><edges>234</edges></level>
<level id="68"><states>92</states><edges>198</edges></level>
<level id="69"><states>78</states><edges>174</edges></level>
<level id="70"><states>74</states><edges>170</edges></level>
<level id="71"><states>76</states><edges>168</edges></level>
<level id="72"><states>74</states><edges>152</edges></level>
<level id="73"><states>66</states><edges>134</edges></level>
<level id="74"><states>58</states><edges>122</edges></level>
<level id="75"><states>54</states><edges>122</edges></level>
<level id="76"><states>58</states><edges>144</edges></level>
<level id="77"><states>68</states><edges>166</edges></level>
<level id="78"><states>68</states><edges>168</edges></level>
<level id="79"><states>64</states><edges>160</edges></level>
<level id="80"><states>64</states><edges>168</edges></level>
<level id="81"><states>74</states><edges>200</edges></level>
<level id="82"><states>88</states><edges>220</edges></level>
<level id="83"><states>92</states><edges>230</edges></level>
<level id="84"><states>96</states><edges>242</edges></level>
<level id="85"><states>98</states><edges>236</edges></level>
<level id="86"><states>96</states><edges>240</edges></level>
<level id="87"><states>102</states><edges>250</edges></level>
<level id="88"><states>104</states><edges>234</edges></level>
<level id="89"><states>92</states><edges>198</edges></level>
<level id="90"><states>78</states><edges>174</edges></level>
<level id="91"><states>74</states><edges>170</edges></level>
<level id="92"><states>76</states><edges>168</edges></level>
<level id="93"><states>74</states><edges>152</edges></level>
<level id="94"><states>66</states><edges>134</edges></level>
<level id="95"><states>58</states><edges>122</edges></level>
<level id="96"><states>54</states><edges>122</edges></level>
<level id="97"><states>58</states><edges>144</edges></level>
<level id="98"><states>68</states><edges>166</edges></level>
<level id="99"><states>68</states><edges>168</edges></level>
<level id="100"><states>64</states><edges>160</edges></level>
<level id="101"><states>64</states><edges>168</edges></level>
<level id="102"><states>74</states><edges>200</edges></level>
<level id="103"><states>88</states><edges>220</edges></level>
<level id="104"><states>92</states><edges>230</edges></level>
<level id="105"><states>96</states><edges>242</edges></level>
<level id="106"><states>98</states><edges>236</edges></level>
<level id="107"><states>96</states><edges>240</edges></level>
<level id="108"><states>102</states><edges>250</edges></level>
<level id="109"><states>104</states><edges>234</edges></level>
<level id="110"><states>92</states><edges>198</edges></level>
<level id="111"><states>78</states><edges>174</edges></level>
<level id="112"><states>74</states><edges>170</edges></level>
<level id="113"><states>76</states><edges>168</edges></level>
<level id="114"><states>74</states><edges>152</edges></level>
<level id="115"><states>66</states><edges>134</edges></level>
<level id="116"><states>58</states><edges>122</edges></level>
<level id="117"><states>54</states><edges>122</edges></level>
<level id="118"><states>58</states><edges>144</edges></level>
<level id="119"><states>68</states><edges>166</edges></level>
<level id="120"><states>68</states><edges>168</edges></level>
<level id="121"><states>64</states><edges>160</edges></level>
<level id="122"><states>64</states><edges>168</edges></level>
<level id="123"><states>74</states><edges>200</edges></level>
<level id="124"><states>88</states><edges>220</edges></level>
<level id="125"><states>92</states><edges>230</edges></level>
<level id="126"><states>96</states><edges>240</edges></level>
<level id="127"><states>96</states><edges>222</edges></level>
<level id="128"><states>88</states><edges>204</edges></level>
<level id="129"><states>86</states><edges>192</edges></level>
<level id="130"><states>80</states><edges>164</edges></level>
<level id="131"><states>66</states><edges>128</edges></level>
<level id="132"><states>52</states><edges>98</edges></level>
<level id="133"><states>42</states><edges>76</edges></level>
<level id="134"><states>34</states><edges>56</edges></level>
<level id="135"><states>26</states><edges>42</edges></level>
<level id="136"><states>22</states><edges>34</edges></level>
<level id="137"><states>18</states><edges>30</edges></level>
<level id="138"><states>16</states><edges>30</edges></level>
<level id="139"><states>18</states><edges>36</edges></level>
<level id="140"><states>20</states><edges>36</edges></level>
<level id="141"><states>14</states><edges>20</edges></level>
<level id="142"><states>6</states><edges>8</edges></level>
<level id="143"><states>4</states><edges>6</edges></level>
<level id="144"><states>4</states><edges>6</edges></level>
<level id="145"><states>4</states><edges>4</edges></level>
<level id="146"><states>2</states><edges>0</edges></level>
</bfs-levels>
<back-level-length id="0">0</back-level-length>
<back-level-length id="1">22.1477</back-level-length>
<back-level-length id="2">0</back-level-length>
<back-level-length id="3">77.8523</back-level-length>
</bfs-info>
<degrees>
<avg>2.35499</avg>
<max-in>5</max-in>
<max-out>5</max-out>
<degree id="0"><in>1</in><out>2</out></degree>
<degree id="1"><in>1182</in><out>1112</out></degree>
<degree id="2"><in>4174</in><out>4185</out></degree>
<degree id="3"><in>2944</in><out>3118</out></degree>
<degree id="4"><in>670</in><out>564</out></degree>
<degree id="5"><in>32</in><out>22</out></degree>
</degrees>
<scc-info>
<count>9003</count>
<height>170</height>
<nontrivial-height>0</nontrivial-height>
<trivial>9003</trivial>
<terminal>2</terminal>
<largest>1</largest>
<largest-position> terminal</largest-position>
</scc-info>
<dfs-info>
<stack-size id="45">0.499833</stack-size>
<stack-size id="90">0.999667</stack-size>
<stack-size id="135">1.4995</stack-size>
<stack-size id="180">1.46618</stack-size>
<stack-size id="225">1.43286</stack-size>
<stack-size id="270">1.38843</stack-size>
<stack-size id="315">1.45507</stack-size>
<stack-size id="360">1.37732</stack-size>
<stack-size id="405">1.38843</stack-size>
<stack-size id="450">1.37732</stack-size>
<stack-size id="495">1.26624</stack-size>
<stack-size id="540">1.39953</stack-size>
<stack-size id="585">1.28846</stack-size>
<stack-size id="630">1.29957</stack-size>
<stack-size id="675">1.18849</stack-size>
<stack-size id="720">1.22181</stack-size>
<stack-size id="765">1.14406</stack-size>
<stack-size id="810">1.6439</stack-size>
<stack-size id="855">1.4995</stack-size>
<stack-size id="900">1.43286</stack-size>
<stack-size id="945">1.52171</stack-size>
<stack-size id="990">1.41064</stack-size>
<stack-size id="1035">1.3551</stack-size>
<stack-size id="1080">1.37732</stack-size>
<stack-size id="1125">1.43286</stack-size>
<stack-size id="1170">1.28846</stack-size>
<stack-size id="1215">1.11074</stack-size>
<stack-size id="1260">1.23292</stack-size>
<stack-size id="1305">1.09963</stack-size>
<stack-size id="1350">1.1996</stack-size>
<stack-size id="1395">1.08853</stack-size>
<stack-size id="1440">1.14406</stack-size>
<stack-size id="1485">1.0441</stack-size>
<stack-size id="1530">1.06631</stack-size>
<stack-size id="1575">0.977452</stack-size>
<stack-size id="1620">1.0441</stack-size>
<stack-size id="1665">0.966345</stack-size>
<stack-size id="1710">1.46618</stack-size>
<stack-size id="1755">1.42175</stack-size>
<stack-size id="1800">1.41064</stack-size>
<stack-size id="1845">1.38843</stack-size>
<stack-size id="1890">1.44396</stack-size>
<stack-size id="1935">1.3551</stack-size>
<stack-size id="1980">1.26624</stack-size>
<stack-size id="2025">1.42175</stack-size>
<stack-size id="2070">1.33289</stack-size>
<stack-size id="2115">1.22181</stack-size>
<stack-size id="2160">1.31067</stack-size>
<stack-size id="2205">1.27735</stack-size>
<stack-size id="2250">1.27735</stack-size>
<stack-size id="2295">1.24403</stack-size>
<stack-size id="2340">1.24403</stack-size>
<stack-size id="2385">1.23292</stack-size>
<stack-size id="2430">1.24403</stack-size>
<stack-size id="2475">1.61057</stack-size>
<stack-size id="2520">1.4995</stack-size>
<stack-size id="2565">1.48839</stack-size>
<stack-size id="2610">1.46618</stack-size>
<stack-size id="2655">1.38843</stack-size>
<stack-size id="2700">1.31067</stack-size>
<stack-size id="2745">1.29957</stack-size>
<stack-size id="2790">1.02188</stack-size>
<stack-size id="2835">0.844163</stack-size>
<stack-size id="2880">0.999667</stack-size>
<stack-size id="2925">0.921915</stack-size>
<stack-size id="2970">0.966345</stack-size>
<stack-size id="3015">0.821948</stack-size>
<stack-size id="3060">0.955237</stack-size>
<stack-size id="3105">0.844163</stack-size>
<stack-size id="3150">0.85527</stack-size>
<stack-size id="3195">0.710874</stack-size>
<stack-size id="3240">0.777519</stack-size>
<stack-size id="3285">0.699767</stack-size>
<stack-size id="3330">1.1996</stack-size>
<stack-size id="3375">1.26624</stack-size>
<stack-size id="3420">1.1996</stack-size>
<stack-size id="3465">1.12185</stack-size>
<stack-size id="3510">1.23292</stack-size>
<stack-size id="3555">1.22181</stack-size>
<stack-size id="3600">0.999667</stack-size>
<stack-size id="3645">1.23292</stack-size>
<stack-size id="3690">1.15517</stack-size>
<stack-size id="3735">0.955237</stack-size>
<stack-size id="3780">1.07742</stack-size>
<stack-size id="3825">1.0441</stack-size>
<stack-size id="3870">1.0441</stack-size>
<stack-size id="3915">1.06631</stack-size>
<stack-size id="3960">1.06631</stack-size>
<stack-size id="4005">0.966345</stack-size>
<stack-size id="4050">1.17739</stack-size>
<stack-size id="4095">1.25514</stack-size>
<stack-size id="4140">1.24403</stack-size>
<stack-size id="4185">1.28846</stack-size>
<stack-size id="4230">1.21071</stack-size>
<stack-size id="4275">1.16628</stack-size>
<stack-size id="4320">1.06631</stack-size>
<stack-size id="4365">0.910808</stack-size>
<stack-size id="4410">0.821948</stack-size>
<stack-size id="4455">0.677552</stack-size>
<stack-size id="4500">0.733089</stack-size>
<stack-size id="4545">0.655337</stack-size>
<stack-size id="4590">0.799733</stack-size>
<stack-size id="4635">0.55537</stack-size>
<stack-size id="4680">0.688659</stack-size>
<stack-size id="4725">0.577585</stack-size>
<stack-size id="4770">0.588693</stack-size>
<stack-size id="4815">0.499833</stack-size>
<stack-size id="4860">0.510941</stack-size>
<stack-size id="4905">0.433189</stack-size>
<stack-size id="4950">0.933022</stack-size>
<stack-size id="4995">1.02188</stack-size>
<stack-size id="5040">0.966345</stack-size>
<stack-size id="5085">0.988559</stack-size>
<stack-size id="5130">0.966345</stack-size>
<stack-size id="5175">0.955237</stack-size>
<stack-size id="5220">0.821948</stack-size>
<stack-size id="5265">0.966345</stack-size>
<stack-size id="5310">0.921915</stack-size>
<stack-size id="5355">0.755304</stack-size>
<stack-size id="5400">0.877485</stack-size>
<stack-size id="5445">0.777519</stack-size>
<stack-size id="5490">0.777519</stack-size>
<stack-size id="5535">0.85527</stack-size>
<stack-size id="5580">0.799733</stack-size>
<stack-size id="5625">0.699767</stack-size>
<stack-size id="5670">0.710874</stack-size>
<stack-size id="5715">1.11074</stack-size>
<stack-size id="5760">1.03299</stack-size>
<stack-size id="5805">0.955237</stack-size>
<stack-size id="5850">0.999667</stack-size>
<stack-size id="5895">0.85527</stack-size>
<stack-size id="5940">0.844163</stack-size>
<stack-size id="5985">0.833056</stack-size>
<stack-size id="6030">0.777519</stack-size>
<stack-size id="6075">0.410974</stack-size>
<stack-size id="6120">0.55537</stack-size>
<stack-size id="6165">0.533156</stack-size>
<stack-size id="6210">0.533156</stack-size>
<stack-size id="6255">0.277685</stack-size>
<stack-size id="6300">0.433189</stack-size>
<stack-size id="6345">0.34433</stack-size>
<stack-size id="6390">0.233256</stack-size>
<stack-size id="6435">0.322115</stack-size>
<stack-size id="6480">0.322115</stack-size>
<stack-size id="6525">0.288793</stack-size>
<stack-size id="6570">0.277685</stack-size>
<stack-size id="6615">0.277685</stack-size>
<stack-size id="6660">0.288793</stack-size>
<stack-size id="6705">0.522048</stack-size>
<stack-size id="6750">0.799733</stack-size>
<stack-size id="6795">0.721982</stack-size>
<stack-size id="6840">0.710874</stack-size>
<stack-size id="6885">0.699767</stack-size>
<stack-size id="6930">0.744196</stack-size>
<stack-size id="6975">0.633122</stack-size>
<stack-size id="7020">0.710874</stack-size>
<stack-size id="7065">0.633122</stack-size>
<stack-size id="7110">0.5998</stack-size>
<stack-size id="7155">0.610907</stack-size>
<stack-size id="7200">0.510941</stack-size>
<stack-size id="7245">0.510941</stack-size>
<stack-size id="7290">0.510941</stack-size>
<stack-size id="7335">0.444296</stack-size>
<stack-size id="7380">0.510941</stack-size>
<stack-size id="7425">0.499833</stack-size>
<stack-size id="7470">0.8997</stack-size>
<stack-size id="7515">0.755304</stack-size>
<stack-size id="7560">0.744196</stack-size>
<stack-size id="7605">0.788626</stack-size>
<stack-size id="7650">0.64423</stack-size>
<stack-size id="7695">0.766411</stack-size>
<stack-size id="7740">0.622015</stack-size>
<stack-size id="7785">0.533156</stack-size>
<stack-size id="7830">0.122181</stack-size>
<stack-size id="7875">0.0999667</stack-size>
<stack-size id="7920">0.410974</stack-size>
<stack-size id="7965">0.499833</stack-size>
<stack-size id="8010">0.444296</stack-size>
<stack-size id="8055">0.466511</stack-size>
<stack-size id="8100">0.444296</stack-size>
<stack-size id="8145">0.433189</stack-size>
<stack-size id="8190">0.2999</stack-size>
<stack-size id="8235">0.444296</stack-size>
<stack-size id="8280">0.399867</stack-size>
<stack-size id="8325">0.233256</stack-size>
<stack-size id="8370">0.355437</stack-size>
<stack-size id="8415">0.34433</stack-size>
<stack-size id="8460">0.25547</stack-size>
<stack-size id="8505">0.2999</stack-size>
<stack-size id="8550">0.2999</stack-size>
<stack-size id="8595">0.222148</stack-size>
<stack-size id="8640">0.322115</stack-size>
<stack-size id="8685">0.577585</stack-size>
<stack-size id="8730">0.577585</stack-size>
<stack-size id="8775">0.499833</stack-size>
<stack-size id="8820">0.544263</stack-size>
<stack-size id="8865">0.466511</stack-size>
<stack-size id="8910">0.388759</stack-size>
<stack-size id="8955">0.277685</stack-size>
<stack-size id="9000">0.0777519</stack-size>
<max-stack>151</max-stack>
<front-edges>9002</front-edges>
<back-edges>0</back-edges>
<cross-edges>12200</cross-edges>
<shortest-cycle>-1</shortest-cycle>
</dfs-info>
<rw-info>
<coverage step="900">7.83072</coverage>
<coverage step="1800">13.0512</coverage>
<coverage step="2700">15.617</coverage>
<coverage step="3600">17.9385</coverage>
<coverage step="4500">20.1711</coverage>
<coverage step="5400">22.1704</coverage>
<coverage step="6300">23.5921</coverage>
<coverage step="7200">24.5474</coverage>
<coverage step="8100">25.5248</coverage>
<coverage step="9000">26.469</coverage>
<coverage step="9900">27.0799</coverage>
<coverage step="10800">27.8796</coverage>
<coverage step="11700">28.5238</coverage>
<coverage step="12600">29.2458</coverage>
<coverage step="13500">29.9678</coverage>
<coverage step="14400">30.5121</coverage>
<coverage step="15300">30.9675</coverage>
<coverage step="16200">31.3007</coverage>
<coverage step="17100">31.5895</coverage>
<coverage step="18000">32.0782</coverage>
<coverage step="18900">32.5225</coverage>
<coverage step="19800">32.6447</coverage>
<coverage step="20700">32.9668</coverage>
<coverage step="21600">33.2112</coverage>
<coverage step="22500">33.4444</coverage>
<coverage step="23400">33.8665</coverage>
<coverage step="24300">34.1997</coverage>
<coverage step="25200">34.3552</coverage>
<coverage step="26100">34.5663</coverage>
<coverage step="27000">34.7551</coverage>
<coverage step="27900">34.9106</coverage>
<coverage step="28800">35.1772</coverage>
<coverage step="29700">35.3771</coverage>
<coverage step="30600">35.4882</coverage>
<coverage step="31500">35.7214</coverage>
<coverage step="32400">35.8991</coverage>
<coverage step="33300">36.0102</coverage>
<coverage step="34200">36.0991</coverage>
<coverage step="35100">36.2435</coverage>
<coverage step="36000">36.3434</coverage>
<coverage step="36900">36.5878</coverage>
<coverage step="37800">36.9321</coverage>
<coverage step="38700">37.0654</coverage>
<coverage step="39600">37.1876</coverage>
<coverage step="40500">37.3209</coverage>
<coverage step="41400">37.5764</coverage>
<coverage step="42300">37.6319</coverage>
<coverage step="43200">37.743</coverage>
<coverage step="44100">37.9318</coverage>
<coverage step="45000">38.2095</coverage>
<coverage step="45900">38.2539</coverage>
<coverage step="46800">38.3206</coverage>
<coverage step="47700">38.4205</coverage>
<coverage step="48600">38.9204</coverage>
<coverage step="49500">39.4424</coverage>
<coverage step="50400">39.6423</coverage>
<coverage step="51300">39.6868</coverage>
<coverage step="52200">39.9422</coverage>
<coverage step="53100">40.0089</coverage>
<coverage step="54000">40.1422</coverage>
<coverage step="54900">40.2421</coverage>
<coverage step="55800">40.3421</coverage>
<coverage step="56700">40.4976</coverage>
<coverage step="57600">40.542</coverage>
<coverage step="58500">40.7309</coverage>
<coverage step="59400">40.8419</coverage>
<coverage step="60300">40.8642</coverage>
<coverage step="61200">40.9752</coverage>
<coverage step="62100">41.2085</coverage>
<coverage step="63000">41.2973</coverage>
<coverage step="63900">41.4084</coverage>
<coverage step="64800">41.4528</coverage>
<coverage step="65700">41.5861</coverage>
<coverage step="66600">41.6861</coverage>
<coverage step="67500">41.7194</coverage>
<coverage step="68400">41.7527</coverage>
<coverage step="69300">41.7861</coverage>
<coverage step="70200">41.8416</coverage>
<coverage step="71100">41.9416</coverage>
<coverage step="72000">41.986</coverage>
<coverage step="72900">41.9971</coverage>
<coverage step="73800">42.0082</coverage>
<coverage step="74700">42.1082</coverage>
<coverage step="75600">42.1304</coverage>
<coverage step="76500">42.1859</coverage>
<coverage step="77400">42.2193</coverage>
<coverage step="78300">42.297</coverage>
<coverage step="79200">42.4192</coverage>
<coverage step="80100">42.4747</coverage>
<coverage step="81000">42.4858</coverage>
<coverage step="81900">42.5636</coverage>
<coverage step="82800">42.6636</coverage>
<coverage step="83700">42.7413</coverage>
<coverage step="84600">42.7857</coverage>
<coverage step="85500">42.8746</coverage>
<coverage step="86400">42.8857</coverage>
<coverage step="87300">42.9523</coverage>
<coverage step="88200">42.9523</coverage>
<coverage step="89100">43.0523</coverage>
<coverage step="90000">43.0745</coverage>
<rw-visits order="1">721</rw-visits>
<rw-visits order="20">227</rw-visits>
<rw-visits order="39">174</rw-visits>
<rw-visits order="58">144</rw-visits>
<rw-visits order="77">134</rw-visits>
<rw-visits order="96">121</rw-visits>
<rw-visits order="115">111</rw-visits>
<rw-visits order="134">101</rw-visits>
<rw-visits order="153">93</rw-visits>
<rw-visits order="172">90</rw-visits>
<rw-visits order="191">86</rw-visits>
<rw-visits order="210">82</rw-visits>
<rw-visits order="229">78</rw-visits>
<rw-visits order="248">76</rw-visits>
<rw-visits order="267">72</rw-visits>
<rw-visits order="286">70</rw-visits>
<rw-visits order="305">67</rw-visits>
<rw-visits order="324">64</rw-visits>
<rw-visits order="343">61</rw-visits>
<rw-visits order="362">60</rw-visits>
<rw-visits order="381">58</rw-visits>
<rw-visits order="400">56</rw-visits>
<rw-visits order="419">55</rw-visits>
<rw-visits order="438">53</rw-visits>
<rw-visits order="457">52</rw-visits>
<rw-visits order="476">50</rw-visits>
<rw-visits order="495">48</rw-visits>
<rw-visits order="514">47</rw-visits>
<rw-visits order="533">46</rw-visits>
<rw-visits order="552">45</rw-visits>
<rw-visits order="571">45</rw-visits>
<rw-visits order="590">43</rw-visits>
<rw-visits order="609">42</rw-visits>
<rw-visits order="628">42</rw-visits>
<rw-visits order="647">41</rw-visits>
<rw-visits order="666">40</rw-visits>
<rw-visits order="685">40</rw-visits>
<rw-visits order="704">39</rw-visits>
<rw-visits order="723">38</rw-visits>
<rw-visits order="742">37</rw-visits>
<rw-visits order="761">37</rw-visits>
<rw-visits order="780">36</rw-visits>
<rw-visits order="799">35</rw-visits>
<rw-visits order="818">35</rw-visits>
<rw-visits order="837">34</rw-visits>
<rw-visits order="856">34</rw-visits>
<rw-visits order="875">33</rw-visits>
<rw-visits order="894">32</rw-visits>
<rw-visits order="913">32</rw-visits>
<rw-visits order="932">31</rw-visits>
<rw-visits order="951">31</rw-visits>
<rw-visits order="970">30</rw-visits>
<rw-visits order="989">30</rw-visits>
<rw-visits order="1008">29</rw-visits>
<rw-visits order="1027">29</rw-visits>
<rw-visits order="1046">28</rw-visits>
<rw-visits order="1065">28</rw-visits>
<rw-visits order="1084">27</rw-visits>
<rw-visits order="1103">27</rw-visits>
<rw-visits order="1122">26</rw-visits>
<rw-visits order="1141">26</rw-visits>
<rw-visits order="1160">25</rw-visits>
<rw-visits order="1179">25</rw-visits>
<rw-visits order="1198">24</rw-visits>
<rw-visits order="1217">24</rw-visits>
<rw-visits order="1236">24</rw-visits>
<rw-visits order="1255">23</rw-visits>
<rw-visits order="1274">23</rw-visits>
<rw-visits order="1293">22</rw-visits>
<rw-visits order="1312">22</rw-visits>
<rw-visits order="1331">22</rw-visits>
<rw-visits order="1350">21</rw-visits>
<rw-visits order="1369">21</rw-visits>
<rw-visits order="1388">20</rw-visits>
<rw-visits order="1407">20</rw-visits>
<rw-visits order="1426">19</rw-visits>
<rw-visits order="1445">19</rw-visits>
<rw-visits order="1464">19</rw-visits>
<rw-visits order="1483">18</rw-visits>
<rw-visits order="1502">18</rw-visits>
<rw-visits order="1521">18</rw-visits>
<rw-visits order="1540">17</rw-visits>
<rw-visits order="1559">17</rw-visits>
<rw-visits order="1578">17</rw-visits>
<rw-visits order="1597">16</rw-visits>
<rw-visits order="1616">16</rw-visits>
<rw-visits order="1635">16</rw-visits>
<rw-visits order="1654">15</rw-visits>
<rw-visits order="1673">15</rw-visits>
<rw-visits order="1692">14</rw-visits>
<rw-visits order="1711">14</rw-visits>
<rw-visits order="1730">14</rw-visits>
<rw-visits order="1749">13</rw-visits>
<rw-visits order="1768">13</rw-visits>
<rw-visits order="1787">13</rw-visits>
<rw-visits order="1806">13</rw-visits>
<rw-visits order="1825">12</rw-visits>
<rw-visits order="1844">12</rw-visits>
<rw-visits order="1863">12</rw-visits>
<rw-visits order="1882">11</rw-visits>
<rw-visits order="1901">11</rw-visits>
<rw-visits order="1920">11</rw-visits>
<rw-visits order="1939">11</rw-visits>
<rw-visits order="1958">10</rw-visits>
<rw-visits order="1977">10</rw-visits>
<rw-visits order="1996">10</rw-visits>
<rw-visits order="2015">10</rw-visits>
<rw-visits order="2034">9</rw-visits>
<rw-visits order="2053">9</rw-visits>
<rw-visits order="2072">9</rw-visits>
<rw-visits order="2091">9</rw-visits>
<rw-visits order="2110">9</rw-visits>
<rw-visits order="2129">8</rw-visits>
<rw-visits order="2148">8</rw-visits>
<rw-visits order="2167">8</rw-visits>
<rw-visits order="2186">8</rw-visits>
<rw-visits order="2205">7</rw-visits>
<rw-visits order="2224">7</rw-visits>
<rw-visits order="2243">7</rw-visits>
<rw-visits order="2262">7</rw-visits>
<rw-visits order="2281">7</rw-visits>
<rw-visits order="2300">7</rw-visits>
<rw-visits order="2319">6</rw-visits>
<rw-visits order="2338">6</rw-visits>
<rw-visits order="2357">6</rw-visits>
<rw-visits order="2376">6</rw-visits>
<rw-visits order="2395">6</rw-visits>
<rw-visits order="2414">6</rw-visits>
<rw-visits order="2433">5</rw-visits>
<rw-visits order="2452">5</rw-visits>
<rw-visits order="2471">5</rw-visits>
<rw-visits order="2490">5</rw-visits>
<rw-visits order="2509">5</rw-visits>
<rw-visits order="2528">5</rw-visits>
<rw-visits order="2547">5</rw-visits>
<rw-visits order="2566">5</rw-visits>
<rw-visits order="2585">4</rw-visits>
<rw-visits order="2604">4</rw-visits>
<rw-visits order="2623">4</rw-visits>
<rw-visits order="2642">4</rw-visits>
<rw-visits order="2661">4</rw-visits>
<rw-visits order="2680">4</rw-visits>
<rw-visits order="2699">4</rw-visits>
<rw-visits order="2718">4</rw-visits>
<rw-visits order="2737">4</rw-visits>
<rw-visits order="2756">4</rw-visits>
<rw-visits order="2775">4</rw-visits>
<rw-visits order="2794">3</rw-visits>
<rw-visits order="2813">3</rw-visits>
<rw-visits order="2832">3</rw-visits>
<rw-visits order="2851">3</rw-visits>
<rw-visits order="2870">3</rw-visits>
<rw-visits order="2889">3</rw-visits>
<rw-visits order="2908">3</rw-visits>
<rw-visits order="2927">3</rw-visits>
<rw-visits order="2946">3</rw-visits>
<rw-visits order="2965">3</rw-visits>
<rw-visits order="2984">3</rw-visits>
<rw-visits order="3003">2</rw-visits>
<rw-visits order="3022">2</rw-visits>
<rw-visits order="3041">2</rw-visits>
<rw-visits order="3060">2</rw-visits>
<rw-visits order="3079">2</rw-visits>
<rw-visits order="3098">2</rw-visits>
<rw-visits order="3117">2</rw-visits>
<rw-visits order="3136">2</rw-visits>
<rw-visits order="3155">2</rw-visits>
<rw-visits order="3174">2</rw-visits>
<rw-visits order="3193">2</rw-visits>
<rw-visits order="3212">2</rw-visits>
<rw-visits order="3231">2</rw-visits>
<rw-visits order="3250">2</rw-visits>
<rw-visits order="3269">2</rw-visits>
<rw-visits order="3288">2</rw-visits>
<rw-visits order="3307">1</rw-visits>
<rw-visits order="3326">1</rw-visits>
<rw-visits order="3345">1</rw-visits>
<rw-visits order="3364">1</rw-visits>
<rw-visits order="3383">1</rw-visits>
<rw-visits order="3402">1</rw-visits>
<rw-visits order="3421">1</rw-visits>
<rw-visits order="3440">1</rw-visits>
<rw-visits order="3459">1</rw-visits>
<rw-visits order="3478">1</rw-visits>
<rw-visits order="3497">1</rw-visits>
<rw-visits order="3516">1</rw-visits>
<rw-visits order="3535">1</rw-visits>
<rw-visits order="3554">1</rw-visits>
<rw-visits order="3573">1</rw-visits>
<rw-visits order="3592">1</rw-visits>
<rw-visits order="3611">1</rw-visits>
<rw-visits order="3630">1</rw-visits>
<rw-visits order="3649">1</rw-visits>
<rw-visits order="3668">1</rw-visits>
<rw-visits order="3687">1</rw-visits>
<rw-visits order="3706">1</rw-visits>
<rw-visits order="3725">1</rw-visits>
<rw-visits order="3744">1</rw-visits>
<rw-visits order="3763">1</rw-visits>
<rw-visits order="3782">1</rw-visits>
<rw-visits order="3801">1</rw-visits>
<rw-visits order="3820">1</rw-visits>
<rw-visits order="3839">1</rw-visits>
<rw-visits order="3858">1</rw-visits>
<rw-visits order="3877">1</rw-visits>
<final-coverage>43.0745</final-coverage>
</rw-info>
<local-info>
<diamonds>86.038</diamonds>
<neighborhood k="4">17</neighborhood>
<clustering k="4">1.51861</clustering>
</local-info>
<label-info>
<edge-label id="0.0+2.0">583</edge-label>
<edge-label id="0.1+2.2">1056</edge-label>
<edge-label id="0.2+4.1">678</edge-label>
<edge-label id="0.3+5.1">780</edge-label>
<edge-label id="0.4+6.0">470</edge-label>
<edge-label id="1.0+2.0">583</edge-label>
<edge-label id="1.1+2.3">1056</edge-label>
<edge-label id="1.2+4.2">678</edge-label>
<edge-label id="1.3+5.2">780</edge-label>
<edge-label id="1.4+6.1">470</edge-label>
<edge-label id="2.1+3.0">1166</edge-label>
<edge-label id="2.4+4.0">912</edge-label>
<edge-label id="3.1+7.6">860</edge-label>
<edge-label id="4.3+7.0">166</edge-label>
<edge-label id="4.4">3136</edge-label>
<edge-label id="5.3+7.2">420</edge-label>
<edge-label id="7.1">376</edge-label>
<edge-label id="7.10">1364</edge-label>
<edge-label id="7.11+6.2">484</edge-label>
<edge-label id="7.12">984</edge-label>
<edge-label id="7.3">728</edge-label>
<edge-label id="7.4">532</edge-label>
<edge-label id="7.5">1216</edge-label>
<edge-label id="7.7">796</edge-label>
<edge-label id="7.8+5.0">420</edge-label>
<edge-label id="7.9">508</edge-label>
<state-labels procid="0">
<label id="[0]">783</label>
<label id="[1]">1644</label>
<label id="[2]">1644</label>
<label id="[3]">1644</label>
<label id="[4]">1644</label>
<label id="[5]">1644</label>
</state-labels><state-labels procid="1">
<label id="[0]">932</label>
<label id="[1]">1639</label>
<label id="[2]">1734</label>
<label id="[3]">2338</label>
<label id="[4]">2360</label>
</state-labels><state-labels procid="2">
<label id="[0]">932</label>
<label id="[1]">1639</label>
<label id="[2]">1734</label>
<label id="[3]">2338</label>
<label id="[4]">2360</label>
</state-labels><state-labels procid="3">
<label id="[0,0]">1807</label>
<label id="[0,1]">1806</label>
<label id="[1,0]">583</label>
<label id="[1,1]">583</label>
<label id="[2,0]">1056</label>
<label id="[2,1]">1056</label>
<label id="[3,0]">1056</label>
<label id="[3,1]">1056</label>
</state-labels><state-labels procid="4">
<label id="[0,0]">5675</label>
<label id="[0,1]">3080</label>
<label id="[0,2]">248</label>
</state-labels><state-labels procid="5">
<label id="[0,0]">1587</label>
<label id="[0,1]">1568</label>
<label id="[1,0]">678</label>
<label id="[1,1]">678</label>
<label id="[2,0]">1568</label>
<label id="[2,1]">1568</label>
<label id="[3,0]">678</label>
<label id="[3,1]">678</label>
</state-labels><state-labels procid="6">
<label id="[0,0]">3035</label>
<label id="[0,1]">2848</label>
<label id="[1,0]">780</label>
<label id="[1,1]">780</label>
<label id="[2,0]">780</label>
<label id="[2,1]">780</label>
</state-labels><state-labels procid="7">
<label id="[0,0]">4235</label>
<label id="[0,1]">3640</label>
<label id="[1,0]">564</label>
<label id="[1,1]">564</label>
</state-labels><state-labels procid="8">
<label id="[0,0,0,0,1]">22</label>
<label id="[0,0,0,0,255]">122</label>
<label id="[0,0,0,1,0]">22</label>
<label id="[0,0,0,1,255]">122</label>
<label id="[0,0,1,255,0]">66</label>
<label id="[0,0,1,255,1]">66</label>
<label id="[0,0,1,255,255]">332</label>
<label id="[0,1,0,0,255]">44</label>
<label id="[0,1,0,1,255]">44</label>
<label id="[0,1,1,255,255]">264</label>
<label id="[1,0,0,0,1]">22</label>
<label id="[1,0,0,0,255]">122</label>
<label id="[1,0,0,1,0]">22</label>
<label id="[1,0,0,1,255]">122</label>
<label id="[1,0,0,255,0]">122</label>
<label id="[1,0,0,255,1]">122</label>
<label id="[1,0,1,255,0]">66</label>
<label id="[1,0,1,255,1]">66</label>
<label id="[1,0,1,255,255]">332</label>
<label id="[1,1,0,0,255]">44</label>
<label id="[1,1,0,1,255]">44</label>
<label id="[1,1,0,255,255]">488</label>
<label id="[1,1,1,255,255]">264</label>
<label id="[2,0,0,0,1]">22</label>
<label id="[2,0,0,0,255]">122</label>
<label id="[2,0,0,1,0]">22</label>
<label id="[2,0,0,1,255]">122</label>
<label id="[2,0,0,255,0]">122</label>
<label id="[2,0,0,255,1]">122</label>
<label id="[2,0,0,255,255]">443</label>
<label id="[2,0,1,0,255]">66</label>
<label id="[2,0,1,1,255]">66</label>
<label id="[2,0,1,255,0]">66</label>
<label id="[2,0,1,255,1]">66</label>
<label id="[2,0,1,255,255]">332</label>
<label id="[2,1,0,255,255]">488</label>
<label id="[2,1,1,255,255]">264</label>
<label id="[3,0,0,0,1]">22</label>
<label id="[3,0,0,0,255]">122</label>
<label id="[3,0,0,1,0]">22</label>
<label id="[3,0,0,1,255]">122</label>
<label id="[3,0,0,255,0]">122</label>
<label id="[3,0,0,255,1]">122</label>
<label id="[3,0,0,255,255]">420</label>
<label id="[3,0,1,0,255]">66</label>
<label id="[3,0,1,1,255]">66</label>
<label id="[3,0,1,255,0]">66</label>
<label id="[3,0,1,255,1]">66</label>
<label id="[3,0,1,255,255]">192</label>
<label id="[3,1,0,255,0]">44</label>
<label id="[3,1,0,255,1]">44</label>
<label id="[3,1,0,255,255]">488</label>
<label id="[3,1,1,255,255]">264</label>
<label id="[4,0,0,0,1]">22</label>
<label id="[4,0,0,0,255]">62</label>
<label id="[4,0,0,1,0]">22</label>
<label id="[4,0,0,1,255]">62</label>
<label id="[4,0,0,255,0]">122</label>
<label id="[4,0,0,255,1]">122</label>
<label id="[4,0,0,255,255]">420</label>
<label id="[4,0,1,255,0]">66</label>
<label id="[4,0,1,255,1]">66</label>
<label id="[4,0,1,255,255]">192</label>
<label id="[4,1,0,255,0]">44</label>
<label id="[4,1,0,255,1]">44</label>
<label id="[4,1,0,255,255]">248</label>
</state-labels></label-info>
</state-space-info>
