<?xml version="1.0"?>
<!DOCTYPE state-space-info SYSTEM "../../state_space_info.dtd">


<state-space-info>
<states>29641</states>
<edges>97516</edges>
<bfs-info>
 <levels>81</levels>
<max-level>1392</max-level>

<back-level-edges>17416</back-level-edges>
<max-back-level-edge>19</max-back-level-edge>
<avg-back-level-edge>19</avg-back-level-edge>
<bfs-levels>
<level id="0"><states>1</states><edges>4</edges></level>
<level id="1"><states>4</states><edges>16</edges></level>
<level id="2"><states>16</states><edges>64</edges></level>
<level id="3"><states>52</states><edges>196</edges></level>
<level id="4"><states>124</states><edges>436</edges></level>
<level id="5"><states>217</states><edges>688</edges></level>
<level id="6"><states>280</states><edges>796</edges></level>
<level id="7"><states>280</states><edges>736</edges></level>
<level id="8"><states>244</states><edges>628</edges></level>
<level id="9"><states>220</states><edges>604</edges></level>
<level id="10"><states>268</states><edges>796</edges></level>
<level id="11"><states>340</states><edges>964</edges></level>
<level id="12"><states>364</states><edges>1000</edges></level>
<level id="13"><states>376</states><edges>1060</edges></level>
<level id="14"><states>424</states><edges>1252</edges></level>
<level id="15"><states>496</states><edges>1516</edges></level>
<level id="16"><states>592</states><edges>1732</edges></level>
<level id="17"><states>616</states><edges>1792</edges></level>
<level id="18"><states>688</states><edges>2140</edges></level>
<level id="19"><states>832</states><edges>2788</edges></level>
<level id="20"><states>1072</states><edges>3628</edges></level>
<level id="21"><states>1260</states><edges>4164</edges></level>
<level id="22"><states>1344</states><edges>4368</edges></level>
<level id="23"><states>1392</states><edges>4548</edges></level>
<level id="24"><states>1380</states><edges>4560</edges></level>
<level id="25"><states>1296</states><edges>4200</edges></level>
<level id="26"><states>1128</states><edges>3624</edges></level>
<level id="27"><states>984</states><edges>3264</edges></level>
<level id="28"><states>1008</states><edges>3420</edges></level>
<level id="29"><states>1044</states><edges>3552</edges></level>
<level id="30"><states>1074</states><edges>3456</edges></level>
<level id="31"><states>924</states><edges>2904</edges></level>
<level id="32"><states>768</states><edges>2544</edges></level>
<level id="33"><states>780</states><edges>2652</edges></level>
<level id="34"><states>876</states><edges>2964</edges></level>
<level id="35"><states>804</states><edges>2580</edges></level>
<level id="36"><states>648</states><edges>1980</edges></level>
<level id="37"><states>468</states><edges>1560</edges></level>
<level id="38"><states>516</states><edges>1872</edges></level>
<level id="39"><states>564</states><edges>2112</edges></level>
<level id="40"><states>582</states><edges>2088</edges></level>
<level id="41"><states>456</states><edges>1584</edges></level>
<level id="42"><states>312</states><edges>1104</edges></level>
<level id="43"><states>252</states><edges>888</edges></level>
<level id="44"><states>192</states><edges>732</edges></level>
<level id="45"><states>174</states><edges>660</edges></level>
<level id="46"><states>156</states><edges>588</edges></level>
<level id="47"><states>156</states><edges>624</edges></level>
<level id="48"><states>192</states><edges>720</edges></level>
<level id="49"><states>180</states><edges>684</edges></level>
<level id="50"><states>144</states><edges>540</edges></level>
<level id="51"><states>112</states><edges>412</edges></level>
<level id="52"><states>100</states><edges>400</edges></level>
<level id="53"><states>124</states><edges>472</edges></level>
<level id="54"><states>124</states><edges>472</edges></level>
<level id="55"><states>94</states><edges>352</edges></level>
<level id="56"><states>68</states><edges>248</edges></level>
<level id="57"><states>56</states><edges>224</edges></level>
<level id="58"><states>80</states><edges>308</edges></level>
<level id="59"><states>80</states><edges>308</edges></level>
<level id="60"><states>56</states><edges>212</edges></level>
<level id="61"><states>28</states><edges>100</edges></level>
<level id="62"><states>12</states><edges>48</edges></level>
<level id="63"><states>12</states><edges>48</edges></level>
<level id="64"><states>12</states><edges>48</edges></level>
<level id="65"><states>12</states><edges>48</edges></level>
<level id="66"><states>12</states><edges>48</edges></level>
<level id="67"><states>12</states><edges>48</edges></level>
<level id="68"><states>12</states><edges>48</edges></level>
<level id="69"><states>12</states><edges>48</edges></level>
<level id="70"><states>9</states><edges>36</edges></level>
<level id="71"><states>8</states><edges>32</edges></level>
<level id="72"><states>8</states><edges>32</edges></level>
<level id="73"><states>8</states><edges>32</edges></level>
<level id="74"><states>8</states><edges>32</edges></level>
<level id="75"><states>5</states><edges>20</edges></level>
<level id="76"><states>4</states><edges>16</edges></level>
<level id="77"><states>4</states><edges>16</edges></level>
<level id="78"><states>4</states><edges>16</edges></level>
<level id="79"><states>4</states><edges>16</edges></level>
<level id="80"><states>1</states><edges>4</edges></level>
</bfs-levels>
<back-level-length id="0">0</back-level-length>
<back-level-length id="1">0</back-level-length>
<back-level-length id="2">0</back-level-length>
<back-level-length id="3">0</back-level-length>
<back-level-length id="4">0</back-level-length>
<back-level-length id="5">0</back-level-length>
<back-level-length id="6">0</back-level-length>
<back-level-length id="7">0</back-level-length>
<back-level-length id="8">0</back-level-length>
<back-level-length id="9">0</back-level-length>
<back-level-length id="10">0</back-level-length>
<back-level-length id="11">0</back-level-length>
<back-level-length id="12">0</back-level-length>
<back-level-length id="13">0</back-level-length>
<back-level-length id="14">0</back-level-length>
<back-level-length id="15">0</back-level-length>
<back-level-length id="16">0</back-level-length>
<back-level-length id="17">0</back-level-length>
<back-level-length id="18">0</back-level-length>
<back-level-length id="19">100</back-level-length>
</bfs-info>
<degrees>
<avg>3.2899</avg>
<max-in>10</max-in>
<max-out>4</max-out>
<degree id="0"><in>1</in><out>0</out></degree>
<degree id="1"><in>6904</in><out>456</out></degree>
<degree id="2"><in>6268</in><out>4032</out></degree>
<degree id="3"><in>3736</in><out>11616</out></degree>
<degree id="4"><in>3076</in><out>13537</out></degree>
<degree id="5"><in>5920</in><out>0</out></degree>
<degree id="6"><in>1812</in><out>0</out></degree>
<degree id="7"><in>1492</in><out>0</out></degree>
<degree id="8"><in>264</in><out>0</out></degree>
<degree id="9"><in>144</in><out>0</out></degree>
<degree id="10"><in>24</in><out>0</out></degree>
</degrees>
<scc-info>
<count>2</count>
<height>1</height>
<nontrivial-height>1</nontrivial-height>
<trivial>1</trivial>
<terminal>1</terminal>
<largest>29640</largest>
<largest-position> the only terminal</largest-position>
</scc-info>
<dfs-info>
<stack-size id="148">0.499308</stack-size>
<stack-size id="296">0.998617</stack-size>
<stack-size id="444">1.49793</stack-size>
<stack-size id="592">1.99723</stack-size>
<stack-size id="740">2.49317</stack-size>
<stack-size id="888">2.99248</stack-size>
<stack-size id="1036">3.49179</stack-size>
<stack-size id="1184">3.9776</stack-size>
<stack-size id="1332">4.46341</stack-size>
<stack-size id="1480">4.94585</stack-size>
<stack-size id="1628">5.39118</stack-size>
<stack-size id="1776">5.88037</stack-size>
<stack-size id="1924">6.34931</stack-size>
<stack-size id="2072">6.84187</stack-size>
<stack-size id="2220">7.31082</stack-size>
<stack-size id="2368">7.81013</stack-size>
<stack-size id="2516">8.29257</stack-size>
<stack-size id="2664">8.76489</stack-size>
<stack-size id="2812">9.23721</stack-size>
<stack-size id="2960">9.71965</stack-size>
<stack-size id="3108">10.1785</stack-size>
<stack-size id="3256">10.6609</stack-size>
<stack-size id="3404">11.1265</stack-size>
<stack-size id="3552">11.5246</stack-size>
<stack-size id="3700">12.0036</stack-size>
<stack-size id="3848">12.4119</stack-size>
<stack-size id="3996">12.8336</stack-size>
<stack-size id="4144">13.2722</stack-size>
<stack-size id="4292">13.6028</stack-size>
<stack-size id="4440">14.0043</stack-size>
<stack-size id="4588">14.4462</stack-size>
<stack-size id="4736">14.8882</stack-size>
<stack-size id="4884">15.185</stack-size>
<stack-size id="5032">15.5764</stack-size>
<stack-size id="5180">15.9543</stack-size>
<stack-size id="5328">16.3254</stack-size>
<stack-size id="5476">16.6998</stack-size>
<stack-size id="5624">17.1114</stack-size>
<stack-size id="5772">17.324</stack-size>
<stack-size id="5920">17.6883</stack-size>
<stack-size id="6068">18.0493</stack-size>
<stack-size id="6216">18.444</stack-size>
<stack-size id="6364">18.8995</stack-size>
<stack-size id="6512">19.301</stack-size>
<stack-size id="6660">19.6181</stack-size>
<stack-size id="6808">19.9116</stack-size>
<stack-size id="6956">20.2152</stack-size>
<stack-size id="7104">20.5391</stack-size>
<stack-size id="7252">20.9203</stack-size>
<stack-size id="7400">21.2847</stack-size>
<stack-size id="7548">21.5242</stack-size>
<stack-size id="7696">21.8144</stack-size>
<stack-size id="7844">22.0843</stack-size>
<stack-size id="7992">22.4453</stack-size>
<stack-size id="8140">22.6207</stack-size>
<stack-size id="8288">22.8872</stack-size>
<stack-size id="8436">23.0593</stack-size>
<stack-size id="8584">23.4304</stack-size>
<stack-size id="8732">23.6868</stack-size>
<stack-size id="8880">24.0916</stack-size>
<stack-size id="9028">24.4492</stack-size>
<stack-size id="9176">24.7562</stack-size>
<stack-size id="9324">25.1442</stack-size>
<stack-size id="9472">25.5255</stack-size>
<stack-size id="9620">25.8932</stack-size>
<stack-size id="9768">26.153</stack-size>
<stack-size id="9916">26.3453</stack-size>
<stack-size id="10064">26.6961</stack-size>
<stack-size id="10212">27.0571</stack-size>
<stack-size id="10360">27.3945</stack-size>
<stack-size id="10508">27.7521</stack-size>
<stack-size id="10656">28.0692</stack-size>
<stack-size id="10804">28.3425</stack-size>
<stack-size id="10952">28.6326</stack-size>
<stack-size id="11100">28.9531</stack-size>
<stack-size id="11248">29.2062</stack-size>
<stack-size id="11396">29.4828</stack-size>
<stack-size id="11544">29.7291</stack-size>
<stack-size id="11692">30.0597</stack-size>
<stack-size id="11840">30.4005</stack-size>
<stack-size id="11988">30.7513</stack-size>
<stack-size id="12136">30.8492</stack-size>
<stack-size id="12284">30.9065</stack-size>
<stack-size id="12432">31.1899</stack-size>
<stack-size id="12580">31.5678</stack-size>
<stack-size id="12728">31.8613</stack-size>
<stack-size id="12876">32.202</stack-size>
<stack-size id="13024">32.5495</stack-size>
<stack-size id="13172">32.8599</stack-size>
<stack-size id="13320">33.2647</stack-size>
<stack-size id="13468">33.511</stack-size>
<stack-size id="13616">33.8383</stack-size>
<stack-size id="13764">34.0576</stack-size>
<stack-size id="13912">34.2768</stack-size>
<stack-size id="14060">34.4995</stack-size>
<stack-size id="14208">34.8909</stack-size>
<stack-size id="14356">34.982</stack-size>
<stack-size id="14504">35.1304</stack-size>
<stack-size id="14652">35.3159</stack-size>
<stack-size id="14800">35.4846</stack-size>
<stack-size id="14948">35.6803</stack-size>
<stack-size id="15096">36.0413</stack-size>
<stack-size id="15244">36.4057</stack-size>
<stack-size id="15392">36.7025</stack-size>
<stack-size id="15540">36.9218</stack-size>
<stack-size id="15688">37.1884</stack-size>
<stack-size id="15836">37.3199</stack-size>
<stack-size id="15984">37.573</stack-size>
<stack-size id="16132">37.8361</stack-size>
<stack-size id="16280">37.9947</stack-size>
<stack-size id="16428">38.2275</stack-size>
<stack-size id="16576">38.332</stack-size>
<stack-size id="16724">38.4029</stack-size>
<stack-size id="16872">38.5243</stack-size>
<stack-size id="17020">38.6559</stack-size>
<stack-size id="17168">38.801</stack-size>
<stack-size id="17316">38.9562</stack-size>
<stack-size id="17464">39.0641</stack-size>
<stack-size id="17612">39.1417</stack-size>
<stack-size id="17760">39.2666</stack-size>
<stack-size id="17908">39.4656</stack-size>
<stack-size id="18056">39.7254</stack-size>
<stack-size id="18204">39.9885</stack-size>
<stack-size id="18352">40.0965</stack-size>
<stack-size id="18500">40.2854</stack-size>
<stack-size id="18648">40.4237</stack-size>
<stack-size id="18796">40.4271</stack-size>
<stack-size id="18944">40.2281</stack-size>
<stack-size id="19092">40.4035</stack-size>
<stack-size id="19240">40.2112</stack-size>
<stack-size id="19388">40.4676</stack-size>
<stack-size id="19536">40.5182</stack-size>
<stack-size id="19684">40.5148</stack-size>
<stack-size id="19832">40.417</stack-size>
<stack-size id="19980">40.3698</stack-size>
<stack-size id="20128">40.2483</stack-size>
<stack-size id="20276">40.1808</stack-size>
<stack-size id="20424">40.0796</stack-size>
<stack-size id="20572">40.1707</stack-size>
<stack-size id="20720">40.39</stack-size>
<stack-size id="20868">40.4372</stack-size>
<stack-size id="21016">40.4912</stack-size>
<stack-size id="21164">40.4507</stack-size>
<stack-size id="21312">40.2652</stack-size>
<stack-size id="21460">40.4001</stack-size>
<stack-size id="21608">40.137</stack-size>
<stack-size id="21756">39.9278</stack-size>
<stack-size id="21904">39.5331</stack-size>
<stack-size id="22052">39.4521</stack-size>
<stack-size id="22200">38.9798</stack-size>
<stack-size id="22348">38.774</stack-size>
<stack-size id="22496">38.7268</stack-size>
<stack-size id="22644">37.9845</stack-size>
<stack-size id="22792">37.4211</stack-size>
<stack-size id="22940">37.2288</stack-size>
<stack-size id="23088">36.6283</stack-size>
<stack-size id="23236">36.2808</stack-size>
<stack-size id="23384">35.7275</stack-size>
<stack-size id="23532">35.0427</stack-size>
<stack-size id="23680">34.4253</stack-size>
<stack-size id="23828">34.2431</stack-size>
<stack-size id="23976">33.8619</stack-size>
<stack-size id="24124">33.3828</stack-size>
<stack-size id="24272">32.7789</stack-size>
<stack-size id="24420">31.8748</stack-size>
<stack-size id="24568">31.4935</stack-size>
<stack-size id="24716">31.0448</stack-size>
<stack-size id="24864">30.1339</stack-size>
<stack-size id="25012">29.358</stack-size>
<stack-size id="25160">28.4774</stack-size>
<stack-size id="25308">27.9005</stack-size>
<stack-size id="25456">27.2764</stack-size>
<stack-size id="25604">27.1381</stack-size>
<stack-size id="25752">25.8966</stack-size>
<stack-size id="25900">24.9857</stack-size>
<stack-size id="26048">24.537</stack-size>
<stack-size id="26196">23.7543</stack-size>
<stack-size id="26344">23.7576</stack-size>
<stack-size id="26492">23.5721</stack-size>
<stack-size id="26640">23.0626</stack-size>
<stack-size id="26788">22.0303</stack-size>
<stack-size id="26936">21.2645</stack-size>
<stack-size id="27084">20.5459</stack-size>
<stack-size id="27232">19.6282</stack-size>
<stack-size id="27380">18.6431</stack-size>
<stack-size id="27528">18.0594</stack-size>
<stack-size id="27676">17.4184</stack-size>
<stack-size id="27824">16.7606</stack-size>
<stack-size id="27972">15.9543</stack-size>
<stack-size id="28120">14.9152</stack-size>
<stack-size id="28268">14.1223</stack-size>
<stack-size id="28416">13.2924</stack-size>
<stack-size id="28564">11.8383</stack-size>
<stack-size id="28712">10.7385</stack-size>
<stack-size id="28860">9.57795</stack-size>
<stack-size id="29008">9.40252</stack-size>
<stack-size id="29156">8.60632</stack-size>
<stack-size id="29304">6.59222</stack-size>
<stack-size id="29452">3.48841</stack-size>
<stack-size id="29600">1.36298</stack-size>
<max-stack>12017</max-stack>
<front-edges>29640</front-edges>
<back-edges>22718</back-edges>
<cross-edges>45158</cross-edges>
<shortest-cycle>20</shortest-cycle>
</dfs-info>
<rw-info>
<coverage step="2960">3.8359</coverage>
<coverage step="5920">6.0052</coverage>
<coverage step="8880">7.40191</coverage>
<coverage step="11840">8.1981</coverage>
<coverage step="14800">9.00779</coverage>
<coverage step="17760">9.54421</coverage>
<coverage step="20720">10.0975</coverage>
<coverage step="23680">10.5192</coverage>
<coverage step="26640">11.2041</coverage>
<coverage step="29600">11.7877</coverage>
<coverage step="32560">12.2027</coverage>
<coverage step="35520">12.5164</coverage>
<coverage step="38480">12.9989</coverage>
<coverage step="41440">13.3126</coverage>
<coverage step="44400">13.7681</coverage>
<coverage step="47360">14.1898</coverage>
<coverage step="50320">14.5069</coverage>
<coverage step="53280">14.7903</coverage>
<coverage step="56240">15.185</coverage>
<coverage step="59200">15.5562</coverage>
<coverage step="62160">15.9408</coverage>
<coverage step="65120">16.2039</coverage>
<coverage step="68080">16.4063</coverage>
<coverage step="71040">16.6897</coverage>
<coverage step="74000">16.9293</coverage>
<coverage step="76960">17.1958</coverage>
<coverage step="79920">17.523</coverage>
<coverage step="82880">17.6816</coverage>
<coverage step="85840">17.9616</coverage>
<coverage step="88800">18.1809</coverage>
<coverage step="91760">18.4575</coverage>
<coverage step="94720">18.5992</coverage>
<coverage step="97680">18.7645</coverage>
<coverage step="100640">18.9265</coverage>
<coverage step="103600">19.1222</coverage>
<coverage step="106560">19.2774</coverage>
<coverage step="109520">19.4089</coverage>
<coverage step="112480">19.5641</coverage>
<coverage step="115440">19.8981</coverage>
<coverage step="118400">20.0904</coverage>
<coverage step="121360">20.2557</coverage>
<coverage step="124320">20.4548</coverage>
<coverage step="127280">20.637</coverage>
<coverage step="130240">20.7989</coverage>
<coverage step="133200">20.9979</coverage>
<coverage step="136160">21.224</coverage>
<coverage step="139120">21.4736</coverage>
<coverage step="142080">21.6929</coverage>
<coverage step="145040">21.8414</coverage>
<coverage step="148000">21.9999</coverage>
<coverage step="150960">22.0809</coverage>
<coverage step="153920">22.1787</coverage>
<coverage step="156880">22.3306</coverage>
<coverage step="159840">22.4115</coverage>
<coverage step="162800">22.5161</coverage>
<coverage step="165760">22.6443</coverage>
<coverage step="168720">22.8265</coverage>
<coverage step="171680">22.9311</coverage>
<coverage step="174640">23.0694</coverage>
<coverage step="177600">23.2043</coverage>
<coverage step="180560">23.3325</coverage>
<coverage step="183520">23.4236</coverage>
<coverage step="186480">23.535</coverage>
<coverage step="189440">23.6227</coverage>
<coverage step="192400">23.7408</coverage>
<coverage step="195360">23.8453</coverage>
<coverage step="198320">23.9263</coverage>
<coverage step="201280">24.041</coverage>
<coverage step="204240">24.1389</coverage>
<coverage step="207200">24.2367</coverage>
<coverage step="210160">24.3413</coverage>
<coverage step="213120">24.4459</coverage>
<coverage step="216080">24.5673</coverage>
<coverage step="219040">24.6854</coverage>
<coverage step="222000">24.7934</coverage>
<coverage step="224960">24.9351</coverage>
<coverage step="227920">25.0363</coverage>
<coverage step="230880">25.1206</coverage>
<coverage step="233840">25.2421</coverage>
<coverage step="236800">25.3534</coverage>
<coverage step="239760">25.458</coverage>
<coverage step="242720">25.4782</coverage>
<coverage step="245680">25.6165</coverage>
<coverage step="248640">25.7515</coverage>
<coverage step="251600">25.8763</coverage>
<coverage step="254560">25.9269</coverage>
<coverage step="257520">26.0416</coverage>
<coverage step="260480">26.1293</coverage>
<coverage step="263440">26.1833</coverage>
<coverage step="266400">26.3216</coverage>
<coverage step="269360">26.3857</coverage>
<coverage step="272320">26.4701</coverage>
<coverage step="275280">26.6253</coverage>
<coverage step="278240">26.6961</coverage>
<coverage step="281200">26.7805</coverage>
<coverage step="284160">26.8952</coverage>
<coverage step="287120">26.9795</coverage>
<coverage step="290080">27.047</coverage>
<coverage step="293040">27.0875</coverage>
<coverage step="296000">27.2292</coverage>
<rw-visits order="1">593</rw-visits>
<rw-visits order="41">471</rw-visits>
<rw-visits order="81">434</rw-visits>
<rw-visits order="121">403</rw-visits>
<rw-visits order="161">374</rw-visits>
<rw-visits order="201">332</rw-visits>
<rw-visits order="241">296</rw-visits>
<rw-visits order="281">283</rw-visits>
<rw-visits order="321">271</rw-visits>
<rw-visits order="361">262</rw-visits>
<rw-visits order="401">253</rw-visits>
<rw-visits order="441">244</rw-visits>
<rw-visits order="481">237</rw-visits>
<rw-visits order="521">229</rw-visits>
<rw-visits order="561">220</rw-visits>
<rw-visits order="601">208</rw-visits>
<rw-visits order="641">191</rw-visits>
<rw-visits order="681">163</rw-visits>
<rw-visits order="721">149</rw-visits>
<rw-visits order="761">141</rw-visits>
<rw-visits order="801">133</rw-visits>
<rw-visits order="841">128</rw-visits>
<rw-visits order="881">121</rw-visits>
<rw-visits order="921">114</rw-visits>
<rw-visits order="961">98</rw-visits>
<rw-visits order="1001">70</rw-visits>
<rw-visits order="1041">64</rw-visits>
<rw-visits order="1081">58</rw-visits>
<rw-visits order="1121">54</rw-visits>
<rw-visits order="1161">51</rw-visits>
<rw-visits order="1201">48</rw-visits>
<rw-visits order="1241">45</rw-visits>
<rw-visits order="1281">41</rw-visits>
<rw-visits order="1321">37</rw-visits>
<rw-visits order="1361">32</rw-visits>
<rw-visits order="1401">30</rw-visits>
<rw-visits order="1441">28</rw-visits>
<rw-visits order="1481">26</rw-visits>
<rw-visits order="1521">25</rw-visits>
<rw-visits order="1561">24</rw-visits>
<rw-visits order="1601">23</rw-visits>
<rw-visits order="1641">23</rw-visits>
<rw-visits order="1681">22</rw-visits>
<rw-visits order="1721">21</rw-visits>
<rw-visits order="1761">21</rw-visits>
<rw-visits order="1801">20</rw-visits>
<rw-visits order="1841">19</rw-visits>
<rw-visits order="1881">19</rw-visits>
<rw-visits order="1921">18</rw-visits>
<rw-visits order="1961">18</rw-visits>
<rw-visits order="2001">17</rw-visits>
<rw-visits order="2041">16</rw-visits>
<rw-visits order="2081">16</rw-visits>
<rw-visits order="2121">15</rw-visits>
<rw-visits order="2161">15</rw-visits>
<rw-visits order="2201">14</rw-visits>
<rw-visits order="2241">13</rw-visits>
<rw-visits order="2281">13</rw-visits>
<rw-visits order="2321">12</rw-visits>
<rw-visits order="2361">12</rw-visits>
<rw-visits order="2401">11</rw-visits>
<rw-visits order="2441">11</rw-visits>
<rw-visits order="2481">10</rw-visits>
<rw-visits order="2521">10</rw-visits>
<rw-visits order="2561">10</rw-visits>
<rw-visits order="2601">9</rw-visits>
<rw-visits order="2641">9</rw-visits>
<rw-visits order="2681">9</rw-visits>
<rw-visits order="2721">8</rw-visits>
<rw-visits order="2761">8</rw-visits>
<rw-visits order="2801">8</rw-visits>
<rw-visits order="2841">8</rw-visits>
<rw-visits order="2881">7</rw-visits>
<rw-visits order="2921">7</rw-visits>
<rw-visits order="2961">7</rw-visits>
<rw-visits order="3001">7</rw-visits>
<rw-visits order="3041">7</rw-visits>
<rw-visits order="3081">6</rw-visits>
<rw-visits order="3121">6</rw-visits>
<rw-visits order="3161">6</rw-visits>
<rw-visits order="3201">6</rw-visits>
<rw-visits order="3241">6</rw-visits>
<rw-visits order="3281">6</rw-visits>
<rw-visits order="3321">5</rw-visits>
<rw-visits order="3361">5</rw-visits>
<rw-visits order="3401">5</rw-visits>
<rw-visits order="3441">5</rw-visits>
<rw-visits order="3481">5</rw-visits>
<rw-visits order="3521">5</rw-visits>
<rw-visits order="3561">5</rw-visits>
<rw-visits order="3601">5</rw-visits>
<rw-visits order="3641">4</rw-visits>
<rw-visits order="3681">4</rw-visits>
<rw-visits order="3721">4</rw-visits>
<rw-visits order="3761">4</rw-visits>
<rw-visits order="3801">4</rw-visits>
<rw-visits order="3841">4</rw-visits>
<rw-visits order="3881">4</rw-visits>
<rw-visits order="3921">4</rw-visits>
<rw-visits order="3961">4</rw-visits>
<rw-visits order="4001">4</rw-visits>
<rw-visits order="4041">3</rw-visits>
<rw-visits order="4081">3</rw-visits>
<rw-visits order="4121">3</rw-visits>
<rw-visits order="4161">3</rw-visits>
<rw-visits order="4201">3</rw-visits>
<rw-visits order="4241">3</rw-visits>
<rw-visits order="4281">3</rw-visits>
<rw-visits order="4321">3</rw-visits>
<rw-visits order="4361">3</rw-visits>
<rw-visits order="4401">3</rw-visits>
<rw-visits order="4441">3</rw-visits>
<rw-visits order="4481">3</rw-visits>
<rw-visits order="4521">3</rw-visits>
<rw-visits order="4561">3</rw-visits>
<rw-visits order="4601">3</rw-visits>
<rw-visits order="4641">3</rw-visits>
<rw-visits order="4681">3</rw-visits>
<rw-visits order="4721">2</rw-visits>
<rw-visits order="4761">2</rw-visits>
<rw-visits order="4801">2</rw-visits>
<rw-visits order="4841">2</rw-visits>
<rw-visits order="4881">2</rw-visits>
<rw-visits order="4921">2</rw-visits>
<rw-visits order="4961">2</rw-visits>
<rw-visits order="5001">2</rw-visits>
<rw-visits order="5041">2</rw-visits>
<rw-visits order="5081">2</rw-visits>
<rw-visits order="5121">2</rw-visits>
<rw-visits order="5161">2</rw-visits>
<rw-visits order="5201">2</rw-visits>
<rw-visits order="5241">2</rw-visits>
<rw-visits order="5281">2</rw-visits>
<rw-visits order="5321">2</rw-visits>
<rw-visits order="5361">2</rw-visits>
<rw-visits order="5401">2</rw-visits>
<rw-visits order="5441">2</rw-visits>
<rw-visits order="5481">2</rw-visits>
<rw-visits order="5521">2</rw-visits>
<rw-visits order="5561">2</rw-visits>
<rw-visits order="5601">2</rw-visits>
<rw-visits order="5641">2</rw-visits>
<rw-visits order="5681">2</rw-visits>
<rw-visits order="5721">2</rw-visits>
<rw-visits order="5761">2</rw-visits>
<rw-visits order="5801">1</rw-visits>
<rw-visits order="5841">1</rw-visits>
<rw-visits order="5881">1</rw-visits>
<rw-visits order="5921">1</rw-visits>
<rw-visits order="5961">1</rw-visits>
<rw-visits order="6001">1</rw-visits>
<rw-visits order="6041">1</rw-visits>
<rw-visits order="6081">1</rw-visits>
<rw-visits order="6121">1</rw-visits>
<rw-visits order="6161">1</rw-visits>
<rw-visits order="6201">1</rw-visits>
<rw-visits order="6241">1</rw-visits>
<rw-visits order="6281">1</rw-visits>
<rw-visits order="6321">1</rw-visits>
<rw-visits order="6361">1</rw-visits>
<rw-visits order="6401">1</rw-visits>
<rw-visits order="6441">1</rw-visits>
<rw-visits order="6481">1</rw-visits>
<rw-visits order="6521">1</rw-visits>
<rw-visits order="6561">1</rw-visits>
<rw-visits order="6601">1</rw-visits>
<rw-visits order="6641">1</rw-visits>
<rw-visits order="6681">1</rw-visits>
<rw-visits order="6721">1</rw-visits>
<rw-visits order="6761">1</rw-visits>
<rw-visits order="6801">1</rw-visits>
<rw-visits order="6841">1</rw-visits>
<rw-visits order="6881">1</rw-visits>
<rw-visits order="6921">1</rw-visits>
<rw-visits order="6961">1</rw-visits>
<rw-visits order="7001">1</rw-visits>
<rw-visits order="7041">1</rw-visits>
<rw-visits order="7081">1</rw-visits>
<rw-visits order="7121">1</rw-visits>
<rw-visits order="7161">1</rw-visits>
<rw-visits order="7201">1</rw-visits>
<rw-visits order="7241">1</rw-visits>
<rw-visits order="7281">1</rw-visits>
<rw-visits order="7321">1</rw-visits>
<rw-visits order="7361">1</rw-visits>
<rw-visits order="7401">1</rw-visits>
<rw-visits order="7441">1</rw-visits>
<rw-visits order="7481">1</rw-visits>
<rw-visits order="7521">1</rw-visits>
<rw-visits order="7561">1</rw-visits>
<rw-visits order="7601">1</rw-visits>
<rw-visits order="7641">1</rw-visits>
<rw-visits order="7681">1</rw-visits>
<rw-visits order="7721">1</rw-visits>
<rw-visits order="7761">1</rw-visits>
<rw-visits order="7801">1</rw-visits>
<rw-visits order="7841">1</rw-visits>
<rw-visits order="7881">1</rw-visits>
<rw-visits order="7921">1</rw-visits>
<rw-visits order="7961">1</rw-visits>
<rw-visits order="8001">1</rw-visits>
<rw-visits order="8041">1</rw-visits>
<final-coverage>27.2292</final-coverage>
</rw-info>
<local-info>
<diamonds>94.2613</diamonds>
<neighborhood k="4">52</neighborhood>
<clustering k="4">1.68816</clustering>
</local-info>
<label-info>
<edge-label id="0.0">10478</edge-label>
<edge-label id="0.1">1534</edge-label>
<edge-label id="0.2">7324</edge-label>
<edge-label id="0.3">1681</edge-label>
<edge-label id="0.4">1681</edge-label>
<edge-label id="0.5">1681</edge-label>
<edge-label id="1.0">10478</edge-label>
<edge-label id="1.1">1534</edge-label>
<edge-label id="1.2">7324</edge-label>
<edge-label id="1.3">1681</edge-label>
<edge-label id="1.4">1681</edge-label>
<edge-label id="1.5">1681</edge-label>
<edge-label id="2.0">10478</edge-label>
<edge-label id="2.1">1534</edge-label>
<edge-label id="2.2">7324</edge-label>
<edge-label id="2.3">1681</edge-label>
<edge-label id="2.4">1681</edge-label>
<edge-label id="2.5">1681</edge-label>
<edge-label id="3.0">10478</edge-label>
<edge-label id="3.1">1534</edge-label>
<edge-label id="3.2">7324</edge-label>
<edge-label id="3.3">1681</edge-label>
<edge-label id="3.4">1681</edge-label>
<edge-label id="3.5">1681</edge-label>
<state-labels procid="0">
<label id="[{0|0|0|0},0]">880</label>
<label id="[{0|0|0|0},1]">1336</label>
<label id="[{0|0|0|0},2]">1684</label>
<label id="[{0|0|0|0},3]">1768</label>
<label id="[{0|0|0|0},4]">624</label>
<label id="[{0|0|0|0},5]">336</label>
<label id="[{0|0|0|0},6]">96</label>
<label id="[{0|0|0|1},0]">512</label>
<label id="[{0|0|0|1},1]">1152</label>
<label id="[{0|0|0|1},2]">1536</label>
<label id="[{0|0|0|1},3]">1135</label>
<label id="[{0|0|0|1},4]">256</label>
<label id="[{0|0|0|1},5]">384</label>
<label id="[{0|0|0|1},6]">384</label>
<label id="[{0|0|0|1},7]">192</label>
<label id="[{0|0|1|0},0]">648</label>
<label id="[{0|0|1|0},1]">1080</label>
<label id="[{0|0|1|0},2]">943</label>
<label id="[{0|0|1|0},3]">792</label>
<label id="[{0|0|1|0},4]">648</label>
<label id="[{0|0|1|0},5]">720</label>
<label id="[{0|0|1|0},6]">384</label>
<label id="[{0|1|0|0},0]">912</label>
<label id="[{0|1|0|0},1]">967</label>
<label id="[{0|1|0|0},2]">840</label>
<label id="[{0|1|0|0},3]">1512</label>
<label id="[{0|1|0|0},4]">912</label>
<label id="[{0|1|0|0},5]">528</label>
<label id="[{1|0|0|0},0]">848</label>
<label id="[{1|0|0|0},1]">916</label>
<label id="[{1|0|0|0},2]">1788</label>
<label id="[{1|0|0|0},3]">2256</label>
<label id="[{1|0|0|0},4]">672</label>
</state-labels><state-labels procid="1">
<label id="[0,0]">2654</label>
<label id="[0,1]">2542</label>
<label id="[0,2]">2482</label>
<label id="[0,3]">2800</label>
<label id="[1,0]">922</label>
<label id="[1,1]">1330</label>
<label id="[1,2]">1618</label>
<label id="[1,3]">1534</label>
<label id="[1,4]">1576</label>
<label id="[1,5]">1194</label>
<label id="[1,6]">684</label>
<label id="[2,0]">1603</label>
<label id="[2,1]">1630</label>
<label id="[2,2]">1642</label>
<label id="[2,3]">2068</label>
<label id="[3,0]">433</label>
<label id="[3,1]">376</label>
<label id="[3,2]">352</label>
<label id="[3,3]">520</label>
<label id="[4,0]">433</label>
<label id="[4,1]">376</label>
<label id="[4,2]">352</label>
<label id="[4,3]">520</label>
</state-labels><state-labels procid="2">
<label id="[0,0]">2654</label>
<label id="[0,1]">2542</label>
<label id="[0,2]">2482</label>
<label id="[0,3]">2800</label>
<label id="[1,0]">922</label>
<label id="[1,1]">1330</label>
<label id="[1,2]">1618</label>
<label id="[1,3]">1534</label>
<label id="[1,4]">1576</label>
<label id="[1,5]">1194</label>
<label id="[1,6]">684</label>
<label id="[2,0]">1603</label>
<label id="[2,1]">1630</label>
<label id="[2,2]">1642</label>
<label id="[2,3]">2068</label>
<label id="[3,0]">433</label>
<label id="[3,1]">376</label>
<label id="[3,2]">352</label>
<label id="[3,3]">520</label>
<label id="[4,0]">433</label>
<label id="[4,1]">376</label>
<label id="[4,2]">352</label>
<label id="[4,3]">520</label>
</state-labels><state-labels procid="3">
<label id="[0,0]">2654</label>
<label id="[0,1]">2542</label>
<label id="[0,2]">2482</label>
<label id="[0,3]">2800</label>
<label id="[1,0]">922</label>
<label id="[1,1]">1330</label>
<label id="[1,2]">1618</label>
<label id="[1,3]">1534</label>
<label id="[1,4]">1576</label>
<label id="[1,5]">1194</label>
<label id="[1,6]">684</label>
<label id="[2,0]">1603</label>
<label id="[2,1]">1630</label>
<label id="[2,2]">1642</label>
<label id="[2,3]">2068</label>
<label id="[3,0]">433</label>
<label id="[3,1]">376</label>
<label id="[3,2]">352</label>
<label id="[3,3]">520</label>
<label id="[4,0]">433</label>
<label id="[4,1]">376</label>
<label id="[4,2]">352</label>
<label id="[4,3]">520</label>
</state-labels><state-labels procid="4">
<label id="[0,0]">2654</label>
<label id="[0,1]">2542</label>
<label id="[0,2]">2482</label>
<label id="[0,3]">2800</label>
<label id="[1,0]">922</label>
<label id="[1,1]">1330</label>
<label id="[1,2]">1618</label>
<label id="[1,3]">1534</label>
<label id="[1,4]">1576</label>
<label id="[1,5]">1194</label>
<label id="[1,6]">684</label>
<label id="[2,0]">1603</label>
<label id="[2,1]">1630</label>
<label id="[2,2]">1642</label>
<label id="[2,3]">2068</label>
<label id="[3,0]">433</label>
<label id="[3,1]">376</label>
<label id="[3,2]">352</label>
<label id="[3,3]">520</label>
<label id="[4,0]">433</label>
<label id="[4,1]">376</label>
<label id="[4,2]">352</label>
<label id="[4,3]">520</label>
</state-labels></label-info>
</state-space-info>
