<?xml version="1.0"?>
<!DOCTYPE state-space-info SYSTEM "../../state_space_info.dtd">


<state-space-info>
<states>1459</states>
<edges>3705</edges>
<bfs-info>
 <levels>46</levels>
<max-level>93</max-level>

<back-level-edges>729</back-level-edges>
<max-back-level-edge>14</max-back-level-edge>
<avg-back-level-edge>14</avg-back-level-edge>
<bfs-levels>
<level id="0"><states>1</states><edges>3</edges></level>
<level id="1"><states>3</states><edges>9</edges></level>
<level id="2"><states>9</states><edges>27</edges></level>
<level id="3"><states>21</states><edges>57</edges></level>
<level id="4"><states>33</states><edges>81</edges></level>
<level id="5"><states>37</states><edges>81</edges></level>
<level id="6"><states>33</states><edges>69</edges></level>
<level id="7"><states>27</states><edges>57</edges></level>
<level id="8"><states>27</states><edges>63</edges></level>
<level id="9"><states>39</states><edges>93</edges></level>
<level id="10"><states>45</states><edges>99</edges></level>
<level id="11"><states>45</states><edges>99</edges></level>
<level id="12"><states>45</states><edges>105</edges></level>
<level id="13"><states>57</states><edges>147</edges></level>
<level id="14"><states>75</states><edges>201</edges></level>
<level id="15"><states>93</states><edges>231</edges></level>
<level id="16"><states>90</states><edges>222</edges></level>
<level id="17"><states>84</states><edges>216</edges></level>
<level id="18"><states>84</states><edges>210</edges></level>
<level id="19"><states>72</states><edges>186</edges></level>
<level id="20"><states>60</states><edges>150</edges></level>
<level id="21"><states>48</states><edges>126</edges></level>
<level id="22"><states>48</states><edges>138</edges></level>
<level id="23"><states>60</states><edges>156</edges></level>
<level id="24"><states>60</states><edges>150</edges></level>
<level id="25"><states>42</states><edges>102</edges></level>
<level id="26"><states>27</states><edges>69</edges></level>
<level id="27"><states>21</states><edges>63</edges></level>
<level id="28"><states>33</states><edges>93</edges></level>
<level id="29"><states>33</states><edges>93</edges></level>
<level id="30"><states>27</states><edges>75</edges></level>
<level id="31"><states>15</states><edges>39</edges></level>
<level id="32"><states>6</states><edges>18</edges></level>
<level id="33"><states>6</states><edges>18</edges></level>
<level id="34"><states>6</states><edges>18</edges></level>
<level id="35"><states>6</states><edges>18</edges></level>
<level id="36"><states>6</states><edges>18</edges></level>
<level id="37"><states>6</states><edges>18</edges></level>
<level id="38"><states>6</states><edges>18</edges></level>
<level id="39"><states>6</states><edges>18</edges></level>
<level id="40"><states>4</states><edges>12</edges></level>
<level id="41"><states>3</states><edges>9</edges></level>
<level id="42"><states>3</states><edges>9</edges></level>
<level id="43"><states>3</states><edges>9</edges></level>
<level id="44"><states>3</states><edges>9</edges></level>
<level id="45"><states>1</states><edges>3</edges></level>
</bfs-levels>
<back-level-length id="0">0</back-level-length>
<back-level-length id="1">0</back-level-length>
<back-level-length id="2">0</back-level-length>
<back-level-length id="3">0</back-level-length>
<back-level-length id="4">0</back-level-length>
<back-level-length id="5">0</back-level-length>
<back-level-length id="6">0</back-level-length>
<back-level-length id="7">0</back-level-length>
<back-level-length id="8">0</back-level-length>
<back-level-length id="9">0</back-level-length>
<back-level-length id="10">0</back-level-length>
<back-level-length id="11">0</back-level-length>
<back-level-length id="12">0</back-level-length>
<back-level-length id="13">0</back-level-length>
<back-level-length id="14">100</back-level-length>
</bfs-info>
<degrees>
<avg>2.53941</avg>
<max-in>7</max-in>
<max-out>3</max-out>
<degree id="0"><in>1</in><out>0</out></degree>
<degree id="1"><in>501</in><out>84</out></degree>
<degree id="2"><in>276</in><out>504</out></degree>
<degree id="3"><in>255</in><out>871</out></degree>
<degree id="4"><in>291</in><out>0</out></degree>
<degree id="5"><in>93</in><out>0</out></degree>
<degree id="6"><in>36</in><out>0</out></degree>
<degree id="7"><in>6</in><out>0</out></degree>
</degrees>
<scc-info>
<count>2</count>
<height>1</height>
<nontrivial-height>1</nontrivial-height>
<trivial>1</trivial>
<terminal>1</terminal>
<largest>1458</largest>
<largest-position> the only terminal</largest-position>
</scc-info>
<dfs-info>
<stack-size id="7">0.479781</stack-size>
<stack-size id="14">0.959561</stack-size>
<stack-size id="21">1.43934</stack-size>
<stack-size id="28">1.91912</stack-size>
<stack-size id="35">2.3989</stack-size>
<stack-size id="42">2.87868</stack-size>
<stack-size id="49">3.35846</stack-size>
<stack-size id="56">3.83825</stack-size>
<stack-size id="63">4.31803</stack-size>
<stack-size id="70">4.79781</stack-size>
<stack-size id="77">5.27759</stack-size>
<stack-size id="84">5.75737</stack-size>
<stack-size id="91">6.23715</stack-size>
<stack-size id="98">6.71693</stack-size>
<stack-size id="105">7.19671</stack-size>
<stack-size id="112">7.67649</stack-size>
<stack-size id="119">8.15627</stack-size>
<stack-size id="126">8.63605</stack-size>
<stack-size id="133">9.11583</stack-size>
<stack-size id="140">9.59561</stack-size>
<stack-size id="147">10.0754</stack-size>
<stack-size id="154">10.5552</stack-size>
<stack-size id="161">11.035</stack-size>
<stack-size id="168">11.5147</stack-size>
<stack-size id="175">11.9945</stack-size>
<stack-size id="182">12.4743</stack-size>
<stack-size id="189">12.9541</stack-size>
<stack-size id="196">13.4339</stack-size>
<stack-size id="203">13.5024</stack-size>
<stack-size id="210">13.9822</stack-size>
<stack-size id="217">14.462</stack-size>
<stack-size id="224">14.2563</stack-size>
<stack-size id="231">14.7361</stack-size>
<stack-size id="238">15.2159</stack-size>
<stack-size id="245">15.1474</stack-size>
<stack-size id="252">15.6271</stack-size>
<stack-size id="259">15.9013</stack-size>
<stack-size id="266">15.9013</stack-size>
<stack-size id="273">16.3811</stack-size>
<stack-size id="280">16.5182</stack-size>
<stack-size id="287">16.9979</stack-size>
<stack-size id="294">17.4777</stack-size>
<stack-size id="301">17.9575</stack-size>
<stack-size id="308">18.4373</stack-size>
<stack-size id="315">18.9171</stack-size>
<stack-size id="322">19.3968</stack-size>
<stack-size id="329">19.8766</stack-size>
<stack-size id="336">20.3564</stack-size>
<stack-size id="343">20.8362</stack-size>
<stack-size id="350">21.316</stack-size>
<stack-size id="357">21.7958</stack-size>
<stack-size id="364">22.2755</stack-size>
<stack-size id="371">22.7553</stack-size>
<stack-size id="378">23.2351</stack-size>
<stack-size id="385">23.7149</stack-size>
<stack-size id="392">24.1261</stack-size>
<stack-size id="399">24.6059</stack-size>
<stack-size id="406">25.0857</stack-size>
<stack-size id="413">25.5655</stack-size>
<stack-size id="420">26.0452</stack-size>
<stack-size id="427">26.4565</stack-size>
<stack-size id="434">26.9363</stack-size>
<stack-size id="441">27.416</stack-size>
<stack-size id="448">27.8273</stack-size>
<stack-size id="455">27.9644</stack-size>
<stack-size id="462">28.4441</stack-size>
<stack-size id="469">28.1014</stack-size>
<stack-size id="476">28.5812</stack-size>
<stack-size id="483">28.7868</stack-size>
<stack-size id="490">29.2666</stack-size>
<stack-size id="497">29.4722</stack-size>
<stack-size id="504">29.5408</stack-size>
<stack-size id="511">29.3352</stack-size>
<stack-size id="518">29.5408</stack-size>
<stack-size id="525">29.7464</stack-size>
<stack-size id="532">30.2262</stack-size>
<stack-size id="539">30.6374</stack-size>
<stack-size id="546">31.1172</stack-size>
<stack-size id="553">31.3914</stack-size>
<stack-size id="560">31.8711</stack-size>
<stack-size id="567">32.3509</stack-size>
<stack-size id="574">32.1453</stack-size>
<stack-size id="581">32.488</stack-size>
<stack-size id="588">32.9678</stack-size>
<stack-size id="595">33.0363</stack-size>
<stack-size id="602">33.5161</stack-size>
<stack-size id="609">33.9959</stack-size>
<stack-size id="616">34.27</stack-size>
<stack-size id="623">34.3386</stack-size>
<stack-size id="630">34.6813</stack-size>
<stack-size id="637">35.024</stack-size>
<stack-size id="644">35.5038</stack-size>
<stack-size id="651">35.5723</stack-size>
<stack-size id="658">35.5723</stack-size>
<stack-size id="665">36.0521</stack-size>
<stack-size id="672">36.4633</stack-size>
<stack-size id="679">36.7375</stack-size>
<stack-size id="686">36.806</stack-size>
<stack-size id="693">37.1487</stack-size>
<stack-size id="700">37.4914</stack-size>
<stack-size id="707">36.806</stack-size>
<stack-size id="714">37.2858</stack-size>
<stack-size id="721">37.6285</stack-size>
<stack-size id="728">37.6285</stack-size>
<stack-size id="735">38.1083</stack-size>
<stack-size id="742">38.1768</stack-size>
<stack-size id="749">38.3825</stack-size>
<stack-size id="756">38.8622</stack-size>
<stack-size id="763">39.342</stack-size>
<stack-size id="770">39.5476</stack-size>
<stack-size id="777">39.2735</stack-size>
<stack-size id="784">39.4106</stack-size>
<stack-size id="791">39.4791</stack-size>
<stack-size id="798">38.8622</stack-size>
<stack-size id="805">39.342</stack-size>
<stack-size id="812">39.1364</stack-size>
<stack-size id="819">39.342</stack-size>
<stack-size id="826">38.2454</stack-size>
<stack-size id="833">38.7252</stack-size>
<stack-size id="840">39.2049</stack-size>
<stack-size id="847">39.6847</stack-size>
<stack-size id="854">40.1645</stack-size>
<stack-size id="861">40.4387</stack-size>
<stack-size id="868">40.9184</stack-size>
<stack-size id="875">41.3982</stack-size>
<stack-size id="882">41.8095</stack-size>
<stack-size id="889">41.8095</stack-size>
<stack-size id="896">42.1522</stack-size>
<stack-size id="903">42.6319</stack-size>
<stack-size id="910">42.4949</stack-size>
<stack-size id="917">42.5634</stack-size>
<stack-size id="924">42.769</stack-size>
<stack-size id="931">42.6319</stack-size>
<stack-size id="938">42.5634</stack-size>
<stack-size id="945">41.7409</stack-size>
<stack-size id="952">40.7814</stack-size>
<stack-size id="959">40.4387</stack-size>
<stack-size id="966">40.4387</stack-size>
<stack-size id="973">40.5757</stack-size>
<stack-size id="980">38.9308</stack-size>
<stack-size id="987">38.7252</stack-size>
<stack-size id="994">39.2049</stack-size>
<stack-size id="1001">38.9308</stack-size>
<stack-size id="1008">38.8622</stack-size>
<stack-size id="1015">38.9308</stack-size>
<stack-size id="1022">38.7937</stack-size>
<stack-size id="1029">39.2735</stack-size>
<stack-size id="1036">37.9027</stack-size>
<stack-size id="1043">38.0398</stack-size>
<stack-size id="1050">38.5195</stack-size>
<stack-size id="1057">36.6004</stack-size>
<stack-size id="1064">37.0802</stack-size>
<stack-size id="1071">36.3263</stack-size>
<stack-size id="1078">36.806</stack-size>
<stack-size id="1085">37.2858</stack-size>
<stack-size id="1092">37.7656</stack-size>
<stack-size id="1099">38.1768</stack-size>
<stack-size id="1106">38.6566</stack-size>
<stack-size id="1113">38.9993</stack-size>
<stack-size id="1120">38.9993</stack-size>
<stack-size id="1127">38.5881</stack-size>
<stack-size id="1134">39.0679</stack-size>
<stack-size id="1141">37.6285</stack-size>
<stack-size id="1148">37.4229</stack-size>
<stack-size id="1155">37.0117</stack-size>
<stack-size id="1162">36.669</stack-size>
<stack-size id="1169">35.6408</stack-size>
<stack-size id="1176">35.0925</stack-size>
<stack-size id="1183">34.5442</stack-size>
<stack-size id="1190">31.2543</stack-size>
<stack-size id="1197">30.9801</stack-size>
<stack-size id="1204">29.952</stack-size>
<stack-size id="1211">28.9239</stack-size>
<stack-size id="1218">27.8958</stack-size>
<stack-size id="1225">27.2104</stack-size>
<stack-size id="1232">26.6621</stack-size>
<stack-size id="1239">27.1419</stack-size>
<stack-size id="1246">27.0048</stack-size>
<stack-size id="1253">25.7025</stack-size>
<stack-size id="1260">25.9082</stack-size>
<stack-size id="1267">24.0576</stack-size>
<stack-size id="1274">23.6463</stack-size>
<stack-size id="1281">23.9205</stack-size>
<stack-size id="1288">23.2351</stack-size>
<stack-size id="1295">22.8924</stack-size>
<stack-size id="1302">21.9328</stack-size>
<stack-size id="1309">21.5901</stack-size>
<stack-size id="1316">21.5901</stack-size>
<stack-size id="1323">21.1789</stack-size>
<stack-size id="1330">19.8766</stack-size>
<stack-size id="1337">19.7395</stack-size>
<stack-size id="1344">19.6025</stack-size>
<stack-size id="1351">19.671</stack-size>
<stack-size id="1358">18.9856</stack-size>
<stack-size id="1365">17.0665</stack-size>
<stack-size id="1372">16.4496</stack-size>
<stack-size id="1379">16.1069</stack-size>
<stack-size id="1386">15.7642</stack-size>
<stack-size id="1393">14.8047</stack-size>
<stack-size id="1400">14.9417</stack-size>
<stack-size id="1407">14.599</stack-size>
<stack-size id="1414">13.5709</stack-size>
<stack-size id="1421">12.4743</stack-size>
<stack-size id="1428">10.5552</stack-size>
<stack-size id="1435">9.59561</stack-size>
<stack-size id="1442">6.10007</stack-size>
<stack-size id="1449">2.81014</stack-size>
<stack-size id="1456">2.12474</stack-size>
<max-stack>627</max-stack>
<front-edges>1458</front-edges>
<back-edges>699</back-edges>
<cross-edges>1548</cross-edges>
<shortest-cycle>15</shortest-cycle>
</dfs-info>
<rw-info>
<coverage step="140">5.27759</coverage>
<coverage step="280">8.70459</coverage>
<coverage step="420">13.6395</coverage>
<coverage step="560">16.9979</coverage>
<coverage step="700">19.0541</coverage>
<coverage step="840">20.4249</coverage>
<coverage step="980">21.4531</coverage>
<coverage step="1120">22.6182</coverage>
<coverage step="1260">24.9486</coverage>
<coverage step="1400">25.8396</coverage>
<coverage step="1540">26.4565</coverage>
<coverage step="1680">28.17</coverage>
<coverage step="1820">29.6093</coverage>
<coverage step="1960">30.0891</coverage>
<coverage step="2100">31.2543</coverage>
<coverage step="2240">31.7341</coverage>
<coverage step="2380">31.8711</coverage>
<coverage step="2520">33.5846</coverage>
<coverage step="2660">34.6127</coverage>
<coverage step="2800">35.024</coverage>
<coverage step="2940">35.6408</coverage>
<coverage step="3080">37.2173</coverage>
<coverage step="3220">37.6971</coverage>
<coverage step="3360">37.9712</coverage>
<coverage step="3500">38.1768</coverage>
<coverage step="3640">38.7937</coverage>
<coverage step="3780">38.9308</coverage>
<coverage step="3920">39.0679</coverage>
<coverage step="4060">39.7533</coverage>
<coverage step="4200">39.9589</coverage>
<coverage step="4340">40.1645</coverage>
<coverage step="4480">40.1645</coverage>
<coverage step="4620">40.3016</coverage>
<coverage step="4760">41.0555</coverage>
<coverage step="4900">41.2611</coverage>
<coverage step="5040">41.9465</coverage>
<coverage step="5180">42.6319</coverage>
<coverage step="5320">43.1803</coverage>
<coverage step="5460">43.7971</coverage>
<coverage step="5600">44.8252</coverage>
<coverage step="5740">45.2365</coverage>
<coverage step="5880">45.2365</coverage>
<coverage step="6020">45.4421</coverage>
<coverage step="6160">45.4421</coverage>
<coverage step="6300">45.5106</coverage>
<coverage step="6440">45.6477</coverage>
<coverage step="6580">45.9219</coverage>
<coverage step="6720">45.9904</coverage>
<coverage step="6860">46.3331</coverage>
<coverage step="7000">46.4702</coverage>
<coverage step="7140">46.8129</coverage>
<coverage step="7280">47.9095</coverage>
<coverage step="7420">47.9781</coverage>
<coverage step="7560">48.1837</coverage>
<coverage step="7700">48.2522</coverage>
<coverage step="7840">48.3893</coverage>
<coverage step="7980">48.4578</coverage>
<coverage step="8120">48.4578</coverage>
<coverage step="8260">48.4578</coverage>
<coverage step="8400">48.5264</coverage>
<coverage step="8540">48.5264</coverage>
<coverage step="8680">48.5264</coverage>
<coverage step="8820">48.8005</coverage>
<coverage step="8960">48.9376</coverage>
<coverage step="9100">49.1432</coverage>
<coverage step="9240">49.2803</coverage>
<coverage step="9380">49.4859</coverage>
<coverage step="9520">49.4859</coverage>
<coverage step="9660">49.4859</coverage>
<coverage step="9800">49.4859</coverage>
<coverage step="9940">49.623</coverage>
<coverage step="10080">49.7601</coverage>
<coverage step="10220">49.7601</coverage>
<coverage step="10360">49.8972</coverage>
<coverage step="10500">49.8972</coverage>
<coverage step="10640">49.9657</coverage>
<coverage step="10780">49.9657</coverage>
<coverage step="10920">50.0343</coverage>
<coverage step="11060">50.2399</coverage>
<coverage step="11200">50.2399</coverage>
<coverage step="11340">50.2399</coverage>
<coverage step="11480">50.3084</coverage>
<coverage step="11620">50.3084</coverage>
<coverage step="11760">50.5141</coverage>
<coverage step="11900">50.5141</coverage>
<coverage step="12040">50.8568</coverage>
<coverage step="12180">51.4051</coverage>
<coverage step="12320">51.5422</coverage>
<coverage step="12460">51.5422</coverage>
<coverage step="12600">51.8163</coverage>
<coverage step="12740">51.8849</coverage>
<coverage step="12880">52.2961</coverage>
<coverage step="13020">52.7759</coverage>
<coverage step="13160">52.7759</coverage>
<coverage step="13300">52.7759</coverage>
<coverage step="13440">52.7759</coverage>
<coverage step="13580">52.8444</coverage>
<coverage step="13720">52.8444</coverage>
<coverage step="13860">52.8444</coverage>
<coverage step="14000">52.8444</coverage>
<coverage step="14140">53.1871</coverage>
<coverage step="14280">53.1871</coverage>
<coverage step="14420">53.1871</coverage>
<coverage step="14560">53.1871</coverage>
<rw-visits order="1">166</rw-visits>
<rw-visits order="4">144</rw-visits>
<rw-visits order="7">129</rw-visits>
<rw-visits order="10">120</rw-visits>
<rw-visits order="13">117</rw-visits>
<rw-visits order="16">117</rw-visits>
<rw-visits order="19">113</rw-visits>
<rw-visits order="22">109</rw-visits>
<rw-visits order="25">102</rw-visits>
<rw-visits order="28">100</rw-visits>
<rw-visits order="31">98</rw-visits>
<rw-visits order="34">96</rw-visits>
<rw-visits order="37">92</rw-visits>
<rw-visits order="40">88</rw-visits>
<rw-visits order="43">86</rw-visits>
<rw-visits order="46">84</rw-visits>
<rw-visits order="49">83</rw-visits>
<rw-visits order="52">78</rw-visits>
<rw-visits order="55">77</rw-visits>
<rw-visits order="58">76</rw-visits>
<rw-visits order="61">74</rw-visits>
<rw-visits order="64">72</rw-visits>
<rw-visits order="67">70</rw-visits>
<rw-visits order="70">69</rw-visits>
<rw-visits order="73">68</rw-visits>
<rw-visits order="76">67</rw-visits>
<rw-visits order="79">67</rw-visits>
<rw-visits order="82">65</rw-visits>
<rw-visits order="85">64</rw-visits>
<rw-visits order="88">63</rw-visits>
<rw-visits order="91">63</rw-visits>
<rw-visits order="94">61</rw-visits>
<rw-visits order="97">60</rw-visits>
<rw-visits order="100">59</rw-visits>
<rw-visits order="103">58</rw-visits>
<rw-visits order="106">56</rw-visits>
<rw-visits order="109">54</rw-visits>
<rw-visits order="112">51</rw-visits>
<rw-visits order="115">50</rw-visits>
<rw-visits order="118">48</rw-visits>
<rw-visits order="121">47</rw-visits>
<rw-visits order="124">46</rw-visits>
<rw-visits order="127">44</rw-visits>
<rw-visits order="130">44</rw-visits>
<rw-visits order="133">41</rw-visits>
<rw-visits order="136">40</rw-visits>
<rw-visits order="139">40</rw-visits>
<rw-visits order="142">38</rw-visits>
<rw-visits order="145">36</rw-visits>
<rw-visits order="148">36</rw-visits>
<rw-visits order="151">35</rw-visits>
<rw-visits order="154">35</rw-visits>
<rw-visits order="157">33</rw-visits>
<rw-visits order="160">32</rw-visits>
<rw-visits order="163">31</rw-visits>
<rw-visits order="166">30</rw-visits>
<rw-visits order="169">28</rw-visits>
<rw-visits order="172">27</rw-visits>
<rw-visits order="175">26</rw-visits>
<rw-visits order="178">25</rw-visits>
<rw-visits order="181">24</rw-visits>
<rw-visits order="184">22</rw-visits>
<rw-visits order="187">20</rw-visits>
<rw-visits order="190">20</rw-visits>
<rw-visits order="193">19</rw-visits>
<rw-visits order="196">18</rw-visits>
<rw-visits order="199">17</rw-visits>
<rw-visits order="202">16</rw-visits>
<rw-visits order="205">16</rw-visits>
<rw-visits order="208">15</rw-visits>
<rw-visits order="211">14</rw-visits>
<rw-visits order="214">14</rw-visits>
<rw-visits order="217">14</rw-visits>
<rw-visits order="220">13</rw-visits>
<rw-visits order="223">13</rw-visits>
<rw-visits order="226">12</rw-visits>
<rw-visits order="229">12</rw-visits>
<rw-visits order="232">11</rw-visits>
<rw-visits order="235">11</rw-visits>
<rw-visits order="238">10</rw-visits>
<rw-visits order="241">10</rw-visits>
<rw-visits order="244">10</rw-visits>
<rw-visits order="247">10</rw-visits>
<rw-visits order="250">9</rw-visits>
<rw-visits order="253">9</rw-visits>
<rw-visits order="256">9</rw-visits>
<rw-visits order="259">9</rw-visits>
<rw-visits order="262">9</rw-visits>
<rw-visits order="265">8</rw-visits>
<rw-visits order="268">8</rw-visits>
<rw-visits order="271">8</rw-visits>
<rw-visits order="274">8</rw-visits>
<rw-visits order="277">8</rw-visits>
<rw-visits order="280">7</rw-visits>
<rw-visits order="283">7</rw-visits>
<rw-visits order="286">7</rw-visits>
<rw-visits order="289">7</rw-visits>
<rw-visits order="292">7</rw-visits>
<rw-visits order="295">7</rw-visits>
<rw-visits order="298">7</rw-visits>
<rw-visits order="301">7</rw-visits>
<rw-visits order="304">6</rw-visits>
<rw-visits order="307">6</rw-visits>
<rw-visits order="310">6</rw-visits>
<rw-visits order="313">6</rw-visits>
<rw-visits order="316">6</rw-visits>
<rw-visits order="319">6</rw-visits>
<rw-visits order="322">6</rw-visits>
<rw-visits order="325">6</rw-visits>
<rw-visits order="328">6</rw-visits>
<rw-visits order="331">6</rw-visits>
<rw-visits order="334">6</rw-visits>
<rw-visits order="337">6</rw-visits>
<rw-visits order="340">6</rw-visits>
<rw-visits order="343">6</rw-visits>
<rw-visits order="346">5</rw-visits>
<rw-visits order="349">5</rw-visits>
<rw-visits order="352">5</rw-visits>
<rw-visits order="355">5</rw-visits>
<rw-visits order="358">5</rw-visits>
<rw-visits order="361">5</rw-visits>
<rw-visits order="364">5</rw-visits>
<rw-visits order="367">5</rw-visits>
<rw-visits order="370">5</rw-visits>
<rw-visits order="373">5</rw-visits>
<rw-visits order="376">5</rw-visits>
<rw-visits order="379">5</rw-visits>
<rw-visits order="382">5</rw-visits>
<rw-visits order="385">4</rw-visits>
<rw-visits order="388">4</rw-visits>
<rw-visits order="391">4</rw-visits>
<rw-visits order="394">4</rw-visits>
<rw-visits order="397">4</rw-visits>
<rw-visits order="400">4</rw-visits>
<rw-visits order="403">4</rw-visits>
<rw-visits order="406">4</rw-visits>
<rw-visits order="409">4</rw-visits>
<rw-visits order="412">4</rw-visits>
<rw-visits order="415">4</rw-visits>
<rw-visits order="418">4</rw-visits>
<rw-visits order="421">4</rw-visits>
<rw-visits order="424">4</rw-visits>
<rw-visits order="427">4</rw-visits>
<rw-visits order="430">4</rw-visits>
<rw-visits order="433">4</rw-visits>
<rw-visits order="436">4</rw-visits>
<rw-visits order="439">4</rw-visits>
<rw-visits order="442">3</rw-visits>
<rw-visits order="445">3</rw-visits>
<rw-visits order="448">3</rw-visits>
<rw-visits order="451">3</rw-visits>
<rw-visits order="454">3</rw-visits>
<rw-visits order="457">3</rw-visits>
<rw-visits order="460">3</rw-visits>
<rw-visits order="463">3</rw-visits>
<rw-visits order="466">3</rw-visits>
<rw-visits order="469">3</rw-visits>
<rw-visits order="472">3</rw-visits>
<rw-visits order="475">3</rw-visits>
<rw-visits order="478">3</rw-visits>
<rw-visits order="481">3</rw-visits>
<rw-visits order="484">3</rw-visits>
<rw-visits order="487">3</rw-visits>
<rw-visits order="490">3</rw-visits>
<rw-visits order="493">3</rw-visits>
<rw-visits order="496">3</rw-visits>
<rw-visits order="499">3</rw-visits>
<rw-visits order="502">3</rw-visits>
<rw-visits order="505">3</rw-visits>
<rw-visits order="508">2</rw-visits>
<rw-visits order="511">2</rw-visits>
<rw-visits order="514">2</rw-visits>
<rw-visits order="517">2</rw-visits>
<rw-visits order="520">2</rw-visits>
<rw-visits order="523">2</rw-visits>
<rw-visits order="526">2</rw-visits>
<rw-visits order="529">2</rw-visits>
<rw-visits order="532">2</rw-visits>
<rw-visits order="535">2</rw-visits>
<rw-visits order="538">2</rw-visits>
<rw-visits order="541">2</rw-visits>
<rw-visits order="544">2</rw-visits>
<rw-visits order="547">2</rw-visits>
<rw-visits order="550">2</rw-visits>
<rw-visits order="553">2</rw-visits>
<rw-visits order="556">2</rw-visits>
<rw-visits order="559">2</rw-visits>
<rw-visits order="562">2</rw-visits>
<rw-visits order="565">2</rw-visits>
<rw-visits order="568">2</rw-visits>
<rw-visits order="571">2</rw-visits>
<rw-visits order="574">2</rw-visits>
<rw-visits order="577">2</rw-visits>
<rw-visits order="580">2</rw-visits>
<rw-visits order="583">2</rw-visits>
<rw-visits order="586">2</rw-visits>
<rw-visits order="589">2</rw-visits>
<rw-visits order="592">2</rw-visits>
<rw-visits order="595">2</rw-visits>
<rw-visits order="598">2</rw-visits>
<rw-visits order="601">2</rw-visits>
<rw-visits order="604">1</rw-visits>
<rw-visits order="607">1</rw-visits>
<rw-visits order="610">1</rw-visits>
<rw-visits order="613">1</rw-visits>
<rw-visits order="616">1</rw-visits>
<rw-visits order="619">1</rw-visits>
<rw-visits order="622">1</rw-visits>
<rw-visits order="625">1</rw-visits>
<rw-visits order="628">1</rw-visits>
<rw-visits order="631">1</rw-visits>
<rw-visits order="634">1</rw-visits>
<rw-visits order="637">1</rw-visits>
<rw-visits order="640">1</rw-visits>
<rw-visits order="643">1</rw-visits>
<rw-visits order="646">1</rw-visits>
<rw-visits order="649">1</rw-visits>
<rw-visits order="652">1</rw-visits>
<rw-visits order="655">1</rw-visits>
<rw-visits order="658">1</rw-visits>
<rw-visits order="661">1</rw-visits>
<rw-visits order="664">1</rw-visits>
<rw-visits order="667">1</rw-visits>
<rw-visits order="670">1</rw-visits>
<rw-visits order="673">1</rw-visits>
<rw-visits order="676">1</rw-visits>
<rw-visits order="679">1</rw-visits>
<rw-visits order="682">1</rw-visits>
<rw-visits order="685">1</rw-visits>
<rw-visits order="688">1</rw-visits>
<rw-visits order="691">1</rw-visits>
<rw-visits order="694">1</rw-visits>
<rw-visits order="697">1</rw-visits>
<rw-visits order="700">1</rw-visits>
<rw-visits order="703">1</rw-visits>
<rw-visits order="706">1</rw-visits>
<rw-visits order="709">1</rw-visits>
<rw-visits order="712">1</rw-visits>
<rw-visits order="715">1</rw-visits>
<rw-visits order="718">1</rw-visits>
<rw-visits order="721">1</rw-visits>
<rw-visits order="724">1</rw-visits>
<rw-visits order="727">1</rw-visits>
<rw-visits order="730">1</rw-visits>
<rw-visits order="733">1</rw-visits>
<rw-visits order="736">1</rw-visits>
<rw-visits order="739">1</rw-visits>
<rw-visits order="742">1</rw-visits>
<rw-visits order="745">1</rw-visits>
<rw-visits order="748">1</rw-visits>
<rw-visits order="751">1</rw-visits>
<rw-visits order="754">1</rw-visits>
<rw-visits order="757">1</rw-visits>
<rw-visits order="760">1</rw-visits>
<rw-visits order="763">1</rw-visits>
<rw-visits order="766">1</rw-visits>
<rw-visits order="769">1</rw-visits>
<rw-visits order="772">1</rw-visits>
<rw-visits order="775">1</rw-visits>
<final-coverage>53.1871</final-coverage>
</rw-info>
<local-info>
<diamonds>87.183</diamonds>
<neighborhood k="4">25</neighborhood>
<clustering k="4">1.52221</clustering>
</local-info>
<label-info>
<edge-label id="0.0">478</edge-label>
<edge-label id="0.1">105</edge-label>
<edge-label id="0.2">325</edge-label>
<edge-label id="0.3">109</edge-label>
<edge-label id="0.4">109</edge-label>
<edge-label id="0.5">109</edge-label>
<edge-label id="1.0">478</edge-label>
<edge-label id="1.1">105</edge-label>
<edge-label id="1.2">325</edge-label>
<edge-label id="1.3">109</edge-label>
<edge-label id="1.4">109</edge-label>
<edge-label id="1.5">109</edge-label>
<edge-label id="2.0">478</edge-label>
<edge-label id="2.1">105</edge-label>
<edge-label id="2.2">325</edge-label>
<edge-label id="2.3">109</edge-label>
<edge-label id="2.4">109</edge-label>
<edge-label id="2.5">109</edge-label>
<state-labels procid="0">
<label id="[{0|0|0},0]">63</label>
<label id="[{0|0|0},1]">99</label>
<label id="[{0|0|0},2]">117</label>
<label id="[{0|0|0},3]">36</label>
<label id="[{0|0|0},4]">12</label>
<label id="[{0|0|1},0]">54</label>
<label id="[{0|0|1},1]">108</label>
<label id="[{0|0|1},2]">115</label>
<label id="[{0|0|1},3]">27</label>
<label id="[{0|0|1},4]">36</label>
<label id="[{0|0|1},5]">24</label>
<label id="[{0|1|0},0]">66</label>
<label id="[{0|1|0},1]">91</label>
<label id="[{0|1|0},2]">87</label>
<label id="[{0|1|0},3]">66</label>
<label id="[{0|1|0},4]">48</label>
<label id="[{1|0|0},0]">86</label>
<label id="[{1|0|0},1]">96</label>
<label id="[{1|0|0},2]">162</label>
<label id="[{1|0|0},3]">66</label>
</state-labels><state-labels procid="1">
<label id="[0,0]">158</label>
<label id="[0,1]">151</label>
<label id="[0,2]">169</label>
<label id="[1,0]">69</label>
<label id="[1,1]">99</label>
<label id="[1,2]">105</label>
<label id="[1,3]">97</label>
<label id="[1,4]">60</label>
<label id="[2,0]">101</label>
<label id="[2,1]">103</label>
<label id="[2,2]">129</label>
<label id="[3,0]">35</label>
<label id="[3,1]">31</label>
<label id="[3,2]">43</label>
<label id="[4,0]">35</label>
<label id="[4,1]">31</label>
<label id="[4,2]">43</label>
</state-labels><state-labels procid="2">
<label id="[0,0]">158</label>
<label id="[0,1]">151</label>
<label id="[0,2]">169</label>
<label id="[1,0]">69</label>
<label id="[1,1]">99</label>
<label id="[1,2]">105</label>
<label id="[1,3]">97</label>
<label id="[1,4]">60</label>
<label id="[2,0]">101</label>
<label id="[2,1]">103</label>
<label id="[2,2]">129</label>
<label id="[3,0]">35</label>
<label id="[3,1]">31</label>
<label id="[3,2]">43</label>
<label id="[4,0]">35</label>
<label id="[4,1]">31</label>
<label id="[4,2]">43</label>
</state-labels><state-labels procid="3">
<label id="[0,0]">158</label>
<label id="[0,1]">151</label>
<label id="[0,2]">169</label>
<label id="[1,0]">69</label>
<label id="[1,1]">99</label>
<label id="[1,2]">105</label>
<label id="[1,3]">97</label>
<label id="[1,4]">60</label>
<label id="[2,0]">101</label>
<label id="[2,1]">103</label>
<label id="[2,2]">129</label>
<label id="[3,0]">35</label>
<label id="[3,1]">31</label>
<label id="[3,2]">43</label>
<label id="[4,0]">35</label>
<label id="[4,1]">31</label>
<label id="[4,2]">43</label>
</state-labels></label-info>
</state-space-info>
