<?xml version="1.0"?>
<!DOCTYPE state-space-info SYSTEM "../../state_space_info.dtd">


<state-space-info>
<states>29188</states>
<edges>58151</edges>
<bfs-info>
 <levels>119</levels>
<max-level>639</max-level>

<back-level-edges>7775</back-level-edges>
<max-back-level-edge>57</max-back-level-edge>
<avg-back-level-edge>13.1619</avg-back-level-edge>
<bfs-levels>
<level id="0"><states>1</states><edges>3</edges></level>
<level id="1"><states>3</states><edges>3</edges></level>
<level id="2"><states>3</states><edges>3</edges></level>
<level id="3"><states>3</states><edges>3</edges></level>
<level id="4"><states>3</states><edges>6</edges></level>
<level id="5"><states>6</states><edges>6</edges></level>
<level id="6"><states>6</states><edges>9</edges></level>
<level id="7"><states>9</states><edges>12</edges></level>
<level id="8"><states>12</states><edges>22</edges></level>
<level id="9"><states>19</states><edges>38</edges></level>
<level id="10"><states>29</states><edges>62</edges></level>
<level id="11"><states>40</states><edges>81</edges></level>
<level id="12"><states>48</states><edges>96</edges></level>
<level id="13"><states>56</states><edges>113</edges></level>
<level id="14"><states>63</states><edges>124</edges></level>
<level id="15"><states>70</states><edges>134</edges></level>
<level id="16"><states>76</states><edges>145</edges></level>
<level id="17"><states>86</states><edges>165</edges></level>
<level id="18"><states>94</states><edges>185</edges></level>
<level id="19"><states>103</states><edges>199</edges></level>
<level id="20"><states>109</states><edges>200</edges></level>
<level id="21"><states>110</states><edges>205</edges></level>
<level id="22"><states>118</states><edges>217</edges></level>
<level id="23"><states>130</states><edges>246</edges></level>
<level id="24"><states>151</states><edges>290</edges></level>
<level id="25"><states>177</states><edges>344</edges></level>
<level id="26"><states>203</states><edges>399</edges></level>
<level id="27"><states>225</states><edges>446</edges></level>
<level id="28"><states>246</states><edges>476</edges></level>
<level id="29"><states>263</states><edges>503</edges></level>
<level id="30"><states>280</states><edges>541</edges></level>
<level id="31"><states>309</states><edges>596</edges></level>
<level id="32"><states>339</states><edges>673</edges></level>
<level id="33"><states>379</states><edges>743</edges></level>
<level id="34"><states>403</states><edges>795</edges></level>
<level id="35"><states>421</states><edges>810</edges></level>
<level id="36"><states>422</states><edges>808</edges></level>
<level id="37"><states>429</states><edges>807</edges></level>
<level id="38"><states>435</states><edges>833</edges></level>
<level id="39"><states>468</states><edges>906</edges></level>
<level id="40"><states>498</states><edges>1002</edges></level>
<level id="41"><states>545</states><edges>1099</edges></level>
<level id="42"><states>566</states><edges>1134</edges></level>
<level id="43"><states>576</states><edges>1121</edges></level>
<level id="44"><states>555</states><edges>1081</edges></level>
<level id="45"><states>561</states><edges>1094</edges></level>
<level id="46"><states>564</states><edges>1114</edges></level>
<level id="47"><states>596</states><edges>1185</edges></level>
<level id="48"><states>605</states><edges>1235</edges></level>
<level id="49"><states>639</states><edges>1314</edges></level>
<level id="50"><states>639</states><edges>1291</edges></level>
<level id="51"><states>631</states><edges>1241</edges></level>
<level id="52"><states>587</states><edges>1135</edges></level>
<level id="53"><states>566</states><edges>1106</edges></level>
<level id="54"><states>554</states><edges>1096</edges></level>
<level id="55"><states>569</states><edges>1162</edges></level>
<level id="56"><states>581</states><edges>1210</edges></level>
<level id="57"><states>611</states><edges>1276</edges></level>
<level id="58"><states>611</states><edges>1255</edges></level>
<level id="59"><states>603</states><edges>1206</edges></level>
<level id="60"><states>562</states><edges>1107</edges></level>
<level id="61"><states>538</states><edges>1071</edges></level>
<level id="62"><states>526</states><edges>1053</edges></level>
<level id="63"><states>514</states><edges>1067</edges></level>
<level id="64"><states>520</states><edges>1103</edges></level>
<level id="65"><states>535</states><edges>1129</edges></level>
<level id="66"><states>524</states><edges>1085</edges></level>
<level id="67"><states>495</states><edges>988</edges></level>
<level id="68"><states>441</states><edges>873</edges></level>
<level id="69"><states>410</states><edges>806</edges></level>
<level id="70"><states>379</states><edges>762</edges></level>
<level id="71"><states>369</states><edges>767</edges></level>
<level id="72"><states>376</states><edges>809</edges></level>
<level id="73"><states>392</states><edges>828</edges></level>
<level id="74"><states>379</states><edges>788</edges></level>
<level id="75"><states>355</states><edges>707</edges></level>
<level id="76"><states>317</states><edges>633</edges></level>
<level id="77"><states>298</states><edges>582</edges></level>
<level id="78"><states>264</states><edges>530</edges></level>
<level id="79"><states>253</states><edges>521</edges></level>
<level id="80"><states>248</states><edges>534</edges></level>
<level id="81"><states>257</states><edges>542</edges></level>
<level id="82"><states>236</states><edges>484</edges></level>
<level id="83"><states>211</states><edges>407</edges></level>
<level id="84"><states>176</states><edges>338</edges></level>
<level id="85"><states>158</states><edges>300</edges></level>
<level id="86"><states>132</states><edges>253</edges></level>
<level id="87"><states>121</states><edges>237</edges></level>
<level id="88"><states>110</states><edges>236</edges></level>
<level id="89"><states>119</states><edges>246</edges></level>
<level id="90"><states>107</states><edges>216</edges></level>
<level id="91"><states>101</states><edges>188</edges></level>
<level id="92"><states>86</states><edges>157</edges></level>
<level id="93"><states>77</states><edges>141</edges></level>
<level id="94"><states>65</states><edges>117</edges></level>
<level id="95"><states>58</states><edges>110</edges></level>
<level id="96"><states>53</states><edges>106</edges></level>
<level id="97"><states>53</states><edges>104</edges></level>
<level id="98"><states>49</states><edges>93</edges></level>
<level id="99"><states>46</states><edges>80</edges></level>
<level id="100"><states>40</states><edges>64</edges></level>
<level id="101"><states>31</states><edges>50</edges></level>
<level id="102"><states>26</states><edges>39</edges></level>
<level id="103"><states>19</states><edges>34</edges></level>
<level id="104"><states>20</states><edges>36</edges></level>
<level id="105"><states>17</states><edges>31</edges></level>
<level id="106"><states>19</states><edges>34</edges></level>
<level id="107"><states>19</states><edges>33</edges></level>
<level id="108"><states>18</states><edges>28</edges></level>
<level id="109"><states>13</states><edges>19</edges></level>
<level id="110"><states>10</states><edges>14</edges></level>
<level id="111"><states>7</states><edges>13</edges></level>
<level id="112"><states>8</states><edges>14</edges></level>
<level id="113"><states>6</states><edges>10</edges></level>
<level id="114"><states>6</states><edges>10</edges></level>
<level id="115"><states>6</states><edges>10</edges></level>
<level id="116"><states>5</states><edges>7</edges></level>
<level id="117"><states>3</states><edges>3</edges></level>
<level id="118"><states>1</states><edges>0</edges></level>
</bfs-levels>
<back-level-length id="0">6.22508</back-level-length>
<back-level-length id="1">20.1929</back-level-length>
<back-level-length id="2">1.15756</back-level-length>
<back-level-length id="3">3.47267</back-level-length>
<back-level-length id="4">0</back-level-length>
<back-level-length id="5">3.62701</back-level-length>
<back-level-length id="6">4.82315</back-level-length>
<back-level-length id="7">3.08682</back-level-length>
<back-level-length id="8">0</back-level-length>
<back-level-length id="9">3.08682</back-level-length>
<back-level-length id="10">0.154341</back-level-length>
<back-level-length id="11">0</back-level-length>
<back-level-length id="12">1.6463</back-level-length>
<back-level-length id="13">0.0771704</back-level-length>
<back-level-length id="14">0</back-level-length>
<back-level-length id="15">6.07074</back-level-length>
<back-level-length id="16">16.5273</back-level-length>
<back-level-length id="17">0.0771704</back-level-length>
<back-level-length id="18">1.77492</back-level-length>
<back-level-length id="19">0.231511</back-level-length>
<back-level-length id="20">0</back-level-length>
<back-level-length id="21">4.6045</back-level-length>
<back-level-length id="22">10.9711</back-level-length>
<back-level-length id="23">0</back-level-length>
<back-level-length id="24">0</back-level-length>
<back-level-length id="25">1.15756</back-level-length>
<back-level-length id="26">0.0771704</back-level-length>
<back-level-length id="27">0</back-level-length>
<back-level-length id="28">4.14148</back-level-length>
<back-level-length id="29">0</back-level-length>
<back-level-length id="30">0</back-level-length>
<back-level-length id="31">0</back-level-length>
<back-level-length id="32">0</back-level-length>
<back-level-length id="33">0.0771704</back-level-length>
<back-level-length id="34">0.59164</back-level-length>
<back-level-length id="35">0.771704</back-level-length>
<back-level-length id="36">0</back-level-length>
<back-level-length id="37">0.154341</back-level-length>
<back-level-length id="38">0.0771704</back-level-length>
<back-level-length id="39">0</back-level-length>
<back-level-length id="40">0</back-level-length>
<back-level-length id="41">0.463023</back-level-length>
<back-level-length id="42">0</back-level-length>
<back-level-length id="43">0</back-level-length>
<back-level-length id="44">4.37299</back-level-length>
<back-level-length id="45">0</back-level-length>
<back-level-length id="46">0</back-level-length>
<back-level-length id="47">0</back-level-length>
<back-level-length id="48">0.0771704</back-level-length>
<back-level-length id="49">0</back-level-length>
<back-level-length id="50">0</back-level-length>
<back-level-length id="51">0</back-level-length>
<back-level-length id="52">0</back-level-length>
<back-level-length id="53">0</back-level-length>
<back-level-length id="54">0.0771704</back-level-length>
<back-level-length id="55">0</back-level-length>
<back-level-length id="56">0</back-level-length>
<back-level-length id="57">0.154341</back-level-length>
</bfs-info>
<degrees>
<avg>1.99229</avg>
<max-in>10</max-in>
<max-out>5</max-out>
<degree id="0"><in>1</in><out>348</out></degree>
<degree id="1"><in>10677</in><out>7819</out></degree>
<degree id="2"><in>12173</in><out>13984</out></degree>
<degree id="3"><in>4144</in><out>5856</out></degree>
<degree id="4"><in>970</in><out>1109</out></degree>
<degree id="5"><in>805</in><out>72</out></degree>
<degree id="6"><in>207</in><out>0</out></degree>
<degree id="7"><in>175</in><out>0</out></degree>
<degree id="8"><in>12</in><out>0</out></degree>
<degree id="9"><in>12</in><out>0</out></degree>
<degree id="10"><in>12</in><out>0</out></degree>
</degrees>
<scc-info>
<count>11560</count>
<height>138</height>
<nontrivial-height>10</nontrivial-height>
<trivial>11484</trivial>
<terminal>348</terminal>
<largest>16354</largest>
<largest-position> </largest-position>
</scc-info>
<dfs-info>
<stack-size id="145">0.328902</stack-size>
<stack-size id="290">0.256955</stack-size>
<stack-size id="435">0.212416</stack-size>
<stack-size id="580">0.188434</stack-size>
<stack-size id="725">0.568727</stack-size>
<stack-size id="870">0.986707</stack-size>
<stack-size id="1015">1.30533</stack-size>
<stack-size id="1160">1.48691</stack-size>
<stack-size id="1305">1.41839</stack-size>
<stack-size id="1450">1.367</stack-size>
<stack-size id="1595">1.38756</stack-size>
<stack-size id="1740">1.70618</stack-size>
<stack-size id="1885">1.88776</stack-size>
<stack-size id="2030">1.87063</stack-size>
<stack-size id="2175">1.82267</stack-size>
<stack-size id="2320">1.77813</stack-size>
<stack-size id="2465">2.08647</stack-size>
<stack-size id="2610">2.51131</stack-size>
<stack-size id="2755">2.86762</stack-size>
<stack-size id="2900">3.19309</stack-size>
<stack-size id="3045">3.40208</stack-size>
<stack-size id="3190">3.67617</stack-size>
<stack-size id="3335">3.80636</stack-size>
<stack-size id="3480">3.89201</stack-size>
<stack-size id="3625">4.06331</stack-size>
<stack-size id="3770">4.03933</stack-size>
<stack-size id="3915">3.99137</stack-size>
<stack-size id="4060">3.96396</stack-size>
<stack-size id="4205">4.25175</stack-size>
<stack-size id="4350">4.42305</stack-size>
<stack-size id="4495">4.64574</stack-size>
<stack-size id="4640">4.84446</stack-size>
<stack-size id="4785">5.10141</stack-size>
<stack-size id="4930">5.34124</stack-size>
<stack-size id="5075">5.54337</stack-size>
<stack-size id="5220">5.44059</stack-size>
<stack-size id="5365">5.41661</stack-size>
<stack-size id="5510">5.38577</stack-size>
<stack-size id="5655">5.64958</stack-size>
<stack-size id="5800">5.73523</stack-size>
<stack-size id="5945">5.95793</stack-size>
<stack-size id="6090">5.94765</stack-size>
<stack-size id="6235">5.88941</stack-size>
<stack-size id="6380">5.86542</stack-size>
<stack-size id="6525">6.08127</stack-size>
<stack-size id="6670">6.43758</stack-size>
<stack-size id="6815">6.59518</stack-size>
<stack-size id="6960">6.47526</stack-size>
<stack-size id="7105">6.5986</stack-size>
<stack-size id="7250">6.5198</stack-size>
<stack-size id="7395">6.47869</stack-size>
<stack-size id="7540">6.43415</stack-size>
<stack-size id="7685">6.35535</stack-size>
<stack-size id="7830">6.46156</stack-size>
<stack-size id="7975">6.44443</stack-size>
<stack-size id="8120">6.36906</stack-size>
<stack-size id="8265">6.32109</stack-size>
<stack-size id="8410">6.59518</stack-size>
<stack-size id="8555">6.72194</stack-size>
<stack-size id="8700">6.67055</stack-size>
<stack-size id="8845">6.67398</stack-size>
<stack-size id="8990">6.65342</stack-size>
<stack-size id="9135">6.64657</stack-size>
<stack-size id="9280">6.58832</stack-size>
<stack-size id="9425">6.50267</stack-size>
<stack-size id="9570">6.60545</stack-size>
<stack-size id="9715">6.55064</stack-size>
<stack-size id="9860">6.47869</stack-size>
<stack-size id="10005">6.46841</stack-size>
<stack-size id="10150">6.66712</stack-size>
<stack-size id="10295">6.90352</stack-size>
<stack-size id="10440">7.07825</stack-size>
<stack-size id="10585">7.27354</stack-size>
<stack-size id="10730">7.27354</stack-size>
<stack-size id="10875">7.36261</stack-size>
<stack-size id="11020">7.41401</stack-size>
<stack-size id="11165">7.623</stack-size>
<stack-size id="11310">7.71207</stack-size>
<stack-size id="11455">8.05468</stack-size>
<stack-size id="11600">8.03412</stack-size>
<stack-size id="11745">8.15404</stack-size>
<stack-size id="11890">8.08551</stack-size>
<stack-size id="12035">8.06838</stack-size>
<stack-size id="12180">7.99986</stack-size>
<stack-size id="12325">7.93134</stack-size>
<stack-size id="12470">8.01699</stack-size>
<stack-size id="12615">7.96903</stack-size>
<stack-size id="12760">7.89708</stack-size>
<stack-size id="12905">7.90051</stack-size>
<stack-size id="13050">8.17459</stack-size>
<stack-size id="13195">8.07181</stack-size>
<stack-size id="13340">8.04098</stack-size>
<stack-size id="13485">8.02727</stack-size>
<stack-size id="13630">8.01699</stack-size>
<stack-size id="13775">8.23969</stack-size>
<stack-size id="13920">8.36645</stack-size>
<stack-size id="14065">8.47951</stack-size>
<stack-size id="14210">8.53776</stack-size>
<stack-size id="14355">8.47609</stack-size>
<stack-size id="14500">8.47266</stack-size>
<stack-size id="14645">8.35617</stack-size>
<stack-size id="14790">8.2945</stack-size>
<stack-size id="14935">8.2945</stack-size>
<stack-size id="15080">8.23626</stack-size>
<stack-size id="15225">8.06153</stack-size>
<stack-size id="15370">7.9656</stack-size>
<stack-size id="15515">7.95532</stack-size>
<stack-size id="15660">7.85939</stack-size>
<stack-size id="15805">7.83199</stack-size>
<stack-size id="15950">7.81143</stack-size>
<stack-size id="16095">7.5579</stack-size>
<stack-size id="16240">7.3215</stack-size>
<stack-size id="16385">6.72879</stack-size>
<stack-size id="16530">6.13608</stack-size>
<stack-size id="16675">6.05386</stack-size>
<stack-size id="16820">6.05043</stack-size>
<stack-size id="16965">6.05386</stack-size>
<stack-size id="17110">6.00589</stack-size>
<stack-size id="17255">5.94765</stack-size>
<stack-size id="17400">5.96478</stack-size>
<stack-size id="17545">5.93052</stack-size>
<stack-size id="17690">5.862</stack-size>
<stack-size id="17835">5.60162</stack-size>
<stack-size id="17980">5.57763</stack-size>
<stack-size id="18125">5.51597</stack-size>
<stack-size id="18270">5.46115</stack-size>
<stack-size id="18415">5.47143</stack-size>
<stack-size id="18560">5.45772</stack-size>
<stack-size id="18705">5.32411</stack-size>
<stack-size id="18850">5.25901</stack-size>
<stack-size id="18995">4.95752</stack-size>
<stack-size id="19140">4.96094</stack-size>
<stack-size id="19285">4.95752</stack-size>
<stack-size id="19430">4.95409</stack-size>
<stack-size id="19575">4.83418</stack-size>
<stack-size id="19720">4.85473</stack-size>
<stack-size id="19865">4.86844</stack-size>
<stack-size id="20010">4.83075</stack-size>
<stack-size id="20155">4.7588</stack-size>
<stack-size id="20300">4.62861</stack-size>
<stack-size id="20445">4.495</stack-size>
<stack-size id="20590">4.57722</stack-size>
<stack-size id="20735">4.51898</stack-size>
<stack-size id="20880">4.48129</stack-size>
<stack-size id="21025">4.44018</stack-size>
<stack-size id="21170">4.38536</stack-size>
<stack-size id="21315">4.45731</stack-size>
<stack-size id="21460">4.39907</stack-size>
<stack-size id="21605">4.32712</stack-size>
<stack-size id="21750">4.23804</stack-size>
<stack-size id="21895">4.24147</stack-size>
<stack-size id="22040">4.1798</stack-size>
<stack-size id="22185">4.1147</stack-size>
<stack-size id="22330">4.12498</stack-size>
<stack-size id="22475">4.1147</stack-size>
<stack-size id="22620">4.101</stack-size>
<stack-size id="22765">4.01535</stack-size>
<stack-size id="22910">4.03591</stack-size>
<stack-size id="23055">3.96738</stack-size>
<stack-size id="23200">3.70358</stack-size>
<stack-size id="23345">3.64191</stack-size>
<stack-size id="23490">3.28902</stack-size>
<stack-size id="23635">3.23421</stack-size>
<stack-size id="23780">2.38454</stack-size>
<stack-size id="23925">2.40852</stack-size>
<stack-size id="24070">2.39825</stack-size>
<stack-size id="24215">2.33315</stack-size>
<stack-size id="24360">2.28176</stack-size>
<stack-size id="24505">2.20639</stack-size>
<stack-size id="24650">2.30232</stack-size>
<stack-size id="24795">2.24407</stack-size>
<stack-size id="24940">2.19953</stack-size>
<stack-size id="25085">2.08647</stack-size>
<stack-size id="25230">1.95628</stack-size>
<stack-size id="25375">1.95971</stack-size>
<stack-size id="25520">1.92202</stack-size>
<stack-size id="25665">1.88434</stack-size>
<stack-size id="25810">1.87406</stack-size>
<stack-size id="25955">1.86378</stack-size>
<stack-size id="26100">1.79183</stack-size>
<stack-size id="26245">1.50404</stack-size>
<stack-size id="26390">1.50062</stack-size>
<stack-size id="26535">1.47321</stack-size>
<stack-size id="26680">1.41497</stack-size>
<stack-size id="26825">1.43552</stack-size>
<stack-size id="26970">1.37043</stack-size>
<stack-size id="27115">0.32205</stack-size>
<stack-size id="27260">0.428258</stack-size>
<stack-size id="27405">0.41798</stack-size>
<stack-size id="27550">0.308346</stack-size>
<stack-size id="27695">0.256955</stack-size>
<stack-size id="27840">0.270659</stack-size>
<stack-size id="27985">0.236399</stack-size>
<stack-size id="28130">0.0685213</stack-size>
<stack-size id="28275">0.106208</stack-size>
<stack-size id="28420">0.0993559</stack-size>
<stack-size id="28565">0.0376867</stack-size>
<stack-size id="28710">0.11306</stack-size>
<stack-size id="28855">0.174729</stack-size>
<stack-size id="29000">0.109634</stack-size>
<stack-size id="29145">0.054817</stack-size>
<max-stack>2511</max-stack>
<front-edges>29187</front-edges>
<back-edges>2765</back-edges>
<cross-edges>26199</cross-edges>
<shortest-cycle>17</shortest-cycle>
</dfs-info>
<rw-info>
<coverage step="2900">2.79567</coverage>
<coverage step="5800">4.03933</coverage>
<coverage step="8700">4.89927</coverage>
<coverage step="11600">6.00247</coverage>
<coverage step="14500">6.62258</coverage>
<coverage step="17400">7.26668</coverage>
<coverage step="20300">7.87652</coverage>
<coverage step="23200">8.202</coverage>
<coverage step="26100">8.40414</coverage>
<coverage step="29000">8.72276</coverage>
<coverage step="31900">9.28121</coverage>
<coverage step="34800">9.39427</coverage>
<coverage step="37700">9.48335</coverage>
<coverage step="40600">9.6615</coverage>
<coverage step="43500">9.95615</coverage>
<coverage step="46400">10.0384</coverage>
<coverage step="49300">10.1857</coverage>
<coverage step="52200">10.2576</coverage>
<coverage step="55100">10.5797</coverage>
<coverage step="58000">10.775</coverage>
<coverage step="60900">10.8538</coverage>
<coverage step="63800">11.0456</coverage>
<coverage step="66700">11.0765</coverage>
<coverage step="69600">11.1724</coverage>
<coverage step="72500">11.2718</coverage>
<coverage step="75400">11.4019</coverage>
<coverage step="78300">11.4842</coverage>
<coverage step="81200">11.8096</coverage>
<coverage step="84100">11.8542</coverage>
<coverage step="87000">11.9707</coverage>
<coverage step="89900">12.0426</coverage>
<coverage step="92800">12.1077</coverage>
<coverage step="95700">12.2893</coverage>
<coverage step="98600">12.3989</coverage>
<coverage step="101500">12.4229</coverage>
<coverage step="104400">12.488</coverage>
<coverage step="107300">12.6627</coverage>
<coverage step="110200">12.7278</coverage>
<coverage step="113100">12.858</coverage>
<coverage step="116000">12.8752</coverage>
<coverage step="118900">12.9163</coverage>
<coverage step="121800">13.0259</coverage>
<coverage step="124700">13.1321</coverage>
<coverage step="127600">13.1869</coverage>
<coverage step="130500">13.276</coverage>
<coverage step="133400">13.2863</coverage>
<coverage step="136300">13.3822</coverage>
<coverage step="139200">13.4576</coverage>
<coverage step="142100">13.5398</coverage>
<coverage step="145000">13.6494</coverage>
<coverage step="147900">13.6529</coverage>
<coverage step="150800">13.67</coverage>
<coverage step="153700">13.7796</coverage>
<coverage step="156600">13.7831</coverage>
<coverage step="159500">13.8139</coverage>
<coverage step="162400">13.831</coverage>
<coverage step="165300">13.9509</coverage>
<coverage step="168200">14.0366</coverage>
<coverage step="171100">14.1359</coverage>
<coverage step="174000">14.1942</coverage>
<coverage step="176900">14.2661</coverage>
<coverage step="179800">14.3244</coverage>
<coverage step="182700">14.3518</coverage>
<coverage step="185600">14.482</coverage>
<coverage step="188500">14.5334</coverage>
<coverage step="191400">14.5574</coverage>
<coverage step="194300">14.6944</coverage>
<coverage step="197200">14.7389</coverage>
<coverage step="200100">14.8486</coverage>
<coverage step="203000">14.9479</coverage>
<coverage step="205900">15.0233</coverage>
<coverage step="208800">15.1158</coverage>
<coverage step="211700">15.1295</coverage>
<coverage step="214600">15.1672</coverage>
<coverage step="217500">15.1706</coverage>
<coverage step="220400">15.383</coverage>
<coverage step="223300">15.383</coverage>
<coverage step="226200">15.3865</coverage>
<coverage step="229100">15.455</coverage>
<coverage step="232000">15.479</coverage>
<coverage step="234900">15.5098</coverage>
<coverage step="237800">15.6092</coverage>
<coverage step="240700">15.6537</coverage>
<coverage step="243600">15.7119</coverage>
<coverage step="246500">15.7119</coverage>
<coverage step="249400">15.7188</coverage>
<coverage step="252300">15.7633</coverage>
<coverage step="255200">15.7805</coverage>
<coverage step="258100">15.7839</coverage>
<coverage step="261000">15.8113</coverage>
<coverage step="263900">15.8216</coverage>
<coverage step="266800">15.8935</coverage>
<coverage step="269700">16.0477</coverage>
<coverage step="272600">16.0717</coverage>
<coverage step="275500">16.1299</coverage>
<coverage step="278400">16.147</coverage>
<coverage step="281300">16.3184</coverage>
<coverage step="284200">16.4588</coverage>
<coverage step="287100">16.5136</coverage>
<coverage step="290000">16.5136</coverage>
<rw-visits order="1">1415</rw-visits>
<rw-visits order="24">1256</rw-visits>
<rw-visits order="47">1131</rw-visits>
<rw-visits order="70">988</rw-visits>
<rw-visits order="93">703</rw-visits>
<rw-visits order="116">592</rw-visits>
<rw-visits order="139">559</rw-visits>
<rw-visits order="162">516</rw-visits>
<rw-visits order="185">493</rw-visits>
<rw-visits order="208">441</rw-visits>
<rw-visits order="231">368</rw-visits>
<rw-visits order="254">326</rw-visits>
<rw-visits order="277">305</rw-visits>
<rw-visits order="300">278</rw-visits>
<rw-visits order="323">243</rw-visits>
<rw-visits order="346">202</rw-visits>
<rw-visits order="369">172</rw-visits>
<rw-visits order="392">161</rw-visits>
<rw-visits order="415">155</rw-visits>
<rw-visits order="438">151</rw-visits>
<rw-visits order="461">144</rw-visits>
<rw-visits order="484">135</rw-visits>
<rw-visits order="507">127</rw-visits>
<rw-visits order="530">118</rw-visits>
<rw-visits order="553">105</rw-visits>
<rw-visits order="576">98</rw-visits>
<rw-visits order="599">91</rw-visits>
<rw-visits order="622">87</rw-visits>
<rw-visits order="645">81</rw-visits>
<rw-visits order="668">77</rw-visits>
<rw-visits order="691">74</rw-visits>
<rw-visits order="714">69</rw-visits>
<rw-visits order="737">66</rw-visits>
<rw-visits order="760">62</rw-visits>
<rw-visits order="783">57</rw-visits>
<rw-visits order="806">52</rw-visits>
<rw-visits order="829">49</rw-visits>
<rw-visits order="852">46</rw-visits>
<rw-visits order="875">45</rw-visits>
<rw-visits order="898">44</rw-visits>
<rw-visits order="921">42</rw-visits>
<rw-visits order="944">40</rw-visits>
<rw-visits order="967">37</rw-visits>
<rw-visits order="990">36</rw-visits>
<rw-visits order="1013">34</rw-visits>
<rw-visits order="1036">33</rw-visits>
<rw-visits order="1059">32</rw-visits>
<rw-visits order="1082">31</rw-visits>
<rw-visits order="1105">30</rw-visits>
<rw-visits order="1128">29</rw-visits>
<rw-visits order="1151">28</rw-visits>
<rw-visits order="1174">27</rw-visits>
<rw-visits order="1197">26</rw-visits>
<rw-visits order="1220">25</rw-visits>
<rw-visits order="1243">24</rw-visits>
<rw-visits order="1266">24</rw-visits>
<rw-visits order="1289">23</rw-visits>
<rw-visits order="1312">22</rw-visits>
<rw-visits order="1335">22</rw-visits>
<rw-visits order="1358">21</rw-visits>
<rw-visits order="1381">20</rw-visits>
<rw-visits order="1404">19</rw-visits>
<rw-visits order="1427">19</rw-visits>
<rw-visits order="1450">18</rw-visits>
<rw-visits order="1473">18</rw-visits>
<rw-visits order="1496">17</rw-visits>
<rw-visits order="1519">17</rw-visits>
<rw-visits order="1542">16</rw-visits>
<rw-visits order="1565">15</rw-visits>
<rw-visits order="1588">15</rw-visits>
<rw-visits order="1611">15</rw-visits>
<rw-visits order="1634">14</rw-visits>
<rw-visits order="1657">14</rw-visits>
<rw-visits order="1680">13</rw-visits>
<rw-visits order="1703">13</rw-visits>
<rw-visits order="1726">12</rw-visits>
<rw-visits order="1749">12</rw-visits>
<rw-visits order="1772">12</rw-visits>
<rw-visits order="1795">11</rw-visits>
<rw-visits order="1818">11</rw-visits>
<rw-visits order="1841">11</rw-visits>
<rw-visits order="1864">10</rw-visits>
<rw-visits order="1887">10</rw-visits>
<rw-visits order="1910">10</rw-visits>
<rw-visits order="1933">9</rw-visits>
<rw-visits order="1956">9</rw-visits>
<rw-visits order="1979">9</rw-visits>
<rw-visits order="2002">9</rw-visits>
<rw-visits order="2025">8</rw-visits>
<rw-visits order="2048">8</rw-visits>
<rw-visits order="2071">8</rw-visits>
<rw-visits order="2094">8</rw-visits>
<rw-visits order="2117">7</rw-visits>
<rw-visits order="2140">7</rw-visits>
<rw-visits order="2163">7</rw-visits>
<rw-visits order="2186">7</rw-visits>
<rw-visits order="2209">7</rw-visits>
<rw-visits order="2232">7</rw-visits>
<rw-visits order="2255">6</rw-visits>
<rw-visits order="2278">6</rw-visits>
<rw-visits order="2301">6</rw-visits>
<rw-visits order="2324">6</rw-visits>
<rw-visits order="2347">6</rw-visits>
<rw-visits order="2370">6</rw-visits>
<rw-visits order="2393">6</rw-visits>
<rw-visits order="2416">5</rw-visits>
<rw-visits order="2439">5</rw-visits>
<rw-visits order="2462">5</rw-visits>
<rw-visits order="2485">5</rw-visits>
<rw-visits order="2508">5</rw-visits>
<rw-visits order="2531">5</rw-visits>
<rw-visits order="2554">5</rw-visits>
<rw-visits order="2577">4</rw-visits>
<rw-visits order="2600">4</rw-visits>
<rw-visits order="2623">4</rw-visits>
<rw-visits order="2646">4</rw-visits>
<rw-visits order="2669">4</rw-visits>
<rw-visits order="2692">4</rw-visits>
<rw-visits order="2715">4</rw-visits>
<rw-visits order="2738">4</rw-visits>
<rw-visits order="2761">3</rw-visits>
<rw-visits order="2784">3</rw-visits>
<rw-visits order="2807">3</rw-visits>
<rw-visits order="2830">3</rw-visits>
<rw-visits order="2853">3</rw-visits>
<rw-visits order="2876">3</rw-visits>
<rw-visits order="2899">3</rw-visits>
<rw-visits order="2922">3</rw-visits>
<rw-visits order="2945">3</rw-visits>
<rw-visits order="2968">3</rw-visits>
<rw-visits order="2991">3</rw-visits>
<rw-visits order="3014">3</rw-visits>
<rw-visits order="3037">2</rw-visits>
<rw-visits order="3060">2</rw-visits>
<rw-visits order="3083">2</rw-visits>
<rw-visits order="3106">2</rw-visits>
<rw-visits order="3129">2</rw-visits>
<rw-visits order="3152">2</rw-visits>
<rw-visits order="3175">2</rw-visits>
<rw-visits order="3198">2</rw-visits>
<rw-visits order="3221">2</rw-visits>
<rw-visits order="3244">2</rw-visits>
<rw-visits order="3267">2</rw-visits>
<rw-visits order="3290">2</rw-visits>
<rw-visits order="3313">2</rw-visits>
<rw-visits order="3336">2</rw-visits>
<rw-visits order="3359">2</rw-visits>
<rw-visits order="3382">2</rw-visits>
<rw-visits order="3405">2</rw-visits>
<rw-visits order="3428">2</rw-visits>
<rw-visits order="3451">2</rw-visits>
<rw-visits order="3474">2</rw-visits>
<rw-visits order="3497">2</rw-visits>
<rw-visits order="3520">2</rw-visits>
<rw-visits order="3543">2</rw-visits>
<rw-visits order="3566">2</rw-visits>
<rw-visits order="3589">1</rw-visits>
<rw-visits order="3612">1</rw-visits>
<rw-visits order="3635">1</rw-visits>
<rw-visits order="3658">1</rw-visits>
<rw-visits order="3681">1</rw-visits>
<rw-visits order="3704">1</rw-visits>
<rw-visits order="3727">1</rw-visits>
<rw-visits order="3750">1</rw-visits>
<rw-visits order="3773">1</rw-visits>
<rw-visits order="3796">1</rw-visits>
<rw-visits order="3819">1</rw-visits>
<rw-visits order="3842">1</rw-visits>
<rw-visits order="3865">1</rw-visits>
<rw-visits order="3888">1</rw-visits>
<rw-visits order="3911">1</rw-visits>
<rw-visits order="3934">1</rw-visits>
<rw-visits order="3957">1</rw-visits>
<rw-visits order="3980">1</rw-visits>
<rw-visits order="4003">1</rw-visits>
<rw-visits order="4026">1</rw-visits>
<rw-visits order="4049">1</rw-visits>
<rw-visits order="4072">1</rw-visits>
<rw-visits order="4095">1</rw-visits>
<rw-visits order="4118">1</rw-visits>
<rw-visits order="4141">1</rw-visits>
<rw-visits order="4164">1</rw-visits>
<rw-visits order="4187">1</rw-visits>
<rw-visits order="4210">1</rw-visits>
<rw-visits order="4233">1</rw-visits>
<rw-visits order="4256">1</rw-visits>
<rw-visits order="4279">1</rw-visits>
<rw-visits order="4302">1</rw-visits>
<rw-visits order="4325">1</rw-visits>
<rw-visits order="4348">1</rw-visits>
<rw-visits order="4371">1</rw-visits>
<rw-visits order="4394">1</rw-visits>
<rw-visits order="4417">1</rw-visits>
<rw-visits order="4440">1</rw-visits>
<rw-visits order="4463">1</rw-visits>
<rw-visits order="4486">1</rw-visits>
<rw-visits order="4509">1</rw-visits>
<rw-visits order="4532">1</rw-visits>
<rw-visits order="4555">1</rw-visits>
<rw-visits order="4578">1</rw-visits>
<rw-visits order="4601">1</rw-visits>
<rw-visits order="4624">1</rw-visits>
<rw-visits order="4647">1</rw-visits>
<rw-visits order="4670">1</rw-visits>
<rw-visits order="4693">1</rw-visits>
<rw-visits order="4716">1</rw-visits>
<rw-visits order="4739">1</rw-visits>
<rw-visits order="4762">1</rw-visits>
<rw-visits order="4785">1</rw-visits>
<rw-visits order="4808">1</rw-visits>
<final-coverage>16.5171</final-coverage>
</rw-info>
<local-info>
<diamonds>67.329</diamonds>
<neighborhood k="4">13</neighborhood>
<clustering k="4">1.3387</clustering>
</local-info>
<label-info>
<edge-label id="0.0">253</edge-label>
<edge-label id="0.1">253</edge-label>
<edge-label id="0.2">253</edge-label>
<edge-label id="0.3+2.0">588</edge-label>
<edge-label id="0.5+1.4">108</edge-label>
<edge-label id="0.6">726</edge-label>
<edge-label id="1.1">3459</edge-label>
<edge-label id="1.2">5432</edge-label>
<edge-label id="1.3">4831</edge-label>
<edge-label id="1.5">3324</edge-label>
<edge-label id="2.1">1704</edge-label>
<edge-label id="2.10+0.4">1752</edge-label>
<edge-label id="2.11+0.4">492</edge-label>
<edge-label id="2.12+0.4">476</edge-label>
<edge-label id="2.13+3.10">1080</edge-label>
<edge-label id="2.13+3.11">354</edge-label>
<edge-label id="2.2+4.0">796</edge-label>
<edge-label id="2.3+4.0">1768</edge-label>
<edge-label id="2.4+4.0">2076</edge-label>
<edge-label id="2.5+4.0">704</edge-label>
<edge-label id="2.9">1152</edge-label>
<edge-label id="3.1">1488</edge-label>
<edge-label id="3.2+1.0">336</edge-label>
<edge-label id="3.3+1.0">114</edge-label>
<edge-label id="3.4+1.0">240</edge-label>
<edge-label id="3.5+5.0">1300</edge-label>
<edge-label id="3.6+5.0">1560</edge-label>
<edge-label id="3.8">4030</edge-label>
<edge-label id="3.9+1.0">2634</edge-label>
<edge-label id="4.1+2.7">968</edge-label>
<edge-label id="4.1+2.8">4356</edge-label>
<edge-label id="4.2+3.0">1752</edge-label>
<edge-label id="4.2+3.7">1984</edge-label>
<edge-label id="5.1+2.6">2904</edge-label>
<edge-label id="5.2+2.7">484</edge-label>
<edge-label id="5.2+2.8">2420</edge-label>
<state-labels procid="0">
<label id="[0]">1</label>
<label id="[1]">5087</label>
<label id="[2]">10093</label>
<label id="[3]">14007</label>
</state-labels><state-labels procid="1">
<label id="[0,0,0]">1</label>
<label id="[0,1,0]">252</label>
<label id="[1,0,0]">3</label>
<label id="[1,1,0]">756</label>
<label id="[1,2,0]">400</label>
<label id="[1,3,0]">326</label>
<label id="[2,0,0]">1026</label>
<label id="[2,1,0]">9270</label>
<label id="[2,2,0]">9664</label>
<label id="[2,3,0]">5576</label>
<label id="[3,1,0]">1188</label>
<label id="[3,2,0]">400</label>
<label id="[3,3,0]">326</label>
</state-labels><state-labels procid="2">
<label id="[0,0,0]">172</label>
<label id="[0,1,1]">510</label>
<label id="[0,1,2]">510</label>
<label id="[0,1,3]">510</label>
<label id="[0,2,0]">2150</label>
<label id="[0,4,1]">842</label>
<label id="[0,4,2]">488</label>
<label id="[0,4,3]">488</label>
<label id="[0,4,4]">488</label>
<label id="[0,5,2]">421</label>
<label id="[0,5,3]">244</label>
<label id="[0,5,4]">244</label>
<label id="[0,5,5]">244</label>
<label id="[1,1,1]">389</label>
<label id="[1,1,2]">891</label>
<label id="[1,1,3]">1279</label>
<label id="[1,1,4]">1108</label>
<label id="[1,1,5]">776</label>
<label id="[1,1,6]">388</label>
<label id="[1,2,2]">1298</label>
<label id="[1,2,3]">1484</label>
<label id="[1,2,4]">1358</label>
<label id="[1,2,5]">944</label>
<label id="[1,2,6]">348</label>
<label id="[1,4,1]">842</label>
<label id="[1,4,2]">488</label>
<label id="[1,4,3]">488</label>
<label id="[1,4,4]">488</label>
<label id="[1,5,2]">421</label>
<label id="[1,5,3]">244</label>
<label id="[1,5,4]">244</label>
<label id="[1,5,5]">244</label>
<label id="[2,1,1]">389</label>
<label id="[2,1,2]">891</label>
<label id="[2,1,3]">1279</label>
<label id="[2,1,4]">1108</label>
<label id="[2,1,5]">776</label>
<label id="[2,1,6]">388</label>
<label id="[3,1,2]">332</label>
<label id="[3,1,3]">720</label>
<label id="[3,1,4]">1108</label>
<label id="[3,1,5]">776</label>
<label id="[3,1,6]">388</label>
</state-labels><state-labels procid="3">
<label id="[0,0,0,0,0]">4</label>
<label id="[0,0,1,1,0]">23</label>
<label id="[0,0,1,1,1]">23</label>
<label id="[0,0,1,1,2]">23</label>
<label id="[0,0,1,1,3]">23</label>
<label id="[0,0,1,1,4]">23</label>
<label id="[0,0,1,1,5]">63</label>
<label id="[0,0,2,1,5]">60</label>
<label id="[0,0,2,2,0]">23</label>
<label id="[0,0,2,2,1]">23</label>
<label id="[0,0,2,2,2]">23</label>
<label id="[0,0,2,2,3]">23</label>
<label id="[0,0,2,2,4]">23</label>
<label id="[0,0,2,2,5]">55</label>
<label id="[0,0,3,1,5]">80</label>
<label id="[0,0,3,2,5]">20</label>
<label id="[0,0,3,3,0]">23</label>
<label id="[0,0,3,3,1]">23</label>
<label id="[0,0,3,3,2]">23</label>
<label id="[0,0,3,3,3]">23</label>
<label id="[0,0,3,3,4]">23</label>
<label id="[0,0,3,3,5]">55</label>
<label id="[0,1,1,1,0]">23</label>
<label id="[0,1,1,1,1]">23</label>
<label id="[0,1,1,1,2]">23</label>
<label id="[0,1,1,1,3]">23</label>
<label id="[0,1,1,1,4]">23</label>
<label id="[0,1,1,1,5]">61</label>
<label id="[0,1,2,1,5]">58</label>
<label id="[0,1,2,2,0]">23</label>
<label id="[0,1,2,2,1]">23</label>
<label id="[0,1,2,2,2]">23</label>
<label id="[0,1,2,2,3]">23</label>
<label id="[0,1,2,2,4]">23</label>
<label id="[0,1,2,2,5]">55</label>
<label id="[0,1,3,1,5]">78</label>
<label id="[0,1,3,2,5]">20</label>
<label id="[0,1,3,3,0]">23</label>
<label id="[0,1,3,3,1]">23</label>
<label id="[0,1,3,3,2]">23</label>
<label id="[0,1,3,3,3]">23</label>
<label id="[0,1,3,3,4]">23</label>
<label id="[0,1,3,3,5]">55</label>
<label id="[1,0,1,1,0]">9</label>
<label id="[1,0,1,1,1]">8</label>
<label id="[1,0,1,1,2]">8</label>
<label id="[1,0,1,1,3]">8</label>
<label id="[1,0,1,1,4]">8</label>
<label id="[1,0,1,1,5]">28</label>
<label id="[1,0,2,1,0]">9</label>
<label id="[1,0,2,1,1]">8</label>
<label id="[1,0,2,1,2]">8</label>
<label id="[1,0,2,1,3]">8</label>
<label id="[1,0,2,1,4]">8</label>
<label id="[1,0,2,1,5]">54</label>
<label id="[1,0,2,2,0]">30</label>
<label id="[1,0,2,2,1]">30</label>
<label id="[1,0,2,2,2]">30</label>
<label id="[1,0,2,2,3]">30</label>
<label id="[1,0,2,2,4]">30</label>
<label id="[1,0,2,2,5]">30</label>
<label id="[1,0,3,1,0]">9</label>
<label id="[1,0,3,1,1]">8</label>
<label id="[1,0,3,1,2]">8</label>
<label id="[1,0,3,1,3]">8</label>
<label id="[1,0,3,1,4]">8</label>
<label id="[1,0,3,1,5]">74</label>
<label id="[1,0,3,2,0]">30</label>
<label id="[1,0,3,2,1]">30</label>
<label id="[1,0,3,2,2]">30</label>
<label id="[1,0,3,2,3]">30</label>
<label id="[1,0,3,2,4]">30</label>
<label id="[1,0,3,2,5]">30</label>
<label id="[1,0,3,3,0]">34</label>
<label id="[1,0,3,3,1]">34</label>
<label id="[1,0,3,3,2]">34</label>
<label id="[1,0,3,3,3]">34</label>
<label id="[1,0,3,3,4]">34</label>
<label id="[1,0,3,3,5]">34</label>
<label id="[1,1,1,1,0]">8</label>
<label id="[1,1,1,1,1]">8</label>
<label id="[1,1,1,1,2]">8</label>
<label id="[1,1,1,1,3]">8</label>
<label id="[1,1,1,1,4]">8</label>
<label id="[1,1,1,1,5]">27</label>
<label id="[1,1,2,1,0]">8</label>
<label id="[1,1,2,1,1]">8</label>
<label id="[1,1,2,1,2]">8</label>
<label id="[1,1,2,1,3]">8</label>
<label id="[1,1,2,1,4]">8</label>
<label id="[1,1,2,1,5]">53</label>
<label id="[1,1,2,2,0]">34</label>
<label id="[1,1,2,2,1]">34</label>
<label id="[1,1,2,2,2]">34</label>
<label id="[1,1,2,2,3]">34</label>
<label id="[1,1,2,2,4]">34</label>
<label id="[1,1,2,2,5]">34</label>
<label id="[1,1,3,1,0]">8</label>
<label id="[1,1,3,1,1]">8</label>
<label id="[1,1,3,1,2]">8</label>
<label id="[1,1,3,1,3]">8</label>
<label id="[1,1,3,1,4]">8</label>
<label id="[1,1,3,1,5]">73</label>
<label id="[1,1,3,2,0]">34</label>
<label id="[1,1,3,2,1]">34</label>
<label id="[1,1,3,2,2]">34</label>
<label id="[1,1,3,2,3]">34</label>
<label id="[1,1,3,2,4]">34</label>
<label id="[1,1,3,2,5]">34</label>
<label id="[1,1,3,3,0]">30</label>
<label id="[1,1,3,3,1]">30</label>
<label id="[1,1,3,3,2]">30</label>
<label id="[1,1,3,3,3]">30</label>
<label id="[1,1,3,3,4]">30</label>
<label id="[1,1,3,3,5]">30</label>
<label id="[2,0,1,1,0]">155</label>
<label id="[2,0,1,1,1]">227</label>
<label id="[2,0,1,1,2]">227</label>
<label id="[2,0,1,1,3]">227</label>
<label id="[2,0,1,1,4]">227</label>
<label id="[2,0,1,1,5]">227</label>
<label id="[2,0,2,1,0]">202</label>
<label id="[2,0,2,1,1]">256</label>
<label id="[2,0,2,1,2]">256</label>
<label id="[2,0,2,1,3]">256</label>
<label id="[2,0,2,1,4]">256</label>
<label id="[2,0,2,1,5]">256</label>
<label id="[2,0,2,2,0]">120</label>
<label id="[2,0,2,2,1]">192</label>
<label id="[2,0,2,2,2]">192</label>
<label id="[2,0,2,2,3]">192</label>
<label id="[2,0,2,2,4]">192</label>
<label id="[2,0,2,2,5]">192</label>
<label id="[2,0,3,1,0]">215</label>
<label id="[2,0,3,1,1]">269</label>
<label id="[2,0,3,1,2]">269</label>
<label id="[2,0,3,1,3]">269</label>
<label id="[2,0,3,1,4]">269</label>
<label id="[2,0,3,1,5]">269</label>
<label id="[2,0,3,2,0]">96</label>
<label id="[2,0,3,2,1]">144</label>
<label id="[2,0,3,2,2]">144</label>
<label id="[2,0,3,2,3]">144</label>
<label id="[2,0,3,2,4]">144</label>
<label id="[2,0,3,2,5]">144</label>
<label id="[2,0,3,3,0]">132</label>
<label id="[2,0,3,3,1]">210</label>
<label id="[2,0,3,3,2]">210</label>
<label id="[2,0,3,3,3]">210</label>
<label id="[2,0,3,3,4]">210</label>
<label id="[2,0,3,3,5]">210</label>
<label id="[2,1,1,1,0]">143</label>
<label id="[2,1,1,1,1]">209</label>
<label id="[2,1,1,1,2]">209</label>
<label id="[2,1,1,1,3]">209</label>
<label id="[2,1,1,1,4]">209</label>
<label id="[2,1,1,1,5]">209</label>
<label id="[2,1,2,1,0]">190</label>
<label id="[2,1,2,1,1]">238</label>
<label id="[2,1,2,1,2]">238</label>
<label id="[2,1,2,1,3]">238</label>
<label id="[2,1,2,1,4]">238</label>
<label id="[2,1,2,1,5]">238</label>
<label id="[2,1,2,2,0]">132</label>
<label id="[2,1,2,2,1]">210</label>
<label id="[2,1,2,2,2]">210</label>
<label id="[2,1,2,2,3]">210</label>
<label id="[2,1,2,2,4]">210</label>
<label id="[2,1,2,2,5]">210</label>
<label id="[2,1,3,1,0]">203</label>
<label id="[2,1,3,1,1]">251</label>
<label id="[2,1,3,1,2]">251</label>
<label id="[2,1,3,1,3]">251</label>
<label id="[2,1,3,1,4]">251</label>
<label id="[2,1,3,1,5]">251</label>
<label id="[2,1,3,2,0]">108</label>
<label id="[2,1,3,2,1]">162</label>
<label id="[2,1,3,2,2]">162</label>
<label id="[2,1,3,2,3]">162</label>
<label id="[2,1,3,2,4]">162</label>
<label id="[2,1,3,2,5]">162</label>
<label id="[2,1,3,3,0]">120</label>
<label id="[2,1,3,3,1]">192</label>
<label id="[2,1,3,3,2]">192</label>
<label id="[2,1,3,3,3]">192</label>
<label id="[2,1,3,3,4]">192</label>
<label id="[2,1,3,3,5]">192</label>
<label id="[3,0,1,1,0]">29</label>
<label id="[3,0,1,1,1]">77</label>
<label id="[3,0,1,1,2]">77</label>
<label id="[3,0,1,1,3]">77</label>
<label id="[3,0,1,1,4]">77</label>
<label id="[3,0,1,1,5]">77</label>
<label id="[3,0,2,1,0]">55</label>
<label id="[3,0,2,1,1]">89</label>
<label id="[3,0,2,1,2]">89</label>
<label id="[3,0,2,1,3]">89</label>
<label id="[3,0,2,1,4]">89</label>
<label id="[3,0,2,1,5]">89</label>
<label id="[3,0,2,2,0]">30</label>
<label id="[3,0,2,2,1]">78</label>
<label id="[3,0,2,2,2]">78</label>
<label id="[3,0,2,2,3]">78</label>
<label id="[3,0,2,2,4]">78</label>
<label id="[3,0,2,2,5]">78</label>
<label id="[3,0,3,1,0]">75</label>
<label id="[3,0,3,1,1]">99</label>
<label id="[3,0,3,1,2]">99</label>
<label id="[3,0,3,1,3]">99</label>
<label id="[3,0,3,1,4]">99</label>
<label id="[3,0,3,1,5]">99</label>
<label id="[3,0,3,2,0]">30</label>
<label id="[3,0,3,2,1]">60</label>
<label id="[3,0,3,2,2]">60</label>
<label id="[3,0,3,2,3]">60</label>
<label id="[3,0,3,2,4]">60</label>
<label id="[3,0,3,2,5]">60</label>
<label id="[3,0,3,3,0]">34</label>
<label id="[3,0,3,3,1]">86</label>
<label id="[3,0,3,3,2]">86</label>
<label id="[3,0,3,3,3]">86</label>
<label id="[3,0,3,3,4]">86</label>
<label id="[3,0,3,3,5]">86</label>
<label id="[3,1,1,1,0]">27</label>
<label id="[3,1,1,1,1]">71</label>
<label id="[3,1,1,1,2]">71</label>
<label id="[3,1,1,1,3]">71</label>
<label id="[3,1,1,1,4]">71</label>
<label id="[3,1,1,1,5]">71</label>
<label id="[3,1,2,1,0]">53</label>
<label id="[3,1,2,1,1]">83</label>
<label id="[3,1,2,1,2]">83</label>
<label id="[3,1,2,1,3]">83</label>
<label id="[3,1,2,1,4]">83</label>
<label id="[3,1,2,1,5]">83</label>
<label id="[3,1,2,2,0]">34</label>
<label id="[3,1,2,2,1]">86</label>
<label id="[3,1,2,2,2]">86</label>
<label id="[3,1,2,2,3]">86</label>
<label id="[3,1,2,2,4]">86</label>
<label id="[3,1,2,2,5]">86</label>
<label id="[3,1,3,1,0]">73</label>
<label id="[3,1,3,1,1]">93</label>
<label id="[3,1,3,1,2]">93</label>
<label id="[3,1,3,1,3]">93</label>
<label id="[3,1,3,1,4]">93</label>
<label id="[3,1,3,1,5]">93</label>
<label id="[3,1,3,2,0]">34</label>
<label id="[3,1,3,2,1]">68</label>
<label id="[3,1,3,2,2]">68</label>
<label id="[3,1,3,2,3]">68</label>
<label id="[3,1,3,2,4]">68</label>
<label id="[3,1,3,2,5]">68</label>
<label id="[3,1,3,3,0]">30</label>
<label id="[3,1,3,3,1]">78</label>
<label id="[3,1,3,3,2]">78</label>
<label id="[3,1,3,3,3]">78</label>
<label id="[3,1,3,3,4]">78</label>
<label id="[3,1,3,3,5]">78</label>
<label id="[4,0,1,1,0]">44</label>
<label id="[4,0,1,1,1]">44</label>
<label id="[4,0,1,1,2]">44</label>
<label id="[4,0,1,1,3]">44</label>
<label id="[4,0,1,1,4]">44</label>
<label id="[4,0,1,1,5]">44</label>
<label id="[4,0,2,1,0]">30</label>
<label id="[4,0,2,1,1]">30</label>
<label id="[4,0,2,1,2]">30</label>
<label id="[4,0,2,1,3]">30</label>
<label id="[4,0,2,1,4]">30</label>
<label id="[4,0,2,1,5]">30</label>
<label id="[4,0,2,2,0]">52</label>
<label id="[4,0,2,2,1]">52</label>
<label id="[4,0,2,2,2]">52</label>
<label id="[4,0,2,2,3]">52</label>
<label id="[4,0,2,2,4]">52</label>
<label id="[4,0,2,2,5]">52</label>
<label id="[4,0,3,1,0]">30</label>
<label id="[4,0,3,1,1]">30</label>
<label id="[4,0,3,1,2]">30</label>
<label id="[4,0,3,1,3]">30</label>
<label id="[4,0,3,1,4]">30</label>
<label id="[4,0,3,1,5]">30</label>
<label id="[4,0,3,2,0]">34</label>
<label id="[4,0,3,2,1]">34</label>
<label id="[4,0,3,2,2]">34</label>
<label id="[4,0,3,2,3]">34</label>
<label id="[4,0,3,2,4]">34</label>
<label id="[4,0,3,2,5]">34</label>
<label id="[4,0,3,3,0]">48</label>
<label id="[4,0,3,3,1]">48</label>
<label id="[4,0,3,3,2]">48</label>
<label id="[4,0,3,3,3]">48</label>
<label id="[4,0,3,3,4]">48</label>
<label id="[4,0,3,3,5]">48</label>
<label id="[4,1,1,1,0]">48</label>
<label id="[4,1,1,1,1]">48</label>
<label id="[4,1,1,1,2]">48</label>
<label id="[4,1,1,1,3]">48</label>
<label id="[4,1,1,1,4]">48</label>
<label id="[4,1,1,1,5]">48</label>
<label id="[4,1,2,1,0]">34</label>
<label id="[4,1,2,1,1]">34</label>
<label id="[4,1,2,1,2]">34</label>
<label id="[4,1,2,1,3]">34</label>
<label id="[4,1,2,1,4]">34</label>
<label id="[4,1,2,1,5]">34</label>
<label id="[4,1,2,2,0]">48</label>
<label id="[4,1,2,2,1]">48</label>
<label id="[4,1,2,2,2]">48</label>
<label id="[4,1,2,2,3]">48</label>
<label id="[4,1,2,2,4]">48</label>
<label id="[4,1,2,2,5]">48</label>
<label id="[4,1,3,1,0]">34</label>
<label id="[4,1,3,1,1]">34</label>
<label id="[4,1,3,1,2]">34</label>
<label id="[4,1,3,1,3]">34</label>
<label id="[4,1,3,1,4]">34</label>
<label id="[4,1,3,1,5]">34</label>
<label id="[4,1,3,2,0]">30</label>
<label id="[4,1,3,2,1]">30</label>
<label id="[4,1,3,2,2]">30</label>
<label id="[4,1,3,2,3]">30</label>
<label id="[4,1,3,2,4]">30</label>
<label id="[4,1,3,2,5]">30</label>
<label id="[4,1,3,3,0]">52</label>
<label id="[4,1,3,3,1]">52</label>
<label id="[4,1,3,3,2]">52</label>
<label id="[4,1,3,3,3]">52</label>
<label id="[4,1,3,3,4]">52</label>
<label id="[4,1,3,3,5]">52</label>
<label id="[5,0,1,1,5]">77</label>
<label id="[5,0,2,1,5]">89</label>
<label id="[5,0,2,2,5]">78</label>
<label id="[5,0,3,1,5]">99</label>
<label id="[5,0,3,2,5]">60</label>
<label id="[5,0,3,3,5]">86</label>
<label id="[5,1,1,1,5]">71</label>
<label id="[5,1,2,1,5]">83</label>
<label id="[5,1,2,2,5]">86</label>
<label id="[5,1,3,1,5]">93</label>
<label id="[5,1,3,2,5]">68</label>
<label id="[5,1,3,3,5]">78</label>
<label id="[6,0,1,1,0]">38</label>
<label id="[6,0,1,1,1]">38</label>
<label id="[6,0,1,1,2]">38</label>
<label id="[6,0,1,1,3]">38</label>
<label id="[6,0,1,1,4]">38</label>
<label id="[6,0,1,1,5]">122</label>
<label id="[6,0,2,1,5]">86</label>
<label id="[6,0,2,2,0]">38</label>
<label id="[6,0,2,2,1]">38</label>
<label id="[6,0,2,2,2]">38</label>
<label id="[6,0,2,2,3]">38</label>
<label id="[6,0,2,2,4]">38</label>
<label id="[6,0,2,2,5]">108</label>
<label id="[6,0,3,1,5]">106</label>
<label id="[6,0,3,2,5]">52</label>
<label id="[6,0,3,3,0]">38</label>
<label id="[6,0,3,3,1]">38</label>
<label id="[6,0,3,3,2]">38</label>
<label id="[6,0,3,3,3]">38</label>
<label id="[6,0,3,3,4]">38</label>
<label id="[6,0,3,3,5]">108</label>
<label id="[6,1,1,1,0]">38</label>
<label id="[6,1,1,1,1]">38</label>
<label id="[6,1,1,1,2]">38</label>
<label id="[6,1,1,1,3]">38</label>
<label id="[6,1,1,1,4]">38</label>
<label id="[6,1,1,1,5]">120</label>
<label id="[6,1,2,1,5]">84</label>
<label id="[6,1,2,2,0]">38</label>
<label id="[6,1,2,2,1]">38</label>
<label id="[6,1,2,2,2]">38</label>
<label id="[6,1,2,2,3]">38</label>
<label id="[6,1,2,2,4]">38</label>
<label id="[6,1,2,2,5]">108</label>
<label id="[6,1,3,1,5]">104</label>
<label id="[6,1,3,2,5]">52</label>
<label id="[6,1,3,3,0]">38</label>
<label id="[6,1,3,3,1]">38</label>
<label id="[6,1,3,3,2]">38</label>
<label id="[6,1,3,3,3]">38</label>
<label id="[6,1,3,3,4]">38</label>
<label id="[6,1,3,3,5]">108</label>
</state-labels><state-labels procid="4">
<label id="[0,0,1]">788</label>
<label id="[0,1,0]">872</label>
<label id="[0,2,1]">1374</label>
<label id="[0,3,0]">1374</label>
<label id="[0,4,1]">1744</label>
<label id="[0,5,0]">1576</label>
<label id="[0,6,1]">664</label>
<label id="[0,7,0]">618</label>
<label id="[1,0,0]">100</label>
<label id="[1,0,1]">280</label>
<label id="[1,1,0]">280</label>
<label id="[1,2,1]">1579</label>
<label id="[1,3,0]">1579</label>
<label id="[1,4,1]">460</label>
<label id="[1,5,0]">460</label>
<label id="[1,6,1]">669</label>
<label id="[1,7,0]">669</label>
<label id="[2,0,0]">108</label>
<label id="[2,0,1]">90</label>
<label id="[2,1,0]">100</label>
<label id="[2,1,1]">120</label>
<label id="[2,2,0]">228</label>
<label id="[2,2,1]">250</label>
<label id="[2,3,0]">250</label>
<label id="[2,3,1]">228</label>
<label id="[2,4,0]">534</label>
<label id="[2,4,1]">200</label>
<label id="[2,5,0]">180</label>
<label id="[2,5,1]">510</label>
<label id="[2,6,0]">162</label>
<label id="[2,6,1]">120</label>
<label id="[2,7,0]">110</label>
<label id="[2,7,1]">150</label>
<label id="[3,0,0]">108</label>
<label id="[3,1,1]">120</label>
<label id="[3,2,0]">300</label>
<label id="[3,3,1]">300</label>
<label id="[3,4,0]">240</label>
<label id="[3,5,1]">216</label>
<label id="[3,6,0]">144</label>
<label id="[3,7,1]">132</label>
<label id="[4,4,0]">270</label>
<label id="[4,4,1]">330</label>
<label id="[4,5,0]">330</label>
<label id="[4,5,1]">246</label>
<label id="[4,6,0]">96</label>
<label id="[4,6,1]">66</label>
<label id="[4,7,0]">66</label>
<label id="[4,7,1]">84</label>
<label id="[5,0,1]">524</label>
<label id="[5,1,0]">608</label>
<label id="[5,2,1]">1470</label>
<label id="[5,3,0]">1470</label>
<label id="[5,4,1]">1216</label>
<label id="[5,5,0]">1048</label>
<label id="[5,6,1]">712</label>
<label id="[5,7,0]">666</label>
</state-labels><state-labels procid="5">
<label id="[0,0]">1338</label>
<label id="[0,1]">1486</label>
<label id="[0,2]">4067</label>
<label id="[0,3]">4067</label>
<label id="[0,4]">4466</label>
<label id="[0,5]">4138</label>
<label id="[0,6]">2219</label>
<label id="[0,7]">2083</label>
<label id="[1,0]">330</label>
<label id="[1,1]">374</label>
<label id="[1,2]">884</label>
<label id="[1,3]">884</label>
<label id="[1,4]">1060</label>
<label id="[1,5]">996</label>
<label id="[1,6]">414</label>
<label id="[1,7]">382</label>
</state-labels><state-labels procid="6">
<label id="[0]">26284</label>
<label id="[1]">2904</label>
</state-labels></label-info>
</state-space-info>
