<?xml version="1.0"?>
<!DOCTYPE state-space-info SYSTEM "../../state_space_info.dtd">


<state-space-info>
<states>18928</states>
<edges>35772</edges>
<bfs-info>
 <levels>112</levels>
<max-level>508</max-level>

<back-level-edges>3967</back-level-edges>
<max-back-level-edge>53</max-back-level-edge>
<avg-back-level-edge>11.0018</avg-back-level-edge>
<bfs-levels>
<level id="0"><states>1</states><edges>5</edges></level>
<level id="1"><states>5</states><edges>5</edges></level>
<level id="2"><states>5</states><edges>5</edges></level>
<level id="3"><states>5</states><edges>5</edges></level>
<level id="4"><states>5</states><edges>10</edges></level>
<level id="5"><states>10</states><edges>10</edges></level>
<level id="6"><states>10</states><edges>15</edges></level>
<level id="7"><states>15</states><edges>20</edges></level>
<level id="8"><states>20</states><edges>36</edges></level>
<level id="9"><states>31</states><edges>60</edges></level>
<level id="10"><states>47</states><edges>100</edges></level>
<level id="11"><states>66</states><edges>133</edges></level>
<level id="12"><states>80</states><edges>160</edges></level>
<level id="13"><states>94</states><edges>189</edges></level>
<level id="14"><states>100</states><edges>198</edges></level>
<level id="15"><states>108</states><edges>211</edges></level>
<level id="16"><states>113</states><edges>209</edges></level>
<level id="17"><states>120</states><edges>221</edges></level>
<level id="18"><states>130</states><edges>246</edges></level>
<level id="19"><states>148</states><edges>276</edges></level>
<level id="20"><states>163</states><edges>285</edges></level>
<level id="21"><states>170</states><edges>307</edges></level>
<level id="22"><states>186</states><edges>343</edges></level>
<level id="23"><states>211</states><edges>417</edges></level>
<level id="24"><states>250</states><edges>478</edges></level>
<level id="25"><states>283</states><edges>528</edges></level>
<level id="26"><states>305</states><edges>590</edges></level>
<level id="27"><states>338</states><edges>640</edges></level>
<level id="28"><states>350</states><edges>654</edges></level>
<level id="29"><states>353</states><edges>639</edges></level>
<level id="30"><states>355</states><edges>648</edges></level>
<level id="31"><states>373</states><edges>696</edges></level>
<level id="32"><states>411</states><edges>782</edges></level>
<level id="33"><states>446</states><edges>827</edges></level>
<level id="34"><states>473</states><edges>900</edges></level>
<level id="35"><states>500</states><edges>931</edges></level>
<level id="36"><states>507</states><edges>958</edges></level>
<level id="37"><states>508</states><edges>944</edges></level>
<level id="38"><states>491</states><edges>913</edges></level>
<level id="39"><states>475</states><edges>877</edges></level>
<level id="40"><states>452</states><edges>868</edges></level>
<level id="41"><states>476</states><edges>892</edges></level>
<level id="42"><states>463</states><edges>880</edges></level>
<level id="43"><states>479</states><edges>892</edges></level>
<level id="44"><states>455</states><edges>848</edges></level>
<level id="45"><states>441</states><edges>834</edges></level>
<level id="46"><states>417</states><edges>771</edges></level>
<level id="47"><states>390</states><edges>735</edges></level>
<level id="48"><states>356</states><edges>681</edges></level>
<level id="49"><states>354</states><edges>687</edges></level>
<level id="50"><states>349</states><edges>675</edges></level>
<level id="51"><states>356</states><edges>686</edges></level>
<level id="52"><states>335</states><edges>633</edges></level>
<level id="53"><states>314</states><edges>599</edges></level>
<level id="54"><states>284</states><edges>520</edges></level>
<level id="55"><states>253</states><edges>484</edges></level>
<level id="56"><states>236</states><edges>451</edges></level>
<level id="57"><states>233</states><edges>457</edges></level>
<level id="58"><states>226</states><edges>442</edges></level>
<level id="59"><states>230</states><edges>454</edges></level>
<level id="60"><states>218</states><edges>423</edges></level>
<level id="61"><states>212</states><edges>424</edges></level>
<level id="62"><states>194</states><edges>360</edges></level>
<level id="63"><states>174</states><edges>336</edges></level>
<level id="64"><states>157</states><edges>297</edges></level>
<level id="65"><states>152</states><edges>290</edges></level>
<level id="66"><states>139</states><edges>266</edges></level>
<level id="67"><states>140</states><edges>265</edges></level>
<level id="68"><states>126</states><edges>231</edges></level>
<level id="69"><states>120</states><edges>233</edges></level>
<level id="70"><states>112</states><edges>203</edges></level>
<level id="71"><states>103</states><edges>196</edges></level>
<level id="72"><states>97</states><edges>181</edges></level>
<level id="73"><states>97</states><edges>185</edges></level>
<level id="74"><states>93</states><edges>176</edges></level>
<level id="75"><states>93</states><edges>181</edges></level>
<level id="76"><states>89</states><edges>165</edges></level>
<level id="77"><states>84</states><edges>166</edges></level>
<level id="78"><states>76</states><edges>138</edges></level>
<level id="79"><states>66</states><edges>125</edges></level>
<level id="80"><states>60</states><edges>111</edges></level>
<level id="81"><states>58</states><edges>109</edges></level>
<level id="82"><states>56</states><edges>106</edges></level>
<level id="83"><states>59</states><edges>114</edges></level>
<level id="84"><states>59</states><edges>109</edges></level>
<level id="85"><states>58</states><edges>111</edges></level>
<level id="86"><states>54</states><edges>98</edges></level>
<level id="87"><states>52</states><edges>100</edges></level>
<level id="88"><states>51</states><edges>97</edges></level>
<level id="89"><states>52</states><edges>103</edges></level>
<level id="90"><states>49</states><edges>93</edges></level>
<level id="91"><states>46</states><edges>94</edges></level>
<level id="92"><states>43</states><edges>82</edges></level>
<level id="93"><states>38</states><edges>80</edges></level>
<level id="94"><states>34</states><edges>63</edges></level>
<level id="95"><states>26</states><edges>51</edges></level>
<level id="96"><states>22</states><edges>41</edges></level>
<level id="97"><states>19</states><edges>36</edges></level>
<level id="98"><states>18</states><edges>34</edges></level>
<level id="99"><states>18</states><edges>35</edges></level>
<level id="100"><states>18</states><edges>33</edges></level>
<level id="101"><states>17</states><edges>33</edges></level>
<level id="102"><states>16</states><edges>30</edges></level>
<level id="103"><states>16</states><edges>33</edges></level>
<level id="104"><states>16</states><edges>32</edges></level>
<level id="105"><states>16</states><edges>33</edges></level>
<level id="106"><states>14</states><edges>27</edges></level>
<level id="107"><states>12</states><edges>26</edges></level>
<level id="108"><states>11</states><edges>22</edges></level>
<level id="109"><states>9</states><edges>21</edges></level>
<level id="110"><states>7</states><edges>12</edges></level>
<level id="111"><states>2</states><edges>2</edges></level>
</bfs-levels>
<back-level-length id="0">1.20998</back-level-length>
<back-level-length id="1">24.3509</back-level-length>
<back-level-length id="2">0.705823</back-level-length>
<back-level-length id="3">10.4865</back-level-length>
<back-level-length id="4">0</back-level-length>
<back-level-length id="5">15.5785</back-level-length>
<back-level-length id="6">0.630199</back-level-length>
<back-level-length id="7">0</back-level-length>
<back-level-length id="8">0.403327</back-level-length>
<back-level-length id="9">4.83993</back-level-length>
<back-level-length id="10">0</back-level-length>
<back-level-length id="11">0.403327</back-level-length>
<back-level-length id="12">10.0832</back-level-length>
<back-level-length id="13">0</back-level-length>
<back-level-length id="14">0.201664</back-level-length>
<back-level-length id="15">7.96572</back-level-length>
<back-level-length id="16">0</back-level-length>
<back-level-length id="17">0.604991</back-level-length>
<back-level-length id="18">0</back-level-length>
<back-level-length id="19">0.403327</back-level-length>
<back-level-length id="20">0</back-level-length>
<back-level-length id="21">11.2428</back-level-length>
<back-level-length id="22">0.100832</back-level-length>
<back-level-length id="23">0</back-level-length>
<back-level-length id="24">0</back-level-length>
<back-level-length id="25">1.20998</back-level-length>
<back-level-length id="26">0</back-level-length>
<back-level-length id="27">0</back-level-length>
<back-level-length id="28">0.403327</back-level-length>
<back-level-length id="29">0</back-level-length>
<back-level-length id="30">0.403327</back-level-length>
<back-level-length id="31">1.81497</back-level-length>
<back-level-length id="32">0</back-level-length>
<back-level-length id="33">0</back-level-length>
<back-level-length id="34">0.705823</back-level-length>
<back-level-length id="35">0</back-level-length>
<back-level-length id="36">0</back-level-length>
<back-level-length id="37">2.41996</back-level-length>
<back-level-length id="38">0</back-level-length>
<back-level-length id="39">0</back-level-length>
<back-level-length id="40">0</back-level-length>
<back-level-length id="41">0</back-level-length>
<back-level-length id="42">0</back-level-length>
<back-level-length id="43">0</back-level-length>
<back-level-length id="44">0</back-level-length>
<back-level-length id="45">0</back-level-length>
<back-level-length id="46">0</back-level-length>
<back-level-length id="47">2.62163</back-level-length>
<back-level-length id="48">0</back-level-length>
<back-level-length id="49">0</back-level-length>
<back-level-length id="50">0.100832</back-level-length>
<back-level-length id="51">0</back-level-length>
<back-level-length id="52">0</back-level-length>
<back-level-length id="53">1.10915</back-level-length>
</bfs-info>
<degrees>
<avg>1.8899</avg>
<max-in>9</max-in>
<max-out>7</max-out>
<degree id="0"><in>1</in><out>72</out></degree>
<degree id="1"><in>6693</in><out>6526</out></degree>
<degree id="2"><in>9279</in><out>8817</out></degree>
<degree id="3"><in>1924</in><out>3001</out></degree>
<degree id="4"><in>532</in><out>231</out></degree>
<degree id="5"><in>429</in><out>81</out></degree>
<degree id="6"><in>38</in><out>120</out></degree>
<degree id="7"><in>16</in><out>80</out></degree>
<degree id="8"><in>8</in><out>0</out></degree>
<degree id="9"><in>8</in><out>0</out></degree>
</degrees>
<scc-info>
<count>2880</count>
<height>128</height>
<nontrivial-height>7</nontrivial-height>
<trivial>2854</trivial>
<terminal>72</terminal>
<largest>15724</largest>
<largest-position> </largest-position>
</scc-info>
<dfs-info>
<stack-size id="94">0.480769</stack-size>
<stack-size id="188">0.929839</stack-size>
<stack-size id="282">1.31023</stack-size>
<stack-size id="376">1.69062</stack-size>
<stack-size id="470">1.90194</stack-size>
<stack-size id="564">2.18195</stack-size>
<stack-size id="658">2.50423</stack-size>
<stack-size id="752">2.89518</stack-size>
<stack-size id="846">3.16462</stack-size>
<stack-size id="940">3.34425</stack-size>
<stack-size id="1034">3.61898</stack-size>
<stack-size id="1128">3.77219</stack-size>
<stack-size id="1222">3.97823</stack-size>
<stack-size id="1316">4.11031</stack-size>
<stack-size id="1410">4.34277</stack-size>
<stack-size id="1504">4.5541</stack-size>
<stack-size id="1598">4.70731</stack-size>
<stack-size id="1692">4.83939</stack-size>
<stack-size id="1786">5.01374</stack-size>
<stack-size id="1880">5.42054</stack-size>
<stack-size id="1974">5.71112</stack-size>
<stack-size id="2068">5.97527</stack-size>
<stack-size id="2162">6.06509</stack-size>
<stack-size id="2256">6.17075</stack-size>
<stack-size id="2350">6.1866</stack-size>
<stack-size id="2444">6.51944</stack-size>
<stack-size id="2538">6.60397</stack-size>
<stack-size id="2632">6.8153</stack-size>
<stack-size id="2726">6.99493</stack-size>
<stack-size id="2820">7.24324</stack-size>
<stack-size id="2914">7.35418</stack-size>
<stack-size id="3008">7.59721</stack-size>
<stack-size id="3102">7.77156</stack-size>
<stack-size id="3196">7.92477</stack-size>
<stack-size id="3290">8.03571</stack-size>
<stack-size id="3384">8.26289</stack-size>
<stack-size id="3478">8.38969</stack-size>
<stack-size id="3572">8.59045</stack-size>
<stack-size id="3666">8.69083</stack-size>
<stack-size id="3760">8.84404</stack-size>
<stack-size id="3854">9.05537</stack-size>
<stack-size id="3948">9.47802</stack-size>
<stack-size id="4042">9.7686</stack-size>
<stack-size id="4136">10.0328</stack-size>
<stack-size id="4230">10.1226</stack-size>
<stack-size id="4324">10.2282</stack-size>
<stack-size id="4418">10.2441</stack-size>
<stack-size id="4512">10.3286</stack-size>
<stack-size id="4606">10.5822</stack-size>
<stack-size id="4700">10.7354</stack-size>
<stack-size id="4794">10.9203</stack-size>
<stack-size id="4888">11.1052</stack-size>
<stack-size id="4982">11.2215</stack-size>
<stack-size id="5076">11.232</stack-size>
<stack-size id="5170">11.2743</stack-size>
<stack-size id="5264">11.4486</stack-size>
<stack-size id="5358">11.5966</stack-size>
<stack-size id="5452">11.8238</stack-size>
<stack-size id="5546">12.0139</stack-size>
<stack-size id="5640">11.9822</stack-size>
<stack-size id="5734">12.0245</stack-size>
<stack-size id="5828">12.0351</stack-size>
<stack-size id="5922">12.0562</stack-size>
<stack-size id="6016">12.1407</stack-size>
<stack-size id="6110">12.2041</stack-size>
<stack-size id="6204">12.4683</stack-size>
<stack-size id="6298">12.6585</stack-size>
<stack-size id="6392">12.817</stack-size>
<stack-size id="6486">12.9332</stack-size>
<stack-size id="6580">13.1762</stack-size>
<stack-size id="6674">13.3612</stack-size>
<stack-size id="6768">13.3347</stack-size>
<stack-size id="6862">13.5038</stack-size>
<stack-size id="6956">13.6148</stack-size>
<stack-size id="7050">13.7891</stack-size>
<stack-size id="7144">13.9634</stack-size>
<stack-size id="7238">14.1061</stack-size>
<stack-size id="7332">14.291</stack-size>
<stack-size id="7426">14.4336</stack-size>
<stack-size id="7520">14.497</stack-size>
<stack-size id="7614">14.5657</stack-size>
<stack-size id="7708">14.4759</stack-size>
<stack-size id="7802">14.4865</stack-size>
<stack-size id="7896">14.3967</stack-size>
<stack-size id="7990">14.328</stack-size>
<stack-size id="8084">14.2487</stack-size>
<stack-size id="8178">14.1906</stack-size>
<stack-size id="8272">14.1959</stack-size>
<stack-size id="8366">14.2012</stack-size>
<stack-size id="8460">14.1906</stack-size>
<stack-size id="8554">14.217</stack-size>
<stack-size id="8648">14.3174</stack-size>
<stack-size id="8742">14.5129</stack-size>
<stack-size id="8836">14.4601</stack-size>
<stack-size id="8930">14.4548</stack-size>
<stack-size id="9024">14.3914</stack-size>
<stack-size id="9118">14.3914</stack-size>
<stack-size id="9212">14.2646</stack-size>
<stack-size id="9306">13.7838</stack-size>
<stack-size id="9400">13.8049</stack-size>
<stack-size id="9494">13.7574</stack-size>
<stack-size id="9588">13.6412</stack-size>
<stack-size id="9682">13.6042</stack-size>
<stack-size id="9776">13.5883</stack-size>
<stack-size id="9870">13.5514</stack-size>
<stack-size id="9964">13.4298</stack-size>
<stack-size id="10058">13.2185</stack-size>
<stack-size id="10152">13.2291</stack-size>
<stack-size id="10246">13.2238</stack-size>
<stack-size id="10340">13.0072</stack-size>
<stack-size id="10434">12.9596</stack-size>
<stack-size id="10528">12.8593</stack-size>
<stack-size id="10622">12.743</stack-size>
<stack-size id="10716">11.9717</stack-size>
<stack-size id="10810">11.9136</stack-size>
<stack-size id="10904">11.8555</stack-size>
<stack-size id="10998">11.9189</stack-size>
<stack-size id="11092">11.8396</stack-size>
<stack-size id="11186">11.7921</stack-size>
<stack-size id="11280">11.7815</stack-size>
<stack-size id="11374">11.7128</stack-size>
<stack-size id="11468">11.512</stack-size>
<stack-size id="11562">11.3483</stack-size>
<stack-size id="11656">11.3747</stack-size>
<stack-size id="11750">11.3641</stack-size>
<stack-size id="11844">11.2796</stack-size>
<stack-size id="11938">11.1052</stack-size>
<stack-size id="12032">11.0207</stack-size>
<stack-size id="12126">10.9309</stack-size>
<stack-size id="12220">10.3973</stack-size>
<stack-size id="12314">10.3392</stack-size>
<stack-size id="12408">10.2705</stack-size>
<stack-size id="12502">10.2018</stack-size>
<stack-size id="12596">10.149</stack-size>
<stack-size id="12690">10.1437</stack-size>
<stack-size id="12784">10.2546</stack-size>
<stack-size id="12878">10.186</stack-size>
<stack-size id="12972">10.1173</stack-size>
<stack-size id="13066">10.038</stack-size>
<stack-size id="13160">9.99577</stack-size>
<stack-size id="13254">9.11877</stack-size>
<stack-size id="13348">9.0131</stack-size>
<stack-size id="13442">8.97084</stack-size>
<stack-size id="13536">8.88102</stack-size>
<stack-size id="13630">8.88631</stack-size>
<stack-size id="13724">8.72253</stack-size>
<stack-size id="13818">8.59573</stack-size>
<stack-size id="13912">7.99873</stack-size>
<stack-size id="14006">7.88779</stack-size>
<stack-size id="14100">7.7874</stack-size>
<stack-size id="14194">7.444</stack-size>
<stack-size id="14288">7.36475</stack-size>
<stack-size id="14382">7.24852</stack-size>
<stack-size id="14476">7.16399</stack-size>
<stack-size id="14570">7.10587</stack-size>
<stack-size id="14664">6.9421</stack-size>
<stack-size id="14758">6.29755</stack-size>
<stack-size id="14852">6.2183</stack-size>
<stack-size id="14946">6.14962</stack-size>
<stack-size id="15040">6.0915</stack-size>
<stack-size id="15134">6.1549</stack-size>
<stack-size id="15228">6.05981</stack-size>
<stack-size id="15322">5.99112</stack-size>
<stack-size id="15416">5.96471</stack-size>
<stack-size id="15510">4.92392</stack-size>
<stack-size id="15604">4.20013</stack-size>
<stack-size id="15698">4.15258</stack-size>
<stack-size id="15792">4.03107</stack-size>
<stack-size id="15886">3.75634</stack-size>
<stack-size id="15980">3.69822</stack-size>
<stack-size id="16074">3.41822</stack-size>
<stack-size id="16168">3.33897</stack-size>
<stack-size id="16262">3.2967</stack-size>
<stack-size id="16356">2.15025</stack-size>
<stack-size id="16450">1.83855</stack-size>
<stack-size id="16544">1.7593</stack-size>
<stack-size id="16638">1.74873</stack-size>
<stack-size id="16732">1.68533</stack-size>
<stack-size id="16826">1.41589</stack-size>
<stack-size id="16920">1.41061</stack-size>
<stack-size id="17014">1.34193</stack-size>
<stack-size id="17108">0.0369822</stack-size>
<stack-size id="17202">0.137363</stack-size>
<stack-size id="17296">0.126796</stack-size>
<stack-size id="17390">0.0739645</stack-size>
<stack-size id="17484">0.169062</stack-size>
<stack-size id="17578">0.179628</stack-size>
<stack-size id="17672">0.110947</stack-size>
<stack-size id="17766">0.0369822</stack-size>
<stack-size id="17860">0.200761</stack-size>
<stack-size id="17954">0.269442</stack-size>
<stack-size id="18048">0.23246</stack-size>
<stack-size id="18142">0.147929</stack-size>
<stack-size id="18236">0.0845309</stack-size>
<stack-size id="18330">0.0950972</stack-size>
<stack-size id="18424">0.237743</stack-size>
<stack-size id="18518">0.369822</stack-size>
<stack-size id="18612">0.295858</stack-size>
<stack-size id="18706">0.21661</stack-size>
<stack-size id="18800">0.147929</stack-size>
<stack-size id="18894">0.0686813</stack-size>
<max-stack>2769</max-stack>
<front-edges>18927</front-edges>
<back-edges>2127</back-edges>
<cross-edges>14718</cross-edges>
<shortest-cycle>13</shortest-cycle>
</dfs-info>
<rw-info>
<coverage step="1880">4.43787</coverage>
<coverage step="3760">6.40321</coverage>
<coverage step="5640">8.69083</coverage>
<coverage step="7520">9.52029</coverage>
<coverage step="9400">10.4818</coverage>
<coverage step="11280">10.8094</coverage>
<coverage step="13160">11.4169</coverage>
<coverage step="15040">12.0562</coverage>
<coverage step="16920">12.4842</coverage>
<coverage step="18800">13.1128</coverage>
<coverage step="20680">13.7151</coverage>
<coverage step="22560">14.2699</coverage>
<coverage step="24440">14.4601</coverage>
<coverage step="26320">14.7718</coverage>
<coverage step="28200">15.0518</coverage>
<coverage step="30080">15.485</coverage>
<coverage step="31960">15.9605</coverage>
<coverage step="33840">16.2299</coverage>
<coverage step="35720">16.3092</coverage>
<coverage step="37600">16.7001</coverage>
<coverage step="39480">16.9749</coverage>
<coverage step="41360">17.2126</coverage>
<coverage step="43240">17.3024</coverage>
<coverage step="45120">17.593</coverage>
<coverage step="47000">17.8202</coverage>
<coverage step="48880">17.9998</coverage>
<coverage step="50760">18.3273</coverage>
<coverage step="52640">18.5492</coverage>
<coverage step="54520">18.787</coverage>
<coverage step="56400">19.067</coverage>
<coverage step="58280">19.104</coverage>
<coverage step="60160">19.1938</coverage>
<coverage step="62040">19.2519</coverage>
<coverage step="63920">19.3681</coverage>
<coverage step="65800">19.3998</coverage>
<coverage step="67680">19.4949</coverage>
<coverage step="69560">19.5953</coverage>
<coverage step="71440">19.6164</coverage>
<coverage step="73320">19.8225</coverage>
<coverage step="75200">19.9176</coverage>
<coverage step="77080">20.1606</coverage>
<coverage step="78960">20.4089</coverage>
<coverage step="80840">20.4459</coverage>
<coverage step="82720">20.6097</coverage>
<coverage step="84600">20.615</coverage>
<coverage step="86480">20.6255</coverage>
<coverage step="88360">20.7048</coverage>
<coverage step="90240">20.7735</coverage>
<coverage step="92120">21.0165</coverage>
<coverage step="94000">21.0429</coverage>
<coverage step="95880">21.1697</coverage>
<coverage step="97760">21.2278</coverage>
<coverage step="99640">21.492</coverage>
<coverage step="101520">21.5554</coverage>
<coverage step="103400">21.6663</coverage>
<coverage step="105280">21.7244</coverage>
<coverage step="107160">21.8037</coverage>
<coverage step="109040">21.8407</coverage>
<coverage step="110920">21.9146</coverage>
<coverage step="112800">22.015</coverage>
<coverage step="114680">22.0626</coverage>
<coverage step="116560">22.126</coverage>
<coverage step="118440">22.221</coverage>
<coverage step="120320">22.2897</coverage>
<coverage step="122200">22.295</coverage>
<coverage step="124080">22.4588</coverage>
<coverage step="125960">22.5011</coverage>
<coverage step="127840">22.6754</coverage>
<coverage step="129720">22.7863</coverage>
<coverage step="131600">22.8075</coverage>
<coverage step="133480">22.9448</coverage>
<coverage step="135360">22.9924</coverage>
<coverage step="137240">23.1456</coverage>
<coverage step="139120">23.2196</coverage>
<coverage step="141000">23.3464</coverage>
<coverage step="142880">23.3781</coverage>
<coverage step="144760">23.4626</coverage>
<coverage step="146640">23.4996</coverage>
<coverage step="148520">23.6105</coverage>
<coverage step="150400">23.7162</coverage>
<coverage step="152280">23.8747</coverage>
<coverage step="154160">23.9275</coverage>
<coverage step="156040">24.0226</coverage>
<coverage step="157920">24.0702</coverage>
<coverage step="159800">24.1441</coverage>
<coverage step="161680">24.1653</coverage>
<coverage step="163560">24.2445</coverage>
<coverage step="165440">24.2973</coverage>
<coverage step="167320">24.3924</coverage>
<coverage step="169200">24.403</coverage>
<coverage step="171080">24.44</coverage>
<coverage step="172960">24.5773</coverage>
<coverage step="174840">24.6724</coverage>
<coverage step="176720">24.7781</coverage>
<coverage step="178600">24.7781</coverage>
<coverage step="180480">24.8045</coverage>
<coverage step="182360">24.9208</coverage>
<coverage step="184240">25.0581</coverage>
<coverage step="186120">25.1374</coverage>
<coverage step="188000">25.3223</coverage>
<rw-visits order="1">641</rw-visits>
<rw-visits order="24">557</rw-visits>
<rw-visits order="47">530</rw-visits>
<rw-visits order="70">458</rw-visits>
<rw-visits order="93">404</rw-visits>
<rw-visits order="116">390</rw-visits>
<rw-visits order="139">356</rw-visits>
<rw-visits order="162">311</rw-visits>
<rw-visits order="185">292</rw-visits>
<rw-visits order="208">267</rw-visits>
<rw-visits order="231">223</rw-visits>
<rw-visits order="254">209</rw-visits>
<rw-visits order="277">190</rw-visits>
<rw-visits order="300">176</rw-visits>
<rw-visits order="323">167</rw-visits>
<rw-visits order="346">160</rw-visits>
<rw-visits order="369">148</rw-visits>
<rw-visits order="392">137</rw-visits>
<rw-visits order="415">131</rw-visits>
<rw-visits order="438">121</rw-visits>
<rw-visits order="461">111</rw-visits>
<rw-visits order="484">104</rw-visits>
<rw-visits order="507">100</rw-visits>
<rw-visits order="530">94</rw-visits>
<rw-visits order="553">90</rw-visits>
<rw-visits order="576">85</rw-visits>
<rw-visits order="599">81</rw-visits>
<rw-visits order="622">77</rw-visits>
<rw-visits order="645">74</rw-visits>
<rw-visits order="668">69</rw-visits>
<rw-visits order="691">64</rw-visits>
<rw-visits order="714">60</rw-visits>
<rw-visits order="737">55</rw-visits>
<rw-visits order="760">53</rw-visits>
<rw-visits order="783">51</rw-visits>
<rw-visits order="806">48</rw-visits>
<rw-visits order="829">46</rw-visits>
<rw-visits order="852">45</rw-visits>
<rw-visits order="875">44</rw-visits>
<rw-visits order="898">42</rw-visits>
<rw-visits order="921">41</rw-visits>
<rw-visits order="944">40</rw-visits>
<rw-visits order="967">38</rw-visits>
<rw-visits order="990">37</rw-visits>
<rw-visits order="1013">36</rw-visits>
<rw-visits order="1036">34</rw-visits>
<rw-visits order="1059">33</rw-visits>
<rw-visits order="1082">31</rw-visits>
<rw-visits order="1105">30</rw-visits>
<rw-visits order="1128">29</rw-visits>
<rw-visits order="1151">28</rw-visits>
<rw-visits order="1174">27</rw-visits>
<rw-visits order="1197">26</rw-visits>
<rw-visits order="1220">25</rw-visits>
<rw-visits order="1243">24</rw-visits>
<rw-visits order="1266">24</rw-visits>
<rw-visits order="1289">23</rw-visits>
<rw-visits order="1312">23</rw-visits>
<rw-visits order="1335">22</rw-visits>
<rw-visits order="1358">21</rw-visits>
<rw-visits order="1381">20</rw-visits>
<rw-visits order="1404">20</rw-visits>
<rw-visits order="1427">19</rw-visits>
<rw-visits order="1450">19</rw-visits>
<rw-visits order="1473">18</rw-visits>
<rw-visits order="1496">17</rw-visits>
<rw-visits order="1519">17</rw-visits>
<rw-visits order="1542">16</rw-visits>
<rw-visits order="1565">16</rw-visits>
<rw-visits order="1588">16</rw-visits>
<rw-visits order="1611">15</rw-visits>
<rw-visits order="1634">15</rw-visits>
<rw-visits order="1657">14</rw-visits>
<rw-visits order="1680">13</rw-visits>
<rw-visits order="1703">13</rw-visits>
<rw-visits order="1726">13</rw-visits>
<rw-visits order="1749">12</rw-visits>
<rw-visits order="1772">12</rw-visits>
<rw-visits order="1795">11</rw-visits>
<rw-visits order="1818">11</rw-visits>
<rw-visits order="1841">11</rw-visits>
<rw-visits order="1864">10</rw-visits>
<rw-visits order="1887">10</rw-visits>
<rw-visits order="1910">10</rw-visits>
<rw-visits order="1933">9</rw-visits>
<rw-visits order="1956">9</rw-visits>
<rw-visits order="1979">9</rw-visits>
<rw-visits order="2002">9</rw-visits>
<rw-visits order="2025">8</rw-visits>
<rw-visits order="2048">8</rw-visits>
<rw-visits order="2071">8</rw-visits>
<rw-visits order="2094">8</rw-visits>
<rw-visits order="2117">8</rw-visits>
<rw-visits order="2140">7</rw-visits>
<rw-visits order="2163">7</rw-visits>
<rw-visits order="2186">7</rw-visits>
<rw-visits order="2209">7</rw-visits>
<rw-visits order="2232">6</rw-visits>
<rw-visits order="2255">6</rw-visits>
<rw-visits order="2278">6</rw-visits>
<rw-visits order="2301">6</rw-visits>
<rw-visits order="2324">6</rw-visits>
<rw-visits order="2347">6</rw-visits>
<rw-visits order="2370">5</rw-visits>
<rw-visits order="2393">5</rw-visits>
<rw-visits order="2416">5</rw-visits>
<rw-visits order="2439">5</rw-visits>
<rw-visits order="2462">5</rw-visits>
<rw-visits order="2485">5</rw-visits>
<rw-visits order="2508">5</rw-visits>
<rw-visits order="2531">5</rw-visits>
<rw-visits order="2554">4</rw-visits>
<rw-visits order="2577">4</rw-visits>
<rw-visits order="2600">4</rw-visits>
<rw-visits order="2623">4</rw-visits>
<rw-visits order="2646">4</rw-visits>
<rw-visits order="2669">4</rw-visits>
<rw-visits order="2692">4</rw-visits>
<rw-visits order="2715">4</rw-visits>
<rw-visits order="2738">4</rw-visits>
<rw-visits order="2761">3</rw-visits>
<rw-visits order="2784">3</rw-visits>
<rw-visits order="2807">3</rw-visits>
<rw-visits order="2830">3</rw-visits>
<rw-visits order="2853">3</rw-visits>
<rw-visits order="2876">3</rw-visits>
<rw-visits order="2899">3</rw-visits>
<rw-visits order="2922">3</rw-visits>
<rw-visits order="2945">3</rw-visits>
<rw-visits order="2968">3</rw-visits>
<rw-visits order="2991">3</rw-visits>
<rw-visits order="3014">3</rw-visits>
<rw-visits order="3037">2</rw-visits>
<rw-visits order="3060">2</rw-visits>
<rw-visits order="3083">2</rw-visits>
<rw-visits order="3106">2</rw-visits>
<rw-visits order="3129">2</rw-visits>
<rw-visits order="3152">2</rw-visits>
<rw-visits order="3175">2</rw-visits>
<rw-visits order="3198">2</rw-visits>
<rw-visits order="3221">2</rw-visits>
<rw-visits order="3244">2</rw-visits>
<rw-visits order="3267">2</rw-visits>
<rw-visits order="3290">2</rw-visits>
<rw-visits order="3313">2</rw-visits>
<rw-visits order="3336">2</rw-visits>
<rw-visits order="3359">2</rw-visits>
<rw-visits order="3382">2</rw-visits>
<rw-visits order="3405">2</rw-visits>
<rw-visits order="3428">2</rw-visits>
<rw-visits order="3451">2</rw-visits>
<rw-visits order="3474">2</rw-visits>
<rw-visits order="3497">2</rw-visits>
<rw-visits order="3520">2</rw-visits>
<rw-visits order="3543">2</rw-visits>
<rw-visits order="3566">2</rw-visits>
<rw-visits order="3589">1</rw-visits>
<rw-visits order="3612">1</rw-visits>
<rw-visits order="3635">1</rw-visits>
<rw-visits order="3658">1</rw-visits>
<rw-visits order="3681">1</rw-visits>
<rw-visits order="3704">1</rw-visits>
<rw-visits order="3727">1</rw-visits>
<rw-visits order="3750">1</rw-visits>
<rw-visits order="3773">1</rw-visits>
<rw-visits order="3796">1</rw-visits>
<rw-visits order="3819">1</rw-visits>
<rw-visits order="3842">1</rw-visits>
<rw-visits order="3865">1</rw-visits>
<rw-visits order="3888">1</rw-visits>
<rw-visits order="3911">1</rw-visits>
<rw-visits order="3934">1</rw-visits>
<rw-visits order="3957">1</rw-visits>
<rw-visits order="3980">1</rw-visits>
<rw-visits order="4003">1</rw-visits>
<rw-visits order="4026">1</rw-visits>
<rw-visits order="4049">1</rw-visits>
<rw-visits order="4072">1</rw-visits>
<rw-visits order="4095">1</rw-visits>
<rw-visits order="4118">1</rw-visits>
<rw-visits order="4141">1</rw-visits>
<rw-visits order="4164">1</rw-visits>
<rw-visits order="4187">1</rw-visits>
<rw-visits order="4210">1</rw-visits>
<rw-visits order="4233">1</rw-visits>
<rw-visits order="4256">1</rw-visits>
<rw-visits order="4279">1</rw-visits>
<rw-visits order="4302">1</rw-visits>
<rw-visits order="4325">1</rw-visits>
<rw-visits order="4348">1</rw-visits>
<rw-visits order="4371">1</rw-visits>
<rw-visits order="4394">1</rw-visits>
<rw-visits order="4417">1</rw-visits>
<rw-visits order="4440">1</rw-visits>
<rw-visits order="4463">1</rw-visits>
<rw-visits order="4486">1</rw-visits>
<rw-visits order="4509">1</rw-visits>
<rw-visits order="4532">1</rw-visits>
<rw-visits order="4555">1</rw-visits>
<rw-visits order="4578">1</rw-visits>
<rw-visits order="4601">1</rw-visits>
<rw-visits order="4624">1</rw-visits>
<rw-visits order="4647">1</rw-visits>
<rw-visits order="4670">1</rw-visits>
<rw-visits order="4693">1</rw-visits>
<rw-visits order="4716">1</rw-visits>
<rw-visits order="4739">1</rw-visits>
<rw-visits order="4762">1</rw-visits>
<rw-visits order="4785">1</rw-visits>
<final-coverage>25.3223</final-coverage>
</rw-info>
<local-info>
<diamonds>58.4372</diamonds>
<neighborhood k="4">12</neighborhood>
<clustering k="4">1.28553</clustering>
</local-info>
<label-info>
<edge-label id="0.0">281</edge-label>
<edge-label id="0.1">281</edge-label>
<edge-label id="0.2">281</edge-label>
<edge-label id="0.3">281</edge-label>
<edge-label id="0.4">281</edge-label>
<edge-label id="0.5+2.0">838</edge-label>
<edge-label id="0.7+1.4">120</edge-label>
<edge-label id="0.8">586</edge-label>
<edge-label id="1.1">2810</edge-label>
<edge-label id="1.2">4276</edge-label>
<edge-label id="1.3">1761</edge-label>
<edge-label id="2.1">1590</edge-label>
<edge-label id="2.10+0.6">528</edge-label>
<edge-label id="2.11+0.6">668</edge-label>
<edge-label id="2.12+0.6">274</edge-label>
<edge-label id="2.13+3.10">1000</edge-label>
<edge-label id="2.13+3.11">306</edge-label>
<edge-label id="2.2+4.0">180</edge-label>
<edge-label id="2.3+4.0">784</edge-label>
<edge-label id="2.4+4.0">1256</edge-label>
<edge-label id="2.5+4.0">1176</edge-label>
<edge-label id="2.9">1120</edge-label>
<edge-label id="3.1">680</edge-label>
<edge-label id="3.2+1.0">152</edge-label>
<edge-label id="3.3+1.0">168</edge-label>
<edge-label id="3.4+1.0">192</edge-label>
<edge-label id="3.5+5.0">618</edge-label>
<edge-label id="3.6+5.0">824</edge-label>
<edge-label id="3.8">1350</edge-label>
<edge-label id="3.9+1.0">2280</edge-label>
<edge-label id="4.1+2.7">942</edge-label>
<edge-label id="4.1+2.8">2414</edge-label>
<edge-label id="4.2+3.0">1000</edge-label>
<edge-label id="4.2+3.7">1178</edge-label>
<edge-label id="5.1+2.6">1648</edge-label>
<edge-label id="5.2+2.7">412</edge-label>
<edge-label id="5.2+2.8">1236</edge-label>
<state-labels procid="0">
<label id="[0]">1</label>
<label id="[1]">1319</label>
<label id="[2]">2741</label>
<label id="[3]">3879</label>
<label id="[4]">4957</label>
<label id="[5]">6031</label>
</state-labels><state-labels procid="1">
<label id="[0,0,0]">1</label>
<label id="[0,1,0]">280</label>
<label id="[1,0,0]">5</label>
<label id="[1,1,0]">1400</label>
<label id="[1,2,0]">448</label>
<label id="[1,3,0]">138</label>
<label id="[2,0,0]">1800</label>
<label id="[2,1,0]">4440</label>
<label id="[2,2,0]">5336</label>
<label id="[2,3,0]">4254</label>
<label id="[3,1,0]">240</label>
<label id="[3,2,0]">448</label>
<label id="[3,3,0]">138</label>
</state-labels><state-labels procid="2">
<label id="[0,0,0]">206</label>
<label id="[0,1,0]">1420</label>
<label id="[0,2,0]">3884</label>
<label id="[0,4,1]">1124</label>
<label id="[0,5,2]">843</label>
<label id="[0,5,3]">562</label>
<label id="[0,5,4]">281</label>
<label id="[1,1,1]">261</label>
<label id="[1,1,2]">375</label>
<label id="[1,1,3]">375</label>
<label id="[1,1,4]">375</label>
<label id="[1,1,5]">375</label>
<label id="[1,2,1]">1180</label>
<label id="[1,2,2]">1200</label>
<label id="[1,2,3]">932</label>
<label id="[1,2,4]">632</label>
<label id="[1,2,5]">332</label>
<label id="[1,4,1]">1124</label>
<label id="[1,5,2]">843</label>
<label id="[1,5,3]">562</label>
<label id="[1,5,4]">281</label>
<label id="[2,1,1]">261</label>
<label id="[2,1,2]">375</label>
<label id="[2,1,3]">375</label>
<label id="[2,1,4]">375</label>
<label id="[2,1,5]">375</label>
</state-labels><state-labels procid="3">
<label id="[0,0,0,0,0]">6</label>
<label id="[0,0,1,1,0]">20</label>
<label id="[0,0,1,1,1]">20</label>
<label id="[0,0,1,1,2]">20</label>
<label id="[0,0,1,1,3]">38</label>
<label id="[0,0,2,1,3]">26</label>
<label id="[0,0,2,2,0]">20</label>
<label id="[0,0,2,2,1]">20</label>
<label id="[0,0,2,2,2]">20</label>
<label id="[0,0,2,2,3]">28</label>
<label id="[0,0,3,1,3]">34</label>
<label id="[0,0,3,2,3]">8</label>
<label id="[0,0,3,3,0]">20</label>
<label id="[0,0,3,3,1]">20</label>
<label id="[0,0,3,3,2]">20</label>
<label id="[0,0,3,3,3]">28</label>
<label id="[0,0,4,1,3]">38</label>
<label id="[0,0,4,2,3]">8</label>
<label id="[0,0,4,3,3]">8</label>
<label id="[0,0,4,4,0]">20</label>
<label id="[0,0,4,4,1]">20</label>
<label id="[0,0,4,4,2]">20</label>
<label id="[0,0,4,4,3]">28</label>
<label id="[0,0,5,1,3]">42</label>
<label id="[0,0,5,2,3]">8</label>
<label id="[0,0,5,3,3]">8</label>
<label id="[0,0,5,4,3]">8</label>
<label id="[0,0,5,5,0]">20</label>
<label id="[0,0,5,5,1]">20</label>
<label id="[0,0,5,5,2]">20</label>
<label id="[0,0,5,5,3]">28</label>
<label id="[0,1,1,1,0]">20</label>
<label id="[0,1,1,1,1]">20</label>
<label id="[0,1,1,1,2]">20</label>
<label id="[0,1,1,1,3]">36</label>
<label id="[0,1,2,1,3]">24</label>
<label id="[0,1,2,2,0]">20</label>
<label id="[0,1,2,2,1]">20</label>
<label id="[0,1,2,2,2]">20</label>
<label id="[0,1,2,2,3]">28</label>
<label id="[0,1,3,1,3]">32</label>
<label id="[0,1,3,2,3]">8</label>
<label id="[0,1,3,3,0]">20</label>
<label id="[0,1,3,3,1]">20</label>
<label id="[0,1,3,3,2]">20</label>
<label id="[0,1,3,3,3]">28</label>
<label id="[0,1,4,1,3]">36</label>
<label id="[0,1,4,2,3]">8</label>
<label id="[0,1,4,3,3]">8</label>
<label id="[0,1,4,4,0]">20</label>
<label id="[0,1,4,4,1]">20</label>
<label id="[0,1,4,4,2]">20</label>
<label id="[0,1,4,4,3]">28</label>
<label id="[0,1,5,1,3]">40</label>
<label id="[0,1,5,2,3]">8</label>
<label id="[0,1,5,3,3]">8</label>
<label id="[0,1,5,4,3]">8</label>
<label id="[0,1,5,5,0]">20</label>
<label id="[0,1,5,5,1]">20</label>
<label id="[0,1,5,5,2]">20</label>
<label id="[0,1,5,5,3]">28</label>
<label id="[1,0,1,1,0]">7</label>
<label id="[1,0,1,1,1]">6</label>
<label id="[1,0,1,1,2]">6</label>
<label id="[1,0,1,1,3]">15</label>
<label id="[1,0,2,1,0]">7</label>
<label id="[1,0,2,1,1]">6</label>
<label id="[1,0,2,1,2]">6</label>
<label id="[1,0,2,1,3]">23</label>
<label id="[1,0,2,2,0]">12</label>
<label id="[1,0,2,2,1]">12</label>
<label id="[1,0,2,2,2]">12</label>
<label id="[1,0,2,2,3]">12</label>
<label id="[1,0,3,1,0]">7</label>
<label id="[1,0,3,1,1]">6</label>
<label id="[1,0,3,1,2]">6</label>
<label id="[1,0,3,1,3]">31</label>
<label id="[1,0,3,2,0]">12</label>
<label id="[1,0,3,2,1]">12</label>
<label id="[1,0,3,2,2]">12</label>
<label id="[1,0,3,2,3]">12</label>
<label id="[1,0,3,3,0]">16</label>
<label id="[1,0,3,3,1]">16</label>
<label id="[1,0,3,3,2]">16</label>
<label id="[1,0,3,3,3]">16</label>
<label id="[1,0,4,1,0]">7</label>
<label id="[1,0,4,1,1]">6</label>
<label id="[1,0,4,1,2]">6</label>
<label id="[1,0,4,1,3]">36</label>
<label id="[1,0,4,2,0]">12</label>
<label id="[1,0,4,2,1]">12</label>
<label id="[1,0,4,2,2]">12</label>
<label id="[1,0,4,2,3]">12</label>
<label id="[1,0,4,3,0]">16</label>
<label id="[1,0,4,3,1]">16</label>
<label id="[1,0,4,3,2]">16</label>
<label id="[1,0,4,3,3]">16</label>
<label id="[1,0,4,4,0]">12</label>
<label id="[1,0,4,4,1]">12</label>
<label id="[1,0,4,4,2]">12</label>
<label id="[1,0,4,4,3]">12</label>
<label id="[1,0,5,1,0]">7</label>
<label id="[1,0,5,1,1]">6</label>
<label id="[1,0,5,1,2]">6</label>
<label id="[1,0,5,1,3]">40</label>
<label id="[1,0,5,2,0]">12</label>
<label id="[1,0,5,2,1]">12</label>
<label id="[1,0,5,2,2]">12</label>
<label id="[1,0,5,2,3]">12</label>
<label id="[1,0,5,3,0]">16</label>
<label id="[1,0,5,3,1]">16</label>
<label id="[1,0,5,3,2]">16</label>
<label id="[1,0,5,3,3]">16</label>
<label id="[1,0,5,4,0]">12</label>
<label id="[1,0,5,4,1]">12</label>
<label id="[1,0,5,4,2]">12</label>
<label id="[1,0,5,4,3]">12</label>
<label id="[1,0,5,5,0]">16</label>
<label id="[1,0,5,5,1]">16</label>
<label id="[1,0,5,5,2]">16</label>
<label id="[1,0,5,5,3]">16</label>
<label id="[1,1,1,1,0]">6</label>
<label id="[1,1,1,1,1]">6</label>
<label id="[1,1,1,1,2]">6</label>
<label id="[1,1,1,1,3]">14</label>
<label id="[1,1,2,1,0]">6</label>
<label id="[1,1,2,1,1]">6</label>
<label id="[1,1,2,1,2]">6</label>
<label id="[1,1,2,1,3]">22</label>
<label id="[1,1,2,2,0]">16</label>
<label id="[1,1,2,2,1]">16</label>
<label id="[1,1,2,2,2]">16</label>
<label id="[1,1,2,2,3]">16</label>
<label id="[1,1,3,1,0]">6</label>
<label id="[1,1,3,1,1]">6</label>
<label id="[1,1,3,1,2]">6</label>
<label id="[1,1,3,1,3]">30</label>
<label id="[1,1,3,2,0]">16</label>
<label id="[1,1,3,2,1]">16</label>
<label id="[1,1,3,2,2]">16</label>
<label id="[1,1,3,2,3]">16</label>
<label id="[1,1,3,3,0]">12</label>
<label id="[1,1,3,3,1]">12</label>
<label id="[1,1,3,3,2]">12</label>
<label id="[1,1,3,3,3]">12</label>
<label id="[1,1,4,1,0]">6</label>
<label id="[1,1,4,1,1]">6</label>
<label id="[1,1,4,1,2]">6</label>
<label id="[1,1,4,1,3]">35</label>
<label id="[1,1,4,2,0]">16</label>
<label id="[1,1,4,2,1]">16</label>
<label id="[1,1,4,2,2]">16</label>
<label id="[1,1,4,2,3]">16</label>
<label id="[1,1,4,3,0]">12</label>
<label id="[1,1,4,3,1]">12</label>
<label id="[1,1,4,3,2]">12</label>
<label id="[1,1,4,3,3]">12</label>
<label id="[1,1,4,4,0]">16</label>
<label id="[1,1,4,4,1]">16</label>
<label id="[1,1,4,4,2]">16</label>
<label id="[1,1,4,4,3]">16</label>
<label id="[1,1,5,1,0]">6</label>
<label id="[1,1,5,1,1]">6</label>
<label id="[1,1,5,1,2]">6</label>
<label id="[1,1,5,1,3]">39</label>
<label id="[1,1,5,2,0]">16</label>
<label id="[1,1,5,2,1]">16</label>
<label id="[1,1,5,2,2]">16</label>
<label id="[1,1,5,2,3]">16</label>
<label id="[1,1,5,3,0]">12</label>
<label id="[1,1,5,3,1]">12</label>
<label id="[1,1,5,3,2]">12</label>
<label id="[1,1,5,3,3]">12</label>
<label id="[1,1,5,4,0]">16</label>
<label id="[1,1,5,4,1]">16</label>
<label id="[1,1,5,4,2]">16</label>
<label id="[1,1,5,4,3]">16</label>
<label id="[1,1,5,5,0]">12</label>
<label id="[1,1,5,5,1]">12</label>
<label id="[1,1,5,5,2]">12</label>
<label id="[1,1,5,5,3]">12</label>
<label id="[2,0,1,1,0]">54</label>
<label id="[2,0,1,1,1]">72</label>
<label id="[2,0,1,1,2]">72</label>
<label id="[2,0,1,1,3]">72</label>
<label id="[2,0,2,1,0]">80</label>
<label id="[2,0,2,1,1]">104</label>
<label id="[2,0,2,1,2]">104</label>
<label id="[2,0,2,1,3]">104</label>
<label id="[2,0,2,2,0]">36</label>
<label id="[2,0,2,2,1]">54</label>
<label id="[2,0,2,2,2]">54</label>
<label id="[2,0,2,2,3]">54</label>
<label id="[2,0,3,1,0]">87</label>
<label id="[2,0,3,1,1]">111</label>
<label id="[2,0,3,1,2]">111</label>
<label id="[2,0,3,1,3]">111</label>
<label id="[2,0,3,2,0]">36</label>
<label id="[2,0,3,2,1]">54</label>
<label id="[2,0,3,2,2]">54</label>
<label id="[2,0,3,2,3]">54</label>
<label id="[2,0,3,3,0]">48</label>
<label id="[2,0,3,3,1]">72</label>
<label id="[2,0,3,3,2]">72</label>
<label id="[2,0,3,3,3]">72</label>
<label id="[2,0,4,1,0]">92</label>
<label id="[2,0,4,1,1]">116</label>
<label id="[2,0,4,1,2]">116</label>
<label id="[2,0,4,1,3]">116</label>
<label id="[2,0,4,2,0]">36</label>
<label id="[2,0,4,2,1]">54</label>
<label id="[2,0,4,2,2]">54</label>
<label id="[2,0,4,2,3]">54</label>
<label id="[2,0,4,3,0]">48</label>
<label id="[2,0,4,3,1]">72</label>
<label id="[2,0,4,3,2]">72</label>
<label id="[2,0,4,3,3]">72</label>
<label id="[2,0,4,4,0]">36</label>
<label id="[2,0,4,4,1]">54</label>
<label id="[2,0,4,4,2]">54</label>
<label id="[2,0,4,4,3]">54</label>
<label id="[2,0,5,1,0]">97</label>
<label id="[2,0,5,1,1]">121</label>
<label id="[2,0,5,1,2]">121</label>
<label id="[2,0,5,1,3]">121</label>
<label id="[2,0,5,2,0]">36</label>
<label id="[2,0,5,2,1]">54</label>
<label id="[2,0,5,2,2]">54</label>
<label id="[2,0,5,2,3]">54</label>
<label id="[2,0,5,3,0]">48</label>
<label id="[2,0,5,3,1]">72</label>
<label id="[2,0,5,3,2]">72</label>
<label id="[2,0,5,3,3]">72</label>
<label id="[2,0,5,4,0]">36</label>
<label id="[2,0,5,4,1]">54</label>
<label id="[2,0,5,4,2]">54</label>
<label id="[2,0,5,4,3]">54</label>
<label id="[2,0,5,5,0]">48</label>
<label id="[2,0,5,5,1]">72</label>
<label id="[2,0,5,5,2]">72</label>
<label id="[2,0,5,5,3]">72</label>
<label id="[2,1,1,1,0]">42</label>
<label id="[2,1,1,1,1]">54</label>
<label id="[2,1,1,1,2]">54</label>
<label id="[2,1,1,1,3]">54</label>
<label id="[2,1,2,1,0]">68</label>
<label id="[2,1,2,1,1]">86</label>
<label id="[2,1,2,1,2]">86</label>
<label id="[2,1,2,1,3]">86</label>
<label id="[2,1,2,2,0]">48</label>
<label id="[2,1,2,2,1]">72</label>
<label id="[2,1,2,2,2]">72</label>
<label id="[2,1,2,2,3]">72</label>
<label id="[2,1,3,1,0]">75</label>
<label id="[2,1,3,1,1]">93</label>
<label id="[2,1,3,1,2]">93</label>
<label id="[2,1,3,1,3]">93</label>
<label id="[2,1,3,2,0]">48</label>
<label id="[2,1,3,2,1]">72</label>
<label id="[2,1,3,2,2]">72</label>
<label id="[2,1,3,2,3]">72</label>
<label id="[2,1,3,3,0]">36</label>
<label id="[2,1,3,3,1]">54</label>
<label id="[2,1,3,3,2]">54</label>
<label id="[2,1,3,3,3]">54</label>
<label id="[2,1,4,1,0]">80</label>
<label id="[2,1,4,1,1]">98</label>
<label id="[2,1,4,1,2]">98</label>
<label id="[2,1,4,1,3]">98</label>
<label id="[2,1,4,2,0]">48</label>
<label id="[2,1,4,2,1]">72</label>
<label id="[2,1,4,2,2]">72</label>
<label id="[2,1,4,2,3]">72</label>
<label id="[2,1,4,3,0]">36</label>
<label id="[2,1,4,3,1]">54</label>
<label id="[2,1,4,3,2]">54</label>
<label id="[2,1,4,3,3]">54</label>
<label id="[2,1,4,4,0]">48</label>
<label id="[2,1,4,4,1]">72</label>
<label id="[2,1,4,4,2]">72</label>
<label id="[2,1,4,4,3]">72</label>
<label id="[2,1,5,1,0]">85</label>
<label id="[2,1,5,1,1]">103</label>
<label id="[2,1,5,1,2]">103</label>
<label id="[2,1,5,1,3]">103</label>
<label id="[2,1,5,2,0]">48</label>
<label id="[2,1,5,2,1]">72</label>
<label id="[2,1,5,2,2]">72</label>
<label id="[2,1,5,2,3]">72</label>
<label id="[2,1,5,3,0]">36</label>
<label id="[2,1,5,3,1]">54</label>
<label id="[2,1,5,3,2]">54</label>
<label id="[2,1,5,3,3]">54</label>
<label id="[2,1,5,4,0]">48</label>
<label id="[2,1,5,4,1]">72</label>
<label id="[2,1,5,4,2]">72</label>
<label id="[2,1,5,4,3]">72</label>
<label id="[2,1,5,5,0]">36</label>
<label id="[2,1,5,5,1]">54</label>
<label id="[2,1,5,5,2]">54</label>
<label id="[2,1,5,5,3]">54</label>
<label id="[3,0,1,1,0]">16</label>
<label id="[3,0,1,1,1]">28</label>
<label id="[3,0,1,1,2]">28</label>
<label id="[3,0,1,1,3]">28</label>
<label id="[3,0,2,1,0]">24</label>
<label id="[3,0,2,1,1]">40</label>
<label id="[3,0,2,1,2]">40</label>
<label id="[3,0,2,1,3]">40</label>
<label id="[3,0,2,2,0]">12</label>
<label id="[3,0,2,2,1]">24</label>
<label id="[3,0,2,2,2]">24</label>
<label id="[3,0,2,2,3]">24</label>
<label id="[3,0,3,1,0]">32</label>
<label id="[3,0,3,1,1]">44</label>
<label id="[3,0,3,1,2]">44</label>
<label id="[3,0,3,1,3]">44</label>
<label id="[3,0,3,2,0]">12</label>
<label id="[3,0,3,2,1]">24</label>
<label id="[3,0,3,2,2]">24</label>
<label id="[3,0,3,2,3]">24</label>
<label id="[3,0,3,3,0]">16</label>
<label id="[3,0,3,3,1]">32</label>
<label id="[3,0,3,3,2]">32</label>
<label id="[3,0,3,3,3]">32</label>
<label id="[3,0,4,1,0]">37</label>
<label id="[3,0,4,1,1]">46</label>
<label id="[3,0,4,1,2]">46</label>
<label id="[3,0,4,1,3]">46</label>
<label id="[3,0,4,2,0]">12</label>
<label id="[3,0,4,2,1]">24</label>
<label id="[3,0,4,2,2]">24</label>
<label id="[3,0,4,2,3]">24</label>
<label id="[3,0,4,3,0]">16</label>
<label id="[3,0,4,3,1]">32</label>
<label id="[3,0,4,3,2]">32</label>
<label id="[3,0,4,3,3]">32</label>
<label id="[3,0,4,4,0]">12</label>
<label id="[3,0,4,4,1]">24</label>
<label id="[3,0,4,4,2]">24</label>
<label id="[3,0,4,4,3]">24</label>
<label id="[3,0,5,1,0]">41</label>
<label id="[3,0,5,1,1]">48</label>
<label id="[3,0,5,1,2]">48</label>
<label id="[3,0,5,1,3]">48</label>
<label id="[3,0,5,2,0]">12</label>
<label id="[3,0,5,2,1]">24</label>
<label id="[3,0,5,2,2]">24</label>
<label id="[3,0,5,2,3]">24</label>
<label id="[3,0,5,3,0]">16</label>
<label id="[3,0,5,3,1]">32</label>
<label id="[3,0,5,3,2]">32</label>
<label id="[3,0,5,3,3]">32</label>
<label id="[3,0,5,4,0]">12</label>
<label id="[3,0,5,4,1]">24</label>
<label id="[3,0,5,4,2]">24</label>
<label id="[3,0,5,4,3]">24</label>
<label id="[3,0,5,5,0]">16</label>
<label id="[3,0,5,5,1]">32</label>
<label id="[3,0,5,5,2]">32</label>
<label id="[3,0,5,5,3]">32</label>
<label id="[3,1,1,1,0]">14</label>
<label id="[3,1,1,1,1]">22</label>
<label id="[3,1,1,1,2]">22</label>
<label id="[3,1,1,1,3]">22</label>
<label id="[3,1,2,1,0]">22</label>
<label id="[3,1,2,1,1]">34</label>
<label id="[3,1,2,1,2]">34</label>
<label id="[3,1,2,1,3]">34</label>
<label id="[3,1,2,2,0]">16</label>
<label id="[3,1,2,2,1]">32</label>
<label id="[3,1,2,2,2]">32</label>
<label id="[3,1,2,2,3]">32</label>
<label id="[3,1,3,1,0]">30</label>
<label id="[3,1,3,1,1]">38</label>
<label id="[3,1,3,1,2]">38</label>
<label id="[3,1,3,1,3]">38</label>
<label id="[3,1,3,2,0]">16</label>
<label id="[3,1,3,2,1]">32</label>
<label id="[3,1,3,2,2]">32</label>
<label id="[3,1,3,2,3]">32</label>
<label id="[3,1,3,3,0]">12</label>
<label id="[3,1,3,3,1]">24</label>
<label id="[3,1,3,3,2]">24</label>
<label id="[3,1,3,3,3]">24</label>
<label id="[3,1,4,1,0]">35</label>
<label id="[3,1,4,1,1]">40</label>
<label id="[3,1,4,1,2]">40</label>
<label id="[3,1,4,1,3]">40</label>
<label id="[3,1,4,2,0]">16</label>
<label id="[3,1,4,2,1]">32</label>
<label id="[3,1,4,2,2]">32</label>
<label id="[3,1,4,2,3]">32</label>
<label id="[3,1,4,3,0]">12</label>
<label id="[3,1,4,3,1]">24</label>
<label id="[3,1,4,3,2]">24</label>
<label id="[3,1,4,3,3]">24</label>
<label id="[3,1,4,4,0]">16</label>
<label id="[3,1,4,4,1]">32</label>
<label id="[3,1,4,4,2]">32</label>
<label id="[3,1,4,4,3]">32</label>
<label id="[3,1,5,1,0]">39</label>
<label id="[3,1,5,1,1]">42</label>
<label id="[3,1,5,1,2]">42</label>
<label id="[3,1,5,1,3]">42</label>
<label id="[3,1,5,2,0]">16</label>
<label id="[3,1,5,2,1]">32</label>
<label id="[3,1,5,2,2]">32</label>
<label id="[3,1,5,2,3]">32</label>
<label id="[3,1,5,3,0]">12</label>
<label id="[3,1,5,3,1]">24</label>
<label id="[3,1,5,3,2]">24</label>
<label id="[3,1,5,3,3]">24</label>
<label id="[3,1,5,4,0]">16</label>
<label id="[3,1,5,4,1]">32</label>
<label id="[3,1,5,4,2]">32</label>
<label id="[3,1,5,4,3]">32</label>
<label id="[3,1,5,5,0]">12</label>
<label id="[3,1,5,5,1]">24</label>
<label id="[3,1,5,5,2]">24</label>
<label id="[3,1,5,5,3]">24</label>
<label id="[4,0,1,1,0]">8</label>
<label id="[4,0,1,1,1]">8</label>
<label id="[4,0,1,1,2]">8</label>
<label id="[4,0,1,1,3]">8</label>
<label id="[4,0,2,1,0]">12</label>
<label id="[4,0,2,1,1]">12</label>
<label id="[4,0,2,1,2]">12</label>
<label id="[4,0,2,1,3]">12</label>
<label id="[4,0,2,2,0]">16</label>
<label id="[4,0,2,2,1]">16</label>
<label id="[4,0,2,2,2]">16</label>
<label id="[4,0,2,2,3]">16</label>
<label id="[4,0,3,1,0]">12</label>
<label id="[4,0,3,1,1]">12</label>
<label id="[4,0,3,1,2]">12</label>
<label id="[4,0,3,1,3]">12</label>
<label id="[4,0,3,2,0]">16</label>
<label id="[4,0,3,2,1]">16</label>
<label id="[4,0,3,2,2]">16</label>
<label id="[4,0,3,2,3]">16</label>
<label id="[4,0,3,3,0]">12</label>
<label id="[4,0,3,3,1]">12</label>
<label id="[4,0,3,3,2]">12</label>
<label id="[4,0,3,3,3]">12</label>
<label id="[4,0,4,1,0]">12</label>
<label id="[4,0,4,1,1]">12</label>
<label id="[4,0,4,1,2]">12</label>
<label id="[4,0,4,1,3]">12</label>
<label id="[4,0,4,2,0]">16</label>
<label id="[4,0,4,2,1]">16</label>
<label id="[4,0,4,2,2]">16</label>
<label id="[4,0,4,2,3]">16</label>
<label id="[4,0,4,3,0]">12</label>
<label id="[4,0,4,3,1]">12</label>
<label id="[4,0,4,3,2]">12</label>
<label id="[4,0,4,3,3]">12</label>
<label id="[4,0,4,4,0]">16</label>
<label id="[4,0,4,4,1]">16</label>
<label id="[4,0,4,4,2]">16</label>
<label id="[4,0,4,4,3]">16</label>
<label id="[4,0,5,1,0]">12</label>
<label id="[4,0,5,1,1]">12</label>
<label id="[4,0,5,1,2]">12</label>
<label id="[4,0,5,1,3]">12</label>
<label id="[4,0,5,2,0]">16</label>
<label id="[4,0,5,2,1]">16</label>
<label id="[4,0,5,2,2]">16</label>
<label id="[4,0,5,2,3]">16</label>
<label id="[4,0,5,3,0]">12</label>
<label id="[4,0,5,3,1]">12</label>
<label id="[4,0,5,3,2]">12</label>
<label id="[4,0,5,3,3]">12</label>
<label id="[4,0,5,4,0]">16</label>
<label id="[4,0,5,4,1]">16</label>
<label id="[4,0,5,4,2]">16</label>
<label id="[4,0,5,4,3]">16</label>
<label id="[4,0,5,5,0]">12</label>
<label id="[4,0,5,5,1]">12</label>
<label id="[4,0,5,5,2]">12</label>
<label id="[4,0,5,5,3]">12</label>
<label id="[4,1,1,1,0]">12</label>
<label id="[4,1,1,1,1]">12</label>
<label id="[4,1,1,1,2]">12</label>
<label id="[4,1,1,1,3]">12</label>
<label id="[4,1,2,1,0]">16</label>
<label id="[4,1,2,1,1]">16</label>
<label id="[4,1,2,1,2]">16</label>
<label id="[4,1,2,1,3]">16</label>
<label id="[4,1,2,2,0]">12</label>
<label id="[4,1,2,2,1]">12</label>
<label id="[4,1,2,2,2]">12</label>
<label id="[4,1,2,2,3]">12</label>
<label id="[4,1,3,1,0]">16</label>
<label id="[4,1,3,1,1]">16</label>
<label id="[4,1,3,1,2]">16</label>
<label id="[4,1,3,1,3]">16</label>
<label id="[4,1,3,2,0]">12</label>
<label id="[4,1,3,2,1]">12</label>
<label id="[4,1,3,2,2]">12</label>
<label id="[4,1,3,2,3]">12</label>
<label id="[4,1,3,3,0]">16</label>
<label id="[4,1,3,3,1]">16</label>
<label id="[4,1,3,3,2]">16</label>
<label id="[4,1,3,3,3]">16</label>
<label id="[4,1,4,1,0]">16</label>
<label id="[4,1,4,1,1]">16</label>
<label id="[4,1,4,1,2]">16</label>
<label id="[4,1,4,1,3]">16</label>
<label id="[4,1,4,2,0]">12</label>
<label id="[4,1,4,2,1]">12</label>
<label id="[4,1,4,2,2]">12</label>
<label id="[4,1,4,2,3]">12</label>
<label id="[4,1,4,3,0]">16</label>
<label id="[4,1,4,3,1]">16</label>
<label id="[4,1,4,3,2]">16</label>
<label id="[4,1,4,3,3]">16</label>
<label id="[4,1,4,4,0]">12</label>
<label id="[4,1,4,4,1]">12</label>
<label id="[4,1,4,4,2]">12</label>
<label id="[4,1,4,4,3]">12</label>
<label id="[4,1,5,1,0]">16</label>
<label id="[4,1,5,1,1]">16</label>
<label id="[4,1,5,1,2]">16</label>
<label id="[4,1,5,1,3]">16</label>
<label id="[4,1,5,2,0]">12</label>
<label id="[4,1,5,2,1]">12</label>
<label id="[4,1,5,2,2]">12</label>
<label id="[4,1,5,2,3]">12</label>
<label id="[4,1,5,3,0]">16</label>
<label id="[4,1,5,3,1]">16</label>
<label id="[4,1,5,3,2]">16</label>
<label id="[4,1,5,3,3]">16</label>
<label id="[4,1,5,4,0]">12</label>
<label id="[4,1,5,4,1]">12</label>
<label id="[4,1,5,4,2]">12</label>
<label id="[4,1,5,4,3]">12</label>
<label id="[4,1,5,5,0]">16</label>
<label id="[4,1,5,5,1]">16</label>
<label id="[4,1,5,5,2]">16</label>
<label id="[4,1,5,5,3]">16</label>
<label id="[5,0,1,1,3]">28</label>
<label id="[5,0,2,1,3]">40</label>
<label id="[5,0,2,2,3]">24</label>
<label id="[5,0,3,1,3]">44</label>
<label id="[5,0,3,2,3]">24</label>
<label id="[5,0,3,3,3]">32</label>
<label id="[5,0,4,1,3]">46</label>
<label id="[5,0,4,2,3]">24</label>
<label id="[5,0,4,3,3]">32</label>
<label id="[5,0,4,4,3]">24</label>
<label id="[5,0,5,1,3]">48</label>
<label id="[5,0,5,2,3]">24</label>
<label id="[5,0,5,3,3]">32</label>
<label id="[5,0,5,4,3]">24</label>
<label id="[5,0,5,5,3]">32</label>
<label id="[5,1,1,1,3]">22</label>
<label id="[5,1,2,1,3]">34</label>
<label id="[5,1,2,2,3]">32</label>
<label id="[5,1,3,1,3]">38</label>
<label id="[5,1,3,2,3]">32</label>
<label id="[5,1,3,3,3]">24</label>
<label id="[5,1,4,1,3]">40</label>
<label id="[5,1,4,2,3]">32</label>
<label id="[5,1,4,3,3]">24</label>
<label id="[5,1,4,4,3]">32</label>
<label id="[5,1,5,1,3]">42</label>
<label id="[5,1,5,2,3]">32</label>
<label id="[5,1,5,3,3]">24</label>
<label id="[5,1,5,4,3]">32</label>
<label id="[5,1,5,5,3]">24</label>
<label id="[6,0,1,1,0]">28</label>
<label id="[6,0,1,1,1]">28</label>
<label id="[6,0,1,1,2]">28</label>
<label id="[6,0,1,1,3]">54</label>
<label id="[6,0,2,1,3]">34</label>
<label id="[6,0,2,2,0]">28</label>
<label id="[6,0,2,2,1]">28</label>
<label id="[6,0,2,2,2]">28</label>
<label id="[6,0,2,2,3]">44</label>
<label id="[6,0,3,1,3]">42</label>
<label id="[6,0,3,2,3]">16</label>
<label id="[6,0,3,3,0]">28</label>
<label id="[6,0,3,3,1]">28</label>
<label id="[6,0,3,3,2]">28</label>
<label id="[6,0,3,3,3]">44</label>
<label id="[6,0,4,1,3]">46</label>
<label id="[6,0,4,2,3]">16</label>
<label id="[6,0,4,3,3]">16</label>
<label id="[6,0,4,4,0]">28</label>
<label id="[6,0,4,4,1]">28</label>
<label id="[6,0,4,4,2]">28</label>
<label id="[6,0,4,4,3]">44</label>
<label id="[6,0,5,1,3]">50</label>
<label id="[6,0,5,2,3]">16</label>
<label id="[6,0,5,3,3]">16</label>
<label id="[6,0,5,4,3]">16</label>
<label id="[6,0,5,5,0]">28</label>
<label id="[6,0,5,5,1]">28</label>
<label id="[6,0,5,5,2]">28</label>
<label id="[6,0,5,5,3]">44</label>
<label id="[6,1,1,1,0]">28</label>
<label id="[6,1,1,1,1]">28</label>
<label id="[6,1,1,1,2]">28</label>
<label id="[6,1,1,1,3]">52</label>
<label id="[6,1,2,1,3]">32</label>
<label id="[6,1,2,2,0]">28</label>
<label id="[6,1,2,2,1]">28</label>
<label id="[6,1,2,2,2]">28</label>
<label id="[6,1,2,2,3]">44</label>
<label id="[6,1,3,1,3]">40</label>
<label id="[6,1,3,2,3]">16</label>
<label id="[6,1,3,3,0]">28</label>
<label id="[6,1,3,3,1]">28</label>
<label id="[6,1,3,3,2]">28</label>
<label id="[6,1,3,3,3]">44</label>
<label id="[6,1,4,1,3]">44</label>
<label id="[6,1,4,2,3]">16</label>
<label id="[6,1,4,3,3]">16</label>
<label id="[6,1,4,4,0]">28</label>
<label id="[6,1,4,4,1]">28</label>
<label id="[6,1,4,4,2]">28</label>
<label id="[6,1,4,4,3]">44</label>
<label id="[6,1,5,1,3]">48</label>
<label id="[6,1,5,2,3]">16</label>
<label id="[6,1,5,3,3]">16</label>
<label id="[6,1,5,4,3]">16</label>
<label id="[6,1,5,5,0]">28</label>
<label id="[6,1,5,5,1]">28</label>
<label id="[6,1,5,5,2]">28</label>
<label id="[6,1,5,5,3]">44</label>
</state-labels><state-labels procid="4">
<label id="[0,0,1]">1168</label>
<label id="[0,1,0]">1280</label>
<label id="[0,2,1]">564</label>
<label id="[0,3,0]">564</label>
<label id="[0,4,1]">928</label>
<label id="[0,5,0]">704</label>
<label id="[0,6,1]">126</label>
<label id="[0,7,0]">96</label>
<label id="[1,0,0]">126</label>
<label id="[1,0,1]">388</label>
<label id="[1,1,0]">388</label>
<label id="[1,2,1]">933</label>
<label id="[1,3,0]">933</label>
<label id="[1,4,1]">272</label>
<label id="[1,5,0]">272</label>
<label id="[1,6,1]">513</label>
<label id="[1,7,0]">513</label>
<label id="[2,0,0]">160</label>
<label id="[2,0,1]">120</label>
<label id="[2,1,0]">132</label>
<label id="[2,1,1]">176</label>
<label id="[2,2,0]">112</label>
<label id="[2,2,1]">84</label>
<label id="[2,3,0]">84</label>
<label id="[2,3,1]">112</label>
<label id="[2,4,0]">264</label>
<label id="[2,4,1]">96</label>
<label id="[2,5,0]">72</label>
<label id="[2,5,1]">232</label>
<label id="[2,6,0]">40</label>
<label id="[2,6,1]">18</label>
<label id="[2,7,0]">12</label>
<label id="[2,7,1]">32</label>
<label id="[3,0,0]">160</label>
<label id="[3,1,1]">176</label>
<label id="[3,2,0]">112</label>
<label id="[3,3,1]">112</label>
<label id="[3,4,0]">128</label>
<label id="[3,5,1]">96</label>
<label id="[3,6,0]">24</label>
<label id="[3,7,1]">16</label>
<label id="[4,4,0]">200</label>
<label id="[4,4,1]">120</label>
<label id="[4,5,0]">120</label>
<label id="[4,5,1]">168</label>
<label id="[4,6,0]">32</label>
<label id="[4,6,1]">8</label>
<label id="[4,7,0]">8</label>
<label id="[4,7,1]">24</label>
<label id="[5,0,1]">1168</label>
<label id="[5,1,0]">1280</label>
<label id="[5,2,1]">756</label>
<label id="[5,3,0]">756</label>
<label id="[5,4,1]">928</label>
<label id="[5,5,0]">704</label>
<label id="[5,6,1]">174</label>
<label id="[5,7,0]">144</label>
</state-labels><state-labels procid="5">
<label id="[0,0]">2320</label>
<label id="[0,1]">2516</label>
<label id="[0,2]">2175</label>
<label id="[0,3]">2175</label>
<label id="[0,4]">2804</label>
<label id="[0,5]">2356</label>
<label id="[0,6]">659</label>
<label id="[0,7]">567</label>
<label id="[1,0]">560</label>
<label id="[1,1]">616</label>
<label id="[1,2]">392</label>
<label id="[1,3]">392</label>
<label id="[1,4]">648</label>
<label id="[1,5]">568</label>
<label id="[1,6]">100</label>
<label id="[1,7]">80</label>
</state-labels><state-labels procid="6">
<label id="[0]">17280</label>
<label id="[1]">1648</label>
</state-labels></label-info>
</state-space-info>
