<?xml version="1.0"?>
<!DOCTYPE state-space-info SYSTEM "../../state_space_info.dtd">


<state-space-info>
<states>36983</states>
<edges>123337</edges>
<bfs-info>
 <levels>40</levels>
<max-level>2596</max-level>

<back-level-edges>19338</back-level-edges>
<max-back-level-edge>28</max-back-level-edge>
<avg-back-level-edge>7.30122</avg-back-level-edge>
<bfs-levels>
<level id="0"><states>1</states><edges>3</edges></level>
<level id="1"><states>3</states><edges>9</edges></level>
<level id="2"><states>6</states><edges>19</edges></level>
<level id="3"><states>11</states><edges>37</edges></level>
<level id="4"><states>20</states><edges>67</edges></level>
<level id="5"><states>35</states><edges>119</edges></level>
<level id="6"><states>59</states><edges>201</edges></level>
<level id="7"><states>95</states><edges>324</edges></level>
<level id="8"><states>145</states><edges>497</edges></level>
<level id="9"><states>214</states><edges>731</edges></level>
<level id="10"><states>305</states><edges>1042</edges></level>
<level id="11"><states>424</states><edges>1449</edges></level>
<level id="12"><states>571</states><edges>1949</edges></level>
<level id="13"><states>746</states><edges>2551</edges></level>
<level id="14"><states>948</states><edges>3237</edges></level>
<level id="15"><states>1173</states><edges>4002</edges></level>
<level id="16"><states>1421</states><edges>4838</edges></level>
<level id="17"><states>1679</states><edges>5690</edges></level>
<level id="18"><states>1927</states><edges>6518</edges></level>
<level id="19"><states>2157</states><edges>7274</edges></level>
<level id="20"><states>2349</states><edges>7894</edges></level>
<level id="21"><states>2495</states><edges>8364</edges></level>
<level id="22"><states>2581</states><edges>8615</edges></level>
<level id="23"><states>2596</states><edges>8638</edges></level>
<level id="24"><states>2536</states><edges>8393</edges></level>
<level id="25"><states>2396</states><edges>7889</edges></level>
<level id="26"><states>2192</states><edges>7184</edges></level>
<level id="27"><states>1933</states><edges>6298</edges></level>
<level id="28"><states>1638</states><edges>5319</edges></level>
<level id="29"><states>1325</states><edges>4288</edges></level>
<level id="30"><states>1020</states><edges>3307</edges></level>
<level id="31"><states>744</states><edges>2427</edges></level>
<level id="32"><states>514</states><edges>1696</edges></level>
<level id="33"><states>334</states><edges>1119</edges></level>
<level id="34"><states>199</states><edges>677</edges></level>
<level id="35"><states>108</states><edges>376</edges></level>
<level id="36"><states>52</states><edges>184</edges></level>
<level id="37"><states>22</states><edges>79</edges></level>
<level id="38"><states>7</states><edges>26</edges></level>
<level id="39"><states>2</states><edges>7</edges></level>
</bfs-levels>
<back-level-length id="0">10.301</back-level-length>
<back-level-length id="1">0</back-level-length>
<back-level-length id="2">0</back-level-length>
<back-level-length id="3">15.71</back-level-length>
<back-level-length id="4">0</back-level-length>
<back-level-length id="5">0</back-level-length>
<back-level-length id="6">0</back-level-length>
<back-level-length id="7">0</back-level-length>
<back-level-length id="8">16.646</back-level-length>
<back-level-length id="9">40.8677</back-level-length>
<back-level-length id="10">10.5078</back-level-length>
<back-level-length id="11">0</back-level-length>
<back-level-length id="12">5.06774</back-level-length>
<back-level-length id="13">0</back-level-length>
<back-level-length id="14">0</back-level-length>
<back-level-length id="15">0</back-level-length>
<back-level-length id="16">0</back-level-length>
<back-level-length id="17">0.299928</back-level-length>
<back-level-length id="18">0.460234</back-level-length>
<back-level-length id="19">0.129279</back-level-length>
<back-level-length id="20">0</back-level-length>
<back-level-length id="21">0</back-level-length>
<back-level-length id="22">0</back-level-length>
<back-level-length id="23">0</back-level-length>
<back-level-length id="24">0</back-level-length>
<back-level-length id="25">0</back-level-length>
<back-level-length id="26">0</back-level-length>
<back-level-length id="27">0.00517117</back-level-length>
<back-level-length id="28">0.00517117</back-level-length>
</bfs-info>
<degrees>
<avg>3.33496</avg>
<max-in>10</max-in>
<max-out>7</max-out>
<degree id="0"><in>0</in><out>0</out></degree>
<degree id="1"><in>297</in><out>0</out></degree>
<degree id="2"><in>4592</in><out>0</out></degree>
<degree id="3"><in>20940</in><out>26323</out></degree>
<degree id="4"><in>6559</in><out>9047</out></degree>
<degree id="5"><in>3202</in><out>1508</out></degree>
<degree id="6"><in>1066</in><out>95</out></degree>
<degree id="7"><in>233</in><out>10</out></degree>
<degree id="8"><in>85</in><out>0</out></degree>
<degree id="9"><in>7</in><out>0</out></degree>
<degree id="10"><in>2</in><out>0</out></degree>
</degrees>
<scc-info>
<count>1</count>
<height>0</height>
<nontrivial-height>0</nontrivial-height>
<trivial>0</trivial>
<terminal>1</terminal>
<largest>36983</largest>
<largest-position> initial the only terminal</largest-position>
</scc-info>
<dfs-info>
<stack-size id="184">0.497526</stack-size>
<stack-size id="368">0.995052</stack-size>
<stack-size id="552">1.49258</stack-size>
<stack-size id="736">1.9901</stack-size>
<stack-size id="920">2.48763</stack-size>
<stack-size id="1104">2.98516</stack-size>
<stack-size id="1288">3.48268</stack-size>
<stack-size id="1472">3.98021</stack-size>
<stack-size id="1656">4.47773</stack-size>
<stack-size id="1840">4.97526</stack-size>
<stack-size id="2024">5.47278</stack-size>
<stack-size id="2208">5.97031</stack-size>
<stack-size id="2392">6.46784</stack-size>
<stack-size id="2576">6.96536</stack-size>
<stack-size id="2760">7.46289</stack-size>
<stack-size id="2944">7.96041</stack-size>
<stack-size id="3128">8.45794</stack-size>
<stack-size id="3312">8.95547</stack-size>
<stack-size id="3496">9.45299</stack-size>
<stack-size id="3680">9.95052</stack-size>
<stack-size id="3864">10.448</stack-size>
<stack-size id="4048">10.9456</stack-size>
<stack-size id="4232">11.4431</stack-size>
<stack-size id="4416">11.9406</stack-size>
<stack-size id="4600">12.3489</stack-size>
<stack-size id="4784">12.8248</stack-size>
<stack-size id="4968">13.3223</stack-size>
<stack-size id="5152">13.8199</stack-size>
<stack-size id="5336">14.3174</stack-size>
<stack-size id="5520">14.8041</stack-size>
<stack-size id="5704">15.28</stack-size>
<stack-size id="5888">15.7775</stack-size>
<stack-size id="6072">16.275</stack-size>
<stack-size id="6256">16.7726</stack-size>
<stack-size id="6440">17.2349</stack-size>
<stack-size id="6624">17.7027</stack-size>
<stack-size id="6808">18.1678</stack-size>
<stack-size id="6992">18.5815</stack-size>
<stack-size id="7176">19.0439</stack-size>
<stack-size id="7360">19.4522</stack-size>
<stack-size id="7544">19.9497</stack-size>
<stack-size id="7728">20.4472</stack-size>
<stack-size id="7912">20.9448</stack-size>
<stack-size id="8096">21.4396</stack-size>
<stack-size id="8280">21.929</stack-size>
<stack-size id="8464">22.4265</stack-size>
<stack-size id="8648">22.87</stack-size>
<stack-size id="8832">23.3323</stack-size>
<stack-size id="9016">23.8299</stack-size>
<stack-size id="9200">24.2733</stack-size>
<stack-size id="9384">24.7168</stack-size>
<stack-size id="9568">25.1737</stack-size>
<stack-size id="9752">25.6388</stack-size>
<stack-size id="9936">26.1282</stack-size>
<stack-size id="10120">26.5933</stack-size>
<stack-size id="10304">27.0746</stack-size>
<stack-size id="10488">27.4964</stack-size>
<stack-size id="10672">27.9507</stack-size>
<stack-size id="10856">28.3482</stack-size>
<stack-size id="11040">28.8268</stack-size>
<stack-size id="11224">29.3108</stack-size>
<stack-size id="11408">29.7894</stack-size>
<stack-size id="11592">30.103</stack-size>
<stack-size id="11776">30.5302</stack-size>
<stack-size id="11960">30.9683</stack-size>
<stack-size id="12144">31.3847</stack-size>
<stack-size id="12328">31.82</stack-size>
<stack-size id="12512">32.2932</stack-size>
<stack-size id="12696">32.6907</stack-size>
<stack-size id="12880">33.1639</stack-size>
<stack-size id="13064">33.5857</stack-size>
<stack-size id="13248">33.9778</stack-size>
<stack-size id="13432">34.4185</stack-size>
<stack-size id="13616">34.8133</stack-size>
<stack-size id="13800">35.1324</stack-size>
<stack-size id="13984">35.5731</stack-size>
<stack-size id="14168">35.9273</stack-size>
<stack-size id="14352">36.1301</stack-size>
<stack-size id="14536">36.579</stack-size>
<stack-size id="14720">36.9819</stack-size>
<stack-size id="14904">37.0549</stack-size>
<stack-size id="15088">37.4145</stack-size>
<stack-size id="15272">37.8147</stack-size>
<stack-size id="15456">38.0688</stack-size>
<stack-size id="15640">38.323</stack-size>
<stack-size id="15824">38.6177</stack-size>
<stack-size id="16008">38.7475</stack-size>
<stack-size id="16192">39.0044</stack-size>
<stack-size id="16376">39.4749</stack-size>
<stack-size id="16560">39.8643</stack-size>
<stack-size id="16744">39.9859</stack-size>
<stack-size id="16928">40.2158</stack-size>
<stack-size id="17112">40.6214</stack-size>
<stack-size id="17296">40.9945</stack-size>
<stack-size id="17480">41.1216</stack-size>
<stack-size id="17664">41.246</stack-size>
<stack-size id="17848">41.4109</stack-size>
<stack-size id="18032">41.7949</stack-size>
<stack-size id="18216">42.049</stack-size>
<stack-size id="18400">42.4925</stack-size>
<stack-size id="18584">42.9251</stack-size>
<stack-size id="18768">42.99</stack-size>
<stack-size id="18952">43.1198</stack-size>
<stack-size id="19136">43.2685</stack-size>
<stack-size id="19320">43.6498</stack-size>
<stack-size id="19504">43.885</stack-size>
<stack-size id="19688">44.0013</stack-size>
<stack-size id="19872">44.2068</stack-size>
<stack-size id="20056">44.4934</stack-size>
<stack-size id="20240">44.6611</stack-size>
<stack-size id="20424">44.9396</stack-size>
<stack-size id="20608">45.137</stack-size>
<stack-size id="20792">45.2694</stack-size>
<stack-size id="20976">45.621</stack-size>
<stack-size id="21160">46.032</stack-size>
<stack-size id="21344">46.1212</stack-size>
<stack-size id="21528">46.397</stack-size>
<stack-size id="21712">46.808</stack-size>
<stack-size id="21896">46.9946</stack-size>
<stack-size id="22080">47.2217</stack-size>
<stack-size id="22264">47.4542</stack-size>
<stack-size id="22448">47.6138</stack-size>
<stack-size id="22632">47.7354</stack-size>
<stack-size id="22816">47.9653</stack-size>
<stack-size id="23000">48.0572</stack-size>
<stack-size id="23184">48.0194</stack-size>
<stack-size id="23368">48.3141</stack-size>
<stack-size id="23552">48.5358</stack-size>
<stack-size id="23736">48.6386</stack-size>
<stack-size id="23920">48.9306</stack-size>
<stack-size id="24104">49.0739</stack-size>
<stack-size id="24288">49.1307</stack-size>
<stack-size id="24472">49.155</stack-size>
<stack-size id="24656">49.4038</stack-size>
<stack-size id="24840">49.4741</stack-size>
<stack-size id="25024">49.9067</stack-size>
<stack-size id="25208">50.215</stack-size>
<stack-size id="25392">50.4259</stack-size>
<stack-size id="25576">50.6287</stack-size>
<stack-size id="25760">50.7909</stack-size>
<stack-size id="25944">50.8937</stack-size>
<stack-size id="26128">50.9423</stack-size>
<stack-size id="26312">51.2181</stack-size>
<stack-size id="26496">51.475</stack-size>
<stack-size id="26680">51.6454</stack-size>
<stack-size id="26864">51.8238</stack-size>
<stack-size id="27048">51.9374</stack-size>
<stack-size id="27232">52.2078</stack-size>
<stack-size id="27416">52.1807</stack-size>
<stack-size id="27600">52.6215</stack-size>
<stack-size id="27784">52.8162</stack-size>
<stack-size id="27968">53.1217</stack-size>
<stack-size id="28152">53.0676</stack-size>
<stack-size id="28336">53.5246</stack-size>
<stack-size id="28520">53.557</stack-size>
<stack-size id="28704">53.6841</stack-size>
<stack-size id="28888">53.7734</stack-size>
<stack-size id="29072">53.9248</stack-size>
<stack-size id="29256">53.8977</stack-size>
<stack-size id="29440">54.16</stack-size>
<stack-size id="29624">54.471</stack-size>
<stack-size id="29808">54.4466</stack-size>
<stack-size id="29992">54.7251</stack-size>
<stack-size id="30176">54.7711</stack-size>
<stack-size id="30360">54.7684</stack-size>
<stack-size id="30544">54.9333</stack-size>
<stack-size id="30728">55.1524</stack-size>
<stack-size id="30912">55.1334</stack-size>
<stack-size id="31096">55.1443</stack-size>
<stack-size id="31280">55.3065</stack-size>
<stack-size id="31464">55.3065</stack-size>
<stack-size id="31648">55.2876</stack-size>
<stack-size id="31832">55.1767</stack-size>
<stack-size id="32016">55.2903</stack-size>
<stack-size id="32200">55.6229</stack-size>
<stack-size id="32384">55.4255</stack-size>
<stack-size id="32568">55.1334</stack-size>
<stack-size id="32752">55.1794</stack-size>
<stack-size id="32936">55.1794</stack-size>
<stack-size id="33120">55.247</stack-size>
<stack-size id="33304">55.1524</stack-size>
<stack-size id="33488">55.1713</stack-size>
<stack-size id="33672">55.2497</stack-size>
<stack-size id="33856">54.7522</stack-size>
<stack-size id="34040">53.6084</stack-size>
<stack-size id="34224">51.0207</stack-size>
<stack-size id="34408">49.2442</stack-size>
<stack-size id="34592">48.3438</stack-size>
<stack-size id="34776">47.3299</stack-size>
<stack-size id="34960">45.1343</stack-size>
<stack-size id="35144">44.6529</stack-size>
<stack-size id="35328">44.6394</stack-size>
<stack-size id="35512">43.8039</stack-size>
<stack-size id="35696">41.4244</stack-size>
<stack-size id="35880">38.7746</stack-size>
<stack-size id="36064">35.9814</stack-size>
<stack-size id="36248">31.9769</stack-size>
<stack-size id="36432">27.9669</stack-size>
<stack-size id="36616">22.6942</stack-size>
<stack-size id="36800">17.3296</stack-size>
<max-stack>20583</max-stack>
<front-edges>36982</front-edges>
<back-edges>35022</back-edges>
<cross-edges>51333</cross-edges>
<shortest-cycle>1</shortest-cycle>
</dfs-info>
<rw-info>
<coverage step="3680">7.55753</coverage>
<coverage step="7360">12.4976</coverage>
<coverage step="11040">16.5914</coverage>
<coverage step="14720">19.5576</coverage>
<coverage step="18400">22.5185</coverage>
<coverage step="22080">24.9736</coverage>
<coverage step="25760">27.3017</coverage>
<coverage step="29440">29.6217</coverage>
<coverage step="33120">31.7227</coverage>
<coverage step="36800">33.1639</coverage>
<coverage step="40480">34.9404</coverage>
<coverage step="44160">36.5141</coverage>
<coverage step="47840">38.2608</coverage>
<coverage step="51520">39.4533</coverage>
<coverage step="55200">40.7403</coverage>
<coverage step="58880">41.8192</coverage>
<coverage step="62560">42.8927</coverage>
<coverage step="66240">43.9202</coverage>
<coverage step="69920">44.9342</coverage>
<coverage step="73600">45.767</coverage>
<coverage step="77280">46.8269</coverage>
<coverage step="80960">47.8382</coverage>
<coverage step="84640">48.7197</coverage>
<coverage step="88320">49.6147</coverage>
<coverage step="92000">50.3988</coverage>
<coverage step="95680">50.991</coverage>
<coverage step="99360">51.475</coverage>
<coverage step="103040">52.1294</coverage>
<coverage step="106720">52.7161</coverage>
<coverage step="110400">53.3813</coverage>
<coverage step="114080">54.1627</coverage>
<coverage step="117760">54.7846</coverage>
<coverage step="121440">55.2389</coverage>
<coverage step="125120">55.7283</coverage>
<coverage step="128800">56.307</coverage>
<coverage step="132480">57.0857</coverage>
<coverage step="136160">57.6751</coverage>
<coverage step="139840">58.124</coverage>
<coverage step="143520">58.5756</coverage>
<coverage step="147200">59.0406</coverage>
<coverage step="150880">59.3949</coverage>
<coverage step="154560">59.668</coverage>
<coverage step="158240">60.1466</coverage>
<coverage step="161920">60.5954</coverage>
<coverage step="165600">61.0389</coverage>
<coverage step="169280">61.3255</coverage>
<coverage step="172960">61.8176</coverage>
<coverage step="176640">62.1204</coverage>
<coverage step="180320">62.4395</coverage>
<coverage step="184000">62.9587</coverage>
<coverage step="187680">63.3264</coverage>
<coverage step="191360">63.6211</coverage>
<coverage step="195040">63.7617</coverage>
<coverage step="198720">64.1322</coverage>
<coverage step="202400">64.4756</coverage>
<coverage step="206080">64.7919</coverage>
<coverage step="209760">65.1651</coverage>
<coverage step="213440">65.3489</coverage>
<coverage step="217120">65.5788</coverage>
<coverage step="220800">65.9141</coverage>
<coverage step="224480">66.1709</coverage>
<coverage step="228160">66.4008</coverage>
<coverage step="231840">66.7144</coverage>
<coverage step="235520">67.0254</coverage>
<coverage step="239200">67.2769</coverage>
<coverage step="242880">67.4742</coverage>
<coverage step="246560">67.7717</coverage>
<coverage step="250240">68.0664</coverage>
<coverage step="253920">68.2773</coverage>
<coverage step="257600">68.5612</coverage>
<coverage step="261280">68.7613</coverage>
<coverage step="264960">69.1967</coverage>
<coverage step="268640">69.3643</coverage>
<coverage step="272320">69.5752</coverage>
<coverage step="276000">69.8023</coverage>
<coverage step="279680">69.9457</coverage>
<coverage step="283360">70.1079</coverage>
<coverage step="287040">70.2782</coverage>
<coverage step="290720">70.4351</coverage>
<coverage step="294400">70.6784</coverage>
<coverage step="298080">70.8461</coverage>
<coverage step="301760">71.084</coverage>
<coverage step="305440">71.249</coverage>
<coverage step="309120">71.3517</coverage>
<coverage step="312800">71.5356</coverage>
<coverage step="316480">71.7519</coverage>
<coverage step="320160">71.9574</coverage>
<coverage step="323840">72.0628</coverage>
<coverage step="327520">72.3143</coverage>
<coverage step="331200">72.436</coverage>
<coverage step="334880">72.5306</coverage>
<coverage step="338560">72.6766</coverage>
<coverage step="342240">72.8145</coverage>
<coverage step="345920">73.0281</coverage>
<coverage step="349600">73.2039</coverage>
<coverage step="353280">73.3851</coverage>
<coverage step="356960">73.5013</coverage>
<coverage step="360640">73.6798</coverage>
<coverage step="364320">73.8177</coverage>
<coverage step="368000">73.9232</coverage>
<rw-visits order="1">905</rw-visits>
<rw-visits order="137">199</rw-visits>
<rw-visits order="273">139</rw-visits>
<rw-visits order="409">116</rw-visits>
<rw-visits order="545">102</rw-visits>
<rw-visits order="681">92</rw-visits>
<rw-visits order="817">84</rw-visits>
<rw-visits order="953">76</rw-visits>
<rw-visits order="1089">69</rw-visits>
<rw-visits order="1225">64</rw-visits>
<rw-visits order="1361">59</rw-visits>
<rw-visits order="1497">54</rw-visits>
<rw-visits order="1633">50</rw-visits>
<rw-visits order="1769">47</rw-visits>
<rw-visits order="1905">44</rw-visits>
<rw-visits order="2041">41</rw-visits>
<rw-visits order="2177">38</rw-visits>
<rw-visits order="2313">36</rw-visits>
<rw-visits order="2449">33</rw-visits>
<rw-visits order="2585">31</rw-visits>
<rw-visits order="2721">30</rw-visits>
<rw-visits order="2857">28</rw-visits>
<rw-visits order="2993">27</rw-visits>
<rw-visits order="3129">26</rw-visits>
<rw-visits order="3265">25</rw-visits>
<rw-visits order="3401">24</rw-visits>
<rw-visits order="3537">23</rw-visits>
<rw-visits order="3673">22</rw-visits>
<rw-visits order="3809">21</rw-visits>
<rw-visits order="3945">20</rw-visits>
<rw-visits order="4081">20</rw-visits>
<rw-visits order="4217">19</rw-visits>
<rw-visits order="4353">19</rw-visits>
<rw-visits order="4489">18</rw-visits>
<rw-visits order="4625">17</rw-visits>
<rw-visits order="4761">17</rw-visits>
<rw-visits order="4897">17</rw-visits>
<rw-visits order="5033">16</rw-visits>
<rw-visits order="5169">16</rw-visits>
<rw-visits order="5305">15</rw-visits>
<rw-visits order="5441">15</rw-visits>
<rw-visits order="5577">15</rw-visits>
<rw-visits order="5713">14</rw-visits>
<rw-visits order="5849">14</rw-visits>
<rw-visits order="5985">14</rw-visits>
<rw-visits order="6121">13</rw-visits>
<rw-visits order="6257">13</rw-visits>
<rw-visits order="6393">13</rw-visits>
<rw-visits order="6529">13</rw-visits>
<rw-visits order="6665">12</rw-visits>
<rw-visits order="6801">12</rw-visits>
<rw-visits order="6937">12</rw-visits>
<rw-visits order="7073">12</rw-visits>
<rw-visits order="7209">11</rw-visits>
<rw-visits order="7345">11</rw-visits>
<rw-visits order="7481">11</rw-visits>
<rw-visits order="7617">11</rw-visits>
<rw-visits order="7753">11</rw-visits>
<rw-visits order="7889">10</rw-visits>
<rw-visits order="8025">10</rw-visits>
<rw-visits order="8161">10</rw-visits>
<rw-visits order="8297">10</rw-visits>
<rw-visits order="8433">10</rw-visits>
<rw-visits order="8569">10</rw-visits>
<rw-visits order="8705">9</rw-visits>
<rw-visits order="8841">9</rw-visits>
<rw-visits order="8977">9</rw-visits>
<rw-visits order="9113">9</rw-visits>
<rw-visits order="9249">9</rw-visits>
<rw-visits order="9385">9</rw-visits>
<rw-visits order="9521">8</rw-visits>
<rw-visits order="9657">8</rw-visits>
<rw-visits order="9793">8</rw-visits>
<rw-visits order="9929">8</rw-visits>
<rw-visits order="10065">8</rw-visits>
<rw-visits order="10201">8</rw-visits>
<rw-visits order="10337">8</rw-visits>
<rw-visits order="10473">7</rw-visits>
<rw-visits order="10609">7</rw-visits>
<rw-visits order="10745">7</rw-visits>
<rw-visits order="10881">7</rw-visits>
<rw-visits order="11017">7</rw-visits>
<rw-visits order="11153">7</rw-visits>
<rw-visits order="11289">7</rw-visits>
<rw-visits order="11425">7</rw-visits>
<rw-visits order="11561">6</rw-visits>
<rw-visits order="11697">6</rw-visits>
<rw-visits order="11833">6</rw-visits>
<rw-visits order="11969">6</rw-visits>
<rw-visits order="12105">6</rw-visits>
<rw-visits order="12241">6</rw-visits>
<rw-visits order="12377">6</rw-visits>
<rw-visits order="12513">6</rw-visits>
<rw-visits order="12649">6</rw-visits>
<rw-visits order="12785">6</rw-visits>
<rw-visits order="12921">5</rw-visits>
<rw-visits order="13057">5</rw-visits>
<rw-visits order="13193">5</rw-visits>
<rw-visits order="13329">5</rw-visits>
<rw-visits order="13465">5</rw-visits>
<rw-visits order="13601">5</rw-visits>
<rw-visits order="13737">5</rw-visits>
<rw-visits order="13873">5</rw-visits>
<rw-visits order="14009">5</rw-visits>
<rw-visits order="14145">5</rw-visits>
<rw-visits order="14281">5</rw-visits>
<rw-visits order="14417">4</rw-visits>
<rw-visits order="14553">4</rw-visits>
<rw-visits order="14689">4</rw-visits>
<rw-visits order="14825">4</rw-visits>
<rw-visits order="14961">4</rw-visits>
<rw-visits order="15097">4</rw-visits>
<rw-visits order="15233">4</rw-visits>
<rw-visits order="15369">4</rw-visits>
<rw-visits order="15505">4</rw-visits>
<rw-visits order="15641">4</rw-visits>
<rw-visits order="15777">4</rw-visits>
<rw-visits order="15913">4</rw-visits>
<rw-visits order="16049">4</rw-visits>
<rw-visits order="16185">4</rw-visits>
<rw-visits order="16321">3</rw-visits>
<rw-visits order="16457">3</rw-visits>
<rw-visits order="16593">3</rw-visits>
<rw-visits order="16729">3</rw-visits>
<rw-visits order="16865">3</rw-visits>
<rw-visits order="17001">3</rw-visits>
<rw-visits order="17137">3</rw-visits>
<rw-visits order="17273">3</rw-visits>
<rw-visits order="17409">3</rw-visits>
<rw-visits order="17545">3</rw-visits>
<rw-visits order="17681">3</rw-visits>
<rw-visits order="17817">3</rw-visits>
<rw-visits order="17953">3</rw-visits>
<rw-visits order="18089">3</rw-visits>
<rw-visits order="18225">3</rw-visits>
<rw-visits order="18361">3</rw-visits>
<rw-visits order="18497">3</rw-visits>
<rw-visits order="18633">3</rw-visits>
<rw-visits order="18769">2</rw-visits>
<rw-visits order="18905">2</rw-visits>
<rw-visits order="19041">2</rw-visits>
<rw-visits order="19177">2</rw-visits>
<rw-visits order="19313">2</rw-visits>
<rw-visits order="19449">2</rw-visits>
<rw-visits order="19585">2</rw-visits>
<rw-visits order="19721">2</rw-visits>
<rw-visits order="19857">2</rw-visits>
<rw-visits order="19993">2</rw-visits>
<rw-visits order="20129">2</rw-visits>
<rw-visits order="20265">2</rw-visits>
<rw-visits order="20401">2</rw-visits>
<rw-visits order="20537">2</rw-visits>
<rw-visits order="20673">2</rw-visits>
<rw-visits order="20809">2</rw-visits>
<rw-visits order="20945">2</rw-visits>
<rw-visits order="21081">2</rw-visits>
<rw-visits order="21217">2</rw-visits>
<rw-visits order="21353">2</rw-visits>
<rw-visits order="21489">2</rw-visits>
<rw-visits order="21625">2</rw-visits>
<rw-visits order="21761">2</rw-visits>
<rw-visits order="21897">2</rw-visits>
<rw-visits order="22033">2</rw-visits>
<rw-visits order="22169">2</rw-visits>
<rw-visits order="22305">1</rw-visits>
<rw-visits order="22441">1</rw-visits>
<rw-visits order="22577">1</rw-visits>
<rw-visits order="22713">1</rw-visits>
<rw-visits order="22849">1</rw-visits>
<rw-visits order="22985">1</rw-visits>
<rw-visits order="23121">1</rw-visits>
<rw-visits order="23257">1</rw-visits>
<rw-visits order="23393">1</rw-visits>
<rw-visits order="23529">1</rw-visits>
<rw-visits order="23665">1</rw-visits>
<rw-visits order="23801">1</rw-visits>
<rw-visits order="23937">1</rw-visits>
<rw-visits order="24073">1</rw-visits>
<rw-visits order="24209">1</rw-visits>
<rw-visits order="24345">1</rw-visits>
<rw-visits order="24481">1</rw-visits>
<rw-visits order="24617">1</rw-visits>
<rw-visits order="24753">1</rw-visits>
<rw-visits order="24889">1</rw-visits>
<rw-visits order="25025">1</rw-visits>
<rw-visits order="25161">1</rw-visits>
<rw-visits order="25297">1</rw-visits>
<rw-visits order="25433">1</rw-visits>
<rw-visits order="25569">1</rw-visits>
<rw-visits order="25705">1</rw-visits>
<rw-visits order="25841">1</rw-visits>
<rw-visits order="25977">1</rw-visits>
<rw-visits order="26113">1</rw-visits>
<rw-visits order="26249">1</rw-visits>
<rw-visits order="26385">1</rw-visits>
<rw-visits order="26521">1</rw-visits>
<rw-visits order="26657">1</rw-visits>
<rw-visits order="26793">1</rw-visits>
<rw-visits order="26929">1</rw-visits>
<rw-visits order="27065">1</rw-visits>
<rw-visits order="27201">1</rw-visits>
<rw-visits order="27337">1</rw-visits>
<final-coverage>73.9853</final-coverage>
</rw-info>
<local-info>
<diamonds>100</diamonds>
<neighborhood k="4">46</neighborhood>
<clustering k="4">1.80381</clustering>
</local-info>
<label-info>
<edge-label id="0.0+3.12">1413</edge-label>
<edge-label id="0.0+3.3">2826</edge-label>
<edge-label id="0.0+4.12">838</edge-label>
<edge-label id="0.0+4.3">1676</edge-label>
<edge-label id="0.0+5.12">764</edge-label>
<edge-label id="0.0+5.3">764</edge-label>
<edge-label id="0.2+3.1">4239</edge-label>
<edge-label id="0.2+3.11">1413</edge-label>
<edge-label id="0.2+3.24">2826</edge-label>
<edge-label id="0.3+4.12">240</edge-label>
<edge-label id="0.3+4.3">480</edge-label>
<edge-label id="0.3+5.12">216</edge-label>
<edge-label id="0.3+5.3">216</edge-label>
<edge-label id="0.4+4.12">240</edge-label>
<edge-label id="0.4+4.3">480</edge-label>
<edge-label id="0.4+5.12">216</edge-label>
<edge-label id="0.4+5.3">216</edge-label>
<edge-label id="1.0+3.16">2106</edge-label>
<edge-label id="1.0+3.19">973</edge-label>
<edge-label id="1.0+4.13">1078</edge-label>
<edge-label id="1.0+4.4">992</edge-label>
<edge-label id="1.0+5.13">728</edge-label>
<edge-label id="1.0+5.4">647</edge-label>
<edge-label id="1.2+4.1">4312</edge-label>
<edge-label id="1.2+4.11">3234</edge-label>
<edge-label id="1.2+4.24">2156</edge-label>
<edge-label id="1.3+3.16">720</edge-label>
<edge-label id="1.3+3.19">360</edge-label>
<edge-label id="1.3+5.13">252</edge-label>
<edge-label id="1.3+5.4">225</edge-label>
<edge-label id="1.4+3.16">720</edge-label>
<edge-label id="1.4+3.19">360</edge-label>
<edge-label id="1.4+5.13">252</edge-label>
<edge-label id="1.4+5.4">225</edge-label>
<edge-label id="2.0+3.17">1713</edge-label>
<edge-label id="2.0+3.20">959</edge-label>
<edge-label id="2.0+4.17">732</edge-label>
<edge-label id="2.0+4.20">686</edge-label>
<edge-label id="2.0+5.14">980</edge-label>
<edge-label id="2.0+5.5">803</edge-label>
<edge-label id="2.2+5.1">3920</edge-label>
<edge-label id="2.2+5.11">4900</edge-label>
<edge-label id="2.2+5.24">980</edge-label>
<edge-label id="2.3+3.17">580</edge-label>
<edge-label id="2.3+3.20">360</edge-label>
<edge-label id="2.3+4.17">260</edge-label>
<edge-label id="2.3+4.20">260</edge-label>
<edge-label id="2.4+3.17">580</edge-label>
<edge-label id="2.4+3.20">360</edge-label>
<edge-label id="2.4+4.17">260</edge-label>
<edge-label id="2.4+4.20">260</edge-label>
<edge-label id="3.0+0.1">4239</edge-label>
<edge-label id="3.10+0.1">1413</edge-label>
<edge-label id="3.2">2826</edge-label>
<edge-label id="3.21">4614</edge-label>
<edge-label id="3.22">2321</edge-label>
<edge-label id="3.23+0.1">2321</edge-label>
<edge-label id="3.7">1413</edge-label>
<edge-label id="3.8">1413</edge-label>
<edge-label id="3.9">1413</edge-label>
<edge-label id="4.0+1.1">4226</edge-label>
<edge-label id="4.10+1.1">3148</edge-label>
<edge-label id="4.2">992</edge-label>
<edge-label id="4.21">1777</edge-label>
<edge-label id="4.22">1777</edge-label>
<edge-label id="4.23+1.1">1777</edge-label>
<edge-label id="4.6">992</edge-label>
<edge-label id="4.7">2070</edge-label>
<edge-label id="4.8">3148</edge-label>
<edge-label id="4.9">2070</edge-label>
<edge-label id="5.0+2.1">3707</edge-label>
<edge-label id="5.10+2.1">4609</edge-label>
<edge-label id="5.2">803</edge-label>
<edge-label id="5.22">803</edge-label>
<edge-label id="5.23+2.1">803</edge-label>
<edge-label id="5.6">1675</edge-label>
<edge-label id="5.7">2655</edge-label>
<edge-label id="5.8">4609</edge-label>
<edge-label id="5.9">2727</edge-label>
<state-labels procid="0">
<label id="[]">36983</label>
</state-labels><state-labels procid="1">
<label id="[0,0,0]">7065</label>
<label id="[0,1,1]">21440</label>
<label id="[1,0,1]">4239</label>
<label id="[1,1,0]">4239</label>
</state-labels><state-labels procid="2">
<label id="[0,0,0]">10608</label>
<label id="[0,1,1]">16673</label>
<label id="[1,0,0]">1078</label>
<label id="[1,0,1]">4312</label>
<label id="[1,1,0]">4312</label>
</state-labels><state-labels procid="3">
<label id="[0,0,0]">13282</label>
<label id="[0,1,1]">13901</label>
<label id="[1,0,0]">1960</label>
<label id="[1,0,1]">3920</label>
<label id="[1,1,0]">3920</label>
</state-labels><state-labels procid="4">
<label id="[0,0,0]">1413</label>
<label id="[0,3,0]">1413</label>
<label id="[0,3,1]">1413</label>
<label id="[1,0,0]">1413</label>
<label id="[1,3,0]">1413</label>
<label id="[1,3,1]">1413</label>
<label id="[10,3,0]">1002</label>
<label id="[10,3,1]">1319</label>
<label id="[11,3,0]">1413</label>
<label id="[11,3,1]">1413</label>
<label id="[2,0,0]">1413</label>
<label id="[2,0,1]">1413</label>
<label id="[3,1,0]">1413</label>
<label id="[3,1,1]">1413</label>
<label id="[3,2,0]">960</label>
<label id="[3,2,1]">1333</label>
<label id="[3,3,0]">1002</label>
<label id="[3,3,1]">1319</label>
<label id="[4,0,1]">1413</label>
<label id="[5,0,0]">1413</label>
<label id="[5,0,1]">1413</label>
<label id="[6,0,1]">1413</label>
<label id="[7,0,1]">1413</label>
<label id="[8,0,1]">1413</label>
<label id="[9,1,0]">960</label>
<label id="[9,1,1]">1333</label>
<label id="[9,2,0]">1002</label>
<label id="[9,2,1]">1319</label>
</state-labels><state-labels procid="5">
<label id="[0,0,0]">992</label>
<label id="[0,1,0]">1078</label>
<label id="[0,3,0]">1078</label>
<label id="[0,3,1]">1078</label>
<label id="[1,0,0]">1078</label>
<label id="[1,1,0]">1078</label>
<label id="[1,3,0]">1078</label>
<label id="[1,3,1]">1078</label>
<label id="[10,3,0]">831</label>
<label id="[10,3,1]">946</label>
<label id="[11,3,0]">1078</label>
<label id="[11,3,1]">1078</label>
<label id="[2,0,0]">1078</label>
<label id="[2,0,1]">1078</label>
<label id="[2,1,0]">992</label>
<label id="[3,2,0]">992</label>
<label id="[3,3,0]">831</label>
<label id="[3,3,1]">946</label>
<label id="[4,0,0]">992</label>
<label id="[4,0,1]">1078</label>
<label id="[4,1,1]">992</label>
<label id="[5,0,0]">992</label>
<label id="[5,0,1]">2156</label>
<label id="[5,1,0]">1078</label>
<label id="[5,1,1]">992</label>
<label id="[6,0,1]">2156</label>
<label id="[6,1,1]">992</label>
<label id="[7,0,1]">1078</label>
<label id="[7,1,1]">1078</label>
<label id="[8,0,1]">2156</label>
<label id="[8,1,1]">1078</label>
<label id="[9,2,0]">831</label>
<label id="[9,2,1]">946</label>
</state-labels><state-labels procid="6">
<label id="[0,0,0]">872</label>
<label id="[0,1,0]">875</label>
<label id="[0,2,0]">980</label>
<label id="[0,3,0]">980</label>
<label id="[1,0,0]">980</label>
<label id="[1,1,0]">980</label>
<label id="[1,2,0]">980</label>
<label id="[1,3,0]">980</label>
<label id="[10,3,0]">803</label>
<label id="[11,3,0]">980</label>
<label id="[2,0,0]">980</label>
<label id="[2,1,0]">872</label>
<label id="[2,2,0]">803</label>
<label id="[3,3,0]">803</label>
<label id="[4,0,0]">872</label>
<label id="[4,0,1]">980</label>
<label id="[4,1,0]">803</label>
<label id="[4,1,1]">872</label>
<label id="[4,2,1]">803</label>
<label id="[5,0,0]">872</label>
<label id="[5,0,1]">1960</label>
<label id="[5,1,0]">875</label>
<label id="[5,1,1]">1846</label>
<label id="[5,2,0]">980</label>
<label id="[5,2,1]">803</label>
<label id="[6,0,1]">1960</label>
<label id="[6,1,1]">1846</label>
<label id="[6,2,1]">803</label>
<label id="[7,0,1]">980</label>
<label id="[7,1,1]">980</label>
<label id="[7,2,1]">980</label>
<label id="[8,0,1]">1960</label>
<label id="[8,1,1]">1960</label>
<label id="[8,2,1]">980</label>
</state-labels></label-info>
</state-space-info>
