<?xml version="1.0"?>
<!DOCTYPE state-space-info SYSTEM "../../state_space_info.dtd">


<state-space-info>
<states>12958</states>
<edges>41991</edges>
<bfs-info>
 <levels>35</levels>
<max-level>949</max-level>

<back-level-edges>6975</back-level-edges>
<max-back-level-edge>10</max-back-level-edge>
<avg-back-level-edge>5.48215</avg-back-level-edge>
<bfs-levels>
<level id="0"><states>1</states><edges>3</edges></level>
<level id="1"><states>3</states><edges>9</edges></level>
<level id="2"><states>6</states><edges>19</edges></level>
<level id="3"><states>11</states><edges>37</edges></level>
<level id="4"><states>20</states><edges>67</edges></level>
<level id="5"><states>35</states><edges>118</edges></level>
<level id="6"><states>58</states><edges>196</edges></level>
<level id="7"><states>93</states><edges>311</edges></level>
<level id="8"><states>138</states><edges>464</edges></level>
<level id="9"><states>196</states><edges>656</edges></level>
<level id="10"><states>269</states><edges>894</edges></level>
<level id="11"><states>354</states><edges>1178</edges></level>
<level id="12"><states>448</states><edges>1484</edges></level>
<level id="13"><states>548</states><edges>1814</edges></level>
<level id="14"><states>647</states><edges>2136</edges></level>
<level id="15"><states>739</states><edges>2433</edges></level>
<level id="16"><states>824</states><edges>2711</edges></level>
<level id="17"><states>893</states><edges>2921</edges></level>
<level id="18"><states>936</states><edges>3052</edges></level>
<level id="19"><states>949</states><edges>3078</edges></level>
<level id="20"><states>930</states><edges>2999</edges></level>
<level id="21"><states>877</states><edges>2825</edges></level>
<level id="22"><states>801</states><edges>2569</edges></level>
<level id="23"><states>709</states><edges>2261</edges></level>
<level id="24"><states>608</states><edges>1933</edges></level>
<level id="25"><states>509</states><edges>1613</edges></level>
<level id="26"><states>419</states><edges>1322</edges></level>
<level id="27"><states>334</states><edges>1043</edges></level>
<level id="28"><states>248</states><edges>766</edges></level>
<level id="29"><states>169</states><edges>517</edges></level>
<level id="30"><states>103</states><edges>312</edges></level>
<level id="31"><states>54</states><edges>163</edges></level>
<level id="32"><states>22</states><edges>66</edges></level>
<level id="33"><states>6</states><edges>18</edges></level>
<level id="34"><states>1</states><edges>3</edges></level>
</bfs-levels>
<back-level-length id="0">6.99642</back-level-length>
<back-level-length id="1">0</back-level-length>
<back-level-length id="2">0</back-level-length>
<back-level-length id="3">46.7527</back-level-length>
<back-level-length id="4">0</back-level-length>
<back-level-length id="5">0</back-level-length>
<back-level-length id="6">0</back-level-length>
<back-level-length id="7">0.114695</back-level-length>
<back-level-length id="8">13.9068</back-level-length>
<back-level-length id="9">26.3943</back-level-length>
<back-level-length id="10">5.83513</back-level-length>
</bfs-info>
<degrees>
<avg>3.24055</avg>
<max-in>9</max-in>
<max-out>6</max-out>
<degree id="0"><in>1</in><out>0</out></degree>
<degree id="1"><in>338</in><out>0</out></degree>
<degree id="2"><in>2674</in><out>0</out></degree>
<degree id="3"><in>5528</in><out>10005</out></degree>
<degree id="4"><in>3033</in><out>2790</out></degree>
<degree id="5"><in>880</in><out>162</out></degree>
<degree id="6"><in>369</in><out>1</out></degree>
<degree id="7"><in>109</in><out>0</out></degree>
<degree id="8"><in>22</in><out>0</out></degree>
<degree id="9"><in>4</in><out>0</out></degree>
</degrees>
<scc-info>
<count>865</count>
<height>48</height>
<nontrivial-height>41</nontrivial-height>
<trivial>637</trivial>
<terminal>1</terminal>
<largest>4146</largest>
<largest-position> </largest-position>
</scc-info>
<dfs-info>
<stack-size id="64">0.493903</stack-size>
<stack-size id="128">0.987807</stack-size>
<stack-size id="192">1.48171</stack-size>
<stack-size id="256">1.93703</stack-size>
<stack-size id="320">2.36919</stack-size>
<stack-size id="384">2.8631</stack-size>
<stack-size id="448">3.34928</stack-size>
<stack-size id="512">3.68884</stack-size>
<stack-size id="576">4.05927</stack-size>
<stack-size id="640">4.05927</stack-size>
<stack-size id="704">3.34928</stack-size>
<stack-size id="768">1.99877</stack-size>
<stack-size id="832">2.36919</stack-size>
<stack-size id="896">2.80136</stack-size>
<stack-size id="960">3.28754</stack-size>
<stack-size id="1024">3.55765</stack-size>
<stack-size id="1088">3.68112</stack-size>
<stack-size id="1152">4.01296</stack-size>
<stack-size id="1216">4.46056</stack-size>
<stack-size id="1280">4.70752</stack-size>
<stack-size id="1344">5.18599</stack-size>
<stack-size id="1408">5.35576</stack-size>
<stack-size id="1472">5.81108</stack-size>
<stack-size id="1536">6.30499</stack-size>
<stack-size id="1600">6.69856</stack-size>
<stack-size id="1664">7.06899</stack-size>
<stack-size id="1728">7.50116</stack-size>
<stack-size id="1792">6.84519</stack-size>
<stack-size id="1856">5.87282</stack-size>
<stack-size id="1920">6.36672</stack-size>
<stack-size id="1984">6.79117</stack-size>
<stack-size id="2048">7.03812</stack-size>
<stack-size id="2112">7.44714</stack-size>
<stack-size id="2176">7.5629</stack-size>
<stack-size id="2240">7.72496</stack-size>
<stack-size id="2304">7.01497</stack-size>
<stack-size id="2368">6.9841</stack-size>
<stack-size id="2432">7.07671</stack-size>
<stack-size id="2496">7.09986</stack-size>
<stack-size id="2560">7.26964</stack-size>
<stack-size id="2624">7.1153</stack-size>
<stack-size id="2688">7.19247</stack-size>
<stack-size id="2752">6.02716</stack-size>
<stack-size id="2816">4.12101</stack-size>
<stack-size id="2880">2.51582</stack-size>
<stack-size id="2944">0.393579</stack-size>
<stack-size id="3008">0.509338</stack-size>
<stack-size id="3072">0.470752</stack-size>
<stack-size id="3136">0.409014</stack-size>
<stack-size id="3200">0.53249</stack-size>
<stack-size id="3264">0.378145</stack-size>
<stack-size id="3328">0.123476</stack-size>
<stack-size id="3392">0.123476</stack-size>
<stack-size id="3456">0.578793</stack-size>
<stack-size id="3520">0.787159</stack-size>
<stack-size id="3584">1.03411</stack-size>
<stack-size id="3648">1.20389</stack-size>
<stack-size id="3712">1.45856</stack-size>
<stack-size id="3776">1.85214</stack-size>
<stack-size id="3840">2.12996</stack-size>
<stack-size id="3904">2.4155</stack-size>
<stack-size id="3968">2.67788</stack-size>
<stack-size id="4032">2.77049</stack-size>
<stack-size id="4096">2.97885</stack-size>
<stack-size id="4160">3.44189</stack-size>
<stack-size id="4224">3.90492</stack-size>
<stack-size id="4288">4.24448</stack-size>
<stack-size id="4352">4.63806</stack-size>
<stack-size id="4416">4.81556</stack-size>
<stack-size id="4480">4.21361</stack-size>
<stack-size id="4544">4.59948</stack-size>
<stack-size id="4608">4.6535</stack-size>
<stack-size id="4672">4.91588</stack-size>
<stack-size id="4736">5.28631</stack-size>
<stack-size id="4800">5.3249</stack-size>
<stack-size id="4864">5.30174</stack-size>
<stack-size id="4928">5.03936</stack-size>
<stack-size id="4992">4.94675</stack-size>
<stack-size id="5056">4.75382</stack-size>
<stack-size id="5120">2.29974</stack-size>
<stack-size id="5184">1.37367</stack-size>
<stack-size id="5248">1.55888</stack-size>
<stack-size id="5312">1.86757</stack-size>
<stack-size id="5376">2.02192</stack-size>
<stack-size id="5440">2.26887</stack-size>
<stack-size id="5504">2.57756</stack-size>
<stack-size id="5568">2.65473</stack-size>
<stack-size id="5632">2.67788</stack-size>
<stack-size id="5696">2.80136</stack-size>
<stack-size id="5760">3.00972</stack-size>
<stack-size id="5824">3.34157</stack-size>
<stack-size id="5888">3.28754</stack-size>
<stack-size id="5952">3.68884</stack-size>
<stack-size id="6016">3.71971</stack-size>
<stack-size id="6080">4.2059</stack-size>
<stack-size id="6144">4.63806</stack-size>
<stack-size id="6208">4.67665</stack-size>
<stack-size id="6272">4.94675</stack-size>
<stack-size id="6336">5.3712</stack-size>
<stack-size id="6400">5.69532</stack-size>
<stack-size id="6464">5.8651</stack-size>
<stack-size id="6528">6.00401</stack-size>
<stack-size id="6592">6.12749</stack-size>
<stack-size id="6656">6.45933</stack-size>
<stack-size id="6720">6.6677</stack-size>
<stack-size id="6784">6.77574</stack-size>
<stack-size id="6848">6.82976</stack-size>
<stack-size id="6912">6.91465</stack-size>
<stack-size id="6976">6.76802</stack-size>
<stack-size id="7040">4.91588</stack-size>
<stack-size id="7104">5.28631</stack-size>
<stack-size id="7168">5.6413</stack-size>
<stack-size id="7232">5.89597</stack-size>
<stack-size id="7296">6.0426</stack-size>
<stack-size id="7360">6.28955</stack-size>
<stack-size id="7424">6.62139</stack-size>
<stack-size id="7488">6.78345</stack-size>
<stack-size id="7552">7.00725</stack-size>
<stack-size id="7616">7.28507</stack-size>
<stack-size id="7680">7.58605</stack-size>
<stack-size id="7744">7.91017</stack-size>
<stack-size id="7808">8.16484</stack-size>
<stack-size id="7872">8.44266</stack-size>
<stack-size id="7936">8.71276</stack-size>
<stack-size id="8000">8.87483</stack-size>
<stack-size id="8064">8.86711</stack-size>
<stack-size id="8128">8.84396</stack-size>
<stack-size id="8192">8.86711</stack-size>
<stack-size id="8256">9.16036</stack-size>
<stack-size id="8320">9.30699</stack-size>
<stack-size id="8384">9.36873</stack-size>
<stack-size id="8448">9.53079</stack-size>
<stack-size id="8512">9.53851</stack-size>
<stack-size id="8576">9.53851</stack-size>
<stack-size id="8640">9.63883</stack-size>
<stack-size id="8704">9.70057</stack-size>
<stack-size id="8768">9.8009</stack-size>
<stack-size id="8832">10.0324</stack-size>
<stack-size id="8896">10.2716</stack-size>
<stack-size id="8960">10.2253</stack-size>
<stack-size id="9024">10.179</stack-size>
<stack-size id="9088">10.2794</stack-size>
<stack-size id="9152">10.534</stack-size>
<stack-size id="9216">10.8119</stack-size>
<stack-size id="9280">10.835</stack-size>
<stack-size id="9344">10.889</stack-size>
<stack-size id="9408">10.8119</stack-size>
<stack-size id="9472">11.0511</stack-size>
<stack-size id="9536">10.7964</stack-size>
<stack-size id="9600">10.8967</stack-size>
<stack-size id="9664">11.0742</stack-size>
<stack-size id="9728">11.1746</stack-size>
<stack-size id="9792">11.2903</stack-size>
<stack-size id="9856">11.2595</stack-size>
<stack-size id="9920">11.3752</stack-size>
<stack-size id="9984">11.5527</stack-size>
<stack-size id="10048">11.3443</stack-size>
<stack-size id="10112">11.0588</stack-size>
<stack-size id="10176">10.8736</stack-size>
<stack-size id="10240">10.7733</stack-size>
<stack-size id="10304">10.8273</stack-size>
<stack-size id="10368">10.6884</stack-size>
<stack-size id="10432">10.5032</stack-size>
<stack-size id="10496">10.3102</stack-size>
<stack-size id="10560">4.57632</stack-size>
<stack-size id="10624">0.300972</stack-size>
<stack-size id="10688">0.547924</stack-size>
<stack-size id="10752">0.58651</stack-size>
<stack-size id="10816">0.764007</stack-size>
<stack-size id="10880">0.285538</stack-size>
<stack-size id="10944">0.53249</stack-size>
<stack-size id="11008">0.424448</stack-size>
<stack-size id="11072">0.123476</stack-size>
<stack-size id="11136">0.378145</stack-size>
<stack-size id="11200">0.524772</stack-size>
<stack-size id="11264">0.779441</stack-size>
<stack-size id="11328">0.748572</stack-size>
<stack-size id="11392">0.648248</stack-size>
<stack-size id="11456">0.2238</stack-size>
<stack-size id="11520">0.36271</stack-size>
<stack-size id="11584">0.524772</stack-size>
<stack-size id="11648">0.401296</stack-size>
<stack-size id="11712">0.13891</stack-size>
<stack-size id="11776">0.493903</stack-size>
<stack-size id="11840">0.331841</stack-size>
<stack-size id="11904">0.300972</stack-size>
<stack-size id="11968">0.694552</stack-size>
<stack-size id="12032">0.949221</stack-size>
<stack-size id="12096">0.98009</stack-size>
<stack-size id="12160">1.22704</stack-size>
<stack-size id="12224">1.26563</stack-size>
<stack-size id="12288">1.10357</stack-size>
<stack-size id="12352">0.956938</stack-size>
<stack-size id="12416">0.53249</stack-size>
<stack-size id="12480">0.0694552</stack-size>
<stack-size id="12544">0.0463034</stack-size>
<stack-size id="12608">0.270103</stack-size>
<stack-size id="12672">0.185214</stack-size>
<stack-size id="12736">0.4476</stack-size>
<stack-size id="12800">0.501621</stack-size>
<stack-size id="12864">0.424448</stack-size>
<stack-size id="12928">0.0926069</stack-size>
<max-stack>1510</max-stack>
<front-edges>12957</front-edges>
<back-edges>9085</back-edges>
<cross-edges>19949</cross-edges>
<shortest-cycle>1</shortest-cycle>
</dfs-info>
<rw-info>
<coverage step="1280">3.49591</coverage>
<coverage step="2560">4.93903</coverage>
<coverage step="3840">6.62911</coverage>
<coverage step="5120">8.08767</coverage>
<coverage step="6400">9.64655</coverage>
<coverage step="7680">10.0942</coverage>
<coverage step="8960">11.4292</coverage>
<coverage step="10240">12.0698</coverage>
<coverage step="11520">12.5019</coverage>
<coverage step="12800">14.7322</coverage>
<coverage step="14080">15.203</coverage>
<coverage step="15360">15.72</coverage>
<coverage step="16640">16.5612</coverage>
<coverage step="17920">16.8545</coverage>
<coverage step="19200">17.8886</coverage>
<coverage step="20480">18.0738</coverage>
<coverage step="21760">18.6371</coverage>
<coverage step="23040">18.9458</coverage>
<coverage step="24320">19.4552</coverage>
<coverage step="25600">20.2809</coverage>
<coverage step="26880">20.9523</coverage>
<coverage step="28160">21.2147</coverage>
<coverage step="29440">21.7858</coverage>
<coverage step="30720">21.9015</coverage>
<coverage step="32000">22.0867</coverage>
<coverage step="33280">22.5575</coverage>
<coverage step="34560">22.7967</coverage>
<coverage step="35840">23.5376</coverage>
<coverage step="37120">24.0546</coverage>
<coverage step="38400">24.7878</coverage>
<coverage step="39680">25.1273</coverage>
<coverage step="40960">25.2354</coverage>
<coverage step="42240">25.7756</coverage>
<coverage step="43520">25.8836</coverage>
<coverage step="44800">26.1769</coverage>
<coverage step="46080">26.555</coverage>
<coverage step="47360">26.802</coverage>
<coverage step="48640">27.1724</coverage>
<coverage step="49920">27.265</coverage>
<coverage step="51200">27.4965</coverage>
<coverage step="52480">27.7435</coverage>
<coverage step="53760">28.0676</coverage>
<coverage step="55040">28.3377</coverage>
<coverage step="56320">28.4072</coverage>
<coverage step="57600">28.5461</coverage>
<coverage step="58880">28.6001</coverage>
<coverage step="60160">29.2098</coverage>
<coverage step="61440">29.5725</coverage>
<coverage step="62720">29.8503</coverage>
<coverage step="64000">29.966</coverage>
<coverage step="65280">30.213</coverage>
<coverage step="66560">30.4136</coverage>
<coverage step="67840">30.5294</coverage>
<coverage step="69120">31.1545</coverage>
<coverage step="70400">31.3474</coverage>
<coverage step="71680">31.5326</coverage>
<coverage step="72960">31.6793</coverage>
<coverage step="74240">31.7719</coverage>
<coverage step="75520">32.0729</coverage>
<coverage step="76800">32.5976</coverage>
<coverage step="78080">32.9835</coverage>
<coverage step="79360">33.1147</coverage>
<coverage step="80640">33.2922</coverage>
<coverage step="81920">33.6703</coverage>
<coverage step="83200">34.5192</coverage>
<coverage step="84480">34.5964</coverage>
<coverage step="85760">34.7585</coverage>
<coverage step="87040">34.9359</coverage>
<coverage step="88320">35.044</coverage>
<coverage step="89600">35.1675</coverage>
<coverage step="90880">35.5919</coverage>
<coverage step="92160">35.7926</coverage>
<coverage step="93440">35.8234</coverage>
<coverage step="94720">36.0009</coverage>
<coverage step="96000">36.2556</coverage>
<coverage step="97280">36.8807</coverage>
<coverage step="98560">37.0582</coverage>
<coverage step="99840">37.1739</coverage>
<coverage step="101120">37.2434</coverage>
<coverage step="102400">37.336</coverage>
<coverage step="103680">37.4286</coverage>
<coverage step="104960">37.4672</coverage>
<coverage step="106240">37.5907</coverage>
<coverage step="107520">37.7759</coverage>
<coverage step="108800">37.9302</coverage>
<coverage step="110080">38.509</coverage>
<coverage step="111360">38.5322</coverage>
<coverage step="112640">38.918</coverage>
<coverage step="113920">38.9798</coverage>
<coverage step="115200">39.1033</coverage>
<coverage step="116480">39.3193</coverage>
<coverage step="117760">39.4351</coverage>
<coverage step="119040">39.7284</coverage>
<coverage step="120320">40.0525</coverage>
<coverage step="121600">40.1142</coverage>
<coverage step="122880">40.1374</coverage>
<coverage step="124160">40.2994</coverage>
<coverage step="125440">40.3766</coverage>
<coverage step="126720">40.4924</coverage>
<coverage step="128000">40.5155</coverage>
<coverage step="129280">40.585</coverage>
<rw-visits order="1">745</rw-visits>
<rw-visits order="27">637</rw-visits>
<rw-visits order="53">558</rw-visits>
<rw-visits order="79">384</rw-visits>
<rw-visits order="105">350</rw-visits>
<rw-visits order="131">211</rw-visits>
<rw-visits order="157">132</rw-visits>
<rw-visits order="183">117</rw-visits>
<rw-visits order="209">109</rw-visits>
<rw-visits order="235">105</rw-visits>
<rw-visits order="261">100</rw-visits>
<rw-visits order="287">95</rw-visits>
<rw-visits order="313">89</rw-visits>
<rw-visits order="339">85</rw-visits>
<rw-visits order="365">79</rw-visits>
<rw-visits order="391">75</rw-visits>
<rw-visits order="417">71</rw-visits>
<rw-visits order="443">66</rw-visits>
<rw-visits order="469">63</rw-visits>
<rw-visits order="495">57</rw-visits>
<rw-visits order="521">53</rw-visits>
<rw-visits order="547">49</rw-visits>
<rw-visits order="573">47</rw-visits>
<rw-visits order="599">44</rw-visits>
<rw-visits order="625">41</rw-visits>
<rw-visits order="651">39</rw-visits>
<rw-visits order="677">36</rw-visits>
<rw-visits order="703">34</rw-visits>
<rw-visits order="729">32</rw-visits>
<rw-visits order="755">30</rw-visits>
<rw-visits order="781">28</rw-visits>
<rw-visits order="807">26</rw-visits>
<rw-visits order="833">24</rw-visits>
<rw-visits order="859">23</rw-visits>
<rw-visits order="885">22</rw-visits>
<rw-visits order="911">21</rw-visits>
<rw-visits order="937">20</rw-visits>
<rw-visits order="963">19</rw-visits>
<rw-visits order="989">18</rw-visits>
<rw-visits order="1015">17</rw-visits>
<rw-visits order="1041">16</rw-visits>
<rw-visits order="1067">16</rw-visits>
<rw-visits order="1093">15</rw-visits>
<rw-visits order="1119">14</rw-visits>
<rw-visits order="1145">14</rw-visits>
<rw-visits order="1171">13</rw-visits>
<rw-visits order="1197">13</rw-visits>
<rw-visits order="1223">12</rw-visits>
<rw-visits order="1249">12</rw-visits>
<rw-visits order="1275">12</rw-visits>
<rw-visits order="1301">11</rw-visits>
<rw-visits order="1327">11</rw-visits>
<rw-visits order="1353">11</rw-visits>
<rw-visits order="1379">10</rw-visits>
<rw-visits order="1405">10</rw-visits>
<rw-visits order="1431">10</rw-visits>
<rw-visits order="1457">9</rw-visits>
<rw-visits order="1483">9</rw-visits>
<rw-visits order="1509">9</rw-visits>
<rw-visits order="1535">9</rw-visits>
<rw-visits order="1561">8</rw-visits>
<rw-visits order="1587">8</rw-visits>
<rw-visits order="1613">8</rw-visits>
<rw-visits order="1639">8</rw-visits>
<rw-visits order="1665">7</rw-visits>
<rw-visits order="1691">7</rw-visits>
<rw-visits order="1717">7</rw-visits>
<rw-visits order="1743">7</rw-visits>
<rw-visits order="1769">7</rw-visits>
<rw-visits order="1795">6</rw-visits>
<rw-visits order="1821">6</rw-visits>
<rw-visits order="1847">6</rw-visits>
<rw-visits order="1873">6</rw-visits>
<rw-visits order="1899">6</rw-visits>
<rw-visits order="1925">6</rw-visits>
<rw-visits order="1951">5</rw-visits>
<rw-visits order="1977">5</rw-visits>
<rw-visits order="2003">5</rw-visits>
<rw-visits order="2029">5</rw-visits>
<rw-visits order="2055">5</rw-visits>
<rw-visits order="2081">5</rw-visits>
<rw-visits order="2107">5</rw-visits>
<rw-visits order="2133">5</rw-visits>
<rw-visits order="2159">4</rw-visits>
<rw-visits order="2185">4</rw-visits>
<rw-visits order="2211">4</rw-visits>
<rw-visits order="2237">4</rw-visits>
<rw-visits order="2263">4</rw-visits>
<rw-visits order="2289">4</rw-visits>
<rw-visits order="2315">4</rw-visits>
<rw-visits order="2341">4</rw-visits>
<rw-visits order="2367">4</rw-visits>
<rw-visits order="2393">4</rw-visits>
<rw-visits order="2419">4</rw-visits>
<rw-visits order="2445">3</rw-visits>
<rw-visits order="2471">3</rw-visits>
<rw-visits order="2497">3</rw-visits>
<rw-visits order="2523">3</rw-visits>
<rw-visits order="2549">3</rw-visits>
<rw-visits order="2575">3</rw-visits>
<rw-visits order="2601">3</rw-visits>
<rw-visits order="2627">3</rw-visits>
<rw-visits order="2653">3</rw-visits>
<rw-visits order="2679">3</rw-visits>
<rw-visits order="2705">3</rw-visits>
<rw-visits order="2731">3</rw-visits>
<rw-visits order="2757">3</rw-visits>
<rw-visits order="2783">3</rw-visits>
<rw-visits order="2809">3</rw-visits>
<rw-visits order="2835">3</rw-visits>
<rw-visits order="2861">2</rw-visits>
<rw-visits order="2887">2</rw-visits>
<rw-visits order="2913">2</rw-visits>
<rw-visits order="2939">2</rw-visits>
<rw-visits order="2965">2</rw-visits>
<rw-visits order="2991">2</rw-visits>
<rw-visits order="3017">2</rw-visits>
<rw-visits order="3043">2</rw-visits>
<rw-visits order="3069">2</rw-visits>
<rw-visits order="3095">2</rw-visits>
<rw-visits order="3121">2</rw-visits>
<rw-visits order="3147">2</rw-visits>
<rw-visits order="3173">2</rw-visits>
<rw-visits order="3199">2</rw-visits>
<rw-visits order="3225">2</rw-visits>
<rw-visits order="3251">2</rw-visits>
<rw-visits order="3277">2</rw-visits>
<rw-visits order="3303">2</rw-visits>
<rw-visits order="3329">2</rw-visits>
<rw-visits order="3355">2</rw-visits>
<rw-visits order="3381">2</rw-visits>
<rw-visits order="3407">2</rw-visits>
<rw-visits order="3433">2</rw-visits>
<rw-visits order="3459">2</rw-visits>
<rw-visits order="3485">2</rw-visits>
<rw-visits order="3511">2</rw-visits>
<rw-visits order="3537">2</rw-visits>
<rw-visits order="3563">2</rw-visits>
<rw-visits order="3589">2</rw-visits>
<rw-visits order="3615">2</rw-visits>
<rw-visits order="3641">1</rw-visits>
<rw-visits order="3667">1</rw-visits>
<rw-visits order="3693">1</rw-visits>
<rw-visits order="3719">1</rw-visits>
<rw-visits order="3745">1</rw-visits>
<rw-visits order="3771">1</rw-visits>
<rw-visits order="3797">1</rw-visits>
<rw-visits order="3823">1</rw-visits>
<rw-visits order="3849">1</rw-visits>
<rw-visits order="3875">1</rw-visits>
<rw-visits order="3901">1</rw-visits>
<rw-visits order="3927">1</rw-visits>
<rw-visits order="3953">1</rw-visits>
<rw-visits order="3979">1</rw-visits>
<rw-visits order="4005">1</rw-visits>
<rw-visits order="4031">1</rw-visits>
<rw-visits order="4057">1</rw-visits>
<rw-visits order="4083">1</rw-visits>
<rw-visits order="4109">1</rw-visits>
<rw-visits order="4135">1</rw-visits>
<rw-visits order="4161">1</rw-visits>
<rw-visits order="4187">1</rw-visits>
<rw-visits order="4213">1</rw-visits>
<rw-visits order="4239">1</rw-visits>
<rw-visits order="4265">1</rw-visits>
<rw-visits order="4291">1</rw-visits>
<rw-visits order="4317">1</rw-visits>
<rw-visits order="4343">1</rw-visits>
<rw-visits order="4369">1</rw-visits>
<rw-visits order="4395">1</rw-visits>
<rw-visits order="4421">1</rw-visits>
<rw-visits order="4447">1</rw-visits>
<rw-visits order="4473">1</rw-visits>
<rw-visits order="4499">1</rw-visits>
<rw-visits order="4525">1</rw-visits>
<rw-visits order="4551">1</rw-visits>
<rw-visits order="4577">1</rw-visits>
<rw-visits order="4603">1</rw-visits>
<rw-visits order="4629">1</rw-visits>
<rw-visits order="4655">1</rw-visits>
<rw-visits order="4681">1</rw-visits>
<rw-visits order="4707">1</rw-visits>
<rw-visits order="4733">1</rw-visits>
<rw-visits order="4759">1</rw-visits>
<rw-visits order="4785">1</rw-visits>
<rw-visits order="4811">1</rw-visits>
<rw-visits order="4837">1</rw-visits>
<rw-visits order="4863">1</rw-visits>
<rw-visits order="4889">1</rw-visits>
<rw-visits order="4915">1</rw-visits>
<rw-visits order="4941">1</rw-visits>
<rw-visits order="4967">1</rw-visits>
<rw-visits order="4993">1</rw-visits>
<rw-visits order="5019">1</rw-visits>
<rw-visits order="5045">1</rw-visits>
<rw-visits order="5071">1</rw-visits>
<rw-visits order="5097">1</rw-visits>
<rw-visits order="5123">1</rw-visits>
<rw-visits order="5149">1</rw-visits>
<rw-visits order="5175">1</rw-visits>
<rw-visits order="5201">1</rw-visits>
<rw-visits order="5227">1</rw-visits>
<rw-visits order="5253">1</rw-visits>
<final-coverage>40.7162</final-coverage>
</rw-info>
<local-info>
<diamonds>100</diamonds>
<neighborhood k="4">40</neighborhood>
<clustering k="4">1.86806</clustering>
</local-info>
<label-info>
<edge-label id="0.0+3.12">828</edge-label>
<edge-label id="0.0+3.3">828</edge-label>
<edge-label id="0.0+4.12">431</edge-label>
<edge-label id="0.0+4.3">456</edge-label>
<edge-label id="0.0+5.12">303</edge-label>
<edge-label id="0.0+5.3">321</edge-label>
<edge-label id="0.2+3.1">1656</edge-label>
<edge-label id="0.2+3.11">828</edge-label>
<edge-label id="0.2+3.24">828</edge-label>
<edge-label id="0.3+4.12">132</edge-label>
<edge-label id="0.3+4.3">132</edge-label>
<edge-label id="0.3+5.12">104</edge-label>
<edge-label id="0.3+5.3">104</edge-label>
<edge-label id="0.4+4.12">132</edge-label>
<edge-label id="0.4+4.3">132</edge-label>
<edge-label id="0.4+5.12">104</edge-label>
<edge-label id="0.4+5.3">104</edge-label>
<edge-label id="1.0+3.16">630</edge-label>
<edge-label id="1.0+3.19">605</edge-label>
<edge-label id="1.0+4.13">588</edge-label>
<edge-label id="1.0+4.4">421</edge-label>
<edge-label id="1.0+5.13">295</edge-label>
<edge-label id="1.0+5.4">283</edge-label>
<edge-label id="1.2+4.1">1739</edge-label>
<edge-label id="1.2+4.11">1151</edge-label>
<edge-label id="1.2+4.24">588</edge-label>
<edge-label id="1.3+3.16">198</edge-label>
<edge-label id="1.3+3.19">198</edge-label>
<edge-label id="1.3+5.13">112</edge-label>
<edge-label id="1.3+5.4">94</edge-label>
<edge-label id="1.4+3.16">198</edge-label>
<edge-label id="1.4+3.19">198</edge-label>
<edge-label id="1.4+5.13">112</edge-label>
<edge-label id="1.4+5.4">94</edge-label>
<edge-label id="2.0+3.17">394</edge-label>
<edge-label id="2.0+3.20">378</edge-label>
<edge-label id="2.0+4.17">319</edge-label>
<edge-label id="2.0+4.20">306</edge-label>
<edge-label id="2.0+5.14">425</edge-label>
<edge-label id="2.0+5.5">338</edge-label>
<edge-label id="2.2+5.1">1664</edge-label>
<edge-label id="2.2+5.11">1239</edge-label>
<edge-label id="2.2+5.24">425</edge-label>
<edge-label id="2.3+3.17">126</edge-label>
<edge-label id="2.3+3.20">126</edge-label>
<edge-label id="2.3+4.17">102</edge-label>
<edge-label id="2.3+4.20">102</edge-label>
<edge-label id="2.4+3.17">126</edge-label>
<edge-label id="2.4+3.20">126</edge-label>
<edge-label id="2.4+4.17">102</edge-label>
<edge-label id="2.4+4.20">102</edge-label>
<edge-label id="3.0+0.1">1248</edge-label>
<edge-label id="3.10+0.1">828</edge-label>
<edge-label id="3.2">828</edge-label>
<edge-label id="3.21">881</edge-label>
<edge-label id="3.22">361</edge-label>
<edge-label id="3.23+0.1">361</edge-label>
<edge-label id="3.7">828</edge-label>
<edge-label id="3.8">828</edge-label>
<edge-label id="4.0+1.1">1398</edge-label>
<edge-label id="4.10+1.1">1151</edge-label>
<edge-label id="4.2">421</edge-label>
<edge-label id="4.21">330</edge-label>
<edge-label id="4.22">330</edge-label>
<edge-label id="4.23+1.1">330</edge-label>
<edge-label id="4.6">421</edge-label>
<edge-label id="4.7">984</edge-label>
<edge-label id="4.8">1151</edge-label>
<edge-label id="4.9">396</edge-label>
<edge-label id="5.0+2.1">1548</edge-label>
<edge-label id="5.10+2.1">1239</edge-label>
<edge-label id="5.2">338</edge-label>
<edge-label id="5.22">338</edge-label>
<edge-label id="5.23+2.1">338</edge-label>
<edge-label id="5.6">715</edge-label>
<edge-label id="5.7">1107</edge-label>
<edge-label id="5.8">1239</edge-label>
<edge-label id="5.9">727</edge-label>
<state-labels procid="0">
<label id="[]">12958</label>
</state-labels><state-labels procid="1">
<label id="[0,0,0]">1248</label>
<label id="[0,1,1]">8398</label>
<label id="[1,0,1]">1656</label>
<label id="[1,1,0]">828</label>
<label id="[1,1,1]">828</label>
</state-labels><state-labels procid="2">
<label id="[0,0,0]">1002</label>
<label id="[0,1,1]">8478</label>
<label id="[1,0,1]">1176</label>
<label id="[1,1,0]">588</label>
<label id="[1,1,1]">1714</label>
</state-labels><state-labels procid="3">
<label id="[0,0,0]">821</label>
<label id="[0,1,1]">8809</label>
<label id="[1,0,1]">850</label>
<label id="[1,1,0]">425</label>
<label id="[1,1,1]">2053</label>
</state-labels><state-labels procid="4">
<label id="[0,0,0]">420</label>
<label id="[0,3,0]">828</label>
<label id="[1,0,0]">828</label>
<label id="[1,3,0]">828</label>
<label id="[10,3,0]">361</label>
<label id="[11,3,0]">828</label>
<label id="[2,0,0]">828</label>
<label id="[3,1,0]">828</label>
<label id="[3,2,0]">520</label>
<label id="[3,3,0]">361</label>
<label id="[4,0,1]">828</label>
<label id="[5,0,1]">828</label>
<label id="[6,0,1]">828</label>
<label id="[7,0,1]">828</label>
<label id="[8,0,1]">828</label>
<label id="[9,1,0]">520</label>
<label id="[9,1,1]">803</label>
<label id="[9,2,0]">361</label>
<label id="[9,2,1]">504</label>
</state-labels><state-labels procid="5">
<label id="[0,0,0]">810</label>
<label id="[0,3,0]">588</label>
<label id="[1,0,0]">1151</label>
<label id="[1,3,0]">588</label>
<label id="[10,3,0]">330</label>
<label id="[11,3,0]">588</label>
<label id="[2,0,0]">588</label>
<label id="[2,1,0]">421</label>
<label id="[3,2,0]">421</label>
<label id="[3,3,0]">330</label>
<label id="[4,0,0]">421</label>
<label id="[4,0,1]">563</label>
<label id="[4,1,1]">421</label>
<label id="[5,0,0]">396</label>
<label id="[5,0,1]">563</label>
<label id="[5,1,1]">588</label>
<label id="[6,0,1]">563</label>
<label id="[6,1,1]">588</label>
<label id="[7,0,1]">563</label>
<label id="[7,1,1]">588</label>
<label id="[8,0,1]">563</label>
<label id="[8,1,1]">588</label>
<label id="[9,2,0]">330</label>
<label id="[9,2,1]">408</label>
</state-labels><state-labels procid="6">
<label id="[0,0,0]">755</label>
<label id="[0,1,0]">368</label>
<label id="[0,3,0]">425</label>
<label id="[1,0,0]">832</label>
<label id="[1,1,0]">407</label>
<label id="[1,3,0]">425</label>
<label id="[10,3,0]">338</label>
<label id="[11,3,0]">425</label>
<label id="[2,0,0]">425</label>
<label id="[2,1,0]">377</label>
<label id="[2,2,0]">338</label>
<label id="[3,3,0]">338</label>
<label id="[4,0,0]">377</label>
<label id="[4,0,1]">407</label>
<label id="[4,1,0]">338</label>
<label id="[4,1,1]">362</label>
<label id="[4,2,1]">338</label>
<label id="[5,0,0]">359</label>
<label id="[5,0,1]">407</label>
<label id="[5,1,0]">368</label>
<label id="[5,1,1]">407</label>
<label id="[5,2,1]">425</label>
<label id="[6,0,1]">407</label>
<label id="[6,1,1]">407</label>
<label id="[6,2,1]">425</label>
<label id="[7,0,1]">407</label>
<label id="[7,1,1]">407</label>
<label id="[7,2,1]">425</label>
<label id="[8,0,1]">407</label>
<label id="[8,1,1]">407</label>
<label id="[8,2,1]">425</label>
</state-labels></label-info>
</state-space-info>
