<?xml version="1.0"?>
<!DOCTYPE state-space-info SYSTEM "../../state_space_info.dtd">


<state-space-info>
<states>20434</states>
<edges>65534</edges>
<bfs-info>
 <levels>38</levels>
<max-level>1441</max-level>

<back-level-edges>9872</back-level-edges>
<max-back-level-edge>28</max-back-level-edge>
<avg-back-level-edge>6.82395</avg-back-level-edge>
<bfs-levels>
<level id="0"><states>1</states><edges>3</edges></level>
<level id="1"><states>3</states><edges>9</edges></level>
<level id="2"><states>6</states><edges>19</edges></level>
<level id="3"><states>11</states><edges>37</edges></level>
<level id="4"><states>20</states><edges>67</edges></level>
<level id="5"><states>35</states><edges>118</edges></level>
<level id="6"><states>58</states><edges>196</edges></level>
<level id="7"><states>93</states><edges>311</edges></level>
<level id="8"><states>139</states><edges>467</edges></level>
<level id="9"><states>200</states><edges>668</edges></level>
<level id="10"><states>277</states><edges>920</edges></level>
<level id="11"><states>372</states><edges>1236</edges></level>
<level id="12"><states>484</states><edges>1597</edges></level>
<level id="13"><states>608</states><edges>2007</edges></level>
<level id="14"><states>742</states><edges>2441</edges></level>
<level id="15"><states>885</states><edges>2905</edges></level>
<level id="16"><states>1034</states><edges>3386</edges></level>
<level id="17"><states>1179</states><edges>3832</edges></level>
<level id="18"><states>1298</states><edges>4208</edges></level>
<level id="19"><states>1387</states><edges>4481</edges></level>
<level id="20"><states>1434</states><edges>4612</edges></level>
<level id="21"><states>1441</states><edges>4619</edges></level>
<level id="22"><states>1408</states><edges>4488</edges></level>
<level id="23"><states>1339</states><edges>4255</edges></level>
<level id="24"><states>1244</states><edges>3933</edges></level>
<level id="25"><states>1118</states><edges>3519</edges></level>
<level id="26"><states>972</states><edges>3046</edges></level>
<level id="27"><states>807</states><edges>2514</edges></level>
<level id="28"><states>633</states><edges>1960</edges></level>
<level id="29"><states>465</states><edges>1429</edges></level>
<level id="30"><states>317</states><edges>969</edges></level>
<level id="31"><states>200</states><edges>607</edges></level>
<level id="32"><states>116</states><edges>351</edges></level>
<level id="33"><states>62</states><edges>186</edges></level>
<level id="34"><states>29</states><edges>87</edges></level>
<level id="35"><states>12</states><edges>36</edges></level>
<level id="36"><states>4</states><edges>12</edges></level>
<level id="37"><states>1</states><edges>3</edges></level>
</bfs-levels>
<back-level-length id="0">13.0673</back-level-length>
<back-level-length id="1">0</back-level-length>
<back-level-length id="2">0</back-level-length>
<back-level-length id="3">18.6183</back-level-length>
<back-level-length id="4">0</back-level-length>
<back-level-length id="5">0</back-level-length>
<back-level-length id="6">0</back-level-length>
<back-level-length id="7">0</back-level-length>
<back-level-length id="8">23.9364</back-level-length>
<back-level-length id="9">25.2229</back-level-length>
<back-level-length id="10">12.9761</back-level-length>
<back-level-length id="11">0</back-level-length>
<back-level-length id="12">5.44976</back-level-length>
<back-level-length id="13">0</back-level-length>
<back-level-length id="14">0</back-level-length>
<back-level-length id="15">0</back-level-length>
<back-level-length id="16">0</back-level-length>
<back-level-length id="17">0.526742</back-level-length>
<back-level-length id="18">0.0101297</back-level-length>
<back-level-length id="19">0.182334</back-level-length>
<back-level-length id="20">0</back-level-length>
<back-level-length id="21">0</back-level-length>
<back-level-length id="22">0</back-level-length>
<back-level-length id="23">0</back-level-length>
<back-level-length id="24">0</back-level-length>
<back-level-length id="25">0</back-level-length>
<back-level-length id="26">0</back-level-length>
<back-level-length id="27">0</back-level-length>
<back-level-length id="28">0.0101297</back-level-length>
</bfs-info>
<degrees>
<avg>3.20711</avg>
<max-in>9</max-in>
<max-out>6</max-out>
<degree id="0"><in>0</in><out>0</out></degree>
<degree id="1"><in>261</in><out>0</out></degree>
<degree id="2"><in>3074</in><out>0</out></degree>
<degree id="3"><in>11571</in><out>16390</out></degree>
<degree id="4"><in>3992</in><out>3857</out></degree>
<degree id="5"><in>921</in><out>186</out></degree>
<degree id="6"><in>492</in><out>1</out></degree>
<degree id="7"><in>100</in><out>0</out></degree>
<degree id="8"><in>20</in><out>0</out></degree>
<degree id="9"><in>3</in><out>0</out></degree>
</degrees>
<scc-info>
<count>1</count>
<height>0</height>
<nontrivial-height>0</nontrivial-height>
<trivial>0</trivial>
<terminal>1</terminal>
<largest>20434</largest>
<largest-position> initial the only terminal</largest-position>
</scc-info>
<dfs-info>
<stack-size id="102">0.499168</stack-size>
<stack-size id="204">0.998336</stack-size>
<stack-size id="306">1.4975</stack-size>
<stack-size id="408">1.99667</stack-size>
<stack-size id="510">2.49584</stack-size>
<stack-size id="612">2.99501</stack-size>
<stack-size id="714">3.49418</stack-size>
<stack-size id="816">3.99334</stack-size>
<stack-size id="918">4.49251</stack-size>
<stack-size id="1020">4.99168</stack-size>
<stack-size id="1122">5.49085</stack-size>
<stack-size id="1224">5.99002</stack-size>
<stack-size id="1326">6.48918</stack-size>
<stack-size id="1428">6.98835</stack-size>
<stack-size id="1530">7.48752</stack-size>
<stack-size id="1632">7.98669</stack-size>
<stack-size id="1734">8.48586</stack-size>
<stack-size id="1836">8.98502</stack-size>
<stack-size id="1938">9.48419</stack-size>
<stack-size id="2040">9.98336</stack-size>
<stack-size id="2142">10.4825</stack-size>
<stack-size id="2244">10.8936</stack-size>
<stack-size id="2346">11.383</stack-size>
<stack-size id="2448">11.8822</stack-size>
<stack-size id="2550">12.3471</stack-size>
<stack-size id="2652">12.8462</stack-size>
<stack-size id="2754">13.1056</stack-size>
<stack-size id="2856">13.5167</stack-size>
<stack-size id="2958">14.0159</stack-size>
<stack-size id="3060">14.515</stack-size>
<stack-size id="3162">14.9555</stack-size>
<stack-size id="3264">15.4302</stack-size>
<stack-size id="3366">15.9098</stack-size>
<stack-size id="3468">16.4089</stack-size>
<stack-size id="3570">16.8689</stack-size>
<stack-size id="3672">17.3681</stack-size>
<stack-size id="3774">17.8673</stack-size>
<stack-size id="3876">18.3273</stack-size>
<stack-size id="3978">18.8265</stack-size>
<stack-size id="4080">19.3256</stack-size>
<stack-size id="4182">19.8248</stack-size>
<stack-size id="4284">20.324</stack-size>
<stack-size id="4386">20.8231</stack-size>
<stack-size id="4488">21.288</stack-size>
<stack-size id="4590">21.753</stack-size>
<stack-size id="4692">22.0906</stack-size>
<stack-size id="4794">22.4332</stack-size>
<stack-size id="4896">22.8981</stack-size>
<stack-size id="4998">23.1085</stack-size>
<stack-size id="5100">22.9617</stack-size>
<stack-size id="5202">23.1673</stack-size>
<stack-size id="5304">23.5686</stack-size>
<stack-size id="5406">24.0677</stack-size>
<stack-size id="5508">24.5669</stack-size>
<stack-size id="5610">25.0661</stack-size>
<stack-size id="5712">25.5114</stack-size>
<stack-size id="5814">25.9665</stack-size>
<stack-size id="5916">26.3678</stack-size>
<stack-size id="6018">26.7887</stack-size>
<stack-size id="6120">27.2291</stack-size>
<stack-size id="6222">27.7283</stack-size>
<stack-size id="6324">28.2275</stack-size>
<stack-size id="6426">28.7071</stack-size>
<stack-size id="6528">29.2062</stack-size>
<stack-size id="6630">29.4167</stack-size>
<stack-size id="6732">29.9158</stack-size>
<stack-size id="6834">30.3905</stack-size>
<stack-size id="6936">30.8897</stack-size>
<stack-size id="7038">31.3693</stack-size>
<stack-size id="7140">31.795</stack-size>
<stack-size id="7242">32.2942</stack-size>
<stack-size id="7344">32.7396</stack-size>
<stack-size id="7446">33.2387</stack-size>
<stack-size id="7548">33.7085</stack-size>
<stack-size id="7650">34.2077</stack-size>
<stack-size id="7752">34.6775</stack-size>
<stack-size id="7854">35.1375</stack-size>
<stack-size id="7956">35.622</stack-size>
<stack-size id="8058">35.9841</stack-size>
<stack-size id="8160">36.1114</stack-size>
<stack-size id="8262">36.4197</stack-size>
<stack-size id="8364">36.9091</stack-size>
<stack-size id="8466">37.3691</stack-size>
<stack-size id="8568">37.8144</stack-size>
<stack-size id="8670">37.8193</stack-size>
<stack-size id="8772">38.3185</stack-size>
<stack-size id="8874">38.7051</stack-size>
<stack-size id="8976">39.2043</stack-size>
<stack-size id="9078">39.6349</stack-size>
<stack-size id="9180">39.9139</stack-size>
<stack-size id="9282">40.413</stack-size>
<stack-size id="9384">40.829</stack-size>
<stack-size id="9486">41.1373</stack-size>
<stack-size id="9588">41.4995</stack-size>
<stack-size id="9690">41.6805</stack-size>
<stack-size id="9792">42.0378</stack-size>
<stack-size id="9894">42.3999</stack-size>
<stack-size id="9996">42.718</stack-size>
<stack-size id="10098">42.7033</stack-size>
<stack-size id="10200">42.9921</stack-size>
<stack-size id="10302">43.3591</stack-size>
<stack-size id="10404">43.8583</stack-size>
<stack-size id="10506">44.2498</stack-size>
<stack-size id="10608">44.5923</stack-size>
<stack-size id="10710">44.9985</stack-size>
<stack-size id="10812">45.2628</stack-size>
<stack-size id="10914">45.6592</stack-size>
<stack-size id="11016">45.9626</stack-size>
<stack-size id="11118">46.266</stack-size>
<stack-size id="11220">46.4667</stack-size>
<stack-size id="11322">46.4814</stack-size>
<stack-size id="11424">46.8924</stack-size>
<stack-size id="11526">47.2056</stack-size>
<stack-size id="11628">47.2399</stack-size>
<stack-size id="11730">47.2448</stack-size>
<stack-size id="11832">47.372</stack-size>
<stack-size id="11934">47.4161</stack-size>
<stack-size id="12036">47.4944</stack-size>
<stack-size id="12138">47.9201</stack-size>
<stack-size id="12240">47.8369</stack-size>
<stack-size id="12342">48.1746</stack-size>
<stack-size id="12444">48.5661</stack-size>
<stack-size id="12546">48.4242</stack-size>
<stack-size id="12648">48.571</stack-size>
<stack-size id="12750">48.8157</stack-size>
<stack-size id="12852">48.9723</stack-size>
<stack-size id="12954">49.2757</stack-size>
<stack-size id="13056">49.403</stack-size>
<stack-size id="13158">49.6183</stack-size>
<stack-size id="13260">50.0783</stack-size>
<stack-size id="13362">50.1909</stack-size>
<stack-size id="13464">50.1958</stack-size>
<stack-size id="13566">50.5432</stack-size>
<stack-size id="13668">50.4551</stack-size>
<stack-size id="13770">50.3328</stack-size>
<stack-size id="13872">50.3083</stack-size>
<stack-size id="13974">50.3181</stack-size>
<stack-size id="14076">50.5285</stack-size>
<stack-size id="14178">50.6068</stack-size>
<stack-size id="14280">50.4698</stack-size>
<stack-size id="14382">50.7634</stack-size>
<stack-size id="14484">50.7047</stack-size>
<stack-size id="14586">50.783</stack-size>
<stack-size id="14688">50.6705</stack-size>
<stack-size id="14790">50.9641</stack-size>
<stack-size id="14892">50.9102</stack-size>
<stack-size id="14994">50.7439</stack-size>
<stack-size id="15096">50.8809</stack-size>
<stack-size id="15198">50.8613</stack-size>
<stack-size id="15300">51.0864</stack-size>
<stack-size id="15402">51.1256</stack-size>
<stack-size id="15504">51.0179</stack-size>
<stack-size id="15606">51.0717</stack-size>
<stack-size id="15708">51.0571</stack-size>
<stack-size id="15810">50.9837</stack-size>
<stack-size id="15912">51.062</stack-size>
<stack-size id="16014">51.062</stack-size>
<stack-size id="16116">51.0277</stack-size>
<stack-size id="16218">51.2577</stack-size>
<stack-size id="16320">51.2479</stack-size>
<stack-size id="16422">51.2137</stack-size>
<stack-size id="16524">51.2235</stack-size>
<stack-size id="16626">51.2577</stack-size>
<stack-size id="16728">51.1892</stack-size>
<stack-size id="16830">51.1403</stack-size>
<stack-size id="16932">51.1647</stack-size>
<stack-size id="17034">51.2724</stack-size>
<stack-size id="17136">51.2626</stack-size>
<stack-size id="17238">51.3605</stack-size>
<stack-size id="17340">51.3018</stack-size>
<stack-size id="17442">51.4339</stack-size>
<stack-size id="17544">51.3018</stack-size>
<stack-size id="17646">51.3018</stack-size>
<stack-size id="17748">51.2724</stack-size>
<stack-size id="17850">51.2186</stack-size>
<stack-size id="17952">51.1011</stack-size>
<stack-size id="18054">51.1452</stack-size>
<stack-size id="18156">51.4094</stack-size>
<stack-size id="18258">51.4486</stack-size>
<stack-size id="18360">51.5073</stack-size>
<stack-size id="18462">51.429</stack-size>
<stack-size id="18564">51.3115</stack-size>
<stack-size id="18666">51.1549</stack-size>
<stack-size id="18768">50.6802</stack-size>
<stack-size id="18870">50.1419</stack-size>
<stack-size id="18972">46.3052</stack-size>
<stack-size id="19074">45.9088</stack-size>
<stack-size id="19176">43.2563</stack-size>
<stack-size id="19278">41.2988</stack-size>
<stack-size id="19380">39.5468</stack-size>
<stack-size id="19482">38.9987</stack-size>
<stack-size id="19584">36.4588</stack-size>
<stack-size id="19686">33.6106</stack-size>
<stack-size id="19788">33.1066</stack-size>
<stack-size id="19890">28.203</stack-size>
<stack-size id="19992">27.1459</stack-size>
<stack-size id="20094">22.947</stack-size>
<stack-size id="20196">21.3027</stack-size>
<stack-size id="20298">15.0729</stack-size>
<stack-size id="20400">3.75355</stack-size>
<max-stack>10543</max-stack>
<front-edges>20433</front-edges>
<back-edges>17367</back-edges>
<cross-edges>27734</cross-edges>
<shortest-cycle>1</shortest-cycle>
</dfs-info>
<rw-info>
<coverage step="2040">7.00793</coverage>
<coverage step="4080">11.75</coverage>
<coverage step="6120">15.0289</coverage>
<coverage step="8160">19.0516</coverage>
<coverage step="10200">22.12</coverage>
<coverage step="12240">24.7627</coverage>
<coverage step="14280">26.6712</coverage>
<coverage step="16320">28.8588</coverage>
<coverage step="18360">30.7331</coverage>
<coverage step="20400">32.3089</coverage>
<coverage step="22440">33.9728</coverage>
<coverage step="24480">36.0527</coverage>
<coverage step="26520">37.5795</coverage>
<coverage step="28560">38.984</coverage>
<coverage step="30600">40.6675</coverage>
<coverage step="32640">42.5663</coverage>
<coverage step="34680">43.457</coverage>
<coverage step="36720">44.6462</coverage>
<coverage step="38760">45.8158</coverage>
<coverage step="40800">46.8484</coverage>
<coverage step="42840">48.0082</coverage>
<coverage step="44880">48.9478</coverage>
<coverage step="46920">50.0979</coverage>
<coverage step="48960">50.8515</coverage>
<coverage step="51000">51.473</coverage>
<coverage step="53040">52.4958</coverage>
<coverage step="55080">53.3767</coverage>
<coverage step="57120">54.0521</coverage>
<coverage step="59160">54.6002</coverage>
<coverage step="61200">55.1581</coverage>
<coverage step="63240">55.574</coverage>
<coverage step="65280">56.3522</coverage>
<coverage step="67320">56.7926</coverage>
<coverage step="69360">57.3652</coverage>
<coverage step="71400">58.1482</coverage>
<coverage step="73440">58.8088</coverage>
<coverage step="75480">59.1514</coverage>
<coverage step="77520">59.8072</coverage>
<coverage step="79560">60.2917</coverage>
<coverage step="81600">60.644</coverage>
<coverage step="83640">60.8887</coverage>
<coverage step="85680">61.2753</coverage>
<coverage step="87720">61.657</coverage>
<coverage step="89760">62.0192</coverage>
<coverage step="91800">62.6603</coverage>
<coverage step="93840">63.0811</coverage>
<coverage step="95880">63.7271</coverage>
<coverage step="97920">64.148</coverage>
<coverage step="99960">64.6618</coverage>
<coverage step="102000">65.0436</coverage>
<coverage step="104040">65.3959</coverage>
<coverage step="106080">65.8168</coverage>
<coverage step="108120">66.3551</coverage>
<coverage step="110160">66.7564</coverage>
<coverage step="112200">67.0892</coverage>
<coverage step="114240">67.3192</coverage>
<coverage step="116280">67.5639</coverage>
<coverage step="118320">67.8722</coverage>
<coverage step="120360">68.0337</coverage>
<coverage step="122400">68.3273</coverage>
<coverage step="124440">68.6062</coverage>
<coverage step="126480">68.7922</coverage>
<coverage step="128520">69.0516</coverage>
<coverage step="130560">69.3844</coverage>
<coverage step="132600">69.6095</coverage>
<coverage step="134640">69.8591</coverage>
<coverage step="136680">70.2359</coverage>
<coverage step="138720">70.4218</coverage>
<coverage step="140760">70.5442</coverage>
<coverage step="142800">70.9161</coverage>
<coverage step="144840">71.0336</coverage>
<coverage step="146880">71.2636</coverage>
<coverage step="148920">71.4447</coverage>
<coverage step="150960">71.704</coverage>
<coverage step="153000">71.8264</coverage>
<coverage step="155040">71.9683</coverage>
<coverage step="157080">72.1738</coverage>
<coverage step="159120">72.3402</coverage>
<coverage step="161160">72.4038</coverage>
<coverage step="163200">72.6534</coverage>
<coverage step="165240">72.7758</coverage>
<coverage step="167280">72.9617</coverage>
<coverage step="169320">73.0205</coverage>
<coverage step="171360">73.2603</coverage>
<coverage step="173400">73.4266</coverage>
<coverage step="175440">73.5881</coverage>
<coverage step="177480">73.7643</coverage>
<coverage step="179520">73.823</coverage>
<coverage step="181560">73.8964</coverage>
<coverage step="183600">73.9894</coverage>
<coverage step="185640">74.1313</coverage>
<coverage step="187680">74.239</coverage>
<coverage step="189720">74.2928</coverage>
<coverage step="191760">74.3858</coverage>
<coverage step="193800">74.5131</coverage>
<coverage step="195840">74.6697</coverage>
<coverage step="197880">74.8605</coverage>
<coverage step="199920">74.9193</coverage>
<coverage step="201960">75.022</coverage>
<coverage step="204000">75.2471</coverage>
<rw-visits order="1">487</rw-visits>
<rw-visits order="77">234</rw-visits>
<rw-visits order="153">143</rw-visits>
<rw-visits order="229">115</rw-visits>
<rw-visits order="305">99</rw-visits>
<rw-visits order="381">85</rw-visits>
<rw-visits order="457">74</rw-visits>
<rw-visits order="533">68</rw-visits>
<rw-visits order="609">62</rw-visits>
<rw-visits order="685">57</rw-visits>
<rw-visits order="761">54</rw-visits>
<rw-visits order="837">50</rw-visits>
<rw-visits order="913">47</rw-visits>
<rw-visits order="989">45</rw-visits>
<rw-visits order="1065">43</rw-visits>
<rw-visits order="1141">41</rw-visits>
<rw-visits order="1217">38</rw-visits>
<rw-visits order="1293">37</rw-visits>
<rw-visits order="1369">35</rw-visits>
<rw-visits order="1445">33</rw-visits>
<rw-visits order="1521">32</rw-visits>
<rw-visits order="1597">30</rw-visits>
<rw-visits order="1673">29</rw-visits>
<rw-visits order="1749">28</rw-visits>
<rw-visits order="1825">26</rw-visits>
<rw-visits order="1901">25</rw-visits>
<rw-visits order="1977">24</rw-visits>
<rw-visits order="2053">23</rw-visits>
<rw-visits order="2129">22</rw-visits>
<rw-visits order="2205">21</rw-visits>
<rw-visits order="2281">20</rw-visits>
<rw-visits order="2357">19</rw-visits>
<rw-visits order="2433">18</rw-visits>
<rw-visits order="2509">18</rw-visits>
<rw-visits order="2585">17</rw-visits>
<rw-visits order="2661">17</rw-visits>
<rw-visits order="2737">16</rw-visits>
<rw-visits order="2813">16</rw-visits>
<rw-visits order="2889">15</rw-visits>
<rw-visits order="2965">15</rw-visits>
<rw-visits order="3041">14</rw-visits>
<rw-visits order="3117">14</rw-visits>
<rw-visits order="3193">13</rw-visits>
<rw-visits order="3269">13</rw-visits>
<rw-visits order="3345">13</rw-visits>
<rw-visits order="3421">12</rw-visits>
<rw-visits order="3497">12</rw-visits>
<rw-visits order="3573">12</rw-visits>
<rw-visits order="3649">12</rw-visits>
<rw-visits order="3725">11</rw-visits>
<rw-visits order="3801">11</rw-visits>
<rw-visits order="3877">11</rw-visits>
<rw-visits order="3953">11</rw-visits>
<rw-visits order="4029">11</rw-visits>
<rw-visits order="4105">10</rw-visits>
<rw-visits order="4181">10</rw-visits>
<rw-visits order="4257">10</rw-visits>
<rw-visits order="4333">10</rw-visits>
<rw-visits order="4409">10</rw-visits>
<rw-visits order="4485">9</rw-visits>
<rw-visits order="4561">9</rw-visits>
<rw-visits order="4637">9</rw-visits>
<rw-visits order="4713">9</rw-visits>
<rw-visits order="4789">9</rw-visits>
<rw-visits order="4865">9</rw-visits>
<rw-visits order="4941">8</rw-visits>
<rw-visits order="5017">8</rw-visits>
<rw-visits order="5093">8</rw-visits>
<rw-visits order="5169">8</rw-visits>
<rw-visits order="5245">8</rw-visits>
<rw-visits order="5321">8</rw-visits>
<rw-visits order="5397">8</rw-visits>
<rw-visits order="5473">7</rw-visits>
<rw-visits order="5549">7</rw-visits>
<rw-visits order="5625">7</rw-visits>
<rw-visits order="5701">7</rw-visits>
<rw-visits order="5777">7</rw-visits>
<rw-visits order="5853">7</rw-visits>
<rw-visits order="5929">7</rw-visits>
<rw-visits order="6005">7</rw-visits>
<rw-visits order="6081">7</rw-visits>
<rw-visits order="6157">6</rw-visits>
<rw-visits order="6233">6</rw-visits>
<rw-visits order="6309">6</rw-visits>
<rw-visits order="6385">6</rw-visits>
<rw-visits order="6461">6</rw-visits>
<rw-visits order="6537">6</rw-visits>
<rw-visits order="6613">6</rw-visits>
<rw-visits order="6689">6</rw-visits>
<rw-visits order="6765">6</rw-visits>
<rw-visits order="6841">6</rw-visits>
<rw-visits order="6917">5</rw-visits>
<rw-visits order="6993">5</rw-visits>
<rw-visits order="7069">5</rw-visits>
<rw-visits order="7145">5</rw-visits>
<rw-visits order="7221">5</rw-visits>
<rw-visits order="7297">5</rw-visits>
<rw-visits order="7373">5</rw-visits>
<rw-visits order="7449">5</rw-visits>
<rw-visits order="7525">5</rw-visits>
<rw-visits order="7601">5</rw-visits>
<rw-visits order="7677">5</rw-visits>
<rw-visits order="7753">5</rw-visits>
<rw-visits order="7829">5</rw-visits>
<rw-visits order="7905">5</rw-visits>
<rw-visits order="7981">4</rw-visits>
<rw-visits order="8057">4</rw-visits>
<rw-visits order="8133">4</rw-visits>
<rw-visits order="8209">4</rw-visits>
<rw-visits order="8285">4</rw-visits>
<rw-visits order="8361">4</rw-visits>
<rw-visits order="8437">4</rw-visits>
<rw-visits order="8513">4</rw-visits>
<rw-visits order="8589">4</rw-visits>
<rw-visits order="8665">4</rw-visits>
<rw-visits order="8741">4</rw-visits>
<rw-visits order="8817">4</rw-visits>
<rw-visits order="8893">4</rw-visits>
<rw-visits order="8969">4</rw-visits>
<rw-visits order="9045">4</rw-visits>
<rw-visits order="9121">4</rw-visits>
<rw-visits order="9197">3</rw-visits>
<rw-visits order="9273">3</rw-visits>
<rw-visits order="9349">3</rw-visits>
<rw-visits order="9425">3</rw-visits>
<rw-visits order="9501">3</rw-visits>
<rw-visits order="9577">3</rw-visits>
<rw-visits order="9653">3</rw-visits>
<rw-visits order="9729">3</rw-visits>
<rw-visits order="9805">3</rw-visits>
<rw-visits order="9881">3</rw-visits>
<rw-visits order="9957">3</rw-visits>
<rw-visits order="10033">3</rw-visits>
<rw-visits order="10109">3</rw-visits>
<rw-visits order="10185">3</rw-visits>
<rw-visits order="10261">3</rw-visits>
<rw-visits order="10337">3</rw-visits>
<rw-visits order="10413">3</rw-visits>
<rw-visits order="10489">3</rw-visits>
<rw-visits order="10565">3</rw-visits>
<rw-visits order="10641">2</rw-visits>
<rw-visits order="10717">2</rw-visits>
<rw-visits order="10793">2</rw-visits>
<rw-visits order="10869">2</rw-visits>
<rw-visits order="10945">2</rw-visits>
<rw-visits order="11021">2</rw-visits>
<rw-visits order="11097">2</rw-visits>
<rw-visits order="11173">2</rw-visits>
<rw-visits order="11249">2</rw-visits>
<rw-visits order="11325">2</rw-visits>
<rw-visits order="11401">2</rw-visits>
<rw-visits order="11477">2</rw-visits>
<rw-visits order="11553">2</rw-visits>
<rw-visits order="11629">2</rw-visits>
<rw-visits order="11705">2</rw-visits>
<rw-visits order="11781">2</rw-visits>
<rw-visits order="11857">2</rw-visits>
<rw-visits order="11933">2</rw-visits>
<rw-visits order="12009">2</rw-visits>
<rw-visits order="12085">2</rw-visits>
<rw-visits order="12161">2</rw-visits>
<rw-visits order="12237">2</rw-visits>
<rw-visits order="12313">2</rw-visits>
<rw-visits order="12389">2</rw-visits>
<rw-visits order="12465">2</rw-visits>
<rw-visits order="12541">2</rw-visits>
<rw-visits order="12617">1</rw-visits>
<rw-visits order="12693">1</rw-visits>
<rw-visits order="12769">1</rw-visits>
<rw-visits order="12845">1</rw-visits>
<rw-visits order="12921">1</rw-visits>
<rw-visits order="12997">1</rw-visits>
<rw-visits order="13073">1</rw-visits>
<rw-visits order="13149">1</rw-visits>
<rw-visits order="13225">1</rw-visits>
<rw-visits order="13301">1</rw-visits>
<rw-visits order="13377">1</rw-visits>
<rw-visits order="13453">1</rw-visits>
<rw-visits order="13529">1</rw-visits>
<rw-visits order="13605">1</rw-visits>
<rw-visits order="13681">1</rw-visits>
<rw-visits order="13757">1</rw-visits>
<rw-visits order="13833">1</rw-visits>
<rw-visits order="13909">1</rw-visits>
<rw-visits order="13985">1</rw-visits>
<rw-visits order="14061">1</rw-visits>
<rw-visits order="14137">1</rw-visits>
<rw-visits order="14213">1</rw-visits>
<rw-visits order="14289">1</rw-visits>
<rw-visits order="14365">1</rw-visits>
<rw-visits order="14441">1</rw-visits>
<rw-visits order="14517">1</rw-visits>
<rw-visits order="14593">1</rw-visits>
<rw-visits order="14669">1</rw-visits>
<rw-visits order="14745">1</rw-visits>
<rw-visits order="14821">1</rw-visits>
<rw-visits order="14897">1</rw-visits>
<rw-visits order="14973">1</rw-visits>
<rw-visits order="15049">1</rw-visits>
<rw-visits order="15125">1</rw-visits>
<rw-visits order="15201">1</rw-visits>
<rw-visits order="15277">1</rw-visits>
<rw-visits order="15353">1</rw-visits>
<final-coverage>75.252</final-coverage>
</rw-info>
<local-info>
<diamonds>100</diamonds>
<neighborhood k="4">42</neighborhood>
<clustering k="4">1.80306</clustering>
</local-info>
<label-info>
<edge-label id="0.0+3.12">1177</edge-label>
<edge-label id="0.0+3.3">1177</edge-label>
<edge-label id="0.0+4.12">602</edge-label>
<edge-label id="0.0+4.3">602</edge-label>
<edge-label id="0.0+5.12">418</edge-label>
<edge-label id="0.0+5.3">418</edge-label>
<edge-label id="0.2+3.1">2354</edge-label>
<edge-label id="0.2+3.11">1177</edge-label>
<edge-label id="0.2+3.24">1177</edge-label>
<edge-label id="0.3+4.12">160</edge-label>
<edge-label id="0.3+4.3">160</edge-label>
<edge-label id="0.3+5.12">120</edge-label>
<edge-label id="0.3+5.3">120</edge-label>
<edge-label id="0.4+4.12">160</edge-label>
<edge-label id="0.4+4.3">160</edge-label>
<edge-label id="0.4+5.12">120</edge-label>
<edge-label id="0.4+5.3">120</edge-label>
<edge-label id="1.0+3.16">897</edge-label>
<edge-label id="1.0+3.19">817</edge-label>
<edge-label id="1.0+4.13">762</edge-label>
<edge-label id="1.0+4.4">560</edge-label>
<edge-label id="1.0+5.13">398</edge-label>
<edge-label id="1.0+5.4">359</edge-label>
<edge-label id="1.2+4.1">2286</edge-label>
<edge-label id="1.2+4.11">2286</edge-label>
<edge-label id="1.2+4.24">762</edge-label>
<edge-label id="1.3+3.16">280</edge-label>
<edge-label id="1.3+3.19">280</edge-label>
<edge-label id="1.3+5.13">140</edge-label>
<edge-label id="1.3+5.4">119</edge-label>
<edge-label id="1.4+3.16">280</edge-label>
<edge-label id="1.4+3.19">280</edge-label>
<edge-label id="1.4+5.13">140</edge-label>
<edge-label id="1.4+5.4">119</edge-label>
<edge-label id="2.0+3.17">600</edge-label>
<edge-label id="2.0+3.20">556</edge-label>
<edge-label id="2.0+4.17">420</edge-label>
<edge-label id="2.0+4.20">392</edge-label>
<edge-label id="2.0+5.14">538</edge-label>
<edge-label id="2.0+5.5">436</edge-label>
<edge-label id="2.2+5.1">2152</edge-label>
<edge-label id="2.2+5.11">2690</edge-label>
<edge-label id="2.2+5.24">538</edge-label>
<edge-label id="2.3+3.17">200</edge-label>
<edge-label id="2.3+3.20">200</edge-label>
<edge-label id="2.3+4.17">140</edge-label>
<edge-label id="2.3+4.20">140</edge-label>
<edge-label id="2.4+3.17">200</edge-label>
<edge-label id="2.4+3.20">200</edge-label>
<edge-label id="2.4+4.17">140</edge-label>
<edge-label id="2.4+4.20">140</edge-label>
<edge-label id="3.0+0.1">2354</edge-label>
<edge-label id="3.10+0.1">1177</edge-label>
<edge-label id="3.2">1177</edge-label>
<edge-label id="3.21">1360</edge-label>
<edge-label id="3.22">560</edge-label>
<edge-label id="3.23+0.1">560</edge-label>
<edge-label id="3.7">1177</edge-label>
<edge-label id="3.8">1177</edge-label>
<edge-label id="3.9">1177</edge-label>
<edge-label id="4.0+1.1">2244</edge-label>
<edge-label id="4.10+1.1">2084</edge-label>
<edge-label id="4.2">560</edge-label>
<edge-label id="4.21">462</edge-label>
<edge-label id="4.22">462</edge-label>
<edge-label id="4.23+1.1">462</edge-label>
<edge-label id="4.6">560</edge-label>
<edge-label id="4.7">1322</edge-label>
<edge-label id="4.8">2084</edge-label>
<edge-label id="4.9">1482</edge-label>
<edge-label id="5.0+2.1">2118</edge-label>
<edge-label id="5.10+2.1">2526</edge-label>
<edge-label id="5.2">436</edge-label>
<edge-label id="5.22">436</edge-label>
<edge-label id="5.23+2.1">436</edge-label>
<edge-label id="5.6">914</edge-label>
<edge-label id="5.7">1452</edge-label>
<edge-label id="5.8">2526</edge-label>
<edge-label id="5.9">1580</edge-label>
<state-labels procid="0">
<label id="[]">20434</label>
</state-labels><state-labels procid="1">
<label id="[0,0,0]">4708</label>
<label id="[0,1,1]">11018</label>
<label id="[1,0,1]">2354</label>
<label id="[1,1,0]">2354</label>
</state-labels><state-labels procid="2">
<label id="[0,0,0]">6774</label>
<label id="[0,1,1]">8326</label>
<label id="[1,0,0]">762</label>
<label id="[1,0,1]">2286</label>
<label id="[1,1,0]">2286</label>
</state-labels><state-labels procid="3">
<label id="[0,0,0]">7460</label>
<label id="[0,1,1]">7594</label>
<label id="[1,0,0]">1076</label>
<label id="[1,0,1]">2152</label>
<label id="[1,1,0]">2152</label>
</state-labels><state-labels procid="4">
<label id="[0,0,0]">1177</label>
<label id="[0,3,0]">1177</label>
<label id="[1,0,0]">1177</label>
<label id="[1,3,0]">1177</label>
<label id="[10,3,0]">560</label>
<label id="[11,3,0]">1177</label>
<label id="[2,0,0]">1177</label>
<label id="[3,1,0]">1177</label>
<label id="[3,2,0]">800</label>
<label id="[3,3,0]">560</label>
<label id="[4,0,1]">1177</label>
<label id="[5,0,0]">1177</label>
<label id="[5,0,1]">1177</label>
<label id="[6,0,1]">1177</label>
<label id="[7,0,1]">1177</label>
<label id="[8,0,1]">1177</label>
<label id="[9,1,0]">800</label>
<label id="[9,1,1]">1097</label>
<label id="[9,2,0]">560</label>
<label id="[9,2,1]">756</label>
</state-labels><state-labels procid="5">
<label id="[0,0,0]">720</label>
<label id="[0,1,0]">762</label>
<label id="[0,3,0]">762</label>
<label id="[1,0,0]">762</label>
<label id="[1,1,0]">762</label>
<label id="[1,3,0]">762</label>
<label id="[10,3,0]">462</label>
<label id="[11,3,0]">762</label>
<label id="[2,0,0]">762</label>
<label id="[2,1,0]">560</label>
<label id="[3,2,0]">560</label>
<label id="[3,3,0]">462</label>
<label id="[4,0,0]">560</label>
<label id="[4,0,1]">762</label>
<label id="[4,1,1]">560</label>
<label id="[5,0,0]">720</label>
<label id="[5,0,1]">1524</label>
<label id="[5,1,0]">762</label>
<label id="[5,1,1]">560</label>
<label id="[6,0,1]">1524</label>
<label id="[6,1,1]">560</label>
<label id="[7,0,1]">762</label>
<label id="[7,1,1]">762</label>
<label id="[8,0,1]">1524</label>
<label id="[8,1,1]">762</label>
<label id="[9,2,0]">462</label>
<label id="[9,2,1]">532</label>
</state-labels><state-labels procid="6">
<label id="[0,0,0]">518</label>
<label id="[0,1,0]">524</label>
<label id="[0,2,0]">538</label>
<label id="[0,3,0]">538</label>
<label id="[1,0,0]">538</label>
<label id="[1,1,0]">538</label>
<label id="[1,2,0]">538</label>
<label id="[1,3,0]">538</label>
<label id="[10,3,0]">436</label>
<label id="[11,3,0]">538</label>
<label id="[2,0,0]">538</label>
<label id="[2,1,0]">478</label>
<label id="[2,2,0]">436</label>
<label id="[3,3,0]">436</label>
<label id="[4,0,0]">478</label>
<label id="[4,0,1]">538</label>
<label id="[4,1,0]">436</label>
<label id="[4,1,1]">478</label>
<label id="[4,2,1]">436</label>
<label id="[5,0,0]">518</label>
<label id="[5,0,1]">1076</label>
<label id="[5,1,0]">524</label>
<label id="[5,1,1]">1014</label>
<label id="[5,2,0]">538</label>
<label id="[5,2,1]">436</label>
<label id="[6,0,1]">1076</label>
<label id="[6,1,1]">1014</label>
<label id="[6,2,1]">436</label>
<label id="[7,0,1]">538</label>
<label id="[7,1,1]">538</label>
<label id="[7,2,1]">538</label>
<label id="[8,0,1]">1076</label>
<label id="[8,1,1]">1076</label>
<label id="[8,2,1]">538</label>
</state-labels></label-info>
</state-space-info>
