<?xml version="1.0"?>
<!DOCTYPE state-space-info SYSTEM "../../state_space_info.dtd">


<state-space-info>
<states>4966</states>
<edges>9387</edges>
<bfs-info>
 <levels>39</levels>
<max-level>264</max-level>

<back-level-edges>0</back-level-edges>
<max-back-level-edge>0</max-back-level-edge>
<avg-back-level-edge>nan</avg-back-level-edge>
<bfs-levels>
<level id="0"><states>1</states><edges>3</edges></level>
<level id="1"><states>3</states><edges>9</edges></level>
<level id="2"><states>9</states><edges>27</edges></level>
<level id="3"><states>18</states><edges>54</edges></level>
<level id="4"><states>30</states><edges>78</edges></level>
<level id="5"><states>51</states><edges>117</edges></level>
<level id="6"><states>75</states><edges>159</edges></level>
<level id="7"><states>102</states><edges>225</edges></level>
<level id="8"><states>126</states><edges>288</edges></level>
<level id="9"><states>153</states><edges>354</edges></level>
<level id="10"><states>183</states><edges>411</edges></level>
<level id="11"><states>216</states><edges>474</edges></level>
<level id="12"><states>231</states><edges>495</edges></level>
<level id="13"><states>228</states><edges>489</edges></level>
<level id="14"><states>219</states><edges>471</edges></level>
<level id="15"><states>216</states><edges>459</edges></level>
<level id="16"><states>219</states><edges>453</edges></level>
<level id="17"><states>219</states><edges>444</edges></level>
<level id="18"><states>222</states><edges>450</edges></level>
<level id="19"><states>234</states><edges>471</edges></level>
<level id="20"><states>246</states><edges>462</edges></level>
<level id="21"><states>264</states><edges>477</edges></level>
<level id="22"><states>258</states><edges>432</edges></level>
<level id="23"><states>228</states><edges>375</edges></level>
<level id="24"><states>189</states><edges>327</edges></level>
<level id="25"><states>177</states><edges>285</edges></level>
<level id="26"><states>153</states><edges>228</edges></level>
<level id="27"><states>126</states><edges>174</edges></level>
<level id="28"><states>102</states><edges>120</edges></level>
<level id="29"><states>72</states><edges>108</edges></level>
<level id="30"><states>60</states><edges>84</edges></level>
<level id="31"><states>60</states><edges>84</edges></level>
<level id="32"><states>60</states><edges>72</edges></level>
<level id="33"><states>48</states><edges>48</edges></level>
<level id="34"><states>36</states><edges>48</edges></level>
<level id="35"><states>36</states><edges>48</edges></level>
<level id="36"><states>36</states><edges>48</edges></level>
<level id="37"><states>36</states><edges>36</edges></level>
<level id="38"><states>24</states><edges>0</edges></level>
</bfs-levels>
<back-level-length id="0">nan</back-level-length>
</bfs-info>
<degrees>
<avg>1.89025</avg>
<max-in>5</max-in>
<max-out>3</max-out>
<degree id="0"><in>1</in><out>96</out></degree>
<degree id="1"><in>1608</in><out>1233</out></degree>
<degree id="2"><in>2403</in><out>2757</out></degree>
<degree id="3"><in>888</in><out>880</out></degree>
<degree id="4"><in>21</in><out>0</out></degree>
<degree id="5"><in>45</in><out>0</out></degree>
</degrees>
<scc-info>
<count>4966</count>
<height>38</height>
<nontrivial-height>0</nontrivial-height>
<trivial>4966</trivial>
<terminal>96</terminal>
<largest>1</largest>
<largest-position> terminal</largest-position>
</scc-info>
<dfs-info>
<stack-size id="24">0.241643</stack-size>
<stack-size id="48">0.161095</stack-size>
<stack-size id="72">0.322191</stack-size>
<stack-size id="96">0.201369</stack-size>
<stack-size id="120">0.402739</stack-size>
<stack-size id="144">0.281917</stack-size>
<stack-size id="168">0.463149</stack-size>
<stack-size id="192">0.140959</stack-size>
<stack-size id="216">0.342328</stack-size>
<stack-size id="240">0.52356</stack-size>
<stack-size id="264">0.402739</stack-size>
<stack-size id="288">0.382602</stack-size>
<stack-size id="312">0.342328</stack-size>
<stack-size id="336">0.100685</stack-size>
<stack-size id="360">0.583971</stack-size>
<stack-size id="384">0.503423</stack-size>
<stack-size id="408">0.422876</stack-size>
<stack-size id="432">0.402739</stack-size>
<stack-size id="456">0.604108</stack-size>
<stack-size id="480">0.503423</stack-size>
<stack-size id="504">0.443012</stack-size>
<stack-size id="528">0.583971</stack-size>
<stack-size id="552">0.684656</stack-size>
<stack-size id="576">0.583971</stack-size>
<stack-size id="600">0.664519</stack-size>
<stack-size id="624">0.463149</stack-size>
<stack-size id="648">0.26178</stack-size>
<stack-size id="672">0.322191</stack-size>
<stack-size id="696">0.563834</stack-size>
<stack-size id="720">0.463149</stack-size>
<stack-size id="744">0.402739</stack-size>
<stack-size id="768">0.201369</stack-size>
<stack-size id="792">0.161095</stack-size>
<stack-size id="816">0.26178</stack-size>
<stack-size id="840">0.281917</stack-size>
<stack-size id="864">0.483286</stack-size>
<stack-size id="888">0.382602</stack-size>
<stack-size id="912">0.281917</stack-size>
<stack-size id="936">0.483286</stack-size>
<stack-size id="960">0.382602</stack-size>
<stack-size id="984">0.281917</stack-size>
<stack-size id="1008">0.463149</stack-size>
<stack-size id="1032">0.422876</stack-size>
<stack-size id="1056">0.221506</stack-size>
<stack-size id="1080">0.422876</stack-size>
<stack-size id="1104">0.322191</stack-size>
<stack-size id="1128">0.402739</stack-size>
<stack-size id="1152">0.302054</stack-size>
<stack-size id="1176">0.181232</stack-size>
<stack-size id="1200">0.422876</stack-size>
<stack-size id="1224">0.322191</stack-size>
<stack-size id="1248">0.0805477</stack-size>
<stack-size id="1272">0.443012</stack-size>
<stack-size id="1296">0.181232</stack-size>
<stack-size id="1320">0.181232</stack-size>
<stack-size id="1344">0.281917</stack-size>
<stack-size id="1368">0.543697</stack-size>
<stack-size id="1392">0.443012</stack-size>
<stack-size id="1416">0.382602</stack-size>
<stack-size id="1440">0.281917</stack-size>
<stack-size id="1464">0.382602</stack-size>
<stack-size id="1488">0.422876</stack-size>
<stack-size id="1512">0.443012</stack-size>
<stack-size id="1536">0.342328</stack-size>
<stack-size id="1560">0.422876</stack-size>
<stack-size id="1584">0.322191</stack-size>
<stack-size id="1608">0.322191</stack-size>
<stack-size id="1632">0.302054</stack-size>
<stack-size id="1656">0.402739</stack-size>
<stack-size id="1680">0.443012</stack-size>
<stack-size id="1704">0.26178</stack-size>
<stack-size id="1728">0.483286</stack-size>
<stack-size id="1752">0.201369</stack-size>
<stack-size id="1776">0.503423</stack-size>
<stack-size id="1800">0.503423</stack-size>
<stack-size id="1824">0.563834</stack-size>
<stack-size id="1848">0.765203</stack-size>
<stack-size id="1872">0.463149</stack-size>
<stack-size id="1896">0.422876</stack-size>
<stack-size id="1920">0.624245</stack-size>
<stack-size id="1944">0.624245</stack-size>
<stack-size id="1968">0.503423</stack-size>
<stack-size id="1992">0.463149</stack-size>
<stack-size id="2016">0.52356</stack-size>
<stack-size id="2040">0.483286</stack-size>
<stack-size id="2064">0.443012</stack-size>
<stack-size id="2088">0.382602</stack-size>
<stack-size id="2112">0.402739</stack-size>
<stack-size id="2136">0.322191</stack-size>
<stack-size id="2160">0.281917</stack-size>
<stack-size id="2184">0.201369</stack-size>
<stack-size id="2208">0.281917</stack-size>
<stack-size id="2232">0.181232</stack-size>
<stack-size id="2256">0.181232</stack-size>
<stack-size id="2280">0.181232</stack-size>
<stack-size id="2304">0.281917</stack-size>
<stack-size id="2328">0.281917</stack-size>
<stack-size id="2352">0.26178</stack-size>
<stack-size id="2376">0.221506</stack-size>
<stack-size id="2400">0.120822</stack-size>
<stack-size id="2424">0.302054</stack-size>
<stack-size id="2448">0.483286</stack-size>
<stack-size id="2472">0.422876</stack-size>
<stack-size id="2496">0.362465</stack-size>
<stack-size id="2520">0.362465</stack-size>
<stack-size id="2544">0.26178</stack-size>
<stack-size id="2568">0.664519</stack-size>
<stack-size id="2592">0.563834</stack-size>
<stack-size id="2616">0.563834</stack-size>
<stack-size id="2640">0.543697</stack-size>
<stack-size id="2664">0.52356</stack-size>
<stack-size id="2688">0.624245</stack-size>
<stack-size id="2712">0.52356</stack-size>
<stack-size id="2736">0.604108</stack-size>
<stack-size id="2760">0.563834</stack-size>
<stack-size id="2784">0.382602</stack-size>
<stack-size id="2808">0.26178</stack-size>
<stack-size id="2832">0.0805477</stack-size>
<stack-size id="2856">0.281917</stack-size>
<stack-size id="2880">0.281917</stack-size>
<stack-size id="2904">0.483286</stack-size>
<stack-size id="2928">0.463149</stack-size>
<stack-size id="2952">0.342328</stack-size>
<stack-size id="2976">0.52356</stack-size>
<stack-size id="3000">0.422876</stack-size>
<stack-size id="3024">0.241643</stack-size>
<stack-size id="3048">0.322191</stack-size>
<stack-size id="3072">0.26178</stack-size>
<stack-size id="3096">0.26178</stack-size>
<stack-size id="3120">0.443012</stack-size>
<stack-size id="3144">0.402739</stack-size>
<stack-size id="3168">0.362465</stack-size>
<stack-size id="3192">0.52356</stack-size>
<stack-size id="3216">0.463149</stack-size>
<stack-size id="3240">0.52356</stack-size>
<stack-size id="3264">0.422876</stack-size>
<stack-size id="3288">0.52356</stack-size>
<stack-size id="3312">0.342328</stack-size>
<stack-size id="3336">0.302054</stack-size>
<stack-size id="3360">0.26178</stack-size>
<stack-size id="3384">0.221506</stack-size>
<stack-size id="3408">0.342328</stack-size>
<stack-size id="3432">0.302054</stack-size>
<stack-size id="3456">0.26178</stack-size>
<stack-size id="3480">0.221506</stack-size>
<stack-size id="3504">0.241643</stack-size>
<stack-size id="3528">0.181232</stack-size>
<stack-size id="3552">0.543697</stack-size>
<stack-size id="3576">0.664519</stack-size>
<stack-size id="3600">0.72493</stack-size>
<stack-size id="3624">0.624245</stack-size>
<stack-size id="3648">0.362465</stack-size>
<stack-size id="3672">0.583971</stack-size>
<stack-size id="3696">0.684656</stack-size>
<stack-size id="3720">0.583971</stack-size>
<stack-size id="3744">0.664519</stack-size>
<stack-size id="3768">0.463149</stack-size>
<stack-size id="3792">0.422876</stack-size>
<stack-size id="3816">0.382602</stack-size>
<stack-size id="3840">0.322191</stack-size>
<stack-size id="3864">0.241643</stack-size>
<stack-size id="3888">0.281917</stack-size>
<stack-size id="3912">0.120822</stack-size>
<stack-size id="3936">0.201369</stack-size>
<stack-size id="3960">0.302054</stack-size>
<stack-size id="3984">0.302054</stack-size>
<stack-size id="4008">0.281917</stack-size>
<stack-size id="4032">0.241643</stack-size>
<stack-size id="4056">0.140959</stack-size>
<stack-size id="4080">0.322191</stack-size>
<stack-size id="4104">0.503423</stack-size>
<stack-size id="4128">0.422876</stack-size>
<stack-size id="4152">0.281917</stack-size>
<stack-size id="4176">0.382602</stack-size>
<stack-size id="4200">0.302054</stack-size>
<stack-size id="4224">0.684656</stack-size>
<stack-size id="4248">0.583971</stack-size>
<stack-size id="4272">0.583971</stack-size>
<stack-size id="4296">0.563834</stack-size>
<stack-size id="4320">0.543697</stack-size>
<stack-size id="4344">0.644382</stack-size>
<stack-size id="4368">0.543697</stack-size>
<stack-size id="4392">0.624245</stack-size>
<stack-size id="4416">0.583971</stack-size>
<stack-size id="4440">0.402739</stack-size>
<stack-size id="4464">0.281917</stack-size>
<stack-size id="4488">0.100685</stack-size>
<stack-size id="4512">0.281917</stack-size>
<stack-size id="4536">0.362465</stack-size>
<stack-size id="4560">0.422876</stack-size>
<stack-size id="4584">0.342328</stack-size>
<stack-size id="4608">0.624245</stack-size>
<stack-size id="4632">0.543697</stack-size>
<stack-size id="4656">0.745066</stack-size>
<stack-size id="4680">0.52356</stack-size>
<stack-size id="4704">0.52356</stack-size>
<stack-size id="4728">0.563834</stack-size>
<stack-size id="4752">0.765203</stack-size>
<stack-size id="4776">0.563834</stack-size>
<stack-size id="4800">0.463149</stack-size>
<stack-size id="4824">0.503423</stack-size>
<stack-size id="4848">0.161095</stack-size>
<stack-size id="4872">0.443012</stack-size>
<stack-size id="4896">0.241643</stack-size>
<stack-size id="4920">0.422876</stack-size>
<stack-size id="4944">0.120822</stack-size>
<max-stack>39</max-stack>
<front-edges>4965</front-edges>
<back-edges>0</back-edges>
<cross-edges>4422</cross-edges>
<shortest-cycle>-1</shortest-cycle>
</dfs-info>
<rw-info>
<coverage step="480">6.04108</coverage>
<coverage step="960">9.64559</coverage>
<coverage step="1440">12.787</coverage>
<coverage step="1920">15.2437</coverage>
<coverage step="2400">16.8143</coverage>
<coverage step="2880">18.3649</coverage>
<coverage step="3360">19.8752</coverage>
<coverage step="3840">20.6404</coverage>
<coverage step="4320">21.5667</coverage>
<coverage step="4800">22.1104</coverage>
<coverage step="5280">22.936</coverage>
<coverage step="5760">24.0234</coverage>
<coverage step="6240">24.6275</coverage>
<coverage step="6720">25.3927</coverage>
<coverage step="7200">26.3592</coverage>
<coverage step="7680">27.3862</coverage>
<coverage step="8160">28.3125</coverage>
<coverage step="8640">28.8562</coverage>
<coverage step="9120">29.4402</coverage>
<coverage step="9600">29.6818</coverage>
<coverage step="10080">30.6484</coverage>
<coverage step="10560">31.2122</coverage>
<coverage step="11040">31.8164</coverage>
<coverage step="11520">32.2795</coverage>
<coverage step="12000">32.9239</coverage>
<coverage step="12480">33.4273</coverage>
<coverage step="12960">34.2328</coverage>
<coverage step="13440">34.9376</coverage>
<coverage step="13920">35.8035</coverage>
<coverage step="14400">36.0652</coverage>
<coverage step="14880">36.6089</coverage>
<coverage step="15360">36.8103</coverage>
<coverage step="15840">37.5151</coverage>
<coverage step="16320">37.6158</coverage>
<coverage step="16800">37.9581</coverage>
<coverage step="17280">38.9046</coverage>
<coverage step="17760">39.1462</coverage>
<coverage step="18240">39.6496</coverage>
<coverage step="18720">40.3141</coverage>
<coverage step="19200">40.5759</coverage>
<coverage step="19680">41.1196</coverage>
<coverage step="20160">41.321</coverage>
<coverage step="20640">41.5224</coverage>
<coverage step="21120">41.8445</coverage>
<coverage step="21600">42.4084</coverage>
<coverage step="22080">43.1534</coverage>
<coverage step="22560">43.4354</coverage>
<coverage step="23040">44.0596</coverage>
<coverage step="23520">44.5832</coverage>
<coverage step="24000">44.9054</coverage>
<coverage step="24480">44.9658</coverage>
<coverage step="24960">45.4088</coverage>
<coverage step="25440">45.9122</coverage>
<coverage step="25920">46.1538</coverage>
<coverage step="26400">46.174</coverage>
<coverage step="26880">46.4358</coverage>
<coverage step="27360">46.6573</coverage>
<coverage step="27840">46.8385</coverage>
<coverage step="28320">47.1204</coverage>
<coverage step="28800">47.7447</coverage>
<coverage step="29280">47.8655</coverage>
<coverage step="29760">47.946</coverage>
<coverage step="30240">48.1273</coverage>
<coverage step="30720">48.8522</coverage>
<coverage step="31200">48.9529</coverage>
<coverage step="31680">49.0737</coverage>
<coverage step="32160">49.114</coverage>
<coverage step="32640">49.2751</coverage>
<coverage step="33120">49.3959</coverage>
<coverage step="33600">49.9597</coverage>
<coverage step="34080">50.2014</coverage>
<coverage step="34560">50.2416</coverage>
<coverage step="35040">50.3021</coverage>
<coverage step="35520">50.6242</coverage>
<coverage step="36000">51.0874</coverage>
<coverage step="36480">51.5505</coverage>
<coverage step="36960">51.6714</coverage>
<coverage step="37440">51.7519</coverage>
<coverage step="37920">51.9533</coverage>
<coverage step="38400">52.2352</coverage>
<coverage step="38880">52.4567</coverage>
<coverage step="39360">52.497</coverage>
<coverage step="39840">52.5171</coverage>
<coverage step="40320">52.7386</coverage>
<coverage step="40800">52.7789</coverage>
<coverage step="41280">52.94</coverage>
<coverage step="41760">53.383</coverage>
<coverage step="42240">53.4031</coverage>
<coverage step="42720">53.4031</coverage>
<coverage step="43200">53.4233</coverage>
<coverage step="43680">53.9066</coverage>
<coverage step="44160">53.9871</coverage>
<coverage step="44640">54.0878</coverage>
<coverage step="45120">54.1885</coverage>
<coverage step="45600">54.2288</coverage>
<coverage step="46080">54.3093</coverage>
<coverage step="46560">54.3294</coverage>
<coverage step="47040">54.3697</coverage>
<coverage step="47520">54.712</coverage>
<coverage step="48000">54.712</coverage>
<coverage step="48480">54.7725</coverage>
<coverage step="48960">54.8329</coverage>
<coverage step="49440">55.0342</coverage>
<rw-visits order="1">1955</rw-visits>
<rw-visits order="14">297</rw-visits>
<rw-visits order="27">248</rw-visits>
<rw-visits order="40">202</rw-visits>
<rw-visits order="53">158</rw-visits>
<rw-visits order="66">150</rw-visits>
<rw-visits order="79">144</rw-visits>
<rw-visits order="92">138</rw-visits>
<rw-visits order="105">126</rw-visits>
<rw-visits order="118">116</rw-visits>
<rw-visits order="131">105</rw-visits>
<rw-visits order="144">82</rw-visits>
<rw-visits order="157">72</rw-visits>
<rw-visits order="170">68</rw-visits>
<rw-visits order="183">61</rw-visits>
<rw-visits order="196">55</rw-visits>
<rw-visits order="209">47</rw-visits>
<rw-visits order="222">43</rw-visits>
<rw-visits order="235">40</rw-visits>
<rw-visits order="248">39</rw-visits>
<rw-visits order="261">37</rw-visits>
<rw-visits order="274">37</rw-visits>
<rw-visits order="287">37</rw-visits>
<rw-visits order="300">36</rw-visits>
<rw-visits order="313">35</rw-visits>
<rw-visits order="326">34</rw-visits>
<rw-visits order="339">33</rw-visits>
<rw-visits order="352">32</rw-visits>
<rw-visits order="365">30</rw-visits>
<rw-visits order="378">30</rw-visits>
<rw-visits order="391">29</rw-visits>
<rw-visits order="404">28</rw-visits>
<rw-visits order="417">27</rw-visits>
<rw-visits order="430">26</rw-visits>
<rw-visits order="443">25</rw-visits>
<rw-visits order="456">25</rw-visits>
<rw-visits order="469">24</rw-visits>
<rw-visits order="482">24</rw-visits>
<rw-visits order="495">23</rw-visits>
<rw-visits order="508">22</rw-visits>
<rw-visits order="521">21</rw-visits>
<rw-visits order="534">21</rw-visits>
<rw-visits order="547">20</rw-visits>
<rw-visits order="560">19</rw-visits>
<rw-visits order="573">18</rw-visits>
<rw-visits order="586">18</rw-visits>
<rw-visits order="599">17</rw-visits>
<rw-visits order="612">16</rw-visits>
<rw-visits order="625">15</rw-visits>
<rw-visits order="638">15</rw-visits>
<rw-visits order="651">15</rw-visits>
<rw-visits order="664">14</rw-visits>
<rw-visits order="677">14</rw-visits>
<rw-visits order="690">13</rw-visits>
<rw-visits order="703">13</rw-visits>
<rw-visits order="716">13</rw-visits>
<rw-visits order="729">12</rw-visits>
<rw-visits order="742">12</rw-visits>
<rw-visits order="755">12</rw-visits>
<rw-visits order="768">11</rw-visits>
<rw-visits order="781">11</rw-visits>
<rw-visits order="794">11</rw-visits>
<rw-visits order="807">11</rw-visits>
<rw-visits order="820">10</rw-visits>
<rw-visits order="833">10</rw-visits>
<rw-visits order="846">10</rw-visits>
<rw-visits order="859">10</rw-visits>
<rw-visits order="872">9</rw-visits>
<rw-visits order="885">9</rw-visits>
<rw-visits order="898">9</rw-visits>
<rw-visits order="911">9</rw-visits>
<rw-visits order="924">8</rw-visits>
<rw-visits order="937">8</rw-visits>
<rw-visits order="950">8</rw-visits>
<rw-visits order="963">8</rw-visits>
<rw-visits order="976">8</rw-visits>
<rw-visits order="989">7</rw-visits>
<rw-visits order="1002">7</rw-visits>
<rw-visits order="1015">7</rw-visits>
<rw-visits order="1028">7</rw-visits>
<rw-visits order="1041">7</rw-visits>
<rw-visits order="1054">7</rw-visits>
<rw-visits order="1067">7</rw-visits>
<rw-visits order="1080">7</rw-visits>
<rw-visits order="1093">6</rw-visits>
<rw-visits order="1106">6</rw-visits>
<rw-visits order="1119">6</rw-visits>
<rw-visits order="1132">6</rw-visits>
<rw-visits order="1145">6</rw-visits>
<rw-visits order="1158">6</rw-visits>
<rw-visits order="1171">6</rw-visits>
<rw-visits order="1184">6</rw-visits>
<rw-visits order="1197">6</rw-visits>
<rw-visits order="1210">6</rw-visits>
<rw-visits order="1223">5</rw-visits>
<rw-visits order="1236">5</rw-visits>
<rw-visits order="1249">5</rw-visits>
<rw-visits order="1262">5</rw-visits>
<rw-visits order="1275">5</rw-visits>
<rw-visits order="1288">5</rw-visits>
<rw-visits order="1301">5</rw-visits>
<rw-visits order="1314">5</rw-visits>
<rw-visits order="1327">5</rw-visits>
<rw-visits order="1340">5</rw-visits>
<rw-visits order="1353">4</rw-visits>
<rw-visits order="1366">4</rw-visits>
<rw-visits order="1379">4</rw-visits>
<rw-visits order="1392">4</rw-visits>
<rw-visits order="1405">4</rw-visits>
<rw-visits order="1418">4</rw-visits>
<rw-visits order="1431">4</rw-visits>
<rw-visits order="1444">4</rw-visits>
<rw-visits order="1457">4</rw-visits>
<rw-visits order="1470">4</rw-visits>
<rw-visits order="1483">4</rw-visits>
<rw-visits order="1496">4</rw-visits>
<rw-visits order="1509">4</rw-visits>
<rw-visits order="1522">4</rw-visits>
<rw-visits order="1535">3</rw-visits>
<rw-visits order="1548">3</rw-visits>
<rw-visits order="1561">3</rw-visits>
<rw-visits order="1574">3</rw-visits>
<rw-visits order="1587">3</rw-visits>
<rw-visits order="1600">3</rw-visits>
<rw-visits order="1613">3</rw-visits>
<rw-visits order="1626">3</rw-visits>
<rw-visits order="1639">3</rw-visits>
<rw-visits order="1652">3</rw-visits>
<rw-visits order="1665">3</rw-visits>
<rw-visits order="1678">3</rw-visits>
<rw-visits order="1691">3</rw-visits>
<rw-visits order="1704">3</rw-visits>
<rw-visits order="1717">3</rw-visits>
<rw-visits order="1730">3</rw-visits>
<rw-visits order="1743">3</rw-visits>
<rw-visits order="1756">3</rw-visits>
<rw-visits order="1769">2</rw-visits>
<rw-visits order="1782">2</rw-visits>
<rw-visits order="1795">2</rw-visits>
<rw-visits order="1808">2</rw-visits>
<rw-visits order="1821">2</rw-visits>
<rw-visits order="1834">2</rw-visits>
<rw-visits order="1847">2</rw-visits>
<rw-visits order="1860">2</rw-visits>
<rw-visits order="1873">2</rw-visits>
<rw-visits order="1886">2</rw-visits>
<rw-visits order="1899">2</rw-visits>
<rw-visits order="1912">2</rw-visits>
<rw-visits order="1925">2</rw-visits>
<rw-visits order="1938">2</rw-visits>
<rw-visits order="1951">2</rw-visits>
<rw-visits order="1964">2</rw-visits>
<rw-visits order="1977">2</rw-visits>
<rw-visits order="1990">2</rw-visits>
<rw-visits order="2003">2</rw-visits>
<rw-visits order="2016">2</rw-visits>
<rw-visits order="2029">2</rw-visits>
<rw-visits order="2042">2</rw-visits>
<rw-visits order="2055">2</rw-visits>
<rw-visits order="2068">2</rw-visits>
<rw-visits order="2081">2</rw-visits>
<rw-visits order="2094">2</rw-visits>
<rw-visits order="2107">1</rw-visits>
<rw-visits order="2120">1</rw-visits>
<rw-visits order="2133">1</rw-visits>
<rw-visits order="2146">1</rw-visits>
<rw-visits order="2159">1</rw-visits>
<rw-visits order="2172">1</rw-visits>
<rw-visits order="2185">1</rw-visits>
<rw-visits order="2198">1</rw-visits>
<rw-visits order="2211">1</rw-visits>
<rw-visits order="2224">1</rw-visits>
<rw-visits order="2237">1</rw-visits>
<rw-visits order="2250">1</rw-visits>
<rw-visits order="2263">1</rw-visits>
<rw-visits order="2276">1</rw-visits>
<rw-visits order="2289">1</rw-visits>
<rw-visits order="2302">1</rw-visits>
<rw-visits order="2315">1</rw-visits>
<rw-visits order="2328">1</rw-visits>
<rw-visits order="2341">1</rw-visits>
<rw-visits order="2354">1</rw-visits>
<rw-visits order="2367">1</rw-visits>
<rw-visits order="2380">1</rw-visits>
<rw-visits order="2393">1</rw-visits>
<rw-visits order="2406">1</rw-visits>
<rw-visits order="2419">1</rw-visits>
<rw-visits order="2432">1</rw-visits>
<rw-visits order="2445">1</rw-visits>
<rw-visits order="2458">1</rw-visits>
<rw-visits order="2471">1</rw-visits>
<rw-visits order="2484">1</rw-visits>
<rw-visits order="2497">1</rw-visits>
<rw-visits order="2510">1</rw-visits>
<rw-visits order="2523">1</rw-visits>
<rw-visits order="2536">1</rw-visits>
<rw-visits order="2549">1</rw-visits>
<rw-visits order="2562">1</rw-visits>
<rw-visits order="2575">1</rw-visits>
<rw-visits order="2588">1</rw-visits>
<rw-visits order="2601">1</rw-visits>
<rw-visits order="2614">1</rw-visits>
<rw-visits order="2627">1</rw-visits>
<rw-visits order="2640">1</rw-visits>
<rw-visits order="2653">1</rw-visits>
<rw-visits order="2666">1</rw-visits>
<rw-visits order="2679">1</rw-visits>
<rw-visits order="2692">1</rw-visits>
<rw-visits order="2705">1</rw-visits>
<rw-visits order="2718">1</rw-visits>
<rw-visits order="2731">1</rw-visits>
<final-coverage>55.0342</final-coverage>
</rw-info>
<local-info>
<diamonds>70.1973</diamonds>
<neighborhood k="4">12</neighborhood>
<clustering k="4">1.34084</clustering>
</local-info>
<label-info>
<edge-label id="0.0">464</edge-label>
<edge-label id="0.1">309</edge-label>
<edge-label id="0.2">568</edge-label>
<edge-label id="0.3">278</edge-label>
<edge-label id="0.4">278</edge-label>
<edge-label id="0.5">390</edge-label>
<edge-label id="0.6">309</edge-label>
<edge-label id="0.7">122</edge-label>
<edge-label id="0.8">174</edge-label>
<edge-label id="0.9">237</edge-label>
<edge-label id="1.0">464</edge-label>
<edge-label id="1.1">309</edge-label>
<edge-label id="1.2">568</edge-label>
<edge-label id="1.3">278</edge-label>
<edge-label id="1.4">278</edge-label>
<edge-label id="1.5">390</edge-label>
<edge-label id="1.6">309</edge-label>
<edge-label id="1.7">122</edge-label>
<edge-label id="1.8">174</edge-label>
<edge-label id="1.9">237</edge-label>
<edge-label id="2.0">464</edge-label>
<edge-label id="2.1">309</edge-label>
<edge-label id="2.2">568</edge-label>
<edge-label id="2.3">278</edge-label>
<edge-label id="2.4">278</edge-label>
<edge-label id="2.5">390</edge-label>
<edge-label id="2.6">309</edge-label>
<edge-label id="2.7">122</edge-label>
<edge-label id="2.8">174</edge-label>
<edge-label id="2.9">237</edge-label>
<state-labels procid="0">
<label id="[{0|0|0|0|0},{0|0|0|0|0},{0|0|0|0|0}]">19</label>
<label id="[{0|0|0|0|0},{0|0|0|0|0},{1|0|0|0|0}]">99</label>
<label id="[{0|0|0|0|0},{0|1|0|0|0},{1|0|0|0|0}]">91</label>
<label id="[{0|0|0|0|0},{0|1|1|0|0},{1|0|0|0|0}]">52</label>
<label id="[{0|0|0|0|0},{1|0|0|0|0},{0|0|0|0|0}]">177</label>
<label id="[{0|0|0|0|0},{1|0|0|0|0},{1|0|0|0|0}]">190</label>
<label id="[{0|0|0|0|0},{1|0|0|0|0},{1|1|0|0|0}]">14</label>
<label id="[{0|0|0|0|0},{1|0|1|0|0},{1|1|0|0|0}]">14</label>
<label id="[{0|0|0|0|0},{1|0|1|1|0},{1|1|0|0|0}]">8</label>
<label id="[{0|0|0|0|0},{1|1|0|0|0},{0|0|0|0|0}]">100</label>
<label id="[{0|0|0|0|0},{1|1|0|0|0},{1|0|0|0|0}]">230</label>
<label id="[{0|0|0|0|0},{1|1|0|0|0},{1|1|0|0|0}]">24</label>
<label id="[{0|0|0|0|0},{1|1|1|0|0},{1|0|0|0|0}]">144</label>
<label id="[{0|0|0|0|0},{1|1|1|0|0},{1|1|0|0|0}]">24</label>
<label id="[{0|0|0|0|0},{1|1|1|1|0},{1|1|0|0|0}]">16</label>
<label id="[{0|0|1|0|0},{1|1|0|0|0},{1|0|0|0|0}]">2</label>
<label id="[{0|0|1|0|0},{1|1|1|0|0},{1|0|0|0|0}]">4</label>
<label id="[{0|0|2|0|0},{1|1|0|0|0},{1|0|0|0|0}]">2</label>
<label id="[{0|0|2|0|0},{1|1|1|0|0},{1|0|0|0|0}]">4</label>
<label id="[{0|1|0|0|0},{0|0|0|0|0},{1|0|0|0|0}]">4</label>
<label id="[{0|1|0|0|0},{0|1|0|0|0},{1|0|0|0|0}]">10</label>
<label id="[{0|1|0|0|0},{1|0|0|0|0},{0|0|0|0|0}]">10</label>
<label id="[{0|1|0|0|0},{1|0|0|0|0},{1|0|0|0|0}]">14</label>
<label id="[{0|1|0|0|0},{1|0|0|0|0},{1|1|0|0|0}]">5</label>
<label id="[{0|1|0|0|0},{1|1|0|0|0},{0|0|0|0|0}]">20</label>
<label id="[{0|1|0|0|0},{1|1|0|0|0},{1|0|0|0|0}]">43</label>
<label id="[{0|1|0|0|0},{1|1|0|0|0},{1|1|0|0|0}]">8</label>
<label id="[{0|1|0|0|0},{1|1|1|0|0},{1|0|0|0|0}]">4</label>
<label id="[{0|1|1|0|0},{0|1|0|0|0},{1|0|0|0|0}]">4</label>
<label id="[{0|1|1|0|0},{0|1|1|0|0},{1|0|0|0|0}]">8</label>
<label id="[{0|1|1|0|0},{1|0|0|0|0},{1|1|0|0|0}]">2</label>
<label id="[{0|1|1|0|0},{1|0|1|0|0},{1|1|0|0|0}]">5</label>
<label id="[{0|1|1|0|0},{1|1|0|0|0},{1|0|0|0|0}]">18</label>
<label id="[{0|1|1|0|0},{1|1|0|0|0},{1|1|0|0|0}]">4</label>
<label id="[{0|1|1|0|0},{1|1|1|0|0},{1|0|0|0|0}]">36</label>
<label id="[{0|1|1|0|0},{1|1|1|0|0},{1|1|0|0|0}]">8</label>
<label id="[{0|1|1|1|0},{1|0|1|0|0},{1|1|0|0|0}]">2</label>
<label id="[{0|1|1|1|0},{1|0|1|1|0},{1|1|0|0|0}]">4</label>
<label id="[{0|1|1|1|0},{1|1|1|0|0},{1|1|0|0|0}]">4</label>
<label id="[{0|1|1|1|0},{1|1|1|1|0},{1|1|0|0|0}]">8</label>
<label id="[{0|2|0|0|0},{0|0|0|0|0},{1|0|0|0|0}]">4</label>
<label id="[{0|2|0|0|0},{0|1|0|0|0},{1|0|0|0|0}]">10</label>
<label id="[{0|2|0|0|0},{1|0|0|0|0},{0|0|0|0|0}]">10</label>
<label id="[{0|2|0|0|0},{1|0|0|0|0},{1|0|0|0|0}]">14</label>
<label id="[{0|2|0|0|0},{1|0|0|0|0},{1|1|0|0|0}]">5</label>
<label id="[{0|2|0|0|0},{1|1|0|0|0},{0|0|0|0|0}]">20</label>
<label id="[{0|2|0|0|0},{1|1|0|0|0},{1|0|0|0|0}]">43</label>
<label id="[{0|2|0|0|0},{1|1|0|0|0},{1|1|0|0|0}]">8</label>
<label id="[{0|2|0|0|0},{1|1|1|0|0},{1|0|0|0|0}]">4</label>
<label id="[{0|2|2|0|0},{0|1|0|0|0},{1|0|0|0|0}]">4</label>
<label id="[{0|2|2|0|0},{0|1|1|0|0},{1|0|0|0|0}]">8</label>
<label id="[{0|2|2|0|0},{1|0|0|0|0},{1|1|0|0|0}]">2</label>
<label id="[{0|2|2|0|0},{1|0|1|0|0},{1|1|0|0|0}]">5</label>
<label id="[{0|2|2|0|0},{1|1|0|0|0},{1|0|0|0|0}]">18</label>
<label id="[{0|2|2|0|0},{1|1|0|0|0},{1|1|0|0|0}]">4</label>
<label id="[{0|2|2|0|0},{1|1|1|0|0},{1|0|0|0|0}]">36</label>
<label id="[{0|2|2|0|0},{1|1|1|0|0},{1|1|0|0|0}]">8</label>
<label id="[{0|2|2|2|0},{1|0|1|0|0},{1|1|0|0|0}]">2</label>
<label id="[{0|2|2|2|0},{1|0|1|1|0},{1|1|0|0|0}]">4</label>
<label id="[{0|2|2|2|0},{1|1|1|0|0},{1|1|0|0|0}]">4</label>
<label id="[{0|2|2|2|0},{1|1|1|1|0},{1|1|0|0|0}]">8</label>
<label id="[{1|0|0|0|0},{0|0|0|0|0},{0|0|0|0|0}]">18</label>
<label id="[{1|0|0|0|0},{0|0|0|0|0},{1|0|0|0|0}]">77</label>
<label id="[{1|0|0|0|0},{0|1|0|0|0},{1|0|0|0|0}]">14</label>
<label id="[{1|0|0|0|0},{0|1|1|0|0},{1|0|0|0|0}]">8</label>
<label id="[{1|0|0|0|0},{1|0|0|0|0},{0|0|0|0|0}]">137</label>
<label id="[{1|0|0|0|0},{1|0|0|0|0},{1|0|0|0|0}]">140</label>
<label id="[{1|0|0|0|0},{1|0|0|0|0},{1|1|0|0|0}]">7</label>
<label id="[{1|0|0|0|0},{1|0|1|0|0},{1|1|0|0|0}]">7</label>
<label id="[{1|0|0|0|0},{1|0|1|1|0},{1|1|0|0|0}]">4</label>
<label id="[{1|0|0|0|0},{1|1|0|0|0},{0|0|0|0|0}]">20</label>
<label id="[{1|0|0|0|0},{1|1|0|0|0},{1|0|0|0|0}]">59</label>
<label id="[{1|0|0|0|0},{1|1|0|0|0},{1|1|0|0|0}]">12</label>
<label id="[{1|0|0|0|0},{1|1|1|0|0},{1|0|0|0|0}]">36</label>
<label id="[{1|0|0|0|0},{1|1|1|0|0},{1|1|0|0|0}]">12</label>
<label id="[{1|0|0|0|0},{1|1|1|1|0},{1|1|0|0|0}]">8</label>
<label id="[{1|0|1|0|0},{1|1|0|0|0},{1|0|0|0|0}]">2</label>
<label id="[{1|0|1|0|0},{1|1|1|0|0},{1|0|0|0|0}]">4</label>
<label id="[{1|1|0|0|0},{0|0|0|0|0},{1|0|0|0|0}]">26</label>
<label id="[{1|1|0|0|0},{0|1|0|0|0},{1|0|0|0|0}]">65</label>
<label id="[{1|1|0|0|0},{1|0|0|0|0},{0|0|0|0|0}]">50</label>
<label id="[{1|1|0|0|0},{1|0|0|0|0},{1|0|0|0|0}]">64</label>
<label id="[{1|1|0|0|0},{1|0|0|0|0},{1|1|0|0|0}]">10</label>
<label id="[{1|1|0|0|0},{1|1|0|0|0},{0|0|0|0|0}]">100</label>
<label id="[{1|1|0|0|0},{1|1|0|0|0},{1|0|0|0|0}]">160</label>
<label id="[{1|1|0|0|0},{1|1|0|0|0},{1|1|0|0|0}]">16</label>
<label id="[{1|1|0|0|0},{1|1|1|0|0},{1|0|0|0|0}]">4</label>
<label id="[{1|1|1|0|0},{0|1|0|0|0},{1|0|0|0|0}]">26</label>
<label id="[{1|1|1|0|0},{0|1|1|0|0},{1|0|0|0|0}]">52</label>
<label id="[{1|1|1|0|0},{1|0|0|0|0},{1|1|0|0|0}]">4</label>
<label id="[{1|1|1|0|0},{1|0|1|0|0},{1|1|0|0|0}]">10</label>
<label id="[{1|1|1|0|0},{1|1|0|0|0},{1|0|0|0|0}]">72</label>
<label id="[{1|1|1|0|0},{1|1|0|0|0},{1|1|0|0|0}]">8</label>
<label id="[{1|1|1|0|0},{1|1|1|0|0},{1|0|0|0|0}]">144</label>
<label id="[{1|1|1|0|0},{1|1|1|0|0},{1|1|0|0|0}]">16</label>
<label id="[{1|1|1|1|0},{1|0|1|0|0},{1|1|0|0|0}]">4</label>
<label id="[{1|1|1|1|0},{1|0|1|1|0},{1|1|0|0|0}]">8</label>
<label id="[{1|1|1|1|0},{1|1|1|0|0},{1|1|0|0|0}]">8</label>
<label id="[{1|1|1|1|0},{1|1|1|1|0},{1|1|0|0|0}]">16</label>
<label id="[{1|1|2|0|0},{1|1|0|0|0},{1|0|0|0|0}]">2</label>
<label id="[{1|1|2|0|0},{1|1|1|0|0},{1|0|0|0|0}]">4</label>
<label id="[{1|2|0|0|0},{0|0|0|0|0},{1|0|0|0|0}]">4</label>
<label id="[{1|2|0|0|0},{0|1|0|0|0},{1|0|0|0|0}]">10</label>
<label id="[{1|2|0|0|0},{1|0|0|0|0},{0|0|0|0|0}]">10</label>
<label id="[{1|2|0|0|0},{1|0|0|0|0},{1|0|0|0|0}]">14</label>
<label id="[{1|2|0|0|0},{1|0|0|0|0},{1|1|0|0|0}]">5</label>
<label id="[{1|2|0|0|0},{1|1|0|0|0},{0|0|0|0|0}]">20</label>
<label id="[{1|2|0|0|0},{1|1|0|0|0},{1|0|0|0|0}]">41</label>
<label id="[{1|2|0|0|0},{1|1|0|0|0},{1|1|0|0|0}]">8</label>
<label id="[{1|2|1|0|0},{1|1|0|0|0},{1|0|0|0|0}]">2</label>
<label id="[{1|2|1|0|0},{1|1|1|0|0},{1|0|0|0|0}]">4</label>
<label id="[{1|2|2|0|0},{0|1|0|0|0},{1|0|0|0|0}]">4</label>
<label id="[{1|2|2|0|0},{0|1|1|0|0},{1|0|0|0|0}]">8</label>
<label id="[{1|2|2|0|0},{1|0|0|0|0},{1|1|0|0|0}]">2</label>
<label id="[{1|2|2|0|0},{1|0|1|0|0},{1|1|0|0|0}]">5</label>
<label id="[{1|2|2|0|0},{1|1|0|0|0},{1|0|0|0|0}]">18</label>
<label id="[{1|2|2|0|0},{1|1|0|0|0},{1|1|0|0|0}]">4</label>
<label id="[{1|2|2|0|0},{1|1|1|0|0},{1|0|0|0|0}]">36</label>
<label id="[{1|2|2|0|0},{1|1|1|0|0},{1|1|0|0|0}]">8</label>
<label id="[{1|2|2|2|0},{1|0|1|0|0},{1|1|0|0|0}]">2</label>
<label id="[{1|2|2|2|0},{1|0|1|1|0},{1|1|0|0|0}]">4</label>
<label id="[{1|2|2|2|0},{1|1|1|0|0},{1|1|0|0|0}]">4</label>
<label id="[{1|2|2|2|0},{1|1|1|1|0},{1|1|0|0|0}]">8</label>
<label id="[{2|0|0|0|0},{0|0|0|0|0},{0|0|0|0|0}]">18</label>
<label id="[{2|0|0|0|0},{0|0|0|0|0},{1|0|0|0|0}]">77</label>
<label id="[{2|0|0|0|0},{0|1|0|0|0},{1|0|0|0|0}]">14</label>
<label id="[{2|0|0|0|0},{0|1|1|0|0},{1|0|0|0|0}]">8</label>
<label id="[{2|0|0|0|0},{1|0|0|0|0},{0|0|0|0|0}]">137</label>
<label id="[{2|0|0|0|0},{1|0|0|0|0},{1|0|0|0|0}]">140</label>
<label id="[{2|0|0|0|0},{1|0|0|0|0},{1|1|0|0|0}]">7</label>
<label id="[{2|0|0|0|0},{1|0|1|0|0},{1|1|0|0|0}]">7</label>
<label id="[{2|0|0|0|0},{1|0|1|1|0},{1|1|0|0|0}]">4</label>
<label id="[{2|0|0|0|0},{1|1|0|0|0},{0|0|0|0|0}]">20</label>
<label id="[{2|0|0|0|0},{1|1|0|0|0},{1|0|0|0|0}]">59</label>
<label id="[{2|0|0|0|0},{1|1|0|0|0},{1|1|0|0|0}]">12</label>
<label id="[{2|0|0|0|0},{1|1|1|0|0},{1|0|0|0|0}]">36</label>
<label id="[{2|0|0|0|0},{1|1|1|0|0},{1|1|0|0|0}]">12</label>
<label id="[{2|0|0|0|0},{1|1|1|1|0},{1|1|0|0|0}]">8</label>
<label id="[{2|0|2|0|0},{1|1|0|0|0},{1|0|0|0|0}]">2</label>
<label id="[{2|0|2|0|0},{1|1|1|0|0},{1|0|0|0|0}]">4</label>
<label id="[{2|1|0|0|0},{0|0|0|0|0},{1|0|0|0|0}]">4</label>
<label id="[{2|1|0|0|0},{0|1|0|0|0},{1|0|0|0|0}]">10</label>
<label id="[{2|1|0|0|0},{1|0|0|0|0},{0|0|0|0|0}]">10</label>
<label id="[{2|1|0|0|0},{1|0|0|0|0},{1|0|0|0|0}]">14</label>
<label id="[{2|1|0|0|0},{1|0|0|0|0},{1|1|0|0|0}]">5</label>
<label id="[{2|1|0|0|0},{1|1|0|0|0},{0|0|0|0|0}]">20</label>
<label id="[{2|1|0|0|0},{1|1|0|0|0},{1|0|0|0|0}]">41</label>
<label id="[{2|1|0|0|0},{1|1|0|0|0},{1|1|0|0|0}]">8</label>
<label id="[{2|1|1|0|0},{0|1|0|0|0},{1|0|0|0|0}]">4</label>
<label id="[{2|1|1|0|0},{0|1|1|0|0},{1|0|0|0|0}]">8</label>
<label id="[{2|1|1|0|0},{1|0|0|0|0},{1|1|0|0|0}]">2</label>
<label id="[{2|1|1|0|0},{1|0|1|0|0},{1|1|0|0|0}]">5</label>
<label id="[{2|1|1|0|0},{1|1|0|0|0},{1|0|0|0|0}]">18</label>
<label id="[{2|1|1|0|0},{1|1|0|0|0},{1|1|0|0|0}]">4</label>
<label id="[{2|1|1|0|0},{1|1|1|0|0},{1|0|0|0|0}]">36</label>
<label id="[{2|1|1|0|0},{1|1|1|0|0},{1|1|0|0|0}]">8</label>
<label id="[{2|1|1|1|0},{1|0|1|0|0},{1|1|0|0|0}]">2</label>
<label id="[{2|1|1|1|0},{1|0|1|1|0},{1|1|0|0|0}]">4</label>
<label id="[{2|1|1|1|0},{1|1|1|0|0},{1|1|0|0|0}]">4</label>
<label id="[{2|1|1|1|0},{1|1|1|1|0},{1|1|0|0|0}]">8</label>
<label id="[{2|1|2|0|0},{1|1|0|0|0},{1|0|0|0|0}]">2</label>
<label id="[{2|1|2|0|0},{1|1|1|0|0},{1|0|0|0|0}]">4</label>
<label id="[{2|2|0|0|0},{0|0|0|0|0},{1|0|0|0|0}]">26</label>
<label id="[{2|2|0|0|0},{0|1|0|0|0},{1|0|0|0|0}]">65</label>
<label id="[{2|2|0|0|0},{1|0|0|0|0},{0|0|0|0|0}]">50</label>
<label id="[{2|2|0|0|0},{1|0|0|0|0},{1|0|0|0|0}]">64</label>
<label id="[{2|2|0|0|0},{1|0|0|0|0},{1|1|0|0|0}]">10</label>
<label id="[{2|2|0|0|0},{1|1|0|0|0},{0|0|0|0|0}]">100</label>
<label id="[{2|2|0|0|0},{1|1|0|0|0},{1|0|0|0|0}]">160</label>
<label id="[{2|2|0|0|0},{1|1|0|0|0},{1|1|0|0|0}]">16</label>
<label id="[{2|2|0|0|0},{1|1|1|0|0},{1|0|0|0|0}]">4</label>
<label id="[{2|2|1|0|0},{1|1|0|0|0},{1|0|0|0|0}]">2</label>
<label id="[{2|2|1|0|0},{1|1|1|0|0},{1|0|0|0|0}]">4</label>
<label id="[{2|2|2|0|0},{0|1|0|0|0},{1|0|0|0|0}]">26</label>
<label id="[{2|2|2|0|0},{0|1|1|0|0},{1|0|0|0|0}]">52</label>
<label id="[{2|2|2|0|0},{1|0|0|0|0},{1|1|0|0|0}]">4</label>
<label id="[{2|2|2|0|0},{1|0|1|0|0},{1|1|0|0|0}]">10</label>
<label id="[{2|2|2|0|0},{1|1|0|0|0},{1|0|0|0|0}]">72</label>
<label id="[{2|2|2|0|0},{1|1|0|0|0},{1|1|0|0|0}]">8</label>
<label id="[{2|2|2|0|0},{1|1|1|0|0},{1|0|0|0|0}]">144</label>
<label id="[{2|2|2|0|0},{1|1|1|0|0},{1|1|0|0|0}]">16</label>
<label id="[{2|2|2|2|0},{1|0|1|0|0},{1|1|0|0|0}]">4</label>
<label id="[{2|2|2|2|0},{1|0|1|1|0},{1|1|0|0|0}]">8</label>
<label id="[{2|2|2|2|0},{1|1|1|0|0},{1|1|0|0|0}]">8</label>
<label id="[{2|2|2|2|0},{1|1|1|1|0},{1|1|0|0|0}]">16</label>
</state-labels><state-labels procid="1">
<label id="[0,0]">227</label>
<label id="[0,1]">138</label>
<label id="[0,2]">87</label>
<label id="[0,3]">12</label>
<label id="[1,0]">447</label>
<label id="[1,1]">194</label>
<label id="[1,2]">87</label>
<label id="[1,3]">12</label>
<label id="[2,0]">311</label>
<label id="[2,1]">158</label>
<label id="[2,2]">87</label>
<label id="[2,3]">12</label>
<label id="[3,0]">326</label>
<label id="[3,1]">162</label>
<label id="[3,2]">87</label>
<label id="[3,3]">12</label>
<label id="[4,0]">234</label>
<label id="[4,1]">44</label>
<label id="[5,0]">318</label>
<label id="[5,1]">72</label>
<label id="[6,0]">1104</label>
<label id="[6,1]">128</label>
<label id="[7,0]">138</label>
<label id="[7,1]">122</label>
<label id="[7,2]">87</label>
<label id="[7,3]">12</label>
<label id="[8,1]">79</label>
<label id="[8,2]">83</label>
<label id="[8,3]">12</label>
<label id="[9,1]">79</label>
<label id="[9,2]">83</label>
<label id="[9,3]">12</label>
</state-labels><state-labels procid="2">
<label id="[0,0]">227</label>
<label id="[0,1]">138</label>
<label id="[0,2]">87</label>
<label id="[0,3]">12</label>
<label id="[1,0]">447</label>
<label id="[1,1]">194</label>
<label id="[1,2]">87</label>
<label id="[1,3]">12</label>
<label id="[2,0]">311</label>
<label id="[2,1]">158</label>
<label id="[2,2]">87</label>
<label id="[2,3]">12</label>
<label id="[3,0]">326</label>
<label id="[3,1]">162</label>
<label id="[3,2]">87</label>
<label id="[3,3]">12</label>
<label id="[4,0]">234</label>
<label id="[4,1]">44</label>
<label id="[5,0]">318</label>
<label id="[5,1]">72</label>
<label id="[6,0]">1104</label>
<label id="[6,1]">128</label>
<label id="[7,0]">138</label>
<label id="[7,1]">122</label>
<label id="[7,2]">87</label>
<label id="[7,3]">12</label>
<label id="[8,1]">79</label>
<label id="[8,2]">83</label>
<label id="[8,3]">12</label>
<label id="[9,1]">79</label>
<label id="[9,2]">83</label>
<label id="[9,3]">12</label>
</state-labels><state-labels procid="3">
<label id="[0,0]">227</label>
<label id="[0,1]">138</label>
<label id="[0,2]">87</label>
<label id="[0,3]">12</label>
<label id="[1,0]">447</label>
<label id="[1,1]">194</label>
<label id="[1,2]">87</label>
<label id="[1,3]">12</label>
<label id="[2,0]">311</label>
<label id="[2,1]">158</label>
<label id="[2,2]">87</label>
<label id="[2,3]">12</label>
<label id="[3,0]">326</label>
<label id="[3,1]">162</label>
<label id="[3,2]">87</label>
<label id="[3,3]">12</label>
<label id="[4,0]">234</label>
<label id="[4,1]">44</label>
<label id="[5,0]">318</label>
<label id="[5,1]">72</label>
<label id="[6,0]">1104</label>
<label id="[6,1]">128</label>
<label id="[7,0]">138</label>
<label id="[7,1]">122</label>
<label id="[7,2]">87</label>
<label id="[7,3]">12</label>
<label id="[8,1]">79</label>
<label id="[8,2]">83</label>
<label id="[8,3]">12</label>
<label id="[9,1]">79</label>
<label id="[9,2]">83</label>
<label id="[9,3]">12</label>
</state-labels></label-info>
</state-space-info>
