<?xml version="1.0"?>
<!DOCTYPE state-space-info SYSTEM "../../state_space_info.dtd">


<state-space-info>
<states>91093</states>
<edges>223980</edges>
<bfs-info>
 <levels>45</levels>
<max-level>4872</max-level>

<back-level-edges>0</back-level-edges>
<max-back-level-edge>0</max-back-level-edge>
<avg-back-level-edge>nan</avg-back-level-edge>
<bfs-levels>
<level id="0"><states>1</states><edges>4</edges></level>
<level id="1"><states>4</states><edges>16</edges></level>
<level id="2"><states>16</states><edges>64</edges></level>
<level id="3"><states>40</states><edges>160</edges></level>
<level id="4"><states>80</states><edges>296</edges></level>
<level id="5"><states>152</states><edges>500</edges></level>
<level id="6"><states>260</states><edges>764</edges></level>
<level id="7"><states>408</states><edges>1164</edges></level>
<level id="8"><states>588</states><edges>1704</edges></level>
<level id="9"><states>804</states><edges>2388</edges></level>
<level id="10"><states>1072</states><edges>3192</edges></level>
<level id="11"><states>1408</states><edges>4152</edges></level>
<level id="12"><states>1752</states><edges>5112</edges></level>
<level id="13"><states>2044</states><edges>5976</edges></level>
<level id="14"><states>2272</states><edges>6648</edges></level>
<level id="15"><states>2508</states><edges>7308</edges></level>
<level id="16"><states>2752</states><edges>7920</edges></level>
<level id="17"><states>2980</states><edges>8460</edges></level>
<level id="18"><states>3168</states><edges>8952</edges></level>
<level id="19"><states>3424</states><edges>9616</edges></level>
<level id="20"><states>3760</states><edges>10296</edges></level>
<level id="21"><states>4216</states><edges>11176</edges></level>
<level id="22"><states>4636</states><edges>11872</edges></level>
<level id="23"><states>4852</states><edges>12168</edges></level>
<level id="24"><states>4872</states><edges>12096</edges></level>
<level id="25"><states>4852</states><edges>11920</edges></level>
<level id="26"><states>4804</states><edges>11376</edges></level>
<level id="27"><states>4596</states><edges>10548</edges></level>
<level id="28"><states>4204</states><edges>9352</edges></level>
<level id="29"><states>3712</states><edges>8088</edges></level>
<level id="30"><states>3204</states><edges>7008</edges></level>
<level id="31"><states>2844</states><edges>6020</edges></level>
<level id="32"><states>2504</states><edges>5096</edges></level>
<level id="33"><states>2168</states><edges>4208</edges></level>
<level id="34"><states>1832</states><edges>3504</edges></level>
<level id="35"><states>1560</states><edges>3120</edges></level>
<level id="36"><states>1416</states><edges>2784</edges></level>
<level id="37"><states>1320</states><edges>2496</edges></level>
<level id="38"><states>1176</states><edges>1992</edges></level>
<level id="39"><states>912</states><edges>1488</edges></level>
<level id="40"><states>672</states><edges>1248</edges></level>
<level id="41"><states>528</states><edges>912</edges></level>
<level id="42"><states>384</states><edges>576</edges></level>
<level id="43"><states>240</states><edges>240</edges></level>
<level id="44"><states>96</states><edges>0</edges></level>
</bfs-levels>
<back-level-length id="0">nan</back-level-length>
</bfs-info>
<degrees>
<avg>2.45881</avg>
<max-in>7</max-in>
<max-out>4</max-out>
<degree id="0"><in>1</in><out>760</out></degree>
<degree id="1"><in>15608</in><out>10120</out></degree>
<degree id="2"><in>34728</in><out>32928</out></degree>
<degree id="3"><in>27700</in><out>41136</out></degree>
<degree id="4"><in>10492</in><out>6149</out></degree>
<degree id="5"><in>1596</in><out>0</out></degree>
<degree id="6"><in>908</in><out>0</out></degree>
<degree id="7"><in>60</in><out>0</out></degree>
</degrees>
<scc-info>
<count>91093</count>
<height>44</height>
<nontrivial-height>0</nontrivial-height>
<trivial>91093</trivial>
<terminal>760</terminal>
<largest>1</largest>
<largest-position> terminal</largest-position>
</scc-info>
<dfs-info>
<stack-size id="455">0.01976</stack-size>
<stack-size id="910">0.0186622</stack-size>
<stack-size id="1365">0.0164667</stack-size>
<stack-size id="1820">0.0263467</stack-size>
<stack-size id="2275">0.0285423</stack-size>
<stack-size id="2730">0.02964</stack-size>
<stack-size id="3185">0.0263467</stack-size>
<stack-size id="3640">0.0252489</stack-size>
<stack-size id="4095">0.0340312</stack-size>
<stack-size id="4550">0.0362267</stack-size>
<stack-size id="5005">0.0373245</stack-size>
<stack-size id="5460">0.0318356</stack-size>
<stack-size id="5915">0.0241511</stack-size>
<stack-size id="6370">0.0351289</stack-size>
<stack-size id="6825">0.0406178</stack-size>
<stack-size id="7280">0.0274445</stack-size>
<stack-size id="7735">0.0230534</stack-size>
<stack-size id="8190">0.02964</stack-size>
<stack-size id="8645">0.0219556</stack-size>
<stack-size id="9100">0.0318356</stack-size>
<stack-size id="9555">0.0263467</stack-size>
<stack-size id="10010">0.0373245</stack-size>
<stack-size id="10465">0.0153689</stack-size>
<stack-size id="10920">0.0219556</stack-size>
<stack-size id="11375">0.0318356</stack-size>
<stack-size id="11830">0.0362267</stack-size>
<stack-size id="12285">0.0406178</stack-size>
<stack-size id="12740">0.0175645</stack-size>
<stack-size id="13195">0.02964</stack-size>
<stack-size id="13650">0.02964</stack-size>
<stack-size id="14105">0.0219556</stack-size>
<stack-size id="14560">0.0219556</stack-size>
<stack-size id="15015">0.02964</stack-size>
<stack-size id="15470">0.0230534</stack-size>
<stack-size id="15925">0.0307378</stack-size>
<stack-size id="16380">0.0241511</stack-size>
<stack-size id="16835">0.0263467</stack-size>
<stack-size id="17290">0.0208578</stack-size>
<stack-size id="17745">0.0219556</stack-size>
<stack-size id="18200">0.0307378</stack-size>
<stack-size id="18655">0.0186622</stack-size>
<stack-size id="19110">0.0208578</stack-size>
<stack-size id="19565">0.0263467</stack-size>
<stack-size id="20020">0.0373245</stack-size>
<stack-size id="20475">0.0340312</stack-size>
<stack-size id="20930">0.0450089</stack-size>
<stack-size id="21385">0.0329334</stack-size>
<stack-size id="21840">0.0153689</stack-size>
<stack-size id="22295">0.0241511</stack-size>
<stack-size id="22750">0.01976</stack-size>
<stack-size id="23205">0.0252489</stack-size>
<stack-size id="23660">0.0208578</stack-size>
<stack-size id="24115">0.0120756</stack-size>
<stack-size id="24570">0.0175645</stack-size>
<stack-size id="25025">0.0208578</stack-size>
<stack-size id="25480">0.0461067</stack-size>
<stack-size id="25935">0.0329334</stack-size>
<stack-size id="26390">0.0208578</stack-size>
<stack-size id="26845">0.0318356</stack-size>
<stack-size id="27300">0.0307378</stack-size>
<stack-size id="27755">0.0274445</stack-size>
<stack-size id="28210">0.0384223</stack-size>
<stack-size id="28665">0.0307378</stack-size>
<stack-size id="29120">0.0329334</stack-size>
<stack-size id="29575">0.0384223</stack-size>
<stack-size id="30030">0.0219556</stack-size>
<stack-size id="30485">0.0142711</stack-size>
<stack-size id="30940">0.0263467</stack-size>
<stack-size id="31395">0.0307378</stack-size>
<stack-size id="31850">0.0263467</stack-size>
<stack-size id="32305">0.0241511</stack-size>
<stack-size id="32760">0.0274445</stack-size>
<stack-size id="33215">0.0362267</stack-size>
<stack-size id="33670">0.0351289</stack-size>
<stack-size id="34125">0.0274445</stack-size>
<stack-size id="34580">0.0362267</stack-size>
<stack-size id="35035">0.0307378</stack-size>
<stack-size id="35490">0.0274445</stack-size>
<stack-size id="35945">0.0241511</stack-size>
<stack-size id="36400">0.0219556</stack-size>
<stack-size id="36855">0.0186622</stack-size>
<stack-size id="37310">0.0263467</stack-size>
<stack-size id="37765">0.0186622</stack-size>
<stack-size id="38220">0.0274445</stack-size>
<stack-size id="38675">0.0252489</stack-size>
<stack-size id="39130">0.0252489</stack-size>
<stack-size id="39585">0.0208578</stack-size>
<stack-size id="40040">0.0175645</stack-size>
<stack-size id="40495">0.0461067</stack-size>
<stack-size id="40950">0.0362267</stack-size>
<stack-size id="41405">0.0395201</stack-size>
<stack-size id="41860">0.0307378</stack-size>
<stack-size id="42315">0.0175645</stack-size>
<stack-size id="42770">0.0252489</stack-size>
<stack-size id="43225">0.01976</stack-size>
<stack-size id="43680">0.0219556</stack-size>
<stack-size id="44135">0.0186622</stack-size>
<stack-size id="44590">0.0164667</stack-size>
<stack-size id="45045">0.0340312</stack-size>
<stack-size id="45500">0.0241511</stack-size>
<stack-size id="45955">0.0263467</stack-size>
<stack-size id="46410">0.00329334</stack-size>
<stack-size id="46865">0.00988001</stack-size>
<stack-size id="47320">0.00768445</stack-size>
<stack-size id="47775">0.0362267</stack-size>
<stack-size id="48230">0.0241511</stack-size>
<stack-size id="48685">0.0274445</stack-size>
<stack-size id="49140">0.0395201</stack-size>
<stack-size id="49595">0.0461067</stack-size>
<stack-size id="50050">0.0329334</stack-size>
<stack-size id="50505">0.0406178</stack-size>
<stack-size id="50960">0.0406178</stack-size>
<stack-size id="51415">0.0395201</stack-size>
<stack-size id="51870">0.0384223</stack-size>
<stack-size id="52325">0.0241511</stack-size>
<stack-size id="52780">0.0219556</stack-size>
<stack-size id="53235">0.0208578</stack-size>
<stack-size id="53690">0.0230534</stack-size>
<stack-size id="54145">0.0285423</stack-size>
<stack-size id="54600">0.0131734</stack-size>
<stack-size id="55055">0.0164667</stack-size>
<stack-size id="55510">0.0285423</stack-size>
<stack-size id="55965">0.0241511</stack-size>
<stack-size id="56420">0.01976</stack-size>
<stack-size id="56875">0.0384223</stack-size>
<stack-size id="57330">0.0307378</stack-size>
<stack-size id="57785">0.0274445</stack-size>
<stack-size id="58240">0.0340312</stack-size>
<stack-size id="58695">0.0340312</stack-size>
<stack-size id="59150">0.0395201</stack-size>
<stack-size id="59605">0.0219556</stack-size>
<stack-size id="60060">0.0241511</stack-size>
<stack-size id="60515">0.0241511</stack-size>
<stack-size id="60970">0.0263467</stack-size>
<stack-size id="61425">0.01976</stack-size>
<stack-size id="61880">0.0307378</stack-size>
<stack-size id="62335">0.0186622</stack-size>
<stack-size id="62790">0.0186622</stack-size>
<stack-size id="63245">0.0329334</stack-size>
<stack-size id="63700">0.0318356</stack-size>
<stack-size id="64155">0.0439112</stack-size>
<stack-size id="64610">0.0329334</stack-size>
<stack-size id="65065">0.0274445</stack-size>
<stack-size id="65520">0.0252489</stack-size>
<stack-size id="65975">0.01976</stack-size>
<stack-size id="66430">0.0153689</stack-size>
<stack-size id="66885">0.0175645</stack-size>
<stack-size id="67340">0.0219556</stack-size>
<stack-size id="67795">0.0318356</stack-size>
<stack-size id="68250">0.01976</stack-size>
<stack-size id="68705">0.0318356</stack-size>
<stack-size id="69160">0.0164667</stack-size>
<stack-size id="69615">0.01976</stack-size>
<stack-size id="70070">0.0274445</stack-size>
<stack-size id="70525">0.02964</stack-size>
<stack-size id="70980">0.0131734</stack-size>
<stack-size id="71435">0.0351289</stack-size>
<stack-size id="71890">0.0274445</stack-size>
<stack-size id="72345">0.0131734</stack-size>
<stack-size id="72800">0.0230534</stack-size>
<stack-size id="73255">0.02964</stack-size>
<stack-size id="73710">0.0252489</stack-size>
<stack-size id="74165">0.0351289</stack-size>
<stack-size id="74620">0.0373245</stack-size>
<stack-size id="75075">0.02964</stack-size>
<stack-size id="75530">0.0263467</stack-size>
<stack-size id="75985">0.0362267</stack-size>
<stack-size id="76440">0.0263467</stack-size>
<stack-size id="76895">0.0373245</stack-size>
<stack-size id="77350">0.0428134</stack-size>
<stack-size id="77805">0.0318356</stack-size>
<stack-size id="78260">0.0252489</stack-size>
<stack-size id="78715">0.0329334</stack-size>
<stack-size id="79170">0.0208578</stack-size>
<stack-size id="79625">0.0252489</stack-size>
<stack-size id="80080">0.02964</stack-size>
<stack-size id="80535">0.0274445</stack-size>
<stack-size id="80990">0.0329334</stack-size>
<stack-size id="81445">0.0351289</stack-size>
<stack-size id="81900">0.0164667</stack-size>
<stack-size id="82355">0.0252489</stack-size>
<stack-size id="82810">0.0219556</stack-size>
<stack-size id="83265">0.0340312</stack-size>
<stack-size id="83720">0.0241511</stack-size>
<stack-size id="84175">0.0131734</stack-size>
<stack-size id="84630">0.0241511</stack-size>
<stack-size id="85085">0.0340312</stack-size>
<stack-size id="85540">0.0307378</stack-size>
<stack-size id="85995">0.0153689</stack-size>
<stack-size id="86450">0.0208578</stack-size>
<stack-size id="86905">0.00658668</stack-size>
<stack-size id="87360">0.0252489</stack-size>
<stack-size id="87815">0.0175645</stack-size>
<stack-size id="88270">0.0329334</stack-size>
<stack-size id="88725">0.0252489</stack-size>
<stack-size id="89180">0.00768445</stack-size>
<stack-size id="89635">0.0208578</stack-size>
<stack-size id="90090">0.0307378</stack-size>
<stack-size id="90545">0.0263467</stack-size>
<stack-size id="91000">0.0109778</stack-size>
<max-stack>45</max-stack>
<front-edges>91092</front-edges>
<back-edges>0</back-edges>
<cross-edges>132888</cross-edges>
<shortest-cycle>-1</shortest-cycle>
</dfs-info>
<rw-info>
<coverage step="9100">4.12216</coverage>
<coverage step="18200">6.50544</coverage>
<coverage step="27300">8.3036</coverage>
<coverage step="36400">9.689</coverage>
<coverage step="45500">10.9427</coverage>
<coverage step="54600">11.7638</coverage>
<coverage step="63700">12.7134</coverage>
<coverage step="72800">13.6783</coverage>
<coverage step="81900">14.3952</coverage>
<coverage step="91000">15.022</coverage>
<coverage step="100100">15.6126</coverage>
<coverage step="109200">16.2856</coverage>
<coverage step="118300">16.8312</coverage>
<coverage step="127400">17.3899</coverage>
<coverage step="136500">17.9465</coverage>
<coverage step="145600">18.6041</coverage>
<coverage step="154700">19.1189</coverage>
<coverage step="163800">19.5855</coverage>
<coverage step="172900">20.0422</coverage>
<coverage step="182000">20.4385</coverage>
<coverage step="191100">20.8896</coverage>
<coverage step="200200">21.2804</coverage>
<coverage step="209300">21.5505</coverage>
<coverage step="218400">21.8217</coverage>
<coverage step="227500">22.1521</coverage>
<coverage step="236600">22.4946</coverage>
<coverage step="245700">22.8623</coverage>
<coverage step="254800">23.1324</coverage>
<coverage step="263900">23.4738</coverage>
<coverage step="273000">23.7922</coverage>
<coverage step="282100">24.0293</coverage>
<coverage step="291200">24.3224</coverage>
<coverage step="300300">24.5398</coverage>
<coverage step="309400">24.8603</coverage>
<coverage step="318500">25.0733</coverage>
<coverage step="327600">25.3916</coverage>
<coverage step="336700">25.654</coverage>
<coverage step="345800">25.9559</coverage>
<coverage step="354900">26.2007</coverage>
<coverage step="364000">26.4653</coverage>
<coverage step="373100">26.7419</coverage>
<coverage step="382200">26.9812</coverage>
<coverage step="391300">27.215</coverage>
<coverage step="400400">27.484</coverage>
<coverage step="409500">27.6871</coverage>
<coverage step="418600">27.8463</coverage>
<coverage step="427700">27.9517</coverage>
<coverage step="436800">28.1877</coverage>
<coverage step="445900">28.3677</coverage>
<coverage step="455000">28.5532</coverage>
<coverage step="464100">28.7333</coverage>
<coverage step="473200">28.8957</coverage>
<coverage step="482300">29.1823</coverage>
<coverage step="491400">29.3568</coverage>
<coverage step="500500">29.5215</coverage>
<coverage step="509600">29.662</coverage>
<coverage step="518700">29.8541</coverage>
<coverage step="527800">30.0045</coverage>
<coverage step="536900">30.1483</coverage>
<coverage step="546000">30.2965</coverage>
<coverage step="555100">30.3723</coverage>
<coverage step="564200">30.538</coverage>
<coverage step="573300">30.6621</coverage>
<coverage step="582400">30.8037</coverage>
<coverage step="591500">30.9925</coverage>
<coverage step="600600">31.1627</coverage>
<coverage step="609700">31.3065</coverage>
<coverage step="618800">31.4404</coverage>
<coverage step="627900">31.5458</coverage>
<coverage step="637000">31.6578</coverage>
<coverage step="646100">31.8038</coverage>
<coverage step="655200">31.9772</coverage>
<coverage step="664300">32.1133</coverage>
<coverage step="673400">32.2198</coverage>
<coverage step="682500">32.3834</coverage>
<coverage step="691600">32.5382</coverage>
<coverage step="700700">32.6216</coverage>
<coverage step="709800">32.7566</coverage>
<coverage step="718900">32.8379</coverage>
<coverage step="728000">32.9389</coverage>
<coverage step="737100">33.0849</coverage>
<coverage step="746200">33.1474</coverage>
<coverage step="755300">33.2847</coverage>
<coverage step="764400">33.4087</coverage>
<coverage step="773500">33.5042</coverage>
<coverage step="782600">33.625</coverage>
<coverage step="791700">33.7348</coverage>
<coverage step="800800">33.8928</coverage>
<coverage step="809900">33.9818</coverage>
<coverage step="819000">34.108</coverage>
<coverage step="828100">34.2068</coverage>
<coverage step="837200">34.2935</coverage>
<coverage step="846300">34.366</coverage>
<coverage step="855400">34.4165</coverage>
<coverage step="864500">34.4966</coverage>
<coverage step="873600">34.5493</coverage>
<coverage step="882700">34.624</coverage>
<coverage step="891800">34.6942</coverage>
<coverage step="900900">34.7985</coverage>
<coverage step="910000">34.9072</coverage>
<rw-visits order="1">28913</rw-visits>
<rw-visits order="159">804</rw-visits>
<rw-visits order="317">335</rw-visits>
<rw-visits order="475">230</rw-visits>
<rw-visits order="633">204</rw-visits>
<rw-visits order="791">181</rw-visits>
<rw-visits order="949">154</rw-visits>
<rw-visits order="1107">133</rw-visits>
<rw-visits order="1265">122</rw-visits>
<rw-visits order="1423">115</rw-visits>
<rw-visits order="1581">108</rw-visits>
<rw-visits order="1739">100</rw-visits>
<rw-visits order="1897">93</rw-visits>
<rw-visits order="2055">85</rw-visits>
<rw-visits order="2213">81</rw-visits>
<rw-visits order="2371">75</rw-visits>
<rw-visits order="2529">70</rw-visits>
<rw-visits order="2687">66</rw-visits>
<rw-visits order="2845">61</rw-visits>
<rw-visits order="3003">58</rw-visits>
<rw-visits order="3161">54</rw-visits>
<rw-visits order="3319">51</rw-visits>
<rw-visits order="3477">48</rw-visits>
<rw-visits order="3635">45</rw-visits>
<rw-visits order="3793">42</rw-visits>
<rw-visits order="3951">39</rw-visits>
<rw-visits order="4109">37</rw-visits>
<rw-visits order="4267">35</rw-visits>
<rw-visits order="4425">32</rw-visits>
<rw-visits order="4583">30</rw-visits>
<rw-visits order="4741">29</rw-visits>
<rw-visits order="4899">27</rw-visits>
<rw-visits order="5057">25</rw-visits>
<rw-visits order="5215">24</rw-visits>
<rw-visits order="5373">22</rw-visits>
<rw-visits order="5531">21</rw-visits>
<rw-visits order="5689">20</rw-visits>
<rw-visits order="5847">19</rw-visits>
<rw-visits order="6005">18</rw-visits>
<rw-visits order="6163">17</rw-visits>
<rw-visits order="6321">17</rw-visits>
<rw-visits order="6479">16</rw-visits>
<rw-visits order="6637">15</rw-visits>
<rw-visits order="6795">14</rw-visits>
<rw-visits order="6953">14</rw-visits>
<rw-visits order="7111">13</rw-visits>
<rw-visits order="7269">13</rw-visits>
<rw-visits order="7427">12</rw-visits>
<rw-visits order="7585">12</rw-visits>
<rw-visits order="7743">11</rw-visits>
<rw-visits order="7901">11</rw-visits>
<rw-visits order="8059">11</rw-visits>
<rw-visits order="8217">10</rw-visits>
<rw-visits order="8375">10</rw-visits>
<rw-visits order="8533">10</rw-visits>
<rw-visits order="8691">9</rw-visits>
<rw-visits order="8849">9</rw-visits>
<rw-visits order="9007">9</rw-visits>
<rw-visits order="9165">9</rw-visits>
<rw-visits order="9323">8</rw-visits>
<rw-visits order="9481">8</rw-visits>
<rw-visits order="9639">8</rw-visits>
<rw-visits order="9797">8</rw-visits>
<rw-visits order="9955">8</rw-visits>
<rw-visits order="10113">7</rw-visits>
<rw-visits order="10271">7</rw-visits>
<rw-visits order="10429">7</rw-visits>
<rw-visits order="10587">7</rw-visits>
<rw-visits order="10745">7</rw-visits>
<rw-visits order="10903">7</rw-visits>
<rw-visits order="11061">6</rw-visits>
<rw-visits order="11219">6</rw-visits>
<rw-visits order="11377">6</rw-visits>
<rw-visits order="11535">6</rw-visits>
<rw-visits order="11693">6</rw-visits>
<rw-visits order="11851">6</rw-visits>
<rw-visits order="12009">6</rw-visits>
<rw-visits order="12167">5</rw-visits>
<rw-visits order="12325">5</rw-visits>
<rw-visits order="12483">5</rw-visits>
<rw-visits order="12641">5</rw-visits>
<rw-visits order="12799">5</rw-visits>
<rw-visits order="12957">5</rw-visits>
<rw-visits order="13115">5</rw-visits>
<rw-visits order="13273">5</rw-visits>
<rw-visits order="13431">5</rw-visits>
<rw-visits order="13589">4</rw-visits>
<rw-visits order="13747">4</rw-visits>
<rw-visits order="13905">4</rw-visits>
<rw-visits order="14063">4</rw-visits>
<rw-visits order="14221">4</rw-visits>
<rw-visits order="14379">4</rw-visits>
<rw-visits order="14537">4</rw-visits>
<rw-visits order="14695">4</rw-visits>
<rw-visits order="14853">4</rw-visits>
<rw-visits order="15011">4</rw-visits>
<rw-visits order="15169">4</rw-visits>
<rw-visits order="15327">4</rw-visits>
<rw-visits order="15485">4</rw-visits>
<rw-visits order="15643">3</rw-visits>
<rw-visits order="15801">3</rw-visits>
<rw-visits order="15959">3</rw-visits>
<rw-visits order="16117">3</rw-visits>
<rw-visits order="16275">3</rw-visits>
<rw-visits order="16433">3</rw-visits>
<rw-visits order="16591">3</rw-visits>
<rw-visits order="16749">3</rw-visits>
<rw-visits order="16907">3</rw-visits>
<rw-visits order="17065">3</rw-visits>
<rw-visits order="17223">3</rw-visits>
<rw-visits order="17381">3</rw-visits>
<rw-visits order="17539">3</rw-visits>
<rw-visits order="17697">3</rw-visits>
<rw-visits order="17855">3</rw-visits>
<rw-visits order="18013">3</rw-visits>
<rw-visits order="18171">3</rw-visits>
<rw-visits order="18329">3</rw-visits>
<rw-visits order="18487">3</rw-visits>
<rw-visits order="18645">2</rw-visits>
<rw-visits order="18803">2</rw-visits>
<rw-visits order="18961">2</rw-visits>
<rw-visits order="19119">2</rw-visits>
<rw-visits order="19277">2</rw-visits>
<rw-visits order="19435">2</rw-visits>
<rw-visits order="19593">2</rw-visits>
<rw-visits order="19751">2</rw-visits>
<rw-visits order="19909">2</rw-visits>
<rw-visits order="20067">2</rw-visits>
<rw-visits order="20225">2</rw-visits>
<rw-visits order="20383">2</rw-visits>
<rw-visits order="20541">2</rw-visits>
<rw-visits order="20699">2</rw-visits>
<rw-visits order="20857">2</rw-visits>
<rw-visits order="21015">2</rw-visits>
<rw-visits order="21173">2</rw-visits>
<rw-visits order="21331">2</rw-visits>
<rw-visits order="21489">2</rw-visits>
<rw-visits order="21647">2</rw-visits>
<rw-visits order="21805">2</rw-visits>
<rw-visits order="21963">2</rw-visits>
<rw-visits order="22121">2</rw-visits>
<rw-visits order="22279">2</rw-visits>
<rw-visits order="22437">2</rw-visits>
<rw-visits order="22595">2</rw-visits>
<rw-visits order="22753">2</rw-visits>
<rw-visits order="22911">2</rw-visits>
<rw-visits order="23069">2</rw-visits>
<rw-visits order="23227">2</rw-visits>
<rw-visits order="23385">1</rw-visits>
<rw-visits order="23543">1</rw-visits>
<rw-visits order="23701">1</rw-visits>
<rw-visits order="23859">1</rw-visits>
<rw-visits order="24017">1</rw-visits>
<rw-visits order="24175">1</rw-visits>
<rw-visits order="24333">1</rw-visits>
<rw-visits order="24491">1</rw-visits>
<rw-visits order="24649">1</rw-visits>
<rw-visits order="24807">1</rw-visits>
<rw-visits order="24965">1</rw-visits>
<rw-visits order="25123">1</rw-visits>
<rw-visits order="25281">1</rw-visits>
<rw-visits order="25439">1</rw-visits>
<rw-visits order="25597">1</rw-visits>
<rw-visits order="25755">1</rw-visits>
<rw-visits order="25913">1</rw-visits>
<rw-visits order="26071">1</rw-visits>
<rw-visits order="26229">1</rw-visits>
<rw-visits order="26387">1</rw-visits>
<rw-visits order="26545">1</rw-visits>
<rw-visits order="26703">1</rw-visits>
<rw-visits order="26861">1</rw-visits>
<rw-visits order="27019">1</rw-visits>
<rw-visits order="27177">1</rw-visits>
<rw-visits order="27335">1</rw-visits>
<rw-visits order="27493">1</rw-visits>
<rw-visits order="27651">1</rw-visits>
<rw-visits order="27809">1</rw-visits>
<rw-visits order="27967">1</rw-visits>
<rw-visits order="28125">1</rw-visits>
<rw-visits order="28283">1</rw-visits>
<rw-visits order="28441">1</rw-visits>
<rw-visits order="28599">1</rw-visits>
<rw-visits order="28757">1</rw-visits>
<rw-visits order="28915">1</rw-visits>
<rw-visits order="29073">1</rw-visits>
<rw-visits order="29231">1</rw-visits>
<rw-visits order="29389">1</rw-visits>
<rw-visits order="29547">1</rw-visits>
<rw-visits order="29705">1</rw-visits>
<rw-visits order="29863">1</rw-visits>
<rw-visits order="30021">1</rw-visits>
<rw-visits order="30179">1</rw-visits>
<rw-visits order="30337">1</rw-visits>
<rw-visits order="30495">1</rw-visits>
<rw-visits order="30653">1</rw-visits>
<rw-visits order="30811">1</rw-visits>
<rw-visits order="30969">1</rw-visits>
<rw-visits order="31127">1</rw-visits>
<rw-visits order="31285">1</rw-visits>
<rw-visits order="31443">1</rw-visits>
<rw-visits order="31601">1</rw-visits>
<rw-visits order="31759">1</rw-visits>
<final-coverage>34.916</final-coverage>
</rw-info>
<local-info>
<diamonds>86.4391</diamonds>
<neighborhood k="4">20</neighborhood>
<clustering k="4">1.53322</clustering>
</local-info>
<label-info>
<edge-label id="0.0">8712</edge-label>
<edge-label id="0.1">4785</edge-label>
<edge-label id="0.2">10443</edge-label>
<edge-label id="0.3">6141</edge-label>
<edge-label id="0.4">6141</edge-label>
<edge-label id="0.5">7506</edge-label>
<edge-label id="0.6">4390</edge-label>
<edge-label id="0.7">1655</edge-label>
<edge-label id="0.8">2476</edge-label>
<edge-label id="0.9">3746</edge-label>
<edge-label id="1.0">8712</edge-label>
<edge-label id="1.1">4785</edge-label>
<edge-label id="1.2">10443</edge-label>
<edge-label id="1.3">6141</edge-label>
<edge-label id="1.4">6141</edge-label>
<edge-label id="1.5">7506</edge-label>
<edge-label id="1.6">4390</edge-label>
<edge-label id="1.7">1655</edge-label>
<edge-label id="1.8">2476</edge-label>
<edge-label id="1.9">3746</edge-label>
<edge-label id="2.0">8712</edge-label>
<edge-label id="2.1">4785</edge-label>
<edge-label id="2.2">10443</edge-label>
<edge-label id="2.3">6141</edge-label>
<edge-label id="2.4">6141</edge-label>
<edge-label id="2.5">7506</edge-label>
<edge-label id="2.6">4390</edge-label>
<edge-label id="2.7">1655</edge-label>
<edge-label id="2.8">2476</edge-label>
<edge-label id="2.9">3746</edge-label>
<edge-label id="3.0">8712</edge-label>
<edge-label id="3.1">4785</edge-label>
<edge-label id="3.2">10443</edge-label>
<edge-label id="3.3">6141</edge-label>
<edge-label id="3.4">6141</edge-label>
<edge-label id="3.5">7506</edge-label>
<edge-label id="3.6">4390</edge-label>
<edge-label id="3.7">1655</edge-label>
<edge-label id="3.8">2476</edge-label>
<edge-label id="3.9">3746</edge-label>
<state-labels procid="0">
<label id="[{0|0|0|0|0},{0|0|0|0|0},{0|0|0|0|0}]">55</label>
<label id="[{0|0|0|0|0},{0|0|0|0|0},{1|0|0|0|0}]">1087</label>
<label id="[{0|0|0|0|0},{0|0|0|0|0},{1|1|0|0|0}]">21</label>
<label id="[{0|0|0|0|0},{0|0|1|0|0},{1|1|0|0|0}]">21</label>
<label id="[{0|0|0|0|0},{0|0|1|1|0},{1|1|0|0|0}]">12</label>
<label id="[{0|0|0|0|0},{0|1|0|0|0},{1|0|0|0|0}]">1003</label>
<label id="[{0|0|0|0|0},{0|1|0|0|0},{1|1|0|0|0}]">36</label>
<label id="[{0|0|0|0|0},{0|1|1|0|0},{1|0|0|0|0}]">580</label>
<label id="[{0|0|0|0|0},{0|1|1|0|0},{1|1|0|0|0}]">36</label>
<label id="[{0|0|0|0|0},{0|1|1|1|0},{1|1|0|0|0}]">24</label>
<label id="[{0|0|0|0|0},{1|0|0|0|0},{0|0|0|0|0}]">971</label>
<label id="[{0|0|0|0|0},{1|0|0|0|0},{1|0|0|0|0}]">2190</label>
<label id="[{0|0|0|0|0},{1|0|0|0|0},{1|1|0|0|0}]">273</label>
<label id="[{0|0|0|0|0},{1|0|1|0|0},{1|1|0|0|0}]">273</label>
<label id="[{0|0|0|0|0},{1|0|1|1|0},{1|1|0|0|0}]">156</label>
<label id="[{0|0|0|0|0},{1|1|0|0|0},{0|0|0|0|0}]">500</label>
<label id="[{0|0|0|0|0},{1|1|0|0|0},{1|0|0|0|0}]">2934</label>
<label id="[{0|0|0|0|0},{1|1|0|0|0},{1|1|0|0|0}]">468</label>
<label id="[{0|0|0|0|0},{1|1|1|0|0},{1|0|0|0|0}]">1808</label>
<label id="[{0|0|0|0|0},{1|1|1|0|0},{1|1|0|0|0}]">468</label>
<label id="[{0|0|0|0|0},{1|1|1|1|0},{1|1|0|0|0}]">312</label>
<label id="[{0|0|1|0|0},{0|1|0|0|0},{1|0|0|0|0}]">2</label>
<label id="[{0|0|1|0|0},{0|1|1|0|0},{1|0|0|0|0}]">4</label>
<label id="[{0|0|1|0|0},{1|1|0|0|0},{1|0|0|0|0}]">26</label>
<label id="[{0|0|1|0|0},{1|1|1|0|0},{1|0|0|0|0}]">52</label>
<label id="[{0|0|2|0|0},{0|1|0|0|0},{1|0|0|0|0}]">2</label>
<label id="[{0|0|2|0|0},{0|1|1|0|0},{1|0|0|0|0}]">4</label>
<label id="[{0|0|2|0|0},{1|1|0|0|0},{1|0|0|0|0}]">26</label>
<label id="[{0|0|2|0|0},{1|1|1|0|0},{1|0|0|0|0}]">52</label>
<label id="[{0|0|3|0|0},{0|1|0|0|0},{1|0|0|0|0}]">2</label>
<label id="[{0|0|3|0|0},{0|1|1|0|0},{1|0|0|0|0}]">4</label>
<label id="[{0|0|3|0|0},{1|1|0|0|0},{1|0|0|0|0}]">26</label>
<label id="[{0|0|3|0|0},{1|1|1|0|0},{1|0|0|0|0}]">52</label>
<label id="[{0|1|0|0|0},{0|0|0|0|0},{1|0|0|0|0}]">62</label>
<label id="[{0|1|0|0|0},{0|0|0|0|0},{1|1|0|0|0}]">5</label>
<label id="[{0|1|0|0|0},{0|1|0|0|0},{1|0|0|0|0}]">165</label>
<label id="[{0|1|0|0|0},{0|1|0|0|0},{1|1|0|0|0}]">8</label>
<label id="[{0|1|0|0|0},{0|1|1|0|0},{1|0|0|0|0}]">4</label>
<label id="[{0|1|0|0|0},{1|0|0|0|0},{0|0|0|0|0}]">50</label>
<label id="[{0|1|0|0|0},{1|0|0|0|0},{1|0|0|0|0}]">206</label>
<label id="[{0|1|0|0|0},{1|0|0|0|0},{1|1|0|0|0}]">75</label>
<label id="[{0|1|0|0|0},{1|1|0|0|0},{0|0|0|0|0}]">100</label>
<label id="[{0|1|0|0|0},{1|1|0|0|0},{1|0|0|0|0}]">651</label>
<label id="[{0|1|0|0|0},{1|1|0|0|0},{1|1|0|0|0}]">120</label>
<label id="[{0|1|0|0|0},{1|1|1|0|0},{1|0|0|0|0}]">52</label>
<label id="[{0|1|1|0|0},{0|0|0|0|0},{1|1|0|0|0}]">2</label>
<label id="[{0|1|1|0|0},{0|0|1|0|0},{1|1|0|0|0}]">5</label>
<label id="[{0|1|1|0|0},{0|1|0|0|0},{1|0|0|0|0}]">66</label>
<label id="[{0|1|1|0|0},{0|1|0|0|0},{1|1|0|0|0}]">4</label>
<label id="[{0|1|1|0|0},{0|1|1|0|0},{1|0|0|0|0}]">132</label>
<label id="[{0|1|1|0|0},{0|1|1|0|0},{1|1|0|0|0}]">8</label>
<label id="[{0|1|1|0|0},{1|0|0|0|0},{1|1|0|0|0}]">30</label>
<label id="[{0|1|1|0|0},{1|0|1|0|0},{1|1|0|0|0}]">75</label>
<label id="[{0|1|1|0|0},{1|1|0|0|0},{1|0|0|0|0}]">266</label>
<label id="[{0|1|1|0|0},{1|1|0|0|0},{1|1|0|0|0}]">60</label>
<label id="[{0|1|1|0|0},{1|1|1|0|0},{1|0|0|0|0}]">532</label>
<label id="[{0|1|1|0|0},{1|1|1|0|0},{1|1|0|0|0}]">120</label>
<label id="[{0|1|1|1|0},{0|0|1|0|0},{1|1|0|0|0}]">2</label>
<label id="[{0|1|1|1|0},{0|0|1|1|0},{1|1|0|0|0}]">4</label>
<label id="[{0|1|1|1|0},{0|1|1|0|0},{1|1|0|0|0}]">4</label>
<label id="[{0|1|1|1|0},{0|1|1|1|0},{1|1|0|0|0}]">8</label>
<label id="[{0|1|1|1|0},{1|0|1|0|0},{1|1|0|0|0}]">30</label>
<label id="[{0|1|1|1|0},{1|0|1|1|0},{1|1|0|0|0}]">60</label>
<label id="[{0|1|1|1|0},{1|1|1|0|0},{1|1|0|0|0}]">60</label>
<label id="[{0|1|1|1|0},{1|1|1|1|0},{1|1|0|0|0}]">120</label>
<label id="[{0|1|2|0|0},{1|1|0|0|0},{1|0|0|0|0}]">2</label>
<label id="[{0|1|2|0|0},{1|1|1|0|0},{1|0|0|0|0}]">4</label>
<label id="[{0|1|3|0|0},{1|1|0|0|0},{1|0|0|0|0}]">2</label>
<label id="[{0|1|3|0|0},{1|1|1|0|0},{1|0|0|0|0}]">4</label>
<label id="[{0|2|0|0|0},{0|0|0|0|0},{1|0|0|0|0}]">62</label>
<label id="[{0|2|0|0|0},{0|0|0|0|0},{1|1|0|0|0}]">5</label>
<label id="[{0|2|0|0|0},{0|1|0|0|0},{1|0|0|0|0}]">165</label>
<label id="[{0|2|0|0|0},{0|1|0|0|0},{1|1|0|0|0}]">8</label>
<label id="[{0|2|0|0|0},{0|1|1|0|0},{1|0|0|0|0}]">4</label>
<label id="[{0|2|0|0|0},{1|0|0|0|0},{0|0|0|0|0}]">50</label>
<label id="[{0|2|0|0|0},{1|0|0|0|0},{1|0|0|0|0}]">206</label>
<label id="[{0|2|0|0|0},{1|0|0|0|0},{1|1|0|0|0}]">75</label>
<label id="[{0|2|0|0|0},{1|1|0|0|0},{0|0|0|0|0}]">100</label>
<label id="[{0|2|0|0|0},{1|1|0|0|0},{1|0|0|0|0}]">651</label>
<label id="[{0|2|0|0|0},{1|1|0|0|0},{1|1|0|0|0}]">120</label>
<label id="[{0|2|0|0|0},{1|1|1|0|0},{1|0|0|0|0}]">52</label>
<label id="[{0|2|1|0|0},{1|1|0|0|0},{1|0|0|0|0}]">2</label>
<label id="[{0|2|1|0|0},{1|1|1|0|0},{1|0|0|0|0}]">4</label>
<label id="[{0|2|2|0|0},{0|0|0|0|0},{1|1|0|0|0}]">2</label>
<label id="[{0|2|2|0|0},{0|0|1|0|0},{1|1|0|0|0}]">5</label>
<label id="[{0|2|2|0|0},{0|1|0|0|0},{1|0|0|0|0}]">66</label>
<label id="[{0|2|2|0|0},{0|1|0|0|0},{1|1|0|0|0}]">4</label>
<label id="[{0|2|2|0|0},{0|1|1|0|0},{1|0|0|0|0}]">132</label>
<label id="[{0|2|2|0|0},{0|1|1|0|0},{1|1|0|0|0}]">8</label>
<label id="[{0|2|2|0|0},{1|0|0|0|0},{1|1|0|0|0}]">30</label>
<label id="[{0|2|2|0|0},{1|0|1|0|0},{1|1|0|0|0}]">75</label>
<label id="[{0|2|2|0|0},{1|1|0|0|0},{1|0|0|0|0}]">266</label>
<label id="[{0|2|2|0|0},{1|1|0|0|0},{1|1|0|0|0}]">60</label>
<label id="[{0|2|2|0|0},{1|1|1|0|0},{1|0|0|0|0}]">532</label>
<label id="[{0|2|2|0|0},{1|1|1|0|0},{1|1|0|0|0}]">120</label>
<label id="[{0|2|2|2|0},{0|0|1|0|0},{1|1|0|0|0}]">2</label>
<label id="[{0|2|2|2|0},{0|0|1|1|0},{1|1|0|0|0}]">4</label>
<label id="[{0|2|2|2|0},{0|1|1|0|0},{1|1|0|0|0}]">4</label>
<label id="[{0|2|2|2|0},{0|1|1|1|0},{1|1|0|0|0}]">8</label>
<label id="[{0|2|2|2|0},{1|0|1|0|0},{1|1|0|0|0}]">30</label>
<label id="[{0|2|2|2|0},{1|0|1|1|0},{1|1|0|0|0}]">60</label>
<label id="[{0|2|2|2|0},{1|1|1|0|0},{1|1|0|0|0}]">60</label>
<label id="[{0|2|2|2|0},{1|1|1|1|0},{1|1|0|0|0}]">120</label>
<label id="[{0|2|3|0|0},{1|1|0|0|0},{1|0|0|0|0}]">2</label>
<label id="[{0|2|3|0|0},{1|1|1|0|0},{1|0|0|0|0}]">4</label>
<label id="[{0|3|0|0|0},{0|0|0|0|0},{1|0|0|0|0}]">62</label>
<label id="[{0|3|0|0|0},{0|0|0|0|0},{1|1|0|0|0}]">5</label>
<label id="[{0|3|0|0|0},{0|1|0|0|0},{1|0|0|0|0}]">165</label>
<label id="[{0|3|0|0|0},{0|1|0|0|0},{1|1|0|0|0}]">8</label>
<label id="[{0|3|0|0|0},{0|1|1|0|0},{1|0|0|0|0}]">4</label>
<label id="[{0|3|0|0|0},{1|0|0|0|0},{0|0|0|0|0}]">50</label>
<label id="[{0|3|0|0|0},{1|0|0|0|0},{1|0|0|0|0}]">206</label>
<label id="[{0|3|0|0|0},{1|0|0|0|0},{1|1|0|0|0}]">75</label>
<label id="[{0|3|0|0|0},{1|1|0|0|0},{0|0|0|0|0}]">100</label>
<label id="[{0|3|0|0|0},{1|1|0|0|0},{1|0|0|0|0}]">651</label>
<label id="[{0|3|0|0|0},{1|1|0|0|0},{1|1|0|0|0}]">120</label>
<label id="[{0|3|0|0|0},{1|1|1|0|0},{1|0|0|0|0}]">52</label>
<label id="[{0|3|1|0|0},{1|1|0|0|0},{1|0|0|0|0}]">2</label>
<label id="[{0|3|1|0|0},{1|1|1|0|0},{1|0|0|0|0}]">4</label>
<label id="[{0|3|2|0|0},{1|1|0|0|0},{1|0|0|0|0}]">2</label>
<label id="[{0|3|2|0|0},{1|1|1|0|0},{1|0|0|0|0}]">4</label>
<label id="[{0|3|3|0|0},{0|0|0|0|0},{1|1|0|0|0}]">2</label>
<label id="[{0|3|3|0|0},{0|0|1|0|0},{1|1|0|0|0}]">5</label>
<label id="[{0|3|3|0|0},{0|1|0|0|0},{1|0|0|0|0}]">66</label>
<label id="[{0|3|3|0|0},{0|1|0|0|0},{1|1|0|0|0}]">4</label>
<label id="[{0|3|3|0|0},{0|1|1|0|0},{1|0|0|0|0}]">132</label>
<label id="[{0|3|3|0|0},{0|1|1|0|0},{1|1|0|0|0}]">8</label>
<label id="[{0|3|3|0|0},{1|0|0|0|0},{1|1|0|0|0}]">30</label>
<label id="[{0|3|3|0|0},{1|0|1|0|0},{1|1|0|0|0}]">75</label>
<label id="[{0|3|3|0|0},{1|1|0|0|0},{1|0|0|0|0}]">266</label>
<label id="[{0|3|3|0|0},{1|1|0|0|0},{1|1|0|0|0}]">60</label>
<label id="[{0|3|3|0|0},{1|1|1|0|0},{1|0|0|0|0}]">532</label>
<label id="[{0|3|3|0|0},{1|1|1|0|0},{1|1|0|0|0}]">120</label>
<label id="[{0|3|3|3|0},{0|0|1|0|0},{1|1|0|0|0}]">2</label>
<label id="[{0|3|3|3|0},{0|0|1|1|0},{1|1|0|0|0}]">4</label>
<label id="[{0|3|3|3|0},{0|1|1|0|0},{1|1|0|0|0}]">4</label>
<label id="[{0|3|3|3|0},{0|1|1|1|0},{1|1|0|0|0}]">8</label>
<label id="[{0|3|3|3|0},{1|0|1|0|0},{1|1|0|0|0}]">30</label>
<label id="[{0|3|3|3|0},{1|0|1|1|0},{1|1|0|0|0}]">60</label>
<label id="[{0|3|3|3|0},{1|1|1|0|0},{1|1|0|0|0}]">60</label>
<label id="[{0|3|3|3|0},{1|1|1|1|0},{1|1|0|0|0}]">120</label>
<label id="[{1|0|0|0|0},{0|0|0|0|0},{0|0|0|0|0}]">54</label>
<label id="[{1|0|0|0|0},{0|0|0|0|0},{1|0|0|0|0}]">871</label>
<label id="[{1|0|0|0|0},{0|0|0|0|0},{1|1|0|0|0}]">7</label>
<label id="[{1|0|0|0|0},{0|0|1|0|0},{1|1|0|0|0}]">7</label>
<label id="[{1|0|0|0|0},{0|0|1|1|0},{1|1|0|0|0}]">4</label>
<label id="[{1|0|0|0|0},{0|1|0|0|0},{1|0|0|0|0}]">229</label>
<label id="[{1|0|0|0|0},{0|1|0|0|0},{1|1|0|0|0}]">12</label>
<label id="[{1|0|0|0|0},{0|1|1|0|0},{1|0|0|0|0}]">132</label>
<label id="[{1|0|0|0|0},{0|1|1|0|0},{1|1|0|0|0}]">12</label>
<label id="[{1|0|0|0|0},{0|1|1|1|0},{1|1|0|0|0}]">8</label>
<label id="[{1|0|0|0|0},{1|0|0|0|0},{0|0|0|0|0}]">771</label>
<label id="[{1|0|0|0|0},{1|0|0|0|0},{1|0|0|0|0}]">1648</label>
<label id="[{1|0|0|0|0},{1|0|0|0|0},{1|1|0|0|0}]">105</label>
<label id="[{1|0|0|0|0},{1|0|1|0|0},{1|1|0|0|0}]">105</label>
<label id="[{1|0|0|0|0},{1|0|1|1|0},{1|1|0|0|0}]">60</label>
<label id="[{1|0|0|0|0},{1|1|0|0|0},{0|0|0|0|0}]">100</label>
<label id="[{1|0|0|0|0},{1|1|0|0|0},{1|0|0|0|0}]">891</label>
<label id="[{1|0|0|0|0},{1|1|0|0|0},{1|1|0|0|0}]">180</label>
<label id="[{1|0|0|0|0},{1|1|1|0|0},{1|0|0|0|0}]">532</label>
<label id="[{1|0|0|0|0},{1|1|1|0|0},{1|1|0|0|0}]">180</label>
<label id="[{1|0|0|0|0},{1|1|1|1|0},{1|1|0|0|0}]">120</label>
<label id="[{1|0|1|0|0},{0|1|0|0|0},{1|0|0|0|0}]">2</label>
<label id="[{1|0|1|0|0},{0|1|1|0|0},{1|0|0|0|0}]">4</label>
<label id="[{1|0|1|0|0},{1|1|0|0|0},{1|0|0|0|0}]">26</label>
<label id="[{1|0|1|0|0},{1|1|1|0|0},{1|0|0|0|0}]">52</label>
<label id="[{1|0|2|0|0},{1|1|0|0|0},{1|0|0|0|0}]">2</label>
<label id="[{1|0|2|0|0},{1|1|1|0|0},{1|0|0|0|0}]">4</label>
<label id="[{1|0|3|0|0},{1|1|0|0|0},{1|0|0|0|0}]">2</label>
<label id="[{1|0|3|0|0},{1|1|1|0|0},{1|0|0|0|0}]">4</label>
<label id="[{1|1|0|0|0},{0|0|0|0|0},{1|0|0|0|0}]">278</label>
<label id="[{1|1|0|0|0},{0|0|0|0|0},{1|1|0|0|0}]">15</label>
<label id="[{1|1|0|0|0},{0|1|0|0|0},{1|0|0|0|0}]">715</label>
<label id="[{1|1|0|0|0},{0|1|0|0|0},{1|1|0|0|0}]">24</label>
<label id="[{1|1|0|0|0},{0|1|1|0|0},{1|0|0|0|0}]">4</label>
<label id="[{1|1|0|0|0},{1|0|0|0|0},{0|0|0|0|0}]">250</label>
<label id="[{1|1|0|0|0},{1|0|0|0|0},{1|0|0|0|0}]">748</label>
<label id="[{1|1|0|0|0},{1|0|0|0|0},{1|1|0|0|0}]">195</label>
<label id="[{1|1|0|0|0},{1|1|0|0|0},{0|0|0|0|0}]">500</label>
<label id="[{1|1|0|0|0},{1|1|0|0|0},{1|0|0|0|0}]">2056</label>
<label id="[{1|1|0|0|0},{1|1|0|0|0},{1|1|0|0|0}]">312</label>
<label id="[{1|1|0|0|0},{1|1|1|0|0},{1|0|0|0|0}]">52</label>
<label id="[{1|1|1|0|0},{0|0|0|0|0},{1|1|0|0|0}]">6</label>
<label id="[{1|1|1|0|0},{0|0|1|0|0},{1|1|0|0|0}]">15</label>
<label id="[{1|1|1|0|0},{0|1|0|0|0},{1|0|0|0|0}]">290</label>
<label id="[{1|1|1|0|0},{0|1|0|0|0},{1|1|0|0|0}]">12</label>
<label id="[{1|1|1|0|0},{0|1|1|0|0},{1|0|0|0|0}]">580</label>
<label id="[{1|1|1|0|0},{0|1|1|0|0},{1|1|0|0|0}]">24</label>
<label id="[{1|1|1|0|0},{1|0|0|0|0},{1|1|0|0|0}]">78</label>
<label id="[{1|1|1|0|0},{1|0|1|0|0},{1|1|0|0|0}]">195</label>
<label id="[{1|1|1|0|0},{1|1|0|0|0},{1|0|0|0|0}]">904</label>
<label id="[{1|1|1|0|0},{1|1|0|0|0},{1|1|0|0|0}]">156</label>
<label id="[{1|1|1|0|0},{1|1|1|0|0},{1|0|0|0|0}]">1808</label>
<label id="[{1|1|1|0|0},{1|1|1|0|0},{1|1|0|0|0}]">312</label>
<label id="[{1|1|1|1|0},{0|0|1|0|0},{1|1|0|0|0}]">6</label>
<label id="[{1|1|1|1|0},{0|0|1|1|0},{1|1|0|0|0}]">12</label>
<label id="[{1|1|1|1|0},{0|1|1|0|0},{1|1|0|0|0}]">12</label>
<label id="[{1|1|1|1|0},{0|1|1|1|0},{1|1|0|0|0}]">24</label>
<label id="[{1|1|1|1|0},{1|0|1|0|0},{1|1|0|0|0}]">78</label>
<label id="[{1|1|1|1|0},{1|0|1|1|0},{1|1|0|0|0}]">156</label>
<label id="[{1|1|1|1|0},{1|1|1|0|0},{1|1|0|0|0}]">156</label>
<label id="[{1|1|1|1|0},{1|1|1|1|0},{1|1|0|0|0}]">312</label>
<label id="[{1|1|2|0|0},{0|1|0|0|0},{1|0|0|0|0}]">2</label>
<label id="[{1|1|2|0|0},{0|1|1|0|0},{1|0|0|0|0}]">4</label>
<label id="[{1|1|2|0|0},{1|1|0|0|0},{1|0|0|0|0}]">26</label>
<label id="[{1|1|2|0|0},{1|1|1|0|0},{1|0|0|0|0}]">52</label>
<label id="[{1|1|3|0|0},{0|1|0|0|0},{1|0|0|0|0}]">2</label>
<label id="[{1|1|3|0|0},{0|1|1|0|0},{1|0|0|0|0}]">4</label>
<label id="[{1|1|3|0|0},{1|1|0|0|0},{1|0|0|0|0}]">26</label>
<label id="[{1|1|3|0|0},{1|1|1|0|0},{1|0|0|0|0}]">52</label>
<label id="[{1|2|0|0|0},{0|0|0|0|0},{1|0|0|0|0}]">62</label>
<label id="[{1|2|0|0|0},{0|0|0|0|0},{1|1|0|0|0}]">5</label>
<label id="[{1|2|0|0|0},{0|1|0|0|0},{1|0|0|0|0}]">163</label>
<label id="[{1|2|0|0|0},{0|1|0|0|0},{1|1|0|0|0}]">8</label>
<label id="[{1|2|0|0|0},{1|0|0|0|0},{0|0|0|0|0}]">50</label>
<label id="[{1|2|0|0|0},{1|0|0|0|0},{1|0|0|0|0}]">206</label>
<label id="[{1|2|0|0|0},{1|0|0|0|0},{1|1|0|0|0}]">75</label>
<label id="[{1|2|0|0|0},{1|1|0|0|0},{0|0|0|0|0}]">100</label>
<label id="[{1|2|0|0|0},{1|1|0|0|0},{1|0|0|0|0}]">627</label>
<label id="[{1|2|0|0|0},{1|1|0|0|0},{1|1|0|0|0}]">120</label>
<label id="[{1|2|0|0|0},{1|1|1|0|0},{1|0|0|0|0}]">4</label>
<label id="[{1|2|1|0|0},{0|1|0|0|0},{1|0|0|0|0}]">2</label>
<label id="[{1|2|1|0|0},{0|1|1|0|0},{1|0|0|0|0}]">4</label>
<label id="[{1|2|1|0|0},{1|1|0|0|0},{1|0|0|0|0}]">26</label>
<label id="[{1|2|1|0|0},{1|1|1|0|0},{1|0|0|0|0}]">52</label>
<label id="[{1|2|2|0|0},{0|0|0|0|0},{1|1|0|0|0}]">2</label>
<label id="[{1|2|2|0|0},{0|0|1|0|0},{1|1|0|0|0}]">5</label>
<label id="[{1|2|2|0|0},{0|1|0|0|0},{1|0|0|0|0}]">66</label>
<label id="[{1|2|2|0|0},{0|1|0|0|0},{1|1|0|0|0}]">4</label>
<label id="[{1|2|2|0|0},{0|1|1|0|0},{1|0|0|0|0}]">132</label>
<label id="[{1|2|2|0|0},{0|1|1|0|0},{1|1|0|0|0}]">8</label>
<label id="[{1|2|2|0|0},{1|0|0|0|0},{1|1|0|0|0}]">30</label>
<label id="[{1|2|2|0|0},{1|0|1|0|0},{1|1|0|0|0}]">75</label>
<label id="[{1|2|2|0|0},{1|1|0|0|0},{1|0|0|0|0}]">266</label>
<label id="[{1|2|2|0|0},{1|1|0|0|0},{1|1|0|0|0}]">60</label>
<label id="[{1|2|2|0|0},{1|1|1|0|0},{1|0|0|0|0}]">532</label>
<label id="[{1|2|2|0|0},{1|1|1|0|0},{1|1|0|0|0}]">120</label>
<label id="[{1|2|2|2|0},{0|0|1|0|0},{1|1|0|0|0}]">2</label>
<label id="[{1|2|2|2|0},{0|0|1|1|0},{1|1|0|0|0}]">4</label>
<label id="[{1|2|2|2|0},{0|1|1|0|0},{1|1|0|0|0}]">4</label>
<label id="[{1|2|2|2|0},{0|1|1|1|0},{1|1|0|0|0}]">8</label>
<label id="[{1|2|2|2|0},{1|0|1|0|0},{1|1|0|0|0}]">30</label>
<label id="[{1|2|2|2|0},{1|0|1|1|0},{1|1|0|0|0}]">60</label>
<label id="[{1|2|2|2|0},{1|1|1|0|0},{1|1|0|0|0}]">60</label>
<label id="[{1|2|2|2|0},{1|1|1|1|0},{1|1|0|0|0}]">120</label>
<label id="[{1|2|3|0|0},{1|1|0|0|0},{1|0|0|0|0}]">2</label>
<label id="[{1|2|3|0|0},{1|1|1|0|0},{1|0|0|0|0}]">4</label>
<label id="[{1|3|0|0|0},{0|0|0|0|0},{1|0|0|0|0}]">62</label>
<label id="[{1|3|0|0|0},{0|0|0|0|0},{1|1|0|0|0}]">5</label>
<label id="[{1|3|0|0|0},{0|1|0|0|0},{1|0|0|0|0}]">163</label>
<label id="[{1|3|0|0|0},{0|1|0|0|0},{1|1|0|0|0}]">8</label>
<label id="[{1|3|0|0|0},{1|0|0|0|0},{0|0|0|0|0}]">50</label>
<label id="[{1|3|0|0|0},{1|0|0|0|0},{1|0|0|0|0}]">206</label>
<label id="[{1|3|0|0|0},{1|0|0|0|0},{1|1|0|0|0}]">75</label>
<label id="[{1|3|0|0|0},{1|1|0|0|0},{0|0|0|0|0}]">100</label>
<label id="[{1|3|0|0|0},{1|1|0|0|0},{1|0|0|0|0}]">627</label>
<label id="[{1|3|0|0|0},{1|1|0|0|0},{1|1|0|0|0}]">120</label>
<label id="[{1|3|0|0|0},{1|1|1|0|0},{1|0|0|0|0}]">4</label>
<label id="[{1|3|1|0|0},{0|1|0|0|0},{1|0|0|0|0}]">2</label>
<label id="[{1|3|1|0|0},{0|1|1|0|0},{1|0|0|0|0}]">4</label>
<label id="[{1|3|1|0|0},{1|1|0|0|0},{1|0|0|0|0}]">26</label>
<label id="[{1|3|1|0|0},{1|1|1|0|0},{1|0|0|0|0}]">52</label>
<label id="[{1|3|2|0|0},{1|1|0|0|0},{1|0|0|0|0}]">2</label>
<label id="[{1|3|2|0|0},{1|1|1|0|0},{1|0|0|0|0}]">4</label>
<label id="[{1|3|3|0|0},{0|0|0|0|0},{1|1|0|0|0}]">2</label>
<label id="[{1|3|3|0|0},{0|0|1|0|0},{1|1|0|0|0}]">5</label>
<label id="[{1|3|3|0|0},{0|1|0|0|0},{1|0|0|0|0}]">66</label>
<label id="[{1|3|3|0|0},{0|1|0|0|0},{1|1|0|0|0}]">4</label>
<label id="[{1|3|3|0|0},{0|1|1|0|0},{1|0|0|0|0}]">132</label>
<label id="[{1|3|3|0|0},{0|1|1|0|0},{1|1|0|0|0}]">8</label>
<label id="[{1|3|3|0|0},{1|0|0|0|0},{1|1|0|0|0}]">30</label>
<label id="[{1|3|3|0|0},{1|0|1|0|0},{1|1|0|0|0}]">75</label>
<label id="[{1|3|3|0|0},{1|1|0|0|0},{1|0|0|0|0}]">266</label>
<label id="[{1|3|3|0|0},{1|1|0|0|0},{1|1|0|0|0}]">60</label>
<label id="[{1|3|3|0|0},{1|1|1|0|0},{1|0|0|0|0}]">532</label>
<label id="[{1|3|3|0|0},{1|1|1|0|0},{1|1|0|0|0}]">120</label>
<label id="[{1|3|3|3|0},{0|0|1|0|0},{1|1|0|0|0}]">2</label>
<label id="[{1|3|3|3|0},{0|0|1|1|0},{1|1|0|0|0}]">4</label>
<label id="[{1|3|3|3|0},{0|1|1|0|0},{1|1|0|0|0}]">4</label>
<label id="[{1|3|3|3|0},{0|1|1|1|0},{1|1|0|0|0}]">8</label>
<label id="[{1|3|3|3|0},{1|0|1|0|0},{1|1|0|0|0}]">30</label>
<label id="[{1|3|3|3|0},{1|0|1|1|0},{1|1|0|0|0}]">60</label>
<label id="[{1|3|3|3|0},{1|1|1|0|0},{1|1|0|0|0}]">60</label>
<label id="[{1|3|3|3|0},{1|1|1|1|0},{1|1|0|0|0}]">120</label>
<label id="[{2|0|0|0|0},{0|0|0|0|0},{0|0|0|0|0}]">54</label>
<label id="[{2|0|0|0|0},{0|0|0|0|0},{1|0|0|0|0}]">871</label>
<label id="[{2|0|0|0|0},{0|0|0|0|0},{1|1|0|0|0}]">7</label>
<label id="[{2|0|0|0|0},{0|0|1|0|0},{1|1|0|0|0}]">7</label>
<label id="[{2|0|0|0|0},{0|0|1|1|0},{1|1|0|0|0}]">4</label>
<label id="[{2|0|0|0|0},{0|1|0|0|0},{1|0|0|0|0}]">229</label>
<label id="[{2|0|0|0|0},{0|1|0|0|0},{1|1|0|0|0}]">12</label>
<label id="[{2|0|0|0|0},{0|1|1|0|0},{1|0|0|0|0}]">132</label>
<label id="[{2|0|0|0|0},{0|1|1|0|0},{1|1|0|0|0}]">12</label>
<label id="[{2|0|0|0|0},{0|1|1|1|0},{1|1|0|0|0}]">8</label>
<label id="[{2|0|0|0|0},{1|0|0|0|0},{0|0|0|0|0}]">771</label>
<label id="[{2|0|0|0|0},{1|0|0|0|0},{1|0|0|0|0}]">1648</label>
<label id="[{2|0|0|0|0},{1|0|0|0|0},{1|1|0|0|0}]">105</label>
<label id="[{2|0|0|0|0},{1|0|1|0|0},{1|1|0|0|0}]">105</label>
<label id="[{2|0|0|0|0},{1|0|1|1|0},{1|1|0|0|0}]">60</label>
<label id="[{2|0|0|0|0},{1|1|0|0|0},{0|0|0|0|0}]">100</label>
<label id="[{2|0|0|0|0},{1|1|0|0|0},{1|0|0|0|0}]">891</label>
<label id="[{2|0|0|0|0},{1|1|0|0|0},{1|1|0|0|0}]">180</label>
<label id="[{2|0|0|0|0},{1|1|1|0|0},{1|0|0|0|0}]">532</label>
<label id="[{2|0|0|0|0},{1|1|1|0|0},{1|1|0|0|0}]">180</label>
<label id="[{2|0|0|0|0},{1|1|1|1|0},{1|1|0|0|0}]">120</label>
<label id="[{2|0|1|0|0},{1|1|0|0|0},{1|0|0|0|0}]">2</label>
<label id="[{2|0|1|0|0},{1|1|1|0|0},{1|0|0|0|0}]">4</label>
<label id="[{2|0|2|0|0},{0|1|0|0|0},{1|0|0|0|0}]">2</label>
<label id="[{2|0|2|0|0},{0|1|1|0|0},{1|0|0|0|0}]">4</label>
<label id="[{2|0|2|0|0},{1|1|0|0|0},{1|0|0|0|0}]">26</label>
<label id="[{2|0|2|0|0},{1|1|1|0|0},{1|0|0|0|0}]">52</label>
<label id="[{2|0|3|0|0},{1|1|0|0|0},{1|0|0|0|0}]">2</label>
<label id="[{2|0|3|0|0},{1|1|1|0|0},{1|0|0|0|0}]">4</label>
<label id="[{2|1|0|0|0},{0|0|0|0|0},{1|0|0|0|0}]">62</label>
<label id="[{2|1|0|0|0},{0|0|0|0|0},{1|1|0|0|0}]">5</label>
<label id="[{2|1|0|0|0},{0|1|0|0|0},{1|0|0|0|0}]">163</label>
<label id="[{2|1|0|0|0},{0|1|0|0|0},{1|1|0|0|0}]">8</label>
<label id="[{2|1|0|0|0},{1|0|0|0|0},{0|0|0|0|0}]">50</label>
<label id="[{2|1|0|0|0},{1|0|0|0|0},{1|0|0|0|0}]">206</label>
<label id="[{2|1|0|0|0},{1|0|0|0|0},{1|1|0|0|0}]">75</label>
<label id="[{2|1|0|0|0},{1|1|0|0|0},{0|0|0|0|0}]">100</label>
<label id="[{2|1|0|0|0},{1|1|0|0|0},{1|0|0|0|0}]">627</label>
<label id="[{2|1|0|0|0},{1|1|0|0|0},{1|1|0|0|0}]">120</label>
<label id="[{2|1|0|0|0},{1|1|1|0|0},{1|0|0|0|0}]">4</label>
<label id="[{2|1|1|0|0},{0|0|0|0|0},{1|1|0|0|0}]">2</label>
<label id="[{2|1|1|0|0},{0|0|1|0|0},{1|1|0|0|0}]">5</label>
<label id="[{2|1|1|0|0},{0|1|0|0|0},{1|0|0|0|0}]">66</label>
<label id="[{2|1|1|0|0},{0|1|0|0|0},{1|1|0|0|0}]">4</label>
<label id="[{2|1|1|0|0},{0|1|1|0|0},{1|0|0|0|0}]">132</label>
<label id="[{2|1|1|0|0},{0|1|1|0|0},{1|1|0|0|0}]">8</label>
<label id="[{2|1|1|0|0},{1|0|0|0|0},{1|1|0|0|0}]">30</label>
<label id="[{2|1|1|0|0},{1|0|1|0|0},{1|1|0|0|0}]">75</label>
<label id="[{2|1|1|0|0},{1|1|0|0|0},{1|0|0|0|0}]">266</label>
<label id="[{2|1|1|0|0},{1|1|0|0|0},{1|1|0|0|0}]">60</label>
<label id="[{2|1|1|0|0},{1|1|1|0|0},{1|0|0|0|0}]">532</label>
<label id="[{2|1|1|0|0},{1|1|1|0|0},{1|1|0|0|0}]">120</label>
<label id="[{2|1|1|1|0},{0|0|1|0|0},{1|1|0|0|0}]">2</label>
<label id="[{2|1|1|1|0},{0|0|1|1|0},{1|1|0|0|0}]">4</label>
<label id="[{2|1|1|1|0},{0|1|1|0|0},{1|1|0|0|0}]">4</label>
<label id="[{2|1|1|1|0},{0|1|1|1|0},{1|1|0|0|0}]">8</label>
<label id="[{2|1|1|1|0},{1|0|1|0|0},{1|1|0|0|0}]">30</label>
<label id="[{2|1|1|1|0},{1|0|1|1|0},{1|1|0|0|0}]">60</label>
<label id="[{2|1|1|1|0},{1|1|1|0|0},{1|1|0|0|0}]">60</label>
<label id="[{2|1|1|1|0},{1|1|1|1|0},{1|1|0|0|0}]">120</label>
<label id="[{2|1|2|0|0},{0|1|0|0|0},{1|0|0|0|0}]">2</label>
<label id="[{2|1|2|0|0},{0|1|1|0|0},{1|0|0|0|0}]">4</label>
<label id="[{2|1|2|0|0},{1|1|0|0|0},{1|0|0|0|0}]">26</label>
<label id="[{2|1|2|0|0},{1|1|1|0|0},{1|0|0|0|0}]">52</label>
<label id="[{2|1|3|0|0},{1|1|0|0|0},{1|0|0|0|0}]">2</label>
<label id="[{2|1|3|0|0},{1|1|1|0|0},{1|0|0|0|0}]">4</label>
<label id="[{2|2|0|0|0},{0|0|0|0|0},{1|0|0|0|0}]">278</label>
<label id="[{2|2|0|0|0},{0|0|0|0|0},{1|1|0|0|0}]">15</label>
<label id="[{2|2|0|0|0},{0|1|0|0|0},{1|0|0|0|0}]">715</label>
<label id="[{2|2|0|0|0},{0|1|0|0|0},{1|1|0|0|0}]">24</label>
<label id="[{2|2|0|0|0},{0|1|1|0|0},{1|0|0|0|0}]">4</label>
<label id="[{2|2|0|0|0},{1|0|0|0|0},{0|0|0|0|0}]">250</label>
<label id="[{2|2|0|0|0},{1|0|0|0|0},{1|0|0|0|0}]">748</label>
<label id="[{2|2|0|0|0},{1|0|0|0|0},{1|1|0|0|0}]">195</label>
<label id="[{2|2|0|0|0},{1|1|0|0|0},{0|0|0|0|0}]">500</label>
<label id="[{2|2|0|0|0},{1|1|0|0|0},{1|0|0|0|0}]">2056</label>
<label id="[{2|2|0|0|0},{1|1|0|0|0},{1|1|0|0|0}]">312</label>
<label id="[{2|2|0|0|0},{1|1|1|0|0},{1|0|0|0|0}]">52</label>
<label id="[{2|2|1|0|0},{0|1|0|0|0},{1|0|0|0|0}]">2</label>
<label id="[{2|2|1|0|0},{0|1|1|0|0},{1|0|0|0|0}]">4</label>
<label id="[{2|2|1|0|0},{1|1|0|0|0},{1|0|0|0|0}]">26</label>
<label id="[{2|2|1|0|0},{1|1|1|0|0},{1|0|0|0|0}]">52</label>
<label id="[{2|2|2|0|0},{0|0|0|0|0},{1|1|0|0|0}]">6</label>
<label id="[{2|2|2|0|0},{0|0|1|0|0},{1|1|0|0|0}]">15</label>
<label id="[{2|2|2|0|0},{0|1|0|0|0},{1|0|0|0|0}]">290</label>
<label id="[{2|2|2|0|0},{0|1|0|0|0},{1|1|0|0|0}]">12</label>
<label id="[{2|2|2|0|0},{0|1|1|0|0},{1|0|0|0|0}]">580</label>
<label id="[{2|2|2|0|0},{0|1|1|0|0},{1|1|0|0|0}]">24</label>
<label id="[{2|2|2|0|0},{1|0|0|0|0},{1|1|0|0|0}]">78</label>
<label id="[{2|2|2|0|0},{1|0|1|0|0},{1|1|0|0|0}]">195</label>
<label id="[{2|2|2|0|0},{1|1|0|0|0},{1|0|0|0|0}]">904</label>
<label id="[{2|2|2|0|0},{1|1|0|0|0},{1|1|0|0|0}]">156</label>
<label id="[{2|2|2|0|0},{1|1|1|0|0},{1|0|0|0|0}]">1808</label>
<label id="[{2|2|2|0|0},{1|1|1|0|0},{1|1|0|0|0}]">312</label>
<label id="[{2|2|2|2|0},{0|0|1|0|0},{1|1|0|0|0}]">6</label>
<label id="[{2|2|2|2|0},{0|0|1|1|0},{1|1|0|0|0}]">12</label>
<label id="[{2|2|2|2|0},{0|1|1|0|0},{1|1|0|0|0}]">12</label>
<label id="[{2|2|2|2|0},{0|1|1|1|0},{1|1|0|0|0}]">24</label>
<label id="[{2|2|2|2|0},{1|0|1|0|0},{1|1|0|0|0}]">78</label>
<label id="[{2|2|2|2|0},{1|0|1|1|0},{1|1|0|0|0}]">156</label>
<label id="[{2|2|2|2|0},{1|1|1|0|0},{1|1|0|0|0}]">156</label>
<label id="[{2|2|2|2|0},{1|1|1|1|0},{1|1|0|0|0}]">312</label>
<label id="[{2|2|3|0|0},{0|1|0|0|0},{1|0|0|0|0}]">2</label>
<label id="[{2|2|3|0|0},{0|1|1|0|0},{1|0|0|0|0}]">4</label>
<label id="[{2|2|3|0|0},{1|1|0|0|0},{1|0|0|0|0}]">26</label>
<label id="[{2|2|3|0|0},{1|1|1|0|0},{1|0|0|0|0}]">52</label>
<label id="[{2|3|0|0|0},{0|0|0|0|0},{1|0|0|0|0}]">62</label>
<label id="[{2|3|0|0|0},{0|0|0|0|0},{1|1|0|0|0}]">5</label>
<label id="[{2|3|0|0|0},{0|1|0|0|0},{1|0|0|0|0}]">163</label>
<label id="[{2|3|0|0|0},{0|1|0|0|0},{1|1|0|0|0}]">8</label>
<label id="[{2|3|0|0|0},{1|0|0|0|0},{0|0|0|0|0}]">50</label>
<label id="[{2|3|0|0|0},{1|0|0|0|0},{1|0|0|0|0}]">206</label>
<label id="[{2|3|0|0|0},{1|0|0|0|0},{1|1|0|0|0}]">75</label>
<label id="[{2|3|0|0|0},{1|1|0|0|0},{0|0|0|0|0}]">100</label>
<label id="[{2|3|0|0|0},{1|1|0|0|0},{1|0|0|0|0}]">627</label>
<label id="[{2|3|0|0|0},{1|1|0|0|0},{1|1|0|0|0}]">120</label>
<label id="[{2|3|0|0|0},{1|1|1|0|0},{1|0|0|0|0}]">4</label>
<label id="[{2|3|1|0|0},{1|1|0|0|0},{1|0|0|0|0}]">2</label>
<label id="[{2|3|1|0|0},{1|1|1|0|0},{1|0|0|0|0}]">4</label>
<label id="[{2|3|2|0|0},{0|1|0|0|0},{1|0|0|0|0}]">2</label>
<label id="[{2|3|2|0|0},{0|1|1|0|0},{1|0|0|0|0}]">4</label>
<label id="[{2|3|2|0|0},{1|1|0|0|0},{1|0|0|0|0}]">26</label>
<label id="[{2|3|2|0|0},{1|1|1|0|0},{1|0|0|0|0}]">52</label>
<label id="[{2|3|3|0|0},{0|0|0|0|0},{1|1|0|0|0}]">2</label>
<label id="[{2|3|3|0|0},{0|0|1|0|0},{1|1|0|0|0}]">5</label>
<label id="[{2|3|3|0|0},{0|1|0|0|0},{1|0|0|0|0}]">66</label>
<label id="[{2|3|3|0|0},{0|1|0|0|0},{1|1|0|0|0}]">4</label>
<label id="[{2|3|3|0|0},{0|1|1|0|0},{1|0|0|0|0}]">132</label>
<label id="[{2|3|3|0|0},{0|1|1|0|0},{1|1|0|0|0}]">8</label>
<label id="[{2|3|3|0|0},{1|0|0|0|0},{1|1|0|0|0}]">30</label>
<label id="[{2|3|3|0|0},{1|0|1|0|0},{1|1|0|0|0}]">75</label>
<label id="[{2|3|3|0|0},{1|1|0|0|0},{1|0|0|0|0}]">266</label>
<label id="[{2|3|3|0|0},{1|1|0|0|0},{1|1|0|0|0}]">60</label>
<label id="[{2|3|3|0|0},{1|1|1|0|0},{1|0|0|0|0}]">532</label>
<label id="[{2|3|3|0|0},{1|1|1|0|0},{1|1|0|0|0}]">120</label>
<label id="[{2|3|3|3|0},{0|0|1|0|0},{1|1|0|0|0}]">2</label>
<label id="[{2|3|3|3|0},{0|0|1|1|0},{1|1|0|0|0}]">4</label>
<label id="[{2|3|3|3|0},{0|1|1|0|0},{1|1|0|0|0}]">4</label>
<label id="[{2|3|3|3|0},{0|1|1|1|0},{1|1|0|0|0}]">8</label>
<label id="[{2|3|3|3|0},{1|0|1|0|0},{1|1|0|0|0}]">30</label>
<label id="[{2|3|3|3|0},{1|0|1|1|0},{1|1|0|0|0}]">60</label>
<label id="[{2|3|3|3|0},{1|1|1|0|0},{1|1|0|0|0}]">60</label>
<label id="[{2|3|3|3|0},{1|1|1|1|0},{1|1|0|0|0}]">120</label>
<label id="[{3|0|0|0|0},{0|0|0|0|0},{0|0|0|0|0}]">54</label>
<label id="[{3|0|0|0|0},{0|0|0|0|0},{1|0|0|0|0}]">871</label>
<label id="[{3|0|0|0|0},{0|0|0|0|0},{1|1|0|0|0}]">7</label>
<label id="[{3|0|0|0|0},{0|0|1|0|0},{1|1|0|0|0}]">7</label>
<label id="[{3|0|0|0|0},{0|0|1|1|0},{1|1|0|0|0}]">4</label>
<label id="[{3|0|0|0|0},{0|1|0|0|0},{1|0|0|0|0}]">229</label>
<label id="[{3|0|0|0|0},{0|1|0|0|0},{1|1|0|0|0}]">12</label>
<label id="[{3|0|0|0|0},{0|1|1|0|0},{1|0|0|0|0}]">132</label>
<label id="[{3|0|0|0|0},{0|1|1|0|0},{1|1|0|0|0}]">12</label>
<label id="[{3|0|0|0|0},{0|1|1|1|0},{1|1|0|0|0}]">8</label>
<label id="[{3|0|0|0|0},{1|0|0|0|0},{0|0|0|0|0}]">771</label>
<label id="[{3|0|0|0|0},{1|0|0|0|0},{1|0|0|0|0}]">1648</label>
<label id="[{3|0|0|0|0},{1|0|0|0|0},{1|1|0|0|0}]">105</label>
<label id="[{3|0|0|0|0},{1|0|1|0|0},{1|1|0|0|0}]">105</label>
<label id="[{3|0|0|0|0},{1|0|1|1|0},{1|1|0|0|0}]">60</label>
<label id="[{3|0|0|0|0},{1|1|0|0|0},{0|0|0|0|0}]">100</label>
<label id="[{3|0|0|0|0},{1|1|0|0|0},{1|0|0|0|0}]">891</label>
<label id="[{3|0|0|0|0},{1|1|0|0|0},{1|1|0|0|0}]">180</label>
<label id="[{3|0|0|0|0},{1|1|1|0|0},{1|0|0|0|0}]">532</label>
<label id="[{3|0|0|0|0},{1|1|1|0|0},{1|1|0|0|0}]">180</label>
<label id="[{3|0|0|0|0},{1|1|1|1|0},{1|1|0|0|0}]">120</label>
<label id="[{3|0|1|0|0},{1|1|0|0|0},{1|0|0|0|0}]">2</label>
<label id="[{3|0|1|0|0},{1|1|1|0|0},{1|0|0|0|0}]">4</label>
<label id="[{3|0|2|0|0},{1|1|0|0|0},{1|0|0|0|0}]">2</label>
<label id="[{3|0|2|0|0},{1|1|1|0|0},{1|0|0|0|0}]">4</label>
<label id="[{3|0|3|0|0},{0|1|0|0|0},{1|0|0|0|0}]">2</label>
<label id="[{3|0|3|0|0},{0|1|1|0|0},{1|0|0|0|0}]">4</label>
<label id="[{3|0|3|0|0},{1|1|0|0|0},{1|0|0|0|0}]">26</label>
<label id="[{3|0|3|0|0},{1|1|1|0|0},{1|0|0|0|0}]">52</label>
<label id="[{3|1|0|0|0},{0|0|0|0|0},{1|0|0|0|0}]">62</label>
<label id="[{3|1|0|0|0},{0|0|0|0|0},{1|1|0|0|0}]">5</label>
<label id="[{3|1|0|0|0},{0|1|0|0|0},{1|0|0|0|0}]">163</label>
<label id="[{3|1|0|0|0},{0|1|0|0|0},{1|1|0|0|0}]">8</label>
<label id="[{3|1|0|0|0},{1|0|0|0|0},{0|0|0|0|0}]">50</label>
<label id="[{3|1|0|0|0},{1|0|0|0|0},{1|0|0|0|0}]">206</label>
<label id="[{3|1|0|0|0},{1|0|0|0|0},{1|1|0|0|0}]">75</label>
<label id="[{3|1|0|0|0},{1|1|0|0|0},{0|0|0|0|0}]">100</label>
<label id="[{3|1|0|0|0},{1|1|0|0|0},{1|0|0|0|0}]">627</label>
<label id="[{3|1|0|0|0},{1|1|0|0|0},{1|1|0|0|0}]">120</label>
<label id="[{3|1|0|0|0},{1|1|1|0|0},{1|0|0|0|0}]">4</label>
<label id="[{3|1|1|0|0},{0|0|0|0|0},{1|1|0|0|0}]">2</label>
<label id="[{3|1|1|0|0},{0|0|1|0|0},{1|1|0|0|0}]">5</label>
<label id="[{3|1|1|0|0},{0|1|0|0|0},{1|0|0|0|0}]">66</label>
<label id="[{3|1|1|0|0},{0|1|0|0|0},{1|1|0|0|0}]">4</label>
<label id="[{3|1|1|0|0},{0|1|1|0|0},{1|0|0|0|0}]">132</label>
<label id="[{3|1|1|0|0},{0|1|1|0|0},{1|1|0|0|0}]">8</label>
<label id="[{3|1|1|0|0},{1|0|0|0|0},{1|1|0|0|0}]">30</label>
<label id="[{3|1|1|0|0},{1|0|1|0|0},{1|1|0|0|0}]">75</label>
<label id="[{3|1|1|0|0},{1|1|0|0|0},{1|0|0|0|0}]">266</label>
<label id="[{3|1|1|0|0},{1|1|0|0|0},{1|1|0|0|0}]">60</label>
<label id="[{3|1|1|0|0},{1|1|1|0|0},{1|0|0|0|0}]">532</label>
<label id="[{3|1|1|0|0},{1|1|1|0|0},{1|1|0|0|0}]">120</label>
<label id="[{3|1|1|1|0},{0|0|1|0|0},{1|1|0|0|0}]">2</label>
<label id="[{3|1|1|1|0},{0|0|1|1|0},{1|1|0|0|0}]">4</label>
<label id="[{3|1|1|1|0},{0|1|1|0|0},{1|1|0|0|0}]">4</label>
<label id="[{3|1|1|1|0},{0|1|1|1|0},{1|1|0|0|0}]">8</label>
<label id="[{3|1|1|1|0},{1|0|1|0|0},{1|1|0|0|0}]">30</label>
<label id="[{3|1|1|1|0},{1|0|1|1|0},{1|1|0|0|0}]">60</label>
<label id="[{3|1|1|1|0},{1|1|1|0|0},{1|1|0|0|0}]">60</label>
<label id="[{3|1|1|1|0},{1|1|1|1|0},{1|1|0|0|0}]">120</label>
<label id="[{3|1|2|0|0},{1|1|0|0|0},{1|0|0|0|0}]">2</label>
<label id="[{3|1|2|0|0},{1|1|1|0|0},{1|0|0|0|0}]">4</label>
<label id="[{3|1|3|0|0},{0|1|0|0|0},{1|0|0|0|0}]">2</label>
<label id="[{3|1|3|0|0},{0|1|1|0|0},{1|0|0|0|0}]">4</label>
<label id="[{3|1|3|0|0},{1|1|0|0|0},{1|0|0|0|0}]">26</label>
<label id="[{3|1|3|0|0},{1|1|1|0|0},{1|0|0|0|0}]">52</label>
<label id="[{3|2|0|0|0},{0|0|0|0|0},{1|0|0|0|0}]">62</label>
<label id="[{3|2|0|0|0},{0|0|0|0|0},{1|1|0|0|0}]">5</label>
<label id="[{3|2|0|0|0},{0|1|0|0|0},{1|0|0|0|0}]">163</label>
<label id="[{3|2|0|0|0},{0|1|0|0|0},{1|1|0|0|0}]">8</label>
<label id="[{3|2|0|0|0},{1|0|0|0|0},{0|0|0|0|0}]">50</label>
<label id="[{3|2|0|0|0},{1|0|0|0|0},{1|0|0|0|0}]">206</label>
<label id="[{3|2|0|0|0},{1|0|0|0|0},{1|1|0|0|0}]">75</label>
<label id="[{3|2|0|0|0},{1|1|0|0|0},{0|0|0|0|0}]">100</label>
<label id="[{3|2|0|0|0},{1|1|0|0|0},{1|0|0|0|0}]">627</label>
<label id="[{3|2|0|0|0},{1|1|0|0|0},{1|1|0|0|0}]">120</label>
<label id="[{3|2|0|0|0},{1|1|1|0|0},{1|0|0|0|0}]">4</label>
<label id="[{3|2|1|0|0},{1|1|0|0|0},{1|0|0|0|0}]">2</label>
<label id="[{3|2|1|0|0},{1|1|1|0|0},{1|0|0|0|0}]">4</label>
<label id="[{3|2|2|0|0},{0|0|0|0|0},{1|1|0|0|0}]">2</label>
<label id="[{3|2|2|0|0},{0|0|1|0|0},{1|1|0|0|0}]">5</label>
<label id="[{3|2|2|0|0},{0|1|0|0|0},{1|0|0|0|0}]">66</label>
<label id="[{3|2|2|0|0},{0|1|0|0|0},{1|1|0|0|0}]">4</label>
<label id="[{3|2|2|0|0},{0|1|1|0|0},{1|0|0|0|0}]">132</label>
<label id="[{3|2|2|0|0},{0|1|1|0|0},{1|1|0|0|0}]">8</label>
<label id="[{3|2|2|0|0},{1|0|0|0|0},{1|1|0|0|0}]">30</label>
<label id="[{3|2|2|0|0},{1|0|1|0|0},{1|1|0|0|0}]">75</label>
<label id="[{3|2|2|0|0},{1|1|0|0|0},{1|0|0|0|0}]">266</label>
<label id="[{3|2|2|0|0},{1|1|0|0|0},{1|1|0|0|0}]">60</label>
<label id="[{3|2|2|0|0},{1|1|1|0|0},{1|0|0|0|0}]">532</label>
<label id="[{3|2|2|0|0},{1|1|1|0|0},{1|1|0|0|0}]">120</label>
<label id="[{3|2|2|2|0},{0|0|1|0|0},{1|1|0|0|0}]">2</label>
<label id="[{3|2|2|2|0},{0|0|1|1|0},{1|1|0|0|0}]">4</label>
<label id="[{3|2|2|2|0},{0|1|1|0|0},{1|1|0|0|0}]">4</label>
<label id="[{3|2|2|2|0},{0|1|1|1|0},{1|1|0|0|0}]">8</label>
<label id="[{3|2|2|2|0},{1|0|1|0|0},{1|1|0|0|0}]">30</label>
<label id="[{3|2|2|2|0},{1|0|1|1|0},{1|1|0|0|0}]">60</label>
<label id="[{3|2|2|2|0},{1|1|1|0|0},{1|1|0|0|0}]">60</label>
<label id="[{3|2|2|2|0},{1|1|1|1|0},{1|1|0|0|0}]">120</label>
<label id="[{3|2|3|0|0},{0|1|0|0|0},{1|0|0|0|0}]">2</label>
<label id="[{3|2|3|0|0},{0|1|1|0|0},{1|0|0|0|0}]">4</label>
<label id="[{3|2|3|0|0},{1|1|0|0|0},{1|0|0|0|0}]">26</label>
<label id="[{3|2|3|0|0},{1|1|1|0|0},{1|0|0|0|0}]">52</label>
<label id="[{3|3|0|0|0},{0|0|0|0|0},{1|0|0|0|0}]">278</label>
<label id="[{3|3|0|0|0},{0|0|0|0|0},{1|1|0|0|0}]">15</label>
<label id="[{3|3|0|0|0},{0|1|0|0|0},{1|0|0|0|0}]">715</label>
<label id="[{3|3|0|0|0},{0|1|0|0|0},{1|1|0|0|0}]">24</label>
<label id="[{3|3|0|0|0},{0|1|1|0|0},{1|0|0|0|0}]">4</label>
<label id="[{3|3|0|0|0},{1|0|0|0|0},{0|0|0|0|0}]">250</label>
<label id="[{3|3|0|0|0},{1|0|0|0|0},{1|0|0|0|0}]">748</label>
<label id="[{3|3|0|0|0},{1|0|0|0|0},{1|1|0|0|0}]">195</label>
<label id="[{3|3|0|0|0},{1|1|0|0|0},{0|0|0|0|0}]">500</label>
<label id="[{3|3|0|0|0},{1|1|0|0|0},{1|0|0|0|0}]">2056</label>
<label id="[{3|3|0|0|0},{1|1|0|0|0},{1|1|0|0|0}]">312</label>
<label id="[{3|3|0|0|0},{1|1|1|0|0},{1|0|0|0|0}]">52</label>
<label id="[{3|3|1|0|0},{0|1|0|0|0},{1|0|0|0|0}]">2</label>
<label id="[{3|3|1|0|0},{0|1|1|0|0},{1|0|0|0|0}]">4</label>
<label id="[{3|3|1|0|0},{1|1|0|0|0},{1|0|0|0|0}]">26</label>
<label id="[{3|3|1|0|0},{1|1|1|0|0},{1|0|0|0|0}]">52</label>
<label id="[{3|3|2|0|0},{0|1|0|0|0},{1|0|0|0|0}]">2</label>
<label id="[{3|3|2|0|0},{0|1|1|0|0},{1|0|0|0|0}]">4</label>
<label id="[{3|3|2|0|0},{1|1|0|0|0},{1|0|0|0|0}]">26</label>
<label id="[{3|3|2|0|0},{1|1|1|0|0},{1|0|0|0|0}]">52</label>
<label id="[{3|3|3|0|0},{0|0|0|0|0},{1|1|0|0|0}]">6</label>
<label id="[{3|3|3|0|0},{0|0|1|0|0},{1|1|0|0|0}]">15</label>
<label id="[{3|3|3|0|0},{0|1|0|0|0},{1|0|0|0|0}]">290</label>
<label id="[{3|3|3|0|0},{0|1|0|0|0},{1|1|0|0|0}]">12</label>
<label id="[{3|3|3|0|0},{0|1|1|0|0},{1|0|0|0|0}]">580</label>
<label id="[{3|3|3|0|0},{0|1|1|0|0},{1|1|0|0|0}]">24</label>
<label id="[{3|3|3|0|0},{1|0|0|0|0},{1|1|0|0|0}]">78</label>
<label id="[{3|3|3|0|0},{1|0|1|0|0},{1|1|0|0|0}]">195</label>
<label id="[{3|3|3|0|0},{1|1|0|0|0},{1|0|0|0|0}]">904</label>
<label id="[{3|3|3|0|0},{1|1|0|0|0},{1|1|0|0|0}]">156</label>
<label id="[{3|3|3|0|0},{1|1|1|0|0},{1|0|0|0|0}]">1808</label>
<label id="[{3|3|3|0|0},{1|1|1|0|0},{1|1|0|0|0}]">312</label>
<label id="[{3|3|3|3|0},{0|0|1|0|0},{1|1|0|0|0}]">6</label>
<label id="[{3|3|3|3|0},{0|0|1|1|0},{1|1|0|0|0}]">12</label>
<label id="[{3|3|3|3|0},{0|1|1|0|0},{1|1|0|0|0}]">12</label>
<label id="[{3|3|3|3|0},{0|1|1|1|0},{1|1|0|0|0}]">24</label>
<label id="[{3|3|3|3|0},{1|0|1|0|0},{1|1|0|0|0}]">78</label>
<label id="[{3|3|3|3|0},{1|0|1|1|0},{1|1|0|0|0}]">156</label>
<label id="[{3|3|3|3|0},{1|1|1|0|0},{1|1|0|0|0}]">156</label>
<label id="[{3|3|3|3|0},{1|1|1|1|0},{1|1|0|0|0}]">312</label>
</state-labels><state-labels procid="1">
<label id="[0,0]">4966</label>
<label id="[0,1]">2021</label>
<label id="[0,2]">1455</label>
<label id="[0,3]">270</label>
<label id="[1,0]">8413</label>
<label id="[1,1]">3281</label>
<label id="[1,2]">1455</label>
<label id="[1,3]">270</label>
<label id="[2,0]">6253</label>
<label id="[2,1]">2465</label>
<label id="[2,2]">1455</label>
<label id="[2,3]">270</label>
<label id="[3,0]">6251</label>
<label id="[3,1]">2555</label>
<label id="[3,2]">1455</label>
<label id="[3,3]">270</label>
<label id="[4,0]">5151</label>
<label id="[4,1]">990</label>
<label id="[5,0]">5886</label>
<label id="[5,1]">1620</label>
<label id="[6,0]">21108</label>
<label id="[6,1]">2880</label>
<label id="[7,0]">2021</label>
<label id="[7,1]">1655</label>
<label id="[7,2]">1455</label>
<label id="[7,3]">270</label>
<label id="[8,1]">841</label>
<label id="[8,2]">1365</label>
<label id="[8,3]">270</label>
<label id="[9,1]">841</label>
<label id="[9,2]">1365</label>
<label id="[9,3]">270</label>
</state-labels><state-labels procid="2">
<label id="[0,0]">4966</label>
<label id="[0,1]">2021</label>
<label id="[0,2]">1455</label>
<label id="[0,3]">270</label>
<label id="[1,0]">8413</label>
<label id="[1,1]">3281</label>
<label id="[1,2]">1455</label>
<label id="[1,3]">270</label>
<label id="[2,0]">6253</label>
<label id="[2,1]">2465</label>
<label id="[2,2]">1455</label>
<label id="[2,3]">270</label>
<label id="[3,0]">6251</label>
<label id="[3,1]">2555</label>
<label id="[3,2]">1455</label>
<label id="[3,3]">270</label>
<label id="[4,0]">5151</label>
<label id="[4,1]">990</label>
<label id="[5,0]">5886</label>
<label id="[5,1]">1620</label>
<label id="[6,0]">21108</label>
<label id="[6,1]">2880</label>
<label id="[7,0]">2021</label>
<label id="[7,1]">1655</label>
<label id="[7,2]">1455</label>
<label id="[7,3]">270</label>
<label id="[8,1]">841</label>
<label id="[8,2]">1365</label>
<label id="[8,3]">270</label>
<label id="[9,1]">841</label>
<label id="[9,2]">1365</label>
<label id="[9,3]">270</label>
</state-labels><state-labels procid="3">
<label id="[0,0]">4966</label>
<label id="[0,1]">2021</label>
<label id="[0,2]">1455</label>
<label id="[0,3]">270</label>
<label id="[1,0]">8413</label>
<label id="[1,1]">3281</label>
<label id="[1,2]">1455</label>
<label id="[1,3]">270</label>
<label id="[2,0]">6253</label>
<label id="[2,1]">2465</label>
<label id="[2,2]">1455</label>
<label id="[2,3]">270</label>
<label id="[3,0]">6251</label>
<label id="[3,1]">2555</label>
<label id="[3,2]">1455</label>
<label id="[3,3]">270</label>
<label id="[4,0]">5151</label>
<label id="[4,1]">990</label>
<label id="[5,0]">5886</label>
<label id="[5,1]">1620</label>
<label id="[6,0]">21108</label>
<label id="[6,1]">2880</label>
<label id="[7,0]">2021</label>
<label id="[7,1]">1655</label>
<label id="[7,2]">1455</label>
<label id="[7,3]">270</label>
<label id="[8,1]">841</label>
<label id="[8,2]">1365</label>
<label id="[8,3]">270</label>
<label id="[9,1]">841</label>
<label id="[9,2]">1365</label>
<label id="[9,3]">270</label>
</state-labels><state-labels procid="4">
<label id="[0,0]">4966</label>
<label id="[0,1]">2021</label>
<label id="[0,2]">1455</label>
<label id="[0,3]">270</label>
<label id="[1,0]">8413</label>
<label id="[1,1]">3281</label>
<label id="[1,2]">1455</label>
<label id="[1,3]">270</label>
<label id="[2,0]">6253</label>
<label id="[2,1]">2465</label>
<label id="[2,2]">1455</label>
<label id="[2,3]">270</label>
<label id="[3,0]">6251</label>
<label id="[3,1]">2555</label>
<label id="[3,2]">1455</label>
<label id="[3,3]">270</label>
<label id="[4,0]">5151</label>
<label id="[4,1]">990</label>
<label id="[5,0]">5886</label>
<label id="[5,1]">1620</label>
<label id="[6,0]">21108</label>
<label id="[6,1]">2880</label>
<label id="[7,0]">2021</label>
<label id="[7,1]">1655</label>
<label id="[7,2]">1455</label>
<label id="[7,3]">270</label>
<label id="[8,1]">841</label>
<label id="[8,2]">1365</label>
<label id="[8,3]">270</label>
<label id="[9,1]">841</label>
<label id="[9,2]">1365</label>
<label id="[9,3]">270</label>
</state-labels></label-info>
</state-space-info>
