<?xml version="1.0"?>
<!DOCTYPE state-space-info SYSTEM "../../state_space_info.dtd">


<state-space-info>
<states>29284</states>
<edges>66042</edges>
<bfs-info>
 <levels>39</levels>
<max-level>1614</max-level>

<back-level-edges>0</back-level-edges>
<max-back-level-edge>0</max-back-level-edge>
<avg-back-level-edge>nan</avg-back-level-edge>
<bfs-levels>
<level id="0"><states>1</states><edges>3</edges></level>
<level id="1"><states>3</states><edges>9</edges></level>
<level id="2"><states>9</states><edges>27</edges></level>
<level id="3"><states>18</states><edges>54</edges></level>
<level id="4"><states>30</states><edges>90</edges></level>
<level id="5"><states>51</states><edges>153</edges></level>
<level id="6"><states>81</states><edges>243</edges></level>
<level id="7"><states>120</states><edges>354</edges></level>
<level id="8"><states>162</states><edges>474</edges></level>
<level id="9"><states>216</states><edges>624</edges></level>
<level id="10"><states>282</states><edges>804</edges></level>
<level id="11"><states>360</states><edges>1005</edges></level>
<level id="12"><states>435</states><edges>1197</edges></level>
<level id="13"><states>504</states><edges>1377</edges></level>
<level id="14"><states>573</states><edges>1563</edges></level>
<level id="15"><states>666</states><edges>1809</edges></level>
<level id="16"><states>789</states><edges>2139</edges></level>
<level id="17"><states>933</states><edges>2502</edges></level>
<level id="18"><states>1071</states><edges>2835</edges></level>
<level id="19"><states>1227</states><edges>3207</edges></level>
<level id="20"><states>1383</states><edges>3543</edges></level>
<level id="21"><states>1527</states><edges>3807</edges></level>
<level id="22"><states>1605</states><edges>3855</edges></level>
<level id="23"><states>1605</states><edges>3741</edges></level>
<level id="24"><states>1569</states><edges>3627</edges></level>
<level id="25"><states>1587</states><edges>3594</edges></level>
<level id="26"><states>1614</states><edges>3507</edges></level>
<level id="27"><states>1539</states><edges>3228</edges></level>
<level id="28"><states>1410</states><edges>2850</edges></level>
<level id="29"><states>1242</states><edges>2526</edges></level>
<level id="30"><states>1161</states><edges>2307</edges></level>
<level id="31"><states>1131</states><edges>2121</edges></level>
<level id="32"><states>1023</states><edges>1791</edges></level>
<level id="33"><states>849</states><edges>1404</edges></level>
<level id="34"><states>684</states><edges>1284</edges></level>
<level id="35"><states>660</states><edges>1140</edges></level>
<level id="36"><states>564</states><edges>840</edges></level>
<level id="37"><states>408</states><edges>408</edges></level>
<level id="38"><states>192</states><edges>0</edges></level>
</bfs-levels>
<back-level-length id="0">nan</back-level-length>
</bfs-info>
<degrees>
<avg>2.25522</avg>
<max-in>5</max-in>
<max-out>3</max-out>
<degree id="0"><in>1</in><out>354</out></degree>
<degree id="1"><in>4335</in><out>3912</out></degree>
<degree id="2"><in>13857</in><out>12924</out></degree>
<degree id="3"><in>10452</in><out>12094</out></degree>
<degree id="4"><in>558</in><out>0</out></degree>
<degree id="5"><in>81</in><out>0</out></degree>
</degrees>
<scc-info>
<count>29284</count>
<height>38</height>
<nontrivial-height>0</nontrivial-height>
<trivial>29284</trivial>
<terminal>354</terminal>
<largest>1</largest>
<largest-position> terminal</largest-position>
</scc-info>
<dfs-info>
<stack-size id="146">0.0956154</stack-size>
<stack-size id="292">0.0648818</stack-size>
<stack-size id="438">0.10586</stack-size>
<stack-size id="584">0.0853709</stack-size>
<stack-size id="730">0.0648818</stack-size>
<stack-size id="876">0.081956</stack-size>
<stack-size id="1022">0.109275</stack-size>
<stack-size id="1168">0.109275</stack-size>
<stack-size id="1314">0.0956154</stack-size>
<stack-size id="1460">0.122934</stack-size>
<stack-size id="1606">0.081956</stack-size>
<stack-size id="1752">0.109275</stack-size>
<stack-size id="1898">0.0682967</stack-size>
<stack-size id="2044">0.10586</stack-size>
<stack-size id="2190">0.119519</stack-size>
<stack-size id="2336">0.0922005</stack-size>
<stack-size id="2482">0.0853709</stack-size>
<stack-size id="2628">0.0922005</stack-size>
<stack-size id="2774">0.0785412</stack-size>
<stack-size id="2920">0.0990302</stack-size>
<stack-size id="3066">0.0717115</stack-size>
<stack-size id="3212">0.0990302</stack-size>
<stack-size id="3358">0.0990302</stack-size>
<stack-size id="3504">0.0785412</stack-size>
<stack-size id="3650">0.0853709</stack-size>
<stack-size id="3796">0.119519</stack-size>
<stack-size id="3942">0.0580522</stack-size>
<stack-size id="4088">0.0785412</stack-size>
<stack-size id="4234">0.0717115</stack-size>
<stack-size id="4380">0.040978</stack-size>
<stack-size id="4526">0.0887857</stack-size>
<stack-size id="4672">0.0956154</stack-size>
<stack-size id="4818">0.10586</stack-size>
<stack-size id="4964">0.0922005</stack-size>
<stack-size id="5110">0.0751263</stack-size>
<stack-size id="5256">0.0887857</stack-size>
<stack-size id="5402">0.061467</stack-size>
<stack-size id="5548">0.0990302</stack-size>
<stack-size id="5694">0.0922005</stack-size>
<stack-size id="5840">0.0717115</stack-size>
<stack-size id="5986">0.040978</stack-size>
<stack-size id="6132">0.0956154</stack-size>
<stack-size id="6278">0.0478077</stack-size>
<stack-size id="6424">0.0682967</stack-size>
<stack-size id="6570">0.0751263</stack-size>
<stack-size id="6716">0.109275</stack-size>
<stack-size id="6862">0.0887857</stack-size>
<stack-size id="7008">0.10586</stack-size>
<stack-size id="7154">0.0887857</stack-size>
<stack-size id="7300">0.0887857</stack-size>
<stack-size id="7446">0.0887857</stack-size>
<stack-size id="7592">0.0956154</stack-size>
<stack-size id="7738">0.122934</stack-size>
<stack-size id="7884">0.081956</stack-size>
<stack-size id="8030">0.116104</stack-size>
<stack-size id="8176">0.0682967</stack-size>
<stack-size id="8322">0.109275</stack-size>
<stack-size id="8468">0.10586</stack-size>
<stack-size id="8614">0.0443928</stack-size>
<stack-size id="8760">0.0648818</stack-size>
<stack-size id="8906">0.11269</stack-size>
<stack-size id="9052">0.119519</stack-size>
<stack-size id="9198">0.0990302</stack-size>
<stack-size id="9344">0.10586</stack-size>
<stack-size id="9490">0.126349</stack-size>
<stack-size id="9636">0.0717115</stack-size>
<stack-size id="9782">0.126349</stack-size>
<stack-size id="9928">0.119519</stack-size>
<stack-size id="10074">0.0785412</stack-size>
<stack-size id="10220">0.0922005</stack-size>
<stack-size id="10366">0.0922005</stack-size>
<stack-size id="10512">0.0990302</stack-size>
<stack-size id="10658">0.0717115</stack-size>
<stack-size id="10804">0.0785412</stack-size>
<stack-size id="10950">0.0648818</stack-size>
<stack-size id="11096">0.0717115</stack-size>
<stack-size id="11242">0.0648818</stack-size>
<stack-size id="11388">0.0443928</stack-size>
<stack-size id="11534">0.040978</stack-size>
<stack-size id="11680">0.0682967</stack-size>
<stack-size id="11826">0.0990302</stack-size>
<stack-size id="11972">0.0922005</stack-size>
<stack-size id="12118">0.109275</stack-size>
<stack-size id="12264">0.116104</stack-size>
<stack-size id="12410">0.081956</stack-size>
<stack-size id="12556">0.0922005</stack-size>
<stack-size id="12702">0.129764</stack-size>
<stack-size id="12848">0.116104</stack-size>
<stack-size id="12994">0.0922005</stack-size>
<stack-size id="13140">0.0648818</stack-size>
<stack-size id="13286">0.109275</stack-size>
<stack-size id="13432">0.0887857</stack-size>
<stack-size id="13578">0.109275</stack-size>
<stack-size id="13724">0.0580522</stack-size>
<stack-size id="13870">0.0375632</stack-size>
<stack-size id="14016">0.102445</stack-size>
<stack-size id="14162">0.0512225</stack-size>
<stack-size id="14308">0.0990302</stack-size>
<stack-size id="14454">0.0717115</stack-size>
<stack-size id="14600">0.0751263</stack-size>
<stack-size id="14746">0.0546373</stack-size>
<stack-size id="14892">0.0922005</stack-size>
<stack-size id="15038">0.119519</stack-size>
<stack-size id="15184">0.0751263</stack-size>
<stack-size id="15330">0.126349</stack-size>
<stack-size id="15476">0.0887857</stack-size>
<stack-size id="15622">0.0751263</stack-size>
<stack-size id="15768">0.081956</stack-size>
<stack-size id="15914">0.102445</stack-size>
<stack-size id="16060">0.109275</stack-size>
<stack-size id="16206">0.102445</stack-size>
<stack-size id="16352">0.0785412</stack-size>
<stack-size id="16498">0.0990302</stack-size>
<stack-size id="16644">0.10586</stack-size>
<stack-size id="16790">0.0990302</stack-size>
<stack-size id="16936">0.0751263</stack-size>
<stack-size id="17082">0.0273187</stack-size>
<stack-size id="17228">0.0751263</stack-size>
<stack-size id="17374">0.0956154</stack-size>
<stack-size id="17520">0.081956</stack-size>
<stack-size id="17666">0.0717115</stack-size>
<stack-size id="17812">0.0512225</stack-size>
<stack-size id="17958">0.0785412</stack-size>
<stack-size id="18104">0.0478077</stack-size>
<stack-size id="18250">0.061467</stack-size>
<stack-size id="18396">0.0273187</stack-size>
<stack-size id="18542">0.0682967</stack-size>
<stack-size id="18688">0.0512225</stack-size>
<stack-size id="18834">0.0580522</stack-size>
<stack-size id="18980">0.0443928</stack-size>
<stack-size id="19126">0.0580522</stack-size>
<stack-size id="19272">0.10586</stack-size>
<stack-size id="19418">0.10586</stack-size>
<stack-size id="19564">0.0785412</stack-size>
<stack-size id="19710">0.0853709</stack-size>
<stack-size id="19856">0.11269</stack-size>
<stack-size id="20002">0.126349</stack-size>
<stack-size id="20148">0.0853709</stack-size>
<stack-size id="20294">0.0785412</stack-size>
<stack-size id="20440">0.0853709</stack-size>
<stack-size id="20586">0.0922005</stack-size>
<stack-size id="20732">0.0990302</stack-size>
<stack-size id="20878">0.0922005</stack-size>
<stack-size id="21024">0.0478077</stack-size>
<stack-size id="21170">0.102445</stack-size>
<stack-size id="21316">0.0956154</stack-size>
<stack-size id="21462">0.0922005</stack-size>
<stack-size id="21608">0.10586</stack-size>
<stack-size id="21754">0.061467</stack-size>
<stack-size id="21900">0.081956</stack-size>
<stack-size id="22046">0.0751263</stack-size>
<stack-size id="22192">0.0341483</stack-size>
<stack-size id="22338">0.0751263</stack-size>
<stack-size id="22484">0.0751263</stack-size>
<stack-size id="22630">0.116104</stack-size>
<stack-size id="22776">0.122934</stack-size>
<stack-size id="22922">0.081956</stack-size>
<stack-size id="23068">0.0682967</stack-size>
<stack-size id="23214">0.0956154</stack-size>
<stack-size id="23360">0.109275</stack-size>
<stack-size id="23506">0.0887857</stack-size>
<stack-size id="23652">0.102445</stack-size>
<stack-size id="23798">0.0887857</stack-size>
<stack-size id="23944">0.109275</stack-size>
<stack-size id="24090">0.0887857</stack-size>
<stack-size id="24236">0.102445</stack-size>
<stack-size id="24382">0.0887857</stack-size>
<stack-size id="24528">0.081956</stack-size>
<stack-size id="24674">0.0546373</stack-size>
<stack-size id="24820">0.0717115</stack-size>
<stack-size id="24966">0.0751263</stack-size>
<stack-size id="25112">0.040978</stack-size>
<stack-size id="25258">0.0785412</stack-size>
<stack-size id="25404">0.0512225</stack-size>
<stack-size id="25550">0.0785412</stack-size>
<stack-size id="25696">0.126349</stack-size>
<stack-size id="25842">0.0956154</stack-size>
<stack-size id="25988">0.0751263</stack-size>
<stack-size id="26134">0.109275</stack-size>
<stack-size id="26280">0.0443928</stack-size>
<stack-size id="26426">0.109275</stack-size>
<stack-size id="26572">0.11269</stack-size>
<stack-size id="26718">0.0785412</stack-size>
<stack-size id="26864">0.0956154</stack-size>
<stack-size id="27010">0.126349</stack-size>
<stack-size id="27156">0.109275</stack-size>
<stack-size id="27302">0.102445</stack-size>
<stack-size id="27448">0.0785412</stack-size>
<stack-size id="27594">0.0853709</stack-size>
<stack-size id="27740">0.0717115</stack-size>
<stack-size id="27886">0.0717115</stack-size>
<stack-size id="28032">0.0751263</stack-size>
<stack-size id="28178">0.081956</stack-size>
<stack-size id="28324">0.0682967</stack-size>
<stack-size id="28470">0.0546373</stack-size>
<stack-size id="28616">0.061467</stack-size>
<stack-size id="28762">0.0341483</stack-size>
<stack-size id="28908">0.081956</stack-size>
<stack-size id="29054">0.0478077</stack-size>
<stack-size id="29200">0.0682967</stack-size>
<max-stack>39</max-stack>
<front-edges>29283</front-edges>
<back-edges>0</back-edges>
<cross-edges>36759</cross-edges>
<shortest-cycle>-1</shortest-cycle>
</dfs-info>
<rw-info>
<coverage step="2920">4.18317</coverage>
<coverage step="5840">6.63844</coverage>
<coverage step="8760">8.02145</coverage>
<coverage step="11680">9.19615</coverage>
<coverage step="14600">10.3811</coverage>
<coverage step="17520">11.4636</coverage>
<coverage step="20440">12.1773</coverage>
<coverage step="23360">12.9286</coverage>
<coverage step="26280">13.8847</coverage>
<coverage step="29200">14.7896</coverage>
<coverage step="32120">15.2097</coverage>
<coverage step="35040">15.797</coverage>
<coverage step="37960">16.3946</coverage>
<coverage step="40880">16.9307</coverage>
<coverage step="43800">17.1254</coverage>
<coverage step="46720">17.3576</coverage>
<coverage step="49640">17.764</coverage>
<coverage step="52560">18.1874</coverage>
<coverage step="55480">18.464</coverage>
<coverage step="58400">18.8123</coverage>
<coverage step="61320">19.3314</coverage>
<coverage step="64240">19.4885</coverage>
<coverage step="67160">19.7104</coverage>
<coverage step="70080">19.9017</coverage>
<coverage step="73000">20.0348</coverage>
<coverage step="75920">20.3114</coverage>
<coverage step="78840">20.4241</coverage>
<coverage step="81760">20.6017</coverage>
<coverage step="84680">20.8851</coverage>
<coverage step="87600">21.1447</coverage>
<coverage step="90520">21.2812</coverage>
<coverage step="93440">21.4554</coverage>
<coverage step="96360">21.7798</coverage>
<coverage step="99280">22.0701</coverage>
<coverage step="102200">22.4594</coverage>
<coverage step="105120">22.5277</coverage>
<coverage step="108040">22.7462</coverage>
<coverage step="110960">22.9443</coverage>
<coverage step="113880">23.2379</coverage>
<coverage step="116800">23.3609</coverage>
<coverage step="119720">23.535</coverage>
<coverage step="122640">23.6033</coverage>
<coverage step="125560">23.6853</coverage>
<coverage step="128480">23.9073</coverage>
<coverage step="131400">24.0165</coverage>
<coverage step="134320">24.2112</coverage>
<coverage step="137240">24.4126</coverage>
<coverage step="140160">24.6824</coverage>
<coverage step="143080">24.7951</coverage>
<coverage step="146000">24.9624</coverage>
<coverage step="148920">25.2527</coverage>
<coverage step="151840">25.3756</coverage>
<coverage step="154760">25.6317</coverage>
<coverage step="157680">25.741</coverage>
<coverage step="160600">25.8776</coverage>
<coverage step="163520">26.103</coverage>
<coverage step="166440">26.3728</coverage>
<coverage step="169360">26.6016</coverage>
<coverage step="172280">26.8304</coverage>
<coverage step="175200">26.9465</coverage>
<coverage step="178120">26.9772</coverage>
<coverage step="181040">27.0967</coverage>
<coverage step="183960">27.2196</coverage>
<coverage step="186880">27.2367</coverage>
<coverage step="189800">27.3494</coverage>
<coverage step="192720">27.4621</coverage>
<coverage step="195640">27.6123</coverage>
<coverage step="198560">27.7489</coverage>
<coverage step="201480">28.0016</coverage>
<coverage step="204400">28.1587</coverage>
<coverage step="207320">28.2407</coverage>
<coverage step="210240">28.3773</coverage>
<coverage step="213160">28.3875</coverage>
<coverage step="216080">28.5104</coverage>
<coverage step="219000">28.6163</coverage>
<coverage step="221920">28.7051</coverage>
<coverage step="224840">28.8417</coverage>
<coverage step="227760">28.968</coverage>
<coverage step="230680">29.0397</coverage>
<coverage step="233600">29.0602</coverage>
<coverage step="236520">29.2276</coverage>
<coverage step="239440">29.3437</coverage>
<coverage step="242360">29.4837</coverage>
<coverage step="245280">29.6032</coverage>
<coverage step="248200">29.6988</coverage>
<coverage step="251120">29.9037</coverage>
<coverage step="254040">30.0369</coverage>
<coverage step="256960">30.153</coverage>
<coverage step="259880">30.1803</coverage>
<coverage step="262800">30.2452</coverage>
<coverage step="265720">30.3101</coverage>
<coverage step="268640">30.6003</coverage>
<coverage step="271560">30.6755</coverage>
<coverage step="274480">30.8838</coverage>
<coverage step="277400">30.9418</coverage>
<coverage step="280320">30.9555</coverage>
<coverage step="283240">31.075</coverage>
<coverage step="286160">31.1433</coverage>
<coverage step="289080">31.2252</coverage>
<coverage step="292000">31.2491</coverage>
<rw-visits order="1">10265</rw-visits>
<rw-visits order="46">1078</rw-visits>
<rw-visits order="91">390</rw-visits>
<rw-visits order="136">280</rw-visits>
<rw-visits order="181">249</rw-visits>
<rw-visits order="226">226</rw-visits>
<rw-visits order="271">201</rw-visits>
<rw-visits order="316">181</rw-visits>
<rw-visits order="361">161</rw-visits>
<rw-visits order="406">148</rw-visits>
<rw-visits order="451">136</rw-visits>
<rw-visits order="496">124</rw-visits>
<rw-visits order="541">115</rw-visits>
<rw-visits order="586">103</rw-visits>
<rw-visits order="631">88</rw-visits>
<rw-visits order="676">77</rw-visits>
<rw-visits order="721">70</rw-visits>
<rw-visits order="766">64</rw-visits>
<rw-visits order="811">59</rw-visits>
<rw-visits order="856">56</rw-visits>
<rw-visits order="901">51</rw-visits>
<rw-visits order="946">46</rw-visits>
<rw-visits order="991">42</rw-visits>
<rw-visits order="1036">39</rw-visits>
<rw-visits order="1081">36</rw-visits>
<rw-visits order="1126">34</rw-visits>
<rw-visits order="1171">32</rw-visits>
<rw-visits order="1216">31</rw-visits>
<rw-visits order="1261">29</rw-visits>
<rw-visits order="1306">28</rw-visits>
<rw-visits order="1351">27</rw-visits>
<rw-visits order="1396">26</rw-visits>
<rw-visits order="1441">24</rw-visits>
<rw-visits order="1486">24</rw-visits>
<rw-visits order="1531">23</rw-visits>
<rw-visits order="1576">22</rw-visits>
<rw-visits order="1621">21</rw-visits>
<rw-visits order="1666">21</rw-visits>
<rw-visits order="1711">20</rw-visits>
<rw-visits order="1756">19</rw-visits>
<rw-visits order="1801">18</rw-visits>
<rw-visits order="1846">18</rw-visits>
<rw-visits order="1891">17</rw-visits>
<rw-visits order="1936">17</rw-visits>
<rw-visits order="1981">16</rw-visits>
<rw-visits order="2026">16</rw-visits>
<rw-visits order="2071">16</rw-visits>
<rw-visits order="2116">15</rw-visits>
<rw-visits order="2161">15</rw-visits>
<rw-visits order="2206">15</rw-visits>
<rw-visits order="2251">14</rw-visits>
<rw-visits order="2296">14</rw-visits>
<rw-visits order="2341">14</rw-visits>
<rw-visits order="2386">13</rw-visits>
<rw-visits order="2431">13</rw-visits>
<rw-visits order="2476">13</rw-visits>
<rw-visits order="2521">12</rw-visits>
<rw-visits order="2566">12</rw-visits>
<rw-visits order="2611">12</rw-visits>
<rw-visits order="2656">11</rw-visits>
<rw-visits order="2701">11</rw-visits>
<rw-visits order="2746">11</rw-visits>
<rw-visits order="2791">10</rw-visits>
<rw-visits order="2836">10</rw-visits>
<rw-visits order="2881">10</rw-visits>
<rw-visits order="2926">9</rw-visits>
<rw-visits order="2971">9</rw-visits>
<rw-visits order="3016">9</rw-visits>
<rw-visits order="3061">9</rw-visits>
<rw-visits order="3106">9</rw-visits>
<rw-visits order="3151">8</rw-visits>
<rw-visits order="3196">8</rw-visits>
<rw-visits order="3241">8</rw-visits>
<rw-visits order="3286">8</rw-visits>
<rw-visits order="3331">8</rw-visits>
<rw-visits order="3376">7</rw-visits>
<rw-visits order="3421">7</rw-visits>
<rw-visits order="3466">7</rw-visits>
<rw-visits order="3511">7</rw-visits>
<rw-visits order="3556">7</rw-visits>
<rw-visits order="3601">7</rw-visits>
<rw-visits order="3646">6</rw-visits>
<rw-visits order="3691">6</rw-visits>
<rw-visits order="3736">6</rw-visits>
<rw-visits order="3781">6</rw-visits>
<rw-visits order="3826">6</rw-visits>
<rw-visits order="3871">6</rw-visits>
<rw-visits order="3916">6</rw-visits>
<rw-visits order="3961">5</rw-visits>
<rw-visits order="4006">5</rw-visits>
<rw-visits order="4051">5</rw-visits>
<rw-visits order="4096">5</rw-visits>
<rw-visits order="4141">5</rw-visits>
<rw-visits order="4186">5</rw-visits>
<rw-visits order="4231">5</rw-visits>
<rw-visits order="4276">5</rw-visits>
<rw-visits order="4321">5</rw-visits>
<rw-visits order="4366">4</rw-visits>
<rw-visits order="4411">4</rw-visits>
<rw-visits order="4456">4</rw-visits>
<rw-visits order="4501">4</rw-visits>
<rw-visits order="4546">4</rw-visits>
<rw-visits order="4591">4</rw-visits>
<rw-visits order="4636">4</rw-visits>
<rw-visits order="4681">4</rw-visits>
<rw-visits order="4726">4</rw-visits>
<rw-visits order="4771">4</rw-visits>
<rw-visits order="4816">3</rw-visits>
<rw-visits order="4861">3</rw-visits>
<rw-visits order="4906">3</rw-visits>
<rw-visits order="4951">3</rw-visits>
<rw-visits order="4996">3</rw-visits>
<rw-visits order="5041">3</rw-visits>
<rw-visits order="5086">3</rw-visits>
<rw-visits order="5131">3</rw-visits>
<rw-visits order="5176">3</rw-visits>
<rw-visits order="5221">3</rw-visits>
<rw-visits order="5266">3</rw-visits>
<rw-visits order="5311">3</rw-visits>
<rw-visits order="5356">3</rw-visits>
<rw-visits order="5401">3</rw-visits>
<rw-visits order="5446">2</rw-visits>
<rw-visits order="5491">2</rw-visits>
<rw-visits order="5536">2</rw-visits>
<rw-visits order="5581">2</rw-visits>
<rw-visits order="5626">2</rw-visits>
<rw-visits order="5671">2</rw-visits>
<rw-visits order="5716">2</rw-visits>
<rw-visits order="5761">2</rw-visits>
<rw-visits order="5806">2</rw-visits>
<rw-visits order="5851">2</rw-visits>
<rw-visits order="5896">2</rw-visits>
<rw-visits order="5941">2</rw-visits>
<rw-visits order="5986">2</rw-visits>
<rw-visits order="6031">2</rw-visits>
<rw-visits order="6076">2</rw-visits>
<rw-visits order="6121">2</rw-visits>
<rw-visits order="6166">2</rw-visits>
<rw-visits order="6211">2</rw-visits>
<rw-visits order="6256">2</rw-visits>
<rw-visits order="6301">2</rw-visits>
<rw-visits order="6346">2</rw-visits>
<rw-visits order="6391">2</rw-visits>
<rw-visits order="6436">2</rw-visits>
<rw-visits order="6481">1</rw-visits>
<rw-visits order="6526">1</rw-visits>
<rw-visits order="6571">1</rw-visits>
<rw-visits order="6616">1</rw-visits>
<rw-visits order="6661">1</rw-visits>
<rw-visits order="6706">1</rw-visits>
<rw-visits order="6751">1</rw-visits>
<rw-visits order="6796">1</rw-visits>
<rw-visits order="6841">1</rw-visits>
<rw-visits order="6886">1</rw-visits>
<rw-visits order="6931">1</rw-visits>
<rw-visits order="6976">1</rw-visits>
<rw-visits order="7021">1</rw-visits>
<rw-visits order="7066">1</rw-visits>
<rw-visits order="7111">1</rw-visits>
<rw-visits order="7156">1</rw-visits>
<rw-visits order="7201">1</rw-visits>
<rw-visits order="7246">1</rw-visits>
<rw-visits order="7291">1</rw-visits>
<rw-visits order="7336">1</rw-visits>
<rw-visits order="7381">1</rw-visits>
<rw-visits order="7426">1</rw-visits>
<rw-visits order="7471">1</rw-visits>
<rw-visits order="7516">1</rw-visits>
<rw-visits order="7561">1</rw-visits>
<rw-visits order="7606">1</rw-visits>
<rw-visits order="7651">1</rw-visits>
<rw-visits order="7696">1</rw-visits>
<rw-visits order="7741">1</rw-visits>
<rw-visits order="7786">1</rw-visits>
<rw-visits order="7831">1</rw-visits>
<rw-visits order="7876">1</rw-visits>
<rw-visits order="7921">1</rw-visits>
<rw-visits order="7966">1</rw-visits>
<rw-visits order="8011">1</rw-visits>
<rw-visits order="8056">1</rw-visits>
<rw-visits order="8101">1</rw-visits>
<rw-visits order="8146">1</rw-visits>
<rw-visits order="8191">1</rw-visits>
<rw-visits order="8236">1</rw-visits>
<rw-visits order="8281">1</rw-visits>
<rw-visits order="8326">1</rw-visits>
<rw-visits order="8371">1</rw-visits>
<rw-visits order="8416">1</rw-visits>
<rw-visits order="8461">1</rw-visits>
<rw-visits order="8506">1</rw-visits>
<rw-visits order="8551">1</rw-visits>
<rw-visits order="8596">1</rw-visits>
<rw-visits order="8641">1</rw-visits>
<rw-visits order="8686">1</rw-visits>
<rw-visits order="8731">1</rw-visits>
<rw-visits order="8776">1</rw-visits>
<rw-visits order="8821">1</rw-visits>
<rw-visits order="8866">1</rw-visits>
<rw-visits order="8911">1</rw-visits>
<rw-visits order="8956">1</rw-visits>
<rw-visits order="9001">1</rw-visits>
<rw-visits order="9046">1</rw-visits>
<rw-visits order="9091">1</rw-visits>
<rw-visits order="9136">1</rw-visits>
<final-coverage>31.3174</final-coverage>
</rw-info>
<local-info>
<diamonds>83.8615</diamonds>
<neighborhood k="4">16</neighborhood>
<clustering k="4">1.47962</clustering>
</local-info>
<label-info>
<edge-label id="0.0">1936</edge-label>
<edge-label id="0.1">3321</edge-label>
<edge-label id="0.2">3321</edge-label>
<edge-label id="0.3">1434</edge-label>
<edge-label id="0.4">1434</edge-label>
<edge-label id="0.5">2726</edge-label>
<edge-label id="0.6">2007</edge-label>
<edge-label id="0.7">2048</edge-label>
<edge-label id="0.8">2398</edge-label>
<edge-label id="0.9">1389</edge-label>
<edge-label id="1.0">1936</edge-label>
<edge-label id="1.1">3321</edge-label>
<edge-label id="1.2">3321</edge-label>
<edge-label id="1.3">1434</edge-label>
<edge-label id="1.4">1434</edge-label>
<edge-label id="1.5">2726</edge-label>
<edge-label id="1.6">2007</edge-label>
<edge-label id="1.7">2048</edge-label>
<edge-label id="1.8">2398</edge-label>
<edge-label id="1.9">1389</edge-label>
<edge-label id="2.0">1936</edge-label>
<edge-label id="2.1">3321</edge-label>
<edge-label id="2.2">3321</edge-label>
<edge-label id="2.3">1434</edge-label>
<edge-label id="2.4">1434</edge-label>
<edge-label id="2.5">2726</edge-label>
<edge-label id="2.6">2007</edge-label>
<edge-label id="2.7">2048</edge-label>
<edge-label id="2.8">2398</edge-label>
<edge-label id="2.9">1389</edge-label>
<state-labels procid="0">
<label id="[{0|0|0|0|0},{0|0|0|0|0},{0|0|0|0|0}]">19</label>
<label id="[{0|0|0|0|0},{0|0|0|0|0},{1|0|0|0|0}]">127</label>
<label id="[{0|0|0|0|0},{0|0|0|0|0},{1|1|0|0|0}]">18</label>
<label id="[{0|0|0|0|0},{0|0|1|0|0},{1|1|0|0|0}]">14</label>
<label id="[{0|0|0|0|0},{0|0|1|1|0},{1|1|0|0|0}]">8</label>
<label id="[{0|0|0|0|0},{0|1|0|0|0},{1|0|0|0|0}]">263</label>
<label id="[{0|0|0|0|0},{0|1|0|0|0},{1|0|1|0|0}]">12</label>
<label id="[{0|0|0|0|0},{0|1|0|0|0},{1|1|0|0|0}]">32</label>
<label id="[{0|0|0|0|0},{0|1|1|0|0},{1|0|0|0|0}]">208</label>
<label id="[{0|0|0|0|0},{0|1|1|0|0},{1|0|1|0|0}]">20</label>
<label id="[{0|0|0|0|0},{0|1|1|0|0},{1|1|0|0|0}]">24</label>
<label id="[{0|0|0|0|0},{0|1|1|1|0},{1|1|0|0|0}]">16</label>
<label id="[{0|0|0|0|0},{1|0|0|0|0},{0|0|0|0|0}]">389</label>
<label id="[{0|0|0|0|0},{1|0|0|0|0},{0|1|0|0|0}]">186</label>
<label id="[{0|0|0|0|0},{1|0|0|0|0},{1|0|0|0|0}]">226</label>
<label id="[{0|0|0|0|0},{1|0|0|0|0},{1|1|0|0|0}]">32</label>
<label id="[{0|0|0|0|0},{1|0|1|0|0},{1|1|0|0|0}]">28</label>
<label id="[{0|0|0|0|0},{1|0|1|1|0},{1|1|0|0|0}]">16</label>
<label id="[{0|0|0|0|0},{1|1|0|0|0},{0|0|0|0|0}]">1014</label>
<label id="[{0|0|0|0|0},{1|1|0|0|0},{0|1|0|0|0}]">322</label>
<label id="[{0|0|0|0|0},{1|1|0|0|0},{1|0|0|0|0}]">458</label>
<label id="[{0|0|0|0|0},{1|1|0|0|0},{1|0|1|0|0}]">24</label>
<label id="[{0|0|0|0|0},{1|1|0|0|0},{1|1|0|0|0}]">56</label>
<label id="[{0|0|0|0|0},{1|1|1|0|0},{1|0|0|0|0}]">408</label>
<label id="[{0|0|0|0|0},{1|1|1|0|0},{1|0|1|0|0}]">40</label>
<label id="[{0|0|0|0|0},{1|1|1|0|0},{1|1|0|0|0}]">48</label>
<label id="[{0|0|0|0|0},{1|1|1|1|0},{1|1|0|0|0}]">32</label>
<label id="[{0|0|1|0|0},{0|1|0|0|0},{1|0|0|0|0}]">18</label>
<label id="[{0|0|1|0|0},{0|1|0|0|0},{1|0|1|0|0}]">6</label>
<label id="[{0|0|1|0|0},{0|1|1|0|0},{1|0|0|0|0}]">66</label>
<label id="[{0|0|1|0|0},{0|1|1|0|0},{1|0|1|0|0}]">10</label>
<label id="[{0|0|1|0|0},{1|1|0|0|0},{1|0|0|0|0}]">32</label>
<label id="[{0|0|1|0|0},{1|1|0|0|0},{1|0|1|0|0}]">12</label>
<label id="[{0|0|1|0|0},{1|1|1|0|0},{1|0|0|0|0}]">124</label>
<label id="[{0|0|1|0|0},{1|1|1|0|0},{1|0|1|0|0}]">20</label>
<label id="[{0|0|2|0|0},{0|1|0|0|0},{1|0|0|0|0}]">18</label>
<label id="[{0|0|2|0|0},{0|1|0|0|0},{1|0|1|0|0}]">6</label>
<label id="[{0|0|2|0|0},{0|1|1|0|0},{1|0|0|0|0}]">66</label>
<label id="[{0|0|2|0|0},{0|1|1|0|0},{1|0|1|0|0}]">10</label>
<label id="[{0|0|2|0|0},{1|1|0|0|0},{1|0|0|0|0}]">32</label>
<label id="[{0|0|2|0|0},{1|1|0|0|0},{1|0|1|0|0}]">12</label>
<label id="[{0|0|2|0|0},{1|1|1|0|0},{1|0|0|0|0}]">124</label>
<label id="[{0|0|2|0|0},{1|1|1|0|0},{1|0|1|0|0}]">20</label>
<label id="[{0|1|0|0|0},{0|0|0|0|0},{1|0|0|0|0}]">14</label>
<label id="[{0|1|0|0|0},{0|0|0|0|0},{1|1|0|0|0}]">7</label>
<label id="[{0|1|0|0|0},{0|1|0|0|0},{1|0|0|0|0}]">95</label>
<label id="[{0|1|0|0|0},{0|1|0|0|0},{1|0|1|0|0}]">6</label>
<label id="[{0|1|0|0|0},{0|1|0|0|0},{1|1|0|0|0}]">12</label>
<label id="[{0|1|0|0|0},{0|1|1|0|0},{1|0|0|0|0}]">66</label>
<label id="[{0|1|0|0|0},{0|1|1|0|0},{1|0|1|0|0}]">10</label>
<label id="[{0|1|0|0|0},{1|0|0|0|0},{0|0|0|0|0}]">126</label>
<label id="[{0|1|0|0|0},{1|0|0|0|0},{0|1|0|0|0}]">174</label>
<label id="[{0|1|0|0|0},{1|0|0|0|0},{1|0|0|0|0}]">28</label>
<label id="[{0|1|0|0|0},{1|0|0|0|0},{1|1|0|0|0}]">12</label>
<label id="[{0|1|0|0|0},{1|1|0|0|0},{0|0|0|0|0}]">882</label>
<label id="[{0|1|0|0|0},{1|1|0|0|0},{0|1|0|0|0}]">302</label>
<label id="[{0|1|0|0|0},{1|1|0|0|0},{1|0|0|0|0}]">156</label>
<label id="[{0|1|0|0|0},{1|1|0|0|0},{1|0|1|0|0}]">12</label>
<label id="[{0|1|0|0|0},{1|1|0|0|0},{1|1|0|0|0}]">20</label>
<label id="[{0|1|0|0|0},{1|1|1|0|0},{1|0|0|0|0}]">124</label>
<label id="[{0|1|0|0|0},{1|1|1|0|0},{1|0|1|0|0}]">20</label>
<label id="[{0|1|1|0|0},{0|0|0|0|0},{1|1|0|0|0}]">2</label>
<label id="[{0|1|1|0|0},{0|0|1|0|0},{1|1|0|0|0}]">5</label>
<label id="[{0|1|1|0|0},{0|1|0|0|0},{1|0|0|0|0}]">30</label>
<label id="[{0|1|1|0|0},{0|1|0|0|0},{1|0|1|0|0}]">6</label>
<label id="[{0|1|1|0|0},{0|1|0|0|0},{1|1|0|0|0}]">4</label>
<label id="[{0|1|1|0|0},{0|1|1|0|0},{1|0|0|0|0}]">90</label>
<label id="[{0|1|1|0|0},{0|1|1|0|0},{1|0|1|0|0}]">10</label>
<label id="[{0|1|1|0|0},{0|1|1|0|0},{1|1|0|0|0}]">8</label>
<label id="[{0|1|1|0|0},{1|0|0|0|0},{1|1|0|0|0}]">4</label>
<label id="[{0|1|1|0|0},{1|0|1|0|0},{1|1|0|0|0}]">10</label>
<label id="[{0|1|1|0|0},{1|1|0|0|0},{1|0|0|0|0}]">56</label>
<label id="[{0|1|1|0|0},{1|1|0|0|0},{1|0|1|0|0}]">12</label>
<label id="[{0|1|1|0|0},{1|1|0|0|0},{1|1|0|0|0}]">8</label>
<label id="[{0|1|1|0|0},{1|1|1|0|0},{1|0|0|0|0}]">172</label>
<label id="[{0|1|1|0|0},{1|1|1|0|0},{1|0|1|0|0}]">20</label>
<label id="[{0|1|1|0|0},{1|1|1|0|0},{1|1|0|0|0}]">16</label>
<label id="[{0|1|1|1|0},{0|0|1|0|0},{1|1|0|0|0}]">2</label>
<label id="[{0|1|1|1|0},{0|0|1|1|0},{1|1|0|0|0}]">4</label>
<label id="[{0|1|1|1|0},{0|1|1|0|0},{1|1|0|0|0}]">4</label>
<label id="[{0|1|1|1|0},{0|1|1|1|0},{1|1|0|0|0}]">8</label>
<label id="[{0|1|1|1|0},{1|0|1|0|0},{1|1|0|0|0}]">4</label>
<label id="[{0|1|1|1|0},{1|0|1|1|0},{1|1|0|0|0}]">8</label>
<label id="[{0|1|1|1|0},{1|1|1|0|0},{1|1|0|0|0}]">8</label>
<label id="[{0|1|1|1|0},{1|1|1|1|0},{1|1|0|0|0}]">16</label>
<label id="[{0|2|0|0|0},{0|0|0|0|0},{1|0|0|0|0}]">14</label>
<label id="[{0|2|0|0|0},{0|0|0|0|0},{1|1|0|0|0}]">7</label>
<label id="[{0|2|0|0|0},{0|1|0|0|0},{1|0|0|0|0}]">95</label>
<label id="[{0|2|0|0|0},{0|1|0|0|0},{1|0|1|0|0}]">6</label>
<label id="[{0|2|0|0|0},{0|1|0|0|0},{1|1|0|0|0}]">12</label>
<label id="[{0|2|0|0|0},{0|1|1|0|0},{1|0|0|0|0}]">66</label>
<label id="[{0|2|0|0|0},{0|1|1|0|0},{1|0|1|0|0}]">10</label>
<label id="[{0|2|0|0|0},{1|0|0|0|0},{0|0|0|0|0}]">126</label>
<label id="[{0|2|0|0|0},{1|0|0|0|0},{0|1|0|0|0}]">174</label>
<label id="[{0|2|0|0|0},{1|0|0|0|0},{1|0|0|0|0}]">28</label>
<label id="[{0|2|0|0|0},{1|0|0|0|0},{1|1|0|0|0}]">12</label>
<label id="[{0|2|0|0|0},{1|1|0|0|0},{0|0|0|0|0}]">882</label>
<label id="[{0|2|0|0|0},{1|1|0|0|0},{0|1|0|0|0}]">302</label>
<label id="[{0|2|0|0|0},{1|1|0|0|0},{1|0|0|0|0}]">156</label>
<label id="[{0|2|0|0|0},{1|1|0|0|0},{1|0|1|0|0}]">12</label>
<label id="[{0|2|0|0|0},{1|1|0|0|0},{1|1|0|0|0}]">20</label>
<label id="[{0|2|0|0|0},{1|1|1|0|0},{1|0|0|0|0}]">124</label>
<label id="[{0|2|0|0|0},{1|1|1|0|0},{1|0|1|0|0}]">20</label>
<label id="[{0|2|2|0|0},{0|0|0|0|0},{1|1|0|0|0}]">2</label>
<label id="[{0|2|2|0|0},{0|0|1|0|0},{1|1|0|0|0}]">5</label>
<label id="[{0|2|2|0|0},{0|1|0|0|0},{1|0|0|0|0}]">30</label>
<label id="[{0|2|2|0|0},{0|1|0|0|0},{1|0|1|0|0}]">6</label>
<label id="[{0|2|2|0|0},{0|1|0|0|0},{1|1|0|0|0}]">4</label>
<label id="[{0|2|2|0|0},{0|1|1|0|0},{1|0|0|0|0}]">90</label>
<label id="[{0|2|2|0|0},{0|1|1|0|0},{1|0|1|0|0}]">10</label>
<label id="[{0|2|2|0|0},{0|1|1|0|0},{1|1|0|0|0}]">8</label>
<label id="[{0|2|2|0|0},{1|0|0|0|0},{1|1|0|0|0}]">4</label>
<label id="[{0|2|2|0|0},{1|0|1|0|0},{1|1|0|0|0}]">10</label>
<label id="[{0|2|2|0|0},{1|1|0|0|0},{1|0|0|0|0}]">56</label>
<label id="[{0|2|2|0|0},{1|1|0|0|0},{1|0|1|0|0}]">12</label>
<label id="[{0|2|2|0|0},{1|1|0|0|0},{1|1|0|0|0}]">8</label>
<label id="[{0|2|2|0|0},{1|1|1|0|0},{1|0|0|0|0}]">172</label>
<label id="[{0|2|2|0|0},{1|1|1|0|0},{1|0|1|0|0}]">20</label>
<label id="[{0|2|2|0|0},{1|1|1|0|0},{1|1|0|0|0}]">16</label>
<label id="[{0|2|2|2|0},{0|0|1|0|0},{1|1|0|0|0}]">2</label>
<label id="[{0|2|2|2|0},{0|0|1|1|0},{1|1|0|0|0}]">4</label>
<label id="[{0|2|2|2|0},{0|1|1|0|0},{1|1|0|0|0}]">4</label>
<label id="[{0|2|2|2|0},{0|1|1|1|0},{1|1|0|0|0}]">8</label>
<label id="[{0|2|2|2|0},{1|0|1|0|0},{1|1|0|0|0}]">4</label>
<label id="[{0|2|2|2|0},{1|0|1|1|0},{1|1|0|0|0}]">8</label>
<label id="[{0|2|2|2|0},{1|1|1|0|0},{1|1|0|0|0}]">8</label>
<label id="[{0|2|2|2|0},{1|1|1|1|0},{1|1|0|0|0}]">16</label>
<label id="[{1|0|0|0|0},{0|0|0|0|0},{0|0|0|0|0}]">18</label>
<label id="[{1|0|0|0|0},{0|0|0|0|0},{1|0|0|0|0}]">99</label>
<label id="[{1|0|0|0|0},{0|0|0|0|0},{1|1|0|0|0}]">9</label>
<label id="[{1|0|0|0|0},{0|0|1|0|0},{1|1|0|0|0}]">7</label>
<label id="[{1|0|0|0|0},{0|0|1|1|0},{1|1|0|0|0}]">4</label>
<label id="[{1|0|0|0|0},{0|1|0|0|0},{1|0|0|0|0}]">107</label>
<label id="[{1|0|0|0|0},{0|1|0|0|0},{1|0|1|0|0}]">6</label>
<label id="[{1|0|0|0|0},{0|1|0|0|0},{1|1|0|0|0}]">16</label>
<label id="[{1|0|0|0|0},{0|1|1|0|0},{1|0|0|0|0}]">90</label>
<label id="[{1|0|0|0|0},{0|1|1|0|0},{1|0|1|0|0}]">10</label>
<label id="[{1|0|0|0|0},{0|1|1|0|0},{1|1|0|0|0}]">12</label>
<label id="[{1|0|0|0|0},{0|1|1|1|0},{1|1|0|0|0}]">8</label>
<label id="[{1|0|0|0|0},{1|0|0|0|0},{0|0|0|0|0}]">353</label>
<label id="[{1|0|0|0|0},{1|0|0|0|0},{0|1|0|0|0}]">174</label>
<label id="[{1|0|0|0|0},{1|0|0|0|0},{1|0|0|0|0}]">174</label>
<label id="[{1|0|0|0|0},{1|0|0|0|0},{1|1|0|0|0}]">16</label>
<label id="[{1|0|0|0|0},{1|0|1|0|0},{1|1|0|0|0}]">14</label>
<label id="[{1|0|0|0|0},{1|0|1|1|0},{1|1|0|0|0}]">8</label>
<label id="[{1|0|0|0|0},{1|1|0|0|0},{0|0|0|0|0}]">882</label>
<label id="[{1|0|0|0|0},{1|1|0|0|0},{0|1|0|0|0}]">302</label>
<label id="[{1|0|0|0|0},{1|1|0|0|0},{1|0|0|0|0}]">180</label>
<label id="[{1|0|0|0|0},{1|1|0|0|0},{1|0|1|0|0}]">12</label>
<label id="[{1|0|0|0|0},{1|1|0|0|0},{1|1|0|0|0}]">28</label>
<label id="[{1|0|0|0|0},{1|1|1|0|0},{1|0|0|0|0}]">172</label>
<label id="[{1|0|0|0|0},{1|1|1|0|0},{1|0|1|0|0}]">20</label>
<label id="[{1|0|0|0|0},{1|1|1|0|0},{1|1|0|0|0}]">24</label>
<label id="[{1|0|0|0|0},{1|1|1|1|0},{1|1|0|0|0}]">16</label>
<label id="[{1|0|1|0|0},{0|1|0|0|0},{1|0|0|0|0}]">18</label>
<label id="[{1|0|1|0|0},{0|1|0|0|0},{1|0|1|0|0}]">6</label>
<label id="[{1|0|1|0|0},{0|1|1|0|0},{1|0|0|0|0}]">66</label>
<label id="[{1|0|1|0|0},{0|1|1|0|0},{1|0|1|0|0}]">10</label>
<label id="[{1|0|1|0|0},{1|1|0|0|0},{1|0|0|0|0}]">32</label>
<label id="[{1|0|1|0|0},{1|1|0|0|0},{1|0|1|0|0}]">12</label>
<label id="[{1|0|1|0|0},{1|1|1|0|0},{1|0|0|0|0}]">124</label>
<label id="[{1|0|1|0|0},{1|1|1|0|0},{1|0|1|0|0}]">20</label>
<label id="[{1|1|0|0|0},{0|0|0|0|0},{1|0|0|0|0}]">42</label>
<label id="[{1|1|0|0|0},{0|0|0|0|0},{1|1|0|0|0}]">14</label>
<label id="[{1|1|0|0|0},{0|1|0|0|0},{1|0|0|0|0}]">207</label>
<label id="[{1|1|0|0|0},{0|1|0|0|0},{1|0|1|0|0}]">6</label>
<label id="[{1|1|0|0|0},{0|1|0|0|0},{1|1|0|0|0}]">24</label>
<label id="[{1|1|0|0|0},{0|1|1|0|0},{1|0|0|0|0}]">66</label>
<label id="[{1|1|0|0|0},{0|1|1|0|0},{1|0|1|0|0}]">10</label>
<label id="[{1|1|0|0|0},{1|0|0|0|0},{0|0|0|0|0}]">162</label>
<label id="[{1|1|0|0|0},{1|0|0|0|0},{0|1|0|0|0}]">186</label>
<label id="[{1|1|0|0|0},{1|0|0|0|0},{1|0|0|0|0}]">80</label>
<label id="[{1|1|0|0|0},{1|0|0|0|0},{1|1|0|0|0}]">24</label>
<label id="[{1|1|0|0|0},{1|1|0|0|0},{0|0|0|0|0}]">1014</label>
<label id="[{1|1|0|0|0},{1|1|0|0|0},{0|1|0|0|0}]">322</label>
<label id="[{1|1|0|0|0},{1|1|0|0|0},{1|0|0|0|0}]">346</label>
<label id="[{1|1|0|0|0},{1|1|0|0|0},{1|0|1|0|0}]">12</label>
<label id="[{1|1|0|0|0},{1|1|0|0|0},{1|1|0|0|0}]">40</label>
<label id="[{1|1|0|0|0},{1|1|1|0|0},{1|0|0|0|0}]">124</label>
<label id="[{1|1|0|0|0},{1|1|1|0|0},{1|0|1|0|0}]">20</label>
<label id="[{1|1|1|0|0},{0|0|0|0|0},{1|1|0|0|0}]">4</label>
<label id="[{1|1|1|0|0},{0|0|1|0|0},{1|1|0|0|0}]">10</label>
<label id="[{1|1|1|0|0},{0|1|0|0|0},{1|0|0|0|0}]">74</label>
<label id="[{1|1|1|0|0},{0|1|0|0|0},{1|0|1|0|0}]">12</label>
<label id="[{1|1|1|0|0},{0|1|0|0|0},{1|1|0|0|0}]">8</label>
<label id="[{1|1|1|0|0},{0|1|1|0|0},{1|0|0|0|0}]">208</label>
<label id="[{1|1|1|0|0},{0|1|1|0|0},{1|0|1|0|0}]">20</label>
<label id="[{1|1|1|0|0},{0|1|1|0|0},{1|1|0|0|0}]">16</label>
<label id="[{1|1|1|0|0},{1|0|0|0|0},{1|1|0|0|0}]">8</label>
<label id="[{1|1|1|0|0},{1|0|1|0|0},{1|1|0|0|0}]">20</label>
<label id="[{1|1|1|0|0},{1|1|0|0|0},{1|0|0|0|0}]">144</label>
<label id="[{1|1|1|0|0},{1|1|0|0|0},{1|0|1|0|0}]">24</label>
<label id="[{1|1|1|0|0},{1|1|0|0|0},{1|1|0|0|0}]">16</label>
<label id="[{1|1|1|0|0},{1|1|1|0|0},{1|0|0|0|0}]">408</label>
<label id="[{1|1|1|0|0},{1|1|1|0|0},{1|0|1|0|0}]">40</label>
<label id="[{1|1|1|0|0},{1|1|1|0|0},{1|1|0|0|0}]">32</label>
<label id="[{1|1|1|1|0},{0|0|1|0|0},{1|1|0|0|0}]">4</label>
<label id="[{1|1|1|1|0},{0|0|1|1|0},{1|1|0|0|0}]">8</label>
<label id="[{1|1|1|1|0},{0|1|1|0|0},{1|1|0|0|0}]">8</label>
<label id="[{1|1|1|1|0},{0|1|1|1|0},{1|1|0|0|0}]">16</label>
<label id="[{1|1|1|1|0},{1|0|1|0|0},{1|1|0|0|0}]">8</label>
<label id="[{1|1|1|1|0},{1|0|1|1|0},{1|1|0|0|0}]">16</label>
<label id="[{1|1|1|1|0},{1|1|1|0|0},{1|1|0|0|0}]">16</label>
<label id="[{1|1|1|1|0},{1|1|1|1|0},{1|1|0|0|0}]">32</label>
<label id="[{1|1|2|0|0},{0|1|0|0|0},{1|0|0|0|0}]">18</label>
<label id="[{1|1|2|0|0},{0|1|0|0|0},{1|0|1|0|0}]">6</label>
<label id="[{1|1|2|0|0},{0|1|1|0|0},{1|0|0|0|0}]">66</label>
<label id="[{1|1|2|0|0},{0|1|1|0|0},{1|0|1|0|0}]">10</label>
<label id="[{1|1|2|0|0},{1|1|0|0|0},{1|0|0|0|0}]">32</label>
<label id="[{1|1|2|0|0},{1|1|0|0|0},{1|0|1|0|0}]">12</label>
<label id="[{1|1|2|0|0},{1|1|1|0|0},{1|0|0|0|0}]">124</label>
<label id="[{1|1|2|0|0},{1|1|1|0|0},{1|0|1|0|0}]">20</label>
<label id="[{1|2|0|0|0},{0|0|0|0|0},{1|0|0|0|0}]">14</label>
<label id="[{1|2|0|0|0},{0|0|0|0|0},{1|1|0|0|0}]">7</label>
<label id="[{1|2|0|0|0},{0|1|0|0|0},{1|0|0|0|0}]">77</label>
<label id="[{1|2|0|0|0},{0|1|0|0|0},{1|1|0|0|0}]">12</label>
<label id="[{1|2|0|0|0},{1|0|0|0|0},{0|0|0|0|0}]">126</label>
<label id="[{1|2|0|0|0},{1|0|0|0|0},{0|1|0|0|0}]">174</label>
<label id="[{1|2|0|0|0},{1|0|0|0|0},{1|0|0|0|0}]">28</label>
<label id="[{1|2|0|0|0},{1|0|0|0|0},{1|1|0|0|0}]">12</label>
<label id="[{1|2|0|0|0},{1|1|0|0|0},{0|0|0|0|0}]">882</label>
<label id="[{1|2|0|0|0},{1|1|0|0|0},{0|1|0|0|0}]">302</label>
<label id="[{1|2|0|0|0},{1|1|0|0|0},{1|0|0|0|0}]">124</label>
<label id="[{1|2|0|0|0},{1|1|0|0|0},{1|1|0|0|0}]">20</label>
<label id="[{1|2|1|0|0},{0|1|0|0|0},{1|0|0|0|0}]">18</label>
<label id="[{1|2|1|0|0},{0|1|0|0|0},{1|0|1|0|0}]">6</label>
<label id="[{1|2|1|0|0},{0|1|1|0|0},{1|0|0|0|0}]">66</label>
<label id="[{1|2|1|0|0},{0|1|1|0|0},{1|0|1|0|0}]">10</label>
<label id="[{1|2|1|0|0},{1|1|0|0|0},{1|0|0|0|0}]">32</label>
<label id="[{1|2|1|0|0},{1|1|0|0|0},{1|0|1|0|0}]">12</label>
<label id="[{1|2|1|0|0},{1|1|1|0|0},{1|0|0|0|0}]">124</label>
<label id="[{1|2|1|0|0},{1|1|1|0|0},{1|0|1|0|0}]">20</label>
<label id="[{1|2|2|0|0},{0|0|0|0|0},{1|1|0|0|0}]">2</label>
<label id="[{1|2|2|0|0},{0|0|1|0|0},{1|1|0|0|0}]">5</label>
<label id="[{1|2|2|0|0},{0|1|0|0|0},{1|0|0|0|0}]">30</label>
<label id="[{1|2|2|0|0},{0|1|0|0|0},{1|0|1|0|0}]">6</label>
<label id="[{1|2|2|0|0},{0|1|0|0|0},{1|1|0|0|0}]">4</label>
<label id="[{1|2|2|0|0},{0|1|1|0|0},{1|0|0|0|0}]">90</label>
<label id="[{1|2|2|0|0},{0|1|1|0|0},{1|0|1|0|0}]">10</label>
<label id="[{1|2|2|0|0},{0|1|1|0|0},{1|1|0|0|0}]">8</label>
<label id="[{1|2|2|0|0},{1|0|0|0|0},{1|1|0|0|0}]">4</label>
<label id="[{1|2|2|0|0},{1|0|1|0|0},{1|1|0|0|0}]">10</label>
<label id="[{1|2|2|0|0},{1|1|0|0|0},{1|0|0|0|0}]">56</label>
<label id="[{1|2|2|0|0},{1|1|0|0|0},{1|0|1|0|0}]">12</label>
<label id="[{1|2|2|0|0},{1|1|0|0|0},{1|1|0|0|0}]">8</label>
<label id="[{1|2|2|0|0},{1|1|1|0|0},{1|0|0|0|0}]">172</label>
<label id="[{1|2|2|0|0},{1|1|1|0|0},{1|0|1|0|0}]">20</label>
<label id="[{1|2|2|0|0},{1|1|1|0|0},{1|1|0|0|0}]">16</label>
<label id="[{1|2|2|2|0},{0|0|1|0|0},{1|1|0|0|0}]">2</label>
<label id="[{1|2|2|2|0},{0|0|1|1|0},{1|1|0|0|0}]">4</label>
<label id="[{1|2|2|2|0},{0|1|1|0|0},{1|1|0|0|0}]">4</label>
<label id="[{1|2|2|2|0},{0|1|1|1|0},{1|1|0|0|0}]">8</label>
<label id="[{1|2|2|2|0},{1|0|1|0|0},{1|1|0|0|0}]">4</label>
<label id="[{1|2|2|2|0},{1|0|1|1|0},{1|1|0|0|0}]">8</label>
<label id="[{1|2|2|2|0},{1|1|1|0|0},{1|1|0|0|0}]">8</label>
<label id="[{1|2|2|2|0},{1|1|1|1|0},{1|1|0|0|0}]">16</label>
<label id="[{2|0|0|0|0},{0|0|0|0|0},{0|0|0|0|0}]">18</label>
<label id="[{2|0|0|0|0},{0|0|0|0|0},{1|0|0|0|0}]">99</label>
<label id="[{2|0|0|0|0},{0|0|0|0|0},{1|1|0|0|0}]">9</label>
<label id="[{2|0|0|0|0},{0|0|1|0|0},{1|1|0|0|0}]">7</label>
<label id="[{2|0|0|0|0},{0|0|1|1|0},{1|1|0|0|0}]">4</label>
<label id="[{2|0|0|0|0},{0|1|0|0|0},{1|0|0|0|0}]">107</label>
<label id="[{2|0|0|0|0},{0|1|0|0|0},{1|0|1|0|0}]">6</label>
<label id="[{2|0|0|0|0},{0|1|0|0|0},{1|1|0|0|0}]">16</label>
<label id="[{2|0|0|0|0},{0|1|1|0|0},{1|0|0|0|0}]">90</label>
<label id="[{2|0|0|0|0},{0|1|1|0|0},{1|0|1|0|0}]">10</label>
<label id="[{2|0|0|0|0},{0|1|1|0|0},{1|1|0|0|0}]">12</label>
<label id="[{2|0|0|0|0},{0|1|1|1|0},{1|1|0|0|0}]">8</label>
<label id="[{2|0|0|0|0},{1|0|0|0|0},{0|0|0|0|0}]">353</label>
<label id="[{2|0|0|0|0},{1|0|0|0|0},{0|1|0|0|0}]">174</label>
<label id="[{2|0|0|0|0},{1|0|0|0|0},{1|0|0|0|0}]">174</label>
<label id="[{2|0|0|0|0},{1|0|0|0|0},{1|1|0|0|0}]">16</label>
<label id="[{2|0|0|0|0},{1|0|1|0|0},{1|1|0|0|0}]">14</label>
<label id="[{2|0|0|0|0},{1|0|1|1|0},{1|1|0|0|0}]">8</label>
<label id="[{2|0|0|0|0},{1|1|0|0|0},{0|0|0|0|0}]">882</label>
<label id="[{2|0|0|0|0},{1|1|0|0|0},{0|1|0|0|0}]">302</label>
<label id="[{2|0|0|0|0},{1|1|0|0|0},{1|0|0|0|0}]">180</label>
<label id="[{2|0|0|0|0},{1|1|0|0|0},{1|0|1|0|0}]">12</label>
<label id="[{2|0|0|0|0},{1|1|0|0|0},{1|1|0|0|0}]">28</label>
<label id="[{2|0|0|0|0},{1|1|1|0|0},{1|0|0|0|0}]">172</label>
<label id="[{2|0|0|0|0},{1|1|1|0|0},{1|0|1|0|0}]">20</label>
<label id="[{2|0|0|0|0},{1|1|1|0|0},{1|1|0|0|0}]">24</label>
<label id="[{2|0|0|0|0},{1|1|1|1|0},{1|1|0|0|0}]">16</label>
<label id="[{2|0|2|0|0},{0|1|0|0|0},{1|0|0|0|0}]">18</label>
<label id="[{2|0|2|0|0},{0|1|0|0|0},{1|0|1|0|0}]">6</label>
<label id="[{2|0|2|0|0},{0|1|1|0|0},{1|0|0|0|0}]">66</label>
<label id="[{2|0|2|0|0},{0|1|1|0|0},{1|0|1|0|0}]">10</label>
<label id="[{2|0|2|0|0},{1|1|0|0|0},{1|0|0|0|0}]">32</label>
<label id="[{2|0|2|0|0},{1|1|0|0|0},{1|0|1|0|0}]">12</label>
<label id="[{2|0|2|0|0},{1|1|1|0|0},{1|0|0|0|0}]">124</label>
<label id="[{2|0|2|0|0},{1|1|1|0|0},{1|0|1|0|0}]">20</label>
<label id="[{2|1|0|0|0},{0|0|0|0|0},{1|0|0|0|0}]">14</label>
<label id="[{2|1|0|0|0},{0|0|0|0|0},{1|1|0|0|0}]">7</label>
<label id="[{2|1|0|0|0},{0|1|0|0|0},{1|0|0|0|0}]">77</label>
<label id="[{2|1|0|0|0},{0|1|0|0|0},{1|1|0|0|0}]">12</label>
<label id="[{2|1|0|0|0},{1|0|0|0|0},{0|0|0|0|0}]">126</label>
<label id="[{2|1|0|0|0},{1|0|0|0|0},{0|1|0|0|0}]">174</label>
<label id="[{2|1|0|0|0},{1|0|0|0|0},{1|0|0|0|0}]">28</label>
<label id="[{2|1|0|0|0},{1|0|0|0|0},{1|1|0|0|0}]">12</label>
<label id="[{2|1|0|0|0},{1|1|0|0|0},{0|0|0|0|0}]">882</label>
<label id="[{2|1|0|0|0},{1|1|0|0|0},{0|1|0|0|0}]">302</label>
<label id="[{2|1|0|0|0},{1|1|0|0|0},{1|0|0|0|0}]">124</label>
<label id="[{2|1|0|0|0},{1|1|0|0|0},{1|1|0|0|0}]">20</label>
<label id="[{2|1|1|0|0},{0|0|0|0|0},{1|1|0|0|0}]">2</label>
<label id="[{2|1|1|0|0},{0|0|1|0|0},{1|1|0|0|0}]">5</label>
<label id="[{2|1|1|0|0},{0|1|0|0|0},{1|0|0|0|0}]">30</label>
<label id="[{2|1|1|0|0},{0|1|0|0|0},{1|0|1|0|0}]">6</label>
<label id="[{2|1|1|0|0},{0|1|0|0|0},{1|1|0|0|0}]">4</label>
<label id="[{2|1|1|0|0},{0|1|1|0|0},{1|0|0|0|0}]">90</label>
<label id="[{2|1|1|0|0},{0|1|1|0|0},{1|0|1|0|0}]">10</label>
<label id="[{2|1|1|0|0},{0|1|1|0|0},{1|1|0|0|0}]">8</label>
<label id="[{2|1|1|0|0},{1|0|0|0|0},{1|1|0|0|0}]">4</label>
<label id="[{2|1|1|0|0},{1|0|1|0|0},{1|1|0|0|0}]">10</label>
<label id="[{2|1|1|0|0},{1|1|0|0|0},{1|0|0|0|0}]">56</label>
<label id="[{2|1|1|0|0},{1|1|0|0|0},{1|0|1|0|0}]">12</label>
<label id="[{2|1|1|0|0},{1|1|0|0|0},{1|1|0|0|0}]">8</label>
<label id="[{2|1|1|0|0},{1|1|1|0|0},{1|0|0|0|0}]">172</label>
<label id="[{2|1|1|0|0},{1|1|1|0|0},{1|0|1|0|0}]">20</label>
<label id="[{2|1|1|0|0},{1|1|1|0|0},{1|1|0|0|0}]">16</label>
<label id="[{2|1|1|1|0},{0|0|1|0|0},{1|1|0|0|0}]">2</label>
<label id="[{2|1|1|1|0},{0|0|1|1|0},{1|1|0|0|0}]">4</label>
<label id="[{2|1|1|1|0},{0|1|1|0|0},{1|1|0|0|0}]">4</label>
<label id="[{2|1|1|1|0},{0|1|1|1|0},{1|1|0|0|0}]">8</label>
<label id="[{2|1|1|1|0},{1|0|1|0|0},{1|1|0|0|0}]">4</label>
<label id="[{2|1|1|1|0},{1|0|1|1|0},{1|1|0|0|0}]">8</label>
<label id="[{2|1|1|1|0},{1|1|1|0|0},{1|1|0|0|0}]">8</label>
<label id="[{2|1|1|1|0},{1|1|1|1|0},{1|1|0|0|0}]">16</label>
<label id="[{2|1|2|0|0},{0|1|0|0|0},{1|0|0|0|0}]">18</label>
<label id="[{2|1|2|0|0},{0|1|0|0|0},{1|0|1|0|0}]">6</label>
<label id="[{2|1|2|0|0},{0|1|1|0|0},{1|0|0|0|0}]">66</label>
<label id="[{2|1|2|0|0},{0|1|1|0|0},{1|0|1|0|0}]">10</label>
<label id="[{2|1|2|0|0},{1|1|0|0|0},{1|0|0|0|0}]">32</label>
<label id="[{2|1|2|0|0},{1|1|0|0|0},{1|0|1|0|0}]">12</label>
<label id="[{2|1|2|0|0},{1|1|1|0|0},{1|0|0|0|0}]">124</label>
<label id="[{2|1|2|0|0},{1|1|1|0|0},{1|0|1|0|0}]">20</label>
<label id="[{2|2|0|0|0},{0|0|0|0|0},{1|0|0|0|0}]">42</label>
<label id="[{2|2|0|0|0},{0|0|0|0|0},{1|1|0|0|0}]">14</label>
<label id="[{2|2|0|0|0},{0|1|0|0|0},{1|0|0|0|0}]">207</label>
<label id="[{2|2|0|0|0},{0|1|0|0|0},{1|0|1|0|0}]">6</label>
<label id="[{2|2|0|0|0},{0|1|0|0|0},{1|1|0|0|0}]">24</label>
<label id="[{2|2|0|0|0},{0|1|1|0|0},{1|0|0|0|0}]">66</label>
<label id="[{2|2|0|0|0},{0|1|1|0|0},{1|0|1|0|0}]">10</label>
<label id="[{2|2|0|0|0},{1|0|0|0|0},{0|0|0|0|0}]">162</label>
<label id="[{2|2|0|0|0},{1|0|0|0|0},{0|1|0|0|0}]">186</label>
<label id="[{2|2|0|0|0},{1|0|0|0|0},{1|0|0|0|0}]">80</label>
<label id="[{2|2|0|0|0},{1|0|0|0|0},{1|1|0|0|0}]">24</label>
<label id="[{2|2|0|0|0},{1|1|0|0|0},{0|0|0|0|0}]">1014</label>
<label id="[{2|2|0|0|0},{1|1|0|0|0},{0|1|0|0|0}]">322</label>
<label id="[{2|2|0|0|0},{1|1|0|0|0},{1|0|0|0|0}]">346</label>
<label id="[{2|2|0|0|0},{1|1|0|0|0},{1|0|1|0|0}]">12</label>
<label id="[{2|2|0|0|0},{1|1|0|0|0},{1|1|0|0|0}]">40</label>
<label id="[{2|2|0|0|0},{1|1|1|0|0},{1|0|0|0|0}]">124</label>
<label id="[{2|2|0|0|0},{1|1|1|0|0},{1|0|1|0|0}]">20</label>
<label id="[{2|2|1|0|0},{0|1|0|0|0},{1|0|0|0|0}]">18</label>
<label id="[{2|2|1|0|0},{0|1|0|0|0},{1|0|1|0|0}]">6</label>
<label id="[{2|2|1|0|0},{0|1|1|0|0},{1|0|0|0|0}]">66</label>
<label id="[{2|2|1|0|0},{0|1|1|0|0},{1|0|1|0|0}]">10</label>
<label id="[{2|2|1|0|0},{1|1|0|0|0},{1|0|0|0|0}]">32</label>
<label id="[{2|2|1|0|0},{1|1|0|0|0},{1|0|1|0|0}]">12</label>
<label id="[{2|2|1|0|0},{1|1|1|0|0},{1|0|0|0|0}]">124</label>
<label id="[{2|2|1|0|0},{1|1|1|0|0},{1|0|1|0|0}]">20</label>
<label id="[{2|2|2|0|0},{0|0|0|0|0},{1|1|0|0|0}]">4</label>
<label id="[{2|2|2|0|0},{0|0|1|0|0},{1|1|0|0|0}]">10</label>
<label id="[{2|2|2|0|0},{0|1|0|0|0},{1|0|0|0|0}]">74</label>
<label id="[{2|2|2|0|0},{0|1|0|0|0},{1|0|1|0|0}]">12</label>
<label id="[{2|2|2|0|0},{0|1|0|0|0},{1|1|0|0|0}]">8</label>
<label id="[{2|2|2|0|0},{0|1|1|0|0},{1|0|0|0|0}]">208</label>
<label id="[{2|2|2|0|0},{0|1|1|0|0},{1|0|1|0|0}]">20</label>
<label id="[{2|2|2|0|0},{0|1|1|0|0},{1|1|0|0|0}]">16</label>
<label id="[{2|2|2|0|0},{1|0|0|0|0},{1|1|0|0|0}]">8</label>
<label id="[{2|2|2|0|0},{1|0|1|0|0},{1|1|0|0|0}]">20</label>
<label id="[{2|2|2|0|0},{1|1|0|0|0},{1|0|0|0|0}]">144</label>
<label id="[{2|2|2|0|0},{1|1|0|0|0},{1|0|1|0|0}]">24</label>
<label id="[{2|2|2|0|0},{1|1|0|0|0},{1|1|0|0|0}]">16</label>
<label id="[{2|2|2|0|0},{1|1|1|0|0},{1|0|0|0|0}]">408</label>
<label id="[{2|2|2|0|0},{1|1|1|0|0},{1|0|1|0|0}]">40</label>
<label id="[{2|2|2|0|0},{1|1|1|0|0},{1|1|0|0|0}]">32</label>
<label id="[{2|2|2|2|0},{0|0|1|0|0},{1|1|0|0|0}]">4</label>
<label id="[{2|2|2|2|0},{0|0|1|1|0},{1|1|0|0|0}]">8</label>
<label id="[{2|2|2|2|0},{0|1|1|0|0},{1|1|0|0|0}]">8</label>
<label id="[{2|2|2|2|0},{0|1|1|1|0},{1|1|0|0|0}]">16</label>
<label id="[{2|2|2|2|0},{1|0|1|0|0},{1|1|0|0|0}]">8</label>
<label id="[{2|2|2|2|0},{1|0|1|1|0},{1|1|0|0|0}]">16</label>
<label id="[{2|2|2|2|0},{1|1|1|0|0},{1|1|0|0|0}]">16</label>
<label id="[{2|2|2|2|0},{1|1|1|1|0},{1|1|0|0|0}]">32</label>
</state-labels><state-labels procid="1">
<label id="[0,0]">547</label>
<label id="[0,1]">926</label>
<label id="[0,2]">427</label>
<label id="[0,3]">36</label>
<label id="[1,0]">911</label>
<label id="[1,1]">1731</label>
<label id="[1,2]">643</label>
<label id="[1,3]">36</label>
<label id="[2,0]">911</label>
<label id="[2,1]">1731</label>
<label id="[2,2]">643</label>
<label id="[2,3]">36</label>
<label id="[3,0]">930</label>
<label id="[3,1]">1808</label>
<label id="[3,2]">667</label>
<label id="[3,3]">36</label>
<label id="[4,0]">554</label>
<label id="[4,1]">736</label>
<label id="[4,2]">144</label>
<label id="[5,0]">1762</label>
<label id="[5,1]">820</label>
<label id="[5,2]">144</label>
<label id="[6,0]">3224</label>
<label id="[6,1]">1408</label>
<label id="[6,2]">240</label>
<label id="[7,0]">926</label>
<label id="[7,1]">1808</label>
<label id="[7,2]">667</label>
<label id="[7,3]">36</label>
<label id="[8,1]">1707</label>
<label id="[8,2]">655</label>
<label id="[8,3]">36</label>
<label id="[9,1]">1707</label>
<label id="[9,2]">655</label>
<label id="[9,3]">36</label>
</state-labels><state-labels procid="2">
<label id="[0,0]">547</label>
<label id="[0,1]">926</label>
<label id="[0,2]">427</label>
<label id="[0,3]">36</label>
<label id="[1,0]">911</label>
<label id="[1,1]">1731</label>
<label id="[1,2]">643</label>
<label id="[1,3]">36</label>
<label id="[2,0]">911</label>
<label id="[2,1]">1731</label>
<label id="[2,2]">643</label>
<label id="[2,3]">36</label>
<label id="[3,0]">930</label>
<label id="[3,1]">1808</label>
<label id="[3,2]">667</label>
<label id="[3,3]">36</label>
<label id="[4,0]">554</label>
<label id="[4,1]">736</label>
<label id="[4,2]">144</label>
<label id="[5,0]">1762</label>
<label id="[5,1]">820</label>
<label id="[5,2]">144</label>
<label id="[6,0]">3224</label>
<label id="[6,1]">1408</label>
<label id="[6,2]">240</label>
<label id="[7,0]">926</label>
<label id="[7,1]">1808</label>
<label id="[7,2]">667</label>
<label id="[7,3]">36</label>
<label id="[8,1]">1707</label>
<label id="[8,2]">655</label>
<label id="[8,3]">36</label>
<label id="[9,1]">1707</label>
<label id="[9,2]">655</label>
<label id="[9,3]">36</label>
</state-labels><state-labels procid="3">
<label id="[0,0]">547</label>
<label id="[0,1]">926</label>
<label id="[0,2]">427</label>
<label id="[0,3]">36</label>
<label id="[1,0]">911</label>
<label id="[1,1]">1731</label>
<label id="[1,2]">643</label>
<label id="[1,3]">36</label>
<label id="[2,0]">911</label>
<label id="[2,1]">1731</label>
<label id="[2,2]">643</label>
<label id="[2,3]">36</label>
<label id="[3,0]">930</label>
<label id="[3,1]">1808</label>
<label id="[3,2]">667</label>
<label id="[3,3]">36</label>
<label id="[4,0]">554</label>
<label id="[4,1]">736</label>
<label id="[4,2]">144</label>
<label id="[5,0]">1762</label>
<label id="[5,1]">820</label>
<label id="[5,2]">144</label>
<label id="[6,0]">3224</label>
<label id="[6,1]">1408</label>
<label id="[6,2]">240</label>
<label id="[7,0]">926</label>
<label id="[7,1]">1808</label>
<label id="[7,2]">667</label>
<label id="[7,3]">36</label>
<label id="[8,1]">1707</label>
<label id="[8,2]">655</label>
<label id="[8,3]">36</label>
<label id="[9,1]">1707</label>
<label id="[9,2]">655</label>
<label id="[9,3]">36</label>
</state-labels></label-info>
</state-space-info>
