<?xml version="1.0"?>
<!DOCTYPE state-space-info SYSTEM "../../state_space_info.dtd">


<state-space-info>
<states>50025</states>
<edges>126784</edges>
<bfs-info>
 <levels>35</levels>
<max-level>2820</max-level>

<back-level-edges>0</back-level-edges>
<max-back-level-edge>0</max-back-level-edge>
<avg-back-level-edge>nan</avg-back-level-edge>
<bfs-levels>
<level id="0"><states>1</states><edges>4</edges></level>
<level id="1"><states>4</states><edges>16</edges></level>
<level id="2"><states>16</states><edges>64</edges></level>
<level id="3"><states>40</states><edges>160</edges></level>
<level id="4"><states>80</states><edges>296</edges></level>
<level id="5"><states>152</states><edges>500</edges></level>
<level id="6"><states>260</states><edges>764</edges></level>
<level id="7"><states>408</states><edges>1164</edges></level>
<level id="8"><states>588</states><edges>1704</edges></level>
<level id="9"><states>804</states><edges>2388</edges></level>
<level id="10"><states>1072</states><edges>3192</edges></level>
<level id="11"><states>1408</states><edges>4152</edges></level>
<level id="12"><states>1752</states><edges>5112</edges></level>
<level id="13"><states>2044</states><edges>5976</edges></level>
<level id="14"><states>2272</states><edges>6648</edges></level>
<level id="15"><states>2496</states><edges>7260</edges></level>
<level id="16"><states>2680</states><edges>7692</edges></level>
<level id="17"><states>2800</states><edges>7908</edges></level>
<level id="18"><states>2820</states><edges>7836</edges></level>
<level id="19"><states>2800</states><edges>7672</edges></level>
<level id="20"><states>2764</states><edges>7356</edges></level>
<level id="21"><states>2776</states><edges>7036</edges></level>
<level id="22"><states>2788</states><edges>6664</edges></level>
<level id="23"><states>2716</states><edges>6216</edges></level>
<level id="24"><states>2556</states><edges>5664</edges></level>
<level id="25"><states>2364</states><edges>5256</edges></level>
<level id="26"><states>2220</states><edges>4676</edges></level>
<level id="27"><states>2000</states><edges>4040</edges></level>
<level id="28"><states>1688</states><edges>3224</edges></level>
<level id="29"><states>1304</states><edges>2352</edges></level>
<level id="30"><states>912</states><edges>1776</edges></level>
<level id="31"><states>672</states><edges>1152</edges></level>
<level id="32"><states>432</states><edges>624</edges></level>
<level id="33"><states>240</states><edges>240</edges></level>
<level id="34"><states>96</states><edges>0</edges></level>
</bfs-levels>
<back-level-length id="0">nan</back-level-length>
</bfs-info>
<degrees>
<avg>2.53441</avg>
<max-in>7</max-in>
<max-out>4</max-out>
<degree id="0"><in>1</in><out>564</out></degree>
<degree id="1"><in>7848</in><out>5000</out></degree>
<degree id="2"><in>18036</in><out>16284</out></degree>
<degree id="3"><in>15876</in><out>23492</out></degree>
<degree id="4"><in>6700</in><out>4685</out></degree>
<degree id="5"><in>984</in><out>0</out></degree>
<degree id="6"><in>544</in><out>0</out></degree>
<degree id="7"><in>36</in><out>0</out></degree>
</degrees>
<scc-info>
<count>50025</count>
<height>34</height>
<nontrivial-height>0</nontrivial-height>
<trivial>50025</trivial>
<terminal>564</terminal>
<largest>1</largest>
<largest-position> terminal</largest-position>
</scc-info>
<dfs-info>
<stack-size id="250">0.047976</stack-size>
<stack-size id="500">0.041979</stack-size>
<stack-size id="750">0.043978</stack-size>
<stack-size id="1000">0.047976</stack-size>
<stack-size id="1250">0.037981</stack-size>
<stack-size id="1500">0.035982</stack-size>
<stack-size id="1750">0.055972</stack-size>
<stack-size id="2000">0.033983</stack-size>
<stack-size id="2250">0.045977</stack-size>
<stack-size id="2500">0.065967</stack-size>
<stack-size id="2750">0.031984</stack-size>
<stack-size id="3000">0.029985</stack-size>
<stack-size id="3250">0.033983</stack-size>
<stack-size id="3500">0.043978</stack-size>
<stack-size id="3750">0.043978</stack-size>
<stack-size id="4000">0.047976</stack-size>
<stack-size id="4250">0.047976</stack-size>
<stack-size id="4500">0.041979</stack-size>
<stack-size id="4750">0.049975</stack-size>
<stack-size id="5000">0.053973</stack-size>
<stack-size id="5250">0.027986</stack-size>
<stack-size id="5500">0.043978</stack-size>
<stack-size id="5750">0.031984</stack-size>
<stack-size id="6000">0.035982</stack-size>
<stack-size id="6250">0.031984</stack-size>
<stack-size id="6500">0.055972</stack-size>
<stack-size id="6750">0.033983</stack-size>
<stack-size id="7000">0.055972</stack-size>
<stack-size id="7250">0.045977</stack-size>
<stack-size id="7500">0.025987</stack-size>
<stack-size id="7750">0.037981</stack-size>
<stack-size id="8000">0.025987</stack-size>
<stack-size id="8250">0.047976</stack-size>
<stack-size id="8500">0.047976</stack-size>
<stack-size id="8750">0.03998</stack-size>
<stack-size id="9000">0.041979</stack-size>
<stack-size id="9250">0.037981</stack-size>
<stack-size id="9500">0.029985</stack-size>
<stack-size id="9750">0.037981</stack-size>
<stack-size id="10000">0.033983</stack-size>
<stack-size id="10250">0.03998</stack-size>
<stack-size id="10500">0.033983</stack-size>
<stack-size id="10750">0.037981</stack-size>
<stack-size id="11000">0.037981</stack-size>
<stack-size id="11250">0.033983</stack-size>
<stack-size id="11500">0.053973</stack-size>
<stack-size id="11750">0.049975</stack-size>
<stack-size id="12000">0.05997</stack-size>
<stack-size id="12250">0.049975</stack-size>
<stack-size id="12500">0.027986</stack-size>
<stack-size id="12750">0.033983</stack-size>
<stack-size id="13000">0.043978</stack-size>
<stack-size id="13250">0.023988</stack-size>
<stack-size id="13500">0.021989</stack-size>
<stack-size id="13750">0.023988</stack-size>
<stack-size id="14000">0.049975</stack-size>
<stack-size id="14250">0.035982</stack-size>
<stack-size id="14500">0.045977</stack-size>
<stack-size id="14750">0.027986</stack-size>
<stack-size id="15000">0.047976</stack-size>
<stack-size id="15250">0.023988</stack-size>
<stack-size id="15500">0.043978</stack-size>
<stack-size id="15750">0.061969</stack-size>
<stack-size id="16000">0.049975</stack-size>
<stack-size id="16250">0.045977</stack-size>
<stack-size id="16500">0.031984</stack-size>
<stack-size id="16750">0.015992</stack-size>
<stack-size id="17000">0.047976</stack-size>
<stack-size id="17250">0.041979</stack-size>
<stack-size id="17500">0.041979</stack-size>
<stack-size id="17750">0.045977</stack-size>
<stack-size id="18000">0.041979</stack-size>
<stack-size id="18250">0.033983</stack-size>
<stack-size id="18500">0.027986</stack-size>
<stack-size id="18750">0.049975</stack-size>
<stack-size id="19000">0.051974</stack-size>
<stack-size id="19250">0.03998</stack-size>
<stack-size id="19500">0.045977</stack-size>
<stack-size id="19750">0.049975</stack-size>
<stack-size id="20000">0.029985</stack-size>
<stack-size id="20250">0.023988</stack-size>
<stack-size id="20500">0.029985</stack-size>
<stack-size id="20750">0.045977</stack-size>
<stack-size id="21000">0.03998</stack-size>
<stack-size id="21250">0.033983</stack-size>
<stack-size id="21500">0.043978</stack-size>
<stack-size id="21750">0.033983</stack-size>
<stack-size id="22000">0.023988</stack-size>
<stack-size id="22250">0.061969</stack-size>
<stack-size id="22500">0.047976</stack-size>
<stack-size id="22750">0.061969</stack-size>
<stack-size id="23000">0.045977</stack-size>
<stack-size id="23250">0.051974</stack-size>
<stack-size id="23500">0.01999</stack-size>
<stack-size id="23750">0.03998</stack-size>
<stack-size id="24000">0.041979</stack-size>
<stack-size id="24250">0.021989</stack-size>
<stack-size id="24500">0.033983</stack-size>
<stack-size id="24750">0.049975</stack-size>
<stack-size id="25000">0.027986</stack-size>
<stack-size id="25250">0.037981</stack-size>
<stack-size id="25500">0.027986</stack-size>
<stack-size id="25750">0.035982</stack-size>
<stack-size id="26000">0.029985</stack-size>
<stack-size id="26250">0.049975</stack-size>
<stack-size id="26500">0.037981</stack-size>
<stack-size id="26750">0.05997</stack-size>
<stack-size id="27000">0.045977</stack-size>
<stack-size id="27250">0.061969</stack-size>
<stack-size id="27500">0.041979</stack-size>
<stack-size id="27750">0.055972</stack-size>
<stack-size id="28000">0.041979</stack-size>
<stack-size id="28250">0.05997</stack-size>
<stack-size id="28500">0.061969</stack-size>
<stack-size id="28750">0.055972</stack-size>
<stack-size id="29000">0.049975</stack-size>
<stack-size id="29250">0.049975</stack-size>
<stack-size id="29500">0.043978</stack-size>
<stack-size id="29750">0.047976</stack-size>
<stack-size id="30000">0.033983</stack-size>
<stack-size id="30250">0.045977</stack-size>
<stack-size id="30500">0.053973</stack-size>
<stack-size id="30750">0.021989</stack-size>
<stack-size id="31000">0.041979</stack-size>
<stack-size id="31250">0.03998</stack-size>
<stack-size id="31500">0.055972</stack-size>
<stack-size id="31750">0.023988</stack-size>
<stack-size id="32000">0.041979</stack-size>
<stack-size id="32250">0.045977</stack-size>
<stack-size id="32500">0.041979</stack-size>
<stack-size id="32750">0.053973</stack-size>
<stack-size id="33000">0.03998</stack-size>
<stack-size id="33250">0.053973</stack-size>
<stack-size id="33500">0.027986</stack-size>
<stack-size id="33750">0.033983</stack-size>
<stack-size id="34000">0.043978</stack-size>
<stack-size id="34250">0.041979</stack-size>
<stack-size id="34500">0.03998</stack-size>
<stack-size id="34750">0.027986</stack-size>
<stack-size id="35000">0.029985</stack-size>
<stack-size id="35250">0.031984</stack-size>
<stack-size id="35500">0.043978</stack-size>
<stack-size id="35750">0.053973</stack-size>
<stack-size id="36000">0.03998</stack-size>
<stack-size id="36250">0.057971</stack-size>
<stack-size id="36500">0.05997</stack-size>
<stack-size id="36750">0.037981</stack-size>
<stack-size id="37000">0.041979</stack-size>
<stack-size id="37250">0.045977</stack-size>
<stack-size id="37500">0.025987</stack-size>
<stack-size id="37750">0.027986</stack-size>
<stack-size id="38000">0.043978</stack-size>
<stack-size id="38250">0.051974</stack-size>
<stack-size id="38500">0.027986</stack-size>
<stack-size id="38750">0.063968</stack-size>
<stack-size id="39000">0.049975</stack-size>
<stack-size id="39250">0.055972</stack-size>
<stack-size id="39500">0.03998</stack-size>
<stack-size id="39750">0.03998</stack-size>
<stack-size id="40000">0.037981</stack-size>
<stack-size id="40250">0.043978</stack-size>
<stack-size id="40500">0.033983</stack-size>
<stack-size id="40750">0.025987</stack-size>
<stack-size id="41000">0.035982</stack-size>
<stack-size id="41250">0.055972</stack-size>
<stack-size id="41500">0.043978</stack-size>
<stack-size id="41750">0.043978</stack-size>
<stack-size id="42000">0.045977</stack-size>
<stack-size id="42250">0.063968</stack-size>
<stack-size id="42500">0.05997</stack-size>
<stack-size id="42750">0.041979</stack-size>
<stack-size id="43000">0.041979</stack-size>
<stack-size id="43250">0.043978</stack-size>
<stack-size id="43500">0.053973</stack-size>
<stack-size id="43750">0.043978</stack-size>
<stack-size id="44000">0.053973</stack-size>
<stack-size id="44250">0.029985</stack-size>
<stack-size id="44500">0.055972</stack-size>
<stack-size id="44750">0.041979</stack-size>
<stack-size id="45000">0.027986</stack-size>
<stack-size id="45250">0.047976</stack-size>
<stack-size id="45500">0.063968</stack-size>
<stack-size id="45750">0.037981</stack-size>
<stack-size id="46000">0.055972</stack-size>
<stack-size id="46250">0.023988</stack-size>
<stack-size id="46500">0.043978</stack-size>
<stack-size id="46750">0.027986</stack-size>
<stack-size id="47000">0.023988</stack-size>
<stack-size id="47250">0.037981</stack-size>
<stack-size id="47500">0.047976</stack-size>
<stack-size id="47750">0.01999</stack-size>
<stack-size id="48000">0.049975</stack-size>
<stack-size id="48250">0.025987</stack-size>
<stack-size id="48500">0.029985</stack-size>
<stack-size id="48750">0.049975</stack-size>
<stack-size id="49000">0.033983</stack-size>
<stack-size id="49250">0.043978</stack-size>
<stack-size id="49500">0.023988</stack-size>
<stack-size id="49750">0.025987</stack-size>
<stack-size id="50000">0.021989</stack-size>
<max-stack>35</max-stack>
<front-edges>50024</front-edges>
<back-edges>0</back-edges>
<cross-edges>76760</cross-edges>
<shortest-cycle>-1</shortest-cycle>
</dfs-info>
<rw-info>
<coverage step="5000">5.17741</coverage>
<coverage step="10000">8.2019</coverage>
<coverage step="15000">10.6307</coverage>
<coverage step="20000">12.3238</coverage>
<coverage step="25000">13.7831</coverage>
<coverage step="30000">15.1264</coverage>
<coverage step="35000">16.4038</coverage>
<coverage step="40000">17.5392</coverage>
<coverage step="45000">18.4348</coverage>
<coverage step="50000">19.4063</coverage>
<coverage step="55000">20.3718</coverage>
<coverage step="60000">21.1554</coverage>
<coverage step="65000">21.909</coverage>
<coverage step="70000">22.7386</coverage>
<coverage step="75000">23.6382</coverage>
<coverage step="80000">24.2359</coverage>
<coverage step="85000">24.8076</coverage>
<coverage step="90000">25.3073</coverage>
<coverage step="95000">25.8391</coverage>
<coverage step="100000">26.4668</coverage>
<coverage step="105000">27.0805</coverage>
<coverage step="110000">27.8761</coverage>
<coverage step="115000">28.3498</coverage>
<coverage step="120000">28.6897</coverage>
<coverage step="125000">29.2514</coverage>
<coverage step="130000">29.6032</coverage>
<coverage step="135000">29.8611</coverage>
<coverage step="140000">30.4088</coverage>
<coverage step="145000">30.8806</coverage>
<coverage step="150000">31.2844</coverage>
<coverage step="155000">31.7321</coverage>
<coverage step="160000">32.062</coverage>
<coverage step="165000">32.3598</coverage>
<coverage step="170000">32.7136</coverage>
<coverage step="175000">33.0295</coverage>
<coverage step="180000">33.4633</coverage>
<coverage step="185000">33.8791</coverage>
<coverage step="190000">34.1369</coverage>
<coverage step="195000">34.3008</coverage>
<coverage step="200000">34.6907</coverage>
<coverage step="205000">34.9525</coverage>
<coverage step="210000">35.2064</coverage>
<coverage step="215000">35.5402</coverage>
<coverage step="220000">35.8701</coverage>
<coverage step="225000">36.1579</coverage>
<coverage step="230000">36.3858</coverage>
<coverage step="235000">36.5537</coverage>
<coverage step="240000">36.8636</coverage>
<coverage step="245000">36.9575</coverage>
<coverage step="250000">37.0915</coverage>
<coverage step="255000">37.3493</coverage>
<coverage step="260000">37.5712</coverage>
<coverage step="265000">37.8231</coverage>
<coverage step="270000">38.067</coverage>
<coverage step="275000">38.2389</coverage>
<coverage step="280000">38.5227</coverage>
<coverage step="285000">38.7306</coverage>
<coverage step="290000">38.9465</coverage>
<coverage step="295000">39.1984</coverage>
<coverage step="300000">39.3703</coverage>
<coverage step="305000">39.5462</coverage>
<coverage step="310000">39.8021</coverage>
<coverage step="315000">39.932</coverage>
<coverage step="320000">40.1319</coverage>
<coverage step="325000">40.2519</coverage>
<coverage step="330000">40.4738</coverage>
<coverage step="335000">40.6737</coverage>
<coverage step="340000">40.8316</coverage>
<coverage step="345000">41.0435</coverage>
<coverage step="350000">41.2214</coverage>
<coverage step="355000">41.3833</coverage>
<coverage step="360000">41.5592</coverage>
<coverage step="365000">41.7191</coverage>
<coverage step="370000">41.915</coverage>
<coverage step="375000">42.063</coverage>
<coverage step="380000">42.2949</coverage>
<coverage step="385000">42.4648</coverage>
<coverage step="390000">42.6107</coverage>
<coverage step="395000">42.7666</coverage>
<coverage step="400000">42.9825</coverage>
<coverage step="405000">43.0945</coverage>
<coverage step="410000">43.2264</coverage>
<coverage step="415000">43.4043</coverage>
<coverage step="420000">43.5722</coverage>
<coverage step="425000">43.7061</coverage>
<coverage step="430000">43.7861</coverage>
<coverage step="435000">43.904</coverage>
<coverage step="440000">44.1459</coverage>
<coverage step="445000">44.2319</coverage>
<coverage step="450000">44.3338</coverage>
<coverage step="455000">44.5057</coverage>
<coverage step="460000">44.6637</coverage>
<coverage step="465000">44.8336</coverage>
<coverage step="470000">45.0455</coverage>
<coverage step="475000">45.1054</coverage>
<coverage step="480000">45.1834</coverage>
<coverage step="485000">45.2894</coverage>
<coverage step="490000">45.4973</coverage>
<coverage step="495000">45.5692</coverage>
<coverage step="500000">45.7011</coverage>
<rw-visits order="1">18612</rw-visits>
<rw-visits order="115">551</rw-visits>
<rw-visits order="229">288</rw-visits>
<rw-visits order="343">184</rw-visits>
<rw-visits order="457">148</rw-visits>
<rw-visits order="571">134</rw-visits>
<rw-visits order="685">125</rw-visits>
<rw-visits order="799">113</rw-visits>
<rw-visits order="913">101</rw-visits>
<rw-visits order="1027">91</rw-visits>
<rw-visits order="1141">82</rw-visits>
<rw-visits order="1255">77</rw-visits>
<rw-visits order="1369">73</rw-visits>
<rw-visits order="1483">70</rw-visits>
<rw-visits order="1597">66</rw-visits>
<rw-visits order="1711">62</rw-visits>
<rw-visits order="1825">58</rw-visits>
<rw-visits order="1939">55</rw-visits>
<rw-visits order="2053">51</rw-visits>
<rw-visits order="2167">49</rw-visits>
<rw-visits order="2281">47</rw-visits>
<rw-visits order="2395">44</rw-visits>
<rw-visits order="2509">42</rw-visits>
<rw-visits order="2623">40</rw-visits>
<rw-visits order="2737">38</rw-visits>
<rw-visits order="2851">36</rw-visits>
<rw-visits order="2965">34</rw-visits>
<rw-visits order="3079">33</rw-visits>
<rw-visits order="3193">31</rw-visits>
<rw-visits order="3307">30</rw-visits>
<rw-visits order="3421">28</rw-visits>
<rw-visits order="3535">27</rw-visits>
<rw-visits order="3649">26</rw-visits>
<rw-visits order="3763">24</rw-visits>
<rw-visits order="3877">23</rw-visits>
<rw-visits order="3991">22</rw-visits>
<rw-visits order="4105">21</rw-visits>
<rw-visits order="4219">20</rw-visits>
<rw-visits order="4333">19</rw-visits>
<rw-visits order="4447">18</rw-visits>
<rw-visits order="4561">17</rw-visits>
<rw-visits order="4675">16</rw-visits>
<rw-visits order="4789">16</rw-visits>
<rw-visits order="4903">15</rw-visits>
<rw-visits order="5017">14</rw-visits>
<rw-visits order="5131">14</rw-visits>
<rw-visits order="5245">13</rw-visits>
<rw-visits order="5359">13</rw-visits>
<rw-visits order="5473">12</rw-visits>
<rw-visits order="5587">12</rw-visits>
<rw-visits order="5701">11</rw-visits>
<rw-visits order="5815">11</rw-visits>
<rw-visits order="5929">10</rw-visits>
<rw-visits order="6043">10</rw-visits>
<rw-visits order="6157">10</rw-visits>
<rw-visits order="6271">9</rw-visits>
<rw-visits order="6385">9</rw-visits>
<rw-visits order="6499">9</rw-visits>
<rw-visits order="6613">9</rw-visits>
<rw-visits order="6727">8</rw-visits>
<rw-visits order="6841">8</rw-visits>
<rw-visits order="6955">8</rw-visits>
<rw-visits order="7069">8</rw-visits>
<rw-visits order="7183">7</rw-visits>
<rw-visits order="7297">7</rw-visits>
<rw-visits order="7411">7</rw-visits>
<rw-visits order="7525">7</rw-visits>
<rw-visits order="7639">7</rw-visits>
<rw-visits order="7753">7</rw-visits>
<rw-visits order="7867">6</rw-visits>
<rw-visits order="7981">6</rw-visits>
<rw-visits order="8095">6</rw-visits>
<rw-visits order="8209">6</rw-visits>
<rw-visits order="8323">6</rw-visits>
<rw-visits order="8437">6</rw-visits>
<rw-visits order="8551">6</rw-visits>
<rw-visits order="8665">5</rw-visits>
<rw-visits order="8779">5</rw-visits>
<rw-visits order="8893">5</rw-visits>
<rw-visits order="9007">5</rw-visits>
<rw-visits order="9121">5</rw-visits>
<rw-visits order="9235">5</rw-visits>
<rw-visits order="9349">5</rw-visits>
<rw-visits order="9463">5</rw-visits>
<rw-visits order="9577">5</rw-visits>
<rw-visits order="9691">5</rw-visits>
<rw-visits order="9805">4</rw-visits>
<rw-visits order="9919">4</rw-visits>
<rw-visits order="10033">4</rw-visits>
<rw-visits order="10147">4</rw-visits>
<rw-visits order="10261">4</rw-visits>
<rw-visits order="10375">4</rw-visits>
<rw-visits order="10489">4</rw-visits>
<rw-visits order="10603">4</rw-visits>
<rw-visits order="10717">4</rw-visits>
<rw-visits order="10831">4</rw-visits>
<rw-visits order="10945">4</rw-visits>
<rw-visits order="11059">4</rw-visits>
<rw-visits order="11173">4</rw-visits>
<rw-visits order="11287">4</rw-visits>
<rw-visits order="11401">3</rw-visits>
<rw-visits order="11515">3</rw-visits>
<rw-visits order="11629">3</rw-visits>
<rw-visits order="11743">3</rw-visits>
<rw-visits order="11857">3</rw-visits>
<rw-visits order="11971">3</rw-visits>
<rw-visits order="12085">3</rw-visits>
<rw-visits order="12199">3</rw-visits>
<rw-visits order="12313">3</rw-visits>
<rw-visits order="12427">3</rw-visits>
<rw-visits order="12541">3</rw-visits>
<rw-visits order="12655">3</rw-visits>
<rw-visits order="12769">3</rw-visits>
<rw-visits order="12883">3</rw-visits>
<rw-visits order="12997">3</rw-visits>
<rw-visits order="13111">3</rw-visits>
<rw-visits order="13225">3</rw-visits>
<rw-visits order="13339">3</rw-visits>
<rw-visits order="13453">3</rw-visits>
<rw-visits order="13567">2</rw-visits>
<rw-visits order="13681">2</rw-visits>
<rw-visits order="13795">2</rw-visits>
<rw-visits order="13909">2</rw-visits>
<rw-visits order="14023">2</rw-visits>
<rw-visits order="14137">2</rw-visits>
<rw-visits order="14251">2</rw-visits>
<rw-visits order="14365">2</rw-visits>
<rw-visits order="14479">2</rw-visits>
<rw-visits order="14593">2</rw-visits>
<rw-visits order="14707">2</rw-visits>
<rw-visits order="14821">2</rw-visits>
<rw-visits order="14935">2</rw-visits>
<rw-visits order="15049">2</rw-visits>
<rw-visits order="15163">2</rw-visits>
<rw-visits order="15277">2</rw-visits>
<rw-visits order="15391">2</rw-visits>
<rw-visits order="15505">2</rw-visits>
<rw-visits order="15619">2</rw-visits>
<rw-visits order="15733">2</rw-visits>
<rw-visits order="15847">2</rw-visits>
<rw-visits order="15961">2</rw-visits>
<rw-visits order="16075">2</rw-visits>
<rw-visits order="16189">2</rw-visits>
<rw-visits order="16303">2</rw-visits>
<rw-visits order="16417">2</rw-visits>
<rw-visits order="16531">2</rw-visits>
<rw-visits order="16645">2</rw-visits>
<rw-visits order="16759">2</rw-visits>
<rw-visits order="16873">2</rw-visits>
<rw-visits order="16987">1</rw-visits>
<rw-visits order="17101">1</rw-visits>
<rw-visits order="17215">1</rw-visits>
<rw-visits order="17329">1</rw-visits>
<rw-visits order="17443">1</rw-visits>
<rw-visits order="17557">1</rw-visits>
<rw-visits order="17671">1</rw-visits>
<rw-visits order="17785">1</rw-visits>
<rw-visits order="17899">1</rw-visits>
<rw-visits order="18013">1</rw-visits>
<rw-visits order="18127">1</rw-visits>
<rw-visits order="18241">1</rw-visits>
<rw-visits order="18355">1</rw-visits>
<rw-visits order="18469">1</rw-visits>
<rw-visits order="18583">1</rw-visits>
<rw-visits order="18697">1</rw-visits>
<rw-visits order="18811">1</rw-visits>
<rw-visits order="18925">1</rw-visits>
<rw-visits order="19039">1</rw-visits>
<rw-visits order="19153">1</rw-visits>
<rw-visits order="19267">1</rw-visits>
<rw-visits order="19381">1</rw-visits>
<rw-visits order="19495">1</rw-visits>
<rw-visits order="19609">1</rw-visits>
<rw-visits order="19723">1</rw-visits>
<rw-visits order="19837">1</rw-visits>
<rw-visits order="19951">1</rw-visits>
<rw-visits order="20065">1</rw-visits>
<rw-visits order="20179">1</rw-visits>
<rw-visits order="20293">1</rw-visits>
<rw-visits order="20407">1</rw-visits>
<rw-visits order="20521">1</rw-visits>
<rw-visits order="20635">1</rw-visits>
<rw-visits order="20749">1</rw-visits>
<rw-visits order="20863">1</rw-visits>
<rw-visits order="20977">1</rw-visits>
<rw-visits order="21091">1</rw-visits>
<rw-visits order="21205">1</rw-visits>
<rw-visits order="21319">1</rw-visits>
<rw-visits order="21433">1</rw-visits>
<rw-visits order="21547">1</rw-visits>
<rw-visits order="21661">1</rw-visits>
<rw-visits order="21775">1</rw-visits>
<rw-visits order="21889">1</rw-visits>
<rw-visits order="22003">1</rw-visits>
<rw-visits order="22117">1</rw-visits>
<rw-visits order="22231">1</rw-visits>
<rw-visits order="22345">1</rw-visits>
<rw-visits order="22459">1</rw-visits>
<rw-visits order="22573">1</rw-visits>
<rw-visits order="22687">1</rw-visits>
<rw-visits order="22801">1</rw-visits>
<final-coverage>45.7251</final-coverage>
</rw-info>
<local-info>
<diamonds>86.7486</diamonds>
<neighborhood k="4">22</neighborhood>
<clustering k="4">1.55182</clustering>
</local-info>
<label-info>
<edge-label id="0.0">4644</edge-label>
<edge-label id="0.1">2430</edge-label>
<edge-label id="0.2">6072</edge-label>
<edge-label id="0.3">3798</edge-label>
<edge-label id="0.4">3798</edge-label>
<edge-label id="0.5">3798</edge-label>
<edge-label id="0.6">2371</edge-label>
<edge-label id="0.7">1655</edge-label>
<edge-label id="0.8">1655</edge-label>
<edge-label id="0.9">1475</edge-label>
<edge-label id="1.0">4644</edge-label>
<edge-label id="1.1">2430</edge-label>
<edge-label id="1.2">6072</edge-label>
<edge-label id="1.3">3798</edge-label>
<edge-label id="1.4">3798</edge-label>
<edge-label id="1.5">3798</edge-label>
<edge-label id="1.6">2371</edge-label>
<edge-label id="1.7">1655</edge-label>
<edge-label id="1.8">1655</edge-label>
<edge-label id="1.9">1475</edge-label>
<edge-label id="2.0">4644</edge-label>
<edge-label id="2.1">2430</edge-label>
<edge-label id="2.2">6072</edge-label>
<edge-label id="2.3">3798</edge-label>
<edge-label id="2.4">3798</edge-label>
<edge-label id="2.5">3798</edge-label>
<edge-label id="2.6">2371</edge-label>
<edge-label id="2.7">1655</edge-label>
<edge-label id="2.8">1655</edge-label>
<edge-label id="2.9">1475</edge-label>
<edge-label id="3.0">4644</edge-label>
<edge-label id="3.1">2430</edge-label>
<edge-label id="3.2">6072</edge-label>
<edge-label id="3.3">3798</edge-label>
<edge-label id="3.4">3798</edge-label>
<edge-label id="3.5">3798</edge-label>
<edge-label id="3.6">2371</edge-label>
<edge-label id="3.7">1655</edge-label>
<edge-label id="3.8">1655</edge-label>
<edge-label id="3.9">1475</edge-label>
<state-labels procid="0">
<label id="[{0|0|0|0|0},{0|0|0|0|0},{0|0|0|0|0}]">1160</label>
<label id="[{0|0|0|0|0},{0|1|0|0|0},{0|0|0|0|0}]">631</label>
<label id="[{0|0|0|0|0},{1|0|0|0|0},{0|0|0|0|0}]">3395</label>
<label id="[{0|0|0|0|0},{1|1|0|0|0},{0|0|0|0|0}]">2971</label>
<label id="[{0|1|0|0|0},{0|0|0|0|0},{0|0|0|0|0}]">68</label>
<label id="[{0|1|0|0|0},{0|1|0|0|0},{0|0|0|0|0}]">149</label>
<label id="[{0|1|0|0|0},{1|0|0|0|0},{0|0|0|0|0}]">346</label>
<label id="[{0|1|0|0|0},{1|1|0|0|0},{0|0|0|0|0}]">887</label>
<label id="[{0|2|0|0|0},{0|0|0|0|0},{0|0|0|0|0}]">68</label>
<label id="[{0|2|0|0|0},{0|1|0|0|0},{0|0|0|0|0}]">149</label>
<label id="[{0|2|0|0|0},{1|0|0|0|0},{0|0|0|0|0}]">346</label>
<label id="[{0|2|0|0|0},{1|1|0|0|0},{0|0|0|0|0}]">887</label>
<label id="[{0|3|0|0|0},{0|0|0|0|0},{0|0|0|0|0}]">68</label>
<label id="[{0|3|0|0|0},{0|1|0|0|0},{0|0|0|0|0}]">149</label>
<label id="[{0|3|0|0|0},{1|0|0|0|0},{0|0|0|0|0}]">346</label>
<label id="[{0|3|0|0|0},{1|1|0|0|0},{0|0|0|0|0}]">887</label>
<label id="[{1|0|0|0|0},{0|0|0|0|0},{0|0|0|0|0}]">931</label>
<label id="[{1|0|0|0|0},{0|1|0|0|0},{0|0|0|0|0}]">149</label>
<label id="[{1|0|0|0|0},{1|0|0|0|0},{0|0|0|0|0}]">2509</label>
<label id="[{1|0|0|0|0},{1|1|0|0|0},{0|0|0|0|0}]">887</label>
<label id="[{1|1|0|0|0},{0|0|0|0|0},{0|0|0|0|0}]">296</label>
<label id="[{1|1|0|0|0},{0|1|0|0|0},{0|0|0|0|0}]">631</label>
<label id="[{1|1|0|0|0},{1|0|0|0|0},{0|0|0|0|0}]">1232</label>
<label id="[{1|1|0|0|0},{1|1|0|0|0},{0|0|0|0|0}]">2971</label>
<label id="[{1|2|0|0|0},{0|0|0|0|0},{0|0|0|0|0}]">68</label>
<label id="[{1|2|0|0|0},{0|1|0|0|0},{0|0|0|0|0}]">149</label>
<label id="[{1|2|0|0|0},{1|0|0|0|0},{0|0|0|0|0}]">346</label>
<label id="[{1|2|0|0|0},{1|1|0|0|0},{0|0|0|0|0}]">887</label>
<label id="[{1|3|0|0|0},{0|0|0|0|0},{0|0|0|0|0}]">68</label>
<label id="[{1|3|0|0|0},{0|1|0|0|0},{0|0|0|0|0}]">149</label>
<label id="[{1|3|0|0|0},{1|0|0|0|0},{0|0|0|0|0}]">346</label>
<label id="[{1|3|0|0|0},{1|1|0|0|0},{0|0|0|0|0}]">887</label>
<label id="[{2|0|0|0|0},{0|0|0|0|0},{0|0|0|0|0}]">931</label>
<label id="[{2|0|0|0|0},{0|1|0|0|0},{0|0|0|0|0}]">149</label>
<label id="[{2|0|0|0|0},{1|0|0|0|0},{0|0|0|0|0}]">2509</label>
<label id="[{2|0|0|0|0},{1|1|0|0|0},{0|0|0|0|0}]">887</label>
<label id="[{2|1|0|0|0},{0|0|0|0|0},{0|0|0|0|0}]">68</label>
<label id="[{2|1|0|0|0},{0|1|0|0|0},{0|0|0|0|0}]">149</label>
<label id="[{2|1|0|0|0},{1|0|0|0|0},{0|0|0|0|0}]">346</label>
<label id="[{2|1|0|0|0},{1|1|0|0|0},{0|0|0|0|0}]">887</label>
<label id="[{2|2|0|0|0},{0|0|0|0|0},{0|0|0|0|0}]">296</label>
<label id="[{2|2|0|0|0},{0|1|0|0|0},{0|0|0|0|0}]">631</label>
<label id="[{2|2|0|0|0},{1|0|0|0|0},{0|0|0|0|0}]">1232</label>
<label id="[{2|2|0|0|0},{1|1|0|0|0},{0|0|0|0|0}]">2971</label>
<label id="[{2|3|0|0|0},{0|0|0|0|0},{0|0|0|0|0}]">68</label>
<label id="[{2|3|0|0|0},{0|1|0|0|0},{0|0|0|0|0}]">149</label>
<label id="[{2|3|0|0|0},{1|0|0|0|0},{0|0|0|0|0}]">346</label>
<label id="[{2|3|0|0|0},{1|1|0|0|0},{0|0|0|0|0}]">887</label>
<label id="[{3|0|0|0|0},{0|0|0|0|0},{0|0|0|0|0}]">931</label>
<label id="[{3|0|0|0|0},{0|1|0|0|0},{0|0|0|0|0}]">149</label>
<label id="[{3|0|0|0|0},{1|0|0|0|0},{0|0|0|0|0}]">2509</label>
<label id="[{3|0|0|0|0},{1|1|0|0|0},{0|0|0|0|0}]">887</label>
<label id="[{3|1|0|0|0},{0|0|0|0|0},{0|0|0|0|0}]">68</label>
<label id="[{3|1|0|0|0},{0|1|0|0|0},{0|0|0|0|0}]">149</label>
<label id="[{3|1|0|0|0},{1|0|0|0|0},{0|0|0|0|0}]">346</label>
<label id="[{3|1|0|0|0},{1|1|0|0|0},{0|0|0|0|0}]">887</label>
<label id="[{3|2|0|0|0},{0|0|0|0|0},{0|0|0|0|0}]">68</label>
<label id="[{3|2|0|0|0},{0|1|0|0|0},{0|0|0|0|0}]">149</label>
<label id="[{3|2|0|0|0},{1|0|0|0|0},{0|0|0|0|0}]">346</label>
<label id="[{3|2|0|0|0},{1|1|0|0|0},{0|0|0|0|0}]">887</label>
<label id="[{3|3|0|0|0},{0|0|0|0|0},{0|0|0|0|0}]">296</label>
<label id="[{3|3|0|0|0},{0|1|0|0|0},{0|0|0|0|0}]">631</label>
<label id="[{3|3|0|0|0},{1|0|0|0|0},{0|0|0|0|0}]">1232</label>
<label id="[{3|3|0|0|0},{1|1|0|0|0},{0|0|0|0|0}]">2971</label>
</state-labels><state-labels procid="1">
<label id="[0,0]">3169</label>
<label id="[0,1]">1475</label>
<label id="[1,0]">5431</label>
<label id="[1,1]">2285</label>
<label id="[2,0]">4057</label>
<label id="[2,1]">2015</label>
<label id="[3,0]">4064</label>
<label id="[3,1]">2105</label>
<label id="[4,0]">3258</label>
<label id="[4,1]">540</label>
<label id="[5,0]">3258</label>
<label id="[5,1]">540</label>
<label id="[6,0]">10488</label>
<label id="[6,1]">900</label>
<label id="[7,0]">1475</label>
<label id="[7,1]">1655</label>
<label id="[8,1]">1655</label>
<label id="[9,1]">1655</label>
</state-labels><state-labels procid="2">
<label id="[0,0]">3169</label>
<label id="[0,1]">1475</label>
<label id="[1,0]">5431</label>
<label id="[1,1]">2285</label>
<label id="[2,0]">4057</label>
<label id="[2,1]">2015</label>
<label id="[3,0]">4064</label>
<label id="[3,1]">2105</label>
<label id="[4,0]">3258</label>
<label id="[4,1]">540</label>
<label id="[5,0]">3258</label>
<label id="[5,1]">540</label>
<label id="[6,0]">10488</label>
<label id="[6,1]">900</label>
<label id="[7,0]">1475</label>
<label id="[7,1]">1655</label>
<label id="[8,1]">1655</label>
<label id="[9,1]">1655</label>
</state-labels><state-labels procid="3">
<label id="[0,0]">3169</label>
<label id="[0,1]">1475</label>
<label id="[1,0]">5431</label>
<label id="[1,1]">2285</label>
<label id="[2,0]">4057</label>
<label id="[2,1]">2015</label>
<label id="[3,0]">4064</label>
<label id="[3,1]">2105</label>
<label id="[4,0]">3258</label>
<label id="[4,1]">540</label>
<label id="[5,0]">3258</label>
<label id="[5,1]">540</label>
<label id="[6,0]">10488</label>
<label id="[6,1]">900</label>
<label id="[7,0]">1475</label>
<label id="[7,1]">1655</label>
<label id="[8,1]">1655</label>
<label id="[9,1]">1655</label>
</state-labels><state-labels procid="4">
<label id="[0,0]">3169</label>
<label id="[0,1]">1475</label>
<label id="[1,0]">5431</label>
<label id="[1,1]">2285</label>
<label id="[2,0]">4057</label>
<label id="[2,1]">2015</label>
<label id="[3,0]">4064</label>
<label id="[3,1]">2105</label>
<label id="[4,0]">3258</label>
<label id="[4,1]">540</label>
<label id="[5,0]">3258</label>
<label id="[5,1]">540</label>
<label id="[6,0]">10488</label>
<label id="[6,1]">900</label>
<label id="[7,0]">1475</label>
<label id="[7,1]">1655</label>
<label id="[8,1]">1655</label>
<label id="[9,1]">1655</label>
</state-labels></label-info>
</state-space-info>
