<?xml version="1.0"?>
<!DOCTYPE state-space-info SYSTEM "../../state_space_info.dtd">


<state-space-info>
<states>10061</states>
<edges>26683</edges>
<bfs-info>
 <levels>73</levels>
<max-level>344</max-level>

<back-level-edges>38</back-level-edges>
<max-back-level-edge>0</max-back-level-edge>
<avg-back-level-edge>0</avg-back-level-edge>
<bfs-levels>
<level id="0"><states>1</states><edges>3</edges></level>
<level id="1"><states>3</states><edges>9</edges></level>
<level id="2"><states>7</states><edges>19</edges></level>
<level id="3"><states>11</states><edges>27</edges></level>
<level id="4"><states>13</states><edges>33</edges></level>
<level id="5"><states>17</states><edges>49</edges></level>
<level id="6"><states>25</states><edges>72</edges></level>
<level id="7"><states>34</states><edges>96</edges></level>
<level id="8"><states>42</states><edges>118</edges></level>
<level id="9"><states>51</states><edges>146</edges></level>
<level id="10"><states>62</states><edges>173</edges></level>
<level id="11"><states>70</states><edges>192</edges></level>
<level id="12"><states>76</states><edges>207</edges></level>
<level id="13"><states>82</states><edges>220</edges></level>
<level id="14"><states>86</states><edges>225</edges></level>
<level id="15"><states>86</states><edges>224</edges></level>
<level id="16"><states>85</states><edges>221</edges></level>
<level id="17"><states>84</states><edges>219</edges></level>
<level id="18"><states>84</states><edges>222</edges></level>
<level id="19"><states>87</states><edges>234</edges></level>
<level id="20"><states>93</states><edges>253</edges></level>
<level id="21"><states>101</states><edges>276</edges></level>
<level id="22"><states>109</states><edges>298</edges></level>
<level id="23"><states>116</states><edges>314</edges></level>
<level id="24"><states>121</states><edges>325</edges></level>
<level id="25"><states>124</states><edges>329</edges></level>
<level id="26"><states>124</states><edges>328</edges></level>
<level id="27"><states>126</states><edges>337</edges></level>
<level id="28"><states>132</states><edges>351</edges></level>
<level id="29"><states>137</states><edges>362</edges></level>
<level id="30"><states>143</states><edges>381</edges></level>
<level id="31"><states>153</states><edges>402</edges></level>
<level id="32"><states>159</states><edges>411</edges></level>
<level id="33"><states>162</states><edges>420</edges></level>
<level id="34"><states>165</states><edges>428</edges></level>
<level id="35"><states>166</states><edges>429</edges></level>
<level id="36"><states>165</states><edges>436</edges></level>
<level id="37"><states>170</states><edges>462</edges></level>
<level id="38"><states>183</states><edges>500</edges></level>
<level id="39"><states>196</states><edges>536</edges></level>
<level id="40"><states>208</states><edges>577</edges></level>
<level id="41"><states>225</states><edges>624</edges></level>
<level id="42"><states>239</states><edges>661</edges></level>
<level id="43"><states>252</states><edges>693</edges></level>
<level id="44"><states>263</states><edges>717</edges></level>
<level id="45"><states>269</states><edges>743</edges></level>
<level id="46"><states>282</states><edges>782</edges></level>
<level id="47"><states>297</states><edges>826</edges></level>
<level id="48"><states>313</states><edges>877</edges></level>
<level id="49"><states>333</states><edges>921</edges></level>
<level id="50"><states>343</states><edges>936</edges></level>
<level id="51"><states>344</states><edges>928</edges></level>
<level id="52"><states>338</states><edges>891</edges></level>
<level id="53"><states>319</states><edges>836</edges></level>
<level id="54"><states>298</states><edges>774</edges></level>
<level id="55"><states>273</states><edges>703</edges></level>
<level id="56"><states>247</states><edges>633</edges></level>
<level id="57"><states>222</states><edges>567</edges></level>
<level id="58"><states>200</states><edges>508</edges></level>
<level id="59"><states>179</states><edges>445</edges></level>
<level id="60"><states>155</states><edges>380</edges></level>
<level id="61"><states>131</states><edges>312</edges></level>
<level id="62"><states>106</states><edges>243</edges></level>
<level id="63"><states>83</states><edges>192</edges></level>
<level id="64"><states>67</states><edges>156</edges></level>
<level id="65"><states>56</states><edges>135</edges></level>
<level id="66"><states>50</states><edges>117</edges></level>
<level id="67"><states>42</states><edges>93</edges></level>
<level id="68"><states>33</states><edges>66</edges></level>
<level id="69"><states>23</states><edges>36</edges></level>
<level id="70"><states>12</states><edges>18</edges></level>
<level id="71"><states>6</states><edges>6</edges></level>
<level id="72"><states>2</states><edges>0</edges></level>
</bfs-levels>
<back-level-length id="0">100</back-level-length>
</bfs-info>
<degrees>
<avg>2.65212</avg>
<max-in>4</max-in>
<max-out>4</max-out>
<degree id="0"><in>1</in><out>10</out></degree>
<degree id="1"><in>406</in><out>345</out></degree>
<degree id="2"><in>3199</in><out>2987</out></degree>
<degree id="3"><in>5941</in><out>6512</out></degree>
<degree id="4"><in>514</in><out>207</out></degree>
</degrees>
<scc-info>
<count>10061</count>
<height>73</height>
<nontrivial-height>0</nontrivial-height>
<trivial>10061</trivial>
<terminal>10</terminal>
<largest>1</largest>
<largest-position> terminal</largest-position>
</scc-info>
<dfs-info>
<stack-size id="50">0.496968</stack-size>
<stack-size id="100">0.685817</stack-size>
<stack-size id="150">0.62618</stack-size>
<stack-size id="200">0.46715</stack-size>
<stack-size id="250">0.427393</stack-size>
<stack-size id="300">0.566544</stack-size>
<stack-size id="350">0.616241</stack-size>
<stack-size id="400">0.566544</stack-size>
<stack-size id="450">0.536726</stack-size>
<stack-size id="500">0.496968</stack-size>
<stack-size id="550">0.606302</stack-size>
<stack-size id="600">0.62618</stack-size>
<stack-size id="650">0.46715</stack-size>
<stack-size id="700">0.427393</stack-size>
<stack-size id="750">0.566544</stack-size>
<stack-size id="800">0.616241</stack-size>
<stack-size id="850">0.566544</stack-size>
<stack-size id="900">0.536726</stack-size>
<stack-size id="950">0.496968</stack-size>
<stack-size id="1000">0.606302</stack-size>
<stack-size id="1050">0.586423</stack-size>
<stack-size id="1100">0.606302</stack-size>
<stack-size id="1150">0.586423</stack-size>
<stack-size id="1200">0.47709</stack-size>
<stack-size id="1250">0.586423</stack-size>
<stack-size id="1300">0.566544</stack-size>
<stack-size id="1350">0.586423</stack-size>
<stack-size id="1400">0.566544</stack-size>
<stack-size id="1450">0.457211</stack-size>
<stack-size id="1500">0.63612</stack-size>
<stack-size id="1550">0.556605</stack-size>
<stack-size id="1600">0.576483</stack-size>
<stack-size id="1650">0.655998</stack-size>
<stack-size id="1700">0.596362</stack-size>
<stack-size id="1750">0.596362</stack-size>
<stack-size id="1800">0.536726</stack-size>
<stack-size id="1850">0.655998</stack-size>
<stack-size id="1900">0.655998</stack-size>
<stack-size id="1950">0.655998</stack-size>
<stack-size id="2000">0.63612</stack-size>
<stack-size id="2050">0.576483</stack-size>
<stack-size id="2100">0.516847</stack-size>
<stack-size id="2150">0.566544</stack-size>
<stack-size id="2200">0.506908</stack-size>
<stack-size id="2250">0.536726</stack-size>
<stack-size id="2300">0.397575</stack-size>
<stack-size id="2350">0.536726</stack-size>
<stack-size id="2400">0.447272</stack-size>
<stack-size id="2450">0.616241</stack-size>
<stack-size id="2500">0.417454</stack-size>
<stack-size id="2550">0.576483</stack-size>
<stack-size id="2600">0.47709</stack-size>
<stack-size id="2650">0.417454</stack-size>
<stack-size id="2700">0.377696</stack-size>
<stack-size id="2750">0.556605</stack-size>
<stack-size id="2800">0.546665</stack-size>
<stack-size id="2850">0.437332</stack-size>
<stack-size id="2900">0.397575</stack-size>
<stack-size id="2950">0.536726</stack-size>
<stack-size id="3000">0.536726</stack-size>
<stack-size id="3050">0.526787</stack-size>
<stack-size id="3100">0.417454</stack-size>
<stack-size id="3150">0.377696</stack-size>
<stack-size id="3200">0.437332</stack-size>
<stack-size id="3250">0.357817</stack-size>
<stack-size id="3300">0.30812</stack-size>
<stack-size id="3350">0.367757</stack-size>
<stack-size id="3400">0.506908</stack-size>
<stack-size id="3450">0.417454</stack-size>
<stack-size id="3500">0.347878</stack-size>
<stack-size id="3550">0.298181</stack-size>
<stack-size id="3600">0.46715</stack-size>
<stack-size id="3650">0.576483</stack-size>
<stack-size id="3700">0.586423</stack-size>
<stack-size id="3750">0.536726</stack-size>
<stack-size id="3800">0.516847</stack-size>
<stack-size id="3850">0.526787</stack-size>
<stack-size id="3900">0.47709</stack-size>
<stack-size id="3950">0.457211</stack-size>
<stack-size id="4000">0.556605</stack-size>
<stack-size id="4050">0.417454</stack-size>
<stack-size id="4100">0.46715</stack-size>
<stack-size id="4150">0.367757</stack-size>
<stack-size id="4200">0.417454</stack-size>
<stack-size id="4250">0.407514</stack-size>
<stack-size id="4300">0.437332</stack-size>
<stack-size id="4350">0.616241</stack-size>
<stack-size id="4400">0.63612</stack-size>
<stack-size id="4450">0.576483</stack-size>
<stack-size id="4500">0.596362</stack-size>
<stack-size id="4550">0.536726</stack-size>
<stack-size id="4600">0.47709</stack-size>
<stack-size id="4650">0.387635</stack-size>
<stack-size id="4700">0.347878</stack-size>
<stack-size id="4750">0.288242</stack-size>
<stack-size id="4800">0.238545</stack-size>
<stack-size id="4850">0.357817</stack-size>
<stack-size id="4900">0.288242</stack-size>
<stack-size id="4950">0.278302</stack-size>
<stack-size id="5000">0.30812</stack-size>
<stack-size id="5050">0.218666</stack-size>
<stack-size id="5100">0.208727</stack-size>
<stack-size id="5150">0.268363</stack-size>
<stack-size id="5200">0.258424</stack-size>
<stack-size id="5250">0.208727</stack-size>
<stack-size id="5300">0.168969</stack-size>
<stack-size id="5350">0.268363</stack-size>
<stack-size id="5400">0.149091</stack-size>
<stack-size id="5450">0.268363</stack-size>
<stack-size id="5500">0.129212</stack-size>
<stack-size id="5550">0.248484</stack-size>
<stack-size id="5600">0.15903</stack-size>
<stack-size id="5650">0.248484</stack-size>
<stack-size id="5700">0.30812</stack-size>
<stack-size id="5750">0.109333</stack-size>
<stack-size id="5800">0.30812</stack-size>
<stack-size id="5850">0.447272</stack-size>
<stack-size id="5900">0.407514</stack-size>
<stack-size id="5950">0.367757</stack-size>
<stack-size id="6000">0.506908</stack-size>
<stack-size id="6050">0.46715</stack-size>
<stack-size id="6100">0.427393</stack-size>
<stack-size id="6150">0.506908</stack-size>
<stack-size id="6200">0.506908</stack-size>
<stack-size id="6250">0.526787</stack-size>
<stack-size id="6300">0.516847</stack-size>
<stack-size id="6350">0.407514</stack-size>
<stack-size id="6400">0.487029</stack-size>
<stack-size id="6450">0.487029</stack-size>
<stack-size id="6500">0.506908</stack-size>
<stack-size id="6550">0.496968</stack-size>
<stack-size id="6600">0.387635</stack-size>
<stack-size id="6650">0.347878</stack-size>
<stack-size id="6700">0.487029</stack-size>
<stack-size id="6750">0.447272</stack-size>
<stack-size id="6800">0.407514</stack-size>
<stack-size id="6850">0.367757</stack-size>
<stack-size id="6900">0.506908</stack-size>
<stack-size id="6950">0.447272</stack-size>
<stack-size id="7000">0.506908</stack-size>
<stack-size id="7050">0.387635</stack-size>
<stack-size id="7100">0.347878</stack-size>
<stack-size id="7150">0.487029</stack-size>
<stack-size id="7200">0.427393</stack-size>
<stack-size id="7250">0.487029</stack-size>
<stack-size id="7300">0.367757</stack-size>
<stack-size id="7350">0.357817</stack-size>
<stack-size id="7400">0.427393</stack-size>
<stack-size id="7450">0.337939</stack-size>
<stack-size id="7500">0.347878</stack-size>
<stack-size id="7550">0.407514</stack-size>
<stack-size id="7600">0.546665</stack-size>
<stack-size id="7650">0.506908</stack-size>
<stack-size id="7700">0.46715</stack-size>
<stack-size id="7750">0.447272</stack-size>
<stack-size id="7800">0.586423</stack-size>
<stack-size id="7850">0.546665</stack-size>
<stack-size id="7900">0.506908</stack-size>
<stack-size id="7950">0.487029</stack-size>
<stack-size id="8000">0.447272</stack-size>
<stack-size id="8050">0.407514</stack-size>
<stack-size id="8100">0.367757</stack-size>
<stack-size id="8150">0.526787</stack-size>
<stack-size id="8200">0.487029</stack-size>
<stack-size id="8250">0.447272</stack-size>
<stack-size id="8300">0.407514</stack-size>
<stack-size id="8350">0.526787</stack-size>
<stack-size id="8400">0.427393</stack-size>
<stack-size id="8450">0.487029</stack-size>
<stack-size id="8500">0.347878</stack-size>
<stack-size id="8550">0.248484</stack-size>
<stack-size id="8600">0.387635</stack-size>
<stack-size id="8650">0.347878</stack-size>
<stack-size id="8700">0.337939</stack-size>
<stack-size id="8750">0.238545</stack-size>
<stack-size id="8800">0.079515</stack-size>
<stack-size id="8850">0.109333</stack-size>
<stack-size id="8900">0.208727</stack-size>
<stack-size id="8950">0.0894543</stack-size>
<stack-size id="9000">0.15903</stack-size>
<stack-size id="9050">0.298181</stack-size>
<stack-size id="9100">0.208727</stack-size>
<stack-size id="9150">0.30812</stack-size>
<stack-size id="9200">0.258424</stack-size>
<stack-size id="9250">0.258424</stack-size>
<stack-size id="9300">0.15903</stack-size>
<stack-size id="9350">0.139151</stack-size>
<stack-size id="9400">0.178909</stack-size>
<stack-size id="9450">0.198787</stack-size>
<stack-size id="9500">0.119272</stack-size>
<stack-size id="9550">0.0894543</stack-size>
<stack-size id="9600">0.168969</stack-size>
<stack-size id="9650">0.0894543</stack-size>
<stack-size id="9700">0.367757</stack-size>
<stack-size id="9750">0.347878</stack-size>
<stack-size id="9800">0.178909</stack-size>
<stack-size id="9850">0.258424</stack-size>
<stack-size id="9900">0.218666</stack-size>
<stack-size id="9950">0.149091</stack-size>
<stack-size id="10000">0.119272</stack-size>
<stack-size id="10050">0.0894543</stack-size>
<max-stack>73</max-stack>
<front-edges>10060</front-edges>
<back-edges>0</back-edges>
<cross-edges>16623</cross-edges>
<shortest-cycle>-1</shortest-cycle>
</dfs-info>
<rw-info>
<coverage step="1000">6.60968</coverage>
<coverage step="2000">10.5457</coverage>
<coverage step="3000">12.623</coverage>
<coverage step="4000">14.8295</coverage>
<coverage step="5000">16.2608</coverage>
<coverage step="6000">18.1791</coverage>
<coverage step="7000">19.0836</coverage>
<coverage step="8000">20.8031</coverage>
<coverage step="9000">21.7672</coverage>
<coverage step="10000">22.4332</coverage>
<coverage step="11000">23.0693</coverage>
<coverage step="12000">24.2222</coverage>
<coverage step="13000">25.1068</coverage>
<coverage step="14000">25.6436</coverage>
<coverage step="15000">25.9915</coverage>
<coverage step="16000">26.23</coverage>
<coverage step="17000">26.6475</coverage>
<coverage step="18000">27.0848</coverage>
<coverage step="19000">27.5519</coverage>
<coverage step="20000">27.6016</coverage>
<coverage step="21000">28.1085</coverage>
<coverage step="22000">28.4763</coverage>
<coverage step="23000">28.7148</coverage>
<coverage step="24000">29.1025</coverage>
<coverage step="25000">29.2714</coverage>
<coverage step="26000">29.669</coverage>
<coverage step="27000">30.0169</coverage>
<coverage step="28000">30.0964</coverage>
<coverage step="29000">30.5437</coverage>
<coverage step="30000">30.5636</coverage>
<coverage step="31000">30.7425</coverage>
<coverage step="32000">30.8319</coverage>
<coverage step="33000">31.0108</coverage>
<coverage step="34000">31.1003</coverage>
<coverage step="35000">31.3985</coverage>
<coverage step="36000">31.5873</coverage>
<coverage step="37000">32.0445</coverage>
<coverage step="38000">32.5912</coverage>
<coverage step="39000">32.6111</coverage>
<coverage step="40000">32.79</coverage>
<coverage step="41000">32.8993</coverage>
<coverage step="42000">33.0782</coverage>
<coverage step="43000">33.3168</coverage>
<coverage step="44000">33.6448</coverage>
<coverage step="45000">33.8038</coverage>
<coverage step="46000">34.0622</coverage>
<coverage step="47000">34.2908</coverage>
<coverage step="48000">34.4797</coverage>
<coverage step="49000">34.7282</coverage>
<coverage step="50000">34.7779</coverage>
<coverage step="51000">35.0462</coverage>
<coverage step="52000">35.0562</coverage>
<coverage step="53000">35.1357</coverage>
<coverage step="54000">35.1655</coverage>
<coverage step="55000">35.1655</coverage>
<coverage step="56000">35.5233</coverage>
<coverage step="57000">35.5531</coverage>
<coverage step="58000">35.6028</coverage>
<coverage step="59000">35.7122</coverage>
<coverage step="60000">35.7519</coverage>
<coverage step="61000">35.7917</coverage>
<coverage step="62000">35.8016</coverage>
<coverage step="63000">35.8414</coverage>
<coverage step="64000">36.0402</coverage>
<coverage step="65000">36.06</coverage>
<coverage step="66000">36.0998</coverage>
<coverage step="67000">36.1097</coverage>
<coverage step="68000">36.1495</coverage>
<coverage step="69000">36.1892</coverage>
<coverage step="70000">36.2688</coverage>
<coverage step="71000">36.2787</coverage>
<coverage step="72000">36.3284</coverage>
<coverage step="73000">36.3284</coverage>
<coverage step="74000">36.4874</coverage>
<coverage step="75000">36.7459</coverage>
<coverage step="76000">36.7856</coverage>
<coverage step="77000">36.7856</coverage>
<coverage step="78000">36.8949</coverage>
<coverage step="79000">36.9745</coverage>
<coverage step="80000">37.1037</coverage>
<coverage step="81000">37.1335</coverage>
<coverage step="82000">37.1633</coverage>
<coverage step="83000">37.2925</coverage>
<coverage step="84000">37.4118</coverage>
<coverage step="85000">37.4814</coverage>
<coverage step="86000">37.541</coverage>
<coverage step="87000">37.9485</coverage>
<coverage step="88000">37.9585</coverage>
<coverage step="89000">37.9783</coverage>
<coverage step="90000">38.1274</coverage>
<coverage step="91000">38.1572</coverage>
<coverage step="92000">38.3063</coverage>
<coverage step="93000">38.3361</coverage>
<coverage step="94000">38.356</coverage>
<coverage step="95000">38.4057</coverage>
<coverage step="96000">38.4554</coverage>
<coverage step="97000">38.4654</coverage>
<coverage step="98000">38.525</coverage>
<coverage step="99000">38.8033</coverage>
<coverage step="100000">38.8132</coverage>
<rw-visits order="1">1604</rw-visits>
<rw-visits order="20">426</rw-visits>
<rw-visits order="39">270</rw-visits>
<rw-visits order="58">207</rw-visits>
<rw-visits order="77">176</rw-visits>
<rw-visits order="96">149</rw-visits>
<rw-visits order="115">139</rw-visits>
<rw-visits order="134">125</rw-visits>
<rw-visits order="153">116</rw-visits>
<rw-visits order="172">110</rw-visits>
<rw-visits order="191">103</rw-visits>
<rw-visits order="210">98</rw-visits>
<rw-visits order="229">92</rw-visits>
<rw-visits order="248">86</rw-visits>
<rw-visits order="267">84</rw-visits>
<rw-visits order="286">80</rw-visits>
<rw-visits order="305">76</rw-visits>
<rw-visits order="324">71</rw-visits>
<rw-visits order="343">68</rw-visits>
<rw-visits order="362">66</rw-visits>
<rw-visits order="381">63</rw-visits>
<rw-visits order="400">61</rw-visits>
<rw-visits order="419">60</rw-visits>
<rw-visits order="438">57</rw-visits>
<rw-visits order="457">56</rw-visits>
<rw-visits order="476">54</rw-visits>
<rw-visits order="495">53</rw-visits>
<rw-visits order="514">51</rw-visits>
<rw-visits order="533">48</rw-visits>
<rw-visits order="552">47</rw-visits>
<rw-visits order="571">45</rw-visits>
<rw-visits order="590">44</rw-visits>
<rw-visits order="609">43</rw-visits>
<rw-visits order="628">42</rw-visits>
<rw-visits order="647">40</rw-visits>
<rw-visits order="666">40</rw-visits>
<rw-visits order="685">38</rw-visits>
<rw-visits order="704">38</rw-visits>
<rw-visits order="723">37</rw-visits>
<rw-visits order="742">36</rw-visits>
<rw-visits order="761">35</rw-visits>
<rw-visits order="780">34</rw-visits>
<rw-visits order="799">33</rw-visits>
<rw-visits order="818">32</rw-visits>
<rw-visits order="837">32</rw-visits>
<rw-visits order="856">31</rw-visits>
<rw-visits order="875">30</rw-visits>
<rw-visits order="894">30</rw-visits>
<rw-visits order="913">29</rw-visits>
<rw-visits order="932">28</rw-visits>
<rw-visits order="951">27</rw-visits>
<rw-visits order="970">27</rw-visits>
<rw-visits order="989">26</rw-visits>
<rw-visits order="1008">26</rw-visits>
<rw-visits order="1027">25</rw-visits>
<rw-visits order="1046">25</rw-visits>
<rw-visits order="1065">24</rw-visits>
<rw-visits order="1084">23</rw-visits>
<rw-visits order="1103">23</rw-visits>
<rw-visits order="1122">22</rw-visits>
<rw-visits order="1141">22</rw-visits>
<rw-visits order="1160">21</rw-visits>
<rw-visits order="1179">21</rw-visits>
<rw-visits order="1198">20</rw-visits>
<rw-visits order="1217">20</rw-visits>
<rw-visits order="1236">20</rw-visits>
<rw-visits order="1255">19</rw-visits>
<rw-visits order="1274">19</rw-visits>
<rw-visits order="1293">18</rw-visits>
<rw-visits order="1312">18</rw-visits>
<rw-visits order="1331">18</rw-visits>
<rw-visits order="1350">17</rw-visits>
<rw-visits order="1369">17</rw-visits>
<rw-visits order="1388">16</rw-visits>
<rw-visits order="1407">16</rw-visits>
<rw-visits order="1426">16</rw-visits>
<rw-visits order="1445">15</rw-visits>
<rw-visits order="1464">15</rw-visits>
<rw-visits order="1483">15</rw-visits>
<rw-visits order="1502">14</rw-visits>
<rw-visits order="1521">14</rw-visits>
<rw-visits order="1540">14</rw-visits>
<rw-visits order="1559">14</rw-visits>
<rw-visits order="1578">13</rw-visits>
<rw-visits order="1597">13</rw-visits>
<rw-visits order="1616">13</rw-visits>
<rw-visits order="1635">12</rw-visits>
<rw-visits order="1654">12</rw-visits>
<rw-visits order="1673">12</rw-visits>
<rw-visits order="1692">11</rw-visits>
<rw-visits order="1711">11</rw-visits>
<rw-visits order="1730">11</rw-visits>
<rw-visits order="1749">11</rw-visits>
<rw-visits order="1768">10</rw-visits>
<rw-visits order="1787">10</rw-visits>
<rw-visits order="1806">10</rw-visits>
<rw-visits order="1825">10</rw-visits>
<rw-visits order="1844">9</rw-visits>
<rw-visits order="1863">9</rw-visits>
<rw-visits order="1882">9</rw-visits>
<rw-visits order="1901">9</rw-visits>
<rw-visits order="1920">9</rw-visits>
<rw-visits order="1939">8</rw-visits>
<rw-visits order="1958">8</rw-visits>
<rw-visits order="1977">8</rw-visits>
<rw-visits order="1996">8</rw-visits>
<rw-visits order="2015">8</rw-visits>
<rw-visits order="2034">7</rw-visits>
<rw-visits order="2053">7</rw-visits>
<rw-visits order="2072">7</rw-visits>
<rw-visits order="2091">7</rw-visits>
<rw-visits order="2110">7</rw-visits>
<rw-visits order="2129">7</rw-visits>
<rw-visits order="2148">6</rw-visits>
<rw-visits order="2167">6</rw-visits>
<rw-visits order="2186">6</rw-visits>
<rw-visits order="2205">6</rw-visits>
<rw-visits order="2224">6</rw-visits>
<rw-visits order="2243">6</rw-visits>
<rw-visits order="2262">6</rw-visits>
<rw-visits order="2281">5</rw-visits>
<rw-visits order="2300">5</rw-visits>
<rw-visits order="2319">5</rw-visits>
<rw-visits order="2338">5</rw-visits>
<rw-visits order="2357">5</rw-visits>
<rw-visits order="2376">5</rw-visits>
<rw-visits order="2395">5</rw-visits>
<rw-visits order="2414">5</rw-visits>
<rw-visits order="2433">4</rw-visits>
<rw-visits order="2452">4</rw-visits>
<rw-visits order="2471">4</rw-visits>
<rw-visits order="2490">4</rw-visits>
<rw-visits order="2509">4</rw-visits>
<rw-visits order="2528">4</rw-visits>
<rw-visits order="2547">4</rw-visits>
<rw-visits order="2566">4</rw-visits>
<rw-visits order="2585">4</rw-visits>
<rw-visits order="2604">3</rw-visits>
<rw-visits order="2623">3</rw-visits>
<rw-visits order="2642">3</rw-visits>
<rw-visits order="2661">3</rw-visits>
<rw-visits order="2680">3</rw-visits>
<rw-visits order="2699">3</rw-visits>
<rw-visits order="2718">3</rw-visits>
<rw-visits order="2737">3</rw-visits>
<rw-visits order="2756">3</rw-visits>
<rw-visits order="2775">3</rw-visits>
<rw-visits order="2794">3</rw-visits>
<rw-visits order="2813">3</rw-visits>
<rw-visits order="2832">3</rw-visits>
<rw-visits order="2851">2</rw-visits>
<rw-visits order="2870">2</rw-visits>
<rw-visits order="2889">2</rw-visits>
<rw-visits order="2908">2</rw-visits>
<rw-visits order="2927">2</rw-visits>
<rw-visits order="2946">2</rw-visits>
<rw-visits order="2965">2</rw-visits>
<rw-visits order="2984">2</rw-visits>
<rw-visits order="3003">2</rw-visits>
<rw-visits order="3022">2</rw-visits>
<rw-visits order="3041">2</rw-visits>
<rw-visits order="3060">2</rw-visits>
<rw-visits order="3079">2</rw-visits>
<rw-visits order="3098">2</rw-visits>
<rw-visits order="3117">2</rw-visits>
<rw-visits order="3136">2</rw-visits>
<rw-visits order="3155">2</rw-visits>
<rw-visits order="3174">2</rw-visits>
<rw-visits order="3193">2</rw-visits>
<rw-visits order="3212">2</rw-visits>
<rw-visits order="3231">2</rw-visits>
<rw-visits order="3250">1</rw-visits>
<rw-visits order="3269">1</rw-visits>
<rw-visits order="3288">1</rw-visits>
<rw-visits order="3307">1</rw-visits>
<rw-visits order="3326">1</rw-visits>
<rw-visits order="3345">1</rw-visits>
<rw-visits order="3364">1</rw-visits>
<rw-visits order="3383">1</rw-visits>
<rw-visits order="3402">1</rw-visits>
<rw-visits order="3421">1</rw-visits>
<rw-visits order="3440">1</rw-visits>
<rw-visits order="3459">1</rw-visits>
<rw-visits order="3478">1</rw-visits>
<rw-visits order="3497">1</rw-visits>
<rw-visits order="3516">1</rw-visits>
<rw-visits order="3535">1</rw-visits>
<rw-visits order="3554">1</rw-visits>
<rw-visits order="3573">1</rw-visits>
<rw-visits order="3592">1</rw-visits>
<rw-visits order="3611">1</rw-visits>
<rw-visits order="3630">1</rw-visits>
<rw-visits order="3649">1</rw-visits>
<rw-visits order="3668">1</rw-visits>
<rw-visits order="3687">1</rw-visits>
<rw-visits order="3706">1</rw-visits>
<rw-visits order="3725">1</rw-visits>
<rw-visits order="3744">1</rw-visits>
<rw-visits order="3763">1</rw-visits>
<rw-visits order="3782">1</rw-visits>
<rw-visits order="3801">1</rw-visits>
<rw-visits order="3820">1</rw-visits>
<rw-visits order="3839">1</rw-visits>
<rw-visits order="3858">1</rw-visits>
<rw-visits order="3877">1</rw-visits>
<rw-visits order="3896">1</rw-visits>
<final-coverage>38.9126</final-coverage>
</rw-info>
<local-info>
<diamonds>96.2529</diamonds>
<neighborhood k="4">24</neighborhood>
<clustering k="4">1.64705</clustering>
</local-info>
<label-info>
<edge-label id="0.0+4.0">51</edge-label>
<edge-label id="0.1">276</edge-label>
<edge-label id="0.10">146</edge-label>
<edge-label id="0.11">271</edge-label>
<edge-label id="0.15">146</edge-label>
<edge-label id="0.16+4.0">146</edge-label>
<edge-label id="0.17">731</edge-label>
<edge-label id="0.18">375</edge-label>
<edge-label id="0.19+4.0">375</edge-label>
<edge-label id="0.20">1332</edge-label>
<edge-label id="0.22">1332</edge-label>
<edge-label id="0.23">1332</edge-label>
<edge-label id="0.3">375</edge-label>
<edge-label id="0.4">417</edge-label>
<edge-label id="0.8">146</edge-label>
<edge-label id="1.0+3.0">13</edge-label>
<edge-label id="1.1+5.0">28</edge-label>
<edge-label id="1.10">169</edge-label>
<edge-label id="1.11">169</edge-label>
<edge-label id="1.13">891</edge-label>
<edge-label id="1.2">93</edge-label>
<edge-label id="1.21">68</edge-label>
<edge-label id="1.22+3.0">68</edge-label>
<edge-label id="1.23+5.0">434</edge-label>
<edge-label id="1.24">918</edge-label>
<edge-label id="1.25">316</edge-label>
<edge-label id="1.26">1234</edge-label>
<edge-label id="1.28">452</edge-label>
<edge-label id="1.4">384</edge-label>
<edge-label id="1.5">1145</edge-label>
<edge-label id="1.6">85</edge-label>
<edge-label id="1.7+3.0">85</edge-label>
<edge-label id="1.8+5.0">226</edge-label>
<edge-label id="1.9">448</edge-label>
<edge-label id="2.0+4.0">134</edge-label>
<edge-label id="2.1">383</edge-label>
<edge-label id="2.18">438</edge-label>
<edge-label id="2.19+4.0">438</edge-label>
<edge-label id="2.20">603</edge-label>
<edge-label id="2.22">603</edge-label>
<edge-label id="2.24">603</edge-label>
<edge-label id="2.3">438</edge-label>
<edge-label id="2.4">861</edge-label>
<edge-label id="2.5">861</edge-label>
<edge-label id="2.6+4.0">861</edge-label>
<edge-label id="2.7">1426</edge-label>
<edge-label id="3.1+0.2">792</edge-label>
<edge-label id="4.1+1.3">2266</edge-label>
<edge-label id="5.1+2.2">1299</edge-label>
<state-labels procid="0">
<label id="[0]">8729</label>
<label id="[1]">1332</label>
</state-labels><state-labels procid="1">
<label id="[0,0,0,255,0,255,0,0]">51</label>
<label id="[0,0,0,255,0,255,1,0]">276</label>
<label id="[1,0,0,255,0,255,1,0]">276</label>
<label id="[1,0,0,255,0,255,1,11]">271</label>
<label id="[1,0,1,255,0,255,1,1]">731</label>
<label id="[1,0,1,255,1,0,1,101]">1332</label>
<label id="[10,0,1,255,0,255,0,1]">146</label>
<label id="[10,0,1,255,0,255,1,1]">731</label>
<label id="[11,0,1,255,1,0,1,101]">1332</label>
<label id="[2,0,0,255,0,255,1,11]">271</label>
<label id="[2,0,0,255,0,255,1,1]">146</label>
<label id="[2,0,1,255,0,255,1,101]">375</label>
<label id="[3,0,1,255,0,255,1,101]">375</label>
<label id="[4,0,1,255,0,255,0,101]">375</label>
<label id="[4,0,1,255,0,255,1,101]">1332</label>
<label id="[5,0,1,255,0,255,1,101]">1332</label>
<label id="[6,0,0,255,0,255,1,11]">271</label>
<label id="[6,0,0,255,0,255,1,1]">146</label>
<label id="[8,0,1,255,0,255,1,1]">146</label>
<label id="[9,0,1,255,0,255,1,1]">146</label>
</state-labels><state-labels procid="2">
<label id="[0,1,0,255,0,255,0,0]">13</label>
<label id="[0,1,0,255,0,255,1,0]">28</label>
<label id="[0,1,0,255,0,255,2,0]">93</label>
<label id="[1,0,0,0,0,255,2,0]">448</label>
<label id="[1,0,0,0,0,255,2,12]">88</label>
<label id="[1,0,0,0,0,255,2,22]">162</label>
<label id="[1,0,0,0,1,0,2,100]">821</label>
<label id="[1,0,0,0,1,0,2,12]">178</label>
<label id="[1,0,0,0,1,0,2,22]">279</label>
<label id="[1,0,0,0,2,0,2,100]">212</label>
<label id="[1,0,0,0,2,0,2,12]">56</label>
<label id="[1,0,0,0,2,0,2,22]">76</label>
<label id="[1,0,1,0,0,255,2,2]">24</label>
<label id="[1,0,1,0,1,0,2,100]">97</label>
<label id="[1,0,1,0,1,0,2,2]">97</label>
<label id="[1,0,1,0,2,0,2,100]">36</label>
<label id="[1,0,1,0,2,0,2,102]">36</label>
<label id="[1,0,1,0,2,0,2,2]">36</label>
<label id="[1,0,1,0,3,0,2,100]">16</label>
<label id="[1,0,1,0,3,0,2,102]">16</label>
<label id="[1,1,0,255,0,255,2,0]">93</label>
<label id="[1,1,0,255,0,255,2,22]">52</label>
<label id="[1,1,1,255,0,255,2,12]">12</label>
<label id="[12,0,0,0,2,0,2,100]">212</label>
<label id="[12,0,0,0,2,0,2,12]">56</label>
<label id="[12,0,0,0,2,0,2,22]">76</label>
<label id="[12,0,1,0,2,0,2,100]">36</label>
<label id="[12,0,1,0,2,0,2,102]">36</label>
<label id="[12,0,1,0,2,0,2,2]">36</label>
<label id="[2,0,0,0,0,255,2,100]">64</label>
<label id="[2,0,0,0,0,255,2,12]">88</label>
<label id="[2,0,0,0,0,255,2,22]">162</label>
<label id="[2,0,0,0,0,255,2,2]">24</label>
<label id="[2,0,0,0,1,0,2,100]">212</label>
<label id="[2,0,0,0,1,0,2,12]">178</label>
<label id="[2,0,0,0,1,0,2,22]">279</label>
<label id="[2,0,0,0,1,0,2,2]">97</label>
<label id="[2,0,0,0,2,0,2,12]">56</label>
<label id="[2,0,0,0,2,0,2,22]">76</label>
<label id="[2,0,0,0,2,0,2,2]">36</label>
<label id="[2,0,1,0,0,255,2,100]">4</label>
<label id="[2,0,1,0,1,0,2,100]">36</label>
<label id="[2,0,1,0,1,0,2,102]">36</label>
<label id="[2,0,1,0,2,0,2,100]">16</label>
<label id="[2,0,1,0,2,0,2,102]">16</label>
<label id="[2,1,0,255,0,255,2,0]">75</label>
<label id="[2,1,0,255,0,255,2,12]">12</label>
<label id="[2,1,0,255,0,255,2,22]">52</label>
<label id="[2,1,1,255,0,255,2,0]">10</label>
<label id="[3,0,0,0,0,255,2,100]">64</label>
<label id="[3,0,0,0,1,0,2,100]">212</label>
<label id="[3,0,1,0,0,255,2,100]">4</label>
<label id="[3,0,1,0,1,0,2,100]">36</label>
<label id="[3,0,1,0,1,0,2,102]">36</label>
<label id="[3,0,1,0,2,0,2,100]">16</label>
<label id="[3,0,1,0,2,0,2,102]">16</label>
<label id="[4,0,0,0,0,255,0,100]">64</label>
<label id="[4,0,0,0,0,255,1,100]">416</label>
<label id="[4,0,0,0,0,255,2,100]">821</label>
<label id="[4,0,1,0,0,255,0,100]">4</label>
<label id="[4,0,1,0,0,255,1,100]">18</label>
<label id="[4,0,1,0,0,255,2,100]">97</label>
<label id="[5,0,0,0,0,255,2,100]">821</label>
<label id="[5,0,0,0,1,0,2,100]">212</label>
<label id="[5,0,1,0,0,255,2,100]">97</label>
<label id="[5,0,1,0,1,0,2,100]">36</label>
<label id="[5,0,1,0,1,0,2,102]">36</label>
<label id="[5,0,1,0,2,0,2,100]">16</label>
<label id="[5,0,1,0,2,0,2,102]">16</label>
<label id="[6,0,0,0,0,255,2,12]">88</label>
<label id="[6,0,0,0,0,255,2,22]">162</label>
<label id="[6,0,0,0,0,255,2,2]">24</label>
<label id="[6,0,0,0,1,0,2,12]">178</label>
<label id="[6,0,0,0,1,0,2,22]">279</label>
<label id="[6,0,0,0,1,0,2,2]">97</label>
<label id="[6,0,0,0,2,0,2,12]">56</label>
<label id="[6,0,0,0,2,0,2,22]">76</label>
<label id="[6,0,0,0,2,0,2,2]">36</label>
<label id="[6,1,0,255,0,255,2,0]">75</label>
<label id="[6,1,0,255,0,255,2,12]">12</label>
<label id="[6,1,0,255,0,255,2,22]">52</label>
<label id="[6,1,1,255,0,255,2,0]">10</label>
<label id="[7,0,0,0,0,255,0,0]">85</label>
<label id="[7,0,0,0,0,255,1,0]">226</label>
<label id="[7,0,0,0,0,255,2,0]">448</label>
<label id="[8,0,1,0,0,255,2,2]">24</label>
<label id="[8,0,1,0,1,0,2,2]">97</label>
<label id="[8,0,1,0,2,0,2,2]">36</label>
<label id="[8,1,1,255,0,255,2,12]">12</label>
</state-labels><state-labels procid="3">
<label id="[0,2,0,255,0,255,0,0]">134</label>
<label id="[0,2,0,255,0,255,1,0]">383</label>
<label id="[1,0,0,1,0,255,1,1]">756</label>
<label id="[1,0,0,1,1,0,1,101]">603</label>
<label id="[1,1,0,1,0,255,1,11]">670</label>
<label id="[1,2,0,255,0,255,1,0]">383</label>
<label id="[12,0,0,1,1,0,1,101]">603</label>
<label id="[2,0,0,1,0,255,1,101]">438</label>
<label id="[2,1,0,1,0,255,1,1]">494</label>
<label id="[2,2,0,255,0,255,1,11]">367</label>
<label id="[3,0,0,1,0,255,1,101]">438</label>
<label id="[4,0,0,1,0,255,0,101]">438</label>
<label id="[4,0,0,1,0,255,1,101]">603</label>
<label id="[5,0,0,1,0,255,1,101]">603</label>
<label id="[6,1,0,1,0,255,1,1]">494</label>
<label id="[6,2,0,255,0,255,1,11]">367</label>
<label id="[7,0,0,1,0,255,0,1]">494</label>
<label id="[7,0,0,1,0,255,1,1]">756</label>
<label id="[7,1,0,1,0,255,0,11]">367</label>
<label id="[7,1,0,1,0,255,1,11]">670</label>
</state-labels><state-labels procid="4">
<label id="[0,{0|0|0|0|0|0|0|0|0|0},0]">8283</label>
<label id="[0,{101|0|0|0|0|0|0|0|0|0},1]">750</label>
<label id="[0,{11|0|0|0|0|0|0|0|0|0},1]">298</label>
<label id="[0,{11|1|0|0|0|0|0|0|0|0},2]">292</label>
<label id="[0,{1|0|0|0|0|0|0|0|0|0},1]">438</label>
</state-labels><state-labels procid="5">
<label id="[0,{0|0|0|0|0|0|0|0|0|0},0]">2268</label>
<label id="[0,{0|0|0|0|0|0|0|0|0|0},1]">132</label>
<label id="[0,{0|12|0|0|0|0|0|0|0|0},2]">30</label>
<label id="[0,{0|22|0|0|0|0|0|0|0|0},2]">64</label>
<label id="[0,{0|22|12|0|0|0|0|0|0|0},3]">20</label>
<label id="[0,{100|0|0|0|0|0|0|0|0|0},1]">660</label>
<label id="[0,{100|102|0|0|0|0|0|0|0|0},2]">112</label>
<label id="[0,{100|12|0|0|0|0|0|0|0|0},2]">194</label>
<label id="[0,{100|12|2|0|0|0|0|0|0|0},3]">148</label>
<label id="[0,{100|12|2|102|0|0|0|0|0|0},4]">96</label>
<label id="[0,{100|22|0|0|0|0|0|0|0|0},2]">110</label>
<label id="[0,{100|22|12|0|0|0|0|0|0|0},3]">104</label>
<label id="[0,{100|22|12|2|0|0|0|0|0|0},4]">76</label>
<label id="[0,{100|22|12|2|102|0|0|0|0|0},5]">48</label>
<label id="[0,{100|2|0|0|0|0|0|0|0|0},2]">148</label>
<label id="[0,{100|2|102|0|0|0|0|0|0|0},3]">96</label>
<label id="[0,{102|0|0|0|0|0|0|0|0|0},1]">300</label>
<label id="[0,{102|100|0|0|0|0|0|0|0|0},2]">112</label>
<label id="[0,{12|0|0|0|0|0|0|0|0|0},1]">691</label>
<label id="[0,{12|0|0|0|0|0|0|0|0|0},2]">30</label>
<label id="[0,{12|100|0|0|0|0|0|0|0|0},2]">194</label>
<label id="[0,{12|100|2|0|0|0|0|0|0|0},3]">148</label>
<label id="[0,{12|100|2|102|0|0|0|0|0|0},4]">96</label>
<label id="[0,{12|2|0|0|0|0|0|0|0|0},2]">452</label>
<label id="[0,{12|2|100|0|0|0|0|0|0|0},3]">148</label>
<label id="[0,{12|2|100|102|0|0|0|0|0|0},4]">96</label>
<label id="[0,{12|2|102|0|0|0|0|0|0|0},3]">264</label>
<label id="[0,{12|2|102|100|0|0|0|0|0|0},4]">96</label>
<label id="[0,{22|0|0|0|0|0|0|0|0|0},1]">469</label>
<label id="[0,{22|0|0|0|0|0|0|0|0|0},2]">64</label>
<label id="[0,{22|0|12|0|0|0|0|0|0|0},3]">20</label>
<label id="[0,{22|100|0|0|0|0|0|0|0|0},2]">110</label>
<label id="[0,{22|100|12|0|0|0|0|0|0|0},3]">104</label>
<label id="[0,{22|100|12|2|0|0|0|0|0|0},4]">76</label>
<label id="[0,{22|100|12|2|102|0|0|0|0|0},5]">48</label>
<label id="[0,{22|12|0|0|0|0|0|0|0|0},2]">384</label>
<label id="[0,{22|12|0|0|0|0|0|0|0|0},3]">20</label>
<label id="[0,{22|12|100|0|0|0|0|0|0|0},3]">104</label>
<label id="[0,{22|12|100|2|0|0|0|0|0|0},4]">76</label>
<label id="[0,{22|12|100|2|102|0|0|0|0|0},5]">48</label>
<label id="[0,{22|12|2|0|0|0|0|0|0|0},3]">237</label>
<label id="[0,{22|12|2|100|0|0|0|0|0|0},4]">76</label>
<label id="[0,{22|12|2|100|102|0|0|0|0|0},5]">48</label>
<label id="[0,{22|12|2|102|0|0|0|0|0|0},4]">140</label>
<label id="[0,{22|12|2|102|100|0|0|0|0|0},5]">48</label>
<label id="[0,{2|0|0|0|0|0|0|0|0|0},1]">452</label>
<label id="[0,{2|100|0|0|0|0|0|0|0|0},2]">148</label>
<label id="[0,{2|100|102|0|0|0|0|0|0|0},3]">96</label>
<label id="[0,{2|102|0|0|0|0|0|0|0|0},2]">264</label>
<label id="[0,{2|102|100|0|0|0|0|0|0|0},3]">96</label>
</state-labels><state-labels procid="6">
<label id="[0,{0|0|0|0|0|0|0|0|0|0},0]">5700</label>
<label id="[0,{101|0|0|0|0|0|0|0|0|0},1]">1701</label>
<label id="[0,{11|0|0|0|0|0|0|0|0|0},1]">231</label>
<label id="[0,{11|1|0|0|0|0|0|0|0|0},2]">283</label>
<label id="[0,{11|1|101|0|0|0|0|0|0|0},3]">345</label>
<label id="[0,{1|0|0|0|0|0|0|0|0|0},1]">804</label>
<label id="[0,{1|101|0|0|0|0|0|0|0|0},2]">997</label>
</state-labels></label-info>
</state-space-info>
