<?xml version="1.0"?>
<!DOCTYPE state-space-info SYSTEM "../../state_space_info.dtd">


<state-space-info>
<states>8993</states>
<edges>23750</edges>
<bfs-info>
 <levels>73</levels>
<max-level>264</max-level>

<back-level-edges>38</back-level-edges>
<max-back-level-edge>0</max-back-level-edge>
<avg-back-level-edge>0</avg-back-level-edge>
<bfs-levels>
<level id="0"><states>1</states><edges>3</edges></level>
<level id="1"><states>3</states><edges>9</edges></level>
<level id="2"><states>7</states><edges>19</edges></level>
<level id="3"><states>11</states><edges>27</edges></level>
<level id="4"><states>13</states><edges>33</edges></level>
<level id="5"><states>17</states><edges>49</edges></level>
<level id="6"><states>25</states><edges>72</edges></level>
<level id="7"><states>34</states><edges>96</edges></level>
<level id="8"><states>42</states><edges>118</edges></level>
<level id="9"><states>51</states><edges>146</edges></level>
<level id="10"><states>62</states><edges>173</edges></level>
<level id="11"><states>70</states><edges>192</edges></level>
<level id="12"><states>76</states><edges>207</edges></level>
<level id="13"><states>82</states><edges>220</edges></level>
<level id="14"><states>86</states><edges>225</edges></level>
<level id="15"><states>86</states><edges>224</edges></level>
<level id="16"><states>85</states><edges>221</edges></level>
<level id="17"><states>84</states><edges>219</edges></level>
<level id="18"><states>84</states><edges>222</edges></level>
<level id="19"><states>87</states><edges>234</edges></level>
<level id="20"><states>93</states><edges>253</edges></level>
<level id="21"><states>101</states><edges>276</edges></level>
<level id="22"><states>109</states><edges>298</edges></level>
<level id="23"><states>116</states><edges>314</edges></level>
<level id="24"><states>121</states><edges>325</edges></level>
<level id="25"><states>124</states><edges>329</edges></level>
<level id="26"><states>124</states><edges>328</edges></level>
<level id="27"><states>126</states><edges>337</edges></level>
<level id="28"><states>132</states><edges>351</edges></level>
<level id="29"><states>137</states><edges>358</edges></level>
<level id="30"><states>139</states><edges>361</edges></level>
<level id="31"><states>141</states><edges>370</edges></level>
<level id="32"><states>147</states><edges>391</edges></level>
<level id="33"><states>158</states><edges>416</edges></level>
<level id="34"><states>165</states><edges>428</edges></level>
<level id="35"><states>166</states><edges>429</edges></level>
<level id="36"><states>165</states><edges>436</edges></level>
<level id="37"><states>170</states><edges>462</edges></level>
<level id="38"><states>183</states><edges>500</edges></level>
<level id="39"><states>196</states><edges>532</edges></level>
<level id="40"><states>204</states><edges>556</edges></level>
<level id="41"><states>212</states><edges>576</edges></level>
<level id="42"><states>216</states><edges>578</edges></level>
<level id="43"><states>214</states><edges>572</edges></level>
<level id="44"><states>214</states><edges>571</edges></level>
<level id="45"><states>214</states><edges>581</edges></level>
<level id="46"><states>222</states><edges>615</edges></level>
<level id="47"><states>237</states><edges>661</edges></level>
<level id="48"><states>253</states><edges>703</edges></level>
<level id="49"><states>264</states><edges>716</edges></level>
<level id="50"><states>261</states><edges>688</edges></level>
<level id="51"><states>245</states><edges>633</edges></level>
<level id="52"><states>226</states><edges>582</edges></level>
<level id="53"><states>211</states><edges>556</edges></level>
<level id="54"><states>207</states><edges>562</edges></level>
<level id="55"><states>212</states><edges>574</edges></level>
<level id="56"><states>213</states><edges>572</edges></level>
<level id="57"><states>208</states><edges>548</edges></level>
<level id="58"><states>197</states><edges>504</edges></level>
<level id="59"><states>178</states><edges>445</edges></level>
<level id="60"><states>155</states><edges>380</edges></level>
<level id="61"><states>131</states><edges>312</edges></level>
<level id="62"><states>106</states><edges>243</edges></level>
<level id="63"><states>83</states><edges>192</edges></level>
<level id="64"><states>67</states><edges>156</edges></level>
<level id="65"><states>56</states><edges>135</edges></level>
<level id="66"><states>50</states><edges>117</edges></level>
<level id="67"><states>42</states><edges>93</edges></level>
<level id="68"><states>33</states><edges>66</edges></level>
<level id="69"><states>23</states><edges>36</edges></level>
<level id="70"><states>12</states><edges>18</edges></level>
<level id="71"><states>6</states><edges>6</edges></level>
<level id="72"><states>2</states><edges>0</edges></level>
</bfs-levels>
<back-level-length id="0">100</back-level-length>
</bfs-info>
<degrees>
<avg>2.64094</avg>
<max-in>4</max-in>
<max-out>4</max-out>
<degree id="0"><in>1</in><out>10</out></degree>
<degree id="1"><in>390</in><out>338</out></degree>
<degree id="2"><in>2912</in><out>2718</out></degree>
<degree id="3"><in>5224</in><out>5732</out></degree>
<degree id="4"><in>466</in><out>195</out></degree>
</degrees>
<scc-info>
<count>8993</count>
<height>73</height>
<nontrivial-height>0</nontrivial-height>
<trivial>8993</trivial>
<terminal>10</terminal>
<largest>1</largest>
<largest-position> terminal</largest-position>
</scc-info>
<dfs-info>
<stack-size id="44">0.489269</stack-size>
<stack-size id="88">0.633826</stack-size>
<stack-size id="132">0.678305</stack-size>
<stack-size id="176">0.644946</stack-size>
<stack-size id="220">0.544868</stack-size>
<stack-size id="264">0.47815</stack-size>
<stack-size id="308">0.622707</stack-size>
<stack-size id="352">0.667186</stack-size>
<stack-size id="396">0.633826</stack-size>
<stack-size id="440">0.533748</stack-size>
<stack-size id="484">0.46703</stack-size>
<stack-size id="528">0.611587</stack-size>
<stack-size id="572">0.656066</stack-size>
<stack-size id="616">0.622707</stack-size>
<stack-size id="660">0.522629</stack-size>
<stack-size id="704">0.45591</stack-size>
<stack-size id="748">0.600467</stack-size>
<stack-size id="792">0.644946</stack-size>
<stack-size id="836">0.611587</stack-size>
<stack-size id="880">0.511509</stack-size>
<stack-size id="924">0.44479</stack-size>
<stack-size id="968">0.644946</stack-size>
<stack-size id="1012">0.555988</stack-size>
<stack-size id="1056">0.555988</stack-size>
<stack-size id="1100">0.611587</stack-size>
<stack-size id="1144">0.522629</stack-size>
<stack-size id="1188">0.667186</stack-size>
<stack-size id="1232">0.578228</stack-size>
<stack-size id="1276">0.633826</stack-size>
<stack-size id="1320">0.633826</stack-size>
<stack-size id="1364">0.544868</stack-size>
<stack-size id="1408">0.500389</stack-size>
<stack-size id="1452">0.711665</stack-size>
<stack-size id="1496">0.667186</stack-size>
<stack-size id="1540">0.689425</stack-size>
<stack-size id="1584">0.644946</stack-size>
<stack-size id="1628">0.667186</stack-size>
<stack-size id="1672">0.622707</stack-size>
<stack-size id="1716">0.733904</stack-size>
<stack-size id="1760">0.600467</stack-size>
<stack-size id="1804">0.789503</stack-size>
<stack-size id="1848">0.733904</stack-size>
<stack-size id="1892">0.767263</stack-size>
<stack-size id="1936">0.711665</stack-size>
<stack-size id="1980">0.667186</stack-size>
<stack-size id="2024">0.622707</stack-size>
<stack-size id="2068">0.578228</stack-size>
<stack-size id="2112">0.567108</stack-size>
<stack-size id="2156">0.633826</stack-size>
<stack-size id="2200">0.500389</stack-size>
<stack-size id="2244">0.533748</stack-size>
<stack-size id="2288">0.622707</stack-size>
<stack-size id="2332">0.600467</stack-size>
<stack-size id="2376">0.711665</stack-size>
<stack-size id="2420">0.533748</stack-size>
<stack-size id="2464">0.400311</stack-size>
<stack-size id="2508">0.578228</stack-size>
<stack-size id="2552">0.46703</stack-size>
<stack-size id="2596">0.578228</stack-size>
<stack-size id="2640">0.44479</stack-size>
<stack-size id="2684">0.489269</stack-size>
<stack-size id="2728">0.555988</stack-size>
<stack-size id="2772">0.44479</stack-size>
<stack-size id="2816">0.46703</stack-size>
<stack-size id="2860">0.46703</stack-size>
<stack-size id="2904">0.422551</stack-size>
<stack-size id="2948">0.511509</stack-size>
<stack-size id="2992">0.433671</stack-size>
<stack-size id="3036">0.489269</stack-size>
<stack-size id="3080">0.400311</stack-size>
<stack-size id="3124">0.400311</stack-size>
<stack-size id="3168">0.544868</stack-size>
<stack-size id="3212">0.544868</stack-size>
<stack-size id="3256">0.46703</stack-size>
<stack-size id="3300">0.522629</stack-size>
<stack-size id="3344">0.322473</stack-size>
<stack-size id="3388">0.344713</stack-size>
<stack-size id="3432">0.544868</stack-size>
<stack-size id="3476">0.644946</stack-size>
<stack-size id="3520">0.511509</stack-size>
<stack-size id="3564">0.567108</stack-size>
<stack-size id="3608">0.622707</stack-size>
<stack-size id="3652">0.567108</stack-size>
<stack-size id="3696">0.589347</stack-size>
<stack-size id="3740">0.644946</stack-size>
<stack-size id="3784">0.600467</stack-size>
<stack-size id="3828">0.611587</stack-size>
<stack-size id="3872">0.522629</stack-size>
<stack-size id="3916">0.45591</stack-size>
<stack-size id="3960">0.411431</stack-size>
<stack-size id="4004">0.46703</stack-size>
<stack-size id="4048">0.45591</stack-size>
<stack-size id="4092">0.355832</stack-size>
<stack-size id="4136">0.667186</stack-size>
<stack-size id="4180">0.622707</stack-size>
<stack-size id="4224">0.667186</stack-size>
<stack-size id="4268">0.622707</stack-size>
<stack-size id="4312">0.667186</stack-size>
<stack-size id="4356">0.44479</stack-size>
<stack-size id="4400">0.489269</stack-size>
<stack-size id="4444">0.422551</stack-size>
<stack-size id="4488">0.389192</stack-size>
<stack-size id="4532">0.378072</stack-size>
<stack-size id="4576">0.433671</stack-size>
<stack-size id="4620">0.289114</stack-size>
<stack-size id="4664">0.366952</stack-size>
<stack-size id="4708">0.333593</stack-size>
<stack-size id="4752">0.255754</stack-size>
<stack-size id="4796">0.344713</stack-size>
<stack-size id="4840">0.300234</stack-size>
<stack-size id="4884">0.222395</stack-size>
<stack-size id="4928">0.344713</stack-size>
<stack-size id="4972">0.277994</stack-size>
<stack-size id="5016">0.277994</stack-size>
<stack-size id="5060">0.189036</stack-size>
<stack-size id="5104">0.355832</stack-size>
<stack-size id="5148">0.211275</stack-size>
<stack-size id="5192">0.122317</stack-size>
<stack-size id="5236">0.255754</stack-size>
<stack-size id="5280">0.166796</stack-size>
<stack-size id="5324">0.322473</stack-size>
<stack-size id="5368">0.244635</stack-size>
<stack-size id="5412">0.100078</stack-size>
<stack-size id="5456">0.45591</stack-size>
<stack-size id="5500">0.355832</stack-size>
<stack-size id="5544">0.122317</stack-size>
<stack-size id="5588">0.389192</stack-size>
<stack-size id="5632">0.567108</stack-size>
<stack-size id="5676">0.489269</stack-size>
<stack-size id="5720">0.567108</stack-size>
<stack-size id="5764">0.489269</stack-size>
<stack-size id="5808">0.567108</stack-size>
<stack-size id="5852">0.555988</stack-size>
<stack-size id="5896">0.567108</stack-size>
<stack-size id="5940">0.555988</stack-size>
<stack-size id="5984">0.45591</stack-size>
<stack-size id="6028">0.411431</stack-size>
<stack-size id="6072">0.522629</stack-size>
<stack-size id="6116">0.411431</stack-size>
<stack-size id="6160">0.544868</stack-size>
<stack-size id="6204">0.47815</stack-size>
<stack-size id="6248">0.366952</stack-size>
<stack-size id="6292">0.400311</stack-size>
<stack-size id="6336">0.411431</stack-size>
<stack-size id="6380">0.433671</stack-size>
<stack-size id="6424">0.46703</stack-size>
<stack-size id="6468">0.47815</stack-size>
<stack-size id="6512">0.45591</stack-size>
<stack-size id="6556">0.400311</stack-size>
<stack-size id="6600">0.400311</stack-size>
<stack-size id="6644">0.411431</stack-size>
<stack-size id="6688">0.366952</stack-size>
<stack-size id="6732">0.700545</stack-size>
<stack-size id="6776">0.589347</stack-size>
<stack-size id="6820">0.567108</stack-size>
<stack-size id="6864">0.46703</stack-size>
<stack-size id="6908">0.600467</stack-size>
<stack-size id="6952">0.489269</stack-size>
<stack-size id="6996">0.511509</stack-size>
<stack-size id="7040">0.567108</stack-size>
<stack-size id="7084">0.500389</stack-size>
<stack-size id="7128">0.589347</stack-size>
<stack-size id="7172">0.45591</stack-size>
<stack-size id="7216">0.511509</stack-size>
<stack-size id="7260">0.600467</stack-size>
<stack-size id="7304">0.533748</stack-size>
<stack-size id="7348">0.44479</stack-size>
<stack-size id="7392">0.47815</stack-size>
<stack-size id="7436">0.433671</stack-size>
<stack-size id="7480">0.389192</stack-size>
<stack-size id="7524">0.544868</stack-size>
<stack-size id="7568">0.433671</stack-size>
<stack-size id="7612">0.333593</stack-size>
<stack-size id="7656">0.355832</stack-size>
<stack-size id="7700">0.255754</stack-size>
<stack-size id="7744">0.155677</stack-size>
<stack-size id="7788">0.189036</stack-size>
<stack-size id="7832">0.233515</stack-size>
<stack-size id="7876">0.166796</stack-size>
<stack-size id="7920">0.044479</stack-size>
<stack-size id="7964">0.289114</stack-size>
<stack-size id="8008">0.333593</stack-size>
<stack-size id="8052">0.333593</stack-size>
<stack-size id="8096">0.378072</stack-size>
<stack-size id="8140">0.255754</stack-size>
<stack-size id="8184">0.244635</stack-size>
<stack-size id="8228">0.133437</stack-size>
<stack-size id="8272">0.177916</stack-size>
<stack-size id="8316">0.266874</stack-size>
<stack-size id="8360">0.177916</stack-size>
<stack-size id="8404">0.222395</stack-size>
<stack-size id="8448">0.177916</stack-size>
<stack-size id="8492">0.100078</stack-size>
<stack-size id="8536">0.166796</stack-size>
<stack-size id="8580">0.0778383</stack-size>
<stack-size id="8624">0.433671</stack-size>
<stack-size id="8668">0.411431</stack-size>
<stack-size id="8712">0.211275</stack-size>
<stack-size id="8756">0.233515</stack-size>
<stack-size id="8800">0.311353</stack-size>
<stack-size id="8844">0.255754</stack-size>
<stack-size id="8888">0.189036</stack-size>
<stack-size id="8932">0.133437</stack-size>
<stack-size id="8976">0.0333593</stack-size>
<max-stack>73</max-stack>
<front-edges>8992</front-edges>
<back-edges>0</back-edges>
<cross-edges>14758</cross-edges>
<shortest-cycle>-1</shortest-cycle>
</dfs-info>
<rw-info>
<coverage step="880">6.74969</coverage>
<coverage step="1760">10.8195</coverage>
<coverage step="2640">13.3437</coverage>
<coverage step="3520">15.2785</coverage>
<coverage step="4400">17.458</coverage>
<coverage step="5280">18.6478</coverage>
<coverage step="6160">20.3936</coverage>
<coverage step="7040">21.4167</coverage>
<coverage step="7920">23.2403</coverage>
<coverage step="8800">23.9964</coverage>
<coverage step="9680">24.9416</coverage>
<coverage step="10560">25.4976</coverage>
<coverage step="11440">26.1314</coverage>
<coverage step="12320">27.3768</coverage>
<coverage step="13200">28.0774</coverage>
<coverage step="14080">28.6111</coverage>
<coverage step="14960">28.9781</coverage>
<coverage step="15840">29.1782</coverage>
<coverage step="16720">29.5786</coverage>
<coverage step="17600">30.0345</coverage>
<coverage step="18480">30.4348</coverage>
<coverage step="19360">30.7684</coverage>
<coverage step="20240">30.8907</coverage>
<coverage step="21120">31.3244</coverage>
<coverage step="22000">31.7247</coverage>
<coverage step="22880">31.9804</coverage>
<coverage step="23760">32.2584</coverage>
<coverage step="24640">32.5142</coverage>
<coverage step="25520">32.7811</coverage>
<coverage step="26400">33.1258</coverage>
<coverage step="27280">33.515</coverage>
<coverage step="28160">33.8152</coverage>
<coverage step="29040">34.0709</coverage>
<coverage step="29920">34.0932</coverage>
<coverage step="30800">34.2377</coverage>
<coverage step="31680">34.3823</coverage>
<coverage step="32560">34.4824</coverage>
<coverage step="33440">34.6714</coverage>
<coverage step="34320">34.6937</coverage>
<coverage step="35200">35.0717</coverage>
<coverage step="36080">35.2385</coverage>
<coverage step="36960">35.7723</coverage>
<coverage step="37840">36.2282</coverage>
<coverage step="38720">36.395</coverage>
<coverage step="39600">36.4951</coverage>
<coverage step="40480">36.6396</coverage>
<coverage step="41360">36.8954</coverage>
<coverage step="42240">36.9176</coverage>
<coverage step="43120">37.2178</coverage>
<coverage step="44000">37.5181</coverage>
<coverage step="44880">37.696</coverage>
<coverage step="45760">37.9629</coverage>
<coverage step="46640">38.2297</coverage>
<coverage step="47520">38.2409</coverage>
<coverage step="48400">38.5077</coverage>
<coverage step="49280">38.6412</coverage>
<coverage step="50160">38.7079</coverage>
<coverage step="51040">39.0415</coverage>
<coverage step="51920">39.0526</coverage>
<coverage step="52800">39.1304</coverage>
<coverage step="53680">39.1638</coverage>
<coverage step="54560">39.1638</coverage>
<coverage step="55440">39.5419</coverage>
<coverage step="56320">39.5752</coverage>
<coverage step="57200">39.5975</coverage>
<coverage step="58080">39.6531</coverage>
<coverage step="58960">39.7643</coverage>
<coverage step="59840">39.8087</coverage>
<coverage step="60720">39.8087</coverage>
<coverage step="61600">39.8532</coverage>
<coverage step="62480">39.8866</coverage>
<coverage step="63360">40.0089</coverage>
<coverage step="64240">40.1201</coverage>
<coverage step="65120">40.1535</coverage>
<coverage step="66000">40.1979</coverage>
<coverage step="66880">40.2091</coverage>
<coverage step="67760">40.2091</coverage>
<coverage step="68640">40.2758</coverage>
<coverage step="69520">40.3091</coverage>
<coverage step="70400">40.3758</coverage>
<coverage step="71280">40.3758</coverage>
<coverage step="72160">40.4314</coverage>
<coverage step="73040">40.4314</coverage>
<coverage step="73920">40.487</coverage>
<coverage step="74800">40.9207</coverage>
<coverage step="75680">40.9652</coverage>
<coverage step="76560">40.9652</coverage>
<coverage step="77440">41.0875</coverage>
<coverage step="78320">41.0875</coverage>
<coverage step="79200">41.1765</coverage>
<coverage step="80080">41.3321</coverage>
<coverage step="80960">41.3544</coverage>
<coverage step="81840">41.3877</coverage>
<coverage step="82720">41.4545</coverage>
<coverage step="83600">41.6324</coverage>
<coverage step="84480">41.7213</coverage>
<coverage step="85360">41.7213</coverage>
<coverage step="86240">41.9549</coverage>
<coverage step="87120">42.244</coverage>
<coverage step="88000">42.2551</coverage>
<coverage step="88880">42.2662</coverage>
<coverage step="89760">42.4441</coverage>
<rw-visits order="1">1435</rw-visits>
<rw-visits order="19">393</rw-visits>
<rw-visits order="37">258</rw-visits>
<rw-visits order="55">192</rw-visits>
<rw-visits order="73">161</rw-visits>
<rw-visits order="91">135</rw-visits>
<rw-visits order="109">128</rw-visits>
<rw-visits order="127">119</rw-visits>
<rw-visits order="145">107</rw-visits>
<rw-visits order="163">101</rw-visits>
<rw-visits order="181">96</rw-visits>
<rw-visits order="199">91</rw-visits>
<rw-visits order="217">86</rw-visits>
<rw-visits order="235">81</rw-visits>
<rw-visits order="253">77</rw-visits>
<rw-visits order="271">74</rw-visits>
<rw-visits order="289">70</rw-visits>
<rw-visits order="307">67</rw-visits>
<rw-visits order="325">65</rw-visits>
<rw-visits order="343">62</rw-visits>
<rw-visits order="361">59</rw-visits>
<rw-visits order="379">56</rw-visits>
<rw-visits order="397">54</rw-visits>
<rw-visits order="415">53</rw-visits>
<rw-visits order="433">52</rw-visits>
<rw-visits order="451">50</rw-visits>
<rw-visits order="469">49</rw-visits>
<rw-visits order="487">48</rw-visits>
<rw-visits order="505">46</rw-visits>
<rw-visits order="523">44</rw-visits>
<rw-visits order="541">43</rw-visits>
<rw-visits order="559">41</rw-visits>
<rw-visits order="577">40</rw-visits>
<rw-visits order="595">40</rw-visits>
<rw-visits order="613">38</rw-visits>
<rw-visits order="631">38</rw-visits>
<rw-visits order="649">37</rw-visits>
<rw-visits order="667">36</rw-visits>
<rw-visits order="685">34</rw-visits>
<rw-visits order="703">33</rw-visits>
<rw-visits order="721">33</rw-visits>
<rw-visits order="739">32</rw-visits>
<rw-visits order="757">31</rw-visits>
<rw-visits order="775">31</rw-visits>
<rw-visits order="793">30</rw-visits>
<rw-visits order="811">30</rw-visits>
<rw-visits order="829">29</rw-visits>
<rw-visits order="847">28</rw-visits>
<rw-visits order="865">28</rw-visits>
<rw-visits order="883">27</rw-visits>
<rw-visits order="901">26</rw-visits>
<rw-visits order="919">26</rw-visits>
<rw-visits order="937">25</rw-visits>
<rw-visits order="955">25</rw-visits>
<rw-visits order="973">24</rw-visits>
<rw-visits order="991">23</rw-visits>
<rw-visits order="1009">23</rw-visits>
<rw-visits order="1027">22</rw-visits>
<rw-visits order="1045">22</rw-visits>
<rw-visits order="1063">21</rw-visits>
<rw-visits order="1081">21</rw-visits>
<rw-visits order="1099">21</rw-visits>
<rw-visits order="1117">20</rw-visits>
<rw-visits order="1135">20</rw-visits>
<rw-visits order="1153">19</rw-visits>
<rw-visits order="1171">19</rw-visits>
<rw-visits order="1189">19</rw-visits>
<rw-visits order="1207">18</rw-visits>
<rw-visits order="1225">18</rw-visits>
<rw-visits order="1243">17</rw-visits>
<rw-visits order="1261">17</rw-visits>
<rw-visits order="1279">17</rw-visits>
<rw-visits order="1297">16</rw-visits>
<rw-visits order="1315">16</rw-visits>
<rw-visits order="1333">15</rw-visits>
<rw-visits order="1351">15</rw-visits>
<rw-visits order="1369">15</rw-visits>
<rw-visits order="1387">15</rw-visits>
<rw-visits order="1405">14</rw-visits>
<rw-visits order="1423">14</rw-visits>
<rw-visits order="1441">14</rw-visits>
<rw-visits order="1459">13</rw-visits>
<rw-visits order="1477">13</rw-visits>
<rw-visits order="1495">13</rw-visits>
<rw-visits order="1513">13</rw-visits>
<rw-visits order="1531">12</rw-visits>
<rw-visits order="1549">12</rw-visits>
<rw-visits order="1567">12</rw-visits>
<rw-visits order="1585">12</rw-visits>
<rw-visits order="1603">11</rw-visits>
<rw-visits order="1621">11</rw-visits>
<rw-visits order="1639">11</rw-visits>
<rw-visits order="1657">11</rw-visits>
<rw-visits order="1675">10</rw-visits>
<rw-visits order="1693">10</rw-visits>
<rw-visits order="1711">10</rw-visits>
<rw-visits order="1729">10</rw-visits>
<rw-visits order="1747">9</rw-visits>
<rw-visits order="1765">9</rw-visits>
<rw-visits order="1783">9</rw-visits>
<rw-visits order="1801">9</rw-visits>
<rw-visits order="1819">9</rw-visits>
<rw-visits order="1837">8</rw-visits>
<rw-visits order="1855">8</rw-visits>
<rw-visits order="1873">8</rw-visits>
<rw-visits order="1891">8</rw-visits>
<rw-visits order="1909">8</rw-visits>
<rw-visits order="1927">7</rw-visits>
<rw-visits order="1945">7</rw-visits>
<rw-visits order="1963">7</rw-visits>
<rw-visits order="1981">7</rw-visits>
<rw-visits order="1999">7</rw-visits>
<rw-visits order="2017">7</rw-visits>
<rw-visits order="2035">6</rw-visits>
<rw-visits order="2053">6</rw-visits>
<rw-visits order="2071">6</rw-visits>
<rw-visits order="2089">6</rw-visits>
<rw-visits order="2107">6</rw-visits>
<rw-visits order="2125">6</rw-visits>
<rw-visits order="2143">6</rw-visits>
<rw-visits order="2161">6</rw-visits>
<rw-visits order="2179">6</rw-visits>
<rw-visits order="2197">5</rw-visits>
<rw-visits order="2215">5</rw-visits>
<rw-visits order="2233">5</rw-visits>
<rw-visits order="2251">5</rw-visits>
<rw-visits order="2269">5</rw-visits>
<rw-visits order="2287">5</rw-visits>
<rw-visits order="2305">5</rw-visits>
<rw-visits order="2323">4</rw-visits>
<rw-visits order="2341">4</rw-visits>
<rw-visits order="2359">4</rw-visits>
<rw-visits order="2377">4</rw-visits>
<rw-visits order="2395">4</rw-visits>
<rw-visits order="2413">4</rw-visits>
<rw-visits order="2431">4</rw-visits>
<rw-visits order="2449">4</rw-visits>
<rw-visits order="2467">4</rw-visits>
<rw-visits order="2485">4</rw-visits>
<rw-visits order="2503">4</rw-visits>
<rw-visits order="2521">3</rw-visits>
<rw-visits order="2539">3</rw-visits>
<rw-visits order="2557">3</rw-visits>
<rw-visits order="2575">3</rw-visits>
<rw-visits order="2593">3</rw-visits>
<rw-visits order="2611">3</rw-visits>
<rw-visits order="2629">3</rw-visits>
<rw-visits order="2647">3</rw-visits>
<rw-visits order="2665">3</rw-visits>
<rw-visits order="2683">3</rw-visits>
<rw-visits order="2701">3</rw-visits>
<rw-visits order="2719">3</rw-visits>
<rw-visits order="2737">3</rw-visits>
<rw-visits order="2755">3</rw-visits>
<rw-visits order="2773">2</rw-visits>
<rw-visits order="2791">2</rw-visits>
<rw-visits order="2809">2</rw-visits>
<rw-visits order="2827">2</rw-visits>
<rw-visits order="2845">2</rw-visits>
<rw-visits order="2863">2</rw-visits>
<rw-visits order="2881">2</rw-visits>
<rw-visits order="2899">2</rw-visits>
<rw-visits order="2917">2</rw-visits>
<rw-visits order="2935">2</rw-visits>
<rw-visits order="2953">2</rw-visits>
<rw-visits order="2971">2</rw-visits>
<rw-visits order="2989">2</rw-visits>
<rw-visits order="3007">2</rw-visits>
<rw-visits order="3025">2</rw-visits>
<rw-visits order="3043">2</rw-visits>
<rw-visits order="3061">2</rw-visits>
<rw-visits order="3079">2</rw-visits>
<rw-visits order="3097">2</rw-visits>
<rw-visits order="3115">2</rw-visits>
<rw-visits order="3133">2</rw-visits>
<rw-visits order="3151">1</rw-visits>
<rw-visits order="3169">1</rw-visits>
<rw-visits order="3187">1</rw-visits>
<rw-visits order="3205">1</rw-visits>
<rw-visits order="3223">1</rw-visits>
<rw-visits order="3241">1</rw-visits>
<rw-visits order="3259">1</rw-visits>
<rw-visits order="3277">1</rw-visits>
<rw-visits order="3295">1</rw-visits>
<rw-visits order="3313">1</rw-visits>
<rw-visits order="3331">1</rw-visits>
<rw-visits order="3349">1</rw-visits>
<rw-visits order="3367">1</rw-visits>
<rw-visits order="3385">1</rw-visits>
<rw-visits order="3403">1</rw-visits>
<rw-visits order="3421">1</rw-visits>
<rw-visits order="3439">1</rw-visits>
<rw-visits order="3457">1</rw-visits>
<rw-visits order="3475">1</rw-visits>
<rw-visits order="3493">1</rw-visits>
<rw-visits order="3511">1</rw-visits>
<rw-visits order="3529">1</rw-visits>
<rw-visits order="3547">1</rw-visits>
<rw-visits order="3565">1</rw-visits>
<rw-visits order="3583">1</rw-visits>
<rw-visits order="3601">1</rw-visits>
<rw-visits order="3619">1</rw-visits>
<rw-visits order="3637">1</rw-visits>
<rw-visits order="3655">1</rw-visits>
<rw-visits order="3673">1</rw-visits>
<rw-visits order="3691">1</rw-visits>
<rw-visits order="3709">1</rw-visits>
<rw-visits order="3727">1</rw-visits>
<rw-visits order="3745">1</rw-visits>
<rw-visits order="3763">1</rw-visits>
<rw-visits order="3781">1</rw-visits>
<rw-visits order="3799">1</rw-visits>
<final-coverage>42.4441</final-coverage>
</rw-info>
<local-info>
<diamonds>95.8857</diamonds>
<neighborhood k="4">24</neighborhood>
<clustering k="4">1.64352</clustering>
</local-info>
<label-info>
<edge-label id="0.0+4.0">51</edge-label>
<edge-label id="0.1">276</edge-label>
<edge-label id="0.10">146</edge-label>
<edge-label id="0.11">271</edge-label>
<edge-label id="0.15">146</edge-label>
<edge-label id="0.16+4.0">142</edge-label>
<edge-label id="0.17">703</edge-label>
<edge-label id="0.18">363</edge-label>
<edge-label id="0.19+4.0">322</edge-label>
<edge-label id="0.20">1088</edge-label>
<edge-label id="0.22">1088</edge-label>
<edge-label id="0.23">1088</edge-label>
<edge-label id="0.3">363</edge-label>
<edge-label id="0.4">417</edge-label>
<edge-label id="0.8">146</edge-label>
<edge-label id="1.0+3.0">13</edge-label>
<edge-label id="1.1+5.0">28</edge-label>
<edge-label id="1.10">169</edge-label>
<edge-label id="1.11">169</edge-label>
<edge-label id="1.13">827</edge-label>
<edge-label id="1.2">93</edge-label>
<edge-label id="1.21">68</edge-label>
<edge-label id="1.22+3.0">68</edge-label>
<edge-label id="1.23+5.0">402</edge-label>
<edge-label id="1.24">674</edge-label>
<edge-label id="1.25">300</edge-label>
<edge-label id="1.26">974</edge-label>
<edge-label id="1.28">436</edge-label>
<edge-label id="1.4">368</edge-label>
<edge-label id="1.5">1081</edge-label>
<edge-label id="1.6">85</edge-label>
<edge-label id="1.7+3.0">85</edge-label>
<edge-label id="1.8+5.0">226</edge-label>
<edge-label id="1.9">432</edge-label>
<edge-label id="2.0+4.0">134</edge-label>
<edge-label id="2.1">383</edge-label>
<edge-label id="2.18">390</edge-label>
<edge-label id="2.19+4.0">283</edge-label>
<edge-label id="2.20">412</edge-label>
<edge-label id="2.22">412</edge-label>
<edge-label id="2.24">412</edge-label>
<edge-label id="2.3">390</edge-label>
<edge-label id="2.4">861</edge-label>
<edge-label id="2.5">861</edge-label>
<edge-label id="2.6+4.0">801</edge-label>
<edge-label id="2.7">1346</edge-label>
<edge-label id="3.1+0.2">780</edge-label>
<edge-label id="4.1+1.3">1926</edge-label>
<edge-label id="5.1+2.2">1251</edge-label>
<state-labels procid="0">
<label id="[0]">7905</label>
<label id="[1]">1088</label>
</state-labels><state-labels procid="1">
<label id="[0,0,0,255,0,255,0,0]">51</label>
<label id="[0,0,0,255,0,255,1,0]">276</label>
<label id="[1,0,0,255,0,255,1,0]">276</label>
<label id="[1,0,0,255,0,255,1,11]">271</label>
<label id="[1,0,1,255,0,255,1,1]">703</label>
<label id="[1,0,1,255,1,0,1,101]">1088</label>
<label id="[10,0,1,255,0,255,0,1]">146</label>
<label id="[10,0,1,255,0,255,1,1]">703</label>
<label id="[11,0,1,255,1,0,1,101]">1088</label>
<label id="[2,0,0,255,0,255,1,11]">271</label>
<label id="[2,0,0,255,0,255,1,1]">146</label>
<label id="[2,0,1,255,0,255,1,101]">363</label>
<label id="[3,0,1,255,0,255,1,101]">363</label>
<label id="[4,0,1,255,0,255,0,101]">363</label>
<label id="[4,0,1,255,0,255,1,101]">1088</label>
<label id="[5,0,1,255,0,255,1,101]">1088</label>
<label id="[6,0,0,255,0,255,1,11]">271</label>
<label id="[6,0,0,255,0,255,1,1]">146</label>
<label id="[8,0,1,255,0,255,1,1]">146</label>
<label id="[9,0,1,255,0,255,1,1]">146</label>
</state-labels><state-labels procid="2">
<label id="[0,1,0,255,0,255,0,0]">13</label>
<label id="[0,1,0,255,0,255,1,0]">28</label>
<label id="[0,1,0,255,0,255,2,0]">93</label>
<label id="[1,0,0,0,0,255,2,0]">432</label>
<label id="[1,0,0,0,0,255,2,12]">88</label>
<label id="[1,0,0,0,0,255,2,22]">162</label>
<label id="[1,0,0,0,1,0,2,100]">577</label>
<label id="[1,0,0,0,1,0,2,12]">178</label>
<label id="[1,0,0,0,1,0,2,22]">215</label>
<label id="[1,0,0,0,2,0,2,100]">196</label>
<label id="[1,0,0,0,2,0,2,12]">56</label>
<label id="[1,0,0,0,2,0,2,22]">76</label>
<label id="[1,0,1,0,0,255,2,2]">24</label>
<label id="[1,0,1,0,1,0,2,100]">97</label>
<label id="[1,0,1,0,1,0,2,2]">97</label>
<label id="[1,0,1,0,2,0,2,100]">36</label>
<label id="[1,0,1,0,2,0,2,102]">36</label>
<label id="[1,0,1,0,2,0,2,2]">36</label>
<label id="[1,0,1,0,3,0,2,100]">16</label>
<label id="[1,0,1,0,3,0,2,102]">16</label>
<label id="[1,1,0,255,0,255,2,0]">93</label>
<label id="[1,1,0,255,0,255,2,22]">52</label>
<label id="[1,1,1,255,0,255,2,12]">12</label>
<label id="[12,0,0,0,2,0,2,100]">196</label>
<label id="[12,0,0,0,2,0,2,12]">56</label>
<label id="[12,0,0,0,2,0,2,22]">76</label>
<label id="[12,0,1,0,2,0,2,100]">36</label>
<label id="[12,0,1,0,2,0,2,102]">36</label>
<label id="[12,0,1,0,2,0,2,2]">36</label>
<label id="[2,0,0,0,0,255,2,100]">64</label>
<label id="[2,0,0,0,0,255,2,12]">88</label>
<label id="[2,0,0,0,0,255,2,22]">162</label>
<label id="[2,0,0,0,0,255,2,2]">24</label>
<label id="[2,0,0,0,1,0,2,100]">196</label>
<label id="[2,0,0,0,1,0,2,12]">178</label>
<label id="[2,0,0,0,1,0,2,22]">215</label>
<label id="[2,0,0,0,1,0,2,2]">97</label>
<label id="[2,0,0,0,2,0,2,12]">56</label>
<label id="[2,0,0,0,2,0,2,22]">76</label>
<label id="[2,0,0,0,2,0,2,2]">36</label>
<label id="[2,0,1,0,0,255,2,100]">4</label>
<label id="[2,0,1,0,1,0,2,100]">36</label>
<label id="[2,0,1,0,1,0,2,102]">36</label>
<label id="[2,0,1,0,2,0,2,100]">16</label>
<label id="[2,0,1,0,2,0,2,102]">16</label>
<label id="[2,1,0,255,0,255,2,0]">75</label>
<label id="[2,1,0,255,0,255,2,12]">12</label>
<label id="[2,1,0,255,0,255,2,22]">52</label>
<label id="[2,1,1,255,0,255,2,0]">10</label>
<label id="[3,0,0,0,0,255,2,100]">64</label>
<label id="[3,0,0,0,1,0,2,100]">196</label>
<label id="[3,0,1,0,0,255,2,100]">4</label>
<label id="[3,0,1,0,1,0,2,100]">36</label>
<label id="[3,0,1,0,1,0,2,102]">36</label>
<label id="[3,0,1,0,2,0,2,100]">16</label>
<label id="[3,0,1,0,2,0,2,102]">16</label>
<label id="[4,0,0,0,0,255,0,100]">64</label>
<label id="[4,0,0,0,0,255,1,100]">384</label>
<label id="[4,0,0,0,0,255,2,100]">577</label>
<label id="[4,0,1,0,0,255,0,100]">4</label>
<label id="[4,0,1,0,0,255,1,100]">18</label>
<label id="[4,0,1,0,0,255,2,100]">97</label>
<label id="[5,0,0,0,0,255,2,100]">577</label>
<label id="[5,0,0,0,1,0,2,100]">196</label>
<label id="[5,0,1,0,0,255,2,100]">97</label>
<label id="[5,0,1,0,1,0,2,100]">36</label>
<label id="[5,0,1,0,1,0,2,102]">36</label>
<label id="[5,0,1,0,2,0,2,100]">16</label>
<label id="[5,0,1,0,2,0,2,102]">16</label>
<label id="[6,0,0,0,0,255,2,12]">88</label>
<label id="[6,0,0,0,0,255,2,22]">162</label>
<label id="[6,0,0,0,0,255,2,2]">24</label>
<label id="[6,0,0,0,1,0,2,12]">178</label>
<label id="[6,0,0,0,1,0,2,22]">215</label>
<label id="[6,0,0,0,1,0,2,2]">97</label>
<label id="[6,0,0,0,2,0,2,12]">56</label>
<label id="[6,0,0,0,2,0,2,22]">76</label>
<label id="[6,0,0,0,2,0,2,2]">36</label>
<label id="[6,1,0,255,0,255,2,0]">75</label>
<label id="[6,1,0,255,0,255,2,12]">12</label>
<label id="[6,1,0,255,0,255,2,22]">52</label>
<label id="[6,1,1,255,0,255,2,0]">10</label>
<label id="[7,0,0,0,0,255,0,0]">85</label>
<label id="[7,0,0,0,0,255,1,0]">226</label>
<label id="[7,0,0,0,0,255,2,0]">432</label>
<label id="[8,0,1,0,0,255,2,2]">24</label>
<label id="[8,0,1,0,1,0,2,2]">97</label>
<label id="[8,0,1,0,2,0,2,2]">36</label>
<label id="[8,1,1,255,0,255,2,12]">12</label>
</state-labels><state-labels procid="3">
<label id="[0,2,0,255,0,255,0,0]">134</label>
<label id="[0,2,0,255,0,255,1,0]">383</label>
<label id="[1,0,0,1,0,255,1,1]">676</label>
<label id="[1,0,0,1,1,0,1,101]">412</label>
<label id="[1,1,0,1,0,255,1,11]">670</label>
<label id="[1,2,0,255,0,255,1,0]">383</label>
<label id="[12,0,0,1,1,0,1,101]">412</label>
<label id="[2,0,0,1,0,255,1,101]">390</label>
<label id="[2,1,0,1,0,255,1,1]">494</label>
<label id="[2,2,0,255,0,255,1,11]">367</label>
<label id="[3,0,0,1,0,255,1,101]">390</label>
<label id="[4,0,0,1,0,255,0,101]">390</label>
<label id="[4,0,0,1,0,255,1,101]">412</label>
<label id="[5,0,0,1,0,255,1,101]">412</label>
<label id="[6,1,0,1,0,255,1,1]">494</label>
<label id="[6,2,0,255,0,255,1,11]">367</label>
<label id="[7,0,0,1,0,255,0,1]">494</label>
<label id="[7,0,0,1,0,255,1,1]">676</label>
<label id="[7,1,0,1,0,255,0,11]">367</label>
<label id="[7,1,0,1,0,255,1,11]">670</label>
</state-labels><state-labels procid="4">
<label id="[0,{0|0|0},0]">7239</label>
<label id="[0,{101|0|0},1]">726</label>
<label id="[0,{11|0|0},1]">298</label>
<label id="[0,{11|1|0},2]">292</label>
<label id="[0,{1|0|0},1]">438</label>
</state-labels><state-labels procid="5">
<label id="[0,{0|0|0},0]">2268</label>
<label id="[0,{0|0|0},1]">132</label>
<label id="[0,{0|12|0},2]">30</label>
<label id="[0,{0|22|0},2]">64</label>
<label id="[0,{0|22|12},3]">20</label>
<label id="[0,{100|0|0},1]">660</label>
<label id="[0,{100|102|0},2]">112</label>
<label id="[0,{100|12|0},2]">194</label>
<label id="[0,{100|12|2},3]">148</label>
<label id="[0,{100|22|0},2]">110</label>
<label id="[0,{100|22|12},3]">104</label>
<label id="[0,{100|2|0},2]">148</label>
<label id="[0,{100|2|102},3]">96</label>
<label id="[0,{102|0|0},1]">300</label>
<label id="[0,{102|100|0},2]">112</label>
<label id="[0,{12|0|0},1]">691</label>
<label id="[0,{12|0|0},2]">30</label>
<label id="[0,{12|100|0},2]">194</label>
<label id="[0,{12|100|2},3]">148</label>
<label id="[0,{12|2|0},2]">452</label>
<label id="[0,{12|2|100},3]">148</label>
<label id="[0,{12|2|102},3]">264</label>
<label id="[0,{22|0|0},1]">469</label>
<label id="[0,{22|0|0},2]">64</label>
<label id="[0,{22|0|12},3]">20</label>
<label id="[0,{22|100|0},2]">110</label>
<label id="[0,{22|100|12},3]">104</label>
<label id="[0,{22|12|0},2]">384</label>
<label id="[0,{22|12|0},3]">20</label>
<label id="[0,{22|12|100},3]">104</label>
<label id="[0,{22|12|2},3]">237</label>
<label id="[0,{2|0|0},1]">452</label>
<label id="[0,{2|100|0},2]">148</label>
<label id="[0,{2|100|102},3]">96</label>
<label id="[0,{2|102|0},2]">264</label>
<label id="[0,{2|102|100},3]">96</label>
</state-labels><state-labels procid="6">
<label id="[0,{0|0|0},0]">4728</label>
<label id="[0,{101|0|0},1]">1605</label>
<label id="[0,{11|0|0},1]">231</label>
<label id="[0,{11|1|0},2]">283</label>
<label id="[0,{11|1|101},3]">345</label>
<label id="[0,{1|0|0},1]">804</label>
<label id="[0,{1|101|0},2]">997</label>
</state-labels></label-info>
</state-space-info>
