<?xml version="1.0"?>

<!DOCTYPE instance-list SYSTEM "../instance_list.dtd">

<instance-list>
<instance name="blocks" id="2">
<reach-time complete="yes">0.5</reach-time>
<states>7057</states>
<state-size>15</state-size>
<prediction>0</prediction>
<reach-goal prop-id="1" answer="no" length="0"/>
</instance>

<instance name="blocks" id="3">
<reach-time complete="yes">14.0</reach-time>
<states>695418</states>
<state-size>19</state-size>
<prediction>0</prediction>
<reach-goal prop-id="1" answer="yes" length="22"/>
</instance>

<instance name="blocks" id="4">
<reach-time complete="no">745.5</reach-time>
<states>23598882</states>
<state-size>23</state-size>
<prediction>0</prediction>
<reach-goal prop-id="1" answer="unknown" length="0"/>
</instance>

</instance-list>
