<?xml version="1.0"?>
<!DOCTYPE state-space-info SYSTEM "../../state_space_info.dtd">


<state-space-info>
<states>46756</states>
<edges>190843</edges>
<bfs-info>
 <levels>53</levels>
<max-level>4250</max-level>

<back-level-edges>117965</back-level-edges>
<max-back-level-edge>23</max-back-level-edge>
<avg-back-level-edge>1.64066</avg-back-level-edge>
<bfs-levels>
<level id="0"><states>1</states><edges>12</edges></level>
<level id="1"><states>12</states><edges>12</edges></level>
<level id="2"><states>11</states><edges>44</edges></level>
<level id="3"><states>20</states><edges>24</edges></level>
<level id="4"><states>23</states><edges>64</edges></level>
<level id="5"><states>20</states><edges>28</edges></level>
<level id="6"><states>16</states><edges>64</edges></level>
<level id="7"><states>44</states><edges>168</edges></level>
<level id="8"><states>104</states><edges>224</edges></level>
<level id="9"><states>80</states><edges>312</edges></level>
<level id="10"><states>142</states><edges>166</edges></level>
<level id="11"><states>124</states><edges>168</edges></level>
<level id="12"><states>96</states><edges>108</edges></level>
<level id="13"><states>72</states><edges>84</edges></level>
<level id="14"><states>78</states><edges>82</edges></level>
<level id="15"><states>76</states><edges>80</edges></level>
<level id="16"><states>80</states><edges>80</edges></level>
<level id="17"><states>80</states><edges>740</edges></level>
<level id="18"><states>632</states><edges>632</edges></level>
<level id="19"><states>518</states><edges>2784</edges></level>
<level id="20"><states>1302</states><edges>1362</edges></level>
<level id="21"><states>1156</states><edges>4796</edges></level>
<level id="22"><states>1102</states><edges>1354</edges></level>
<level id="23"><states>938</states><edges>3160</edges></level>
<level id="24"><states>1178</states><edges>3650</edges></level>
<level id="25"><states>2200</states><edges>5606</edges></level>
<level id="26"><states>1994</states><edges>10228</edges></level>
<level id="27"><states>4114</states><edges>10472</edges></level>
<level id="28"><states>3702</states><edges>20242</edges></level>
<level id="29"><states>4250</states><edges>16656</edges></level>
<level id="30"><states>4027</states><edges>21489</edges></level>
<level id="31"><states>3927</states><edges>18032</edges></level>
<level id="32"><states>3665</states><edges>19406</edges></level>
<level id="33"><states>3265</states><edges>16285</edges></level>
<level id="34"><states>2158</states><edges>13580</edges></level>
<level id="35"><states>1154</states><edges>6938</edges></level>
<level id="36"><states>756</states><edges>3054</edges></level>
<level id="37"><states>367</states><edges>1928</edges></level>
<level id="38"><states>170</states><edges>607</edges></level>
<level id="39"><states>175</states><edges>638</edges></level>
<level id="40"><states>345</states><edges>730</edges></level>
<level id="41"><states>268</states><edges>964</edges></level>
<level id="42"><states>454</states><edges>834</edges></level>
<level id="43"><states>632</states><edges>764</edges></level>
<level id="44"><states>374</states><edges>916</edges></level>
<level id="45"><states>450</states><edges>490</edges></level>
<level id="46"><states>174</states><edges>304</edges></level>
<level id="47"><states>92</states><edges>112</edges></level>
<level id="48"><states>50</states><edges>98</edges></level>
<level id="49"><states>40</states><edges>68</edges></level>
<level id="50"><states>32</states><edges>152</edges></level>
<level id="51"><states>12</states><edges>24</edges></level>
<level id="52"><states>4</states><edges>28</edges></level>
</bfs-levels>
<back-level-length id="0">0</back-level-length>
<back-level-length id="1">74.784</back-level-length>
<back-level-length id="2">0.12207</back-level-length>
<back-level-length id="3">23.5341</back-level-length>
<back-level-length id="4">0</back-level-length>
<back-level-length id="5">0.115288</back-level-length>
<back-level-length id="6">0.498453</back-level-length>
<back-level-length id="7">0.183105</back-level-length>
<back-level-length id="8">0.0305175</back-level-length>
<back-level-length id="9">0.0712076</back-level-length>
<back-level-length id="10">0</back-level-length>
<back-level-length id="11">0.0135633</back-level-length>
<back-level-length id="12">0</back-level-length>
<back-level-length id="13">0</back-level-length>
<back-level-length id="14">0.0779892</back-level-length>
<back-level-length id="15">0</back-level-length>
<back-level-length id="16">0.0915526</back-level-length>
<back-level-length id="17">0</back-level-length>
<back-level-length id="18">0.0678167</back-level-length>
<back-level-length id="19">0.0508625</back-level-length>
<back-level-length id="20">0.0237359</back-level-length>
<back-level-length id="21">0.101725</back-level-length>
<back-level-length id="22">0.183105</back-level-length>
<back-level-length id="23">0.0508625</back-level-length>
</bfs-info>
<degrees>
<avg>4.08168</avg>
<max-in>18</max-in>
<max-out>13</max-out>
<degree id="0"><in>1</in><out>968</out></degree>
<degree id="1"><in>16550</in><out>23530</out></degree>
<degree id="2"><in>6380</in><out>6288</out></degree>
<degree id="3"><in>2763</in><out>864</out></degree>
<degree id="4"><in>3804</in><out>0</out></degree>
<degree id="5"><in>5722</in><out>0</out></degree>
<degree id="6"><in>2480</in><out>892</out></degree>
<degree id="7"><in>2744</in><out>4826</out></degree>
<degree id="8"><in>1620</in><out>1552</out></degree>
<degree id="9"><in>792</in><out>0</out></degree>
<degree id="10"><in>210</in><out>0</out></degree>
<degree id="11"><in>192</in><out>0</out></degree>
<degree id="12"><in>36</in><out>1273</out></degree>
<degree id="13"><in>666</in><out>6563</out></degree>
<degree id="14"><in>1176</in><out>0</out></degree>
<degree id="15"><in>828</in><out>0</out></degree>
<degree id="16"><in>456</in><out>0</out></degree>
<degree id="17"><in>288</in><out>0</out></degree>
<degree id="18"><in>48</in><out>0</out></degree>
</degrees>
<scc-info>
<count>17590</count>
<height>34</height>
<nontrivial-height>21</nontrivial-height>
<trivial>16832</trivial>
<terminal>1000</terminal>
<largest>20549</largest>
<largest-position> </largest-position>
</scc-info>
<dfs-info>
<stack-size id="233">0.256652</stack-size>
<stack-size id="466">0.476944</stack-size>
<stack-size id="699">0.519719</stack-size>
<stack-size id="932">0.395671</stack-size>
<stack-size id="1165">0.455557</stack-size>
<stack-size id="1398">0.628796</stack-size>
<stack-size id="1631">0.808452</stack-size>
<stack-size id="1864">0.831979</stack-size>
<stack-size id="2097">0.725041</stack-size>
<stack-size id="2330">0.799897</stack-size>
<stack-size id="2563">0.799897</stack-size>
<stack-size id="2796">0.754983</stack-size>
<stack-size id="3029">0.821285</stack-size>
<stack-size id="3262">0.840534</stack-size>
<stack-size id="3495">0.776371</stack-size>
<stack-size id="3728">0.74429</stack-size>
<stack-size id="3961">1.03302</stack-size>
<stack-size id="4194">1.14852</stack-size>
<stack-size id="4427">1.10146</stack-size>
<stack-size id="4660">1.02661</stack-size>
<stack-size id="4893">1.14852</stack-size>
<stack-size id="5126">1.38806</stack-size>
<stack-size id="5359">1.36239</stack-size>
<stack-size id="5592">1.47789</stack-size>
<stack-size id="5825">1.41158</stack-size>
<stack-size id="6058">1.41372</stack-size>
<stack-size id="6291">1.66182</stack-size>
<stack-size id="6524">1.8265</stack-size>
<stack-size id="6757">1.74951</stack-size>
<stack-size id="6990">1.64899</stack-size>
<stack-size id="7223">1.80725</stack-size>
<stack-size id="7456">2.05321</stack-size>
<stack-size id="7689">2.05535</stack-size>
<stack-size id="7922">2.21576</stack-size>
<stack-size id="8155">2.09599</stack-size>
<stack-size id="8388">2.04893</stack-size>
<stack-size id="8621">2.13235</stack-size>
<stack-size id="8854">2.43391</stack-size>
<stack-size id="9087">2.55796</stack-size>
<stack-size id="9320">2.51091</stack-size>
<stack-size id="9553">2.44461</stack-size>
<stack-size id="9786">2.55154</stack-size>
<stack-size id="10019">2.77184</stack-size>
<stack-size id="10252">2.86594</stack-size>
<stack-size id="10485">3.11404</stack-size>
<stack-size id="10718">3.38566</stack-size>
<stack-size id="10951">3.56532</stack-size>
<stack-size id="11184">3.74925</stack-size>
<stack-size id="11417">3.75139</stack-size>
<stack-size id="11650">3.78989</stack-size>
<stack-size id="11883">3.67439</stack-size>
<stack-size id="12116">3.81983</stack-size>
<stack-size id="12349">3.8455</stack-size>
<stack-size id="12582">3.74925</stack-size>
<stack-size id="12815">3.82411</stack-size>
<stack-size id="13048">4.02087</stack-size>
<stack-size id="13281">4.15134</stack-size>
<stack-size id="13514">4.28394</stack-size>
<stack-size id="13747">4.3203</stack-size>
<stack-size id="13980">4.17273</stack-size>
<stack-size id="14213">4.20267</stack-size>
<stack-size id="14446">4.28822</stack-size>
<stack-size id="14679">4.21336</stack-size>
<stack-size id="14912">4.48712</stack-size>
<stack-size id="15145">4.53418</stack-size>
<stack-size id="15378">4.66036</stack-size>
<stack-size id="15611">4.80152</stack-size>
<stack-size id="15844">5.00257</stack-size>
<stack-size id="16077">5.19292</stack-size>
<stack-size id="16310">5.33194</stack-size>
<stack-size id="16543">5.27633</stack-size>
<stack-size id="16776">5.29772</stack-size>
<stack-size id="17009">5.26563</stack-size>
<stack-size id="17242">5.25066</stack-size>
<stack-size id="17475">5.38327</stack-size>
<stack-size id="17708">5.47309</stack-size>
<stack-size id="17941">5.41107</stack-size>
<stack-size id="18174">5.2913</stack-size>
<stack-size id="18407">5.27847</stack-size>
<stack-size id="18640">5.35974</stack-size>
<stack-size id="18873">5.39824</stack-size>
<stack-size id="19106">5.29772</stack-size>
<stack-size id="19339">5.32338</stack-size>
<stack-size id="19572">5.38541</stack-size>
<stack-size id="19805">5.40893</stack-size>
<stack-size id="20038">5.29985</stack-size>
<stack-size id="20271">5.47523</stack-size>
<stack-size id="20504">5.51801</stack-size>
<stack-size id="20737">5.5394</stack-size>
<stack-size id="20970">5.60142</stack-size>
<stack-size id="21203">5.58431</stack-size>
<stack-size id="21436">5.62281</stack-size>
<stack-size id="21669">5.59928</stack-size>
<stack-size id="21902">5.55864</stack-size>
<stack-size id="22135">5.52656</stack-size>
<stack-size id="22368">5.53298</stack-size>
<stack-size id="22601">5.64633</stack-size>
<stack-size id="22834">5.60784</stack-size>
<stack-size id="23067">5.5394</stack-size>
<stack-size id="23300">5.50945</stack-size>
<stack-size id="23533">5.47951</stack-size>
<stack-size id="23766">5.52015</stack-size>
<stack-size id="23999">5.53512</stack-size>
<stack-size id="24232">5.40465</stack-size>
<stack-size id="24465">5.32552</stack-size>
<stack-size id="24698">4.91915</stack-size>
<stack-size id="24931">4.7673</stack-size>
<stack-size id="25164">4.74378</stack-size>
<stack-size id="25397">4.76944</stack-size>
<stack-size id="25630">4.79725</stack-size>
<stack-size id="25863">4.78655</stack-size>
<stack-size id="26096">4.77372</stack-size>
<stack-size id="26329">4.82505</stack-size>
<stack-size id="26562">4.76944</stack-size>
<stack-size id="26795">4.71597</stack-size>
<stack-size id="27028">4.701</stack-size>
<stack-size id="27261">4.6069</stack-size>
<stack-size id="27494">4.60903</stack-size>
<stack-size id="27727">4.79511</stack-size>
<stack-size id="27960">4.81008</stack-size>
<stack-size id="28193">4.79938</stack-size>
<stack-size id="28426">4.86355</stack-size>
<stack-size id="28659">4.86782</stack-size>
<stack-size id="28892">4.7288</stack-size>
<stack-size id="29125">4.6625</stack-size>
<stack-size id="29358">4.5962</stack-size>
<stack-size id="29591">4.2818</stack-size>
<stack-size id="29824">4.05723</stack-size>
<stack-size id="30057">3.77278</stack-size>
<stack-size id="30290">3.63804</stack-size>
<stack-size id="30523">3.41774</stack-size>
<stack-size id="30756">3.25306</stack-size>
<stack-size id="30989">3.04132</stack-size>
<stack-size id="31222">2.9686</stack-size>
<stack-size id="31455">2.94935</stack-size>
<stack-size id="31688">2.90872</stack-size>
<stack-size id="31921">2.75687</stack-size>
<stack-size id="32154">2.85739</stack-size>
<stack-size id="32387">2.93011</stack-size>
<stack-size id="32620">2.85097</stack-size>
<stack-size id="32853">2.84028</stack-size>
<stack-size id="33086">2.6927</stack-size>
<stack-size id="33319">2.7034</stack-size>
<stack-size id="33552">2.67773</stack-size>
<stack-size id="33785">2.70767</stack-size>
<stack-size id="34018">2.68843</stack-size>
<stack-size id="34251">2.62426</stack-size>
<stack-size id="34484">2.5216</stack-size>
<stack-size id="34717">2.31842</stack-size>
<stack-size id="34950">2.1024</stack-size>
<stack-size id="35183">1.89494</stack-size>
<stack-size id="35416">1.80084</stack-size>
<stack-size id="35649">1.75165</stack-size>
<stack-size id="35882">1.72812</stack-size>
<stack-size id="36115">1.86286</stack-size>
<stack-size id="36348">1.942</stack-size>
<stack-size id="36581">1.77517</stack-size>
<stack-size id="36814">1.76448</stack-size>
<stack-size id="37047">1.75592</stack-size>
<stack-size id="37280">1.85858</stack-size>
<stack-size id="37513">1.93344</stack-size>
<stack-size id="37746">1.74951</stack-size>
<stack-size id="37979">1.73668</stack-size>
<stack-size id="38212">1.42655</stack-size>
<stack-size id="38445">1.23834</stack-size>
<stack-size id="38678">1.1421</stack-size>
<stack-size id="38911">1.13141</stack-size>
<stack-size id="39144">1.10788</stack-size>
<stack-size id="39377">1.2362</stack-size>
<stack-size id="39610">1.24476</stack-size>
<stack-size id="39843">1.19771</stack-size>
<stack-size id="40076">1.1143</stack-size>
<stack-size id="40309">1.10788</stack-size>
<stack-size id="40542">1.26829</stack-size>
<stack-size id="40775">1.22979</stack-size>
<stack-size id="41008">1.14852</stack-size>
<stack-size id="41241">0.988108</stack-size>
<stack-size id="41474">0.660878</stack-size>
<stack-size id="41707">0.615964</stack-size>
<stack-size id="41940">0.549662</stack-size>
<stack-size id="42173">0.451279</stack-size>
<stack-size id="42406">0.147575</stack-size>
<stack-size id="42639">0.166824</stack-size>
<stack-size id="42872">0.265207</stack-size>
<stack-size id="43105">0.384977</stack-size>
<stack-size id="43338">0.46625</stack-size>
<stack-size id="43571">0.536829</stack-size>
<stack-size id="43804">0.457695</stack-size>
<stack-size id="44037">0.316537</stack-size>
<stack-size id="44270">0.179656</stack-size>
<stack-size id="44503">0.00855505</stack-size>
<stack-size id="44736">0.119771</stack-size>
<stack-size id="44969">0.181795</stack-size>
<stack-size id="45202">0.230986</stack-size>
<stack-size id="45435">0.237403</stack-size>
<stack-size id="45668">0.188211</stack-size>
<stack-size id="45901">0.192489</stack-size>
<stack-size id="46134">0.13902</stack-size>
<stack-size id="46367">0.0962443</stack-size>
<stack-size id="46600">0.0834118</stack-size>
<max-stack>2658</max-stack>
<front-edges>46755</front-edges>
<back-edges>21094</back-edges>
<cross-edges>122994</cross-edges>
<shortest-cycle>2</shortest-cycle>
</dfs-info>
<rw-info>
<coverage step="4660">1.92703</coverage>
<coverage step="9320">3.13329</coverage>
<coverage step="13980">4.39088</coverage>
<coverage step="18640">5.56934</coverage>
<coverage step="23300">6.78629</coverage>
<coverage step="27960">7.76585</coverage>
<coverage step="32620">8.50158</coverage>
<coverage step="37280">9.29292</coverage>
<coverage step="41940">9.97091</coverage>
<coverage step="46600">10.2639</coverage>
<coverage step="51260">11.2306</coverage>
<coverage step="55920">11.9343</coverage>
<coverage step="60580">12.3514</coverage>
<coverage step="65240">12.5139</coverage>
<coverage step="69900">12.9053</coverage>
<coverage step="74560">13.2667</coverage>
<coverage step="79220">13.7031</coverage>
<coverage step="83880">14.041</coverage>
<coverage step="88540">14.4923</coverage>
<coverage step="93200">14.8665</coverage>
<coverage step="97860">15.1895</coverage>
<coverage step="102520">15.3649</coverage>
<coverage step="107180">15.583</coverage>
<coverage step="111840">15.7841</coverage>
<coverage step="116500">15.9081</coverage>
<coverage step="121160">16.0429</coverage>
<coverage step="125820">16.3765</coverage>
<coverage step="130480">16.7166</coverage>
<coverage step="135140">16.9411</coverage>
<coverage step="139800">17.1465</coverage>
<coverage step="144460">17.4822</coverage>
<coverage step="149120">17.6983</coverage>
<coverage step="153780">17.771</coverage>
<coverage step="158440">17.8886</coverage>
<coverage step="163100">18.2009</coverage>
<coverage step="167760">18.3506</coverage>
<coverage step="172420">18.4404</coverage>
<coverage step="177080">18.5302</coverage>
<coverage step="181740">18.6906</coverage>
<coverage step="186400">18.9601</coverage>
<coverage step="191060">18.9815</coverage>
<coverage step="195720">19.1098</coverage>
<coverage step="200380">19.2852</coverage>
<coverage step="205040">19.467</coverage>
<coverage step="209700">19.6296</coverage>
<coverage step="214360">19.79</coverage>
<coverage step="219020">19.8755</coverage>
<coverage step="223680">20.1108</coverage>
<coverage step="228340">20.2605</coverage>
<coverage step="233000">20.3845</coverage>
<coverage step="237660">20.4829</coverage>
<coverage step="242320">20.5364</coverage>
<coverage step="246980">20.6348</coverage>
<coverage step="251640">20.8059</coverage>
<coverage step="256300">20.9855</coverage>
<coverage step="260960">21.0882</coverage>
<coverage step="265620">21.2144</coverage>
<coverage step="270280">21.3256</coverage>
<coverage step="274940">21.3662</coverage>
<coverage step="279600">21.4753</coverage>
<coverage step="284260">21.5502</coverage>
<coverage step="288920">21.6208</coverage>
<coverage step="293580">21.7405</coverage>
<coverage step="298240">21.7812</coverage>
<coverage step="302900">21.8432</coverage>
<coverage step="307560">21.9587</coverage>
<coverage step="312220">22.0057</coverage>
<coverage step="316880">22.0763</coverage>
<coverage step="321540">22.1469</coverage>
<coverage step="326200">22.2517</coverage>
<coverage step="330860">22.3544</coverage>
<coverage step="335520">22.4228</coverage>
<coverage step="340180">22.6987</coverage>
<coverage step="344840">22.7607</coverage>
<coverage step="349500">22.8826</coverage>
<coverage step="354160">23.0024</coverage>
<coverage step="358820">23.0773</coverage>
<coverage step="363480">23.2612</coverage>
<coverage step="368140">23.3574</coverage>
<coverage step="372800">23.4601</coverage>
<coverage step="377460">23.6569</coverage>
<coverage step="382120">23.7895</coverage>
<coverage step="386780">23.9178</coverage>
<coverage step="391440">23.9884</coverage>
<coverage step="396100">24.029</coverage>
<coverage step="400760">24.1231</coverage>
<coverage step="405420">24.1424</coverage>
<coverage step="410080">24.2001</coverage>
<coverage step="414740">24.2921</coverage>
<coverage step="419400">24.3156</coverage>
<coverage step="424060">24.3969</coverage>
<coverage step="428720">24.461</coverage>
<coverage step="433380">24.5594</coverage>
<coverage step="438040">24.6236</coverage>
<coverage step="442700">24.6621</coverage>
<coverage step="447360">24.722</coverage>
<coverage step="452020">24.7647</coverage>
<coverage step="456680">24.8524</coverage>
<coverage step="461340">24.9166</coverage>
<coverage step="466000">25.0214</coverage>
<rw-visits order="1">1371</rw-visits>
<rw-visits order="59">679</rw-visits>
<rw-visits order="117">634</rw-visits>
<rw-visits order="175">570</rw-visits>
<rw-visits order="233">495</rw-visits>
<rw-visits order="291">430</rw-visits>
<rw-visits order="349">372</rw-visits>
<rw-visits order="407">336</rw-visits>
<rw-visits order="465">321</rw-visits>
<rw-visits order="523">309</rw-visits>
<rw-visits order="581">296</rw-visits>
<rw-visits order="639">281</rw-visits>
<rw-visits order="697">265</rw-visits>
<rw-visits order="755">241</rw-visits>
<rw-visits order="813">210</rw-visits>
<rw-visits order="871">170</rw-visits>
<rw-visits order="929">150</rw-visits>
<rw-visits order="987">133</rw-visits>
<rw-visits order="1045">120</rw-visits>
<rw-visits order="1103">103</rw-visits>
<rw-visits order="1161">80</rw-visits>
<rw-visits order="1219">64</rw-visits>
<rw-visits order="1277">56</rw-visits>
<rw-visits order="1335">51</rw-visits>
<rw-visits order="1393">47</rw-visits>
<rw-visits order="1451">44</rw-visits>
<rw-visits order="1509">40</rw-visits>
<rw-visits order="1567">35</rw-visits>
<rw-visits order="1625">30</rw-visits>
<rw-visits order="1683">28</rw-visits>
<rw-visits order="1741">26</rw-visits>
<rw-visits order="1799">24</rw-visits>
<rw-visits order="1857">23</rw-visits>
<rw-visits order="1915">21</rw-visits>
<rw-visits order="1973">20</rw-visits>
<rw-visits order="2031">19</rw-visits>
<rw-visits order="2089">18</rw-visits>
<rw-visits order="2147">17</rw-visits>
<rw-visits order="2205">16</rw-visits>
<rw-visits order="2263">16</rw-visits>
<rw-visits order="2321">15</rw-visits>
<rw-visits order="2379">15</rw-visits>
<rw-visits order="2437">14</rw-visits>
<rw-visits order="2495">14</rw-visits>
<rw-visits order="2553">13</rw-visits>
<rw-visits order="2611">13</rw-visits>
<rw-visits order="2669">12</rw-visits>
<rw-visits order="2727">12</rw-visits>
<rw-visits order="2785">11</rw-visits>
<rw-visits order="2843">11</rw-visits>
<rw-visits order="2901">11</rw-visits>
<rw-visits order="2959">10</rw-visits>
<rw-visits order="3017">10</rw-visits>
<rw-visits order="3075">10</rw-visits>
<rw-visits order="3133">10</rw-visits>
<rw-visits order="3191">10</rw-visits>
<rw-visits order="3249">9</rw-visits>
<rw-visits order="3307">9</rw-visits>
<rw-visits order="3365">9</rw-visits>
<rw-visits order="3423">9</rw-visits>
<rw-visits order="3481">9</rw-visits>
<rw-visits order="3539">8</rw-visits>
<rw-visits order="3597">8</rw-visits>
<rw-visits order="3655">8</rw-visits>
<rw-visits order="3713">8</rw-visits>
<rw-visits order="3771">8</rw-visits>
<rw-visits order="3829">8</rw-visits>
<rw-visits order="3887">8</rw-visits>
<rw-visits order="3945">8</rw-visits>
<rw-visits order="4003">7</rw-visits>
<rw-visits order="4061">7</rw-visits>
<rw-visits order="4119">7</rw-visits>
<rw-visits order="4177">7</rw-visits>
<rw-visits order="4235">7</rw-visits>
<rw-visits order="4293">7</rw-visits>
<rw-visits order="4351">7</rw-visits>
<rw-visits order="4409">6</rw-visits>
<rw-visits order="4467">6</rw-visits>
<rw-visits order="4525">6</rw-visits>
<rw-visits order="4583">6</rw-visits>
<rw-visits order="4641">6</rw-visits>
<rw-visits order="4699">6</rw-visits>
<rw-visits order="4757">6</rw-visits>
<rw-visits order="4815">6</rw-visits>
<rw-visits order="4873">5</rw-visits>
<rw-visits order="4931">5</rw-visits>
<rw-visits order="4989">5</rw-visits>
<rw-visits order="5047">5</rw-visits>
<rw-visits order="5105">5</rw-visits>
<rw-visits order="5163">5</rw-visits>
<rw-visits order="5221">5</rw-visits>
<rw-visits order="5279">5</rw-visits>
<rw-visits order="5337">5</rw-visits>
<rw-visits order="5395">5</rw-visits>
<rw-visits order="5453">4</rw-visits>
<rw-visits order="5511">4</rw-visits>
<rw-visits order="5569">4</rw-visits>
<rw-visits order="5627">4</rw-visits>
<rw-visits order="5685">4</rw-visits>
<rw-visits order="5743">4</rw-visits>
<rw-visits order="5801">4</rw-visits>
<rw-visits order="5859">4</rw-visits>
<rw-visits order="5917">4</rw-visits>
<rw-visits order="5975">4</rw-visits>
<rw-visits order="6033">4</rw-visits>
<rw-visits order="6091">4</rw-visits>
<rw-visits order="6149">3</rw-visits>
<rw-visits order="6207">3</rw-visits>
<rw-visits order="6265">3</rw-visits>
<rw-visits order="6323">3</rw-visits>
<rw-visits order="6381">3</rw-visits>
<rw-visits order="6439">3</rw-visits>
<rw-visits order="6497">3</rw-visits>
<rw-visits order="6555">3</rw-visits>
<rw-visits order="6613">3</rw-visits>
<rw-visits order="6671">3</rw-visits>
<rw-visits order="6729">3</rw-visits>
<rw-visits order="6787">3</rw-visits>
<rw-visits order="6845">3</rw-visits>
<rw-visits order="6903">3</rw-visits>
<rw-visits order="6961">3</rw-visits>
<rw-visits order="7019">3</rw-visits>
<rw-visits order="7077">3</rw-visits>
<rw-visits order="7135">2</rw-visits>
<rw-visits order="7193">2</rw-visits>
<rw-visits order="7251">2</rw-visits>
<rw-visits order="7309">2</rw-visits>
<rw-visits order="7367">2</rw-visits>
<rw-visits order="7425">2</rw-visits>
<rw-visits order="7483">2</rw-visits>
<rw-visits order="7541">2</rw-visits>
<rw-visits order="7599">2</rw-visits>
<rw-visits order="7657">2</rw-visits>
<rw-visits order="7715">2</rw-visits>
<rw-visits order="7773">2</rw-visits>
<rw-visits order="7831">2</rw-visits>
<rw-visits order="7889">2</rw-visits>
<rw-visits order="7947">2</rw-visits>
<rw-visits order="8005">2</rw-visits>
<rw-visits order="8063">2</rw-visits>
<rw-visits order="8121">2</rw-visits>
<rw-visits order="8179">2</rw-visits>
<rw-visits order="8237">2</rw-visits>
<rw-visits order="8295">2</rw-visits>
<rw-visits order="8353">2</rw-visits>
<rw-visits order="8411">2</rw-visits>
<rw-visits order="8469">2</rw-visits>
<rw-visits order="8527">2</rw-visits>
<rw-visits order="8585">1</rw-visits>
<rw-visits order="8643">1</rw-visits>
<rw-visits order="8701">1</rw-visits>
<rw-visits order="8759">1</rw-visits>
<rw-visits order="8817">1</rw-visits>
<rw-visits order="8875">1</rw-visits>
<rw-visits order="8933">1</rw-visits>
<rw-visits order="8991">1</rw-visits>
<rw-visits order="9049">1</rw-visits>
<rw-visits order="9107">1</rw-visits>
<rw-visits order="9165">1</rw-visits>
<rw-visits order="9223">1</rw-visits>
<rw-visits order="9281">1</rw-visits>
<rw-visits order="9339">1</rw-visits>
<rw-visits order="9397">1</rw-visits>
<rw-visits order="9455">1</rw-visits>
<rw-visits order="9513">1</rw-visits>
<rw-visits order="9571">1</rw-visits>
<rw-visits order="9629">1</rw-visits>
<rw-visits order="9687">1</rw-visits>
<rw-visits order="9745">1</rw-visits>
<rw-visits order="9803">1</rw-visits>
<rw-visits order="9861">1</rw-visits>
<rw-visits order="9919">1</rw-visits>
<rw-visits order="9977">1</rw-visits>
<rw-visits order="10035">1</rw-visits>
<rw-visits order="10093">1</rw-visits>
<rw-visits order="10151">1</rw-visits>
<rw-visits order="10209">1</rw-visits>
<rw-visits order="10267">1</rw-visits>
<rw-visits order="10325">1</rw-visits>
<rw-visits order="10383">1</rw-visits>
<rw-visits order="10441">1</rw-visits>
<rw-visits order="10499">1</rw-visits>
<rw-visits order="10557">1</rw-visits>
<rw-visits order="10615">1</rw-visits>
<rw-visits order="10673">1</rw-visits>
<rw-visits order="10731">1</rw-visits>
<rw-visits order="10789">1</rw-visits>
<rw-visits order="10847">1</rw-visits>
<rw-visits order="10905">1</rw-visits>
<rw-visits order="10963">1</rw-visits>
<rw-visits order="11021">1</rw-visits>
<rw-visits order="11079">1</rw-visits>
<rw-visits order="11137">1</rw-visits>
<rw-visits order="11195">1</rw-visits>
<rw-visits order="11253">1</rw-visits>
<rw-visits order="11311">1</rw-visits>
<rw-visits order="11369">1</rw-visits>
<rw-visits order="11427">1</rw-visits>
<rw-visits order="11485">1</rw-visits>
<rw-visits order="11543">1</rw-visits>
<rw-visits order="11601">1</rw-visits>
<rw-visits order="11659">1</rw-visits>
<final-coverage>25.0428</final-coverage>
</rw-info>
<local-info>
<diamonds>40.7477</diamonds>
<neighborhood k="4">47</neighborhood>
<clustering k="4">1.48132</clustering>
</local-info>
<label-info>
<edge-label id="0.0+1.17">8213</edge-label>
<edge-label id="0.0+1.26">2336</edge-label>
<edge-label id="0.0+1.7">770</edge-label>
<edge-label id="0.1+1.17">8213</edge-label>
<edge-label id="0.1+1.26">2336</edge-label>
<edge-label id="0.1+1.7">770</edge-label>
<edge-label id="0.2+1.17">8213</edge-label>
<edge-label id="0.2+1.26">2336</edge-label>
<edge-label id="0.2+1.7">770</edge-label>
<edge-label id="0.3+1.17">8213</edge-label>
<edge-label id="0.3+1.26">2336</edge-label>
<edge-label id="0.3+1.7">770</edge-label>
<edge-label id="0.5+1.15">8213</edge-label>
<edge-label id="0.5+1.24">2336</edge-label>
<edge-label id="0.5+1.3">770</edge-label>
<edge-label id="0.6+1.15">8213</edge-label>
<edge-label id="0.6+1.24">2336</edge-label>
<edge-label id="0.6+1.3">770</edge-label>
<edge-label id="1.1+4.9">12</edge-label>
<edge-label id="1.10+0.4">2008</edge-label>
<edge-label id="1.12+4.0">55</edge-label>
<edge-label id="1.12+4.9">8</edge-label>
<edge-label id="1.13">517</edge-label>
<edge-label id="1.14+4.0">53</edge-label>
<edge-label id="1.14+4.9">16</edge-label>
<edge-label id="1.16+0.7">2216</edge-label>
<edge-label id="1.18+4.0">412</edge-label>
<edge-label id="1.2">192</edge-label>
<edge-label id="1.21+4.0">720</edge-label>
<edge-label id="1.21+4.9">1176</edge-label>
<edge-label id="1.22+4.9">480</edge-label>
<edge-label id="1.23">1456</edge-label>
<edge-label id="1.25+0.7">968</edge-label>
<edge-label id="1.4+4.0">418</edge-label>
<edge-label id="1.6+0.7">22</edge-label>
<edge-label id="1.8+4.0">836</edge-label>
<edge-label id="2.0+3.17">7499</edge-label>
<edge-label id="2.0+3.26">3424</edge-label>
<edge-label id="2.0+3.7">700</edge-label>
<edge-label id="2.1+3.17">7499</edge-label>
<edge-label id="2.1+3.26">3424</edge-label>
<edge-label id="2.1+3.7">700</edge-label>
<edge-label id="2.2+3.17">7499</edge-label>
<edge-label id="2.2+3.26">3424</edge-label>
<edge-label id="2.2+3.7">700</edge-label>
<edge-label id="2.3+3.17">7499</edge-label>
<edge-label id="2.3+3.26">3424</edge-label>
<edge-label id="2.3+3.7">700</edge-label>
<edge-label id="2.5+3.15">7499</edge-label>
<edge-label id="2.5+3.24">3424</edge-label>
<edge-label id="2.5+3.3">700</edge-label>
<edge-label id="2.6+3.15">7499</edge-label>
<edge-label id="2.6+3.24">3424</edge-label>
<edge-label id="2.6+3.3">700</edge-label>
<edge-label id="3.1+4.10">12</edge-label>
<edge-label id="3.10+2.4">2776</edge-label>
<edge-label id="3.12+4.1">55</edge-label>
<edge-label id="3.12+4.10">8</edge-label>
<edge-label id="3.13">483</edge-label>
<edge-label id="3.14+4.1">53</edge-label>
<edge-label id="3.14+4.10">16</edge-label>
<edge-label id="3.16+2.7">1858</edge-label>
<edge-label id="3.18+4.1">412</edge-label>
<edge-label id="3.2">176</edge-label>
<edge-label id="3.21+4.1">720</edge-label>
<edge-label id="3.21+4.10">1176</edge-label>
<edge-label id="3.22+4.10">480</edge-label>
<edge-label id="3.23">1088</edge-label>
<edge-label id="3.25+2.7">1352</edge-label>
<edge-label id="3.4+4.1">418</edge-label>
<edge-label id="3.6+2.7">22</edge-label>
<edge-label id="3.8+4.1">836</edge-label>
<edge-label id="4.11">6960</edge-label>
<edge-label id="4.12+1.11">568</edge-label>
<edge-label id="4.12+1.5">76</edge-label>
<edge-label id="4.12+1.9">276</edge-label>
<edge-label id="4.13+3.11">568</edge-label>
<edge-label id="4.13+3.5">76</edge-label>
<edge-label id="4.13+3.9">276</edge-label>
<edge-label id="4.14">64</edge-label>
<edge-label id="4.2">7264</edge-label>
<edge-label id="4.3+1.0">55</edge-label>
<edge-label id="4.3+1.11">304</edge-label>
<edge-label id="4.3+1.20">3224</edge-label>
<edge-label id="4.4+3.0">55</edge-label>
<edge-label id="4.4+3.11">304</edge-label>
<edge-label id="4.4+3.20">3224</edge-label>
<edge-label id="4.5+1.11">416</edge-label>
<edge-label id="4.5+1.19">260</edge-label>
<edge-label id="4.6+3.11">416</edge-label>
<edge-label id="4.6+3.19">260</edge-label>
<edge-label id="4.7">2618</edge-label>
<edge-label id="4.8">2421</edge-label>
<state-labels procid="0">
<label id="[0,0,0,255,255]">1528</label>
<label id="[0,0,1,255,255]">1536</label>
<label id="[0,1,0,255,255]">1528</label>
<label id="[0,1,1,255,255]">1536</label>
<label id="[0,255,255,0,0]">2399</label>
<label id="[0,255,255,0,1]">2270</label>
<label id="[0,255,255,1,0]">2293</label>
<label id="[0,255,255,1,1]">2335</label>
<label id="[0,255,255,255,255]">1</label>
<label id="[1,0,0,255,255]">5442</label>
<label id="[1,0,1,255,255]">5442</label>
<label id="[1,1,0,255,255]">5442</label>
<label id="[1,1,1,255,255]">5442</label>
<label id="[1,255,255,0,2]">4781</label>
<label id="[1,255,255,1,2]">4781</label>
</state-labels><state-labels procid="1">
<label id="[0,-1]">30223</label>
<label id="[0,0]">539</label>
<label id="[1,-1]">4418</label>
<label id="[1,0]">476</label>
<label id="[2,-1]">9844</label>
<label id="[2,0]">1256</label>
</state-labels><state-labels procid="2">
<label id="[0,0,2,-1]">314</label>
<label id="[0,0,3,-1]">187</label>
<label id="[0,1,2,-1]">339</label>
<label id="[0,1,3,-1]">173</label>
<label id="[0,2,1,-1]">20</label>
<label id="[0,2,2,-1]">398</label>
<label id="[0,2,3,-1]">193</label>
<label id="[0,3,1,-1]">20</label>
<label id="[0,3,2,-1]">376</label>
<label id="[0,3,3,-1]">108</label>
<label id="[1,0,3,-1]">48</label>
<label id="[1,1,-1,-1]">39</label>
<label id="[1,1,3,-1]">48</label>
<label id="[1,2,-1,-1]">30</label>
<label id="[1,2,1,-1]">6</label>
<label id="[1,2,2,-1]">12</label>
<label id="[1,2,3,-1]">48</label>
<label id="[1,3,1,-1]">6</label>
<label id="[1,3,2,-1]">12</label>
<label id="[1,3,3,-1]">48</label>
<label id="[10,0,0,-1]">278</label>
<label id="[10,0,1,-1]">278</label>
<label id="[10,1,0,-1]">282</label>
<label id="[10,1,1,-1]">282</label>
<label id="[10,2,0,-1]">326</label>
<label id="[10,2,1,-1]">326</label>
<label id="[10,3,0,-1]">222</label>
<label id="[10,3,1,-1]">222</label>
<label id="[11,0,0,-1]">278</label>
<label id="[11,0,1,-1]">278</label>
<label id="[11,0,16,-1]">278</label>
<label id="[11,0,17,-1]">278</label>
<label id="[11,1,0,-1]">282</label>
<label id="[11,1,1,-1]">282</label>
<label id="[11,1,16,-1]">282</label>
<label id="[11,1,17,-1]">282</label>
<label id="[11,2,0,-1]">326</label>
<label id="[11,2,1,-1]">326</label>
<label id="[11,2,16,-1]">326</label>
<label id="[11,2,17,-1]">326</label>
<label id="[11,3,0,-1]">222</label>
<label id="[11,3,1,-1]">222</label>
<label id="[11,3,16,-1]">222</label>
<label id="[11,3,17,-1]">222</label>
<label id="[12,0,0,-1]">62</label>
<label id="[12,0,1,-1]">62</label>
<label id="[12,0,16,-1]">62</label>
<label id="[12,0,17,-1]">62</label>
<label id="[12,1,0,-1]">56</label>
<label id="[12,1,1,-1]">56</label>
<label id="[12,1,16,-1]">56</label>
<label id="[12,1,17,-1]">56</label>
<label id="[12,2,0,-1]">56</label>
<label id="[12,2,1,-1]">56</label>
<label id="[12,2,16,-1]">56</label>
<label id="[12,2,17,-1]">56</label>
<label id="[12,3,0,-1]">73</label>
<label id="[12,3,1,-1]">73</label>
<label id="[12,3,16,-1]">73</label>
<label id="[12,3,17,-1]">73</label>
<label id="[13,0,0,-1]">570</label>
<label id="[13,0,1,-1]">449</label>
<label id="[13,0,16,-1]">459</label>
<label id="[13,1,0,-1]">449</label>
<label id="[13,1,1,-1]">570</label>
<label id="[13,1,16,-1]">459</label>
<label id="[13,2,0,-1]">570</label>
<label id="[13,2,1,-1]">449</label>
<label id="[13,2,17,-1]">459</label>
<label id="[13,3,0,-1]">449</label>
<label id="[13,3,1,-1]">570</label>
<label id="[13,3,17,-1]">459</label>
<label id="[14,0,0,-1]">216</label>
<label id="[14,0,1,-1]">294</label>
<label id="[14,0,2,-1]">360</label>
<label id="[14,0,3,-1]">376</label>
<label id="[14,1,0,-1]">228</label>
<label id="[14,1,1,-1]">282</label>
<label id="[14,1,2,-1]">372</label>
<label id="[14,1,3,-1]">364</label>
<label id="[14,2,0,-1]">228</label>
<label id="[14,2,1,-1]">306</label>
<label id="[14,2,2,-1]">348</label>
<label id="[14,2,3,-1]">364</label>
<label id="[14,3,0,-1]">240</label>
<label id="[14,3,1,-1]">294</label>
<label id="[14,3,2,-1]">360</label>
<label id="[14,3,3,-1]">352</label>
<label id="[15,0,0,-1]">121</label>
<label id="[15,0,1,-1]">121</label>
<label id="[15,1,0,-1]">121</label>
<label id="[15,1,1,-1]">121</label>
<label id="[15,2,0,-1]">121</label>
<label id="[15,2,1,-1]">121</label>
<label id="[15,3,0,-1]">121</label>
<label id="[15,3,1,-1]">121</label>
<label id="[16,0,3,-1]">376</label>
<label id="[16,1,3,-1]">364</label>
<label id="[16,2,3,-1]">364</label>
<label id="[16,3,3,-1]">352</label>
<label id="[2,0,0,-1]">76</label>
<label id="[2,0,1,-1]">76</label>
<label id="[2,1,0,-1]">78</label>
<label id="[2,1,1,-1]">78</label>
<label id="[2,2,0,-1]">100</label>
<label id="[2,2,1,-1]">100</label>
<label id="[2,3,0,-1]">58</label>
<label id="[2,3,1,-1]">58</label>
<label id="[3,0,0,-1]">76</label>
<label id="[3,0,1,-1]">76</label>
<label id="[3,0,16,-1]">76</label>
<label id="[3,0,17,-1]">76</label>
<label id="[3,1,0,-1]">78</label>
<label id="[3,1,1,-1]">78</label>
<label id="[3,1,16,-1]">78</label>
<label id="[3,1,17,-1]">78</label>
<label id="[3,2,0,-1]">100</label>
<label id="[3,2,1,-1]">100</label>
<label id="[3,2,16,-1]">100</label>
<label id="[3,2,17,-1]">100</label>
<label id="[3,3,0,-1]">58</label>
<label id="[3,3,1,-1]">58</label>
<label id="[3,3,16,-1]">58</label>
<label id="[3,3,17,-1]">58</label>
<label id="[4,0,0,-1]">139</label>
<label id="[4,0,1,-1]">139</label>
<label id="[4,1,0,-1]">139</label>
<label id="[4,1,1,-1]">139</label>
<label id="[4,2,0,-1]">148</label>
<label id="[4,2,1,-1]">148</label>
<label id="[4,3,0,-1]">106</label>
<label id="[4,3,1,-1]">106</label>
<label id="[5,0,0,-1]">2</label>
<label id="[5,0,1,-1]">2</label>
<label id="[5,1,0,-1]">2</label>
<label id="[5,1,1,-1]">2</label>
<label id="[5,2,0,-1]">2</label>
<label id="[5,2,1,-1]">2</label>
<label id="[5,3,0,-1]">5</label>
<label id="[5,3,1,-1]">5</label>
<label id="[6,0,0,-1]">159</label>
<label id="[6,0,1,-1]">159</label>
<label id="[6,0,16,-1]">159</label>
<label id="[6,0,17,-1]">159</label>
<label id="[6,1,0,-1]">159</label>
<label id="[6,1,1,-1]">159</label>
<label id="[6,1,16,-1]">159</label>
<label id="[6,1,17,-1]">159</label>
<label id="[6,2,0,-1]">166</label>
<label id="[6,2,1,-1]">166</label>
<label id="[6,2,16,-1]">166</label>
<label id="[6,2,17,-1]">166</label>
<label id="[6,3,0,-1]">122</label>
<label id="[6,3,1,-1]">122</label>
<label id="[6,3,16,-1]">122</label>
<label id="[6,3,17,-1]">122</label>
<label id="[7,0,0,-1]">127</label>
<label id="[7,0,1,-1]">127</label>
<label id="[7,0,16,-1]">127</label>
<label id="[7,0,17,-1]">127</label>
<label id="[7,1,0,-1]">125</label>
<label id="[7,1,1,-1]">125</label>
<label id="[7,1,16,-1]">125</label>
<label id="[7,1,17,-1]">125</label>
<label id="[7,2,0,-1]">125</label>
<label id="[7,2,1,-1]">125</label>
<label id="[7,2,16,-1]">125</label>
<label id="[7,2,17,-1]">125</label>
<label id="[7,3,0,-1]">125</label>
<label id="[7,3,1,-1]">125</label>
<label id="[7,3,16,-1]">125</label>
<label id="[7,3,17,-1]">125</label>
<label id="[8,0,0,-1]">1258</label>
<label id="[8,0,1,-1]">1324</label>
<label id="[8,0,2,-1]">271</label>
<label id="[8,0,3,-1]">780</label>
<label id="[8,1,0,-1]">1269</label>
<label id="[8,1,1,-1]">1342</label>
<label id="[8,1,2,-1]">291</label>
<label id="[8,1,3,-1]">772</label>
<label id="[8,2,0,-1]">1538</label>
<label id="[8,2,1,-1]">1652</label>
<label id="[8,2,2,-1]">274</label>
<label id="[8,2,3,-1]">992</label>
<label id="[8,3,0,-1]">992</label>
<label id="[8,3,1,-1]">1068</label>
<label id="[8,3,2,-1]">288</label>
<label id="[8,3,3,-1]">480</label>
<label id="[9,0,0,-1]">16</label>
<label id="[9,0,1,-1]">17</label>
<label id="[9,0,2,-1]">18</label>
<label id="[9,0,3,-1]">139</label>
<label id="[9,1,-1,-1]">123</label>
<label id="[9,1,0,-1]">18</label>
<label id="[9,1,1,-1]">16</label>
<label id="[9,1,2,-1]">19</label>
<label id="[9,1,3,-1]">125</label>
<label id="[9,2,-1,-1]">99</label>
<label id="[9,2,0,-1]">37</label>
<label id="[9,2,1,-1]">40</label>
<label id="[9,2,2,-1]">34</label>
<label id="[9,2,3,-1]">145</label>
<label id="[9,3,-1,-1]">368</label>
<label id="[9,3,1,-1]">24</label>
<label id="[9,3,2,-1]">48</label>
<label id="[9,3,3,-1]">108</label>
</state-labels><state-labels procid="3">
<label id="[0,-1]">30881</label>
<label id="[0,0]">539</label>
<label id="[1,-1]">4256</label>
<label id="[1,0]">412</label>
<label id="[2,-1]">9476</label>
<label id="[2,0]">1192</label>
</state-labels><state-labels procid="4">
<label id="[0,0,2,-1]">249</label>
<label id="[0,0,3,-1]">171</label>
<label id="[0,1,2,-1]">285</label>
<label id="[0,1,3,-1]">161</label>
<label id="[0,2,1,-1]">22</label>
<label id="[0,2,2,-1]">330</label>
<label id="[0,2,3,-1]">187</label>
<label id="[0,3,1,-1]">22</label>
<label id="[0,3,2,-1]">315</label>
<label id="[0,3,3,-1]">96</label>
<label id="[1,0,3,-1]">44</label>
<label id="[1,1,-1,-1]">39</label>
<label id="[1,1,3,-1]">44</label>
<label id="[1,2,-1,-1]">30</label>
<label id="[1,2,1,-1]">6</label>
<label id="[1,2,2,-1]">12</label>
<label id="[1,2,3,-1]">44</label>
<label id="[1,3,1,-1]">6</label>
<label id="[1,3,2,-1]">12</label>
<label id="[1,3,3,-1]">44</label>
<label id="[10,0,0,-1]">223</label>
<label id="[10,0,1,-1]">223</label>
<label id="[10,1,0,-1]">233</label>
<label id="[10,1,1,-1]">233</label>
<label id="[10,2,0,-1]">280</label>
<label id="[10,2,1,-1]">280</label>
<label id="[10,3,0,-1]">193</label>
<label id="[10,3,1,-1]">193</label>
<label id="[11,0,0,-1]">223</label>
<label id="[11,0,1,-1]">223</label>
<label id="[11,0,16,-1]">223</label>
<label id="[11,0,17,-1]">223</label>
<label id="[11,1,0,-1]">233</label>
<label id="[11,1,1,-1]">233</label>
<label id="[11,1,16,-1]">233</label>
<label id="[11,1,17,-1]">233</label>
<label id="[11,2,0,-1]">280</label>
<label id="[11,2,1,-1]">280</label>
<label id="[11,2,16,-1]">280</label>
<label id="[11,2,17,-1]">280</label>
<label id="[11,3,0,-1]">193</label>
<label id="[11,3,1,-1]">193</label>
<label id="[11,3,16,-1]">193</label>
<label id="[11,3,17,-1]">193</label>
<label id="[12,0,0,-1]">55</label>
<label id="[12,0,1,-1]">55</label>
<label id="[12,0,16,-1]">55</label>
<label id="[12,0,17,-1]">55</label>
<label id="[12,1,0,-1]">49</label>
<label id="[12,1,1,-1]">49</label>
<label id="[12,1,16,-1]">49</label>
<label id="[12,1,17,-1]">49</label>
<label id="[12,2,0,-1]">49</label>
<label id="[12,2,1,-1]">49</label>
<label id="[12,2,16,-1]">49</label>
<label id="[12,2,17,-1]">49</label>
<label id="[12,3,0,-1]">68</label>
<label id="[12,3,1,-1]">68</label>
<label id="[12,3,16,-1]">68</label>
<label id="[12,3,17,-1]">68</label>
<label id="[13,0,0,-1]">868</label>
<label id="[13,0,1,-1]">699</label>
<label id="[13,0,16,-1]">717</label>
<label id="[13,1,0,-1]">699</label>
<label id="[13,1,1,-1]">868</label>
<label id="[13,1,16,-1]">717</label>
<label id="[13,2,0,-1]">868</label>
<label id="[13,2,1,-1]">699</label>
<label id="[13,2,17,-1]">717</label>
<label id="[13,3,0,-1]">699</label>
<label id="[13,3,1,-1]">868</label>
<label id="[13,3,17,-1]">717</label>
<label id="[14,0,0,-1]">216</label>
<label id="[14,0,1,-1]">294</label>
<label id="[14,0,2,-1]">360</label>
<label id="[14,0,3,-1]">280</label>
<label id="[14,1,0,-1]">228</label>
<label id="[14,1,1,-1]">282</label>
<label id="[14,1,2,-1]">372</label>
<label id="[14,1,3,-1]">272</label>
<label id="[14,2,0,-1]">228</label>
<label id="[14,2,1,-1]">306</label>
<label id="[14,2,2,-1]">348</label>
<label id="[14,2,3,-1]">272</label>
<label id="[14,3,0,-1]">240</label>
<label id="[14,3,1,-1]">294</label>
<label id="[14,3,2,-1]">360</label>
<label id="[14,3,3,-1]">264</label>
<label id="[15,0,0,-1]">169</label>
<label id="[15,0,1,-1]">169</label>
<label id="[15,1,0,-1]">169</label>
<label id="[15,1,1,-1]">169</label>
<label id="[15,2,0,-1]">169</label>
<label id="[15,2,1,-1]">169</label>
<label id="[15,3,0,-1]">169</label>
<label id="[15,3,1,-1]">169</label>
<label id="[16,0,3,-1]">280</label>
<label id="[16,1,3,-1]">272</label>
<label id="[16,2,3,-1]">272</label>
<label id="[16,3,3,-1]">264</label>
<label id="[2,0,0,-1]">71</label>
<label id="[2,0,1,-1]">71</label>
<label id="[2,1,0,-1]">75</label>
<label id="[2,1,1,-1]">75</label>
<label id="[2,2,0,-1]">94</label>
<label id="[2,2,1,-1]">94</label>
<label id="[2,3,0,-1]">55</label>
<label id="[2,3,1,-1]">55</label>
<label id="[3,0,0,-1]">71</label>
<label id="[3,0,1,-1]">71</label>
<label id="[3,0,16,-1]">71</label>
<label id="[3,0,17,-1]">71</label>
<label id="[3,1,0,-1]">75</label>
<label id="[3,1,1,-1]">75</label>
<label id="[3,1,16,-1]">75</label>
<label id="[3,1,17,-1]">75</label>
<label id="[3,2,0,-1]">94</label>
<label id="[3,2,1,-1]">94</label>
<label id="[3,2,16,-1]">94</label>
<label id="[3,2,17,-1]">94</label>
<label id="[3,3,0,-1]">55</label>
<label id="[3,3,1,-1]">55</label>
<label id="[3,3,16,-1]">55</label>
<label id="[3,3,17,-1]">55</label>
<label id="[4,0,0,-1]">109</label>
<label id="[4,0,1,-1]">109</label>
<label id="[4,1,0,-1]">109</label>
<label id="[4,1,1,-1]">109</label>
<label id="[4,2,0,-1]">117</label>
<label id="[4,2,1,-1]">117</label>
<label id="[4,3,0,-1]">88</label>
<label id="[4,3,1,-1]">88</label>
<label id="[5,0,0,-1]">2</label>
<label id="[5,0,1,-1]">2</label>
<label id="[5,1,0,-1]">2</label>
<label id="[5,1,1,-1]">2</label>
<label id="[5,2,0,-1]">2</label>
<label id="[5,2,1,-1]">2</label>
<label id="[5,3,0,-1]">5</label>
<label id="[5,3,1,-1]">5</label>
<label id="[6,0,0,-1]">137</label>
<label id="[6,0,1,-1]">137</label>
<label id="[6,0,16,-1]">137</label>
<label id="[6,0,17,-1]">137</label>
<label id="[6,1,0,-1]">137</label>
<label id="[6,1,1,-1]">137</label>
<label id="[6,1,16,-1]">137</label>
<label id="[6,1,17,-1]">137</label>
<label id="[6,2,0,-1]">142</label>
<label id="[6,2,1,-1]">142</label>
<label id="[6,2,16,-1]">142</label>
<label id="[6,2,17,-1]">142</label>
<label id="[6,3,0,-1]">112</label>
<label id="[6,3,1,-1]">112</label>
<label id="[6,3,16,-1]">112</label>
<label id="[6,3,17,-1]">112</label>
<label id="[7,0,0,-1]">175</label>
<label id="[7,0,1,-1]">175</label>
<label id="[7,0,16,-1]">175</label>
<label id="[7,0,17,-1]">175</label>
<label id="[7,1,0,-1]">173</label>
<label id="[7,1,1,-1]">173</label>
<label id="[7,1,16,-1]">173</label>
<label id="[7,1,17,-1]">173</label>
<label id="[7,2,0,-1]">173</label>
<label id="[7,2,1,-1]">173</label>
<label id="[7,2,16,-1]">173</label>
<label id="[7,2,17,-1]">173</label>
<label id="[7,3,0,-1]">173</label>
<label id="[7,3,1,-1]">173</label>
<label id="[7,3,16,-1]">173</label>
<label id="[7,3,17,-1]">173</label>
<label id="[8,0,0,-1]">1071</label>
<label id="[8,0,1,-1]">1115</label>
<label id="[8,0,2,-1]">220</label>
<label id="[8,0,3,-1]">640</label>
<label id="[8,1,0,-1]">1109</label>
<label id="[8,1,1,-1]">1166</label>
<label id="[8,1,2,-1]">252</label>
<label id="[8,1,3,-1]">636</label>
<label id="[8,2,0,-1]">1414</label>
<label id="[8,2,1,-1]">1500</label>
<label id="[8,2,2,-1]">234</label>
<label id="[8,2,3,-1]">900</label>
<label id="[8,3,0,-1]">927</label>
<label id="[8,3,1,-1]">980</label>
<label id="[8,3,2,-1]">243</label>
<label id="[8,3,3,-1]">432</label>
<label id="[9,0,0,-1]">20</label>
<label id="[9,0,1,-1]">21</label>
<label id="[9,0,2,-1]">22</label>
<label id="[9,0,3,-1]">127</label>
<label id="[9,1,-1,-1]">123</label>
<label id="[9,1,0,-1]">22</label>
<label id="[9,1,1,-1]">20</label>
<label id="[9,1,2,-1]">23</label>
<label id="[9,1,3,-1]">117</label>
<label id="[9,2,-1,-1]">99</label>
<label id="[9,2,0,-1]">47</label>
<label id="[9,2,1,-1]">50</label>
<label id="[9,2,2,-1]">44</label>
<label id="[9,2,3,-1]">143</label>
<label id="[9,3,-1,-1]">576</label>
<label id="[9,3,1,-1]">24</label>
<label id="[9,3,2,-1]">48</label>
<label id="[9,3,3,-1]">96</label>
</state-labels><state-labels procid="5">
<label id="[0,0,0,0,0]">31</label>
<label id="[0,0,2,0,0]">449</label>
<label id="[0,0,2,0,3]">680</label>
<label id="[0,0,2,1,1]">451</label>
<label id="[0,0,2,1,3]">672</label>
<label id="[0,0,2,2,2]">449</label>
<label id="[0,0,2,2,3]">672</label>
<label id="[0,0,2,3,-1]">300</label>
<label id="[0,0,2,3,3]">1650</label>
<label id="[0,1,2,0,0]">449</label>
<label id="[0,1,2,0,3]">680</label>
<label id="[0,1,2,1,1]">451</label>
<label id="[0,1,2,1,3]">672</label>
<label id="[0,1,2,2,2]">449</label>
<label id="[0,1,2,2,3]">672</label>
<label id="[0,1,2,3,-1]">300</label>
<label id="[0,1,2,3,3]">1650</label>
<label id="[1,0,0,0,0]">226</label>
<label id="[1,0,0,0,1]">275</label>
<label id="[1,0,0,0,2]">325</label>
<label id="[1,0,0,0,3]">316</label>
<label id="[1,0,0,1,-1]">140</label>
<label id="[1,0,0,1,0]">226</label>
<label id="[1,0,0,1,1]">275</label>
<label id="[1,0,0,1,2]">325</label>
<label id="[1,0,0,1,3]">308</label>
<label id="[1,0,0,2,-1]">101</label>
<label id="[1,0,0,2,0]">226</label>
<label id="[1,0,0,2,1]">275</label>
<label id="[1,0,0,2,2]">325</label>
<label id="[1,0,0,2,3]">308</label>
<label id="[1,0,0,3,0]">226</label>
<label id="[1,0,0,3,1]">369</label>
<label id="[1,0,0,3,2]">513</label>
<label id="[1,0,0,3,3]">328</label>
<label id="[1,0,1,0,0]">226</label>
<label id="[1,0,1,0,1]">275</label>
<label id="[1,0,1,0,2]">325</label>
<label id="[1,0,1,0,3]">316</label>
<label id="[1,0,1,1,-1]">140</label>
<label id="[1,0,1,1,0]">226</label>
<label id="[1,0,1,1,1]">275</label>
<label id="[1,0,1,1,2]">325</label>
<label id="[1,0,1,1,3]">308</label>
<label id="[1,0,1,2,-1]">101</label>
<label id="[1,0,1,2,0]">226</label>
<label id="[1,0,1,2,1]">275</label>
<label id="[1,0,1,2,2]">325</label>
<label id="[1,0,1,2,3]">308</label>
<label id="[1,0,1,3,0]">226</label>
<label id="[1,0,1,3,1]">369</label>
<label id="[1,0,1,3,2]">513</label>
<label id="[1,0,1,3,3]">328</label>
<label id="[1,0,2,0,0]">76</label>
<label id="[1,0,2,0,1]">92</label>
<label id="[1,0,2,0,2]">108</label>
<label id="[1,0,2,0,3]">216</label>
<label id="[1,0,2,1,-1]">54</label>
<label id="[1,0,2,1,0]">76</label>
<label id="[1,0,2,1,1]">92</label>
<label id="[1,0,2,1,2]">108</label>
<label id="[1,0,2,1,3]">208</label>
<label id="[1,0,2,2,-1]">43</label>
<label id="[1,0,2,2,0]">76</label>
<label id="[1,0,2,2,1]">92</label>
<label id="[1,0,2,2,2]">108</label>
<label id="[1,0,2,2,3]">208</label>
<label id="[1,0,2,3,0]">76</label>
<label id="[1,0,2,3,1]">128</label>
<label id="[1,0,2,3,2]">180</label>
<label id="[1,0,2,3,3]">236</label>
<label id="[1,1,0,0,0]">226</label>
<label id="[1,1,0,0,1]">275</label>
<label id="[1,1,0,0,2]">325</label>
<label id="[1,1,0,0,3]">316</label>
<label id="[1,1,0,1,-1]">140</label>
<label id="[1,1,0,1,0]">226</label>
<label id="[1,1,0,1,1]">275</label>
<label id="[1,1,0,1,2]">325</label>
<label id="[1,1,0,1,3]">308</label>
<label id="[1,1,0,2,-1]">101</label>
<label id="[1,1,0,2,0]">226</label>
<label id="[1,1,0,2,1]">275</label>
<label id="[1,1,0,2,2]">325</label>
<label id="[1,1,0,2,3]">308</label>
<label id="[1,1,0,3,0]">226</label>
<label id="[1,1,0,3,1]">369</label>
<label id="[1,1,0,3,2]">513</label>
<label id="[1,1,0,3,3]">328</label>
<label id="[1,1,1,0,0]">76</label>
<label id="[1,1,1,0,1]">92</label>
<label id="[1,1,1,0,2]">108</label>
<label id="[1,1,1,0,3]">216</label>
<label id="[1,1,1,1,-1]">54</label>
<label id="[1,1,1,1,0]">76</label>
<label id="[1,1,1,1,1]">92</label>
<label id="[1,1,1,1,2]">108</label>
<label id="[1,1,1,1,3]">208</label>
<label id="[1,1,1,2,-1]">43</label>
<label id="[1,1,1,2,0]">76</label>
<label id="[1,1,1,2,1]">92</label>
<label id="[1,1,1,2,2]">108</label>
<label id="[1,1,1,2,3]">208</label>
<label id="[1,1,1,3,0]">76</label>
<label id="[1,1,1,3,1]">128</label>
<label id="[1,1,1,3,2]">180</label>
<label id="[1,1,1,3,3]">236</label>
<label id="[1,1,2,0,0]">76</label>
<label id="[1,1,2,0,1]">92</label>
<label id="[1,1,2,0,2]">108</label>
<label id="[1,1,2,0,3]">216</label>
<label id="[1,1,2,1,-1]">54</label>
<label id="[1,1,2,1,0]">76</label>
<label id="[1,1,2,1,1]">92</label>
<label id="[1,1,2,1,2]">108</label>
<label id="[1,1,2,1,3]">208</label>
<label id="[1,1,2,2,-1]">43</label>
<label id="[1,1,2,2,0]">76</label>
<label id="[1,1,2,2,1]">92</label>
<label id="[1,1,2,2,2]">108</label>
<label id="[1,1,2,2,3]">208</label>
<label id="[1,1,2,3,0]">76</label>
<label id="[1,1,2,3,1]">128</label>
<label id="[1,1,2,3,2]">180</label>
<label id="[1,1,2,3,3]">236</label>
<label id="[2,0,0,0,0]">76</label>
<label id="[2,0,0,0,1]">92</label>
<label id="[2,0,0,0,2]">108</label>
<label id="[2,0,0,1,-1]">54</label>
<label id="[2,0,0,1,0]">76</label>
<label id="[2,0,0,1,1]">92</label>
<label id="[2,0,0,1,2]">108</label>
<label id="[2,0,0,2,-1]">43</label>
<label id="[2,0,0,2,0]">76</label>
<label id="[2,0,0,2,1]">92</label>
<label id="[2,0,0,2,2]">108</label>
<label id="[2,0,0,3,0]">76</label>
<label id="[2,0,0,3,1]">128</label>
<label id="[2,0,0,3,2]">180</label>
<label id="[2,0,1,0,0]">76</label>
<label id="[2,0,1,0,1]">92</label>
<label id="[2,0,1,0,2]">108</label>
<label id="[2,0,1,1,-1]">54</label>
<label id="[2,0,1,1,0]">76</label>
<label id="[2,0,1,1,1]">92</label>
<label id="[2,0,1,1,2]">108</label>
<label id="[2,0,1,2,-1]">43</label>
<label id="[2,0,1,2,0]">76</label>
<label id="[2,0,1,2,1]">92</label>
<label id="[2,0,1,2,2]">108</label>
<label id="[2,0,1,3,0]">76</label>
<label id="[2,0,1,3,1]">128</label>
<label id="[2,0,1,3,2]">180</label>
<label id="[2,0,2,0,0]">269</label>
<label id="[2,0,2,1,1]">271</label>
<label id="[2,0,2,2,2]">269</label>
<label id="[2,0,2,3,-1]">32</label>
<label id="[2,0,2,3,3]">271</label>
<label id="[2,1,0,0,0]">76</label>
<label id="[2,1,0,0,1]">92</label>
<label id="[2,1,0,0,2]">108</label>
<label id="[2,1,0,1,-1]">54</label>
<label id="[2,1,0,1,0]">76</label>
<label id="[2,1,0,1,1]">92</label>
<label id="[2,1,0,1,2]">108</label>
<label id="[2,1,0,2,-1]">43</label>
<label id="[2,1,0,2,0]">76</label>
<label id="[2,1,0,2,1]">92</label>
<label id="[2,1,0,2,2]">108</label>
<label id="[2,1,0,3,0]">76</label>
<label id="[2,1,0,3,1]">128</label>
<label id="[2,1,0,3,2]">180</label>
<label id="[2,1,1,0,0]">269</label>
<label id="[2,1,1,1,1]">271</label>
<label id="[2,1,1,2,2]">269</label>
<label id="[2,1,1,3,-1]">32</label>
<label id="[2,1,1,3,3]">271</label>
<label id="[2,1,2,0,0]">269</label>
<label id="[2,1,2,1,1]">271</label>
<label id="[2,1,2,2,2]">269</label>
<label id="[2,1,2,3,-1]">32</label>
<label id="[2,1,2,3,3]">271</label>
<label id="[3,0,2,0,0]">209</label>
<label id="[3,0,2,0,1]">211</label>
<label id="[3,0,2,0,2]">209</label>
<label id="[3,0,2,0,3]">211</label>
<label id="[3,0,2,1,0]">209</label>
<label id="[3,0,2,1,1]">211</label>
<label id="[3,0,2,1,2]">209</label>
<label id="[3,0,2,1,3]">211</label>
<label id="[3,0,2,2,0]">209</label>
<label id="[3,0,2,2,1]">211</label>
<label id="[3,0,2,2,2]">209</label>
<label id="[3,0,2,2,3]">211</label>
<label id="[3,0,2,3,-1]">32</label>
<label id="[3,0,2,3,0]">239</label>
<label id="[3,0,2,3,1]">241</label>
<label id="[3,0,2,3,2]">239</label>
<label id="[3,0,2,3,3]">241</label>
<label id="[3,1,1,0,0]">209</label>
<label id="[3,1,1,0,1]">211</label>
<label id="[3,1,1,0,2]">209</label>
<label id="[3,1,1,0,3]">211</label>
<label id="[3,1,1,1,0]">209</label>
<label id="[3,1,1,1,1]">211</label>
<label id="[3,1,1,1,2]">209</label>
<label id="[3,1,1,1,3]">211</label>
<label id="[3,1,1,2,0]">209</label>
<label id="[3,1,1,2,1]">211</label>
<label id="[3,1,1,2,2]">209</label>
<label id="[3,1,1,2,3]">211</label>
<label id="[3,1,1,3,-1]">32</label>
<label id="[3,1,1,3,0]">239</label>
<label id="[3,1,1,3,1]">241</label>
<label id="[3,1,1,3,2]">239</label>
<label id="[3,1,1,3,3]">241</label>
</state-labels></label-info>
</state-space-info>
