<?xml version="1.0"?>
<!DOCTYPE state-space-info SYSTEM "../../state_space_info.dtd">


<state-space-info>
<states>61048</states>
<edges>125334</edges>
<bfs-info>
 <levels>41</levels>
<max-level>6373</max-level>

<back-level-edges>49932</back-level-edges>
<max-back-level-edge>24</max-back-level-edge>
<avg-back-level-edge>2.13843</avg-back-level-edge>
<bfs-levels>
<level id="0"><states>1</states><edges>18</edges></level>
<level id="1"><states>18</states><edges>18</edges></level>
<level id="2"><states>17</states><edges>102</edges></level>
<level id="3"><states>48</states><edges>54</edges></level>
<level id="4"><states>52</states><edges>234</edges></level>
<level id="5"><states>36</states><edges>48</edges></level>
<level id="6"><states>24</states><edges>132</edges></level>
<level id="7"><states>84</states><edges>360</edges></level>
<level id="8"><states>228</states><edges>660</edges></level>
<level id="9"><states>210</states><edges>1080</edges></level>
<level id="10"><states>534</states><edges>804</edges></level>
<level id="11"><states>480</states><edges>1008</edges></level>
<level id="12"><states>519</states><edges>573</edges></level>
<level id="13"><states>348</states><edges>450</edges></level>
<level id="14"><states>279</states><edges>279</edges></level>
<level id="15"><states>180</states><edges>180</edges></level>
<level id="16"><states>162</states><edges>162</edges></level>
<level id="17"><states>144</states><edges>1368</edges></level>
<level id="18"><states>1080</states><edges>1080</edges></level>
<level id="19"><states>952</states><edges>6222</edges></level>
<level id="20"><states>3078</states><edges>3126</edges></level>
<level id="21"><states>2798</states><edges>9048</edges></level>
<level id="22"><states>4260</states><edges>4380</edges></level>
<level id="23"><states>3370</states><edges>7632</edges></level>
<level id="24"><states>3963</states><edges>5943</edges></level>
<level id="25"><states>3998</states><edges>8646</edges></level>
<level id="26"><states>3318</states><edges>11052</edges></level>
<level id="27"><states>5868</states><edges>11382</edges></level>
<level id="28"><states>3855</states><edges>13311</edges></level>
<level id="29"><states>6373</states><edges>11241</edges></level>
<level id="30"><states>3600</states><edges>9264</edges></level>
<level id="31"><states>4380</states><edges>6552</edges></level>
<level id="32"><states>2292</states><edges>3966</edges></level>
<level id="33"><states>1982</states><edges>2238</edges></level>
<level id="34"><states>1122</states><edges>1326</edges></level>
<level id="35"><states>639</states><edges>639</edges></level>
<level id="36"><states>450</states><edges>450</edges></level>
<level id="37"><states>144</states><edges>144</edges></level>
<level id="38"><states>126</states><edges>126</edges></level>
<level id="39"><states>18</states><edges>18</edges></level>
<level id="40"><states>18</states><edges>18</edges></level>
</bfs-levels>
<back-level-length id="0">0</back-level-length>
<back-level-length id="1">80.5335</back-level-length>
<back-level-length id="2">0</back-level-length>
<back-level-length id="3">3.56885</back-level-length>
<back-level-length id="4">0</back-level-length>
<back-level-length id="5">0.552752</back-level-length>
<back-level-length id="6">11.6438</back-level-length>
<back-level-length id="7">0.636866</back-level-length>
<back-level-length id="8">0.180245</back-level-length>
<back-level-length id="9">0.576784</back-level-length>
<back-level-length id="10">0</back-level-length>
<back-level-length id="11">0.0720981</back-level-length>
<back-level-length id="12">0</back-level-length>
<back-level-length id="13">0.144196</back-level-length>
<back-level-length id="14">0.480654</back-level-length>
<back-level-length id="15">0.0240327</back-level-length>
<back-level-length id="16">0.36049</back-level-length>
<back-level-length id="17">0</back-level-length>
<back-level-length id="18">0.865177</back-level-length>
<back-level-length id="19">0</back-level-length>
<back-level-length id="20">0.108147</back-level-length>
<back-level-length id="21">0</back-level-length>
<back-level-length id="22">0.216294</back-level-length>
<back-level-length id="23">0</back-level-length>
<back-level-length id="24">0.036049</back-level-length>
</bfs-info>
<degrees>
<avg>2.05304</avg>
<max-in>14</max-in>
<max-out>18</max-out>
<degree id="0"><in>1</in><out>0</out></degree>
<degree id="1"><in>38384</in><out>53850</out></degree>
<degree id="2"><in>11177</in><out>2862</out></degree>
<degree id="3"><in>1196</in><out>0</out></degree>
<degree id="4"><in>252</in><out>0</out></degree>
<degree id="5"><in>4068</in><out>0</out></degree>
<degree id="6"><in>3186</in><out>0</out></degree>
<degree id="7"><in>2304</in><out>0</out></degree>
<degree id="8"><in>384</in><out>0</out></degree>
<degree id="9"><in>0</in><out>0</out></degree>
<degree id="10"><in>0</in><out>1536</out></degree>
<degree id="11"><in>0</in><out>0</out></degree>
<degree id="12"><in>0</in><out>0</out></degree>
<degree id="13"><in>0</in><out>0</out></degree>
<degree id="14"><in>96</in><out>0</out></degree>
<degree id="15"><in>0</in><out>0</out></degree>
<degree id="16"><in>0</in><out>0</out></degree>
<degree id="17"><in>0</in><out>0</out></degree>
<degree id="18"><in>0</in><out>2800</out></degree>
</degrees>
<scc-info>
<count>15275</count>
<height>18</height>
<nontrivial-height>5</nontrivial-height>
<trivial>15271</trivial>
<terminal>1</terminal>
<largest>33408</largest>
<largest-position> the only terminal</largest-position>
</scc-info>
<dfs-info>
<stack-size id="305">0.325973</stack-size>
<stack-size id="610">0.576595</stack-size>
<stack-size id="915">0.804285</stack-size>
<stack-size id="1220">1.05655</stack-size>
<stack-size id="1525">1.17776</stack-size>
<stack-size id="1830">1.28424</stack-size>
<stack-size id="2135">1.46934</stack-size>
<stack-size id="2440">1.62659</stack-size>
<stack-size id="2745">1.76582</stack-size>
<stack-size id="3050">1.96403</stack-size>
<stack-size id="3355">2.07705</stack-size>
<stack-size id="3660">2.23103</stack-size>
<stack-size id="3965">2.41777</stack-size>
<stack-size id="4270">2.5439</stack-size>
<stack-size id="4575">2.66348</stack-size>
<stack-size id="4880">2.86004</stack-size>
<stack-size id="5185">2.98617</stack-size>
<stack-size id="5490">3.11886</stack-size>
<stack-size id="5795">3.17947</stack-size>
<stack-size id="6100">3.20076</stack-size>
<stack-size id="6405">3.28758</stack-size>
<stack-size id="6710">3.42026</stack-size>
<stack-size id="7015">3.4563</stack-size>
<stack-size id="7320">3.47432</stack-size>
<stack-size id="7625">3.47595</stack-size>
<stack-size id="7930">3.55786</stack-size>
<stack-size id="8235">3.57424</stack-size>
<stack-size id="8540">3.57424</stack-size>
<stack-size id="8845">3.58898</stack-size>
<stack-size id="9150">3.66433</stack-size>
<stack-size id="9455">3.68235</stack-size>
<stack-size id="9760">3.69381</stack-size>
<stack-size id="10065">3.70692</stack-size>
<stack-size id="10370">3.71511</stack-size>
<stack-size id="10675">3.73804</stack-size>
<stack-size id="10980">3.77899</stack-size>
<stack-size id="11285">3.72985</stack-size>
<stack-size id="11590">3.72658</stack-size>
<stack-size id="11895">3.73804</stack-size>
<stack-size id="12200">3.75606</stack-size>
<stack-size id="12505">3.75442</stack-size>
<stack-size id="12810">3.77572</stack-size>
<stack-size id="13115">3.75934</stack-size>
<stack-size id="13420">3.82158</stack-size>
<stack-size id="13725">3.83633</stack-size>
<stack-size id="14030">3.77244</stack-size>
<stack-size id="14335">3.82158</stack-size>
<stack-size id="14640">3.76261</stack-size>
<stack-size id="14945">3.68235</stack-size>
<stack-size id="15250">3.53492</stack-size>
<stack-size id="15555">3.49561</stack-size>
<stack-size id="15860">3.45466</stack-size>
<stack-size id="16165">3.50544</stack-size>
<stack-size id="16470">3.49397</stack-size>
<stack-size id="16775">3.4219</stack-size>
<stack-size id="17080">3.44647</stack-size>
<stack-size id="17385">3.45302</stack-size>
<stack-size id="17690">3.45466</stack-size>
<stack-size id="17995">3.47104</stack-size>
<stack-size id="18300">3.47432</stack-size>
<stack-size id="18605">3.4006</stack-size>
<stack-size id="18910">3.34163</stack-size>
<stack-size id="19215">3.35965</stack-size>
<stack-size id="19520">3.34491</stack-size>
<stack-size id="19825">3.25973</stack-size>
<stack-size id="20130">3.15162</stack-size>
<stack-size id="20435">3.14015</stack-size>
<stack-size id="20740">3.15162</stack-size>
<stack-size id="21045">3.04514</stack-size>
<stack-size id="21350">2.95505</stack-size>
<stack-size id="21655">2.90591</stack-size>
<stack-size id="21960">2.75521</stack-size>
<stack-size id="22265">2.75849</stack-size>
<stack-size id="22570">2.75357</stack-size>
<stack-size id="22875">2.64055</stack-size>
<stack-size id="23180">2.41777</stack-size>
<stack-size id="23485">2.43743</stack-size>
<stack-size id="23790">2.38173</stack-size>
<stack-size id="24095">2.18025</stack-size>
<stack-size id="24400">2.0574</stack-size>
<stack-size id="24705">1.89032</stack-size>
<stack-size id="25010">1.81333</stack-size>
<stack-size id="25315">1.75436</stack-size>
<stack-size id="25620">1.7347</stack-size>
<stack-size id="25925">1.6872</stack-size>
<stack-size id="26230">1.56107</stack-size>
<stack-size id="26535">1.57745</stack-size>
<stack-size id="26840">1.5627</stack-size>
<stack-size id="27145">1.3776</stack-size>
<stack-size id="27450">1.37433</stack-size>
<stack-size id="27755">1.36941</stack-size>
<stack-size id="28060">1.25966</stack-size>
<stack-size id="28365">1.12207</stack-size>
<stack-size id="28670">1.10405</stack-size>
<stack-size id="28975">1.12371</stack-size>
<stack-size id="29280">1.13353</stack-size>
<stack-size id="29585">1.13681</stack-size>
<stack-size id="29890">1.04344</stack-size>
<stack-size id="30195">0.897654</stack-size>
<stack-size id="30500">0.763334</stack-size>
<stack-size id="30805">0.607719</stack-size>
<stack-size id="31110">0.59789</stack-size>
<stack-size id="31415">0.615909</stack-size>
<stack-size id="31720">0.601166</stack-size>
<stack-size id="32025">0.455379</stack-size>
<stack-size id="32330">0.425894</stack-size>
<stack-size id="32635">0.325973</stack-size>
<stack-size id="32940">0.234242</stack-size>
<stack-size id="33245">0.204757</stack-size>
<stack-size id="33550">0.111388</stack-size>
<stack-size id="33855">0.322697</stack-size>
<stack-size id="34160">0.324335</stack-size>
<stack-size id="34465">0.434085</stack-size>
<stack-size id="34770">0.553663</stack-size>
<stack-size id="35075">0.692897</stack-size>
<stack-size id="35380">0.755143</stack-size>
<stack-size id="35685">0.769886</stack-size>
<stack-size id="35990">0.858341</stack-size>
<stack-size id="36295">0.843598</stack-size>
<stack-size id="36600">0.920587</stack-size>
<stack-size id="36905">1.01559</stack-size>
<stack-size id="37210">1.04344</stack-size>
<stack-size id="37515">1.04017</stack-size>
<stack-size id="37820">1.21544</stack-size>
<stack-size id="38125">1.20725</stack-size>
<stack-size id="38430">1.21216</stack-size>
<stack-size id="38735">1.31372</stack-size>
<stack-size id="39040">1.34812</stack-size>
<stack-size id="39345">1.38252</stack-size>
<stack-size id="39650">1.39726</stack-size>
<stack-size id="39955">1.41037</stack-size>
<stack-size id="40260">1.3989</stack-size>
<stack-size id="40565">1.2138</stack-size>
<stack-size id="40870">1.12862</stack-size>
<stack-size id="41175">1.02215</stack-size>
<stack-size id="41480">0.941882</stack-size>
<stack-size id="41785">0.835408</stack-size>
<stack-size id="42090">0.753505</stack-size>
<stack-size id="42395">0.745315</stack-size>
<stack-size id="42700">0.661774</stack-size>
<stack-size id="43005">0.678155</stack-size>
<stack-size id="43310">0.643756</stack-size>
<stack-size id="43615">0.501245</stack-size>
<stack-size id="43920">0.506159</stack-size>
<stack-size id="44225">0.470122</stack-size>
<stack-size id="44530">0.311231</stack-size>
<stack-size id="44835">0.230966</stack-size>
<stack-size id="45140">0.242432</stack-size>
<stack-size id="45445">0.234242</stack-size>
<stack-size id="45750">0.134321</stack-size>
<stack-size id="46055">0.0327611</stack-size>
<stack-size id="46360">0.101559</stack-size>
<stack-size id="46665">0.163806</stack-size>
<stack-size id="46970">0.186738</stack-size>
<stack-size id="47275">0.247346</stack-size>
<stack-size id="47580">0.296488</stack-size>
<stack-size id="47885">0.352182</stack-size>
<stack-size id="48190">0.365286</stack-size>
<stack-size id="48495">0.384943</stack-size>
<stack-size id="48800">0.393133</stack-size>
<stack-size id="49105">0.402962</stack-size>
<stack-size id="49410">0.332525</stack-size>
<stack-size id="49715">0.317783</stack-size>
<stack-size id="50020">0.339077</stack-size>
<stack-size id="50325">0.350544</stack-size>
<stack-size id="50630">0.35382</stack-size>
<stack-size id="50935">0.3702</stack-size>
<stack-size id="51240">0.325973</stack-size>
<stack-size id="51545">0.291574</stack-size>
<stack-size id="51850">0.314507</stack-size>
<stack-size id="52155">0.30304</stack-size>
<stack-size id="52460">0.329249</stack-size>
<stack-size id="52765">0.258813</stack-size>
<stack-size id="53070">0.248984</stack-size>
<stack-size id="53375">0.265365</stack-size>
<stack-size id="53680">0.281746</stack-size>
<stack-size id="53985">0.280107</stack-size>
<stack-size id="54290">0.296488</stack-size>
<stack-size id="54595">0.206395</stack-size>
<stack-size id="54900">0.219499</stack-size>
<stack-size id="55205">0.221137</stack-size>
<stack-size id="55510">0.232604</stack-size>
<stack-size id="55815">0.230966</stack-size>
<stack-size id="56120">0.155615</stack-size>
<stack-size id="56425">0.173634</stack-size>
<stack-size id="56730">0.186738</stack-size>
<stack-size id="57035">0.196567</stack-size>
<stack-size id="57340">0.201481</stack-size>
<stack-size id="57645">0.153977</stack-size>
<stack-size id="57950">0.124492</stack-size>
<stack-size id="58255">0.145787</stack-size>
<stack-size id="58560">0.149063</stack-size>
<stack-size id="58865">0.165444</stack-size>
<stack-size id="59170">0.090093</stack-size>
<stack-size id="59475">0.0786267</stack-size>
<stack-size id="59780">0.0982833</stack-size>
<stack-size id="60085">0.106474</stack-size>
<stack-size id="60390">0.11794</stack-size>
<stack-size id="60695">0.0704364</stack-size>
<stack-size id="61000">0.0360372</stack-size>
<max-stack>2349</max-stack>
<front-edges>61047</front-edges>
<back-edges>15342</back-edges>
<cross-edges>48945</cross-edges>
<shortest-cycle>2</shortest-cycle>
</dfs-info>
<rw-info>
<coverage step="6100">6.79138</coverage>
<coverage step="12200">10.9635</coverage>
<coverage step="18300">14.0578</coverage>
<coverage step="24400">16.7065</coverage>
<coverage step="30500">18.5428</coverage>
<coverage step="36600">20.3037</coverage>
<coverage step="42700">21.7075</coverage>
<coverage step="48800">22.9868</coverage>
<coverage step="54900">24.0745</coverage>
<coverage step="61000">25.1163</coverage>
<coverage step="67100">26.0467</coverage>
<coverage step="73200">27.0427</coverage>
<coverage step="79300">27.8535</coverage>
<coverage step="85400">28.7659</coverage>
<coverage step="91500">29.6193</coverage>
<coverage step="97600">30.4089</coverage>
<coverage step="103700">31.0395</coverage>
<coverage step="109800">31.6915</coverage>
<coverage step="115900">32.2795</coverage>
<coverage step="122000">32.8987</coverage>
<coverage step="128100">33.5113</coverage>
<coverage step="134200">33.9454</coverage>
<coverage step="140300">34.522</coverage>
<coverage step="146400">35.0626</coverage>
<coverage step="152500">35.4803</coverage>
<coverage step="158600">35.9045</coverage>
<coverage step="164700">36.3468</coverage>
<coverage step="170800">36.7301</coverage>
<coverage step="176900">37.197</coverage>
<coverage step="183000">37.5164</coverage>
<coverage step="189100">37.88</coverage>
<coverage step="195200">38.2764</coverage>
<coverage step="201300">38.586</coverage>
<coverage step="207400">38.9775</coverage>
<coverage step="213500">39.3215</coverage>
<coverage step="219600">39.6639</coverage>
<coverage step="225700">39.9948</coverage>
<coverage step="231800">40.4354</coverage>
<coverage step="237900">40.7548</coverage>
<coverage step="244000">41.1725</coverage>
<coverage step="250100">41.4788</coverage>
<coverage step="256200">41.6951</coverage>
<coverage step="262300">42.0112</coverage>
<coverage step="268400">42.2667</coverage>
<coverage step="274500">42.6173</coverage>
<coverage step="280600">42.9351</coverage>
<coverage step="286700">43.1857</coverage>
<coverage step="292800">43.3937</coverage>
<coverage step="298900">43.5575</coverage>
<coverage step="305000">43.7869</coverage>
<coverage step="311100">43.9851</coverage>
<coverage step="317200">44.1898</coverage>
<coverage step="323300">44.4437</coverage>
<coverage step="329400">44.6665</coverage>
<coverage step="335500">44.9122</coverage>
<coverage step="341600">45.1104</coverage>
<coverage step="347700">45.3709</coverage>
<coverage step="353800">45.5707</coverage>
<coverage step="359900">45.7542</coverage>
<coverage step="366000">45.9704</coverage>
<coverage step="372100">46.1997</coverage>
<coverage step="378200">46.3766</coverage>
<coverage step="384300">46.5748</coverage>
<coverage step="390400">46.8173</coverage>
<coverage step="396500">46.9172</coverage>
<coverage step="402600">47.1285</coverage>
<coverage step="408700">47.3562</coverage>
<coverage step="414800">47.5233</coverage>
<coverage step="420900">47.7018</coverage>
<coverage step="427000">47.8673</coverage>
<coverage step="433100">48.0392</coverage>
<coverage step="439200">48.2047</coverage>
<coverage step="445300">48.3259</coverage>
<coverage step="451400">48.5389</coverage>
<coverage step="457500">48.7076</coverage>
<coverage step="463600">48.8419</coverage>
<coverage step="469700">48.991</coverage>
<coverage step="475800">49.0991</coverage>
<coverage step="481900">49.2612</coverage>
<coverage step="488000">49.407</coverage>
<coverage step="494100">49.5938</coverage>
<coverage step="500200">49.6773</coverage>
<coverage step="506300">49.8313</coverage>
<coverage step="512400">49.9427</coverage>
<coverage step="518500">50.041</coverage>
<coverage step="524600">50.2277</coverage>
<coverage step="530700">50.4144</coverage>
<coverage step="536800">50.5012</coverage>
<coverage step="542900">50.6814</coverage>
<coverage step="549000">50.7977</coverage>
<coverage step="555100">50.8714</coverage>
<coverage step="561200">50.9927</coverage>
<coverage step="567300">51.1384</coverage>
<coverage step="573400">51.281</coverage>
<coverage step="579500">51.3842</coverage>
<coverage step="585600">51.4906</coverage>
<coverage step="591700">51.6102</coverage>
<coverage step="597800">51.7183</coverage>
<coverage step="603900">51.8068</coverage>
<coverage step="610000">51.9411</coverage>
<rw-visits order="1">1221</rw-visits>
<rw-visits order="159">342</rw-visits>
<rw-visits order="317">180</rw-visits>
<rw-visits order="475">144</rw-visits>
<rw-visits order="633">128</rw-visits>
<rw-visits order="791">118</rw-visits>
<rw-visits order="949">113</rw-visits>
<rw-visits order="1107">109</rw-visits>
<rw-visits order="1265">101</rw-visits>
<rw-visits order="1423">93</rw-visits>
<rw-visits order="1581">83</rw-visits>
<rw-visits order="1739">73</rw-visits>
<rw-visits order="1897">64</rw-visits>
<rw-visits order="2055">58</rw-visits>
<rw-visits order="2213">55</rw-visits>
<rw-visits order="2371">52</rw-visits>
<rw-visits order="2529">51</rw-visits>
<rw-visits order="2687">49</rw-visits>
<rw-visits order="2845">48</rw-visits>
<rw-visits order="3003">47</rw-visits>
<rw-visits order="3161">46</rw-visits>
<rw-visits order="3319">45</rw-visits>
<rw-visits order="3477">44</rw-visits>
<rw-visits order="3635">43</rw-visits>
<rw-visits order="3793">42</rw-visits>
<rw-visits order="3951">41</rw-visits>
<rw-visits order="4109">40</rw-visits>
<rw-visits order="4267">39</rw-visits>
<rw-visits order="4425">38</rw-visits>
<rw-visits order="4583">38</rw-visits>
<rw-visits order="4741">37</rw-visits>
<rw-visits order="4899">36</rw-visits>
<rw-visits order="5057">35</rw-visits>
<rw-visits order="5215">34</rw-visits>
<rw-visits order="5373">34</rw-visits>
<rw-visits order="5531">33</rw-visits>
<rw-visits order="5689">32</rw-visits>
<rw-visits order="5847">32</rw-visits>
<rw-visits order="6005">31</rw-visits>
<rw-visits order="6163">30</rw-visits>
<rw-visits order="6321">29</rw-visits>
<rw-visits order="6479">29</rw-visits>
<rw-visits order="6637">28</rw-visits>
<rw-visits order="6795">27</rw-visits>
<rw-visits order="6953">27</rw-visits>
<rw-visits order="7111">26</rw-visits>
<rw-visits order="7269">25</rw-visits>
<rw-visits order="7427">24</rw-visits>
<rw-visits order="7585">24</rw-visits>
<rw-visits order="7743">23</rw-visits>
<rw-visits order="7901">22</rw-visits>
<rw-visits order="8059">22</rw-visits>
<rw-visits order="8217">21</rw-visits>
<rw-visits order="8375">20</rw-visits>
<rw-visits order="8533">19</rw-visits>
<rw-visits order="8691">18</rw-visits>
<rw-visits order="8849">18</rw-visits>
<rw-visits order="9007">17</rw-visits>
<rw-visits order="9165">16</rw-visits>
<rw-visits order="9323">15</rw-visits>
<rw-visits order="9481">14</rw-visits>
<rw-visits order="9639">14</rw-visits>
<rw-visits order="9797">13</rw-visits>
<rw-visits order="9955">13</rw-visits>
<rw-visits order="10113">12</rw-visits>
<rw-visits order="10271">12</rw-visits>
<rw-visits order="10429">11</rw-visits>
<rw-visits order="10587">11</rw-visits>
<rw-visits order="10745">10</rw-visits>
<rw-visits order="10903">10</rw-visits>
<rw-visits order="11061">10</rw-visits>
<rw-visits order="11219">10</rw-visits>
<rw-visits order="11377">9</rw-visits>
<rw-visits order="11535">9</rw-visits>
<rw-visits order="11693">9</rw-visits>
<rw-visits order="11851">9</rw-visits>
<rw-visits order="12009">8</rw-visits>
<rw-visits order="12167">8</rw-visits>
<rw-visits order="12325">8</rw-visits>
<rw-visits order="12483">8</rw-visits>
<rw-visits order="12641">8</rw-visits>
<rw-visits order="12799">7</rw-visits>
<rw-visits order="12957">7</rw-visits>
<rw-visits order="13115">7</rw-visits>
<rw-visits order="13273">7</rw-visits>
<rw-visits order="13431">7</rw-visits>
<rw-visits order="13589">6</rw-visits>
<rw-visits order="13747">6</rw-visits>
<rw-visits order="13905">6</rw-visits>
<rw-visits order="14063">6</rw-visits>
<rw-visits order="14221">6</rw-visits>
<rw-visits order="14379">6</rw-visits>
<rw-visits order="14537">6</rw-visits>
<rw-visits order="14695">5</rw-visits>
<rw-visits order="14853">5</rw-visits>
<rw-visits order="15011">5</rw-visits>
<rw-visits order="15169">5</rw-visits>
<rw-visits order="15327">5</rw-visits>
<rw-visits order="15485">5</rw-visits>
<rw-visits order="15643">5</rw-visits>
<rw-visits order="15801">5</rw-visits>
<rw-visits order="15959">5</rw-visits>
<rw-visits order="16117">4</rw-visits>
<rw-visits order="16275">4</rw-visits>
<rw-visits order="16433">4</rw-visits>
<rw-visits order="16591">4</rw-visits>
<rw-visits order="16749">4</rw-visits>
<rw-visits order="16907">4</rw-visits>
<rw-visits order="17065">4</rw-visits>
<rw-visits order="17223">4</rw-visits>
<rw-visits order="17381">4</rw-visits>
<rw-visits order="17539">4</rw-visits>
<rw-visits order="17697">4</rw-visits>
<rw-visits order="17855">4</rw-visits>
<rw-visits order="18013">4</rw-visits>
<rw-visits order="18171">3</rw-visits>
<rw-visits order="18329">3</rw-visits>
<rw-visits order="18487">3</rw-visits>
<rw-visits order="18645">3</rw-visits>
<rw-visits order="18803">3</rw-visits>
<rw-visits order="18961">3</rw-visits>
<rw-visits order="19119">3</rw-visits>
<rw-visits order="19277">3</rw-visits>
<rw-visits order="19435">3</rw-visits>
<rw-visits order="19593">3</rw-visits>
<rw-visits order="19751">3</rw-visits>
<rw-visits order="19909">3</rw-visits>
<rw-visits order="20067">3</rw-visits>
<rw-visits order="20225">3</rw-visits>
<rw-visits order="20383">3</rw-visits>
<rw-visits order="20541">3</rw-visits>
<rw-visits order="20699">3</rw-visits>
<rw-visits order="20857">2</rw-visits>
<rw-visits order="21015">2</rw-visits>
<rw-visits order="21173">2</rw-visits>
<rw-visits order="21331">2</rw-visits>
<rw-visits order="21489">2</rw-visits>
<rw-visits order="21647">2</rw-visits>
<rw-visits order="21805">2</rw-visits>
<rw-visits order="21963">2</rw-visits>
<rw-visits order="22121">2</rw-visits>
<rw-visits order="22279">2</rw-visits>
<rw-visits order="22437">2</rw-visits>
<rw-visits order="22595">2</rw-visits>
<rw-visits order="22753">2</rw-visits>
<rw-visits order="22911">2</rw-visits>
<rw-visits order="23069">2</rw-visits>
<rw-visits order="23227">2</rw-visits>
<rw-visits order="23385">2</rw-visits>
<rw-visits order="23543">2</rw-visits>
<rw-visits order="23701">2</rw-visits>
<rw-visits order="23859">2</rw-visits>
<rw-visits order="24017">2</rw-visits>
<rw-visits order="24175">2</rw-visits>
<rw-visits order="24333">2</rw-visits>
<rw-visits order="24491">2</rw-visits>
<rw-visits order="24649">2</rw-visits>
<rw-visits order="24807">2</rw-visits>
<rw-visits order="24965">1</rw-visits>
<rw-visits order="25123">1</rw-visits>
<rw-visits order="25281">1</rw-visits>
<rw-visits order="25439">1</rw-visits>
<rw-visits order="25597">1</rw-visits>
<rw-visits order="25755">1</rw-visits>
<rw-visits order="25913">1</rw-visits>
<rw-visits order="26071">1</rw-visits>
<rw-visits order="26229">1</rw-visits>
<rw-visits order="26387">1</rw-visits>
<rw-visits order="26545">1</rw-visits>
<rw-visits order="26703">1</rw-visits>
<rw-visits order="26861">1</rw-visits>
<rw-visits order="27019">1</rw-visits>
<rw-visits order="27177">1</rw-visits>
<rw-visits order="27335">1</rw-visits>
<rw-visits order="27493">1</rw-visits>
<rw-visits order="27651">1</rw-visits>
<rw-visits order="27809">1</rw-visits>
<rw-visits order="27967">1</rw-visits>
<rw-visits order="28125">1</rw-visits>
<rw-visits order="28283">1</rw-visits>
<rw-visits order="28441">1</rw-visits>
<rw-visits order="28599">1</rw-visits>
<rw-visits order="28757">1</rw-visits>
<rw-visits order="28915">1</rw-visits>
<rw-visits order="29073">1</rw-visits>
<rw-visits order="29231">1</rw-visits>
<rw-visits order="29389">1</rw-visits>
<rw-visits order="29547">1</rw-visits>
<rw-visits order="29705">1</rw-visits>
<rw-visits order="29863">1</rw-visits>
<rw-visits order="30021">1</rw-visits>
<rw-visits order="30179">1</rw-visits>
<rw-visits order="30337">1</rw-visits>
<rw-visits order="30495">1</rw-visits>
<rw-visits order="30653">1</rw-visits>
<rw-visits order="30811">1</rw-visits>
<rw-visits order="30969">1</rw-visits>
<rw-visits order="31127">1</rw-visits>
<rw-visits order="31285">1</rw-visits>
<rw-visits order="31443">1</rw-visits>
<rw-visits order="31601">1</rw-visits>
<final-coverage>51.9427</final-coverage>
</rw-info>
<local-info>
<diamonds>7.36797</diamonds>
<neighborhood k="4">33</neighborhood>
<clustering k="4">1.10547</clustering>
</local-info>
<label-info>
<edge-label id="0.0+1.17">496</edge-label>
<edge-label id="0.0+1.26">1920</edge-label>
<edge-label id="0.0+1.7">1152</edge-label>
<edge-label id="0.1+1.17">496</edge-label>
<edge-label id="0.1+1.26">1920</edge-label>
<edge-label id="0.1+1.7">1152</edge-label>
<edge-label id="0.2+1.17">496</edge-label>
<edge-label id="0.2+1.26">1920</edge-label>
<edge-label id="0.2+1.7">1152</edge-label>
<edge-label id="0.3+1.17">496</edge-label>
<edge-label id="0.3+1.26">1920</edge-label>
<edge-label id="0.3+1.7">1152</edge-label>
<edge-label id="0.4+1.17">496</edge-label>
<edge-label id="0.4+1.26">1920</edge-label>
<edge-label id="0.4+1.7">1152</edge-label>
<edge-label id="0.5+1.17">496</edge-label>
<edge-label id="0.5+1.26">1920</edge-label>
<edge-label id="0.5+1.7">1152</edge-label>
<edge-label id="0.7+1.15">496</edge-label>
<edge-label id="0.7+1.24">1920</edge-label>
<edge-label id="0.7+1.3">1152</edge-label>
<edge-label id="0.8+1.15">496</edge-label>
<edge-label id="0.8+1.24">1920</edge-label>
<edge-label id="0.8+1.3">1152</edge-label>
<edge-label id="0.9+1.15">496</edge-label>
<edge-label id="0.9+1.24">1920</edge-label>
<edge-label id="0.9+1.3">1152</edge-label>
<edge-label id="1.10+0.6">2076</edge-label>
<edge-label id="1.13">2274</edge-label>
<edge-label id="1.16+0.10">297</edge-label>
<edge-label id="1.18+4.0">594</edge-label>
<edge-label id="1.21+4.9">384</edge-label>
<edge-label id="1.22+4.9">768</edge-label>
<edge-label id="1.25+0.10">960</edge-label>
<edge-label id="1.4+4.0">2760</edge-label>
<edge-label id="1.6+0.10">48</edge-label>
<edge-label id="1.8+4.0">5520</edge-label>
<edge-label id="2.0+3.17">496</edge-label>
<edge-label id="2.0+3.26">1920</edge-label>
<edge-label id="2.0+3.7">1152</edge-label>
<edge-label id="2.1+3.17">496</edge-label>
<edge-label id="2.1+3.26">1920</edge-label>
<edge-label id="2.1+3.7">1152</edge-label>
<edge-label id="2.2+3.17">496</edge-label>
<edge-label id="2.2+3.26">1920</edge-label>
<edge-label id="2.2+3.7">1152</edge-label>
<edge-label id="2.3+3.17">496</edge-label>
<edge-label id="2.3+3.26">1920</edge-label>
<edge-label id="2.3+3.7">1152</edge-label>
<edge-label id="2.4+3.17">496</edge-label>
<edge-label id="2.4+3.26">1920</edge-label>
<edge-label id="2.4+3.7">1152</edge-label>
<edge-label id="2.5+3.17">496</edge-label>
<edge-label id="2.5+3.26">1920</edge-label>
<edge-label id="2.5+3.7">1152</edge-label>
<edge-label id="2.7+3.15">496</edge-label>
<edge-label id="2.7+3.24">1920</edge-label>
<edge-label id="2.7+3.3">1152</edge-label>
<edge-label id="2.8+3.15">496</edge-label>
<edge-label id="2.8+3.24">1920</edge-label>
<edge-label id="2.8+3.3">1152</edge-label>
<edge-label id="2.9+3.15">496</edge-label>
<edge-label id="2.9+3.24">1920</edge-label>
<edge-label id="2.9+3.3">1152</edge-label>
<edge-label id="3.10+2.6">2076</edge-label>
<edge-label id="3.13">2124</edge-label>
<edge-label id="3.16+2.10">297</edge-label>
<edge-label id="3.18+4.1">594</edge-label>
<edge-label id="3.21+4.10">384</edge-label>
<edge-label id="3.22+4.10">768</edge-label>
<edge-label id="3.25+2.10">960</edge-label>
<edge-label id="3.4+4.1">2760</edge-label>
<edge-label id="3.6+2.10">48</edge-label>
<edge-label id="3.8+4.1">5520</edge-label>
<edge-label id="4.11">2304</edge-label>
<edge-label id="4.12+1.5">384</edge-label>
<edge-label id="4.12+1.9">768</edge-label>
<edge-label id="4.13+3.5">384</edge-label>
<edge-label id="4.13+3.9">768</edge-label>
<edge-label id="4.2">7662</edge-label>
<edge-label id="4.3+1.11">450</edge-label>
<edge-label id="4.3+1.20">5760</edge-label>
<edge-label id="4.4+3.11">450</edge-label>
<edge-label id="4.4+3.20">5760</edge-label>
<edge-label id="4.5+1.19">300</edge-label>
<edge-label id="4.6+3.19">300</edge-label>
<edge-label id="4.7">2304</edge-label>
<edge-label id="4.8">2304</edge-label>
<state-labels procid="0">
<label id="[0,0,0,255,255]">320</label>
<label id="[0,0,1,255,255]">320</label>
<label id="[0,1,0,255,255]">320</label>
<label id="[0,1,1,255,255]">320</label>
<label id="[0,2,0,255,255]">320</label>
<label id="[0,2,1,255,255]">320</label>
<label id="[0,255,255,0,0]">405</label>
<label id="[0,255,255,0,1]">400</label>
<label id="[0,255,255,1,0]">405</label>
<label id="[0,255,255,1,1]">400</label>
<label id="[0,255,255,2,0]">405</label>
<label id="[0,255,255,2,1]">400</label>
<label id="[0,255,255,255,255]">1</label>
<label id="[1,0,0,255,255]">6433</label>
<label id="[1,0,1,255,255]">6433</label>
<label id="[1,1,0,255,255]">6433</label>
<label id="[1,1,1,255,255]">6433</label>
<label id="[1,2,0,255,255]">6433</label>
<label id="[1,2,1,255,255]">6433</label>
<label id="[1,255,255,0,2]">6038</label>
<label id="[1,255,255,1,2]">6038</label>
<label id="[1,255,255,2,2]">6038</label>
</state-labels><state-labels procid="1">
<label id="[0,-1]">27624</label>
<label id="[0,0]">2689</label>
<label id="[1,-1]">5880</label>
<label id="[1,0]">3945</label>
<label id="[2,-1]">12480</label>
<label id="[2,0]">8430</label>
</state-labels><state-labels procid="2">
<label id="[0,0,2,-1]">414</label>
<label id="[0,0,3,-1]">300</label>
<label id="[0,1,2,-1]">414</label>
<label id="[0,1,3,-1]">282</label>
<label id="[0,2,2,-1]">414</label>
<label id="[0,2,3,-1]">282</label>
<label id="[0,3,2,-1]">414</label>
<label id="[0,3,3,-1]">282</label>
<label id="[0,4,2,-1]">414</label>
<label id="[0,4,3,-1]">282</label>
<label id="[0,5,2,-1]">414</label>
<label id="[0,5,3,-1]">282</label>
<label id="[0,6,2,-1]">414</label>
<label id="[0,6,3,-1]">282</label>
<label id="[0,7,2,-1]">414</label>
<label id="[0,7,3,-1]">282</label>
<label id="[10,0,0,-1]">15</label>
<label id="[10,0,1,-1]">15</label>
<label id="[10,0,2,-1]">15</label>
<label id="[10,1,0,-1]">12</label>
<label id="[10,1,1,-1]">12</label>
<label id="[10,1,2,-1]">12</label>
<label id="[10,2,0,-1]">12</label>
<label id="[10,2,1,-1]">12</label>
<label id="[10,2,2,-1]">12</label>
<label id="[10,3,0,-1]">12</label>
<label id="[10,3,1,-1]">12</label>
<label id="[10,3,2,-1]">12</label>
<label id="[10,4,0,-1]">12</label>
<label id="[10,4,1,-1]">12</label>
<label id="[10,4,2,-1]">12</label>
<label id="[10,5,0,-1]">12</label>
<label id="[10,5,1,-1]">12</label>
<label id="[10,5,2,-1]">12</label>
<label id="[10,6,0,-1]">12</label>
<label id="[10,6,1,-1]">12</label>
<label id="[10,6,2,-1]">12</label>
<label id="[10,7,0,-1]">12</label>
<label id="[10,7,1,-1]">12</label>
<label id="[10,7,2,-1]">12</label>
<label id="[11,0,0,-1]">15</label>
<label id="[11,0,1,-1]">15</label>
<label id="[11,0,16,-1]">15</label>
<label id="[11,0,17,-1]">15</label>
<label id="[11,0,32,-1]">15</label>
<label id="[11,0,33,-1]">15</label>
<label id="[11,1,0,-1]">12</label>
<label id="[11,1,1,-1]">12</label>
<label id="[11,1,16,-1]">12</label>
<label id="[11,1,17,-1]">12</label>
<label id="[11,1,32,-1]">12</label>
<label id="[11,1,33,-1]">12</label>
<label id="[11,2,0,-1]">12</label>
<label id="[11,2,1,-1]">12</label>
<label id="[11,2,16,-1]">12</label>
<label id="[11,2,17,-1]">12</label>
<label id="[11,2,32,-1]">12</label>
<label id="[11,2,33,-1]">12</label>
<label id="[11,3,0,-1]">12</label>
<label id="[11,3,1,-1]">12</label>
<label id="[11,3,16,-1]">12</label>
<label id="[11,3,17,-1]">12</label>
<label id="[11,3,32,-1]">12</label>
<label id="[11,3,33,-1]">12</label>
<label id="[11,4,0,-1]">12</label>
<label id="[11,4,1,-1]">12</label>
<label id="[11,4,16,-1]">12</label>
<label id="[11,4,17,-1]">12</label>
<label id="[11,4,32,-1]">12</label>
<label id="[11,4,33,-1]">12</label>
<label id="[11,5,0,-1]">12</label>
<label id="[11,5,1,-1]">12</label>
<label id="[11,5,16,-1]">12</label>
<label id="[11,5,17,-1]">12</label>
<label id="[11,5,32,-1]">12</label>
<label id="[11,5,33,-1]">12</label>
<label id="[11,6,0,-1]">12</label>
<label id="[11,6,1,-1]">12</label>
<label id="[11,6,16,-1]">12</label>
<label id="[11,6,17,-1]">12</label>
<label id="[11,6,32,-1]">12</label>
<label id="[11,6,33,-1]">12</label>
<label id="[11,7,0,-1]">12</label>
<label id="[11,7,1,-1]">12</label>
<label id="[11,7,16,-1]">12</label>
<label id="[11,7,17,-1]">12</label>
<label id="[11,7,32,-1]">12</label>
<label id="[11,7,33,-1]">12</label>
<label id="[12,0,0,-1]">32</label>
<label id="[12,0,1,-1]">32</label>
<label id="[12,0,16,-1]">32</label>
<label id="[12,0,17,-1]">32</label>
<label id="[12,0,32,-1]">32</label>
<label id="[12,0,33,-1]">32</label>
<label id="[12,1,0,-1]">24</label>
<label id="[12,1,1,-1]">24</label>
<label id="[12,1,16,-1]">24</label>
<label id="[12,1,17,-1]">24</label>
<label id="[12,1,32,-1]">24</label>
<label id="[12,1,33,-1]">24</label>
<label id="[12,2,0,-1]">24</label>
<label id="[12,2,1,-1]">24</label>
<label id="[12,2,16,-1]">24</label>
<label id="[12,2,17,-1]">24</label>
<label id="[12,2,32,-1]">24</label>
<label id="[12,2,33,-1]">24</label>
<label id="[12,3,0,-1]">24</label>
<label id="[12,3,1,-1]">24</label>
<label id="[12,3,16,-1]">24</label>
<label id="[12,3,17,-1]">24</label>
<label id="[12,3,32,-1]">24</label>
<label id="[12,3,33,-1]">24</label>
<label id="[12,4,0,-1]">24</label>
<label id="[12,4,1,-1]">24</label>
<label id="[12,4,16,-1]">24</label>
<label id="[12,4,17,-1]">24</label>
<label id="[12,4,32,-1]">24</label>
<label id="[12,4,33,-1]">24</label>
<label id="[12,5,0,-1]">24</label>
<label id="[12,5,1,-1]">24</label>
<label id="[12,5,16,-1]">24</label>
<label id="[12,5,17,-1]">24</label>
<label id="[12,5,32,-1]">24</label>
<label id="[12,5,33,-1]">24</label>
<label id="[12,6,0,-1]">24</label>
<label id="[12,6,1,-1]">24</label>
<label id="[12,6,16,-1]">24</label>
<label id="[12,6,17,-1]">24</label>
<label id="[12,6,32,-1]">24</label>
<label id="[12,6,33,-1]">24</label>
<label id="[12,7,0,-1]">24</label>
<label id="[12,7,1,-1]">24</label>
<label id="[12,7,16,-1]">24</label>
<label id="[12,7,17,-1]">24</label>
<label id="[12,7,32,-1]">24</label>
<label id="[12,7,33,-1]">24</label>
<label id="[13,0,0,-1]">431</label>
<label id="[13,0,1,-1]">391</label>
<label id="[13,0,16,-1]">391</label>
<label id="[13,0,2,-1]">391</label>
<label id="[13,0,32,-1]">391</label>
<label id="[13,1,0,-1]">391</label>
<label id="[13,1,1,-1]">431</label>
<label id="[13,1,16,-1]">391</label>
<label id="[13,1,2,-1]">391</label>
<label id="[13,1,32,-1]">391</label>
<label id="[13,2,0,-1]">431</label>
<label id="[13,2,1,-1]">391</label>
<label id="[13,2,17,-1]">391</label>
<label id="[13,2,2,-1]">391</label>
<label id="[13,2,32,-1]">391</label>
<label id="[13,3,0,-1]">391</label>
<label id="[13,3,1,-1]">431</label>
<label id="[13,3,17,-1]">391</label>
<label id="[13,3,2,-1]">391</label>
<label id="[13,3,32,-1]">391</label>
<label id="[13,4,0,-1]">431</label>
<label id="[13,4,1,-1]">391</label>
<label id="[13,4,16,-1]">391</label>
<label id="[13,4,2,-1]">391</label>
<label id="[13,4,33,-1]">391</label>
<label id="[13,5,0,-1]">391</label>
<label id="[13,5,1,-1]">431</label>
<label id="[13,5,16,-1]">391</label>
<label id="[13,5,2,-1]">391</label>
<label id="[13,5,33,-1]">391</label>
<label id="[13,6,0,-1]">431</label>
<label id="[13,6,1,-1]">391</label>
<label id="[13,6,17,-1]">391</label>
<label id="[13,6,2,-1]">391</label>
<label id="[13,6,33,-1]">391</label>
<label id="[13,7,0,-1]">391</label>
<label id="[13,7,1,-1]">431</label>
<label id="[13,7,17,-1]">391</label>
<label id="[13,7,2,-1]">391</label>
<label id="[13,7,33,-1]">391</label>
<label id="[14,0,1,-1]">144</label>
<label id="[14,0,2,-1]">288</label>
<label id="[14,1,1,-1]">144</label>
<label id="[14,1,2,-1]">288</label>
<label id="[14,2,1,-1]">144</label>
<label id="[14,2,2,-1]">288</label>
<label id="[14,3,1,-1]">144</label>
<label id="[14,3,2,-1]">288</label>
<label id="[14,4,1,-1]">144</label>
<label id="[14,4,2,-1]">288</label>
<label id="[14,5,1,-1]">144</label>
<label id="[14,5,2,-1]">288</label>
<label id="[14,6,1,-1]">144</label>
<label id="[14,6,2,-1]">288</label>
<label id="[14,7,1,-1]">144</label>
<label id="[14,7,2,-1]">288</label>
<label id="[15,0,0,-1]">40</label>
<label id="[15,0,1,-1]">40</label>
<label id="[15,0,2,-1]">40</label>
<label id="[15,1,0,-1]">40</label>
<label id="[15,1,1,-1]">40</label>
<label id="[15,1,2,-1]">40</label>
<label id="[15,2,0,-1]">40</label>
<label id="[15,2,1,-1]">40</label>
<label id="[15,2,2,-1]">40</label>
<label id="[15,3,0,-1]">40</label>
<label id="[15,3,1,-1]">40</label>
<label id="[15,3,2,-1]">40</label>
<label id="[15,4,0,-1]">40</label>
<label id="[15,4,1,-1]">40</label>
<label id="[15,4,2,-1]">40</label>
<label id="[15,5,0,-1]">40</label>
<label id="[15,5,1,-1]">40</label>
<label id="[15,5,2,-1]">40</label>
<label id="[15,6,0,-1]">40</label>
<label id="[15,6,1,-1]">40</label>
<label id="[15,6,2,-1]">40</label>
<label id="[15,7,0,-1]">40</label>
<label id="[15,7,1,-1]">40</label>
<label id="[15,7,2,-1]">40</label>
<label id="[2,0,0,-1]">120</label>
<label id="[2,0,1,-1]">120</label>
<label id="[2,0,2,-1]">120</label>
<label id="[2,1,0,-1]">120</label>
<label id="[2,1,1,-1]">120</label>
<label id="[2,1,2,-1]">120</label>
<label id="[2,2,0,-1]">120</label>
<label id="[2,2,1,-1]">120</label>
<label id="[2,2,2,-1]">120</label>
<label id="[2,3,0,-1]">80</label>
<label id="[2,3,1,-1]">80</label>
<label id="[2,3,2,-1]">80</label>
<label id="[2,4,0,-1]">120</label>
<label id="[2,4,1,-1]">120</label>
<label id="[2,4,2,-1]">120</label>
<label id="[2,5,0,-1]">120</label>
<label id="[2,5,1,-1]">120</label>
<label id="[2,5,2,-1]">120</label>
<label id="[2,6,0,-1]">120</label>
<label id="[2,6,1,-1]">120</label>
<label id="[2,6,2,-1]">120</label>
<label id="[2,7,0,-1]">120</label>
<label id="[2,7,1,-1]">120</label>
<label id="[2,7,2,-1]">120</label>
<label id="[3,0,0,-1]">120</label>
<label id="[3,0,1,-1]">120</label>
<label id="[3,0,16,-1]">120</label>
<label id="[3,0,17,-1]">120</label>
<label id="[3,0,32,-1]">120</label>
<label id="[3,0,33,-1]">120</label>
<label id="[3,1,0,-1]">120</label>
<label id="[3,1,1,-1]">120</label>
<label id="[3,1,16,-1]">120</label>
<label id="[3,1,17,-1]">120</label>
<label id="[3,1,32,-1]">120</label>
<label id="[3,1,33,-1]">120</label>
<label id="[3,2,0,-1]">120</label>
<label id="[3,2,1,-1]">120</label>
<label id="[3,2,16,-1]">120</label>
<label id="[3,2,17,-1]">120</label>
<label id="[3,2,32,-1]">120</label>
<label id="[3,2,33,-1]">120</label>
<label id="[3,3,0,-1]">80</label>
<label id="[3,3,1,-1]">80</label>
<label id="[3,3,16,-1]">80</label>
<label id="[3,3,17,-1]">80</label>
<label id="[3,3,32,-1]">80</label>
<label id="[3,3,33,-1]">80</label>
<label id="[3,4,0,-1]">120</label>
<label id="[3,4,1,-1]">120</label>
<label id="[3,4,16,-1]">120</label>
<label id="[3,4,17,-1]">120</label>
<label id="[3,4,32,-1]">120</label>
<label id="[3,4,33,-1]">120</label>
<label id="[3,5,0,-1]">120</label>
<label id="[3,5,1,-1]">120</label>
<label id="[3,5,16,-1]">120</label>
<label id="[3,5,17,-1]">120</label>
<label id="[3,5,32,-1]">120</label>
<label id="[3,5,33,-1]">120</label>
<label id="[3,6,0,-1]">120</label>
<label id="[3,6,1,-1]">120</label>
<label id="[3,6,16,-1]">120</label>
<label id="[3,6,17,-1]">120</label>
<label id="[3,6,32,-1]">120</label>
<label id="[3,6,33,-1]">120</label>
<label id="[3,7,0,-1]">120</label>
<label id="[3,7,1,-1]">120</label>
<label id="[3,7,16,-1]">120</label>
<label id="[3,7,17,-1]">120</label>
<label id="[3,7,32,-1]">120</label>
<label id="[3,7,33,-1]">120</label>
<label id="[4,0,0,-1]">240</label>
<label id="[4,0,1,-1]">240</label>
<label id="[4,0,2,-1]">240</label>
<label id="[4,1,0,-1]">240</label>
<label id="[4,1,1,-1]">240</label>
<label id="[4,1,2,-1]">240</label>
<label id="[4,2,0,-1]">240</label>
<label id="[4,2,1,-1]">240</label>
<label id="[4,2,2,-1]">240</label>
<label id="[4,3,0,-1]">240</label>
<label id="[4,3,1,-1]">240</label>
<label id="[4,3,2,-1]">240</label>
<label id="[4,4,0,-1]">240</label>
<label id="[4,4,1,-1]">240</label>
<label id="[4,4,2,-1]">240</label>
<label id="[4,5,0,-1]">240</label>
<label id="[4,5,1,-1]">240</label>
<label id="[4,5,2,-1]">240</label>
<label id="[4,6,0,-1]">240</label>
<label id="[4,6,1,-1]">240</label>
<label id="[4,6,2,-1]">240</label>
<label id="[4,7,0,-1]">240</label>
<label id="[4,7,1,-1]">240</label>
<label id="[4,7,2,-1]">240</label>
<label id="[5,0,0,-1]">2</label>
<label id="[5,0,1,-1]">2</label>
<label id="[5,0,2,-1]">2</label>
<label id="[5,1,0,-1]">2</label>
<label id="[5,1,1,-1]">2</label>
<label id="[5,1,2,-1]">2</label>
<label id="[5,2,0,-1]">2</label>
<label id="[5,2,1,-1]">2</label>
<label id="[5,2,2,-1]">2</label>
<label id="[5,3,0,-1]">2</label>
<label id="[5,3,1,-1]">2</label>
<label id="[5,3,2,-1]">2</label>
<label id="[5,4,0,-1]">2</label>
<label id="[5,4,1,-1]">2</label>
<label id="[5,4,2,-1]">2</label>
<label id="[5,5,0,-1]">2</label>
<label id="[5,5,1,-1]">2</label>
<label id="[5,5,2,-1]">2</label>
<label id="[5,6,0,-1]">2</label>
<label id="[5,6,1,-1]">2</label>
<label id="[5,6,2,-1]">2</label>
<label id="[5,7,0,-1]">2</label>
<label id="[5,7,1,-1]">2</label>
<label id="[5,7,2,-1]">2</label>
<label id="[6,0,0,-1]">240</label>
<label id="[6,0,1,-1]">240</label>
<label id="[6,0,16,-1]">240</label>
<label id="[6,0,17,-1]">240</label>
<label id="[6,0,32,-1]">240</label>
<label id="[6,0,33,-1]">240</label>
<label id="[6,1,0,-1]">240</label>
<label id="[6,1,1,-1]">240</label>
<label id="[6,1,16,-1]">240</label>
<label id="[6,1,17,-1]">240</label>
<label id="[6,1,32,-1]">240</label>
<label id="[6,1,33,-1]">240</label>
<label id="[6,2,0,-1]">240</label>
<label id="[6,2,1,-1]">240</label>
<label id="[6,2,16,-1]">240</label>
<label id="[6,2,17,-1]">240</label>
<label id="[6,2,32,-1]">240</label>
<label id="[6,2,33,-1]">240</label>
<label id="[6,3,0,-1]">240</label>
<label id="[6,3,1,-1]">240</label>
<label id="[6,3,16,-1]">240</label>
<label id="[6,3,17,-1]">240</label>
<label id="[6,3,32,-1]">240</label>
<label id="[6,3,33,-1]">240</label>
<label id="[6,4,0,-1]">240</label>
<label id="[6,4,1,-1]">240</label>
<label id="[6,4,16,-1]">240</label>
<label id="[6,4,17,-1]">240</label>
<label id="[6,4,32,-1]">240</label>
<label id="[6,4,33,-1]">240</label>
<label id="[6,5,0,-1]">240</label>
<label id="[6,5,1,-1]">240</label>
<label id="[6,5,16,-1]">240</label>
<label id="[6,5,17,-1]">240</label>
<label id="[6,5,32,-1]">240</label>
<label id="[6,5,33,-1]">240</label>
<label id="[6,6,0,-1]">240</label>
<label id="[6,6,1,-1]">240</label>
<label id="[6,6,16,-1]">240</label>
<label id="[6,6,17,-1]">240</label>
<label id="[6,6,32,-1]">240</label>
<label id="[6,6,33,-1]">240</label>
<label id="[6,7,0,-1]">240</label>
<label id="[6,7,1,-1]">240</label>
<label id="[6,7,16,-1]">240</label>
<label id="[6,7,17,-1]">240</label>
<label id="[6,7,32,-1]">240</label>
<label id="[6,7,33,-1]">240</label>
<label id="[7,0,0,-1]">45</label>
<label id="[7,0,1,-1]">45</label>
<label id="[7,0,16,-1]">45</label>
<label id="[7,0,17,-1]">45</label>
<label id="[7,0,32,-1]">45</label>
<label id="[7,0,33,-1]">45</label>
<label id="[7,1,0,-1]">43</label>
<label id="[7,1,1,-1]">43</label>
<label id="[7,1,16,-1]">43</label>
<label id="[7,1,17,-1]">43</label>
<label id="[7,1,32,-1]">43</label>
<label id="[7,1,33,-1]">43</label>
<label id="[7,2,0,-1]">43</label>
<label id="[7,2,1,-1]">43</label>
<label id="[7,2,16,-1]">43</label>
<label id="[7,2,17,-1]">43</label>
<label id="[7,2,32,-1]">43</label>
<label id="[7,2,33,-1]">43</label>
<label id="[7,3,0,-1]">43</label>
<label id="[7,3,1,-1]">43</label>
<label id="[7,3,16,-1]">43</label>
<label id="[7,3,17,-1]">43</label>
<label id="[7,3,32,-1]">43</label>
<label id="[7,3,33,-1]">43</label>
<label id="[7,4,0,-1]">43</label>
<label id="[7,4,1,-1]">43</label>
<label id="[7,4,16,-1]">43</label>
<label id="[7,4,17,-1]">43</label>
<label id="[7,4,32,-1]">43</label>
<label id="[7,4,33,-1]">43</label>
<label id="[7,5,0,-1]">43</label>
<label id="[7,5,1,-1]">43</label>
<label id="[7,5,16,-1]">43</label>
<label id="[7,5,17,-1]">43</label>
<label id="[7,5,32,-1]">43</label>
<label id="[7,5,33,-1]">43</label>
<label id="[7,6,0,-1]">43</label>
<label id="[7,6,1,-1]">43</label>
<label id="[7,6,16,-1]">43</label>
<label id="[7,6,17,-1]">43</label>
<label id="[7,6,32,-1]">43</label>
<label id="[7,6,33,-1]">43</label>
<label id="[7,7,0,-1]">43</label>
<label id="[7,7,1,-1]">43</label>
<label id="[7,7,16,-1]">43</label>
<label id="[7,7,17,-1]">43</label>
<label id="[7,7,32,-1]">43</label>
<label id="[7,7,33,-1]">43</label>
<label id="[8,0,0,-1]">95</label>
<label id="[8,0,1,-1]">244</label>
<label id="[8,0,2,-1]">94</label>
<label id="[8,1,0,-1]">74</label>
<label id="[8,1,1,-1]">224</label>
<label id="[8,1,2,-1]">74</label>
<label id="[8,2,0,-1]">74</label>
<label id="[8,2,1,-1]">224</label>
<label id="[8,2,2,-1]">74</label>
<label id="[8,3,0,-1]">74</label>
<label id="[8,3,1,-1]">224</label>
<label id="[8,3,2,-1]">74</label>
<label id="[8,4,0,-1]">74</label>
<label id="[8,4,1,-1]">224</label>
<label id="[8,4,2,-1]">74</label>
<label id="[8,5,0,-1]">74</label>
<label id="[8,5,1,-1]">224</label>
<label id="[8,5,2,-1]">74</label>
<label id="[8,6,0,-1]">74</label>
<label id="[8,6,1,-1]">224</label>
<label id="[8,6,2,-1]">74</label>
<label id="[8,7,0,-1]">74</label>
<label id="[8,7,1,-1]">224</label>
<label id="[8,7,2,-1]">74</label>
<label id="[9,0,3,-1]">300</label>
<label id="[9,1,3,-1]">282</label>
<label id="[9,2,3,-1]">282</label>
<label id="[9,3,3,-1]">282</label>
<label id="[9,4,3,-1]">282</label>
<label id="[9,5,3,-1]">282</label>
<label id="[9,6,3,-1]">282</label>
<label id="[9,7,3,-1]">282</label>
</state-labels><state-labels procid="3">
<label id="[0,-1]">32328</label>
<label id="[0,0]">2743</label>
<label id="[1,-1]">5112</label>
<label id="[1,0]">3177</label>
<label id="[2,-1]">10848</label>
<label id="[2,0]">6840</label>
</state-labels><state-labels procid="4">
<label id="[0,0,2,-1]">318</label>
<label id="[0,0,3,-1]">276</label>
<label id="[0,1,2,-1]">318</label>
<label id="[0,1,3,-1]">264</label>
<label id="[0,2,2,-1]">318</label>
<label id="[0,2,3,-1]">264</label>
<label id="[0,3,2,-1]">318</label>
<label id="[0,3,3,-1]">264</label>
<label id="[0,4,2,-1]">318</label>
<label id="[0,4,3,-1]">264</label>
<label id="[0,5,2,-1]">318</label>
<label id="[0,5,3,-1]">264</label>
<label id="[0,6,2,-1]">318</label>
<label id="[0,6,3,-1]">264</label>
<label id="[0,7,2,-1]">318</label>
<label id="[0,7,3,-1]">264</label>
<label id="[10,0,0,-1]">15</label>
<label id="[10,0,1,-1]">15</label>
<label id="[10,0,2,-1]">15</label>
<label id="[10,1,0,-1]">12</label>
<label id="[10,1,1,-1]">12</label>
<label id="[10,1,2,-1]">12</label>
<label id="[10,2,0,-1]">12</label>
<label id="[10,2,1,-1]">12</label>
<label id="[10,2,2,-1]">12</label>
<label id="[10,3,0,-1]">12</label>
<label id="[10,3,1,-1]">12</label>
<label id="[10,3,2,-1]">12</label>
<label id="[10,4,0,-1]">12</label>
<label id="[10,4,1,-1]">12</label>
<label id="[10,4,2,-1]">12</label>
<label id="[10,5,0,-1]">12</label>
<label id="[10,5,1,-1]">12</label>
<label id="[10,5,2,-1]">12</label>
<label id="[10,6,0,-1]">12</label>
<label id="[10,6,1,-1]">12</label>
<label id="[10,6,2,-1]">12</label>
<label id="[10,7,0,-1]">12</label>
<label id="[10,7,1,-1]">12</label>
<label id="[10,7,2,-1]">12</label>
<label id="[11,0,0,-1]">15</label>
<label id="[11,0,1,-1]">15</label>
<label id="[11,0,16,-1]">15</label>
<label id="[11,0,17,-1]">15</label>
<label id="[11,0,32,-1]">15</label>
<label id="[11,0,33,-1]">15</label>
<label id="[11,1,0,-1]">12</label>
<label id="[11,1,1,-1]">12</label>
<label id="[11,1,16,-1]">12</label>
<label id="[11,1,17,-1]">12</label>
<label id="[11,1,32,-1]">12</label>
<label id="[11,1,33,-1]">12</label>
<label id="[11,2,0,-1]">12</label>
<label id="[11,2,1,-1]">12</label>
<label id="[11,2,16,-1]">12</label>
<label id="[11,2,17,-1]">12</label>
<label id="[11,2,32,-1]">12</label>
<label id="[11,2,33,-1]">12</label>
<label id="[11,3,0,-1]">12</label>
<label id="[11,3,1,-1]">12</label>
<label id="[11,3,16,-1]">12</label>
<label id="[11,3,17,-1]">12</label>
<label id="[11,3,32,-1]">12</label>
<label id="[11,3,33,-1]">12</label>
<label id="[11,4,0,-1]">12</label>
<label id="[11,4,1,-1]">12</label>
<label id="[11,4,16,-1]">12</label>
<label id="[11,4,17,-1]">12</label>
<label id="[11,4,32,-1]">12</label>
<label id="[11,4,33,-1]">12</label>
<label id="[11,5,0,-1]">12</label>
<label id="[11,5,1,-1]">12</label>
<label id="[11,5,16,-1]">12</label>
<label id="[11,5,17,-1]">12</label>
<label id="[11,5,32,-1]">12</label>
<label id="[11,5,33,-1]">12</label>
<label id="[11,6,0,-1]">12</label>
<label id="[11,6,1,-1]">12</label>
<label id="[11,6,16,-1]">12</label>
<label id="[11,6,17,-1]">12</label>
<label id="[11,6,32,-1]">12</label>
<label id="[11,6,33,-1]">12</label>
<label id="[11,7,0,-1]">12</label>
<label id="[11,7,1,-1]">12</label>
<label id="[11,7,16,-1]">12</label>
<label id="[11,7,17,-1]">12</label>
<label id="[11,7,32,-1]">12</label>
<label id="[11,7,33,-1]">12</label>
<label id="[12,0,0,-1]">28</label>
<label id="[12,0,1,-1]">28</label>
<label id="[12,0,16,-1]">28</label>
<label id="[12,0,17,-1]">28</label>
<label id="[12,0,32,-1]">28</label>
<label id="[12,0,33,-1]">28</label>
<label id="[12,1,0,-1]">21</label>
<label id="[12,1,1,-1]">21</label>
<label id="[12,1,16,-1]">21</label>
<label id="[12,1,17,-1]">21</label>
<label id="[12,1,32,-1]">21</label>
<label id="[12,1,33,-1]">21</label>
<label id="[12,2,0,-1]">21</label>
<label id="[12,2,1,-1]">21</label>
<label id="[12,2,16,-1]">21</label>
<label id="[12,2,17,-1]">21</label>
<label id="[12,2,32,-1]">21</label>
<label id="[12,2,33,-1]">21</label>
<label id="[12,3,0,-1]">21</label>
<label id="[12,3,1,-1]">21</label>
<label id="[12,3,16,-1]">21</label>
<label id="[12,3,17,-1]">21</label>
<label id="[12,3,32,-1]">21</label>
<label id="[12,3,33,-1]">21</label>
<label id="[12,4,0,-1]">21</label>
<label id="[12,4,1,-1]">21</label>
<label id="[12,4,16,-1]">21</label>
<label id="[12,4,17,-1]">21</label>
<label id="[12,4,32,-1]">21</label>
<label id="[12,4,33,-1]">21</label>
<label id="[12,5,0,-1]">21</label>
<label id="[12,5,1,-1]">21</label>
<label id="[12,5,16,-1]">21</label>
<label id="[12,5,17,-1]">21</label>
<label id="[12,5,32,-1]">21</label>
<label id="[12,5,33,-1]">21</label>
<label id="[12,6,0,-1]">21</label>
<label id="[12,6,1,-1]">21</label>
<label id="[12,6,16,-1]">21</label>
<label id="[12,6,17,-1]">21</label>
<label id="[12,6,32,-1]">21</label>
<label id="[12,6,33,-1]">21</label>
<label id="[12,7,0,-1]">21</label>
<label id="[12,7,1,-1]">21</label>
<label id="[12,7,16,-1]">21</label>
<label id="[12,7,17,-1]">21</label>
<label id="[12,7,32,-1]">21</label>
<label id="[12,7,33,-1]">21</label>
<label id="[13,0,0,-1]">575</label>
<label id="[13,0,1,-1]">535</label>
<label id="[13,0,16,-1]">535</label>
<label id="[13,0,2,-1]">535</label>
<label id="[13,0,32,-1]">535</label>
<label id="[13,1,0,-1]">535</label>
<label id="[13,1,1,-1]">575</label>
<label id="[13,1,16,-1]">535</label>
<label id="[13,1,2,-1]">535</label>
<label id="[13,1,32,-1]">535</label>
<label id="[13,2,0,-1]">575</label>
<label id="[13,2,1,-1]">535</label>
<label id="[13,2,17,-1]">535</label>
<label id="[13,2,2,-1]">535</label>
<label id="[13,2,32,-1]">535</label>
<label id="[13,3,0,-1]">535</label>
<label id="[13,3,1,-1]">575</label>
<label id="[13,3,17,-1]">535</label>
<label id="[13,3,2,-1]">535</label>
<label id="[13,3,32,-1]">535</label>
<label id="[13,4,0,-1]">575</label>
<label id="[13,4,1,-1]">535</label>
<label id="[13,4,16,-1]">535</label>
<label id="[13,4,2,-1]">535</label>
<label id="[13,4,33,-1]">535</label>
<label id="[13,5,0,-1]">535</label>
<label id="[13,5,1,-1]">575</label>
<label id="[13,5,16,-1]">535</label>
<label id="[13,5,2,-1]">535</label>
<label id="[13,5,33,-1]">535</label>
<label id="[13,6,0,-1]">575</label>
<label id="[13,6,1,-1]">535</label>
<label id="[13,6,17,-1]">535</label>
<label id="[13,6,2,-1]">535</label>
<label id="[13,6,33,-1]">535</label>
<label id="[13,7,0,-1]">535</label>
<label id="[13,7,1,-1]">575</label>
<label id="[13,7,17,-1]">535</label>
<label id="[13,7,2,-1]">535</label>
<label id="[13,7,33,-1]">535</label>
<label id="[14,0,1,-1]">144</label>
<label id="[14,0,2,-1]">288</label>
<label id="[14,1,1,-1]">144</label>
<label id="[14,1,2,-1]">288</label>
<label id="[14,2,1,-1]">144</label>
<label id="[14,2,2,-1]">288</label>
<label id="[14,3,1,-1]">144</label>
<label id="[14,3,2,-1]">288</label>
<label id="[14,4,1,-1]">144</label>
<label id="[14,4,2,-1]">288</label>
<label id="[14,5,1,-1]">144</label>
<label id="[14,5,2,-1]">288</label>
<label id="[14,6,1,-1]">144</label>
<label id="[14,6,2,-1]">288</label>
<label id="[14,7,1,-1]">144</label>
<label id="[14,7,2,-1]">288</label>
<label id="[15,0,0,-1]">40</label>
<label id="[15,0,1,-1]">40</label>
<label id="[15,0,2,-1]">40</label>
<label id="[15,1,0,-1]">40</label>
<label id="[15,1,1,-1]">40</label>
<label id="[15,1,2,-1]">40</label>
<label id="[15,2,0,-1]">40</label>
<label id="[15,2,1,-1]">40</label>
<label id="[15,2,2,-1]">40</label>
<label id="[15,3,0,-1]">40</label>
<label id="[15,3,1,-1]">40</label>
<label id="[15,3,2,-1]">40</label>
<label id="[15,4,0,-1]">40</label>
<label id="[15,4,1,-1]">40</label>
<label id="[15,4,2,-1]">40</label>
<label id="[15,5,0,-1]">40</label>
<label id="[15,5,1,-1]">40</label>
<label id="[15,5,2,-1]">40</label>
<label id="[15,6,0,-1]">40</label>
<label id="[15,6,1,-1]">40</label>
<label id="[15,6,2,-1]">40</label>
<label id="[15,7,0,-1]">40</label>
<label id="[15,7,1,-1]">40</label>
<label id="[15,7,2,-1]">40</label>
<label id="[2,0,0,-1]">120</label>
<label id="[2,0,1,-1]">120</label>
<label id="[2,0,2,-1]">120</label>
<label id="[2,1,0,-1]">120</label>
<label id="[2,1,1,-1]">120</label>
<label id="[2,1,2,-1]">120</label>
<label id="[2,2,0,-1]">120</label>
<label id="[2,2,1,-1]">120</label>
<label id="[2,2,2,-1]">120</label>
<label id="[2,3,0,-1]">80</label>
<label id="[2,3,1,-1]">80</label>
<label id="[2,3,2,-1]">80</label>
<label id="[2,4,0,-1]">120</label>
<label id="[2,4,1,-1]">120</label>
<label id="[2,4,2,-1]">120</label>
<label id="[2,5,0,-1]">120</label>
<label id="[2,5,1,-1]">120</label>
<label id="[2,5,2,-1]">120</label>
<label id="[2,6,0,-1]">120</label>
<label id="[2,6,1,-1]">120</label>
<label id="[2,6,2,-1]">120</label>
<label id="[2,7,0,-1]">120</label>
<label id="[2,7,1,-1]">120</label>
<label id="[2,7,2,-1]">120</label>
<label id="[3,0,0,-1]">120</label>
<label id="[3,0,1,-1]">120</label>
<label id="[3,0,16,-1]">120</label>
<label id="[3,0,17,-1]">120</label>
<label id="[3,0,32,-1]">120</label>
<label id="[3,0,33,-1]">120</label>
<label id="[3,1,0,-1]">120</label>
<label id="[3,1,1,-1]">120</label>
<label id="[3,1,16,-1]">120</label>
<label id="[3,1,17,-1]">120</label>
<label id="[3,1,32,-1]">120</label>
<label id="[3,1,33,-1]">120</label>
<label id="[3,2,0,-1]">120</label>
<label id="[3,2,1,-1]">120</label>
<label id="[3,2,16,-1]">120</label>
<label id="[3,2,17,-1]">120</label>
<label id="[3,2,32,-1]">120</label>
<label id="[3,2,33,-1]">120</label>
<label id="[3,3,0,-1]">80</label>
<label id="[3,3,1,-1]">80</label>
<label id="[3,3,16,-1]">80</label>
<label id="[3,3,17,-1]">80</label>
<label id="[3,3,32,-1]">80</label>
<label id="[3,3,33,-1]">80</label>
<label id="[3,4,0,-1]">120</label>
<label id="[3,4,1,-1]">120</label>
<label id="[3,4,16,-1]">120</label>
<label id="[3,4,17,-1]">120</label>
<label id="[3,4,32,-1]">120</label>
<label id="[3,4,33,-1]">120</label>
<label id="[3,5,0,-1]">120</label>
<label id="[3,5,1,-1]">120</label>
<label id="[3,5,16,-1]">120</label>
<label id="[3,5,17,-1]">120</label>
<label id="[3,5,32,-1]">120</label>
<label id="[3,5,33,-1]">120</label>
<label id="[3,6,0,-1]">120</label>
<label id="[3,6,1,-1]">120</label>
<label id="[3,6,16,-1]">120</label>
<label id="[3,6,17,-1]">120</label>
<label id="[3,6,32,-1]">120</label>
<label id="[3,6,33,-1]">120</label>
<label id="[3,7,0,-1]">120</label>
<label id="[3,7,1,-1]">120</label>
<label id="[3,7,16,-1]">120</label>
<label id="[3,7,17,-1]">120</label>
<label id="[3,7,32,-1]">120</label>
<label id="[3,7,33,-1]">120</label>
<label id="[4,0,0,-1]">176</label>
<label id="[4,0,1,-1]">176</label>
<label id="[4,0,2,-1]">176</label>
<label id="[4,1,0,-1]">176</label>
<label id="[4,1,1,-1]">176</label>
<label id="[4,1,2,-1]">176</label>
<label id="[4,2,0,-1]">176</label>
<label id="[4,2,1,-1]">176</label>
<label id="[4,2,2,-1]">176</label>
<label id="[4,3,0,-1]">176</label>
<label id="[4,3,1,-1]">176</label>
<label id="[4,3,2,-1]">176</label>
<label id="[4,4,0,-1]">176</label>
<label id="[4,4,1,-1]">176</label>
<label id="[4,4,2,-1]">176</label>
<label id="[4,5,0,-1]">176</label>
<label id="[4,5,1,-1]">176</label>
<label id="[4,5,2,-1]">176</label>
<label id="[4,6,0,-1]">176</label>
<label id="[4,6,1,-1]">176</label>
<label id="[4,6,2,-1]">176</label>
<label id="[4,7,0,-1]">176</label>
<label id="[4,7,1,-1]">176</label>
<label id="[4,7,2,-1]">176</label>
<label id="[5,0,0,-1]">2</label>
<label id="[5,0,1,-1]">2</label>
<label id="[5,0,2,-1]">2</label>
<label id="[5,1,0,-1]">2</label>
<label id="[5,1,1,-1]">2</label>
<label id="[5,1,2,-1]">2</label>
<label id="[5,2,0,-1]">2</label>
<label id="[5,2,1,-1]">2</label>
<label id="[5,2,2,-1]">2</label>
<label id="[5,3,0,-1]">2</label>
<label id="[5,3,1,-1]">2</label>
<label id="[5,3,2,-1]">2</label>
<label id="[5,4,0,-1]">2</label>
<label id="[5,4,1,-1]">2</label>
<label id="[5,4,2,-1]">2</label>
<label id="[5,5,0,-1]">2</label>
<label id="[5,5,1,-1]">2</label>
<label id="[5,5,2,-1]">2</label>
<label id="[5,6,0,-1]">2</label>
<label id="[5,6,1,-1]">2</label>
<label id="[5,6,2,-1]">2</label>
<label id="[5,7,0,-1]">2</label>
<label id="[5,7,1,-1]">2</label>
<label id="[5,7,2,-1]">2</label>
<label id="[6,0,0,-1]">176</label>
<label id="[6,0,1,-1]">176</label>
<label id="[6,0,16,-1]">176</label>
<label id="[6,0,17,-1]">176</label>
<label id="[6,0,32,-1]">176</label>
<label id="[6,0,33,-1]">176</label>
<label id="[6,1,0,-1]">176</label>
<label id="[6,1,1,-1]">176</label>
<label id="[6,1,16,-1]">176</label>
<label id="[6,1,17,-1]">176</label>
<label id="[6,1,32,-1]">176</label>
<label id="[6,1,33,-1]">176</label>
<label id="[6,2,0,-1]">176</label>
<label id="[6,2,1,-1]">176</label>
<label id="[6,2,16,-1]">176</label>
<label id="[6,2,17,-1]">176</label>
<label id="[6,2,32,-1]">176</label>
<label id="[6,2,33,-1]">176</label>
<label id="[6,3,0,-1]">176</label>
<label id="[6,3,1,-1]">176</label>
<label id="[6,3,16,-1]">176</label>
<label id="[6,3,17,-1]">176</label>
<label id="[6,3,32,-1]">176</label>
<label id="[6,3,33,-1]">176</label>
<label id="[6,4,0,-1]">176</label>
<label id="[6,4,1,-1]">176</label>
<label id="[6,4,16,-1]">176</label>
<label id="[6,4,17,-1]">176</label>
<label id="[6,4,32,-1]">176</label>
<label id="[6,4,33,-1]">176</label>
<label id="[6,5,0,-1]">176</label>
<label id="[6,5,1,-1]">176</label>
<label id="[6,5,16,-1]">176</label>
<label id="[6,5,17,-1]">176</label>
<label id="[6,5,32,-1]">176</label>
<label id="[6,5,33,-1]">176</label>
<label id="[6,6,0,-1]">176</label>
<label id="[6,6,1,-1]">176</label>
<label id="[6,6,16,-1]">176</label>
<label id="[6,6,17,-1]">176</label>
<label id="[6,6,32,-1]">176</label>
<label id="[6,6,33,-1]">176</label>
<label id="[6,7,0,-1]">176</label>
<label id="[6,7,1,-1]">176</label>
<label id="[6,7,16,-1]">176</label>
<label id="[6,7,17,-1]">176</label>
<label id="[6,7,32,-1]">176</label>
<label id="[6,7,33,-1]">176</label>
<label id="[7,0,0,-1]">45</label>
<label id="[7,0,1,-1]">45</label>
<label id="[7,0,16,-1]">45</label>
<label id="[7,0,17,-1]">45</label>
<label id="[7,0,32,-1]">45</label>
<label id="[7,0,33,-1]">45</label>
<label id="[7,1,0,-1]">43</label>
<label id="[7,1,1,-1]">43</label>
<label id="[7,1,16,-1]">43</label>
<label id="[7,1,17,-1]">43</label>
<label id="[7,1,32,-1]">43</label>
<label id="[7,1,33,-1]">43</label>
<label id="[7,2,0,-1]">43</label>
<label id="[7,2,1,-1]">43</label>
<label id="[7,2,16,-1]">43</label>
<label id="[7,2,17,-1]">43</label>
<label id="[7,2,32,-1]">43</label>
<label id="[7,2,33,-1]">43</label>
<label id="[7,3,0,-1]">43</label>
<label id="[7,3,1,-1]">43</label>
<label id="[7,3,16,-1]">43</label>
<label id="[7,3,17,-1]">43</label>
<label id="[7,3,32,-1]">43</label>
<label id="[7,3,33,-1]">43</label>
<label id="[7,4,0,-1]">43</label>
<label id="[7,4,1,-1]">43</label>
<label id="[7,4,16,-1]">43</label>
<label id="[7,4,17,-1]">43</label>
<label id="[7,4,32,-1]">43</label>
<label id="[7,4,33,-1]">43</label>
<label id="[7,5,0,-1]">43</label>
<label id="[7,5,1,-1]">43</label>
<label id="[7,5,16,-1]">43</label>
<label id="[7,5,17,-1]">43</label>
<label id="[7,5,32,-1]">43</label>
<label id="[7,5,33,-1]">43</label>
<label id="[7,6,0,-1]">43</label>
<label id="[7,6,1,-1]">43</label>
<label id="[7,6,16,-1]">43</label>
<label id="[7,6,17,-1]">43</label>
<label id="[7,6,32,-1]">43</label>
<label id="[7,6,33,-1]">43</label>
<label id="[7,7,0,-1]">43</label>
<label id="[7,7,1,-1]">43</label>
<label id="[7,7,16,-1]">43</label>
<label id="[7,7,17,-1]">43</label>
<label id="[7,7,32,-1]">43</label>
<label id="[7,7,33,-1]">43</label>
<label id="[8,0,0,-1]">119</label>
<label id="[8,0,1,-1]">220</label>
<label id="[8,0,2,-1]">118</label>
<label id="[8,1,0,-1]">92</label>
<label id="[8,1,1,-1]">194</label>
<label id="[8,1,2,-1]">92</label>
<label id="[8,2,0,-1]">92</label>
<label id="[8,2,1,-1]">194</label>
<label id="[8,2,2,-1]">92</label>
<label id="[8,3,0,-1]">92</label>
<label id="[8,3,1,-1]">194</label>
<label id="[8,3,2,-1]">92</label>
<label id="[8,4,0,-1]">92</label>
<label id="[8,4,1,-1]">194</label>
<label id="[8,4,2,-1]">92</label>
<label id="[8,5,0,-1]">92</label>
<label id="[8,5,1,-1]">194</label>
<label id="[8,5,2,-1]">92</label>
<label id="[8,6,0,-1]">92</label>
<label id="[8,6,1,-1]">194</label>
<label id="[8,6,2,-1]">92</label>
<label id="[8,7,0,-1]">92</label>
<label id="[8,7,1,-1]">194</label>
<label id="[8,7,2,-1]">92</label>
<label id="[9,0,3,-1]">276</label>
<label id="[9,1,3,-1]">264</label>
<label id="[9,2,3,-1]">264</label>
<label id="[9,3,3,-1]">264</label>
<label id="[9,4,3,-1]">264</label>
<label id="[9,5,3,-1]">264</label>
<label id="[9,6,3,-1]">264</label>
<label id="[9,7,3,-1]">264</label>
</state-labels><state-labels procid="5">
<label id="[0,0,0,0,0]">70</label>
<label id="[0,0,2,0,0]">630</label>
<label id="[0,0,2,0,3]">1224</label>
<label id="[0,0,2,1,1]">630</label>
<label id="[0,0,2,1,3]">1212</label>
<label id="[0,0,2,2,2]">630</label>
<label id="[0,0,2,2,3]">1212</label>
<label id="[0,0,2,3,3]">1482</label>
<label id="[0,0,2,4,3]">1212</label>
<label id="[0,0,2,4,4]">630</label>
<label id="[0,0,2,5,3]">1212</label>
<label id="[0,0,2,5,5]">630</label>
<label id="[0,0,2,6,3]">1212</label>
<label id="[0,0,2,6,6]">630</label>
<label id="[0,0,2,7,3]">1212</label>
<label id="[0,0,2,7,7]">630</label>
<label id="[0,1,2,0,0]">630</label>
<label id="[0,1,2,0,3]">1224</label>
<label id="[0,1,2,1,1]">630</label>
<label id="[0,1,2,1,3]">1212</label>
<label id="[0,1,2,2,2]">630</label>
<label id="[0,1,2,2,3]">1212</label>
<label id="[0,1,2,3,3]">1482</label>
<label id="[0,1,2,4,3]">1212</label>
<label id="[0,1,2,4,4]">630</label>
<label id="[0,1,2,5,3]">1212</label>
<label id="[0,1,2,5,5]">630</label>
<label id="[0,1,2,6,3]">1212</label>
<label id="[0,1,2,6,6]">630</label>
<label id="[0,1,2,7,3]">1212</label>
<label id="[0,1,2,7,7]">630</label>
<label id="[1,0,0,0,1]">240</label>
<label id="[1,0,0,0,2]">480</label>
<label id="[1,0,0,0,3]">72</label>
<label id="[1,0,0,1,1]">240</label>
<label id="[1,0,0,1,2]">480</label>
<label id="[1,0,0,1,3]">54</label>
<label id="[1,0,0,2,1]">240</label>
<label id="[1,0,0,2,2]">480</label>
<label id="[1,0,0,2,3]">54</label>
<label id="[1,0,0,3,1]">240</label>
<label id="[1,0,0,3,2]">480</label>
<label id="[1,0,0,3,3]">54</label>
<label id="[1,0,0,4,1]">240</label>
<label id="[1,0,0,4,2]">480</label>
<label id="[1,0,0,4,3]">54</label>
<label id="[1,0,0,5,1]">240</label>
<label id="[1,0,0,5,2]">480</label>
<label id="[1,0,0,5,3]">54</label>
<label id="[1,0,0,6,1]">240</label>
<label id="[1,0,0,6,2]">480</label>
<label id="[1,0,0,6,3]">54</label>
<label id="[1,0,0,7,1]">240</label>
<label id="[1,0,0,7,2]">480</label>
<label id="[1,0,0,7,3]">54</label>
<label id="[1,0,1,0,1]">240</label>
<label id="[1,0,1,0,2]">480</label>
<label id="[1,0,1,0,3]">72</label>
<label id="[1,0,1,1,1]">240</label>
<label id="[1,0,1,1,2]">480</label>
<label id="[1,0,1,1,3]">54</label>
<label id="[1,0,1,2,1]">240</label>
<label id="[1,0,1,2,2]">480</label>
<label id="[1,0,1,2,3]">54</label>
<label id="[1,0,1,3,1]">240</label>
<label id="[1,0,1,3,2]">480</label>
<label id="[1,0,1,3,3]">54</label>
<label id="[1,0,1,4,1]">240</label>
<label id="[1,0,1,4,2]">480</label>
<label id="[1,0,1,4,3]">54</label>
<label id="[1,0,1,5,1]">240</label>
<label id="[1,0,1,5,2]">480</label>
<label id="[1,0,1,5,3]">54</label>
<label id="[1,0,1,6,1]">240</label>
<label id="[1,0,1,6,2]">480</label>
<label id="[1,0,1,6,3]">54</label>
<label id="[1,0,1,7,1]">240</label>
<label id="[1,0,1,7,2]">480</label>
<label id="[1,0,1,7,3]">54</label>
<label id="[1,0,2,0,1]">48</label>
<label id="[1,0,2,0,2]">96</label>
<label id="[1,0,2,0,3]">48</label>
<label id="[1,0,2,1,1]">48</label>
<label id="[1,0,2,1,2]">96</label>
<label id="[1,0,2,1,3]">36</label>
<label id="[1,0,2,2,1]">48</label>
<label id="[1,0,2,2,2]">96</label>
<label id="[1,0,2,2,3]">36</label>
<label id="[1,0,2,3,1]">48</label>
<label id="[1,0,2,3,2]">96</label>
<label id="[1,0,2,3,3]">36</label>
<label id="[1,0,2,4,1]">48</label>
<label id="[1,0,2,4,2]">96</label>
<label id="[1,0,2,4,3]">36</label>
<label id="[1,0,2,5,1]">48</label>
<label id="[1,0,2,5,2]">96</label>
<label id="[1,0,2,5,3]">36</label>
<label id="[1,0,2,6,1]">48</label>
<label id="[1,0,2,6,2]">96</label>
<label id="[1,0,2,6,3]">36</label>
<label id="[1,0,2,7,1]">48</label>
<label id="[1,0,2,7,2]">96</label>
<label id="[1,0,2,7,3]">36</label>
<label id="[1,1,0,0,1]">240</label>
<label id="[1,1,0,0,2]">480</label>
<label id="[1,1,0,0,3]">72</label>
<label id="[1,1,0,1,1]">240</label>
<label id="[1,1,0,1,2]">480</label>
<label id="[1,1,0,1,3]">54</label>
<label id="[1,1,0,2,1]">240</label>
<label id="[1,1,0,2,2]">480</label>
<label id="[1,1,0,2,3]">54</label>
<label id="[1,1,0,3,1]">240</label>
<label id="[1,1,0,3,2]">480</label>
<label id="[1,1,0,3,3]">54</label>
<label id="[1,1,0,4,1]">240</label>
<label id="[1,1,0,4,2]">480</label>
<label id="[1,1,0,4,3]">54</label>
<label id="[1,1,0,5,1]">240</label>
<label id="[1,1,0,5,2]">480</label>
<label id="[1,1,0,5,3]">54</label>
<label id="[1,1,0,6,1]">240</label>
<label id="[1,1,0,6,2]">480</label>
<label id="[1,1,0,6,3]">54</label>
<label id="[1,1,0,7,1]">240</label>
<label id="[1,1,0,7,2]">480</label>
<label id="[1,1,0,7,3]">54</label>
<label id="[1,1,1,0,1]">48</label>
<label id="[1,1,1,0,2]">96</label>
<label id="[1,1,1,0,3]">48</label>
<label id="[1,1,1,1,1]">48</label>
<label id="[1,1,1,1,2]">96</label>
<label id="[1,1,1,1,3]">36</label>
<label id="[1,1,1,2,1]">48</label>
<label id="[1,1,1,2,2]">96</label>
<label id="[1,1,1,2,3]">36</label>
<label id="[1,1,1,3,1]">48</label>
<label id="[1,1,1,3,2]">96</label>
<label id="[1,1,1,3,3]">36</label>
<label id="[1,1,1,4,1]">48</label>
<label id="[1,1,1,4,2]">96</label>
<label id="[1,1,1,4,3]">36</label>
<label id="[1,1,1,5,1]">48</label>
<label id="[1,1,1,5,2]">96</label>
<label id="[1,1,1,5,3]">36</label>
<label id="[1,1,1,6,1]">48</label>
<label id="[1,1,1,6,2]">96</label>
<label id="[1,1,1,6,3]">36</label>
<label id="[1,1,1,7,1]">48</label>
<label id="[1,1,1,7,2]">96</label>
<label id="[1,1,1,7,3]">36</label>
<label id="[1,1,2,0,1]">48</label>
<label id="[1,1,2,0,2]">96</label>
<label id="[1,1,2,0,3]">48</label>
<label id="[1,1,2,1,1]">48</label>
<label id="[1,1,2,1,2]">96</label>
<label id="[1,1,2,1,3]">36</label>
<label id="[1,1,2,2,1]">48</label>
<label id="[1,1,2,2,2]">96</label>
<label id="[1,1,2,2,3]">36</label>
<label id="[1,1,2,3,1]">48</label>
<label id="[1,1,2,3,2]">96</label>
<label id="[1,1,2,3,3]">36</label>
<label id="[1,1,2,4,1]">48</label>
<label id="[1,1,2,4,2]">96</label>
<label id="[1,1,2,4,3]">36</label>
<label id="[1,1,2,5,1]">48</label>
<label id="[1,1,2,5,2]">96</label>
<label id="[1,1,2,5,3]">36</label>
<label id="[1,1,2,6,1]">48</label>
<label id="[1,1,2,6,2]">96</label>
<label id="[1,1,2,6,3]">36</label>
<label id="[1,1,2,7,1]">48</label>
<label id="[1,1,2,7,2]">96</label>
<label id="[1,1,2,7,3]">36</label>
<label id="[2,0,0,0,1]">48</label>
<label id="[2,0,0,0,2]">96</label>
<label id="[2,0,0,1,1]">48</label>
<label id="[2,0,0,1,2]">96</label>
<label id="[2,0,0,2,1]">48</label>
<label id="[2,0,0,2,2]">96</label>
<label id="[2,0,0,3,1]">48</label>
<label id="[2,0,0,3,2]">96</label>
<label id="[2,0,0,4,1]">48</label>
<label id="[2,0,0,4,2]">96</label>
<label id="[2,0,0,5,1]">48</label>
<label id="[2,0,0,5,2]">96</label>
<label id="[2,0,0,6,1]">48</label>
<label id="[2,0,0,6,2]">96</label>
<label id="[2,0,0,7,1]">48</label>
<label id="[2,0,0,7,2]">96</label>
<label id="[2,0,1,0,1]">48</label>
<label id="[2,0,1,0,2]">96</label>
<label id="[2,0,1,1,1]">48</label>
<label id="[2,0,1,1,2]">96</label>
<label id="[2,0,1,2,1]">48</label>
<label id="[2,0,1,2,2]">96</label>
<label id="[2,0,1,3,1]">48</label>
<label id="[2,0,1,3,2]">96</label>
<label id="[2,0,1,4,1]">48</label>
<label id="[2,0,1,4,2]">96</label>
<label id="[2,0,1,5,1]">48</label>
<label id="[2,0,1,5,2]">96</label>
<label id="[2,0,1,6,1]">48</label>
<label id="[2,0,1,6,2]">96</label>
<label id="[2,0,1,7,1]">48</label>
<label id="[2,0,1,7,2]">96</label>
<label id="[2,0,2,0,0]">144</label>
<label id="[2,0,2,1,1]">144</label>
<label id="[2,0,2,2,2]">144</label>
<label id="[2,0,2,3,3]">144</label>
<label id="[2,0,2,4,4]">144</label>
<label id="[2,0,2,5,5]">144</label>
<label id="[2,0,2,6,6]">144</label>
<label id="[2,0,2,7,7]">144</label>
<label id="[2,1,0,0,1]">48</label>
<label id="[2,1,0,0,2]">96</label>
<label id="[2,1,0,1,1]">48</label>
<label id="[2,1,0,1,2]">96</label>
<label id="[2,1,0,2,1]">48</label>
<label id="[2,1,0,2,2]">96</label>
<label id="[2,1,0,3,1]">48</label>
<label id="[2,1,0,3,2]">96</label>
<label id="[2,1,0,4,1]">48</label>
<label id="[2,1,0,4,2]">96</label>
<label id="[2,1,0,5,1]">48</label>
<label id="[2,1,0,5,2]">96</label>
<label id="[2,1,0,6,1]">48</label>
<label id="[2,1,0,6,2]">96</label>
<label id="[2,1,0,7,1]">48</label>
<label id="[2,1,0,7,2]">96</label>
<label id="[2,1,1,0,0]">144</label>
<label id="[2,1,1,1,1]">144</label>
<label id="[2,1,1,2,2]">144</label>
<label id="[2,1,1,3,3]">144</label>
<label id="[2,1,1,4,4]">144</label>
<label id="[2,1,1,5,5]">144</label>
<label id="[2,1,1,6,6]">144</label>
<label id="[2,1,1,7,7]">144</label>
<label id="[2,1,2,0,0]">144</label>
<label id="[2,1,2,1,1]">144</label>
<label id="[2,1,2,2,2]">144</label>
<label id="[2,1,2,3,3]">144</label>
<label id="[2,1,2,4,4]">144</label>
<label id="[2,1,2,5,5]">144</label>
<label id="[2,1,2,6,6]">144</label>
<label id="[2,1,2,7,7]">144</label>
<label id="[3,0,2,0,0]">18</label>
<label id="[3,0,2,0,1]">18</label>
<label id="[3,0,2,0,2]">18</label>
<label id="[3,0,2,0,3]">18</label>
<label id="[3,0,2,0,4]">18</label>
<label id="[3,0,2,0,5]">18</label>
<label id="[3,0,2,0,6]">18</label>
<label id="[3,0,2,0,7]">18</label>
<label id="[3,0,2,1,0]">18</label>
<label id="[3,0,2,1,1]">18</label>
<label id="[3,0,2,1,2]">18</label>
<label id="[3,0,2,1,3]">18</label>
<label id="[3,0,2,1,4]">18</label>
<label id="[3,0,2,1,5]">18</label>
<label id="[3,0,2,1,6]">18</label>
<label id="[3,0,2,1,7]">18</label>
<label id="[3,0,2,2,0]">18</label>
<label id="[3,0,2,2,1]">18</label>
<label id="[3,0,2,2,2]">18</label>
<label id="[3,0,2,2,3]">18</label>
<label id="[3,0,2,2,4]">18</label>
<label id="[3,0,2,2,5]">18</label>
<label id="[3,0,2,2,6]">18</label>
<label id="[3,0,2,2,7]">18</label>
<label id="[3,0,2,3,0]">18</label>
<label id="[3,0,2,3,1]">18</label>
<label id="[3,0,2,3,2]">18</label>
<label id="[3,0,2,3,3]">18</label>
<label id="[3,0,2,3,4]">18</label>
<label id="[3,0,2,3,5]">18</label>
<label id="[3,0,2,3,6]">18</label>
<label id="[3,0,2,3,7]">18</label>
<label id="[3,0,2,4,0]">18</label>
<label id="[3,0,2,4,1]">18</label>
<label id="[3,0,2,4,2]">18</label>
<label id="[3,0,2,4,3]">18</label>
<label id="[3,0,2,4,4]">18</label>
<label id="[3,0,2,4,5]">18</label>
<label id="[3,0,2,4,6]">18</label>
<label id="[3,0,2,4,7]">18</label>
<label id="[3,0,2,5,0]">18</label>
<label id="[3,0,2,5,1]">18</label>
<label id="[3,0,2,5,2]">18</label>
<label id="[3,0,2,5,3]">18</label>
<label id="[3,0,2,5,4]">18</label>
<label id="[3,0,2,5,5]">18</label>
<label id="[3,0,2,5,6]">18</label>
<label id="[3,0,2,5,7]">18</label>
<label id="[3,0,2,6,0]">18</label>
<label id="[3,0,2,6,1]">18</label>
<label id="[3,0,2,6,2]">18</label>
<label id="[3,0,2,6,3]">18</label>
<label id="[3,0,2,6,4]">18</label>
<label id="[3,0,2,6,5]">18</label>
<label id="[3,0,2,6,6]">18</label>
<label id="[3,0,2,6,7]">18</label>
<label id="[3,0,2,7,0]">18</label>
<label id="[3,0,2,7,1]">18</label>
<label id="[3,0,2,7,2]">18</label>
<label id="[3,0,2,7,3]">18</label>
<label id="[3,0,2,7,4]">18</label>
<label id="[3,0,2,7,5]">18</label>
<label id="[3,0,2,7,6]">18</label>
<label id="[3,0,2,7,7]">18</label>
<label id="[3,1,1,0,0]">18</label>
<label id="[3,1,1,0,1]">18</label>
<label id="[3,1,1,0,2]">18</label>
<label id="[3,1,1,0,3]">18</label>
<label id="[3,1,1,0,4]">18</label>
<label id="[3,1,1,0,5]">18</label>
<label id="[3,1,1,0,6]">18</label>
<label id="[3,1,1,0,7]">18</label>
<label id="[3,1,1,1,0]">18</label>
<label id="[3,1,1,1,1]">18</label>
<label id="[3,1,1,1,2]">18</label>
<label id="[3,1,1,1,3]">18</label>
<label id="[3,1,1,1,4]">18</label>
<label id="[3,1,1,1,5]">18</label>
<label id="[3,1,1,1,6]">18</label>
<label id="[3,1,1,1,7]">18</label>
<label id="[3,1,1,2,0]">18</label>
<label id="[3,1,1,2,1]">18</label>
<label id="[3,1,1,2,2]">18</label>
<label id="[3,1,1,2,3]">18</label>
<label id="[3,1,1,2,4]">18</label>
<label id="[3,1,1,2,5]">18</label>
<label id="[3,1,1,2,6]">18</label>
<label id="[3,1,1,2,7]">18</label>
<label id="[3,1,1,3,0]">18</label>
<label id="[3,1,1,3,1]">18</label>
<label id="[3,1,1,3,2]">18</label>
<label id="[3,1,1,3,3]">18</label>
<label id="[3,1,1,3,4]">18</label>
<label id="[3,1,1,3,5]">18</label>
<label id="[3,1,1,3,6]">18</label>
<label id="[3,1,1,3,7]">18</label>
<label id="[3,1,1,4,0]">18</label>
<label id="[3,1,1,4,1]">18</label>
<label id="[3,1,1,4,2]">18</label>
<label id="[3,1,1,4,3]">18</label>
<label id="[3,1,1,4,4]">18</label>
<label id="[3,1,1,4,5]">18</label>
<label id="[3,1,1,4,6]">18</label>
<label id="[3,1,1,4,7]">18</label>
<label id="[3,1,1,5,0]">18</label>
<label id="[3,1,1,5,1]">18</label>
<label id="[3,1,1,5,2]">18</label>
<label id="[3,1,1,5,3]">18</label>
<label id="[3,1,1,5,4]">18</label>
<label id="[3,1,1,5,5]">18</label>
<label id="[3,1,1,5,6]">18</label>
<label id="[3,1,1,5,7]">18</label>
<label id="[3,1,1,6,0]">18</label>
<label id="[3,1,1,6,1]">18</label>
<label id="[3,1,1,6,2]">18</label>
<label id="[3,1,1,6,3]">18</label>
<label id="[3,1,1,6,4]">18</label>
<label id="[3,1,1,6,5]">18</label>
<label id="[3,1,1,6,6]">18</label>
<label id="[3,1,1,6,7]">18</label>
<label id="[3,1,1,7,0]">18</label>
<label id="[3,1,1,7,1]">18</label>
<label id="[3,1,1,7,2]">18</label>
<label id="[3,1,1,7,3]">18</label>
<label id="[3,1,1,7,4]">18</label>
<label id="[3,1,1,7,5]">18</label>
<label id="[3,1,1,7,6]">18</label>
<label id="[3,1,1,7,7]">18</label>
</state-labels></label-info>
</state-space-info>
