<?xml version="1.0"?>
<!DOCTYPE state-space-info SYSTEM "../../state_space_info.dtd">


<state-space-info>
<states>83263</states>
<edges>189639</edges>
<bfs-info>
 <levels>72</levels>
<max-level>5258</max-level>

<back-level-edges>61375</back-level-edges>
<max-back-level-edge>32</max-back-level-edge>
<avg-back-level-edge>2.02162</avg-back-level-edge>
<bfs-levels>
<level id="0"><states>1</states><edges>9</edges></level>
<level id="1"><states>9</states><edges>9</edges></level>
<level id="2"><states>7</states><edges>15</edges></level>
<level id="3"><states>6</states><edges>10</edges></level>
<level id="4"><states>10</states><edges>18</edges></level>
<level id="5"><states>14</states><edges>30</edges></level>
<level id="6"><states>20</states><edges>44</edges></level>
<level id="7"><states>24</states><edges>60</edges></level>
<level id="8"><states>36</states><edges>144</edges></level>
<level id="9"><states>84</states><edges>228</edges></level>
<level id="10"><states>102</states><edges>198</edges></level>
<level id="11"><states>84</states><edges>162</edges></level>
<level id="12"><states>84</states><edges>96</edges></level>
<level id="13"><states>60</states><edges>63</edges></level>
<level id="14"><states>48</states><edges>48</edges></level>
<level id="15"><states>42</states><edges>50</edges></level>
<level id="16"><states>44</states><edges>48</edges></level>
<level id="17"><states>48</states><edges>52</edges></level>
<level id="18"><states>52</states><edges>60</edges></level>
<level id="19"><states>60</states><edges>60</edges></level>
<level id="20"><states>60</states><edges>60</edges></level>
<level id="21"><states>60</states><edges>60</edges></level>
<level id="22"><states>60</states><edges>540</edges></level>
<level id="23"><states>540</states><edges>540</edges></level>
<level id="24"><states>432</states><edges>1104</edges></level>
<level id="25"><states>708</states><edges>772</edges></level>
<level id="26"><states>724</states><edges>1236</edges></level>
<level id="27"><states>688</states><edges>960</edges></level>
<level id="28"><states>710</states><edges>1206</edges></level>
<level id="29"><states>726</states><edges>1474</edges></level>
<level id="30"><states>892</states><edges>2788</edges></level>
<level id="31"><states>1634</states><edges>4550</edges></level>
<level id="32"><states>2110</states><edges>4558</edges></level>
<level id="33"><states>1976</states><edges>4594</edges></level>
<level id="34"><states>1960</states><edges>3712</edges></level>
<level id="35"><states>1304</states><edges>4577</edges></level>
<level id="36"><states>2402</states><edges>3522</edges></level>
<level id="37"><states>1734</states><edges>4788</edges></level>
<level id="38"><states>2660</states><edges>3750</edges></level>
<level id="39"><states>2538</states><edges>5062</edges></level>
<level id="40"><states>2452</states><edges>4354</edges></level>
<level id="41"><states>2390</states><edges>4737</edges></level>
<level id="42"><states>2294</states><edges>5100</edges></level>
<level id="43"><states>2494</states><edges>7850</edges></level>
<level id="44"><states>4062</states><edges>11722</edges></level>
<level id="45"><states>5258</states><edges>11046</edges></level>
<level id="46"><states>4664</states><edges>10937</edges></level>
<level id="47"><states>4604</states><edges>8318</edges></level>
<level id="48"><states>3044</states><edges>7759</edges></level>
<level id="49"><states>2732</states><edges>5244</edges></level>
<level id="50"><states>2158</states><edges>5274</edges></level>
<level id="51"><states>2516</states><edges>5036</edges></level>
<level id="52"><states>2276</states><edges>6336</edges></level>
<level id="53"><states>2850</states><edges>7694</edges></level>
<level id="54"><states>2940</states><edges>7118</edges></level>
<level id="55"><states>2608</states><edges>6664</edges></level>
<level id="56"><states>2434</states><edges>5382</edges></level>
<level id="57"><states>1540</states><edges>4362</edges></level>
<level id="58"><states>1176</states><edges>2544</edges></level>
<level id="59"><states>716</states><edges>1860</edges></level>
<level id="60"><states>582</states><edges>1508</edges></level>
<level id="61"><states>506</states><edges>1344</edges></level>
<level id="62"><states>442</states><edges>1356</edges></level>
<level id="63"><states>394</states><edges>1213</edges></level>
<level id="64"><states>354</states><edges>1136</edges></level>
<level id="65"><states>360</states><edges>964</edges></level>
<level id="66"><states>226</states><edges>746</edges></level>
<level id="67"><states>230</states><edges>354</edges></level>
<level id="68"><states>106</states><edges>231</edges></level>
<level id="69"><states>72</states><edges>122</edges></level>
<level id="70"><states>26</states><edges>59</edges></level>
<level id="71"><states>4</states><edges>12</edges></level>
</bfs-levels>
<back-level-length id="0">0</back-level-length>
<back-level-length id="1">77.033</back-level-length>
<back-level-length id="2">0</back-level-length>
<back-level-length id="3">16.567</back-level-length>
<back-level-length id="4">0</back-level-length>
<back-level-length id="5">0</back-level-length>
<back-level-length id="6">0</back-level-length>
<back-level-length id="7">0</back-level-length>
<back-level-length id="8">2.19633</back-level-length>
<back-level-length id="9">0</back-level-length>
<back-level-length id="10">1.54786</back-level-length>
<back-level-length id="11">0</back-level-length>
<back-level-length id="12">1.42403</back-level-length>
<back-level-length id="13">0</back-level-length>
<back-level-length id="14">0.0782077</back-level-length>
<back-level-length id="15">0</back-level-length>
<back-level-length id="16">0</back-level-length>
<back-level-length id="17">0</back-level-length>
<back-level-length id="18">0</back-level-length>
<back-level-length id="19">0.0684318</back-level-length>
<back-level-length id="20">0</back-level-length>
<back-level-length id="21">1.07536</back-level-length>
<back-level-length id="22">0</back-level-length>
<back-level-length id="23">0</back-level-length>
<back-level-length id="24">0</back-level-length>
<back-level-length id="25">0</back-level-length>
<back-level-length id="26">0</back-level-length>
<back-level-length id="27">0</back-level-length>
<back-level-length id="28">0</back-level-length>
<back-level-length id="29">0</back-level-length>
<back-level-length id="30">0</back-level-length>
<back-level-length id="31">0</back-level-length>
<back-level-length id="32">0.00977597</back-level-length>
</bfs-info>
<degrees>
<avg>2.27759</avg>
<max-in>8</max-in>
<max-out>10</max-out>
<degree id="0"><in>1</in><out>3264</out></degree>
<degree id="1"><in>32138</in><out>45235</out></degree>
<degree id="2"><in>21969</in><out>15968</out></degree>
<degree id="3"><in>14231</in><out>4314</out></degree>
<degree id="4"><in>7824</in><out>3600</out></degree>
<degree id="5"><in>3932</in><out>720</out></degree>
<degree id="6"><in>2334</in><out>996</out></degree>
<degree id="7"><in>762</in><out>4076</out></degree>
<degree id="8"><in>72</in><out>1184</out></degree>
<degree id="9"><in>0</in><out>1514</out></degree>
<degree id="10"><in>0</in><out>2392</out></degree>
</degrees>
<scc-info>
<count>39835</count>
<height>67</height>
<nontrivial-height>31</nontrivial-height>
<trivial>36843</trivial>
<terminal>3264</terminal>
<largest>12336</largest>
<largest-position> </largest-position>
</scc-info>
<dfs-info>
<stack-size id="416">0.0384324</stack-size>
<stack-size id="832">0.0708598</stack-size>
<stack-size id="1248">0.139318</stack-size>
<stack-size id="1664">0.146524</stack-size>
<stack-size id="2080">0.116498</stack-size>
<stack-size id="2496">0.174147</stack-size>
<stack-size id="2912">0.172946</stack-size>
<stack-size id="3328">0.287042</stack-size>
<stack-size id="3744">0.302655</stack-size>
<stack-size id="4160">0.371113</stack-size>
<stack-size id="4576">0.409546</stack-size>
<stack-size id="4992">0.419154</stack-size>
<stack-size id="5408">0.492416</stack-size>
<stack-size id="5824">0.48521</stack-size>
<stack-size id="6240">0.551265</stack-size>
<stack-size id="6656">0.685779</stack-size>
<stack-size id="7072">0.742226</stack-size>
<stack-size id="7488">0.745829</stack-size>
<stack-size id="7904">0.81789</stack-size>
<stack-size id="8320">0.778257</stack-size>
<stack-size id="8736">0.922378</stack-size>
<stack-size id="9152">1.22143</stack-size>
<stack-size id="9568">1.27187</stack-size>
<stack-size id="9984">1.47124</stack-size>
<stack-size id="10400">1.5433</stack-size>
<stack-size id="10816">1.59615</stack-size>
<stack-size id="11232">1.73426</stack-size>
<stack-size id="11648">1.73066</stack-size>
<stack-size id="12064">1.82074</stack-size>
<stack-size id="12480">1.95165</stack-size>
<stack-size id="12896">2.1318</stack-size>
<stack-size id="13312">2.14501</stack-size>
<stack-size id="13728">2.25911</stack-size>
<stack-size id="14144">2.21467</stack-size>
<stack-size id="14560">2.23389</stack-size>
<stack-size id="14976">2.33597</stack-size>
<stack-size id="15392">2.2507</stack-size>
<stack-size id="15808">2.37801</stack-size>
<stack-size id="16224">2.33477</stack-size>
<stack-size id="16640">2.33357</stack-size>
<stack-size id="17056">2.29994</stack-size>
<stack-size id="17472">2.2471</stack-size>
<stack-size id="17888">2.25911</stack-size>
<stack-size id="18304">2.2567</stack-size>
<stack-size id="18720">2.21947</stack-size>
<stack-size id="19136">2.133</stack-size>
<stack-size id="19552">2.05614</stack-size>
<stack-size id="19968">2.02731</stack-size>
<stack-size id="20384">1.99729</stack-size>
<stack-size id="20800">2.0129</stack-size>
<stack-size id="21216">2.0153</stack-size>
<stack-size id="21632">1.76789</stack-size>
<stack-size id="22048">1.79672</stack-size>
<stack-size id="22464">1.80753</stack-size>
<stack-size id="22880">1.78831</stack-size>
<stack-size id="23296">1.79912</stack-size>
<stack-size id="23712">1.76789</stack-size>
<stack-size id="24128">1.72586</stack-size>
<stack-size id="24544">1.56612</stack-size>
<stack-size id="24960">1.38357</stack-size>
<stack-size id="25376">1.29229</stack-size>
<stack-size id="25792">1.26227</stack-size>
<stack-size id="26208">1.02567</stack-size>
<stack-size id="26624">0.9476</stack-size>
<stack-size id="27040">0.934389</stack-size>
<stack-size id="27456">0.865931</stack-size>
<stack-size id="27872">0.820292</stack-size>
<stack-size id="28288">0.787865</stack-size>
<stack-size id="28704">0.744628</stack-size>
<stack-size id="29120">0.718206</stack-size>
<stack-size id="29536">0.721809</stack-size>
<stack-size id="29952">0.668965</stack-size>
<stack-size id="30368">0.446777</stack-size>
<stack-size id="30784">0.429963</stack-size>
<stack-size id="31200">0.39153</stack-size>
<stack-size id="31616">0.363907</stack-size>
<stack-size id="32032">0.362706</stack-size>
<stack-size id="32448">0.27263</stack-size>
<stack-size id="32864">0.270228</stack-size>
<stack-size id="33280">0.135715</stack-size>
<stack-size id="33696">0.0948801</stack-size>
<stack-size id="34112">0.108091</stack-size>
<stack-size id="34528">0.110493</stack-size>
<stack-size id="34944">0.127307</stack-size>
<stack-size id="35360">0.183755</stack-size>
<stack-size id="35776">0.194564</stack-size>
<stack-size id="36192">0.277434</stack-size>
<stack-size id="36608">0.264223</stack-size>
<stack-size id="37024">0.27263</stack-size>
<stack-size id="37440">0.350696</stack-size>
<stack-size id="37856">0.390329</stack-size>
<stack-size id="38272">0.408345</stack-size>
<stack-size id="38688">0.457586</stack-size>
<stack-size id="39104">0.493617</stack-size>
<stack-size id="39520">0.502024</stack-size>
<stack-size id="39936">0.590899</stack-size>
<stack-size id="40352">0.606512</stack-size>
<stack-size id="40768">0.729015</stack-size>
<stack-size id="41184">0.851519</stack-size>
<stack-size id="41600">0.984831</stack-size>
<stack-size id="42016">1.04728</stack-size>
<stack-size id="42432">1.13736</stack-size>
<stack-size id="42848">1.16739</stack-size>
<stack-size id="43264">1.09412</stack-size>
<stack-size id="43680">1.03647</stack-size>
<stack-size id="44096">0.954806</stack-size>
<stack-size id="44512">0.790267</stack-size>
<stack-size id="44928">0.64014</stack-size>
<stack-size id="45344">0.417953</stack-size>
<stack-size id="45760">0.345892</stack-size>
<stack-size id="46176">0.193363</stack-size>
<stack-size id="46592">0.199368</stack-size>
<stack-size id="47008">0.0612517</stack-size>
<stack-size id="47424">0.102086</stack-size>
<stack-size id="47840">0.253414</stack-size>
<stack-size id="48256">0.276233</stack-size>
<stack-size id="48672">0.307459</stack-size>
<stack-size id="49088">0.329078</stack-size>
<stack-size id="49504">0.378319</stack-size>
<stack-size id="49920">0.465993</stack-size>
<stack-size id="50336">0.439571</stack-size>
<stack-size id="50752">0.492416</stack-size>
<stack-size id="51168">0.539255</stack-size>
<stack-size id="51584">0.581291</stack-size>
<stack-size id="52000">0.547662</stack-size>
<stack-size id="52416">0.565677</stack-size>
<stack-size id="52832">0.709799</stack-size>
<stack-size id="53248">0.839509</stack-size>
<stack-size id="53664">0.851519</stack-size>
<stack-size id="54080">0.942796</stack-size>
<stack-size id="54496">1.04128</stack-size>
<stack-size id="54912">1.09532</stack-size>
<stack-size id="55328">1.05449</stack-size>
<stack-size id="55744">1.0701</stack-size>
<stack-size id="56160">0.868333</stack-size>
<stack-size id="56576">0.850318</stack-size>
<stack-size id="56992">0.792669</stack-size>
<stack-size id="57408">0.607713</stack-size>
<stack-size id="57824">0.617321</stack-size>
<stack-size id="58240">0.610115</stack-size>
<stack-size id="58656">0.515235</stack-size>
<stack-size id="59072">0.440772</stack-size>
<stack-size id="59488">0.288243</stack-size>
<stack-size id="59904">0.178951</stack-size>
<stack-size id="60320">0.172946</stack-size>
<stack-size id="60736">0.128508</stack-size>
<stack-size id="61152">0.120101</stack-size>
<stack-size id="61568">0.231796</stack-size>
<stack-size id="61984">0.186157</stack-size>
<stack-size id="62400">0.225791</stack-size>
<stack-size id="62816">0.181353</stack-size>
<stack-size id="63232">0.116498</stack-size>
<stack-size id="63648">0.0264223</stack-size>
<stack-size id="64064">0.140519</stack-size>
<stack-size id="64480">0.26062</stack-size>
<stack-size id="64896">0.294248</stack-size>
<stack-size id="65312">0.399938</stack-size>
<stack-size id="65728">0.381922</stack-size>
<stack-size id="66144">0.369912</stack-size>
<stack-size id="66560">0.52124</stack-size>
<stack-size id="66976">0.536853</stack-size>
<stack-size id="67392">0.558471</stack-size>
<stack-size id="67808">0.653351</stack-size>
<stack-size id="68224">0.715804</stack-size>
<stack-size id="68640">0.702593</stack-size>
<stack-size id="69056">0.795071</stack-size>
<stack-size id="69472">0.930786</stack-size>
<stack-size id="69888">0.948801</stack-size>
<stack-size id="70304">0.943997</stack-size>
<stack-size id="70720">0.984831</stack-size>
<stack-size id="71136">0.987233</stack-size>
<stack-size id="71552">1.03888</stack-size>
<stack-size id="71968">1.02687</stack-size>
<stack-size id="72384">0.990836</stack-size>
<stack-size id="72800">0.798674</stack-size>
<stack-size id="73216">0.85272</stack-size>
<stack-size id="73632">0.922378</stack-size>
<stack-size id="74048">0.901961</stack-size>
<stack-size id="74464">0.87674</stack-size>
<stack-size id="74880">0.774654</stack-size>
<stack-size id="75296">0.763845</stack-size>
<stack-size id="75712">0.774654</stack-size>
<stack-size id="76128">0.709799</stack-size>
<stack-size id="76544">0.540456</stack-size>
<stack-size id="76960">0.342289</stack-size>
<stack-size id="77376">0.226992</stack-size>
<stack-size id="77792">0.111694</stack-size>
<stack-size id="78208">0.175348</stack-size>
<stack-size id="78624">0.254615</stack-size>
<stack-size id="79040">0.220987</stack-size>
<stack-size id="79456">0.17775</stack-size>
<stack-size id="79872">0.136916</stack-size>
<stack-size id="80288">0.0432365</stack-size>
<stack-size id="80704">0.103287</stack-size>
<stack-size id="81120">0.232997</stack-size>
<stack-size id="81536">0.313465</stack-size>
<stack-size id="81952">0.241404</stack-size>
<stack-size id="82368">0.188559</stack-size>
<stack-size id="82784">0.127307</stack-size>
<stack-size id="83200">0.0396335</stack-size>
<max-stack>2001</max-stack>
<front-edges>83262</front-edges>
<back-edges>16911</back-edges>
<cross-edges>89466</cross-edges>
<shortest-cycle>2</shortest-cycle>
</dfs-info>
<rw-info>
<coverage step="8320">6.66082</coverage>
<coverage step="16640">11.0097</coverage>
<coverage step="24960">14.4662</coverage>
<coverage step="33280">16.8562</coverage>
<coverage step="41600">18.94</coverage>
<coverage step="49920">20.5614</coverage>
<coverage step="58240">22.1287</coverage>
<coverage step="66560">23.6131</coverage>
<coverage step="74880">24.7661</coverage>
<coverage step="83200">25.7017</coverage>
<coverage step="91520">26.6325</coverage>
<coverage step="99840">27.4251</coverage>
<coverage step="108160">28.3139</coverage>
<coverage step="116480">29.0441</coverage>
<coverage step="124800">29.6746</coverage>
<coverage step="133120">30.2896</coverage>
<coverage step="141440">30.8324</coverage>
<coverage step="149760">31.5098</coverage>
<coverage step="158080">32.0214</coverage>
<coverage step="166400">32.4934</coverage>
<coverage step="174720">32.9078</coverage>
<coverage step="183040">33.4771</coverage>
<coverage step="191360">33.907</coverage>
<coverage step="199680">34.4018</coverage>
<coverage step="208000">34.7982</coverage>
<coverage step="216320">35.1417</coverage>
<coverage step="224640">35.7193</coverage>
<coverage step="232960">36.0676</coverage>
<coverage step="241280">36.4243</coverage>
<coverage step="249600">36.769</coverage>
<coverage step="257920">37.0357</coverage>
<coverage step="266240">37.3623</coverage>
<coverage step="274560">37.6398</coverage>
<coverage step="282880">38.0037</coverage>
<coverage step="291200">38.2655</coverage>
<coverage step="299520">38.5321</coverage>
<coverage step="307840">38.8672</coverage>
<coverage step="316160">39.117</coverage>
<coverage step="324480">39.3956</coverage>
<coverage step="332800">39.6142</coverage>
<coverage step="341120">39.8352</coverage>
<coverage step="349440">40.031</coverage>
<coverage step="357760">40.2916</coverage>
<coverage step="366080">40.4465</coverage>
<coverage step="374400">40.6879</coverage>
<coverage step="382720">40.9642</coverage>
<coverage step="391040">41.1972</coverage>
<coverage step="399360">41.4266</coverage>
<coverage step="407680">41.7064</coverage>
<coverage step="416000">41.8926</coverage>
<coverage step="424320">42.0691</coverage>
<coverage step="432640">42.2132</coverage>
<coverage step="440960">42.4066</coverage>
<coverage step="449280">42.6564</coverage>
<coverage step="457600">42.917</coverage>
<coverage step="465920">43.0744</coverage>
<coverage step="474240">43.1993</coverage>
<coverage step="482560">43.3458</coverage>
<coverage step="490880">43.5115</coverage>
<coverage step="499200">43.6592</coverage>
<coverage step="507520">43.867</coverage>
<coverage step="515840">44.1</coverage>
<coverage step="524160">44.2489</coverage>
<coverage step="532480">44.4003</coverage>
<coverage step="540800">44.53</coverage>
<coverage step="549120">44.7558</coverage>
<coverage step="557440">44.9083</coverage>
<coverage step="565760">45.0728</coverage>
<coverage step="574080">45.2686</coverage>
<coverage step="582400">45.3479</coverage>
<coverage step="590720">45.4944</coverage>
<coverage step="599040">45.6625</coverage>
<coverage step="607360">45.8283</coverage>
<coverage step="615680">45.9664</coverage>
<coverage step="624000">46.1333</coverage>
<coverage step="632320">46.2402</coverage>
<coverage step="640640">46.4096</coverage>
<coverage step="648960">46.6197</coverage>
<coverage step="657280">46.7543</coverage>
<coverage step="665600">46.89</coverage>
<coverage step="673920">47.0005</coverage>
<coverage step="682240">47.1302</coverage>
<coverage step="690560">47.2755</coverage>
<coverage step="698880">47.4088</coverage>
<coverage step="707200">47.5217</coverage>
<coverage step="715520">47.6214</coverage>
<coverage step="723840">47.7079</coverage>
<coverage step="732160">47.8292</coverage>
<coverage step="740480">47.9072</coverage>
<coverage step="748800">48.0285</coverage>
<coverage step="757120">48.1546</coverage>
<coverage step="765440">48.3012</coverage>
<coverage step="773760">48.3576</coverage>
<coverage step="782080">48.5137</coverage>
<coverage step="790400">48.6338</coverage>
<coverage step="798720">48.7227</coverage>
<coverage step="807040">48.8272</coverage>
<coverage step="815360">48.9113</coverage>
<coverage step="823680">49.0074</coverage>
<coverage step="832000">49.077</coverage>
<rw-visits order="1">6450</rw-visits>
<rw-visits order="205">244</rw-visits>
<rw-visits order="409">194</rw-visits>
<rw-visits order="613">174</rw-visits>
<rw-visits order="817">156</rw-visits>
<rw-visits order="1021">139</rw-visits>
<rw-visits order="1225">120</rw-visits>
<rw-visits order="1429">98</rw-visits>
<rw-visits order="1633">90</rw-visits>
<rw-visits order="1837">84</rw-visits>
<rw-visits order="2041">78</rw-visits>
<rw-visits order="2245">71</rw-visits>
<rw-visits order="2449">66</rw-visits>
<rw-visits order="2653">61</rw-visits>
<rw-visits order="2857">58</rw-visits>
<rw-visits order="3061">55</rw-visits>
<rw-visits order="3265">52</rw-visits>
<rw-visits order="3469">50</rw-visits>
<rw-visits order="3673">48</rw-visits>
<rw-visits order="3877">46</rw-visits>
<rw-visits order="4081">45</rw-visits>
<rw-visits order="4285">43</rw-visits>
<rw-visits order="4489">42</rw-visits>
<rw-visits order="4693">41</rw-visits>
<rw-visits order="4897">40</rw-visits>
<rw-visits order="5101">39</rw-visits>
<rw-visits order="5305">38</rw-visits>
<rw-visits order="5509">37</rw-visits>
<rw-visits order="5713">36</rw-visits>
<rw-visits order="5917">35</rw-visits>
<rw-visits order="6121">35</rw-visits>
<rw-visits order="6325">34</rw-visits>
<rw-visits order="6529">33</rw-visits>
<rw-visits order="6733">32</rw-visits>
<rw-visits order="6937">32</rw-visits>
<rw-visits order="7141">31</rw-visits>
<rw-visits order="7345">31</rw-visits>
<rw-visits order="7549">30</rw-visits>
<rw-visits order="7753">30</rw-visits>
<rw-visits order="7957">29</rw-visits>
<rw-visits order="8161">28</rw-visits>
<rw-visits order="8365">28</rw-visits>
<rw-visits order="8569">27</rw-visits>
<rw-visits order="8773">27</rw-visits>
<rw-visits order="8977">26</rw-visits>
<rw-visits order="9181">26</rw-visits>
<rw-visits order="9385">25</rw-visits>
<rw-visits order="9589">24</rw-visits>
<rw-visits order="9793">24</rw-visits>
<rw-visits order="9997">23</rw-visits>
<rw-visits order="10201">23</rw-visits>
<rw-visits order="10405">22</rw-visits>
<rw-visits order="10609">21</rw-visits>
<rw-visits order="10813">21</rw-visits>
<rw-visits order="11017">20</rw-visits>
<rw-visits order="11221">20</rw-visits>
<rw-visits order="11425">19</rw-visits>
<rw-visits order="11629">19</rw-visits>
<rw-visits order="11833">18</rw-visits>
<rw-visits order="12037">18</rw-visits>
<rw-visits order="12241">17</rw-visits>
<rw-visits order="12445">17</rw-visits>
<rw-visits order="12649">16</rw-visits>
<rw-visits order="12853">16</rw-visits>
<rw-visits order="13057">15</rw-visits>
<rw-visits order="13261">15</rw-visits>
<rw-visits order="13465">15</rw-visits>
<rw-visits order="13669">14</rw-visits>
<rw-visits order="13873">14</rw-visits>
<rw-visits order="14077">13</rw-visits>
<rw-visits order="14281">13</rw-visits>
<rw-visits order="14485">13</rw-visits>
<rw-visits order="14689">12</rw-visits>
<rw-visits order="14893">12</rw-visits>
<rw-visits order="15097">12</rw-visits>
<rw-visits order="15301">11</rw-visits>
<rw-visits order="15505">11</rw-visits>
<rw-visits order="15709">11</rw-visits>
<rw-visits order="15913">10</rw-visits>
<rw-visits order="16117">10</rw-visits>
<rw-visits order="16321">10</rw-visits>
<rw-visits order="16525">10</rw-visits>
<rw-visits order="16729">9</rw-visits>
<rw-visits order="16933">9</rw-visits>
<rw-visits order="17137">9</rw-visits>
<rw-visits order="17341">9</rw-visits>
<rw-visits order="17545">8</rw-visits>
<rw-visits order="17749">8</rw-visits>
<rw-visits order="17953">8</rw-visits>
<rw-visits order="18157">8</rw-visits>
<rw-visits order="18361">8</rw-visits>
<rw-visits order="18565">7</rw-visits>
<rw-visits order="18769">7</rw-visits>
<rw-visits order="18973">7</rw-visits>
<rw-visits order="19177">7</rw-visits>
<rw-visits order="19381">7</rw-visits>
<rw-visits order="19585">7</rw-visits>
<rw-visits order="19789">6</rw-visits>
<rw-visits order="19993">6</rw-visits>
<rw-visits order="20197">6</rw-visits>
<rw-visits order="20401">6</rw-visits>
<rw-visits order="20605">6</rw-visits>
<rw-visits order="20809">6</rw-visits>
<rw-visits order="21013">6</rw-visits>
<rw-visits order="21217">5</rw-visits>
<rw-visits order="21421">5</rw-visits>
<rw-visits order="21625">5</rw-visits>
<rw-visits order="21829">5</rw-visits>
<rw-visits order="22033">5</rw-visits>
<rw-visits order="22237">5</rw-visits>
<rw-visits order="22441">5</rw-visits>
<rw-visits order="22645">5</rw-visits>
<rw-visits order="22849">5</rw-visits>
<rw-visits order="23053">4</rw-visits>
<rw-visits order="23257">4</rw-visits>
<rw-visits order="23461">4</rw-visits>
<rw-visits order="23665">4</rw-visits>
<rw-visits order="23869">4</rw-visits>
<rw-visits order="24073">4</rw-visits>
<rw-visits order="24277">4</rw-visits>
<rw-visits order="24481">4</rw-visits>
<rw-visits order="24685">4</rw-visits>
<rw-visits order="24889">4</rw-visits>
<rw-visits order="25093">4</rw-visits>
<rw-visits order="25297">4</rw-visits>
<rw-visits order="25501">3</rw-visits>
<rw-visits order="25705">3</rw-visits>
<rw-visits order="25909">3</rw-visits>
<rw-visits order="26113">3</rw-visits>
<rw-visits order="26317">3</rw-visits>
<rw-visits order="26521">3</rw-visits>
<rw-visits order="26725">3</rw-visits>
<rw-visits order="26929">3</rw-visits>
<rw-visits order="27133">3</rw-visits>
<rw-visits order="27337">3</rw-visits>
<rw-visits order="27541">3</rw-visits>
<rw-visits order="27745">3</rw-visits>
<rw-visits order="27949">3</rw-visits>
<rw-visits order="28153">3</rw-visits>
<rw-visits order="28357">3</rw-visits>
<rw-visits order="28561">3</rw-visits>
<rw-visits order="28765">2</rw-visits>
<rw-visits order="28969">2</rw-visits>
<rw-visits order="29173">2</rw-visits>
<rw-visits order="29377">2</rw-visits>
<rw-visits order="29581">2</rw-visits>
<rw-visits order="29785">2</rw-visits>
<rw-visits order="29989">2</rw-visits>
<rw-visits order="30193">2</rw-visits>
<rw-visits order="30397">2</rw-visits>
<rw-visits order="30601">2</rw-visits>
<rw-visits order="30805">2</rw-visits>
<rw-visits order="31009">2</rw-visits>
<rw-visits order="31213">2</rw-visits>
<rw-visits order="31417">2</rw-visits>
<rw-visits order="31621">2</rw-visits>
<rw-visits order="31825">2</rw-visits>
<rw-visits order="32029">2</rw-visits>
<rw-visits order="32233">2</rw-visits>
<rw-visits order="32437">2</rw-visits>
<rw-visits order="32641">2</rw-visits>
<rw-visits order="32845">2</rw-visits>
<rw-visits order="33049">1</rw-visits>
<rw-visits order="33253">1</rw-visits>
<rw-visits order="33457">1</rw-visits>
<rw-visits order="33661">1</rw-visits>
<rw-visits order="33865">1</rw-visits>
<rw-visits order="34069">1</rw-visits>
<rw-visits order="34273">1</rw-visits>
<rw-visits order="34477">1</rw-visits>
<rw-visits order="34681">1</rw-visits>
<rw-visits order="34885">1</rw-visits>
<rw-visits order="35089">1</rw-visits>
<rw-visits order="35293">1</rw-visits>
<rw-visits order="35497">1</rw-visits>
<rw-visits order="35701">1</rw-visits>
<rw-visits order="35905">1</rw-visits>
<rw-visits order="36109">1</rw-visits>
<rw-visits order="36313">1</rw-visits>
<rw-visits order="36517">1</rw-visits>
<rw-visits order="36721">1</rw-visits>
<rw-visits order="36925">1</rw-visits>
<rw-visits order="37129">1</rw-visits>
<rw-visits order="37333">1</rw-visits>
<rw-visits order="37537">1</rw-visits>
<rw-visits order="37741">1</rw-visits>
<rw-visits order="37945">1</rw-visits>
<rw-visits order="38149">1</rw-visits>
<rw-visits order="38353">1</rw-visits>
<rw-visits order="38557">1</rw-visits>
<rw-visits order="38761">1</rw-visits>
<rw-visits order="38965">1</rw-visits>
<rw-visits order="39169">1</rw-visits>
<rw-visits order="39373">1</rw-visits>
<rw-visits order="39577">1</rw-visits>
<rw-visits order="39781">1</rw-visits>
<rw-visits order="39985">1</rw-visits>
<rw-visits order="40189">1</rw-visits>
<rw-visits order="40393">1</rw-visits>
<rw-visits order="40597">1</rw-visits>
<rw-visits order="40801">1</rw-visits>
<final-coverage>49.0794</final-coverage>
</rw-info>
<local-info>
<diamonds>38.3075</diamonds>
<neighborhood k="4">19</neighborhood>
<clustering k="4">1.27639</clustering>
</local-info>
<label-info>
<edge-label id="0.0+1.17">5130</edge-label>
<edge-label id="0.0+1.26">1960</edge-label>
<edge-label id="0.0+1.7">2280</edge-label>
<edge-label id="0.1+1.17">5130</edge-label>
<edge-label id="0.1+1.26">1960</edge-label>
<edge-label id="0.1+1.7">2280</edge-label>
<edge-label id="0.3+1.15">5130</edge-label>
<edge-label id="0.3+1.24">1960</edge-label>
<edge-label id="0.3+1.3">2280</edge-label>
<edge-label id="1.1+6.12">528</edge-label>
<edge-label id="1.10+0.2">2036</edge-label>
<edge-label id="1.12+6.0">96</edge-label>
<edge-label id="1.12+6.12">80</edge-label>
<edge-label id="1.13">2974</edge-label>
<edge-label id="1.14+6.12">160</edge-label>
<edge-label id="1.16+0.4">1613</edge-label>
<edge-label id="1.18+6.0">706</edge-label>
<edge-label id="1.2">3824</edge-label>
<edge-label id="1.21+6.0">928</edge-label>
<edge-label id="1.21+6.12">864</edge-label>
<edge-label id="1.22+6.12">256</edge-label>
<edge-label id="1.23">1504</edge-label>
<edge-label id="1.25+0.4">900</edge-label>
<edge-label id="1.4+6.0">852</edge-label>
<edge-label id="1.6+0.4">56</edge-label>
<edge-label id="1.8+6.0">1704</edge-label>
<edge-label id="2.0+3.17">4510</edge-label>
<edge-label id="2.0+3.26">2440</edge-label>
<edge-label id="2.0+3.7">2344</edge-label>
<edge-label id="2.1+3.17">4510</edge-label>
<edge-label id="2.1+3.26">2440</edge-label>
<edge-label id="2.1+3.7">2344</edge-label>
<edge-label id="2.3+3.15">4510</edge-label>
<edge-label id="2.3+3.24">2440</edge-label>
<edge-label id="2.3+3.3">2344</edge-label>
<edge-label id="3.1+6.13">576</edge-label>
<edge-label id="3.10+2.2">2420</edge-label>
<edge-label id="3.12+6.1">96</edge-label>
<edge-label id="3.12+6.13">80</edge-label>
<edge-label id="3.13">2934</edge-label>
<edge-label id="3.14+6.13">192</edge-label>
<edge-label id="3.16+2.4">1401</edge-label>
<edge-label id="3.18+6.1">706</edge-label>
<edge-label id="3.2">4512</edge-label>
<edge-label id="3.21+6.1">928</edge-label>
<edge-label id="3.21+6.13">808</edge-label>
<edge-label id="3.22+6.13">224</edge-label>
<edge-label id="3.23">1680</edge-label>
<edge-label id="3.25+2.4">1092</edge-label>
<edge-label id="3.4+6.1">852</edge-label>
<edge-label id="3.6+2.4">56</edge-label>
<edge-label id="3.8+6.1">1704</edge-label>
<edge-label id="4.0+5.17">4054</edge-label>
<edge-label id="4.0+5.26">2760</edge-label>
<edge-label id="4.0+5.7">2400</edge-label>
<edge-label id="4.1+5.17">4054</edge-label>
<edge-label id="4.1+5.26">2760</edge-label>
<edge-label id="4.1+5.7">2400</edge-label>
<edge-label id="4.3+5.15">4054</edge-label>
<edge-label id="4.3+5.24">2760</edge-label>
<edge-label id="4.3+5.3">2400</edge-label>
<edge-label id="5.1+6.14">624</edge-label>
<edge-label id="5.10+4.2">2676</edge-label>
<edge-label id="5.12+6.14">80</edge-label>
<edge-label id="5.12+6.2">96</edge-label>
<edge-label id="5.13">2812</edge-label>
<edge-label id="5.14+6.14">224</edge-label>
<edge-label id="5.16+4.4">1261</edge-label>
<edge-label id="5.18+6.2">706</edge-label>
<edge-label id="5.2">4880</edge-label>
<edge-label id="5.21+6.14">752</edge-label>
<edge-label id="5.21+6.2">928</edge-label>
<edge-label id="5.22+6.14">192</edge-label>
<edge-label id="5.23">1776</edge-label>
<edge-label id="5.25+4.4">1220</edge-label>
<edge-label id="5.4+6.2">852</edge-label>
<edge-label id="5.6+4.4">56</edge-label>
<edge-label id="5.8+6.2">1704</edge-label>
<edge-label id="6.10">2952</edge-label>
<edge-label id="6.11">2812</edge-label>
<edge-label id="6.15">4776</edge-label>
<edge-label id="6.16+1.11">400</edge-label>
<edge-label id="6.16+1.5">112</edge-label>
<edge-label id="6.16+1.9">272</edge-label>
<edge-label id="6.17+3.11">400</edge-label>
<edge-label id="6.17+3.5">112</edge-label>
<edge-label id="6.17+3.9">272</edge-label>
<edge-label id="6.18+5.11">400</edge-label>
<edge-label id="6.18+5.5">112</edge-label>
<edge-label id="6.18+5.9">272</edge-label>
<edge-label id="6.19">2712</edge-label>
<edge-label id="6.3">10582</edge-label>
<edge-label id="6.4+1.0">2100</edge-label>
<edge-label id="6.4+1.11">1500</edge-label>
<edge-label id="6.4+1.20">4084</edge-label>
<edge-label id="6.5+3.0">1702</edge-label>
<edge-label id="6.5+3.11">1354</edge-label>
<edge-label id="6.5+3.20">2730</edge-label>
<edge-label id="6.6+5.0">1304</edge-label>
<edge-label id="6.6+5.11">1208</edge-label>
<edge-label id="6.6+5.20">1376</edge-label>
<edge-label id="6.7+1.19">760</edge-label>
<edge-label id="6.8+3.19">760</edge-label>
<edge-label id="6.9+5.19">760</edge-label>
<state-labels procid="0">
<label id="[0,0,0,255,255]">2806</label>
<label id="[0,0,1,255,255]">2934</label>
<label id="[0,255,255,0,0]">3911</label>
<label id="[0,255,255,0,1]">4542</label>
<label id="[0,255,255,255,255]">1</label>
<label id="[1,0,0,255,255]">24513</label>
<label id="[1,0,1,255,255]">24513</label>
<label id="[1,255,255,0,2]">20043</label>
</state-labels><state-labels procid="1">
<label id="[0,-1]">47482</label>
<label id="[0,0]">11842</label>
<label id="[1,-1]">4740</label>
<label id="[1,0]">2301</label>
<label id="[2,-1]">11356</label>
<label id="[2,0]">5542</label>
</state-labels><state-labels procid="2">
<label id="[0,0,1,-1]">1460</label>
<label id="[0,0,2,-1]">2032</label>
<label id="[0,0,3,-1]">2734</label>
<label id="[0,1,1,-1]">1460</label>
<label id="[0,1,2,-1]">2032</label>
<label id="[0,1,3,-1]">2708</label>
<label id="[1,0,-1,-1]">162</label>
<label id="[1,0,0,-1]">672</label>
<label id="[1,0,1,-1]">900</label>
<label id="[1,0,2,-1]">456</label>
<label id="[1,0,3,-1]">1912</label>
<label id="[1,1,-1,-1]">162</label>
<label id="[1,1,0,-1]">672</label>
<label id="[1,1,1,-1]">900</label>
<label id="[1,1,2,-1]">456</label>
<label id="[1,1,3,-1]">1912</label>
<label id="[10,0,0,-1]">697</label>
<label id="[10,1,0,-1]">916</label>
<label id="[11,0,0,-1]">697</label>
<label id="[11,0,1,-1]">697</label>
<label id="[11,1,0,-1]">916</label>
<label id="[11,1,1,-1]">916</label>
<label id="[12,0,0,-1]">605</label>
<label id="[12,0,1,-1]">605</label>
<label id="[12,1,0,-1]">597</label>
<label id="[12,1,1,-1]">597</label>
<label id="[13,0,0,-1]">2892</label>
<label id="[13,1,0,-1]">2442</label>
<label id="[13,1,1,-1]">2482</label>
<label id="[14,0,0,-1]">760</label>
<label id="[14,0,1,-1]">1374</label>
<label id="[14,0,2,-1]">1052</label>
<label id="[14,0,3,-1]">752</label>
<label id="[14,1,0,-1]">848</label>
<label id="[14,1,1,-1]">1286</label>
<label id="[14,1,2,-1]">1052</label>
<label id="[14,1,3,-1]">752</label>
<label id="[15,0,0,-1]">450</label>
<label id="[15,1,0,-1]">450</label>
<label id="[16,0,3,-1]">752</label>
<label id="[16,1,3,-1]">752</label>
<label id="[2,0,0,-1]">730</label>
<label id="[2,1,0,-1]">730</label>
<label id="[3,0,0,-1]">730</label>
<label id="[3,0,1,-1]">730</label>
<label id="[3,1,0,-1]">730</label>
<label id="[3,1,1,-1]">730</label>
<label id="[4,0,0,-1]">1506</label>
<label id="[4,1,0,-1]">1506</label>
<label id="[5,0,0,-1]">28</label>
<label id="[5,1,0,-1]">28</label>
<label id="[6,0,0,-1]">1578</label>
<label id="[6,0,1,-1]">1578</label>
<label id="[6,1,0,-1]">1578</label>
<label id="[6,1,1,-1]">1578</label>
<label id="[7,0,0,-1]">511</label>
<label id="[7,0,1,-1]">511</label>
<label id="[7,1,0,-1]">507</label>
<label id="[7,1,1,-1]">507</label>
<label id="[8,0,0,-1]">3624</label>
<label id="[8,0,1,-1]">1608</label>
<label id="[8,0,2,-1]">672</label>
<label id="[8,0,3,-1]">1432</label>
<label id="[8,1,0,-1]">4640</label>
<label id="[8,1,1,-1]">1932</label>
<label id="[8,1,2,-1]">672</label>
<label id="[8,1,3,-1]">2096</label>
<label id="[9,0,1,-1]">208</label>
<label id="[9,0,2,-1]">416</label>
<label id="[9,0,3,-1]">1500</label>
<label id="[9,1,-1,-1]">264</label>
<label id="[9,1,0,-1]">176</label>
<label id="[9,1,1,-1]">368</label>
<label id="[9,1,2,-1]">416</label>
<label id="[9,1,3,-1]">1474</label>
</state-labels><state-labels procid="3">
<label id="[0,-1]">48040</label>
<label id="[0,0]">12330</label>
<label id="[1,-1]">4518</label>
<label id="[1,0]">2111</label>
<label id="[2,-1]">11060</label>
<label id="[2,0]">5204</label>
</state-labels><state-labels procid="4">
<label id="[0,0,1,-1]">1266</label>
<label id="[0,0,2,-1]">1801</label>
<label id="[0,0,3,-1]">3026</label>
<label id="[0,1,1,-1]">1266</label>
<label id="[0,1,2,-1]">1801</label>
<label id="[0,1,3,-1]">3004</label>
<label id="[1,0,-1,-1]">106</label>
<label id="[1,0,0,-1]">646</label>
<label id="[1,0,1,-1]">932</label>
<label id="[1,0,2,-1]">520</label>
<label id="[1,0,3,-1]">2256</label>
<label id="[1,1,-1,-1]">106</label>
<label id="[1,1,0,-1]">646</label>
<label id="[1,1,1,-1]">932</label>
<label id="[1,1,2,-1]">520</label>
<label id="[1,1,3,-1]">2256</label>
<label id="[10,0,0,-1]">577</label>
<label id="[10,1,0,-1]">824</label>
<label id="[11,0,0,-1]">577</label>
<label id="[11,0,1,-1]">577</label>
<label id="[11,1,0,-1]">824</label>
<label id="[11,1,1,-1]">824</label>
<label id="[12,0,0,-1]">637</label>
<label id="[12,0,1,-1]">637</label>
<label id="[12,1,0,-1]">628</label>
<label id="[12,1,1,-1]">628</label>
<label id="[13,0,0,-1]">3858</label>
<label id="[13,1,0,-1]">3312</label>
<label id="[13,1,1,-1]">3376</label>
<label id="[14,0,0,-1]">496</label>
<label id="[14,0,1,-1]">1162</label>
<label id="[14,0,2,-1]">724</label>
<label id="[14,0,3,-1]">840</label>
<label id="[14,1,0,-1]">560</label>
<label id="[14,1,1,-1]">1082</label>
<label id="[14,1,2,-1]">724</label>
<label id="[14,1,3,-1]">840</label>
<label id="[15,0,0,-1]">546</label>
<label id="[15,1,0,-1]">546</label>
<label id="[16,0,3,-1]">840</label>
<label id="[16,1,3,-1]">840</label>
<label id="[2,0,0,-1]">758</label>
<label id="[2,1,0,-1]">758</label>
<label id="[3,0,0,-1]">758</label>
<label id="[3,0,1,-1]">758</label>
<label id="[3,1,0,-1]">758</label>
<label id="[3,1,1,-1]">758</label>
<label id="[4,0,0,-1]">1282</label>
<label id="[4,1,0,-1]">1282</label>
<label id="[5,0,0,-1]">28</label>
<label id="[5,1,0,-1]">28</label>
<label id="[6,0,0,-1]">1370</label>
<label id="[6,0,1,-1]">1370</label>
<label id="[6,1,0,-1]">1370</label>
<label id="[6,1,1,-1]">1370</label>
<label id="[7,0,0,-1]">607</label>
<label id="[7,0,1,-1]">607</label>
<label id="[7,1,0,-1]">603</label>
<label id="[7,1,1,-1]">603</label>
<label id="[8,0,0,-1]">3476</label>
<label id="[8,0,1,-1]">1604</label>
<label id="[8,0,2,-1]">588</label>
<label id="[8,0,3,-1]">1136</label>
<label id="[8,1,0,-1]">4586</label>
<label id="[8,1,1,-1]">1944</label>
<label id="[8,1,2,-1]">588</label>
<label id="[8,1,3,-1]">1888</label>
<label id="[9,0,1,-1]">196</label>
<label id="[9,0,2,-1]">424</label>
<label id="[9,0,3,-1]">1478</label>
<label id="[9,1,-1,-1]">192</label>
<label id="[9,1,0,-1]">236</label>
<label id="[9,1,1,-1]">416</label>
<label id="[9,1,2,-1]">424</label>
<label id="[9,1,3,-1]">1456</label>
</state-labels><state-labels procid="5">
<label id="[0,-1]">48388</label>
<label id="[0,0]">12638</label>
<label id="[1,-1]">4384</label>
<label id="[1,0]">1989</label>
<label id="[2,-1]">10900</label>
<label id="[2,0]">4964</label>
</state-labels><state-labels procid="6">
<label id="[0,0,1,-1]">1042</label>
<label id="[0,0,2,-1]">1573</label>
<label id="[0,0,3,-1]">3140</label>
<label id="[0,1,1,-1]">1042</label>
<label id="[0,1,2,-1]">1573</label>
<label id="[0,1,3,-1]">3124</label>
<label id="[1,0,-1,-1]">60</label>
<label id="[1,0,0,-1]">678</label>
<label id="[1,0,1,-1]">1048</label>
<label id="[1,0,2,-1]">624</label>
<label id="[1,0,3,-1]">2440</label>
<label id="[1,1,-1,-1]">60</label>
<label id="[1,1,0,-1]">678</label>
<label id="[1,1,1,-1]">1048</label>
<label id="[1,1,2,-1]">624</label>
<label id="[1,1,3,-1]">2440</label>
<label id="[10,0,0,-1]">497</label>
<label id="[10,1,0,-1]">764</label>
<label id="[11,0,0,-1]">497</label>
<label id="[11,0,1,-1]">497</label>
<label id="[11,1,0,-1]">764</label>
<label id="[11,1,1,-1]">764</label>
<label id="[12,0,0,-1]">670</label>
<label id="[12,0,1,-1]">670</label>
<label id="[12,1,0,-1]">659</label>
<label id="[12,1,1,-1]">659</label>
<label id="[13,0,0,-1]">4354</label>
<label id="[13,1,0,-1]">3744</label>
<label id="[13,1,1,-1]">3824</label>
<label id="[14,0,0,-1]">280</label>
<label id="[14,0,1,-1]">1200</label>
<label id="[14,0,2,-1]">560</label>
<label id="[14,0,3,-1]">888</label>
<label id="[14,1,0,-1]">320</label>
<label id="[14,1,1,-1]">1120</label>
<label id="[14,1,2,-1]">560</label>
<label id="[14,1,3,-1]">888</label>
<label id="[15,0,0,-1]">610</label>
<label id="[15,1,0,-1]">610</label>
<label id="[16,0,3,-1]">888</label>
<label id="[16,1,3,-1]">888</label>
<label id="[2,0,0,-1]">766</label>
<label id="[2,1,0,-1]">766</label>
<label id="[3,0,0,-1]">766</label>
<label id="[3,0,1,-1]">766</label>
<label id="[3,1,0,-1]">766</label>
<label id="[3,1,1,-1]">766</label>
<label id="[4,0,0,-1]">1152</label>
<label id="[4,1,0,-1]">1152</label>
<label id="[5,0,0,-1]">28</label>
<label id="[5,1,0,-1]">28</label>
<label id="[6,0,0,-1]">1236</label>
<label id="[6,0,1,-1]">1236</label>
<label id="[6,1,0,-1]">1236</label>
<label id="[6,1,1,-1]">1236</label>
<label id="[7,0,0,-1]">671</label>
<label id="[7,0,1,-1]">671</label>
<label id="[7,1,0,-1]">667</label>
<label id="[7,1,1,-1]">667</label>
<label id="[8,0,0,-1]">3448</label>
<label id="[8,0,1,-1]">1580</label>
<label id="[8,0,2,-1]">508</label>
<label id="[8,0,3,-1]">968</label>
<label id="[8,1,0,-1]">4670</label>
<label id="[8,1,1,-1]">1952</label>
<label id="[8,1,2,-1]">508</label>
<label id="[8,1,3,-1]">1824</label>
<label id="[9,0,1,-1]">200</label>
<label id="[9,0,2,-1]">480</label>
<label id="[9,0,3,-1]">1414</label>
<label id="[9,1,-1,-1]">120</label>
<label id="[9,1,0,-1]">292</label>
<label id="[9,1,1,-1]">476</label>
<label id="[9,1,2,-1]">480</label>
<label id="[9,1,3,-1]">1398</label>
</state-labels><state-labels procid="7">
<label id="[0,0,0,0,0]">11</label>
<label id="[0,0,3,0,-1]">790</label>
<label id="[0,0,3,0,0]">644</label>
<label id="[0,0,3,0,3]">2276</label>
<label id="[0,0,3,1,-1]">782</label>
<label id="[0,0,3,1,1]">636</label>
<label id="[0,0,3,1,3]">2268</label>
<label id="[0,1,3,0,-1]">790</label>
<label id="[0,1,3,0,0]">644</label>
<label id="[0,1,3,0,3]">2276</label>
<label id="[0,1,3,1,-1]">782</label>
<label id="[0,1,3,1,1]">636</label>
<label id="[0,1,3,1,3]">2268</label>
<label id="[0,2,3,0,-1]">790</label>
<label id="[0,2,3,0,0]">644</label>
<label id="[0,2,3,0,3]">2276</label>
<label id="[0,2,3,1,-1]">782</label>
<label id="[0,2,3,1,1]">636</label>
<label id="[0,2,3,1,3]">2268</label>
<label id="[1,0,0,0,0]">640</label>
<label id="[1,0,0,0,1]">1050</label>
<label id="[1,0,0,0,2]">820</label>
<label id="[1,0,0,0,3]">254</label>
<label id="[1,0,0,1,-1]">232</label>
<label id="[1,0,0,1,0]">640</label>
<label id="[1,0,0,1,1]">1050</label>
<label id="[1,0,0,1,2]">820</label>
<label id="[1,0,0,1,3]">252</label>
<label id="[1,0,1,0,0]">640</label>
<label id="[1,0,1,0,1]">1050</label>
<label id="[1,0,1,0,2]">820</label>
<label id="[1,0,1,0,3]">254</label>
<label id="[1,0,1,1,-1]">232</label>
<label id="[1,0,1,1,0]">640</label>
<label id="[1,0,1,1,1]">1050</label>
<label id="[1,0,1,1,2]">820</label>
<label id="[1,0,1,1,3]">252</label>
<label id="[1,0,2,0,0]">292</label>
<label id="[1,0,2,0,1]">486</label>
<label id="[1,0,2,0,2]">388</label>
<label id="[1,0,2,0,3]">318</label>
<label id="[1,0,2,1,-1]">116</label>
<label id="[1,0,2,1,0]">292</label>
<label id="[1,0,2,1,1]">486</label>
<label id="[1,0,2,1,2]">388</label>
<label id="[1,0,2,1,3]">314</label>
<label id="[1,0,3,0,0]">120</label>
<label id="[1,0,3,0,1]">196</label>
<label id="[1,0,3,0,2]">152</label>
<label id="[1,0,3,0,3]">384</label>
<label id="[1,0,3,1,-1]">48</label>
<label id="[1,0,3,1,0]">120</label>
<label id="[1,0,3,1,1]">196</label>
<label id="[1,0,3,1,2]">152</label>
<label id="[1,0,3,1,3]">376</label>
<label id="[1,1,0,0,0]">640</label>
<label id="[1,1,0,0,1]">1050</label>
<label id="[1,1,0,0,2]">820</label>
<label id="[1,1,0,0,3]">254</label>
<label id="[1,1,0,1,-1]">232</label>
<label id="[1,1,0,1,0]">640</label>
<label id="[1,1,0,1,1]">1050</label>
<label id="[1,1,0,1,2]">820</label>
<label id="[1,1,0,1,3]">252</label>
<label id="[1,1,1,0,0]">292</label>
<label id="[1,1,1,0,1]">486</label>
<label id="[1,1,1,0,2]">388</label>
<label id="[1,1,1,0,3]">318</label>
<label id="[1,1,1,1,-1]">116</label>
<label id="[1,1,1,1,0]">292</label>
<label id="[1,1,1,1,1]">486</label>
<label id="[1,1,1,1,2]">388</label>
<label id="[1,1,1,1,3]">314</label>
<label id="[1,1,2,0,0]">292</label>
<label id="[1,1,2,0,1]">486</label>
<label id="[1,1,2,0,2]">388</label>
<label id="[1,1,2,0,3]">318</label>
<label id="[1,1,2,1,-1]">116</label>
<label id="[1,1,2,1,0]">292</label>
<label id="[1,1,2,1,1]">486</label>
<label id="[1,1,2,1,2]">388</label>
<label id="[1,1,2,1,3]">314</label>
<label id="[1,1,3,0,0]">120</label>
<label id="[1,1,3,0,1]">196</label>
<label id="[1,1,3,0,2]">152</label>
<label id="[1,1,3,0,3]">384</label>
<label id="[1,1,3,1,-1]">48</label>
<label id="[1,1,3,1,0]">120</label>
<label id="[1,1,3,1,1]">196</label>
<label id="[1,1,3,1,2]">152</label>
<label id="[1,1,3,1,3]">376</label>
<label id="[1,2,0,0,0]">640</label>
<label id="[1,2,0,0,1]">1050</label>
<label id="[1,2,0,0,2]">820</label>
<label id="[1,2,0,0,3]">254</label>
<label id="[1,2,0,1,-1]">232</label>
<label id="[1,2,0,1,0]">640</label>
<label id="[1,2,0,1,1]">1050</label>
<label id="[1,2,0,1,2]">820</label>
<label id="[1,2,0,1,3]">252</label>
<label id="[1,2,1,0,0]">292</label>
<label id="[1,2,1,0,1]">486</label>
<label id="[1,2,1,0,2]">388</label>
<label id="[1,2,1,0,3]">318</label>
<label id="[1,2,1,1,-1]">116</label>
<label id="[1,2,1,1,0]">292</label>
<label id="[1,2,1,1,1]">486</label>
<label id="[1,2,1,1,2]">388</label>
<label id="[1,2,1,1,3]">314</label>
<label id="[1,2,2,0,0]">120</label>
<label id="[1,2,2,0,1]">196</label>
<label id="[1,2,2,0,2]">152</label>
<label id="[1,2,2,0,3]">384</label>
<label id="[1,2,2,1,-1]">48</label>
<label id="[1,2,2,1,0]">120</label>
<label id="[1,2,2,1,1]">196</label>
<label id="[1,2,2,1,2]">152</label>
<label id="[1,2,2,1,3]">376</label>
<label id="[1,2,3,0,0]">120</label>
<label id="[1,2,3,0,1]">196</label>
<label id="[1,2,3,0,2]">152</label>
<label id="[1,2,3,0,3]">384</label>
<label id="[1,2,3,1,-1]">48</label>
<label id="[1,2,3,1,0]">120</label>
<label id="[1,2,3,1,1]">196</label>
<label id="[1,2,3,1,2]">152</label>
<label id="[1,2,3,1,3]">376</label>
<label id="[2,0,0,0,0]">120</label>
<label id="[2,0,0,0,1]">196</label>
<label id="[2,0,0,0,2]">152</label>
<label id="[2,0,0,1,-1]">48</label>
<label id="[2,0,0,1,0]">120</label>
<label id="[2,0,0,1,1]">196</label>
<label id="[2,0,0,1,2]">152</label>
<label id="[2,0,1,0,0]">120</label>
<label id="[2,0,1,0,1]">196</label>
<label id="[2,0,1,0,2]">152</label>
<label id="[2,0,1,1,-1]">48</label>
<label id="[2,0,1,1,0]">120</label>
<label id="[2,0,1,1,1]">196</label>
<label id="[2,0,1,1,2]">152</label>
<label id="[2,0,2,0,-1]">224</label>
<label id="[2,0,2,0,0]">252</label>
<label id="[2,0,2,1,-1]">224</label>
<label id="[2,0,2,1,1]">248</label>
<label id="[2,0,3,0,-1]">232</label>
<label id="[2,0,3,0,0]">216</label>
<label id="[2,0,3,1,-1]">224</label>
<label id="[2,0,3,1,1]">208</label>
<label id="[2,1,0,0,0]">120</label>
<label id="[2,1,0,0,1]">196</label>
<label id="[2,1,0,0,2]">152</label>
<label id="[2,1,0,1,-1]">48</label>
<label id="[2,1,0,1,0]">120</label>
<label id="[2,1,0,1,1]">196</label>
<label id="[2,1,0,1,2]">152</label>
<label id="[2,1,1,0,-1]">224</label>
<label id="[2,1,1,0,0]">252</label>
<label id="[2,1,1,1,-1]">224</label>
<label id="[2,1,1,1,1]">248</label>
<label id="[2,1,2,0,-1]">224</label>
<label id="[2,1,2,0,0]">252</label>
<label id="[2,1,2,1,-1]">224</label>
<label id="[2,1,2,1,1]">248</label>
<label id="[2,1,3,0,-1]">232</label>
<label id="[2,1,3,0,0]">216</label>
<label id="[2,1,3,1,-1]">224</label>
<label id="[2,1,3,1,1]">208</label>
<label id="[2,2,0,0,0]">120</label>
<label id="[2,2,0,0,1]">196</label>
<label id="[2,2,0,0,2]">152</label>
<label id="[2,2,0,1,-1]">48</label>
<label id="[2,2,0,1,0]">120</label>
<label id="[2,2,0,1,1]">196</label>
<label id="[2,2,0,1,2]">152</label>
<label id="[2,2,1,0,-1]">224</label>
<label id="[2,2,1,0,0]">252</label>
<label id="[2,2,1,1,-1]">224</label>
<label id="[2,2,1,1,1]">248</label>
<label id="[2,2,2,0,-1]">232</label>
<label id="[2,2,2,0,0]">216</label>
<label id="[2,2,2,1,-1]">224</label>
<label id="[2,2,2,1,1]">208</label>
<label id="[2,2,3,0,-1]">232</label>
<label id="[2,2,3,0,0]">216</label>
<label id="[2,2,3,1,-1]">224</label>
<label id="[2,2,3,1,1]">208</label>
<label id="[3,0,2,0,-1]">224</label>
<label id="[3,0,2,0,0]">212</label>
<label id="[3,0,2,0,1]">208</label>
<label id="[3,0,2,1,-1]">224</label>
<label id="[3,0,2,1,0]">212</label>
<label id="[3,0,2,1,1]">208</label>
<label id="[3,0,3,0,-1]">232</label>
<label id="[3,0,3,0,0]">192</label>
<label id="[3,0,3,0,1]">184</label>
<label id="[3,0,3,1,-1]">224</label>
<label id="[3,0,3,1,0]">192</label>
<label id="[3,0,3,1,1]">184</label>
<label id="[3,1,1,0,-1]">224</label>
<label id="[3,1,1,0,0]">212</label>
<label id="[3,1,1,0,1]">208</label>
<label id="[3,1,1,1,-1]">224</label>
<label id="[3,1,1,1,0]">212</label>
<label id="[3,1,1,1,1]">208</label>
<label id="[3,1,3,0,-1]">232</label>
<label id="[3,1,3,0,0]">192</label>
<label id="[3,1,3,0,1]">184</label>
<label id="[3,1,3,1,-1]">224</label>
<label id="[3,1,3,1,0]">192</label>
<label id="[3,1,3,1,1]">184</label>
<label id="[3,2,1,0,-1]">224</label>
<label id="[3,2,1,0,0]">212</label>
<label id="[3,2,1,0,1]">208</label>
<label id="[3,2,1,1,-1]">224</label>
<label id="[3,2,1,1,0]">212</label>
<label id="[3,2,1,1,1]">208</label>
<label id="[3,2,2,0,-1]">232</label>
<label id="[3,2,2,0,0]">192</label>
<label id="[3,2,2,0,1]">184</label>
<label id="[3,2,2,1,-1]">224</label>
<label id="[3,2,2,1,0]">192</label>
<label id="[3,2,2,1,1]">184</label>
</state-labels></label-info>
</state-space-info>
