<?xml version="1.0"?>
<!DOCTYPE state-space-info SYSTEM "../../state_space_info.dtd">


<state-space-info>
<states>2666</states>
<edges>10658</edges>
<bfs-info>
 <levels>12</levels>
<max-level>531</max-level>

<back-level-edges>3348</back-level-edges>
<max-back-level-edge>3</max-back-level-edge>
<avg-back-level-edge>1.05018</avg-back-level-edge>
<bfs-levels>
<level id="0"><states>1</states><edges>16</edges></level>
<level id="1"><states>16</states><edges>65</edges></level>
<level id="2"><states>22</states><edges>154</edges></level>
<level id="3"><states>42</states><edges>294</edges></level>
<level id="4"><states>77</states><edges>581</edges></level>
<level id="5"><states>133</states><edges>1092</edges></level>
<level id="6"><states>231</states><edges>1589</edges></level>
<level id="7"><states>339</states><edges>1869</edges></level>
<level id="8"><states>455</states><edges>2016</edges></level>
<level id="9"><states>531</states><edges>1848</edges></level>
<level id="10"><states>504</states><edges>1134</edges></level>
<level id="11"><states>315</states><edges>0</edges></level>
</bfs-levels>
<back-level-length id="0">0</back-level-length>
<back-level-length id="1">97.491</back-level-length>
<back-level-length id="2">0</back-level-length>
<back-level-length id="3">2.50896</back-level-length>
</bfs-info>
<degrees>
<avg>3.99775</avg>
<max-in>23</max-in>
<max-out>16</max-out>
<degree id="0"><in>0</in><out>891</out></degree>
<degree id="1"><in>1087</in><out>9</out></degree>
<degree id="2"><in>42</in><out>63</out></degree>
<degree id="3"><in>420</in><out>189</out></degree>
<degree id="4"><in>455</in><out>315</out></degree>
<degree id="5"><in>294</in><out>315</out></degree>
<degree id="6"><in>105</in><out>189</out></degree>
<degree id="7"><in>16</in><out>449</out></degree>
<degree id="8"><in>0</in><out>7</out></degree>
<degree id="9"><in>0</in><out>21</out></degree>
<degree id="10"><in>0</in><out>35</out></degree>
<degree id="11"><in>21</in><out>56</out></degree>
<degree id="12"><in>35</in><out>56</out></degree>
<degree id="13"><in>42</in><out>42</out></degree>
<degree id="14"><in>22</in><out>21</out></degree>
<degree id="15"><in>7</in><out>7</out></degree>
<degree id="16"><in>1</in><out>1</out></degree>
<degree id="17"><in>0</in><out>0</out></degree>
<degree id="18"><in>0</in><out>0</out></degree>
<degree id="19"><in>28</in><out>0</out></degree>
<degree id="20"><in>0</in><out>0</out></degree>
<degree id="21"><in>0</in><out>0</out></degree>
<degree id="22"><in>56</in><out>0</out></degree>
<degree id="23"><in>35</in><out>0</out></degree>
</degrees>
<scc-info>
<count>892</count>
<height>1</height>
<nontrivial-height>1</nontrivial-height>
<trivial>891</trivial>
<terminal>891</terminal>
<largest>1775</largest>
<largest-position> initial </largest-position>
</scc-info>
<dfs-info>
<stack-size id="13">0.487622</stack-size>
<stack-size id="26">0.975244</stack-size>
<stack-size id="39">1.46287</stack-size>
<stack-size id="52">1.65041</stack-size>
<stack-size id="65">1.65041</stack-size>
<stack-size id="78">1.65041</stack-size>
<stack-size id="91">1.6129</stack-size>
<stack-size id="104">1.83796</stack-size>
<stack-size id="117">2.32558</stack-size>
<stack-size id="130">2.43811</stack-size>
<stack-size id="143">2.47562</stack-size>
<stack-size id="156">2.47562</stack-size>
<stack-size id="169">2.47562</stack-size>
<stack-size id="182">2.47562</stack-size>
<stack-size id="195">2.47562</stack-size>
<stack-size id="208">2.47562</stack-size>
<stack-size id="221">2.55064</stack-size>
<stack-size id="234">2.51313</stack-size>
<stack-size id="247">2.55064</stack-size>
<stack-size id="260">2.55064</stack-size>
<stack-size id="273">2.55064</stack-size>
<stack-size id="286">2.55064</stack-size>
<stack-size id="299">2.92573</stack-size>
<stack-size id="312">3.41335</stack-size>
<stack-size id="325">3.75094</stack-size>
<stack-size id="338">3.71343</stack-size>
<stack-size id="351">3.71343</stack-size>
<stack-size id="364">3.75094</stack-size>
<stack-size id="377">3.75094</stack-size>
<stack-size id="390">3.75094</stack-size>
<stack-size id="403">3.75094</stack-size>
<stack-size id="416">3.71343</stack-size>
<stack-size id="429">3.75094</stack-size>
<stack-size id="442">3.75094</stack-size>
<stack-size id="455">4.23856</stack-size>
<stack-size id="468">4.72618</stack-size>
<stack-size id="481">5.2138</stack-size>
<stack-size id="494">5.70143</stack-size>
<stack-size id="507">6.11403</stack-size>
<stack-size id="520">6.15154</stack-size>
<stack-size id="533">6.15154</stack-size>
<stack-size id="546">6.11403</stack-size>
<stack-size id="559">6.15154</stack-size>
<stack-size id="572">6.15154</stack-size>
<stack-size id="585">6.11403</stack-size>
<stack-size id="598">6.11403</stack-size>
<stack-size id="611">6.18905</stack-size>
<stack-size id="624">6.18905</stack-size>
<stack-size id="637">6.18905</stack-size>
<stack-size id="650">6.15154</stack-size>
<stack-size id="663">6.18905</stack-size>
<stack-size id="676">6.15154</stack-size>
<stack-size id="689">6.18905</stack-size>
<stack-size id="702">6.48912</stack-size>
<stack-size id="715">6.97674</stack-size>
<stack-size id="728">7.46437</stack-size>
<stack-size id="741">7.95199</stack-size>
<stack-size id="754">8.43961</stack-size>
<stack-size id="767">8.92723</stack-size>
<stack-size id="780">9.26482</stack-size>
<stack-size id="793">9.26482</stack-size>
<stack-size id="806">9.26482</stack-size>
<stack-size id="819">9.26482</stack-size>
<stack-size id="832">9.26482</stack-size>
<stack-size id="845">9.26482</stack-size>
<stack-size id="858">9.22731</stack-size>
<stack-size id="871">9.26482</stack-size>
<stack-size id="884">9.22731</stack-size>
<stack-size id="897">9.07727</stack-size>
<stack-size id="910">9.11478</stack-size>
<stack-size id="923">9.07727</stack-size>
<stack-size id="936">9.03976</stack-size>
<stack-size id="949">9.03976</stack-size>
<stack-size id="962">9.03976</stack-size>
<stack-size id="975">9.03976</stack-size>
<stack-size id="988">9.00225</stack-size>
<stack-size id="1001">9.00225</stack-size>
<stack-size id="1014">8.96474</stack-size>
<stack-size id="1027">8.96474</stack-size>
<stack-size id="1040">8.92723</stack-size>
<stack-size id="1053">8.92723</stack-size>
<stack-size id="1066">8.88972</stack-size>
<stack-size id="1079">8.92723</stack-size>
<stack-size id="1092">8.88972</stack-size>
<stack-size id="1105">8.92723</stack-size>
<stack-size id="1118">8.92723</stack-size>
<stack-size id="1131">8.88972</stack-size>
<stack-size id="1144">8.73968</stack-size>
<stack-size id="1157">8.77719</stack-size>
<stack-size id="1170">8.77719</stack-size>
<stack-size id="1183">8.77719</stack-size>
<stack-size id="1196">8.73968</stack-size>
<stack-size id="1209">8.73968</stack-size>
<stack-size id="1222">8.73968</stack-size>
<stack-size id="1235">8.70218</stack-size>
<stack-size id="1248">8.66467</stack-size>
<stack-size id="1261">8.66467</stack-size>
<stack-size id="1274">8.66467</stack-size>
<stack-size id="1287">8.66467</stack-size>
<stack-size id="1300">8.62716</stack-size>
<stack-size id="1313">8.62716</stack-size>
<stack-size id="1326">8.66467</stack-size>
<stack-size id="1339">8.47712</stack-size>
<stack-size id="1352">8.51463</stack-size>
<stack-size id="1365">8.47712</stack-size>
<stack-size id="1378">8.47712</stack-size>
<stack-size id="1391">8.47712</stack-size>
<stack-size id="1404">8.47712</stack-size>
<stack-size id="1417">8.4021</stack-size>
<stack-size id="1430">8.36459</stack-size>
<stack-size id="1443">8.4021</stack-size>
<stack-size id="1456">8.32708</stack-size>
<stack-size id="1469">8.36459</stack-size>
<stack-size id="1482">8.32708</stack-size>
<stack-size id="1495">8.32708</stack-size>
<stack-size id="1508">8.32708</stack-size>
<stack-size id="1521">8.36459</stack-size>
<stack-size id="1534">8.4021</stack-size>
<stack-size id="1547">8.32708</stack-size>
<stack-size id="1560">8.36459</stack-size>
<stack-size id="1573">8.25206</stack-size>
<stack-size id="1586">8.25206</stack-size>
<stack-size id="1599">8.51463</stack-size>
<stack-size id="1612">8.62716</stack-size>
<stack-size id="1625">8.62716</stack-size>
<stack-size id="1638">8.47712</stack-size>
<stack-size id="1651">8.51463</stack-size>
<stack-size id="1664">8.51463</stack-size>
<stack-size id="1677">8.47712</stack-size>
<stack-size id="1690">8.43961</stack-size>
<stack-size id="1703">8.32708</stack-size>
<stack-size id="1716">8.28957</stack-size>
<stack-size id="1729">8.10203</stack-size>
<stack-size id="1742">8.13953</stack-size>
<stack-size id="1755">7.87697</stack-size>
<stack-size id="1768">7.83946</stack-size>
<stack-size id="1781">7.68942</stack-size>
<stack-size id="1794">7.38935</stack-size>
<stack-size id="1807">7.23931</stack-size>
<stack-size id="1820">7.23931</stack-size>
<stack-size id="1833">7.08927</stack-size>
<stack-size id="1846">6.86422</stack-size>
<stack-size id="1859">6.52663</stack-size>
<stack-size id="1872">5.88897</stack-size>
<stack-size id="1885">5.85146</stack-size>
<stack-size id="1898">5.85146</stack-size>
<stack-size id="1911">5.77644</stack-size>
<stack-size id="1924">5.77644</stack-size>
<stack-size id="1937">5.77644</stack-size>
<stack-size id="1950">5.73893</stack-size>
<stack-size id="1963">5.73893</stack-size>
<stack-size id="1976">5.62641</stack-size>
<stack-size id="1989">5.5889</stack-size>
<stack-size id="2002">5.5889</stack-size>
<stack-size id="2015">5.51388</stack-size>
<stack-size id="2028">5.51388</stack-size>
<stack-size id="2041">5.51388</stack-size>
<stack-size id="2054">5.51388</stack-size>
<stack-size id="2067">5.51388</stack-size>
<stack-size id="2080">5.51388</stack-size>
<stack-size id="2093">5.51388</stack-size>
<stack-size id="2106">5.43886</stack-size>
<stack-size id="2119">5.32633</stack-size>
<stack-size id="2132">5.32633</stack-size>
<stack-size id="2145">5.25131</stack-size>
<stack-size id="2158">5.2138</stack-size>
<stack-size id="2171">5.2138</stack-size>
<stack-size id="2184">5.17629</stack-size>
<stack-size id="2197">5.2138</stack-size>
<stack-size id="2210">5.17629</stack-size>
<stack-size id="2223">5.02626</stack-size>
<stack-size id="2236">5.06377</stack-size>
<stack-size id="2249">5.02626</stack-size>
<stack-size id="2262">5.02626</stack-size>
<stack-size id="2275">4.68867</stack-size>
<stack-size id="2288">3.52588</stack-size>
<stack-size id="2301">3.48837</stack-size>
<stack-size id="2314">3.48837</stack-size>
<stack-size id="2327">3.41335</stack-size>
<stack-size id="2340">3.41335</stack-size>
<stack-size id="2353">3.37584</stack-size>
<stack-size id="2366">3.37584</stack-size>
<stack-size id="2379">3.37584</stack-size>
<stack-size id="2392">3.26332</stack-size>
<stack-size id="2405">3.22581</stack-size>
<stack-size id="2418">3.22581</stack-size>
<stack-size id="2431">3.15079</stack-size>
<stack-size id="2444">2.43811</stack-size>
<stack-size id="2457">2.25056</stack-size>
<stack-size id="2470">2.28807</stack-size>
<stack-size id="2483">2.25056</stack-size>
<stack-size id="2496">1.80045</stack-size>
<stack-size id="2509">1.35034</stack-size>
<stack-size id="2522">1.08777</stack-size>
<stack-size id="2535">0.300075</stack-size>
<stack-size id="2548">0.262566</stack-size>
<stack-size id="2561">0.225056</stack-size>
<stack-size id="2574">0.262566</stack-size>
<stack-size id="2587">0.225056</stack-size>
<stack-size id="2600">0.337584</stack-size>
<stack-size id="2613">0.225056</stack-size>
<stack-size id="2626">0.187547</stack-size>
<stack-size id="2639">0.225056</stack-size>
<stack-size id="2652">0.187547</stack-size>
<stack-size id="2665">0.0750188</stack-size>
<max-stack>247</max-stack>
<front-edges>2665</front-edges>
<back-edges>2993</back-edges>
<cross-edges>5000</cross-edges>
<shortest-cycle>2</shortest-cycle>
</dfs-info>
<rw-info>
<coverage step="260">6.26407</coverage>
<coverage step="520">10.8027</coverage>
<coverage step="780">14.4036</coverage>
<coverage step="1040">17.1793</coverage>
<coverage step="1300">19.2423</coverage>
<coverage step="1560">21.1553</coverage>
<coverage step="1820">23.3683</coverage>
<coverage step="2080">24.7562</coverage>
<coverage step="2340">25.919</coverage>
<coverage step="2600">27.3818</coverage>
<coverage step="2860">28.9947</coverage>
<coverage step="3120">30.1575</coverage>
<coverage step="3380">31.0953</coverage>
<coverage step="3640">32.108</coverage>
<coverage step="3900">33.0458</coverage>
<coverage step="4160">33.6834</coverage>
<coverage step="4420">34.5836</coverage>
<coverage step="4680">35.2588</coverage>
<coverage step="4940">35.7464</coverage>
<coverage step="5200">36.4966</coverage>
<coverage step="5460">37.4719</coverage>
<coverage step="5720">37.8845</coverage>
<coverage step="5980">38.6722</coverage>
<coverage step="6240">39.5349</coverage>
<coverage step="6500">40.1725</coverage>
<coverage step="6760">40.6602</coverage>
<coverage step="7020">40.9602</coverage>
<coverage step="7280">41.4854</coverage>
<coverage step="7540">41.898</coverage>
<coverage step="7800">42.4981</coverage>
<coverage step="8060">42.8357</coverage>
<coverage step="8320">43.2483</coverage>
<coverage step="8580">43.5859</coverage>
<coverage step="8840">44.036</coverage>
<coverage step="9100">44.2986</coverage>
<coverage step="9360">44.7862</coverage>
<coverage step="9620">45.5364</coverage>
<coverage step="9880">46.1365</coverage>
<coverage step="10140">46.7367</coverage>
<coverage step="10400">47.2618</coverage>
<coverage step="10660">47.5619</coverage>
<coverage step="10920">48.0495</coverage>
<coverage step="11180">48.1995</coverage>
<coverage step="11440">48.6122</coverage>
<coverage step="11700">49.0248</coverage>
<coverage step="11960">49.5124</coverage>
<coverage step="12220">49.8125</coverage>
<coverage step="12480">50.1125</coverage>
<coverage step="12740">50.3751</coverage>
<coverage step="13000">50.7127</coverage>
<coverage step="13260">51.2003</coverage>
<coverage step="13520">51.3878</coverage>
<coverage step="13780">51.838</coverage>
<coverage step="14040">52.138</coverage>
<coverage step="14300">52.3631</coverage>
<coverage step="14560">52.7757</coverage>
<coverage step="14820">53.0008</coverage>
<coverage step="15080">53.2633</coverage>
<coverage step="15340">53.4884</coverage>
<coverage step="15600">53.6009</coverage>
<coverage step="15860">53.8635</coverage>
<coverage step="16120">53.976</coverage>
<coverage step="16380">54.3886</coverage>
<coverage step="16640">54.6512</coverage>
<coverage step="16900">55.1388</coverage>
<coverage step="17160">55.5139</coverage>
<coverage step="17420">55.964</coverage>
<coverage step="17680">56.3016</coverage>
<coverage step="17940">56.4516</coverage>
<coverage step="18200">56.5641</coverage>
<coverage step="18460">56.8642</coverage>
<coverage step="18720">56.9767</coverage>
<coverage step="18980">57.1268</coverage>
<coverage step="19240">57.4269</coverage>
<coverage step="19500">57.5769</coverage>
<coverage step="19760">57.877</coverage>
<coverage step="20020">58.177</coverage>
<coverage step="20280">58.3271</coverage>
<coverage step="20540">58.7397</coverage>
<coverage step="20800">58.9647</coverage>
<coverage step="21060">59.0023</coverage>
<coverage step="21320">59.3773</coverage>
<coverage step="21580">59.6774</coverage>
<coverage step="21840">59.94</coverage>
<coverage step="22100">60.2776</coverage>
<coverage step="22360">60.3151</coverage>
<coverage step="22620">60.5776</coverage>
<coverage step="22880">60.9902</coverage>
<coverage step="23140">61.1028</coverage>
<coverage step="23400">61.2903</coverage>
<coverage step="23660">61.4779</coverage>
<coverage step="23920">61.853</coverage>
<coverage step="24180">62.2281</coverage>
<coverage step="24440">62.4906</coverage>
<coverage step="24700">62.6782</coverage>
<coverage step="24960">62.9032</coverage>
<coverage step="25220">62.9782</coverage>
<coverage step="25480">63.1283</coverage>
<coverage step="25740">63.3533</coverage>
<coverage step="26000">63.5409</coverage>
<coverage step="26260">63.6909</coverage>
<coverage step="26520">63.8035</coverage>
<rw-visits order="1">3133</rw-visits>
<rw-visits order="9">289</rw-visits>
<rw-visits order="17">186</rw-visits>
<rw-visits order="25">96</rw-visits>
<rw-visits order="33">91</rw-visits>
<rw-visits order="41">88</rw-visits>
<rw-visits order="49">87</rw-visits>
<rw-visits order="57">84</rw-visits>
<rw-visits order="65">76</rw-visits>
<rw-visits order="73">68</rw-visits>
<rw-visits order="81">64</rw-visits>
<rw-visits order="89">60</rw-visits>
<rw-visits order="97">57</rw-visits>
<rw-visits order="105">52</rw-visits>
<rw-visits order="113">47</rw-visits>
<rw-visits order="121">45</rw-visits>
<rw-visits order="129">43</rw-visits>
<rw-visits order="137">41</rw-visits>
<rw-visits order="145">40</rw-visits>
<rw-visits order="153">38</rw-visits>
<rw-visits order="161">37</rw-visits>
<rw-visits order="169">36</rw-visits>
<rw-visits order="177">34</rw-visits>
<rw-visits order="185">33</rw-visits>
<rw-visits order="193">32</rw-visits>
<rw-visits order="201">31</rw-visits>
<rw-visits order="209">31</rw-visits>
<rw-visits order="217">30</rw-visits>
<rw-visits order="225">30</rw-visits>
<rw-visits order="233">29</rw-visits>
<rw-visits order="241">28</rw-visits>
<rw-visits order="249">27</rw-visits>
<rw-visits order="257">26</rw-visits>
<rw-visits order="265">25</rw-visits>
<rw-visits order="273">24</rw-visits>
<rw-visits order="281">23</rw-visits>
<rw-visits order="289">23</rw-visits>
<rw-visits order="297">22</rw-visits>
<rw-visits order="305">21</rw-visits>
<rw-visits order="313">21</rw-visits>
<rw-visits order="321">21</rw-visits>
<rw-visits order="329">20</rw-visits>
<rw-visits order="337">20</rw-visits>
<rw-visits order="345">19</rw-visits>
<rw-visits order="353">19</rw-visits>
<rw-visits order="361">19</rw-visits>
<rw-visits order="369">18</rw-visits>
<rw-visits order="377">18</rw-visits>
<rw-visits order="385">17</rw-visits>
<rw-visits order="393">17</rw-visits>
<rw-visits order="401">17</rw-visits>
<rw-visits order="409">16</rw-visits>
<rw-visits order="417">16</rw-visits>
<rw-visits order="425">16</rw-visits>
<rw-visits order="433">15</rw-visits>
<rw-visits order="441">15</rw-visits>
<rw-visits order="449">15</rw-visits>
<rw-visits order="457">14</rw-visits>
<rw-visits order="465">14</rw-visits>
<rw-visits order="473">14</rw-visits>
<rw-visits order="481">13</rw-visits>
<rw-visits order="489">13</rw-visits>
<rw-visits order="497">13</rw-visits>
<rw-visits order="505">12</rw-visits>
<rw-visits order="513">12</rw-visits>
<rw-visits order="521">11</rw-visits>
<rw-visits order="529">11</rw-visits>
<rw-visits order="537">10</rw-visits>
<rw-visits order="545">10</rw-visits>
<rw-visits order="553">10</rw-visits>
<rw-visits order="561">9</rw-visits>
<rw-visits order="569">9</rw-visits>
<rw-visits order="577">8</rw-visits>
<rw-visits order="585">8</rw-visits>
<rw-visits order="593">8</rw-visits>
<rw-visits order="601">8</rw-visits>
<rw-visits order="609">7</rw-visits>
<rw-visits order="617">7</rw-visits>
<rw-visits order="625">7</rw-visits>
<rw-visits order="633">7</rw-visits>
<rw-visits order="641">7</rw-visits>
<rw-visits order="649">6</rw-visits>
<rw-visits order="657">6</rw-visits>
<rw-visits order="665">6</rw-visits>
<rw-visits order="673">6</rw-visits>
<rw-visits order="681">6</rw-visits>
<rw-visits order="689">5</rw-visits>
<rw-visits order="697">5</rw-visits>
<rw-visits order="705">5</rw-visits>
<rw-visits order="713">5</rw-visits>
<rw-visits order="721">5</rw-visits>
<rw-visits order="729">5</rw-visits>
<rw-visits order="737">5</rw-visits>
<rw-visits order="745">5</rw-visits>
<rw-visits order="753">4</rw-visits>
<rw-visits order="761">4</rw-visits>
<rw-visits order="769">4</rw-visits>
<rw-visits order="777">4</rw-visits>
<rw-visits order="785">4</rw-visits>
<rw-visits order="793">4</rw-visits>
<rw-visits order="801">4</rw-visits>
<rw-visits order="809">4</rw-visits>
<rw-visits order="817">4</rw-visits>
<rw-visits order="825">4</rw-visits>
<rw-visits order="833">4</rw-visits>
<rw-visits order="841">3</rw-visits>
<rw-visits order="849">3</rw-visits>
<rw-visits order="857">3</rw-visits>
<rw-visits order="865">3</rw-visits>
<rw-visits order="873">3</rw-visits>
<rw-visits order="881">3</rw-visits>
<rw-visits order="889">3</rw-visits>
<rw-visits order="897">3</rw-visits>
<rw-visits order="905">3</rw-visits>
<rw-visits order="913">3</rw-visits>
<rw-visits order="921">3</rw-visits>
<rw-visits order="929">3</rw-visits>
<rw-visits order="937">3</rw-visits>
<rw-visits order="945">3</rw-visits>
<rw-visits order="953">3</rw-visits>
<rw-visits order="961">3</rw-visits>
<rw-visits order="969">3</rw-visits>
<rw-visits order="977">2</rw-visits>
<rw-visits order="985">2</rw-visits>
<rw-visits order="993">2</rw-visits>
<rw-visits order="1001">2</rw-visits>
<rw-visits order="1009">2</rw-visits>
<rw-visits order="1017">2</rw-visits>
<rw-visits order="1025">2</rw-visits>
<rw-visits order="1033">2</rw-visits>
<rw-visits order="1041">2</rw-visits>
<rw-visits order="1049">2</rw-visits>
<rw-visits order="1057">2</rw-visits>
<rw-visits order="1065">2</rw-visits>
<rw-visits order="1073">2</rw-visits>
<rw-visits order="1081">2</rw-visits>
<rw-visits order="1089">2</rw-visits>
<rw-visits order="1097">2</rw-visits>
<rw-visits order="1105">2</rw-visits>
<rw-visits order="1113">2</rw-visits>
<rw-visits order="1121">2</rw-visits>
<rw-visits order="1129">2</rw-visits>
<rw-visits order="1137">2</rw-visits>
<rw-visits order="1145">2</rw-visits>
<rw-visits order="1153">2</rw-visits>
<rw-visits order="1161">2</rw-visits>
<rw-visits order="1169">2</rw-visits>
<rw-visits order="1177">2</rw-visits>
<rw-visits order="1185">2</rw-visits>
<rw-visits order="1193">2</rw-visits>
<rw-visits order="1201">2</rw-visits>
<rw-visits order="1209">2</rw-visits>
<rw-visits order="1217">2</rw-visits>
<rw-visits order="1225">1</rw-visits>
<rw-visits order="1233">1</rw-visits>
<rw-visits order="1241">1</rw-visits>
<rw-visits order="1249">1</rw-visits>
<rw-visits order="1257">1</rw-visits>
<rw-visits order="1265">1</rw-visits>
<rw-visits order="1273">1</rw-visits>
<rw-visits order="1281">1</rw-visits>
<rw-visits order="1289">1</rw-visits>
<rw-visits order="1297">1</rw-visits>
<rw-visits order="1305">1</rw-visits>
<rw-visits order="1313">1</rw-visits>
<rw-visits order="1321">1</rw-visits>
<rw-visits order="1329">1</rw-visits>
<rw-visits order="1337">1</rw-visits>
<rw-visits order="1345">1</rw-visits>
<rw-visits order="1353">1</rw-visits>
<rw-visits order="1361">1</rw-visits>
<rw-visits order="1369">1</rw-visits>
<rw-visits order="1377">1</rw-visits>
<rw-visits order="1385">1</rw-visits>
<rw-visits order="1393">1</rw-visits>
<rw-visits order="1401">1</rw-visits>
<rw-visits order="1409">1</rw-visits>
<rw-visits order="1417">1</rw-visits>
<rw-visits order="1425">1</rw-visits>
<rw-visits order="1433">1</rw-visits>
<rw-visits order="1441">1</rw-visits>
<rw-visits order="1449">1</rw-visits>
<rw-visits order="1457">1</rw-visits>
<rw-visits order="1465">1</rw-visits>
<rw-visits order="1473">1</rw-visits>
<rw-visits order="1481">1</rw-visits>
<rw-visits order="1489">1</rw-visits>
<rw-visits order="1497">1</rw-visits>
<rw-visits order="1505">1</rw-visits>
<rw-visits order="1513">1</rw-visits>
<rw-visits order="1521">1</rw-visits>
<rw-visits order="1529">1</rw-visits>
<rw-visits order="1537">1</rw-visits>
<rw-visits order="1545">1</rw-visits>
<rw-visits order="1553">1</rw-visits>
<rw-visits order="1561">1</rw-visits>
<rw-visits order="1569">1</rw-visits>
<rw-visits order="1577">1</rw-visits>
<rw-visits order="1585">1</rw-visits>
<rw-visits order="1593">1</rw-visits>
<rw-visits order="1601">1</rw-visits>
<rw-visits order="1609">1</rw-visits>
<rw-visits order="1617">1</rw-visits>
<rw-visits order="1625">1</rw-visits>
<rw-visits order="1633">1</rw-visits>
<rw-visits order="1641">1</rw-visits>
<rw-visits order="1649">1</rw-visits>
<rw-visits order="1657">1</rw-visits>
<rw-visits order="1665">1</rw-visits>
<rw-visits order="1673">1</rw-visits>
<rw-visits order="1681">1</rw-visits>
<rw-visits order="1689">1</rw-visits>
<rw-visits order="1697">1</rw-visits>
<final-coverage>63.916</final-coverage>
</rw-info>
<local-info>
<diamonds>26.069</diamonds>
<neighborhood k="4">266</neighborhood>
<clustering k="4">1.69545</clustering>
</local-info>
<label-info>
<edge-label id="0.0+16.0">63</edge-label>
<edge-label id="0.0+16.1">256</edge-label>
<edge-label id="0.1+16.2">319</edge-label>
<edge-label id="0.1+16.3">63</edge-label>
<edge-label id="0.1+16.7">513</edge-label>
<edge-label id="1.0+16.0">63</edge-label>
<edge-label id="1.0+16.1">256</edge-label>
<edge-label id="1.1+16.2">319</edge-label>
<edge-label id="1.1+16.3">63</edge-label>
<edge-label id="1.1+16.7">513</edge-label>
<edge-label id="10.0+16.5">120</edge-label>
<edge-label id="10.1+16.6">120</edge-label>
<edge-label id="11.0+16.5">120</edge-label>
<edge-label id="11.1+16.6">120</edge-label>
<edge-label id="12.0+16.5">120</edge-label>
<edge-label id="12.1+16.6">120</edge-label>
<edge-label id="13.0+16.5">120</edge-label>
<edge-label id="13.1+16.6">120</edge-label>
<edge-label id="14.0+16.5">120</edge-label>
<edge-label id="14.1+16.6">120</edge-label>
<edge-label id="15.0+16.5">120</edge-label>
<edge-label id="15.1+16.6">120</edge-label>
<edge-label id="2.0+16.0">63</edge-label>
<edge-label id="2.0+16.1">256</edge-label>
<edge-label id="2.1+16.2">319</edge-label>
<edge-label id="2.1+16.3">63</edge-label>
<edge-label id="2.1+16.7">513</edge-label>
<edge-label id="3.0+16.0">63</edge-label>
<edge-label id="3.0+16.1">256</edge-label>
<edge-label id="3.1+16.2">319</edge-label>
<edge-label id="3.1+16.3">63</edge-label>
<edge-label id="3.1+16.7">513</edge-label>
<edge-label id="4.0+16.0">63</edge-label>
<edge-label id="4.0+16.1">256</edge-label>
<edge-label id="4.1+16.2">319</edge-label>
<edge-label id="4.1+16.3">63</edge-label>
<edge-label id="4.1+16.7">513</edge-label>
<edge-label id="5.0+16.0">63</edge-label>
<edge-label id="5.0+16.1">256</edge-label>
<edge-label id="5.1+16.2">319</edge-label>
<edge-label id="5.1+16.3">63</edge-label>
<edge-label id="5.1+16.7">513</edge-label>
<edge-label id="6.0+16.0">63</edge-label>
<edge-label id="6.0+16.1">256</edge-label>
<edge-label id="6.1+16.2">319</edge-label>
<edge-label id="6.1+16.3">63</edge-label>
<edge-label id="6.1+16.7">513</edge-label>
<edge-label id="7.0+16.5">120</edge-label>
<edge-label id="7.1+16.6">120</edge-label>
<edge-label id="8.0+16.5">120</edge-label>
<edge-label id="8.1+16.6">120</edge-label>
<edge-label id="9.0+16.5">120</edge-label>
<edge-label id="9.1+16.6">120</edge-label>
<state-labels procid="0">
<label id="[0]">2091</label>
<label id="[1]">127</label>
<label id="[2]">127</label>
<label id="[3]">120</label>
<label id="[4]">99</label>
<label id="[5]">64</label>
<label id="[6]">29</label>
<label id="[7]">8</label>
<label id="[8]">1</label>
</state-labels><state-labels procid="1">
<label id="[0]">1399</label>
<label id="[1]">1267</label>
</state-labels><state-labels procid="2">
<label id="[0]">1399</label>
<label id="[1]">1267</label>
</state-labels><state-labels procid="3">
<label id="[0]">1399</label>
<label id="[1]">1267</label>
</state-labels><state-labels procid="4">
<label id="[0]">1399</label>
<label id="[1]">1267</label>
</state-labels><state-labels procid="5">
<label id="[0]">1399</label>
<label id="[1]">1267</label>
</state-labels><state-labels procid="6">
<label id="[0]">1399</label>
<label id="[1]">1267</label>
</state-labels><state-labels procid="7">
<label id="[0]">1399</label>
<label id="[1]">1267</label>
</state-labels><state-labels procid="8">
<label id="[0]">2447</label>
<label id="[1]">219</label>
</state-labels><state-labels procid="9">
<label id="[0]">2447</label>
<label id="[1]">219</label>
</state-labels><state-labels procid="10">
<label id="[0]">2447</label>
<label id="[1]">219</label>
</state-labels><state-labels procid="11">
<label id="[0]">2447</label>
<label id="[1]">219</label>
</state-labels><state-labels procid="12">
<label id="[0]">2447</label>
<label id="[1]">219</label>
</state-labels><state-labels procid="13">
<label id="[0]">2447</label>
<label id="[1]">219</label>
</state-labels><state-labels procid="14">
<label id="[0]">2447</label>
<label id="[1]">219</label>
</state-labels><state-labels procid="15">
<label id="[0]">2447</label>
<label id="[1]">219</label>
</state-labels><state-labels procid="16">
<label id="[0]">2447</label>
<label id="[1]">219</label>
</state-labels><state-labels procid="17">
<label id="[0]">120</label>
<label id="[1]">575</label>
<label id="[2]">1080</label>
<label id="[3]">891</label>
</state-labels></label-info>
</state-space-info>
