<?xml version="1.0"?>
<!DOCTYPE state-space-info SYSTEM "../../state_space_info.dtd">


<state-space-info>
<states>4104</states>
<edges>49190</edges>
<bfs-info>
 <levels>13</levels>
<max-level>924</max-level>

<back-level-edges>24595</back-level-edges>
<max-back-level-edge>1</max-back-level-edge>
<avg-back-level-edge>1</avg-back-level-edge>
<bfs-levels>
<level id="0"><states>1</states><edges>19</edges></level>
<level id="1"><states>19</states><edges>163</edges></level>
<level id="2"><states>67</states><edges>804</edges></level>
<level id="3"><states>220</states><edges>2640</edges></level>
<level id="4"><states>495</states><edges>5940</edges></level>
<level id="5"><states>792</states><edges>9504</edges></level>
<level id="6"><states>924</states><edges>11088</edges></level>
<level id="7"><states>792</states><edges>9504</edges></level>
<level id="8"><states>495</states><edges>5940</edges></level>
<level id="9"><states>220</states><edges>2640</edges></level>
<level id="10"><states>66</states><edges>792</edges></level>
<level id="11"><states>12</states><edges>144</edges></level>
<level id="12"><states>1</states><edges>12</edges></level>
</bfs-levels>
<back-level-length id="0">0</back-level-length>
<back-level-length id="1">100</back-level-length>
</bfs-info>
<degrees>
<avg>11.9859</avg>
<max-in>19</max-in>
<max-out>19</max-out>
<degree id="0"><in>0</in><out>0</out></degree>
<degree id="1"><in>7</in><out>7</out></degree>
<degree id="2"><in>0</in><out>0</out></degree>
<degree id="3"><in>0</in><out>0</out></degree>
<degree id="4"><in>0</in><out>0</out></degree>
<degree id="5"><in>0</in><out>0</out></degree>
<degree id="6"><in>0</in><out>0</out></degree>
<degree id="7"><in>0</in><out>0</out></degree>
<degree id="8"><in>0</in><out>0</out></degree>
<degree id="9"><in>0</in><out>0</out></degree>
<degree id="10"><in>0</in><out>0</out></degree>
<degree id="11"><in>0</in><out>0</out></degree>
<degree id="12"><in>4084</in><out>4084</out></degree>
<degree id="13"><in>12</in><out>12</out></degree>
<degree id="14"><in>0</in><out>0</out></degree>
<degree id="15"><in>0</in><out>0</out></degree>
<degree id="16"><in>0</in><out>0</out></degree>
<degree id="17"><in>0</in><out>0</out></degree>
<degree id="18"><in>0</in><out>0</out></degree>
<degree id="19"><in>1</in><out>1</out></degree>
</degrees>
<scc-info>
<count>1</count>
<height>0</height>
<nontrivial-height>0</nontrivial-height>
<trivial>0</trivial>
<terminal>1</terminal>
<largest>4104</largest>
<largest-position> initial the only terminal</largest-position>
</scc-info>
<dfs-info>
<stack-size id="20">0.487329</stack-size>
<stack-size id="40">0.974659</stack-size>
<stack-size id="60">1.46199</stack-size>
<stack-size id="80">1.94932</stack-size>
<stack-size id="100">2.43665</stack-size>
<stack-size id="120">2.92398</stack-size>
<stack-size id="140">3.41131</stack-size>
<stack-size id="160">3.89864</stack-size>
<stack-size id="180">4.38596</stack-size>
<stack-size id="200">4.87329</stack-size>
<stack-size id="220">5.36062</stack-size>
<stack-size id="240">5.84795</stack-size>
<stack-size id="260">6.33528</stack-size>
<stack-size id="280">6.82261</stack-size>
<stack-size id="300">7.30994</stack-size>
<stack-size id="320">7.79727</stack-size>
<stack-size id="340">8.2846</stack-size>
<stack-size id="360">8.77193</stack-size>
<stack-size id="380">9.25926</stack-size>
<stack-size id="400">9.74659</stack-size>
<stack-size id="420">10.2339</stack-size>
<stack-size id="440">10.7212</stack-size>
<stack-size id="460">11.2086</stack-size>
<stack-size id="480">11.6959</stack-size>
<stack-size id="500">12.1832</stack-size>
<stack-size id="520">12.6706</stack-size>
<stack-size id="540">13.1579</stack-size>
<stack-size id="560">13.6452</stack-size>
<stack-size id="580">14.1326</stack-size>
<stack-size id="600">14.6199</stack-size>
<stack-size id="620">15.1072</stack-size>
<stack-size id="640">15.5945</stack-size>
<stack-size id="660">16.0819</stack-size>
<stack-size id="680">16.5692</stack-size>
<stack-size id="700">17.0565</stack-size>
<stack-size id="720">17.5439</stack-size>
<stack-size id="740">18.0312</stack-size>
<stack-size id="760">18.5185</stack-size>
<stack-size id="780">19.0058</stack-size>
<stack-size id="800">19.4932</stack-size>
<stack-size id="820">19.9805</stack-size>
<stack-size id="840">20.4678</stack-size>
<stack-size id="860">20.9552</stack-size>
<stack-size id="880">21.4425</stack-size>
<stack-size id="900">21.9298</stack-size>
<stack-size id="920">22.4172</stack-size>
<stack-size id="940">22.9045</stack-size>
<stack-size id="960">23.3918</stack-size>
<stack-size id="980">23.8791</stack-size>
<stack-size id="1000">24.3665</stack-size>
<stack-size id="1020">24.8538</stack-size>
<stack-size id="1040">25.3411</stack-size>
<stack-size id="1060">25.8285</stack-size>
<stack-size id="1080">26.3158</stack-size>
<stack-size id="1100">26.8031</stack-size>
<stack-size id="1120">27.2904</stack-size>
<stack-size id="1140">27.7778</stack-size>
<stack-size id="1160">28.2651</stack-size>
<stack-size id="1180">28.7524</stack-size>
<stack-size id="1200">29.2398</stack-size>
<stack-size id="1220">29.7271</stack-size>
<stack-size id="1240">30.2144</stack-size>
<stack-size id="1260">30.7018</stack-size>
<stack-size id="1280">31.1891</stack-size>
<stack-size id="1300">31.6764</stack-size>
<stack-size id="1320">32.1637</stack-size>
<stack-size id="1340">32.6511</stack-size>
<stack-size id="1360">33.1384</stack-size>
<stack-size id="1380">33.6257</stack-size>
<stack-size id="1400">34.1131</stack-size>
<stack-size id="1420">34.6004</stack-size>
<stack-size id="1440">35.0877</stack-size>
<stack-size id="1460">35.575</stack-size>
<stack-size id="1480">36.0624</stack-size>
<stack-size id="1500">36.5497</stack-size>
<stack-size id="1520">37.037</stack-size>
<stack-size id="1540">37.5244</stack-size>
<stack-size id="1560">38.0117</stack-size>
<stack-size id="1580">38.499</stack-size>
<stack-size id="1600">38.9864</stack-size>
<stack-size id="1620">39.4737</stack-size>
<stack-size id="1640">39.961</stack-size>
<stack-size id="1660">40.4483</stack-size>
<stack-size id="1680">40.9357</stack-size>
<stack-size id="1700">41.423</stack-size>
<stack-size id="1720">41.9103</stack-size>
<stack-size id="1740">42.3977</stack-size>
<stack-size id="1760">42.885</stack-size>
<stack-size id="1780">43.3723</stack-size>
<stack-size id="1800">43.8596</stack-size>
<stack-size id="1820">44.347</stack-size>
<stack-size id="1840">44.8343</stack-size>
<stack-size id="1860">45.3216</stack-size>
<stack-size id="1880">45.809</stack-size>
<stack-size id="1900">46.2963</stack-size>
<stack-size id="1920">46.7836</stack-size>
<stack-size id="1940">47.271</stack-size>
<stack-size id="1960">47.7583</stack-size>
<stack-size id="1980">48.2456</stack-size>
<stack-size id="2000">48.7329</stack-size>
<stack-size id="2020">49.2203</stack-size>
<stack-size id="2040">49.7076</stack-size>
<stack-size id="2060">50.1949</stack-size>
<stack-size id="2080">50.6823</stack-size>
<stack-size id="2100">51.1696</stack-size>
<stack-size id="2120">51.6569</stack-size>
<stack-size id="2140">52.1442</stack-size>
<stack-size id="2160">52.6316</stack-size>
<stack-size id="2180">53.1189</stack-size>
<stack-size id="2200">53.6062</stack-size>
<stack-size id="2220">54.0936</stack-size>
<stack-size id="2240">54.5809</stack-size>
<stack-size id="2260">55.0682</stack-size>
<stack-size id="2280">55.5556</stack-size>
<stack-size id="2300">56.0429</stack-size>
<stack-size id="2320">56.5302</stack-size>
<stack-size id="2340">57.0175</stack-size>
<stack-size id="2360">57.5049</stack-size>
<stack-size id="2380">57.9922</stack-size>
<stack-size id="2400">58.4795</stack-size>
<stack-size id="2420">58.9669</stack-size>
<stack-size id="2440">59.4542</stack-size>
<stack-size id="2460">59.9415</stack-size>
<stack-size id="2480">60.4288</stack-size>
<stack-size id="2500">60.9162</stack-size>
<stack-size id="2520">61.4035</stack-size>
<stack-size id="2540">61.8908</stack-size>
<stack-size id="2560">62.3782</stack-size>
<stack-size id="2580">62.8655</stack-size>
<stack-size id="2600">63.3528</stack-size>
<stack-size id="2620">63.8402</stack-size>
<stack-size id="2640">64.3275</stack-size>
<stack-size id="2660">64.8148</stack-size>
<stack-size id="2680">65.3021</stack-size>
<stack-size id="2700">65.7895</stack-size>
<stack-size id="2720">66.2768</stack-size>
<stack-size id="2740">66.7641</stack-size>
<stack-size id="2760">67.2515</stack-size>
<stack-size id="2780">67.7388</stack-size>
<stack-size id="2800">68.2261</stack-size>
<stack-size id="2820">68.7135</stack-size>
<stack-size id="2840">69.2008</stack-size>
<stack-size id="2860">69.6881</stack-size>
<stack-size id="2880">70.1754</stack-size>
<stack-size id="2900">70.6628</stack-size>
<stack-size id="2920">71.1501</stack-size>
<stack-size id="2940">71.6374</stack-size>
<stack-size id="2960">72.1248</stack-size>
<stack-size id="2980">72.6121</stack-size>
<stack-size id="3000">73.0994</stack-size>
<stack-size id="3020">73.5867</stack-size>
<stack-size id="3040">74.0741</stack-size>
<stack-size id="3060">74.5614</stack-size>
<stack-size id="3080">75.0487</stack-size>
<stack-size id="3100">75.5361</stack-size>
<stack-size id="3120">76.0234</stack-size>
<stack-size id="3140">76.5107</stack-size>
<stack-size id="3160">76.9981</stack-size>
<stack-size id="3180">77.4854</stack-size>
<stack-size id="3200">77.9727</stack-size>
<stack-size id="3220">78.46</stack-size>
<stack-size id="3240">78.9474</stack-size>
<stack-size id="3260">79.4347</stack-size>
<stack-size id="3280">79.922</stack-size>
<stack-size id="3300">80.4094</stack-size>
<stack-size id="3320">80.8967</stack-size>
<stack-size id="3340">81.384</stack-size>
<stack-size id="3360">81.8713</stack-size>
<stack-size id="3380">82.3587</stack-size>
<stack-size id="3400">82.846</stack-size>
<stack-size id="3420">83.3333</stack-size>
<stack-size id="3440">83.8207</stack-size>
<stack-size id="3460">84.308</stack-size>
<stack-size id="3480">84.7953</stack-size>
<stack-size id="3500">85.2827</stack-size>
<stack-size id="3520">85.77</stack-size>
<stack-size id="3540">86.2573</stack-size>
<stack-size id="3560">86.7446</stack-size>
<stack-size id="3580">87.232</stack-size>
<stack-size id="3600">87.7193</stack-size>
<stack-size id="3620">88.2066</stack-size>
<stack-size id="3640">88.694</stack-size>
<stack-size id="3660">89.1813</stack-size>
<stack-size id="3680">89.6686</stack-size>
<stack-size id="3700">90.1559</stack-size>
<stack-size id="3720">90.6433</stack-size>
<stack-size id="3740">91.1306</stack-size>
<stack-size id="3760">91.6179</stack-size>
<stack-size id="3780">92.1053</stack-size>
<stack-size id="3800">92.5926</stack-size>
<stack-size id="3820">93.0799</stack-size>
<stack-size id="3840">93.5673</stack-size>
<stack-size id="3860">94.0546</stack-size>
<stack-size id="3880">94.5419</stack-size>
<stack-size id="3900">95.0292</stack-size>
<stack-size id="3920">95.5166</stack-size>
<stack-size id="3940">96.0039</stack-size>
<stack-size id="3960">96.4912</stack-size>
<stack-size id="3980">96.9786</stack-size>
<stack-size id="4000">97.4659</stack-size>
<stack-size id="4020">97.9532</stack-size>
<stack-size id="4040">98.4405</stack-size>
<stack-size id="4060">98.9279</stack-size>
<stack-size id="4080">99.4152</stack-size>
<stack-size id="4100">0.0487329</stack-size>
<max-stack>4097</max-stack>
<front-edges>4103</front-edges>
<back-edges>24595</back-edges>
<cross-edges>20492</cross-edges>
<shortest-cycle>2</shortest-cycle>
</dfs-info>
<rw-info>
<coverage step="400">8.33333</coverage>
<coverage step="800">15.8869</coverage>
<coverage step="1200">22.7096</coverage>
<coverage step="1600">28.5331</coverage>
<coverage step="2000">34.3567</coverage>
<coverage step="2400">39.5224</coverage>
<coverage step="2800">44.883</coverage>
<coverage step="3200">49.3665</coverage>
<coverage step="3600">53.1433</coverage>
<coverage step="4000">57.0175</coverage>
<coverage step="4400">60.0877</coverage>
<coverage step="4800">63.3285</coverage>
<coverage step="5200">66.423</coverage>
<coverage step="5600">69.3957</coverage>
<coverage step="6000">72.4415</coverage>
<coverage step="6400">74.7076</coverage>
<coverage step="6800">77.461</coverage>
<coverage step="7200">79.0448</coverage>
<coverage step="7600">80.8967</coverage>
<coverage step="8000">82.2368</coverage>
<coverage step="8400">83.4552</coverage>
<coverage step="8800">84.7222</coverage>
<coverage step="9200">85.9162</coverage>
<coverage step="9600">87.037</coverage>
<coverage step="10000">88.3285</coverage>
<coverage step="10400">88.9864</coverage>
<coverage step="10800">89.7173</coverage>
<coverage step="11200">90.3752</coverage>
<coverage step="11600">91.2281</coverage>
<coverage step="12000">92.0809</coverage>
<coverage step="12400">92.6657</coverage>
<coverage step="12800">93.2018</coverage>
<coverage step="13200">93.7378</coverage>
<coverage step="13600">94.3226</coverage>
<coverage step="14000">94.7612</coverage>
<coverage step="14400">95.1998</coverage>
<coverage step="14800">95.5409</coverage>
<coverage step="15200">95.8577</coverage>
<coverage step="15600">96.1745</coverage>
<coverage step="16000">96.4425</coverage>
<coverage step="16400">96.8567</coverage>
<coverage step="16800">97.1735</coverage>
<coverage step="17200">97.4415</coverage>
<coverage step="17600">97.6365</coverage>
<coverage step="18000">97.8801</coverage>
<coverage step="18400">98.0263</coverage>
<coverage step="18800">98.2212</coverage>
<coverage step="19200">98.3674</coverage>
<coverage step="19600">98.5624</coverage>
<coverage step="20000">98.7573</coverage>
<coverage step="20400">98.9035</coverage>
<coverage step="20800">99.0741</coverage>
<coverage step="21200">99.1472</coverage>
<coverage step="21600">99.2203</coverage>
<coverage step="22000">99.2446</coverage>
<coverage step="22400">99.3177</coverage>
<coverage step="22800">99.4152</coverage>
<coverage step="23200">99.4396</coverage>
<coverage step="23600">99.5614</coverage>
<coverage step="24000">99.6101</coverage>
<coverage step="24400">99.6832</coverage>
<coverage step="24800">99.732</coverage>
<coverage step="25200">99.7563</coverage>
<coverage step="25600">99.7563</coverage>
<coverage step="26000">99.7807</coverage>
<coverage step="26400">99.7807</coverage>
<coverage step="26800">99.8294</coverage>
<coverage step="27200">99.8538</coverage>
<coverage step="27600">99.8538</coverage>
<coverage step="28000">99.8538</coverage>
<coverage step="28400">99.8782</coverage>
<coverage step="28800">99.8782</coverage>
<coverage step="29200">99.8782</coverage>
<coverage step="29600">99.8782</coverage>
<coverage step="30000">99.9025</coverage>
<coverage step="30400">99.9269</coverage>
<coverage step="30800">99.9269</coverage>
<coverage step="31200">99.9269</coverage>
<coverage step="31600">99.9269</coverage>
<coverage step="32000">99.9269</coverage>
<coverage step="32400">99.9269</coverage>
<coverage step="32800">99.9269</coverage>
<coverage step="33200">99.9269</coverage>
<coverage step="33600">99.9269</coverage>
<coverage step="34000">99.9756</coverage>
<coverage step="34400">99.9756</coverage>
<coverage step="34800">99.9756</coverage>
<coverage step="35200">99.9756</coverage>
<coverage step="35600">99.9756</coverage>
<coverage step="36000">99.9756</coverage>
<coverage step="36400">100</coverage>
<coverage step="36800">100</coverage>
<coverage step="37200">100</coverage>
<coverage step="37600">100</coverage>
<coverage step="38000">100</coverage>
<coverage step="38400">100</coverage>
<coverage step="38800">100</coverage>
<coverage step="39200">100</coverage>
<coverage step="39600">100</coverage>
<coverage step="40000">100</coverage>
<coverage step="40400">100</coverage>
<coverage step="40800">100</coverage>
<rw-visits order="1">147</rw-visits>
<rw-visits order="21">21</rw-visits>
<rw-visits order="41">20</rw-visits>
<rw-visits order="61">19</rw-visits>
<rw-visits order="81">18</rw-visits>
<rw-visits order="101">18</rw-visits>
<rw-visits order="121">17</rw-visits>
<rw-visits order="141">17</rw-visits>
<rw-visits order="161">16</rw-visits>
<rw-visits order="181">16</rw-visits>
<rw-visits order="201">16</rw-visits>
<rw-visits order="221">16</rw-visits>
<rw-visits order="241">16</rw-visits>
<rw-visits order="261">16</rw-visits>
<rw-visits order="281">15</rw-visits>
<rw-visits order="301">15</rw-visits>
<rw-visits order="321">15</rw-visits>
<rw-visits order="341">15</rw-visits>
<rw-visits order="361">15</rw-visits>
<rw-visits order="381">15</rw-visits>
<rw-visits order="401">15</rw-visits>
<rw-visits order="421">14</rw-visits>
<rw-visits order="441">14</rw-visits>
<rw-visits order="461">14</rw-visits>
<rw-visits order="481">14</rw-visits>
<rw-visits order="501">14</rw-visits>
<rw-visits order="521">14</rw-visits>
<rw-visits order="541">14</rw-visits>
<rw-visits order="561">14</rw-visits>
<rw-visits order="581">14</rw-visits>
<rw-visits order="601">14</rw-visits>
<rw-visits order="621">14</rw-visits>
<rw-visits order="641">14</rw-visits>
<rw-visits order="661">13</rw-visits>
<rw-visits order="681">13</rw-visits>
<rw-visits order="701">13</rw-visits>
<rw-visits order="721">13</rw-visits>
<rw-visits order="741">13</rw-visits>
<rw-visits order="761">13</rw-visits>
<rw-visits order="781">13</rw-visits>
<rw-visits order="801">13</rw-visits>
<rw-visits order="821">13</rw-visits>
<rw-visits order="841">13</rw-visits>
<rw-visits order="861">13</rw-visits>
<rw-visits order="881">13</rw-visits>
<rw-visits order="901">13</rw-visits>
<rw-visits order="921">13</rw-visits>
<rw-visits order="941">13</rw-visits>
<rw-visits order="961">12</rw-visits>
<rw-visits order="981">12</rw-visits>
<rw-visits order="1001">12</rw-visits>
<rw-visits order="1021">12</rw-visits>
<rw-visits order="1041">12</rw-visits>
<rw-visits order="1061">12</rw-visits>
<rw-visits order="1081">12</rw-visits>
<rw-visits order="1101">12</rw-visits>
<rw-visits order="1121">12</rw-visits>
<rw-visits order="1141">12</rw-visits>
<rw-visits order="1161">12</rw-visits>
<rw-visits order="1181">12</rw-visits>
<rw-visits order="1201">12</rw-visits>
<rw-visits order="1221">12</rw-visits>
<rw-visits order="1241">12</rw-visits>
<rw-visits order="1261">12</rw-visits>
<rw-visits order="1281">12</rw-visits>
<rw-visits order="1301">12</rw-visits>
<rw-visits order="1321">11</rw-visits>
<rw-visits order="1341">11</rw-visits>
<rw-visits order="1361">11</rw-visits>
<rw-visits order="1381">11</rw-visits>
<rw-visits order="1401">11</rw-visits>
<rw-visits order="1421">11</rw-visits>
<rw-visits order="1441">11</rw-visits>
<rw-visits order="1461">11</rw-visits>
<rw-visits order="1481">11</rw-visits>
<rw-visits order="1501">11</rw-visits>
<rw-visits order="1521">11</rw-visits>
<rw-visits order="1541">11</rw-visits>
<rw-visits order="1561">11</rw-visits>
<rw-visits order="1581">11</rw-visits>
<rw-visits order="1601">11</rw-visits>
<rw-visits order="1621">11</rw-visits>
<rw-visits order="1641">11</rw-visits>
<rw-visits order="1661">11</rw-visits>
<rw-visits order="1681">11</rw-visits>
<rw-visits order="1701">11</rw-visits>
<rw-visits order="1721">11</rw-visits>
<rw-visits order="1741">10</rw-visits>
<rw-visits order="1761">10</rw-visits>
<rw-visits order="1781">10</rw-visits>
<rw-visits order="1801">10</rw-visits>
<rw-visits order="1821">10</rw-visits>
<rw-visits order="1841">10</rw-visits>
<rw-visits order="1861">10</rw-visits>
<rw-visits order="1881">10</rw-visits>
<rw-visits order="1901">10</rw-visits>
<rw-visits order="1921">10</rw-visits>
<rw-visits order="1941">10</rw-visits>
<rw-visits order="1961">10</rw-visits>
<rw-visits order="1981">10</rw-visits>
<rw-visits order="2001">10</rw-visits>
<rw-visits order="2021">10</rw-visits>
<rw-visits order="2041">10</rw-visits>
<rw-visits order="2061">10</rw-visits>
<rw-visits order="2081">10</rw-visits>
<rw-visits order="2101">10</rw-visits>
<rw-visits order="2121">10</rw-visits>
<rw-visits order="2141">10</rw-visits>
<rw-visits order="2161">10</rw-visits>
<rw-visits order="2181">10</rw-visits>
<rw-visits order="2201">9</rw-visits>
<rw-visits order="2221">9</rw-visits>
<rw-visits order="2241">9</rw-visits>
<rw-visits order="2261">9</rw-visits>
<rw-visits order="2281">9</rw-visits>
<rw-visits order="2301">9</rw-visits>
<rw-visits order="2321">9</rw-visits>
<rw-visits order="2341">9</rw-visits>
<rw-visits order="2361">9</rw-visits>
<rw-visits order="2381">9</rw-visits>
<rw-visits order="2401">9</rw-visits>
<rw-visits order="2421">9</rw-visits>
<rw-visits order="2441">9</rw-visits>
<rw-visits order="2461">9</rw-visits>
<rw-visits order="2481">9</rw-visits>
<rw-visits order="2501">9</rw-visits>
<rw-visits order="2521">9</rw-visits>
<rw-visits order="2541">9</rw-visits>
<rw-visits order="2561">9</rw-visits>
<rw-visits order="2581">9</rw-visits>
<rw-visits order="2601">9</rw-visits>
<rw-visits order="2621">9</rw-visits>
<rw-visits order="2641">8</rw-visits>
<rw-visits order="2661">8</rw-visits>
<rw-visits order="2681">8</rw-visits>
<rw-visits order="2701">8</rw-visits>
<rw-visits order="2721">8</rw-visits>
<rw-visits order="2741">8</rw-visits>
<rw-visits order="2761">8</rw-visits>
<rw-visits order="2781">8</rw-visits>
<rw-visits order="2801">8</rw-visits>
<rw-visits order="2821">8</rw-visits>
<rw-visits order="2841">8</rw-visits>
<rw-visits order="2861">8</rw-visits>
<rw-visits order="2881">8</rw-visits>
<rw-visits order="2901">8</rw-visits>
<rw-visits order="2921">8</rw-visits>
<rw-visits order="2941">8</rw-visits>
<rw-visits order="2961">8</rw-visits>
<rw-visits order="2981">8</rw-visits>
<rw-visits order="3001">8</rw-visits>
<rw-visits order="3021">8</rw-visits>
<rw-visits order="3041">8</rw-visits>
<rw-visits order="3061">7</rw-visits>
<rw-visits order="3081">7</rw-visits>
<rw-visits order="3101">7</rw-visits>
<rw-visits order="3121">7</rw-visits>
<rw-visits order="3141">7</rw-visits>
<rw-visits order="3161">7</rw-visits>
<rw-visits order="3181">7</rw-visits>
<rw-visits order="3201">7</rw-visits>
<rw-visits order="3221">7</rw-visits>
<rw-visits order="3241">7</rw-visits>
<rw-visits order="3261">7</rw-visits>
<rw-visits order="3281">7</rw-visits>
<rw-visits order="3301">7</rw-visits>
<rw-visits order="3321">7</rw-visits>
<rw-visits order="3341">7</rw-visits>
<rw-visits order="3361">7</rw-visits>
<rw-visits order="3381">7</rw-visits>
<rw-visits order="3401">7</rw-visits>
<rw-visits order="3421">7</rw-visits>
<rw-visits order="3441">6</rw-visits>
<rw-visits order="3461">6</rw-visits>
<rw-visits order="3481">6</rw-visits>
<rw-visits order="3501">6</rw-visits>
<rw-visits order="3521">6</rw-visits>
<rw-visits order="3541">6</rw-visits>
<rw-visits order="3561">6</rw-visits>
<rw-visits order="3581">6</rw-visits>
<rw-visits order="3601">6</rw-visits>
<rw-visits order="3621">6</rw-visits>
<rw-visits order="3641">6</rw-visits>
<rw-visits order="3661">6</rw-visits>
<rw-visits order="3681">6</rw-visits>
<rw-visits order="3701">6</rw-visits>
<rw-visits order="3721">6</rw-visits>
<rw-visits order="3741">5</rw-visits>
<rw-visits order="3761">5</rw-visits>
<rw-visits order="3781">5</rw-visits>
<rw-visits order="3801">5</rw-visits>
<rw-visits order="3821">5</rw-visits>
<rw-visits order="3841">5</rw-visits>
<rw-visits order="3861">5</rw-visits>
<rw-visits order="3881">5</rw-visits>
<rw-visits order="3901">5</rw-visits>
<rw-visits order="3921">5</rw-visits>
<rw-visits order="3941">4</rw-visits>
<rw-visits order="3961">4</rw-visits>
<rw-visits order="3981">4</rw-visits>
<rw-visits order="4001">4</rw-visits>
<rw-visits order="4021">4</rw-visits>
<rw-visits order="4041">3</rw-visits>
<rw-visits order="4061">3</rw-visits>
<rw-visits order="4081">3</rw-visits>
<rw-visits order="4101">1</rw-visits>
<final-coverage>100</final-coverage>
</rw-info>
<local-info>
<diamonds>99.8294</diamonds>
<neighborhood k="4">793</neighborhood>
<clustering k="4">4.52138</clustering>
</local-info>
<label-info>
<edge-label id="0.0+19.0">1</edge-label>
<edge-label id="0.0+19.1">2048</edge-label>
<edge-label id="0.1+19.2">2048</edge-label>
<edge-label id="0.1+19.3">1</edge-label>
<edge-label id="1.0+19.0">1</edge-label>
<edge-label id="1.0+19.1">2048</edge-label>
<edge-label id="1.1+19.2">2048</edge-label>
<edge-label id="1.1+19.3">1</edge-label>
<edge-label id="10.0+19.0">1</edge-label>
<edge-label id="10.0+19.1">2048</edge-label>
<edge-label id="10.1+19.2">2048</edge-label>
<edge-label id="10.1+19.3">1</edge-label>
<edge-label id="11.0+19.0">1</edge-label>
<edge-label id="11.0+19.1">2048</edge-label>
<edge-label id="11.1+19.2">2048</edge-label>
<edge-label id="11.1+19.3">1</edge-label>
<edge-label id="12.0+19.5">1</edge-label>
<edge-label id="12.1+19.6">1</edge-label>
<edge-label id="13.0+19.5">1</edge-label>
<edge-label id="13.1+19.6">1</edge-label>
<edge-label id="14.0+19.5">1</edge-label>
<edge-label id="14.1+19.6">1</edge-label>
<edge-label id="15.0+19.5">1</edge-label>
<edge-label id="15.1+19.6">1</edge-label>
<edge-label id="16.0+19.5">1</edge-label>
<edge-label id="16.1+19.6">1</edge-label>
<edge-label id="17.0+19.5">1</edge-label>
<edge-label id="17.1+19.6">1</edge-label>
<edge-label id="18.0+19.5">1</edge-label>
<edge-label id="18.1+19.6">1</edge-label>
<edge-label id="2.0+19.0">1</edge-label>
<edge-label id="2.0+19.1">2048</edge-label>
<edge-label id="2.1+19.2">2048</edge-label>
<edge-label id="2.1+19.3">1</edge-label>
<edge-label id="3.0+19.0">1</edge-label>
<edge-label id="3.0+19.1">2048</edge-label>
<edge-label id="3.1+19.2">2048</edge-label>
<edge-label id="3.1+19.3">1</edge-label>
<edge-label id="4.0+19.0">1</edge-label>
<edge-label id="4.0+19.1">2048</edge-label>
<edge-label id="4.1+19.2">2048</edge-label>
<edge-label id="4.1+19.3">1</edge-label>
<edge-label id="5.0+19.0">1</edge-label>
<edge-label id="5.0+19.1">2048</edge-label>
<edge-label id="5.1+19.2">2048</edge-label>
<edge-label id="5.1+19.3">1</edge-label>
<edge-label id="6.0+19.0">1</edge-label>
<edge-label id="6.0+19.1">2048</edge-label>
<edge-label id="6.1+19.2">2048</edge-label>
<edge-label id="6.1+19.3">1</edge-label>
<edge-label id="7.0+19.0">1</edge-label>
<edge-label id="7.0+19.1">2048</edge-label>
<edge-label id="7.1+19.2">2048</edge-label>
<edge-label id="7.1+19.3">1</edge-label>
<edge-label id="8.0+19.0">1</edge-label>
<edge-label id="8.0+19.1">2048</edge-label>
<edge-label id="8.1+19.2">2048</edge-label>
<edge-label id="8.1+19.3">1</edge-label>
<edge-label id="9.0+19.0">1</edge-label>
<edge-label id="9.0+19.1">2048</edge-label>
<edge-label id="9.1+19.2">2048</edge-label>
<edge-label id="9.1+19.3">1</edge-label>
<state-labels procid="0">
<label id="[0]">9</label>
<label id="[10]">66</label>
<label id="[11]">12</label>
<label id="[12]">1</label>
<label id="[1]">12</label>
<label id="[2]">66</label>
<label id="[3]">220</label>
<label id="[4]">495</label>
<label id="[5]">792</label>
<label id="[6]">924</label>
<label id="[7]">792</label>
<label id="[8]">495</label>
<label id="[9]">220</label>
</state-labels><state-labels procid="1">
<label id="[0]">2056</label>
<label id="[1]">2048</label>
</state-labels><state-labels procid="2">
<label id="[0]">2056</label>
<label id="[1]">2048</label>
</state-labels><state-labels procid="3">
<label id="[0]">2056</label>
<label id="[1]">2048</label>
</state-labels><state-labels procid="4">
<label id="[0]">2056</label>
<label id="[1]">2048</label>
</state-labels><state-labels procid="5">
<label id="[0]">2056</label>
<label id="[1]">2048</label>
</state-labels><state-labels procid="6">
<label id="[0]">2056</label>
<label id="[1]">2048</label>
</state-labels><state-labels procid="7">
<label id="[0]">2056</label>
<label id="[1]">2048</label>
</state-labels><state-labels procid="8">
<label id="[0]">2056</label>
<label id="[1]">2048</label>
</state-labels><state-labels procid="9">
<label id="[0]">2056</label>
<label id="[1]">2048</label>
</state-labels><state-labels procid="10">
<label id="[0]">2056</label>
<label id="[1]">2048</label>
</state-labels><state-labels procid="11">
<label id="[0]">2056</label>
<label id="[1]">2048</label>
</state-labels><state-labels procid="12">
<label id="[0]">2056</label>
<label id="[1]">2048</label>
</state-labels><state-labels procid="13">
<label id="[0]">4103</label>
<label id="[1]">1</label>
</state-labels><state-labels procid="14">
<label id="[0]">4103</label>
<label id="[1]">1</label>
</state-labels><state-labels procid="15">
<label id="[0]">4103</label>
<label id="[1]">1</label>
</state-labels><state-labels procid="16">
<label id="[0]">4103</label>
<label id="[1]">1</label>
</state-labels><state-labels procid="17">
<label id="[0]">4103</label>
<label id="[1]">1</label>
</state-labels><state-labels procid="18">
<label id="[0]">4103</label>
<label id="[1]">1</label>
</state-labels><state-labels procid="19">
<label id="[0]">4103</label>
<label id="[1]">1</label>
</state-labels><state-labels procid="20">
<label id="[0]">1</label>
<label id="[1]">4096</label>
<label id="[2]">7</label>
</state-labels></label-info>
</state-space-info>
