<?xml version="1.0"?>
<!DOCTYPE state-space-info SYSTEM "../../state_space_info.dtd">


<state-space-info>
<states>86556</states>
<edges>317063</edges>
<bfs-info>
 <levels>84</levels>
<max-level>3600</max-level>

<back-level-edges>0</back-level-edges>
<max-back-level-edge>0</max-back-level-edge>
<avg-back-level-edge>nan</avg-back-level-edge>
<bfs-levels>
<level id="0"><states>1</states><edges>6</edges></level>
<level id="1"><states>6</states><edges>33</edges></level>
<level id="2"><states>18</states><edges>90</edges></level>
<level id="3"><states>35</states><edges>159</edges></level>
<level id="4"><states>51</states><edges>213</edges></level>
<level id="5"><states>63</states><edges>247</edges></level>
<level id="6"><states>72</states><edges>267</edges></level>
<level id="7"><states>77</states><edges>268</edges></level>
<level id="8"><states>77</states><edges>255</edges></level>
<level id="9"><states>76</states><edges>248</edges></level>
<level id="10"><states>78</states><edges>254</edges></level>
<level id="11"><states>82</states><edges>267</edges></level>
<level id="12"><states>89</states><edges>305</edges></level>
<level id="13"><states>108</states><edges>414</edges></level>
<level id="14"><states>150</states><edges>634</edges></level>
<level id="15"><states>218</states><edges>962</edges></level>
<level id="16"><states>305</states><edges>1359</edges></level>
<level id="17"><states>402</states><edges>1777</edges></level>
<level id="18"><states>499</states><edges>2162</edges></level>
<level id="19"><states>585</states><edges>2467</edges></level>
<level id="20"><states>653</states><edges>2686</edges></level>
<level id="21"><states>707</states><edges>2857</edges></level>
<level id="22"><states>758</states><edges>3035</edges></level>
<level id="23"><states>815</states><edges>3251</edges></level>
<level id="24"><states>881</states><edges>3516</edges></level>
<level id="25"><states>957</states><edges>3840</edges></level>
<level id="26"><states>1048</states><edges>4244</edges></level>
<level id="27"><states>1158</states><edges>4749</edges></level>
<level id="28"><states>1289</states><edges>5348</edges></level>
<level id="29"><states>1433</states><edges>5990</edges></level>
<level id="30"><states>1580</states><edges>6612</edges></level>
<level id="31"><states>1720</states><edges>7178</edges></level>
<level id="32"><states>1854</states><edges>7693</edges></level>
<level id="33"><states>1985</states><edges>8214</edges></level>
<level id="34"><states>2133</states><edges>8813</edges></level>
<level id="35"><states>2308</states><edges>9538</edges></level>
<level id="36"><states>2514</states><edges>10385</edges></level>
<level id="37"><states>2745</states><edges>11282</edges></level>
<level id="38"><states>2975</states><edges>12130</edges></level>
<level id="39"><states>3190</states><edges>12848</edges></level>
<level id="40"><states>3367</states><edges>13381</edges></level>
<level id="41"><states>3499</states><edges>13676</edges></level>
<level id="42"><states>3576</states><edges>13720</edges></level>
<level id="43"><states>3600</states><edges>13529</edges></level>
<level id="44"><states>3574</states><edges>13110</edges></level>
<level id="45"><states>3489</states><edges>12487</edges></level>
<level id="46"><states>3354</states><edges>11675</edges></level>
<level id="47"><states>3158</states><edges>10717</edges></level>
<level id="48"><states>2924</states><edges>9665</edges></level>
<level id="49"><states>2661</states><edges>8587</edges></level>
<level id="50"><states>2390</states><edges>7531</edges></level>
<level id="51"><states>2131</states><edges>6566</edges></level>
<level id="52"><states>1897</states><edges>5737</edges></level>
<level id="53"><states>1695</states><edges>5033</edges></level>
<level id="54"><states>1509</states><edges>4414</edges></level>
<level id="55"><states>1334</states><edges>3828</edges></level>
<level id="56"><states>1160</states><edges>3256</edges></level>
<level id="57"><states>994</states><edges>2732</edges></level>
<level id="58"><states>848</states><edges>2295</edges></level>
<level id="59"><states>724</states><edges>1939</edges></level>
<level id="60"><states>621</states><edges>1623</edges></level>
<level id="61"><states>520</states><edges>1315</edges></level>
<level id="62"><states>423</states><edges>1013</edges></level>
<level id="63"><states>329</states><edges>752</edges></level>
<level id="64"><states>251</states><edges>539</edges></level>
<level id="65"><states>190</states><edges>374</edges></level>
<level id="66"><states>142</states><edges>264</edges></level>
<level id="67"><states>111</states><edges>180</edges></level>
<level id="68"><states>82</states><edges>134</edges></level>
<level id="69"><states>65</states><edges>95</edges></level>
<level id="70"><states>48</states><edges>68</edges></level>
<level id="71"><states>35</states><edges>58</edges></level>
<level id="72"><states>38</states><edges>51</edges></level>
<level id="73"><states>33</states><edges>35</edges></level>
<level id="74"><states>21</states><edges>14</edges></level>
<level id="75"><states>12</states><edges>10</edges></level>
<level id="76"><states>10</states><edges>13</edges></level>
<level id="77"><states>13</states><edges>5</edges></level>
<level id="78"><states>5</states><edges>9</edges></level>
<level id="79"><states>7</states><edges>13</edges></level>
<level id="80"><states>9</states><edges>12</edges></level>
<level id="81"><states>6</states><edges>8</edges></level>
<level id="82"><states>4</states><edges>4</edges></level>
<level id="83"><states>2</states><edges>0</edges></level>
</bfs-levels>
<back-level-length id="0">nan</back-level-length>
</bfs-info>
<degrees>
<avg>3.6631</avg>
<max-in>6</max-in>
<max-out>6</max-out>
<degree id="0"><in>1</in><out>23</out></degree>
<degree id="1"><in>589</in><out>682</out></degree>
<degree id="2"><in>8513</in><out>7650</out></degree>
<degree id="3"><in>28391</in><out>27527</out></degree>
<degree id="4"><in>32315</in><out>35622</out></degree>
<degree id="5"><in>15467</in><out>14300</out></degree>
<degree id="6"><in>1280</in><out>752</out></degree>
</degrees>
<scc-info>
<count>86556</count>
<height>83</height>
<nontrivial-height>0</nontrivial-height>
<trivial>86556</trivial>
<terminal>23</terminal>
<largest>1</largest>
<largest-position> terminal</largest-position>
</scc-info>
<dfs-info>
<stack-size id="432">0.0704746</stack-size>
<stack-size id="864">0.068164</stack-size>
<stack-size id="1296">0.0566107</stack-size>
<stack-size id="1728">0.0716299</stack-size>
<stack-size id="2160">0.0623874</stack-size>
<stack-size id="2592">0.0589214</stack-size>
<stack-size id="3024">0.0496788</stack-size>
<stack-size id="3456">0.0508341</stack-size>
<stack-size id="3888">0.0496788</stack-size>
<stack-size id="4320">0.0704746</stack-size>
<stack-size id="4752">0.0485235</stack-size>
<stack-size id="5184">0.0543001</stack-size>
<stack-size id="5616">0.0658533</stack-size>
<stack-size id="6048">0.0543001</stack-size>
<stack-size id="6480">0.0658533</stack-size>
<stack-size id="6912">0.0439022</stack-size>
<stack-size id="7344">0.0404362</stack-size>
<stack-size id="7776">0.0623874</stack-size>
<stack-size id="8208">0.0589214</stack-size>
<stack-size id="8640">0.061232</stack-size>
<stack-size id="9072">0.0485235</stack-size>
<stack-size id="9504">0.0577661</stack-size>
<stack-size id="9936">0.035815</stack-size>
<stack-size id="10368">0.0508341</stack-size>
<stack-size id="10800">0.0566107</stack-size>
<stack-size id="11232">0.0473682</stack-size>
<stack-size id="11664">0.0531448</stack-size>
<stack-size id="12096">0.0531448</stack-size>
<stack-size id="12528">0.0589214</stack-size>
<stack-size id="12960">0.0554554</stack-size>
<stack-size id="13392">0.0427469</stack-size>
<stack-size id="13824">0.0543001</stack-size>
<stack-size id="14256">0.0519895</stack-size>
<stack-size id="14688">0.0635427</stack-size>
<stack-size id="15120">0.0600767</stack-size>
<stack-size id="15552">0.0427469</stack-size>
<stack-size id="15984">0.0635427</stack-size>
<stack-size id="16416">0.0623874</stack-size>
<stack-size id="16848">0.0496788</stack-size>
<stack-size id="17280">0.0462129</stack-size>
<stack-size id="17712">0.0462129</stack-size>
<stack-size id="18144">0.0519895</stack-size>
<stack-size id="18576">0.0554554</stack-size>
<stack-size id="19008">0.0543001</stack-size>
<stack-size id="19440">0.035815</stack-size>
<stack-size id="19872">0.0415916</stack-size>
<stack-size id="20304">0.0543001</stack-size>
<stack-size id="20736">0.0600767</stack-size>
<stack-size id="21168">0.0439022</stack-size>
<stack-size id="21600">0.0496788</stack-size>
<stack-size id="22032">0.0554554</stack-size>
<stack-size id="22464">0.0496788</stack-size>
<stack-size id="22896">0.0519895</stack-size>
<stack-size id="23328">0.0485235</stack-size>
<stack-size id="23760">0.0450575</stack-size>
<stack-size id="24192">0.0519895</stack-size>
<stack-size id="24624">0.0508341</stack-size>
<stack-size id="25056">0.0450575</stack-size>
<stack-size id="25488">0.0450575</stack-size>
<stack-size id="25920">0.0543001</stack-size>
<stack-size id="26352">0.0577661</stack-size>
<stack-size id="26784">0.0473682</stack-size>
<stack-size id="27216">0.0381256</stack-size>
<stack-size id="27648">0.0473682</stack-size>
<stack-size id="28080">0.0473682</stack-size>
<stack-size id="28512">0.0508341</stack-size>
<stack-size id="28944">0.0404362</stack-size>
<stack-size id="29376">0.0404362</stack-size>
<stack-size id="29808">0.0404362</stack-size>
<stack-size id="30240">0.0496788</stack-size>
<stack-size id="30672">0.061232</stack-size>
<stack-size id="31104">0.0335043</stack-size>
<stack-size id="31536">0.0427469</stack-size>
<stack-size id="31968">0.0427469</stack-size>
<stack-size id="32400">0.0519895</stack-size>
<stack-size id="32832">0.0543001</stack-size>
<stack-size id="33264">0.0265724</stack-size>
<stack-size id="33696">0.0450575</stack-size>
<stack-size id="34128">0.0450575</stack-size>
<stack-size id="34560">0.0450575</stack-size>
<stack-size id="34992">0.068164</stack-size>
<stack-size id="35424">0.0635427</stack-size>
<stack-size id="35856">0.0635427</stack-size>
<stack-size id="36288">0.0531448</stack-size>
<stack-size id="36720">0.0496788</stack-size>
<stack-size id="37152">0.0785619</stack-size>
<stack-size id="37584">0.0658533</stack-size>
<stack-size id="38016">0.0670086</stack-size>
<stack-size id="38448">0.0670086</stack-size>
<stack-size id="38880">0.0670086</stack-size>
<stack-size id="39312">0.0600767</stack-size>
<stack-size id="39744">0.0392809</stack-size>
<stack-size id="40176">0.0543001</stack-size>
<stack-size id="40608">0.0589214</stack-size>
<stack-size id="41040">0.0543001</stack-size>
<stack-size id="41472">0.0566107</stack-size>
<stack-size id="41904">0.0439022</stack-size>
<stack-size id="42336">0.0404362</stack-size>
<stack-size id="42768">0.0531448</stack-size>
<stack-size id="43200">0.0589214</stack-size>
<stack-size id="43632">0.0519895</stack-size>
<stack-size id="44064">0.0485235</stack-size>
<stack-size id="44496">0.0577661</stack-size>
<stack-size id="44928">0.035815</stack-size>
<stack-size id="45360">0.0508341</stack-size>
<stack-size id="45792">0.0566107</stack-size>
<stack-size id="46224">0.0473682</stack-size>
<stack-size id="46656">0.0439022</stack-size>
<stack-size id="47088">0.0531448</stack-size>
<stack-size id="47520">0.0589214</stack-size>
<stack-size id="47952">0.0462129</stack-size>
<stack-size id="48384">0.0427469</stack-size>
<stack-size id="48816">0.0543001</stack-size>
<stack-size id="49248">0.0427469</stack-size>
<stack-size id="49680">0.0473682</stack-size>
<stack-size id="50112">0.0473682</stack-size>
<stack-size id="50544">0.0508341</stack-size>
<stack-size id="50976">0.0404362</stack-size>
<stack-size id="51408">0.0496788</stack-size>
<stack-size id="51840">0.0496788</stack-size>
<stack-size id="52272">0.0496788</stack-size>
<stack-size id="52704">0.061232</stack-size>
<stack-size id="53136">0.0335043</stack-size>
<stack-size id="53568">0.0427469</stack-size>
<stack-size id="54000">0.0519895</stack-size>
<stack-size id="54432">0.0519895</stack-size>
<stack-size id="54864">0.0543001</stack-size>
<stack-size id="55296">0.0265724</stack-size>
<stack-size id="55728">0.0450575</stack-size>
<stack-size id="56160">0.0450575</stack-size>
<stack-size id="56592">0.0450575</stack-size>
<stack-size id="57024">0.0473682</stack-size>
<stack-size id="57456">0.0335043</stack-size>
<stack-size id="57888">0.0381256</stack-size>
<stack-size id="58320">0.0473682</stack-size>
<stack-size id="58752">0.0508341</stack-size>
<stack-size id="59184">0.0404362</stack-size>
<stack-size id="59616">0.0820278</stack-size>
<stack-size id="60048">0.0577661</stack-size>
<stack-size id="60480">0.0716299</stack-size>
<stack-size id="60912">0.0716299</stack-size>
<stack-size id="61344">0.0508341</stack-size>
<stack-size id="61776">0.061232</stack-size>
<stack-size id="62208">0.0543001</stack-size>
<stack-size id="62640">0.0543001</stack-size>
<stack-size id="63072">0.064698</stack-size>
<stack-size id="63504">0.0577661</stack-size>
<stack-size id="63936">0.0392809</stack-size>
<stack-size id="64368">0.028883</stack-size>
<stack-size id="64800">0.0531448</stack-size>
<stack-size id="65232">0.0531448</stack-size>
<stack-size id="65664">0.0254171</stack-size>
<stack-size id="66096">0.0335043</stack-size>
<stack-size id="66528">0.0335043</stack-size>
<stack-size id="66960">0.0265724</stack-size>
<stack-size id="67392">0.0427469</stack-size>
<stack-size id="67824">0.032349</stack-size>
<stack-size id="68256">0.0404362</stack-size>
<stack-size id="68688">0.028883</stack-size>
<stack-size id="69120">0.0311937</stack-size>
<stack-size id="69552">0.0496788</stack-size>
<stack-size id="69984">0.0404362</stack-size>
<stack-size id="70416">0.0404362</stack-size>
<stack-size id="70848">0.035815</stack-size>
<stack-size id="71280">0.035815</stack-size>
<stack-size id="71712">0.0219511</stack-size>
<stack-size id="72144">0.0219511</stack-size>
<stack-size id="72576">0.0404362</stack-size>
<stack-size id="73008">0.0404362</stack-size>
<stack-size id="73440">0.035815</stack-size>
<stack-size id="73872">0.035815</stack-size>
<stack-size id="74304">0.0219511</stack-size>
<stack-size id="74736">0.0219511</stack-size>
<stack-size id="75168">0.0207958</stack-size>
<stack-size id="75600">0.0231064</stack-size>
<stack-size id="76032">0.0254171</stack-size>
<stack-size id="76464">0.0854938</stack-size>
<stack-size id="76896">0.0693193</stack-size>
<stack-size id="77328">0.0554554</stack-size>
<stack-size id="77760">0.0311937</stack-size>
<stack-size id="78192">0.0519895</stack-size>
<stack-size id="78624">0.0450575</stack-size>
<stack-size id="79056">0.0300384</stack-size>
<stack-size id="79488">0.0462129</stack-size>
<stack-size id="79920">0.0265724</stack-size>
<stack-size id="80352">0.0427469</stack-size>
<stack-size id="80784">0.0254171</stack-size>
<stack-size id="81216">0.0589214</stack-size>
<stack-size id="81648">0.0554554</stack-size>
<stack-size id="82080">0.0577661</stack-size>
<stack-size id="82512">0.064698</stack-size>
<stack-size id="82944">0.064698</stack-size>
<stack-size id="83376">0.0277277</stack-size>
<stack-size id="83808">0.0196405</stack-size>
<stack-size id="84240">0.0231064</stack-size>
<stack-size id="84672">0.0439022</stack-size>
<stack-size id="85104">0.0508341</stack-size>
<stack-size id="85536">0.0473682</stack-size>
<stack-size id="85968">0.0392809</stack-size>
<stack-size id="86400">0.0242617</stack-size>
<max-stack>84</max-stack>
<front-edges>86555</front-edges>
<back-edges>0</back-edges>
<cross-edges>230508</cross-edges>
<shortest-cycle>-1</shortest-cycle>
</dfs-info>
<rw-info>
<coverage step="8640">4.49073</coverage>
<coverage step="17280">6.98623</coverage>
<coverage step="25920">8.71806</coverage>
<coverage step="34560">10.2766</coverage>
<coverage step="43200">11.6087</coverage>
<coverage step="51840">12.7963</coverage>
<coverage step="60480">13.6871</coverage>
<coverage step="69120">14.4981</coverage>
<coverage step="77760">15.3334</coverage>
<coverage step="86400">15.9527</coverage>
<coverage step="95040">16.5604</coverage>
<coverage step="103680">17.2605</coverage>
<coverage step="112320">17.7966</coverage>
<coverage step="120960">18.2367</coverage>
<coverage step="129600">18.7151</coverage>
<coverage step="138240">19.1656</coverage>
<coverage step="146880">19.548</coverage>
<coverage step="155520">19.9524</coverage>
<coverage step="164160">20.2505</coverage>
<coverage step="172800">20.5393</coverage>
<coverage step="181440">20.7981</coverage>
<coverage step="190080">21.0384</coverage>
<coverage step="198720">21.3677</coverage>
<coverage step="207360">21.6057</coverage>
<coverage step="216000">21.861</coverage>
<coverage step="224640">22.0932</coverage>
<coverage step="233280">22.3705</coverage>
<coverage step="241920">22.59</coverage>
<coverage step="250560">22.7783</coverage>
<coverage step="259200">23.0521</coverage>
<coverage step="267840">23.3386</coverage>
<coverage step="276480">23.594</coverage>
<coverage step="285120">23.7869</coverage>
<coverage step="293760">24.1069</coverage>
<coverage step="302400">24.3149</coverage>
<coverage step="311040">24.5413</coverage>
<coverage step="319680">24.7505</coverage>
<coverage step="328320">24.9214</coverage>
<coverage step="336960">25.1271</coverage>
<coverage step="345600">25.2958</coverage>
<coverage step="354240">25.4483</coverage>
<coverage step="362880">25.6863</coverage>
<coverage step="371520">25.8561</coverage>
<coverage step="380160">25.9936</coverage>
<coverage step="388800">26.1507</coverage>
<coverage step="397440">26.3263</coverage>
<coverage step="406080">26.5192</coverage>
<coverage step="414720">26.6556</coverage>
<coverage step="423360">26.8266</coverage>
<coverage step="432000">27.0103</coverage>
<coverage step="440640">27.1212</coverage>
<coverage step="449280">27.2656</coverage>
<coverage step="457920">27.3765</coverage>
<coverage step="466560">27.5613</coverage>
<coverage step="475200">27.7011</coverage>
<coverage step="483840">27.8964</coverage>
<coverage step="492480">28.0316</coverage>
<coverage step="501120">28.1818</coverage>
<coverage step="509760">28.3273</coverage>
<coverage step="518400">28.4937</coverage>
<coverage step="527040">28.5653</coverage>
<coverage step="535680">28.6982</coverage>
<coverage step="544320">28.8518</coverage>
<coverage step="552960">28.9974</coverage>
<coverage step="561600">29.069</coverage>
<coverage step="570240">29.2054</coverage>
<coverage step="578880">29.3117</coverage>
<coverage step="587520">29.4468</coverage>
<coverage step="596160">29.5289</coverage>
<coverage step="604800">29.6248</coverage>
<coverage step="613440">29.7033</coverage>
<coverage step="622080">29.7865</coverage>
<coverage step="630720">29.9147</coverage>
<coverage step="639360">30.058</coverage>
<coverage step="648000">30.162</coverage>
<coverage step="656640">30.3387</coverage>
<coverage step="665280">30.4092</coverage>
<coverage step="673920">30.5363</coverage>
<coverage step="682560">30.6669</coverage>
<coverage step="691200">30.7593</coverage>
<coverage step="699840">30.8436</coverage>
<coverage step="708480">30.9418</coverage>
<coverage step="717120">31.0331</coverage>
<coverage step="725760">31.1324</coverage>
<coverage step="734400">31.1914</coverage>
<coverage step="743040">31.2757</coverage>
<coverage step="751680">31.3485</coverage>
<coverage step="760320">31.4502</coverage>
<coverage step="768960">31.5172</coverage>
<coverage step="777600">31.6246</coverage>
<coverage step="786240">31.7147</coverage>
<coverage step="794880">31.7679</coverage>
<coverage step="803520">31.8268</coverage>
<coverage step="812160">31.9527</coverage>
<coverage step="820800">32.0244</coverage>
<coverage step="829440">32.0717</coverage>
<coverage step="838080">32.1769</coverage>
<coverage step="846720">32.2208</coverage>
<coverage step="855360">32.2589</coverage>
<coverage step="864000">32.3016</coverage>
<rw-visits order="1">12118</rw-visits>
<rw-visits order="140">845</rw-visits>
<rw-visits order="279">466</rw-visits>
<rw-visits order="418">341</rw-visits>
<rw-visits order="557">263</rw-visits>
<rw-visits order="696">216</rw-visits>
<rw-visits order="835">179</rw-visits>
<rw-visits order="974">154</rw-visits>
<rw-visits order="1113">135</rw-visits>
<rw-visits order="1252">122</rw-visits>
<rw-visits order="1391">111</rw-visits>
<rw-visits order="1530">101</rw-visits>
<rw-visits order="1669">92</rw-visits>
<rw-visits order="1808">86</rw-visits>
<rw-visits order="1947">80</rw-visits>
<rw-visits order="2086">74</rw-visits>
<rw-visits order="2225">69</rw-visits>
<rw-visits order="2364">64</rw-visits>
<rw-visits order="2503">61</rw-visits>
<rw-visits order="2642">57</rw-visits>
<rw-visits order="2781">55</rw-visits>
<rw-visits order="2920">51</rw-visits>
<rw-visits order="3059">49</rw-visits>
<rw-visits order="3198">47</rw-visits>
<rw-visits order="3337">44</rw-visits>
<rw-visits order="3476">43</rw-visits>
<rw-visits order="3615">41</rw-visits>
<rw-visits order="3754">40</rw-visits>
<rw-visits order="3893">38</rw-visits>
<rw-visits order="4032">36</rw-visits>
<rw-visits order="4171">35</rw-visits>
<rw-visits order="4310">34</rw-visits>
<rw-visits order="4449">32</rw-visits>
<rw-visits order="4588">31</rw-visits>
<rw-visits order="4727">30</rw-visits>
<rw-visits order="4866">29</rw-visits>
<rw-visits order="5005">28</rw-visits>
<rw-visits order="5144">27</rw-visits>
<rw-visits order="5283">26</rw-visits>
<rw-visits order="5422">25</rw-visits>
<rw-visits order="5561">24</rw-visits>
<rw-visits order="5700">24</rw-visits>
<rw-visits order="5839">23</rw-visits>
<rw-visits order="5978">22</rw-visits>
<rw-visits order="6117">21</rw-visits>
<rw-visits order="6256">21</rw-visits>
<rw-visits order="6395">20</rw-visits>
<rw-visits order="6534">20</rw-visits>
<rw-visits order="6673">19</rw-visits>
<rw-visits order="6812">18</rw-visits>
<rw-visits order="6951">18</rw-visits>
<rw-visits order="7090">17</rw-visits>
<rw-visits order="7229">17</rw-visits>
<rw-visits order="7368">16</rw-visits>
<rw-visits order="7507">16</rw-visits>
<rw-visits order="7646">16</rw-visits>
<rw-visits order="7785">15</rw-visits>
<rw-visits order="7924">15</rw-visits>
<rw-visits order="8063">14</rw-visits>
<rw-visits order="8202">14</rw-visits>
<rw-visits order="8341">14</rw-visits>
<rw-visits order="8480">13</rw-visits>
<rw-visits order="8619">13</rw-visits>
<rw-visits order="8758">13</rw-visits>
<rw-visits order="8897">12</rw-visits>
<rw-visits order="9036">12</rw-visits>
<rw-visits order="9175">12</rw-visits>
<rw-visits order="9314">11</rw-visits>
<rw-visits order="9453">11</rw-visits>
<rw-visits order="9592">11</rw-visits>
<rw-visits order="9731">11</rw-visits>
<rw-visits order="9870">10</rw-visits>
<rw-visits order="10009">10</rw-visits>
<rw-visits order="10148">10</rw-visits>
<rw-visits order="10287">10</rw-visits>
<rw-visits order="10426">9</rw-visits>
<rw-visits order="10565">9</rw-visits>
<rw-visits order="10704">9</rw-visits>
<rw-visits order="10843">9</rw-visits>
<rw-visits order="10982">8</rw-visits>
<rw-visits order="11121">8</rw-visits>
<rw-visits order="11260">8</rw-visits>
<rw-visits order="11399">8</rw-visits>
<rw-visits order="11538">8</rw-visits>
<rw-visits order="11677">8</rw-visits>
<rw-visits order="11816">7</rw-visits>
<rw-visits order="11955">7</rw-visits>
<rw-visits order="12094">7</rw-visits>
<rw-visits order="12233">7</rw-visits>
<rw-visits order="12372">7</rw-visits>
<rw-visits order="12511">7</rw-visits>
<rw-visits order="12650">6</rw-visits>
<rw-visits order="12789">6</rw-visits>
<rw-visits order="12928">6</rw-visits>
<rw-visits order="13067">6</rw-visits>
<rw-visits order="13206">6</rw-visits>
<rw-visits order="13345">6</rw-visits>
<rw-visits order="13484">6</rw-visits>
<rw-visits order="13623">5</rw-visits>
<rw-visits order="13762">5</rw-visits>
<rw-visits order="13901">5</rw-visits>
<rw-visits order="14040">5</rw-visits>
<rw-visits order="14179">5</rw-visits>
<rw-visits order="14318">5</rw-visits>
<rw-visits order="14457">5</rw-visits>
<rw-visits order="14596">5</rw-visits>
<rw-visits order="14735">5</rw-visits>
<rw-visits order="14874">4</rw-visits>
<rw-visits order="15013">4</rw-visits>
<rw-visits order="15152">4</rw-visits>
<rw-visits order="15291">4</rw-visits>
<rw-visits order="15430">4</rw-visits>
<rw-visits order="15569">4</rw-visits>
<rw-visits order="15708">4</rw-visits>
<rw-visits order="15847">4</rw-visits>
<rw-visits order="15986">4</rw-visits>
<rw-visits order="16125">4</rw-visits>
<rw-visits order="16264">4</rw-visits>
<rw-visits order="16403">3</rw-visits>
<rw-visits order="16542">3</rw-visits>
<rw-visits order="16681">3</rw-visits>
<rw-visits order="16820">3</rw-visits>
<rw-visits order="16959">3</rw-visits>
<rw-visits order="17098">3</rw-visits>
<rw-visits order="17237">3</rw-visits>
<rw-visits order="17376">3</rw-visits>
<rw-visits order="17515">3</rw-visits>
<rw-visits order="17654">3</rw-visits>
<rw-visits order="17793">3</rw-visits>
<rw-visits order="17932">3</rw-visits>
<rw-visits order="18071">3</rw-visits>
<rw-visits order="18210">3</rw-visits>
<rw-visits order="18349">3</rw-visits>
<rw-visits order="18488">3</rw-visits>
<rw-visits order="18627">2</rw-visits>
<rw-visits order="18766">2</rw-visits>
<rw-visits order="18905">2</rw-visits>
<rw-visits order="19044">2</rw-visits>
<rw-visits order="19183">2</rw-visits>
<rw-visits order="19322">2</rw-visits>
<rw-visits order="19461">2</rw-visits>
<rw-visits order="19600">2</rw-visits>
<rw-visits order="19739">2</rw-visits>
<rw-visits order="19878">2</rw-visits>
<rw-visits order="20017">2</rw-visits>
<rw-visits order="20156">2</rw-visits>
<rw-visits order="20295">2</rw-visits>
<rw-visits order="20434">2</rw-visits>
<rw-visits order="20573">2</rw-visits>
<rw-visits order="20712">2</rw-visits>
<rw-visits order="20851">2</rw-visits>
<rw-visits order="20990">2</rw-visits>
<rw-visits order="21129">2</rw-visits>
<rw-visits order="21268">2</rw-visits>
<rw-visits order="21407">2</rw-visits>
<rw-visits order="21546">2</rw-visits>
<rw-visits order="21685">2</rw-visits>
<rw-visits order="21824">1</rw-visits>
<rw-visits order="21963">1</rw-visits>
<rw-visits order="22102">1</rw-visits>
<rw-visits order="22241">1</rw-visits>
<rw-visits order="22380">1</rw-visits>
<rw-visits order="22519">1</rw-visits>
<rw-visits order="22658">1</rw-visits>
<rw-visits order="22797">1</rw-visits>
<rw-visits order="22936">1</rw-visits>
<rw-visits order="23075">1</rw-visits>
<rw-visits order="23214">1</rw-visits>
<rw-visits order="23353">1</rw-visits>
<rw-visits order="23492">1</rw-visits>
<rw-visits order="23631">1</rw-visits>
<rw-visits order="23770">1</rw-visits>
<rw-visits order="23909">1</rw-visits>
<rw-visits order="24048">1</rw-visits>
<rw-visits order="24187">1</rw-visits>
<rw-visits order="24326">1</rw-visits>
<rw-visits order="24465">1</rw-visits>
<rw-visits order="24604">1</rw-visits>
<rw-visits order="24743">1</rw-visits>
<rw-visits order="24882">1</rw-visits>
<rw-visits order="25021">1</rw-visits>
<rw-visits order="25160">1</rw-visits>
<rw-visits order="25299">1</rw-visits>
<rw-visits order="25438">1</rw-visits>
<rw-visits order="25577">1</rw-visits>
<rw-visits order="25716">1</rw-visits>
<rw-visits order="25855">1</rw-visits>
<rw-visits order="25994">1</rw-visits>
<rw-visits order="26133">1</rw-visits>
<rw-visits order="26272">1</rw-visits>
<rw-visits order="26411">1</rw-visits>
<rw-visits order="26550">1</rw-visits>
<rw-visits order="26689">1</rw-visits>
<rw-visits order="26828">1</rw-visits>
<rw-visits order="26967">1</rw-visits>
<rw-visits order="27106">1</rw-visits>
<rw-visits order="27245">1</rw-visits>
<rw-visits order="27384">1</rw-visits>
<rw-visits order="27523">1</rw-visits>
<rw-visits order="27662">1</rw-visits>
<rw-visits order="27801">1</rw-visits>
<rw-visits order="27940">1</rw-visits>
<final-coverage>32.3097</final-coverage>
</rw-info>
<local-info>
<diamonds>99.1139</diamonds>
<neighborhood k="4">51</neighborhood>
<clustering k="4">1.93892</clustering>
</local-info>
<label-info>
<edge-label id="0.16">609</edge-label>
<edge-label id="0.19+18.0">197</edge-label>
<edge-label id="0.2">2262</edge-label>
<edge-label id="0.43+18.0">2262</edge-label>
<edge-label id="0.53">196</edge-label>
<edge-label id="0.61">15523</edge-label>
<edge-label id="0.64+18.0">15523</edge-label>
<edge-label id="0.68">200</edge-label>
<edge-label id="0.69">198</edge-label>
<edge-label id="0.70">2</edge-label>
<edge-label id="0.73+18.0">3</edge-label>
<edge-label id="0.83">1</edge-label>
<edge-label id="1.16">609</edge-label>
<edge-label id="1.19+19.0">197</edge-label>
<edge-label id="1.2">2352</edge-label>
<edge-label id="1.43+19.0">2352</edge-label>
<edge-label id="1.53">196</edge-label>
<edge-label id="1.61">15092</edge-label>
<edge-label id="1.64+19.0">15092</edge-label>
<edge-label id="1.68">200</edge-label>
<edge-label id="1.69">198</edge-label>
<edge-label id="1.70">2</edge-label>
<edge-label id="1.73+19.0">3</edge-label>
<edge-label id="1.83">1</edge-label>
<edge-label id="14.1+1.49">196</edge-label>
<edge-label id="14.1+1.57">15291</edge-label>
<edge-label id="14.1+1.79">1</edge-label>
<edge-label id="18.1+2.30">6930</edge-label>
<edge-label id="18.1+2.55">20</edge-label>
<edge-label id="18.1+2.7">667</edge-label>
<edge-label id="18.1+2.77">1</edge-label>
<edge-label id="19.1+2.31">6930</edge-label>
<edge-label id="19.1+2.56">20</edge-label>
<edge-label id="19.1+2.78">1</edge-label>
<edge-label id="19.1+2.8">667</edge-label>
<edge-label id="2.14">1544</edge-label>
<edge-label id="2.15">521</edge-label>
<edge-label id="2.16">24290</edge-label>
<edge-label id="2.17+8.0">431</edge-label>
<edge-label id="2.18+14.0">1454</edge-label>
<edge-label id="2.20+26.0">1440</edge-label>
<edge-label id="2.23">864</edge-label>
<edge-label id="2.24+8.0">434</edge-label>
<edge-label id="2.25+14.0">434</edge-label>
<edge-label id="2.27+26.0">4738</edge-label>
<edge-label id="2.37">7731</edge-label>
<edge-label id="2.38">1439</edge-label>
<edge-label id="2.39">3</edge-label>
<edge-label id="2.40">1436</edge-label>
<edge-label id="2.6">1332</edge-label>
<edge-label id="2.61">334</edge-label>
<edge-label id="2.62+8.0">8</edge-label>
<edge-label id="2.63+14.0">8</edge-label>
<edge-label id="2.65+26.0">318</edge-label>
<edge-label id="2.68">29</edge-label>
<edge-label id="2.69">23</edge-label>
<edge-label id="2.70">6</edge-label>
<edge-label id="2.71+8.0">3</edge-label>
<edge-label id="2.72+14.0">3</edge-label>
<edge-label id="2.74+26.0">3</edge-label>
<edge-label id="2.83">3</edge-label>
<edge-label id="21.1+2.10">255</edge-label>
<edge-label id="21.1+2.33">274</edge-label>
<edge-label id="21.1+2.58">672</edge-label>
<edge-label id="21.1+2.80">1</edge-label>
<edge-label id="26.1+3.32">131</edge-label>
<edge-label id="26.1+3.57">655</edge-label>
<edge-label id="26.1+3.79">1</edge-label>
<edge-label id="26.1+3.9">2072</edge-label>
<edge-label id="29.1+3.12">2528</edge-label>
<edge-label id="29.1+3.35">1275</edge-label>
<edge-label id="29.1+3.60">57</edge-label>
<edge-label id="29.1+3.82">1</edge-label>
<edge-label id="3.14">4600</edge-label>
<edge-label id="3.15">4600</edge-label>
<edge-label id="3.16">22461</edge-label>
<edge-label id="3.19+21.0">2520</edge-label>
<edge-label id="3.22+39.0">3024</edge-label>
<edge-label id="3.23">1298</edge-label>
<edge-label id="3.26+21.0">2861</edge-label>
<edge-label id="3.29+39.0">1712</edge-label>
<edge-label id="3.37">1336</edge-label>
<edge-label id="3.38">1266</edge-label>
<edge-label id="3.39">2</edge-label>
<edge-label id="3.40">1264</edge-label>
<edge-label id="3.6">7540</edge-label>
<edge-label id="3.61">642</edge-label>
<edge-label id="3.64+21.0">596</edge-label>
<edge-label id="3.67+39.0">46</edge-label>
<edge-label id="3.68">72</edge-label>
<edge-label id="3.69">68</edge-label>
<edge-label id="3.70">4</edge-label>
<edge-label id="3.73+21.0">3</edge-label>
<edge-label id="3.76+39.0">3</edge-label>
<edge-label id="3.83">2</edge-label>
<edge-label id="35.1+4.52">70</edge-label>
<edge-label id="35.1+4.60">8419</edge-label>
<edge-label id="35.1+4.82">1</edge-label>
<edge-label id="39.1+5.10">252</edge-label>
<edge-label id="39.1+5.33">18</edge-label>
<edge-label id="39.1+5.58">1720</edge-label>
<edge-label id="39.1+5.80">1</edge-label>
<edge-label id="4.22+40.0">71</edge-label>
<edge-label id="4.46+40.0">2844</edge-label>
<edge-label id="4.5">2844</edge-label>
<edge-label id="4.53">70</edge-label>
<edge-label id="4.61">8346</edge-label>
<edge-label id="4.67+40.0">8346</edge-label>
<edge-label id="4.68">74</edge-label>
<edge-label id="4.69">72</edge-label>
<edge-label id="4.70">2</edge-label>
<edge-label id="4.76+40.0">3</edge-label>
<edge-label id="4.83">1</edge-label>
<edge-label id="40.1+5.11">1162</edge-label>
<edge-label id="40.1+5.34">5883</edge-label>
<edge-label id="40.1+5.59">6</edge-label>
<edge-label id="40.1+5.81">1</edge-label>
<edge-label id="5.14">1414</edge-label>
<edge-label id="5.15">1414</edge-label>
<edge-label id="5.16">10661</edge-label>
<edge-label id="5.20+29.0">315</edge-label>
<edge-label id="5.21+35.0">1231</edge-label>
<edge-label id="5.23">528</edge-label>
<edge-label id="5.27+29.0">4397</edge-label>
<edge-label id="5.28+35.0">199</edge-label>
<edge-label id="5.37">5831</edge-label>
<edge-label id="5.38">5761</edge-label>
<edge-label id="5.39">2</edge-label>
<edge-label id="5.40">5759</edge-label>
<edge-label id="5.6">3297</edge-label>
<edge-label id="5.61">1656</edge-label>
<edge-label id="5.65+29.0">1654</edge-label>
<edge-label id="5.66+35.0">2</edge-label>
<edge-label id="5.68">72</edge-label>
<edge-label id="5.69">68</edge-label>
<edge-label id="5.70">4</edge-label>
<edge-label id="5.74+29.0">3</edge-label>
<edge-label id="5.75+35.0">3</edge-label>
<edge-label id="5.83">2</edge-label>
<edge-label id="8.1+0.49">196</edge-label>
<edge-label id="8.1+0.57">15722</edge-label>
<edge-label id="8.1+0.79">1</edge-label>
<state-labels procid="0">
<label id="[{0|0|1|0|0|0|0|0|1|0|0|0|1|1|0|1|0|0|0|0|1|0|0|1|0|0|0|0|0|1|0|0|0|1|1|0},0,2,1]">3</label>
<label id="[{0|0|1|0|0|0|0|0|1|0|0|0|1|1|0|1|0|0|0|0|1|0|0|1|0|0|0|0|0|1|0|0|0|1|1|0},0,3,1]">2</label>
<label id="[{0|0|1|0|0|0|0|0|1|0|0|0|1|1|0|1|0|0|0|0|1|0|0|1|0|0|0|0|0|1|0|0|0|1|1|0},0,5,1]">2</label>
<label id="[{0|0|1|0|0|0|0|0|1|0|0|0|1|1|0|1|0|0|0|0|1|0|0|1|0|0|0|0|0|1|0|0|0|1|1|0},0,6,0]">85816</label>
<label id="[{0|0|1|0|0|0|0|0|1|0|0|0|1|1|0|1|0|0|0|0|1|0|0|1|0|0|0|0|0|1|0|0|0|1|1|0},1,6,0]">733</label>
</state-labels><state-labels procid="1">
<label id="[0,{0|0|0|0|0|0},0,0,0]">2262</label>
<label id="[10,{0|0|0|0|0|0},2,0,14]">15523</label>
<label id="[10,{0|0|0|0|0|0},2,0,8]">200</label>
<label id="[11,{0|0|0|0|0|0},2,0,8]">200</label>
<label id="[12,{0|0|0|0|0|0},2,0,14]">15523</label>
<label id="[13,{0|0|0|0|0|0},2,0,8]">199</label>
<label id="[14,{0|0|0|0|0|0},2,0,8]">2</label>
<label id="[15,{0|0|0|0|0|0},2,0,8]">1</label>
<label id="[16,{0|0|0|0|0|0},2,0,14]">29203</label>
<label id="[3,{0|0|1|0|0|0},2,1,8]">197</label>
<label id="[3,{0|0|1|0|0|0},3,1,8]">203</label>
<label id="[3,{0|0|1|0|0|0},4,1,8]">203</label>
<label id="[3,{0|0|1|0|0|0},5,1,8]">203</label>
<label id="[3,{0|0|1|0|0|0},6,1,8]">203</label>
<label id="[7,{0|0|0|0|0|0},2,0,0]">2262</label>
<label id="[8,{0|0|0|0|0|0},2,0,8]">196</label>
<label id="[9,{0|0|0|0|0|0},2,0,0]">19969</label>
<label id="[9,{0|0|0|0|0|0},2,0,8]">7</label>
</state-labels><state-labels procid="2">
<label id="[0,{0|0|0|0|0|0},0,0,0]">2352</label>
<label id="[10,{0|0|0|0|0|0},2,0,14]">15092</label>
<label id="[10,{0|0|0|0|0|0},2,0,8]">200</label>
<label id="[11,{0|0|0|0|0|0},2,0,8]">200</label>
<label id="[12,{0|0|0|0|0|0},2,0,14]">15092</label>
<label id="[13,{0|0|0|0|0|0},2,0,8]">199</label>
<label id="[14,{0|0|0|0|0|0},2,0,8]">2</label>
<label id="[15,{0|0|0|0|0|0},2,0,8]">1</label>
<label id="[16,{0|0|0|0|0|0},2,0,14]">28772</label>
<label id="[3,{0|0|1|0|0|0},2,1,8]">197</label>
<label id="[3,{0|0|1|0|0|0},3,1,8]">203</label>
<label id="[3,{0|0|1|0|0|0},4,1,8]">203</label>
<label id="[3,{0|0|1|0|0|0},5,1,8]">203</label>
<label id="[3,{0|0|1|0|0|0},6,1,8]">203</label>
<label id="[7,{0|0|0|0|0|0},2,0,0]">2352</label>
<label id="[8,{0|0|0|0|0|0},2,0,8]">196</label>
<label id="[9,{0|0|0|0|0|0},2,0,0]">21082</label>
<label id="[9,{0|0|0|0|0|0},2,0,8]">7</label>
</state-labels><state-labels procid="3">
<label id="[0,{0|0|0|0|0|0},0,0,0]">1332</label>
<label id="[1,{0|0|0|0|0|0},0,3,0]">1332</label>
<label id="[1,{0|0|0|1|0|0},0,2,9]">135</label>
<label id="[1,{0|1|0|0|0|0},0,2,7]">444</label>
<label id="[1,{0|1|0|1|0|0},0,1,7]">45</label>
<label id="[1,{0|1|0|1|0|0},0,1,9]">45</label>
<label id="[1,{1|0|0|0|0|0},0,2,6]">444</label>
<label id="[1,{1|0|0|1|0|0},0,1,6]">45</label>
<label id="[1,{1|0|0|1|0|0},0,1,9]">45</label>
<label id="[1,{1|1|0|0|0|0},0,1,6]">148</label>
<label id="[1,{1|1|0|0|0|0},0,1,7]">148</label>
<label id="[1,{1|1|0|1|0|0},0,0,6]">15</label>
<label id="[1,{1|1|0|1|0|0},0,0,7]">15</label>
<label id="[1,{1|1|0|1|0|0},0,0,9]">15</label>
<label id="[10,{0|0|0|0|0|0},6,1,12]">8</label>
<label id="[10,{0|0|0|0|0|0},6,1,13]">8</label>
<label id="[10,{0|0|0|0|0|0},6,1,15]">318</label>
<label id="[10,{0|0|0|0|0|0},6,1,6]">5</label>
<label id="[10,{0|0|0|0|0|0},6,1,7]">5</label>
<label id="[10,{0|0|0|0|0|0},6,1,9]">19</label>
<label id="[11,{0|0|0|0|0|0},6,1,6]">5</label>
<label id="[11,{0|0|0|0|0|0},6,1,7]">5</label>
<label id="[11,{0|0|0|0|0|0},6,1,9]">19</label>
<label id="[12,{0|0|0|0|0|0},6,1,12]">8</label>
<label id="[12,{0|0|0|0|0|0},6,1,13]">8</label>
<label id="[12,{0|0|0|0|0|0},6,1,15]">318</label>
<label id="[13,{0|0|0|0|0|0},6,1,6]">4</label>
<label id="[13,{0|0|0|0|0|0},6,1,7]">4</label>
<label id="[13,{0|0|0|0|0|0},6,1,9]">18</label>
<label id="[14,{0|0|0|0|0|0},6,1,6]">2</label>
<label id="[14,{0|0|0|0|0|0},6,1,7]">2</label>
<label id="[14,{0|0|0|0|0|0},6,1,9]">2</label>
<label id="[15,{0|0|0|0|0|0},6,1,6]">1</label>
<label id="[15,{0|0|0|0|0|0},6,1,7]">1</label>
<label id="[15,{0|0|0|0|0|0},6,1,9]">1</label>
<label id="[16,{0|0|0|0|0|0},6,0,18]">1</label>
<label id="[16,{0|0|0|0|0|0},6,0,19]">1</label>
<label id="[16,{0|0|0|0|0|0},6,0,21]">1</label>
<label id="[16,{0|0|0|0|0|0},6,1,12]">8</label>
<label id="[16,{0|0|0|0|0|0},6,1,13]">8</label>
<label id="[16,{0|0|0|0|0|0},6,1,15]">1047</label>
<label id="[2,{0|0|0|0|0|0},0,3,6]">444</label>
<label id="[2,{0|0|0|0|0|0},0,3,7]">444</label>
<label id="[2,{0|0|0|0|0|0},0,3,9]">135</label>
<label id="[2,{0|0|0|1|0|0},0,2,6]">45</label>
<label id="[2,{0|0|0|1|0|0},0,2,7]">45</label>
<label id="[2,{0|1|0|0|0|0},0,2,6]">148</label>
<label id="[2,{0|1|0|0|0|0},0,2,9]">45</label>
<label id="[2,{0|1|0|1|0|0},0,1,6]">15</label>
<label id="[2,{1|0|0|0|0|0},0,2,7]">148</label>
<label id="[2,{1|0|0|0|0|0},0,2,9]">45</label>
<label id="[2,{1|0|0|1|0|0},0,1,7]">15</label>
<label id="[2,{1|1|0|0|0|0},0,1,9]">15</label>
<label id="[3,{0|0|0|1|0|0},6,1,9]">1</label>
<label id="[3,{0|1|0|0|0|0},6,1,7]">1</label>
<label id="[3,{0|1|0|1|0|0},0,1,7]">45</label>
<label id="[3,{0|1|0|1|0|0},0,1,9]">45</label>
<label id="[3,{0|1|0|1|0|0},1,1,7]">45</label>
<label id="[3,{0|1|0|1|0|0},1,1,9]">45</label>
<label id="[3,{0|1|0|1|0|0},2,1,7]">180</label>
<label id="[3,{0|1|0|1|0|0},2,1,9]">180</label>
<label id="[3,{0|1|0|1|0|0},3,1,7]">180</label>
<label id="[3,{0|1|0|1|0|0},3,1,9]">180</label>
<label id="[3,{0|1|0|1|0|0},4,1,7]">216</label>
<label id="[3,{0|1|0|1|0|0},4,1,9]">216</label>
<label id="[3,{0|1|0|1|0|0},5,1,7]">216</label>
<label id="[3,{0|1|0|1|0|0},5,1,9]">216</label>
<label id="[3,{0|1|0|1|0|0},6,1,7]">216</label>
<label id="[3,{0|1|0|1|0|0},6,1,9]">216</label>
<label id="[3,{1|0|0|0|0|0},6,1,6]">1</label>
<label id="[3,{1|0|0|1|0|0},0,1,6]">45</label>
<label id="[3,{1|0|0|1|0|0},0,1,9]">45</label>
<label id="[3,{1|0|0|1|0|0},1,1,6]">180</label>
<label id="[3,{1|0|0|1|0|0},1,1,9]">180</label>
<label id="[3,{1|0|0|1|0|0},2,1,6]">180</label>
<label id="[3,{1|0|0|1|0|0},2,1,9]">180</label>
<label id="[3,{1|0|0|1|0|0},3,1,6]">180</label>
<label id="[3,{1|0|0|1|0|0},3,1,9]">180</label>
<label id="[3,{1|0|0|1|0|0},4,1,6]">216</label>
<label id="[3,{1|0|0|1|0|0},4,1,9]">216</label>
<label id="[3,{1|0|0|1|0|0},5,1,6]">216</label>
<label id="[3,{1|0|0|1|0|0},5,1,9]">216</label>
<label id="[3,{1|0|0|1|0|0},6,1,6]">216</label>
<label id="[3,{1|0|0|1|0|0},6,1,9]">216</label>
<label id="[3,{1|1|0|0|0|0},0,1,6]">148</label>
<label id="[3,{1|1|0|0|0|0},0,1,7]">148</label>
<label id="[3,{1|1|0|0|0|0},1,1,6]">592</label>
<label id="[3,{1|1|0|0|0|0},1,1,7]">592</label>
<label id="[3,{1|1|0|0|0|0},2,1,6]">2368</label>
<label id="[3,{1|1|0|0|0|0},2,1,7]">2368</label>
<label id="[3,{1|1|0|0|0|0},3,1,6]">2368</label>
<label id="[3,{1|1|0|0|0|0},3,1,7]">2368</label>
<label id="[3,{1|1|0|0|0|0},4,1,6]">2368</label>
<label id="[3,{1|1|0|0|0|0},4,1,7]">2368</label>
<label id="[3,{1|1|0|0|0|0},5,1,6]">2368</label>
<label id="[3,{1|1|0|0|0|0},5,1,7]">2368</label>
<label id="[3,{1|1|0|0|0|0},6,1,6]">2368</label>
<label id="[3,{1|1|0|0|0|0},6,1,7]">2368</label>
<label id="[3,{1|1|0|1|0|0},0,0,6]">15</label>
<label id="[3,{1|1|0|1|0|0},0,0,7]">15</label>
<label id="[3,{1|1|0|1|0|0},0,0,9]">15</label>
<label id="[3,{1|1|0|1|0|0},1,0,6]">60</label>
<label id="[3,{1|1|0|1|0|0},1,0,7]">60</label>
<label id="[3,{1|1|0|1|0|0},1,0,9]">60</label>
<label id="[3,{1|1|0|1|0|0},2,0,6]">240</label>
<label id="[3,{1|1|0|1|0|0},2,0,7]">240</label>
<label id="[3,{1|1|0|1|0|0},2,0,9]">240</label>
<label id="[3,{1|1|0|1|0|0},3,0,6]">240</label>
<label id="[3,{1|1|0|1|0|0},3,0,7]">240</label>
<label id="[3,{1|1|0|1|0|0},3,0,9]">240</label>
<label id="[3,{1|1|0|1|0|0},4,0,6]">288</label>
<label id="[3,{1|1|0|1|0|0},4,0,7]">288</label>
<label id="[3,{1|1|0|1|0|0},4,0,9]">288</label>
<label id="[3,{1|1|0|1|0|0},5,0,6]">288</label>
<label id="[3,{1|1|0|1|0|0},5,0,7]">288</label>
<label id="[3,{1|1|0|1|0|0},5,0,9]">288</label>
<label id="[3,{1|1|0|1|0|0},6,0,6]">288</label>
<label id="[3,{1|1|0|1|0|0},6,0,7]">288</label>
<label id="[3,{1|1|0|1|0|0},6,0,9]">288</label>
<label id="[4,{0|0|0|0|0|0},6,0,18]">1</label>
<label id="[4,{0|0|0|0|0|0},6,0,19]">1</label>
<label id="[4,{0|0|0|0|0|0},6,0,21]">1</label>
<label id="[4,{0|0|0|0|0|0},6,1,18]">706</label>
<label id="[4,{0|0|0|0|0|0},6,1,19]">706</label>
<label id="[4,{0|0|0|0|0|0},6,1,21]">24</label>
<label id="[4,{0|0|0|1|0|0},6,0,18]">18</label>
<label id="[4,{0|0|0|1|0|0},6,0,19]">18</label>
<label id="[4,{0|0|0|1|0|0},6,1,18]">216</label>
<label id="[4,{0|0|0|1|0|0},6,1,19]">216</label>
<label id="[4,{0|0|0|1|0|0},6,1,9]">2</label>
<label id="[4,{0|1|0|0|0|0},6,0,18]">4</label>
<label id="[4,{0|1|0|0|0|0},6,0,21]">4</label>
<label id="[4,{0|1|0|0|0|0},6,1,18]">2776</label>
<label id="[4,{0|1|0|0|0|0},6,1,21]">48</label>
<label id="[4,{0|1|0|0|0|0},6,1,7]">2</label>
<label id="[4,{0|1|0|1|0|0},6,0,18]">72</label>
<label id="[4,{0|1|0|1|0|0},6,1,7]">864</label>
<label id="[4,{0|1|0|1|0|0},6,1,9]">864</label>
<label id="[4,{1|0|0|0|0|0},6,0,19]">4</label>
<label id="[4,{1|0|0|0|0|0},6,0,21]">4</label>
<label id="[4,{1|0|0|0|0|0},6,1,19]">2776</label>
<label id="[4,{1|0|0|0|0|0},6,1,21]">48</label>
<label id="[4,{1|0|0|0|0|0},6,1,6]">2</label>
<label id="[4,{1|0|0|1|0|0},6,0,19]">72</label>
<label id="[4,{1|0|0|1|0|0},6,1,6]">864</label>
<label id="[4,{1|0|0|1|0|0},6,1,9]">864</label>
<label id="[4,{1|1|0|0|0|0},6,0,21]">16</label>
<label id="[4,{1|1|0|0|0|0},6,1,6]">11104</label>
<label id="[4,{1|1|0|0|0|0},6,1,7]">11104</label>
<label id="[4,{1|1|0|1|0|0},6,0,6]">288</label>
<label id="[4,{1|1|0|1|0|0},6,0,7]">288</label>
<label id="[4,{1|1|0|1|0|0},6,0,9]">288</label>
<label id="[5,{0|0|0|1|0|0},6,0,21]">1</label>
<label id="[5,{0|0|0|1|0|0},6,1,21]">24</label>
<label id="[5,{0|1|0|0|0|0},6,0,19]">1</label>
<label id="[5,{0|1|0|0|0|0},6,1,19]">706</label>
<label id="[5,{0|1|0|1|0|0},6,0,19]">18</label>
<label id="[5,{0|1|0|1|0|0},6,0,21]">4</label>
<label id="[5,{0|1|0|1|0|0},6,1,19]">216</label>
<label id="[5,{0|1|0|1|0|0},6,1,21]">48</label>
<label id="[5,{1|0|0|0|0|0},6,0,18]">1</label>
<label id="[5,{1|0|0|0|0|0},6,1,18]">706</label>
<label id="[5,{1|0|0|1|0|0},6,0,18]">18</label>
<label id="[5,{1|0|0|1|0|0},6,0,21]">4</label>
<label id="[5,{1|0|0|1|0|0},6,1,18]">216</label>
<label id="[5,{1|0|0|1|0|0},6,1,21]">48</label>
<label id="[5,{1|1|0|0|0|0},6,0,18]">4</label>
<label id="[5,{1|1|0|0|0|0},6,0,19]">4</label>
<label id="[5,{1|1|0|0|0|0},6,1,18]">2776</label>
<label id="[5,{1|1|0|0|0|0},6,1,19]">2776</label>
<label id="[5,{1|1|0|1|0|0},6,0,18]">72</label>
<label id="[5,{1|1|0|1|0|0},6,0,19]">72</label>
<label id="[5,{1|1|0|1|0|0},6,0,21]">16</label>
<label id="[6,{0|0|0|0|0|0},6,0,18]">1</label>
<label id="[6,{0|0|0|0|0|0},6,0,19]">1</label>
<label id="[6,{0|0|0|0|0|0},6,0,21]">1</label>
<label id="[6,{0|0|0|0|0|0},6,1,18]">706</label>
<label id="[6,{0|0|0|0|0|0},6,1,19]">706</label>
<label id="[6,{0|0|0|0|0|0},6,1,21]">24</label>
<label id="[9,{0|0|0|0|0|0},6,1,18]">706</label>
<label id="[9,{0|0|0|0|0|0},6,1,19]">706</label>
<label id="[9,{0|0|0|0|0|0},6,1,21]">24</label>
<label id="[9,{0|0|0|0|0|0},6,1,6]">9</label>
<label id="[9,{0|0|0|0|0|0},6,1,7]">9</label>
<label id="[9,{0|0|0|0|0|0},6,1,9]">6</label>
</state-labels><state-labels procid="4">
<label id="[0,{0|0|0|0|0|0},0,0,0]">7540</label>
<label id="[1,{0|0|0|0|0|0},0,2,0]">7540</label>
<label id="[1,{0|0|0|0|0|1},0,1,11]">2080</label>
<label id="[1,{0|0|1|0|0|0},0,1,8]">1624</label>
<label id="[1,{0|0|1|0|0|1},0,0,11]">448</label>
<label id="[1,{0|0|1|0|0|1},0,0,8]">448</label>
<label id="[10,{0|0|0|0|0|0},6,1,11]">12</label>
<label id="[10,{0|0|0|0|0|0},6,1,14]">596</label>
<label id="[10,{0|0|0|0|0|0},6,1,17]">46</label>
<label id="[10,{0|0|0|0|0|0},6,1,8]">60</label>
<label id="[11,{0|0|0|0|0|0},6,1,11]">12</label>
<label id="[11,{0|0|0|0|0|0},6,1,8]">60</label>
<label id="[12,{0|0|0|0|0|0},6,1,14]">596</label>
<label id="[12,{0|0|0|0|0|0},6,1,17]">46</label>
<label id="[13,{0|0|0|0|0|0},6,1,11]">11</label>
<label id="[13,{0|0|0|0|0|0},6,1,8]">59</label>
<label id="[14,{0|0|0|0|0|0},6,1,11]">2</label>
<label id="[14,{0|0|0|0|0|0},6,1,8]">2</label>
<label id="[15,{0|0|0|0|0|0},6,1,11]">1</label>
<label id="[15,{0|0|0|0|0|0},6,1,8]">1</label>
<label id="[16,{0|0|0|0|0|0},6,0,20]">1</label>
<label id="[16,{0|0|0|0|0|0},6,0,23]">1</label>
<label id="[16,{0|0|0|0|0|0},6,1,14]">1162</label>
<label id="[16,{0|0|0|0|0|0},6,1,17]">129</label>
<label id="[2,{0|0|0|0|0|0},0,2,11]">2080</label>
<label id="[2,{0|0|0|0|0|0},0,2,8]">1624</label>
<label id="[2,{0|0|0|0|0|1},0,1,8]">448</label>
<label id="[2,{0|0|1|0|0|0},0,1,11]">448</label>
<label id="[3,{0|0|0|0|0|1},0,1,11]">2080</label>
<label id="[3,{0|0|0|0|0|1},1,1,11]">2080</label>
<label id="[3,{0|0|0|0|0|1},2,1,11]">2080</label>
<label id="[3,{0|0|0|0|0|1},3,1,11]">2080</label>
<label id="[3,{0|0|0|0|0|1},4,1,11]">2080</label>
<label id="[3,{0|0|0|0|0|1},5,1,11]">2080</label>
<label id="[3,{0|0|0|0|0|1},6,1,11]">2861</label>
<label id="[3,{0|0|1|0|0|0},0,1,8]">1624</label>
<label id="[3,{0|0|1|0|0|0},1,1,8]">1624</label>
<label id="[3,{0|0|1|0|0|0},2,1,8]">1624</label>
<label id="[3,{0|0|1|0|0|0},3,1,8]">1711</label>
<label id="[3,{0|0|1|0|0|0},4,1,8]">1711</label>
<label id="[3,{0|0|1|0|0|0},5,1,8]">1711</label>
<label id="[3,{0|0|1|0|0|0},6,1,8]">1712</label>
<label id="[3,{0|0|1|0|0|1},0,0,11]">448</label>
<label id="[3,{0|0|1|0|0|1},0,0,8]">448</label>
<label id="[3,{0|0|1|0|0|1},1,0,11]">448</label>
<label id="[3,{0|0|1|0|0|1},1,0,8]">448</label>
<label id="[3,{0|0|1|0|0|1},2,0,11]">448</label>
<label id="[3,{0|0|1|0|0|1},2,0,8]">448</label>
<label id="[3,{0|0|1|0|0|1},3,0,11]">472</label>
<label id="[3,{0|0|1|0|0|1},3,0,8]">472</label>
<label id="[3,{0|0|1|0|0|1},4,0,11]">472</label>
<label id="[3,{0|0|1|0|0|1},4,0,8]">472</label>
<label id="[3,{0|0|1|0|0|1},5,0,11]">472</label>
<label id="[3,{0|0|1|0|0|1},5,0,8]">472</label>
<label id="[3,{0|0|1|0|0|1},6,0,11]">649</label>
<label id="[3,{0|0|1|0|0|1},6,0,8]">649</label>
<label id="[4,{0|0|0|0|0|0},6,0,20]">1</label>
<label id="[4,{0|0|0|0|0|0},6,0,23]">1</label>
<label id="[4,{0|0|0|0|0|0},6,1,20]">108</label>
<label id="[4,{0|0|0|0|0|0},6,1,23]">1156</label>
<label id="[4,{0|0|0|0|0|1},6,0,20]">11</label>
<label id="[4,{0|0|0|0|0|1},6,1,11]">12717</label>
<label id="[4,{0|0|1|0|0|0},6,0,23]">59</label>
<label id="[4,{0|0|1|0|0|0},6,1,8]">6373</label>
<label id="[4,{0|0|1|0|0|1},6,0,11]">649</label>
<label id="[4,{0|0|1|0|0|1},6,0,8]">649</label>
<label id="[5,{0|0|0|0|0|1},6,0,23]">1</label>
<label id="[5,{0|0|0|0|0|1},6,1,23]">1156</label>
<label id="[5,{0|0|1|0|0|0},6,0,20]">1</label>
<label id="[5,{0|0|1|0|0|0},6,1,20]">108</label>
<label id="[5,{0|0|1|0|0|1},6,0,20]">11</label>
<label id="[5,{0|0|1|0|0|1},6,0,23]">59</label>
<label id="[6,{0|0|0|0|0|0},6,0,20]">1</label>
<label id="[6,{0|0|0|0|0|0},6,0,23]">1</label>
<label id="[6,{0|0|0|0|0|0},6,1,20]">108</label>
<label id="[6,{0|0|0|0|0|0},6,1,23]">1156</label>
<label id="[9,{0|0|0|0|0|0},6,1,11]">6</label>
<label id="[9,{0|0|0|0|0|0},6,1,20]">108</label>
<label id="[9,{0|0|0|0|0|0},6,1,23]">1156</label>
<label id="[9,{0|0|0|0|0|0},6,1,8]">7</label>
</state-labels><state-labels procid="5">
<label id="[0,{0|0|0|0|0|0},0,0,0]">2844</label>
<label id="[10,{0|0|0|0|0|0},5,0,11]">74</label>
<label id="[10,{0|0|0|0|0|0},5,0,17]">8346</label>
<label id="[11,{0|0|0|0|0|0},5,0,11]">74</label>
<label id="[12,{0|0|0|0|0|0},5,0,17]">8346</label>
<label id="[13,{0|0|0|0|0|0},5,0,11]">73</label>
<label id="[14,{0|0|0|0|0|0},5,0,11]">2</label>
<label id="[15,{0|0|0|0|0|0},5,0,11]">1</label>
<label id="[16,{0|0|0|0|0|0},5,0,17]">43954</label>
<label id="[3,{0|0|0|0|0|1},5,1,11]">71</label>
<label id="[3,{0|0|0|0|0|1},6,1,11]">77</label>
<label id="[7,{0|0|0|0|0|0},5,0,0]">2844</label>
<label id="[8,{0|0|0|0|0|0},5,0,11]">70</label>
<label id="[9,{0|0|0|0|0|0},5,0,0]">19774</label>
<label id="[9,{0|0|0|0|0|0},5,0,11]">6</label>
</state-labels><state-labels procid="6">
<label id="[0,{0|0|0|0|0|0},0,0,0]">3297</label>
<label id="[1,{0|0|0|0|0|0},0,2,0]">3297</label>
<label id="[1,{0|0|0|0|1|0},0,1,10]">1099</label>
<label id="[1,{0|0|0|1|0|0},0,1,9]">189</label>
<label id="[1,{0|0|0|1|1|0},0,0,10]">63</label>
<label id="[1,{0|0|0|1|1|0},0,0,9]">63</label>
<label id="[10,{0|0|0|0|0|0},6,1,10]">5</label>
<label id="[10,{0|0|0|0|0|0},6,1,15]">1654</label>
<label id="[10,{0|0|0|0|0|0},6,1,16]">2</label>
<label id="[10,{0|0|0|0|0|0},6,1,9]">67</label>
<label id="[11,{0|0|0|0|0|0},6,1,10]">5</label>
<label id="[11,{0|0|0|0|0|0},6,1,9]">67</label>
<label id="[12,{0|0|0|0|0|0},6,1,15]">1654</label>
<label id="[12,{0|0|0|0|0|0},6,1,16]">2</label>
<label id="[13,{0|0|0|0|0|0},6,1,10]">4</label>
<label id="[13,{0|0|0|0|0|0},6,1,9]">66</label>
<label id="[14,{0|0|0|0|0|0},6,1,10]">2</label>
<label id="[14,{0|0|0|0|0|0},6,1,9]">2</label>
<label id="[15,{0|0|0|0|0|0},6,1,10]">1</label>
<label id="[15,{0|0|0|0|0|0},6,1,9]">1</label>
<label id="[16,{0|0|0|0|0|0},6,0,21]">1</label>
<label id="[16,{0|0|0|0|0|0},6,0,22]">1</label>
<label id="[16,{0|0|0|0|0|0},6,1,15]">8949</label>
<label id="[16,{0|0|0|0|0|0},6,1,16]">2</label>
<label id="[2,{0|0|0|0|0|0},0,2,10]">1099</label>
<label id="[2,{0|0|0|0|0|0},0,2,9]">189</label>
<label id="[2,{0|0|0|0|1|0},0,1,9]">63</label>
<label id="[2,{0|0|0|1|0|0},0,1,10]">63</label>
<label id="[3,{0|0|0|0|1|0},0,1,10]">1099</label>
<label id="[3,{0|0|0|0|1|0},1,1,10]">1099</label>
<label id="[3,{0|0|0|0|1|0},2,1,10]">1099</label>
<label id="[3,{0|0|0|0|1|0},3,1,10]">1099</label>
<label id="[3,{0|0|0|0|1|0},4,1,10]">1099</label>
<label id="[3,{0|0|0|0|1|0},5,1,10]">4396</label>
<label id="[3,{0|0|0|0|1|0},6,1,10]">4397</label>
<label id="[3,{0|0|0|1|0|0},0,1,9]">189</label>
<label id="[3,{0|0|0|1|0|0},1,1,9]">189</label>
<label id="[3,{0|0|0|1|0|0},2,1,9]">189</label>
<label id="[3,{0|0|0|1|0|0},3,1,9]">189</label>
<label id="[3,{0|0|0|1|0|0},4,1,9]">198</label>
<label id="[3,{0|0|0|1|0|0},5,1,9]">198</label>
<label id="[3,{0|0|0|1|0|0},6,1,9]">199</label>
<label id="[3,{0|0|0|1|1|0},0,0,10]">63</label>
<label id="[3,{0|0|0|1|1|0},0,0,9]">63</label>
<label id="[3,{0|0|0|1|1|0},1,0,10]">63</label>
<label id="[3,{0|0|0|1|1|0},1,0,9]">63</label>
<label id="[3,{0|0|0|1|1|0},2,0,10]">63</label>
<label id="[3,{0|0|0|1|1|0},2,0,9]">63</label>
<label id="[3,{0|0|0|1|1|0},3,0,10]">63</label>
<label id="[3,{0|0|0|1|1|0},3,0,9]">63</label>
<label id="[3,{0|0|0|1|1|0},4,0,10]">66</label>
<label id="[3,{0|0|0|1|1|0},4,0,9]">66</label>
<label id="[3,{0|0|0|1|1|0},5,0,10]">264</label>
<label id="[3,{0|0|0|1|1|0},5,0,9]">264</label>
<label id="[3,{0|0|0|1|1|0},6,0,10]">264</label>
<label id="[3,{0|0|0|1|1|0},6,0,9]">264</label>
<label id="[4,{0|0|0|0|0|0},6,0,21]">1</label>
<label id="[4,{0|0|0|0|0|0},6,0,22]">1</label>
<label id="[4,{0|0|0|0|0|0},6,1,21]">9</label>
<label id="[4,{0|0|0|0|0|0},6,1,22]">5750</label>
<label id="[4,{0|0|0|0|1|0},6,0,21]">4</label>
<label id="[4,{0|0|0|0|1|0},6,1,10]">23001</label>
<label id="[4,{0|0|0|1|0|0},6,0,22]">66</label>
<label id="[4,{0|0|0|1|0|0},6,1,9]">595</label>
<label id="[4,{0|0|0|1|1|0},6,0,10]">264</label>
<label id="[4,{0|0|0|1|1|0},6,0,9]">264</label>
<label id="[5,{0|0|0|0|1|0},6,0,22]">1</label>
<label id="[5,{0|0|0|0|1|0},6,1,22]">5750</label>
<label id="[5,{0|0|0|1|0|0},6,0,21]">1</label>
<label id="[5,{0|0|0|1|0|0},6,1,21]">9</label>
<label id="[5,{0|0|0|1|1|0},6,0,21]">4</label>
<label id="[5,{0|0|0|1|1|0},6,0,22]">66</label>
<label id="[6,{0|0|0|0|0|0},6,0,21]">1</label>
<label id="[6,{0|0|0|0|0|0},6,0,22]">1</label>
<label id="[6,{0|0|0|0|0|0},6,1,21]">9</label>
<label id="[6,{0|0|0|0|0|0},6,1,22]">5750</label>
<label id="[9,{0|0|0|0|0|0},6,1,10]">6</label>
<label id="[9,{0|0|0|0|0|0},6,1,21]">9</label>
<label id="[9,{0|0|0|0|0|0},6,1,22]">5750</label>
<label id="[9,{0|0|0|0|0|0},6,1,9]">6</label>
</state-labels><state-labels procid="7">
<label id="[0,0]">86556</label>
</state-labels><state-labels procid="8">
<label id="[0,0]">86556</label>
</state-labels><state-labels procid="9">
<label id="[0,0]">8379</label>
<label id="[0,14]">60247</label>
<label id="[0,8]">1803</label>
<label id="[1,14]">15523</label>
<label id="[1,20]">8</label>
<label id="[1,8]">596</label>
</state-labels><state-labels procid="10">
<label id="[0,0]">86556</label>
</state-labels><state-labels procid="11">
<label id="[0,0]">86556</label>
</state-labels><state-labels procid="12">
<label id="[0,0]">86556</label>
</state-labels><state-labels procid="13">
<label id="[0,0]">86556</label>
</state-labels><state-labels procid="14">
<label id="[0,0]">86556</label>
</state-labels><state-labels procid="15">
<label id="[0,0]">10103</label>
<label id="[0,14]">58954</label>
<label id="[0,8]">1803</label>
<label id="[1,14]">15092</label>
<label id="[1,20]">8</label>
<label id="[1,8]">596</label>
</state-labels><state-labels procid="16">
<label id="[0,0]">86556</label>
</state-labels><state-labels procid="17">
<label id="[0,0]">86556</label>
</state-labels><state-labels procid="18">
<label id="[0,0]">86556</label>
</state-labels><state-labels procid="19">
<label id="[0,0]">4916</label>
<label id="[0,12]">24</label>
<label id="[0,18]">13680</label>
<label id="[0,6]">48772</label>
<label id="[1,12]">788</label>
<label id="[1,18]">15523</label>
<label id="[1,6]">2853</label>
</state-labels><state-labels procid="20">
<label id="[0,0]">5096</label>
<label id="[0,13]">24</label>
<label id="[0,19]">13680</label>
<label id="[0,7]">48933</label>
<label id="[1,13]">788</label>
<label id="[1,19]">15092</label>
<label id="[1,7]">2943</label>
</state-labels><state-labels procid="21">
<label id="[0,0]">86556</label>
</state-labels><state-labels procid="22">
<label id="[0,0]">47180</label>
<label id="[0,15]">1682</label>
<label id="[0,21]">566</label>
<label id="[0,9]">14652</label>
<label id="[1,15]">17808</label>
<label id="[1,21]">596</label>
<label id="[1,9]">4072</label>
</state-labels><state-labels procid="23">
<label id="[0,0]">86556</label>
</state-labels><state-labels procid="24">
<label id="[0,0]">86556</label>
</state-labels><state-labels procid="25">
<label id="[0,0]">86556</label>
</state-labels><state-labels procid="26">
<label id="[0,0]">86556</label>
</state-labels><state-labels procid="27">
<label id="[0,0]">34647</label>
<label id="[0,14]">2352</label>
<label id="[0,20]">729</label>
<label id="[0,8]">31232</label>
<label id="[1,14]">8940</label>
<label id="[1,20]">318</label>
<label id="[1,8]">8338</label>
</state-labels><state-labels procid="28">
<label id="[0,0]">86556</label>
</state-labels><state-labels procid="29">
<label id="[0,0]">86556</label>
</state-labels><state-labels procid="30">
<label id="[0,0]">24969</label>
<label id="[0,11]">40535</label>
<label id="[0,17]">220</label>
<label id="[0,23]">7295</label>
<label id="[1,11]">8985</label>
<label id="[1,17]">2898</label>
<label id="[1,23]">1654</label>
</state-labels><state-labels procid="31">
<label id="[0,0]">86556</label>
</state-labels><state-labels procid="32">
<label id="[0,0]">86556</label>
</state-labels><state-labels procid="33">
<label id="[0,0]">86556</label>
</state-labels><state-labels procid="34">
<label id="[0,0]">86556</label>
</state-labels><state-labels procid="35">
<label id="[0,0]">86556</label>
</state-labels><state-labels procid="36">
<label id="[0,0]">16903</label>
<label id="[0,11]">443</label>
<label id="[0,17]">60645</label>
<label id="[1,11]">217</label>
<label id="[1,17]">8346</label>
<label id="[1,23]">2</label>
</state-labels><state-labels procid="37">
<label id="[0,0]">86556</label>
</state-labels><state-labels procid="38">
<label id="[0,0]">86556</label>
</state-labels><state-labels procid="39">
<label id="[0,0]">86556</label>
</state-labels><state-labels procid="40">
<label id="[0,0]">53996</label>
<label id="[0,15]">12256</label>
<label id="[0,21]">83</label>
<label id="[0,9]">5088</label>
<label id="[1,15]">13232</label>
<label id="[1,21]">46</label>
<label id="[1,9]">1855</label>
</state-labels><state-labels procid="41">
<label id="[0,0]">5828</label>
<label id="[0,10]">33640</label>
<label id="[0,16]">6</label>
<label id="[0,22]">35608</label>
<label id="[1,10]">3057</label>
<label id="[1,16]">71</label>
<label id="[1,22]">8346</label>
</state-labels><state-labels procid="42">
<label id="[0,0]">86556</label>
</state-labels></label-info>
</state-space-info>
