<?xml version="1.0"?>
<!DOCTYPE state-space-info SYSTEM "../../state_space_info.dtd">


<state-space-info>
<states>2441</states>
<edges>5692</edges>
<bfs-info>
 <levels>52</levels>
<max-level>127</max-level>

<back-level-edges>0</back-level-edges>
<max-back-level-edge>0</max-back-level-edge>
<avg-back-level-edge>nan</avg-back-level-edge>
<bfs-levels>
<level id="0"><states>1</states><edges>4</edges></level>
<level id="1"><states>4</states><edges>14</edges></level>
<level id="2"><states>8</states><edges>24</edges></level>
<level id="3"><states>10</states><edges>26</edges></level>
<level id="4"><states>10</states><edges>24</edges></level>
<level id="5"><states>10</states><edges>24</edges></level>
<level id="6"><states>11</states><edges>26</edges></level>
<level id="7"><states>12</states><edges>29</edges></level>
<level id="8"><states>14</states><edges>37</edges></level>
<level id="9"><states>18</states><edges>52</edges></level>
<level id="10"><states>24</states><edges>72</edges></level>
<level id="11"><states>31</states><edges>93</edges></level>
<level id="12"><states>37</states><edges>109</edges></level>
<level id="13"><states>42</states><edges>119</edges></level>
<level id="14"><states>45</states><edges>125</edges></level>
<level id="15"><states>49</states><edges>133</edges></level>
<level id="16"><states>54</states><edges>151</edges></level>
<level id="17"><states>65</states><edges>177</edges></level>
<level id="18"><states>76</states><edges>203</edges></level>
<level id="19"><states>86</states><edges>227</edges></level>
<level id="20"><states>95</states><edges>249</edges></level>
<level id="21"><states>103</states><edges>271</edges></level>
<level id="22"><states>112</states><edges>287</edges></level>
<level id="23"><states>119</states><edges>301</edges></level>
<level id="24"><states>126</states><edges>304</edges></level>
<level id="25"><states>127</states><edges>302</edges></level>
<level id="26"><states>126</states><edges>296</edges></level>
<level id="27"><states>122</states><edges>285</edges></level>
<level id="28"><states>116</states><edges>264</edges></level>
<level id="29"><states>107</states><edges>232</edges></level>
<level id="30"><states>95</states><edges>199</edges></level>
<level id="31"><states>85</states><edges>176</edges></level>
<level id="32"><states>78</states><edges>164</edges></level>
<level id="33"><states>73</states><edges>150</edges></level>
<level id="34"><states>66</states><edges>128</edges></level>
<level id="35"><states>55</states><edges>100</edges></level>
<level id="36"><states>44</states><edges>72</edges></level>
<level id="37"><states>33</states><edges>54</edges></level>
<level id="38"><states>26</states><edges>38</edges></level>
<level id="39"><states>21</states><edges>30</edges></level>
<level id="40"><states>18</states><edges>30</edges></level>
<level id="41"><states>21</states><edges>28</edges></level>
<level id="42"><states>19</states><edges>18</edges></level>
<level id="43"><states>11</states><edges>6</edges></level>
<level id="44"><states>6</states><edges>6</edges></level>
<level id="45"><states>6</states><edges>6</edges></level>
<level id="46"><states>6</states><edges>4</edges></level>
<level id="47"><states>4</states><edges>7</edges></level>
<level id="48"><states>5</states><edges>8</edges></level>
<level id="49"><states>5</states><edges>6</edges></level>
<level id="50"><states>3</states><edges>2</edges></level>
<level id="51"><states>1</states><edges>0</edges></level>
</bfs-levels>
<back-level-length id="0">nan</back-level-length>
</bfs-info>
<degrees>
<avg>2.33183</avg>
<max-in>4</max-in>
<max-out>4</max-out>
<degree id="0"><in>1</in><out>12</out></degree>
<degree id="1"><in>214</in><out>236</out></degree>
<degree id="2"><in>1270</in><out>1193</out></degree>
<degree id="3"><in>886</in><out>930</out></degree>
<degree id="4"><in>70</in><out>70</out></degree>
</degrees>
<scc-info>
<count>2441</count>
<height>51</height>
<nontrivial-height>0</nontrivial-height>
<trivial>2441</trivial>
<terminal>12</terminal>
<largest>1</largest>
<largest-position> terminal</largest-position>
</scc-info>
<dfs-info>
<stack-size id="12">0.491602</stack-size>
<stack-size id="24">0.983204</stack-size>
<stack-size id="36">1.47481</stack-size>
<stack-size id="48">1.96641</stack-size>
<stack-size id="60">1.76157</stack-size>
<stack-size id="72">1.63867</stack-size>
<stack-size id="84">1.47481</stack-size>
<stack-size id="96">1.31094</stack-size>
<stack-size id="108">1.229</stack-size>
<stack-size id="120">1.72061</stack-size>
<stack-size id="132">1.72061</stack-size>
<stack-size id="144">1.55674</stack-size>
<stack-size id="156">1.39287</stack-size>
<stack-size id="168">1.229</stack-size>
<stack-size id="180">1.31094</stack-size>
<stack-size id="192">1.80254</stack-size>
<stack-size id="204">1.59771</stack-size>
<stack-size id="216">1.39287</stack-size>
<stack-size id="228">1.39287</stack-size>
<stack-size id="240">1.1061</stack-size>
<stack-size id="252">1.43384</stack-size>
<stack-size id="264">1.43384</stack-size>
<stack-size id="276">1.26997</stack-size>
<stack-size id="288">1.14707</stack-size>
<stack-size id="300">1.26997</stack-size>
<stack-size id="312">1.02417</stack-size>
<stack-size id="324">1.51577</stack-size>
<stack-size id="336">1.229</stack-size>
<stack-size id="348">1.02417</stack-size>
<stack-size id="360">1.14707</stack-size>
<stack-size id="372">0.90127</stack-size>
<stack-size id="384">1.39287</stack-size>
<stack-size id="396">1.1061</stack-size>
<stack-size id="408">0.90127</stack-size>
<stack-size id="420">1.02417</stack-size>
<stack-size id="432">1.26997</stack-size>
<stack-size id="444">1.26997</stack-size>
<stack-size id="456">0.983204</stack-size>
<stack-size id="468">0.77837</stack-size>
<stack-size id="480">0.90127</stack-size>
<stack-size id="492">1.14707</stack-size>
<stack-size id="504">1.14707</stack-size>
<stack-size id="516">0.860303</stack-size>
<stack-size id="528">1.18804</stack-size>
<stack-size id="540">1.14707</stack-size>
<stack-size id="552">1.26997</stack-size>
<stack-size id="564">1.02417</stack-size>
<stack-size id="576">1.06514</stack-size>
<stack-size id="588">1.229</stack-size>
<stack-size id="600">1.02417</stack-size>
<stack-size id="612">1.14707</stack-size>
<stack-size id="624">0.90127</stack-size>
<stack-size id="636">1.39287</stack-size>
<stack-size id="648">1.1061</stack-size>
<stack-size id="660">0.90127</stack-size>
<stack-size id="672">1.02417</stack-size>
<stack-size id="684">0.77837</stack-size>
<stack-size id="696">1.26997</stack-size>
<stack-size id="708">0.983204</stack-size>
<stack-size id="720">0.77837</stack-size>
<stack-size id="732">1.26997</stack-size>
<stack-size id="744">0.983204</stack-size>
<stack-size id="756">0.696436</stack-size>
<stack-size id="768">1.18804</stack-size>
<stack-size id="780">0.90127</stack-size>
<stack-size id="792">0.614502</stack-size>
<stack-size id="804">1.1061</stack-size>
<stack-size id="816">0.819336</stack-size>
<stack-size id="828">0.983204</stack-size>
<stack-size id="840">1.02417</stack-size>
<stack-size id="852">0.737403</stack-size>
<stack-size id="864">0.90127</stack-size>
<stack-size id="876">0.942237</stack-size>
<stack-size id="888">0.655469</stack-size>
<stack-size id="900">1.14707</stack-size>
<stack-size id="912">0.860303</stack-size>
<stack-size id="924">0.573535</stack-size>
<stack-size id="936">1.06514</stack-size>
<stack-size id="948">0.77837</stack-size>
<stack-size id="960">0.942237</stack-size>
<stack-size id="972">0.983204</stack-size>
<stack-size id="984">0.696436</stack-size>
<stack-size id="996">0.860303</stack-size>
<stack-size id="1008">0.90127</stack-size>
<stack-size id="1020">0.614502</stack-size>
<stack-size id="1032">0.77837</stack-size>
<stack-size id="1044">0.819336</stack-size>
<stack-size id="1056">1.31094</stack-size>
<stack-size id="1068">1.80254</stack-size>
<stack-size id="1080">1.229</stack-size>
<stack-size id="1092">1.72061</stack-size>
<stack-size id="1104">1.51577</stack-size>
<stack-size id="1116">1.47481</stack-size>
<stack-size id="1128">1.43384</stack-size>
<stack-size id="1140">1.39287</stack-size>
<stack-size id="1152">1.43384</stack-size>
<stack-size id="1164">1.02417</stack-size>
<stack-size id="1176">1.06514</stack-size>
<stack-size id="1188">1.1061</stack-size>
<stack-size id="1200">1.14707</stack-size>
<stack-size id="1212">1.18804</stack-size>
<stack-size id="1224">1.229</stack-size>
<stack-size id="1236">1.06514</stack-size>
<stack-size id="1248">0.90127</stack-size>
<stack-size id="1260">1.06514</stack-size>
<stack-size id="1272">0.90127</stack-size>
<stack-size id="1284">1.06514</stack-size>
<stack-size id="1296">0.90127</stack-size>
<stack-size id="1308">0.737403</stack-size>
<stack-size id="1320">0.77837</stack-size>
<stack-size id="1332">0.491602</stack-size>
<stack-size id="1344">0.983204</stack-size>
<stack-size id="1356">1.47481</stack-size>
<stack-size id="1368">1.72061</stack-size>
<stack-size id="1380">1.47481</stack-size>
<stack-size id="1392">1.96641</stack-size>
<stack-size id="1404">1.02417</stack-size>
<stack-size id="1416">1.51577</stack-size>
<stack-size id="1428">1.229</stack-size>
<stack-size id="1440">0.983204</stack-size>
<stack-size id="1452">1.02417</stack-size>
<stack-size id="1464">1.06514</stack-size>
<stack-size id="1476">0.90127</stack-size>
<stack-size id="1488">1.06514</stack-size>
<stack-size id="1500">1.55674</stack-size>
<stack-size id="1512">1.14707</stack-size>
<stack-size id="1524">1.18804</stack-size>
<stack-size id="1536">1.229</stack-size>
<stack-size id="1548">1.26997</stack-size>
<stack-size id="1560">1.31094</stack-size>
<stack-size id="1572">1.3519</stack-size>
<stack-size id="1584">1.39287</stack-size>
<stack-size id="1596">1.43384</stack-size>
<stack-size id="1608">1.02417</stack-size>
<stack-size id="1620">1.06514</stack-size>
<stack-size id="1632">1.229</stack-size>
<stack-size id="1644">1.06514</stack-size>
<stack-size id="1656">1.229</stack-size>
<stack-size id="1668">1.06514</stack-size>
<stack-size id="1680">0.90127</stack-size>
<stack-size id="1692">1.06514</stack-size>
<stack-size id="1704">0.90127</stack-size>
<stack-size id="1716">0.737403</stack-size>
<stack-size id="1728">0.450635</stack-size>
<stack-size id="1740">0.942237</stack-size>
<stack-size id="1752">1.43384</stack-size>
<stack-size id="1764">1.47481</stack-size>
<stack-size id="1776">1.3519</stack-size>
<stack-size id="1788">1.229</stack-size>
<stack-size id="1800">1.18804</stack-size>
<stack-size id="1812">1.31094</stack-size>
<stack-size id="1824">1.26997</stack-size>
<stack-size id="1836">1.229</stack-size>
<stack-size id="1848">1.18804</stack-size>
<stack-size id="1860">1.14707</stack-size>
<stack-size id="1872">1.1061</stack-size>
<stack-size id="1884">1.06514</stack-size>
<stack-size id="1896">0.532569</stack-size>
<stack-size id="1908">0.696436</stack-size>
<stack-size id="1920">1.18804</stack-size>
<stack-size id="1932">1.18804</stack-size>
<stack-size id="1944">0.77837</stack-size>
<stack-size id="1956">0.90127</stack-size>
<stack-size id="1968">0.655469</stack-size>
<stack-size id="1980">0.77837</stack-size>
<stack-size id="1992">0.532569</stack-size>
<stack-size id="2004">0.204834</stack-size>
<stack-size id="2016">0.696436</stack-size>
<stack-size id="2028">0.532569</stack-size>
<stack-size id="2040">0.532569</stack-size>
<stack-size id="2052">0.532569</stack-size>
<stack-size id="2064">0.368701</stack-size>
<stack-size id="2076">0.532569</stack-size>
<stack-size id="2088">0.204834</stack-size>
<stack-size id="2100">0.696436</stack-size>
<stack-size id="2112">0.204834</stack-size>
<stack-size id="2124">0.696436</stack-size>
<stack-size id="2136">1.18804</stack-size>
<stack-size id="2148">1.67964</stack-size>
<stack-size id="2160">1.43384</stack-size>
<stack-size id="2172">1.18804</stack-size>
<stack-size id="2184">1.67964</stack-size>
<stack-size id="2196">1.43384</stack-size>
<stack-size id="2208">1.31094</stack-size>
<stack-size id="2220">1.18804</stack-size>
<stack-size id="2232">1.06514</stack-size>
<stack-size id="2244">1.1061</stack-size>
<stack-size id="2256">0.819336</stack-size>
<stack-size id="2268">0.983204</stack-size>
<stack-size id="2280">0.819336</stack-size>
<stack-size id="2292">0.655469</stack-size>
<stack-size id="2304">0.491602</stack-size>
<stack-size id="2316">0.1229</stack-size>
<stack-size id="2328">0.491602</stack-size>
<stack-size id="2340">0.983204</stack-size>
<stack-size id="2352">0.860303</stack-size>
<stack-size id="2364">0.90127</stack-size>
<stack-size id="2376">0.942237</stack-size>
<stack-size id="2388">0.77837</stack-size>
<stack-size id="2400">0.614502</stack-size>
<stack-size id="2412">0.77837</stack-size>
<stack-size id="2424">0.286768</stack-size>
<stack-size id="2436">0.77837</stack-size>
<max-stack>52</max-stack>
<front-edges>2440</front-edges>
<back-edges>0</back-edges>
<cross-edges>3252</cross-edges>
<shortest-cycle>-1</shortest-cycle>
</dfs-info>
<rw-info>
<coverage step="240">6.80049</coverage>
<coverage step="480">10.3236</coverage>
<coverage step="720">12.5768</coverage>
<coverage step="960">15.3216</coverage>
<coverage step="1200">16.3867</coverage>
<coverage step="1440">17.1241</coverage>
<coverage step="1680">19.2954</coverage>
<coverage step="1920">19.8279</coverage>
<coverage step="2160">20.2786</coverage>
<coverage step="2400">21.7124</coverage>
<coverage step="2640">23.433</coverage>
<coverage step="2880">24.0885</coverage>
<coverage step="3120">24.2933</coverage>
<coverage step="3360">25.6452</coverage>
<coverage step="3600">26.5055</coverage>
<coverage step="3840">26.7513</coverage>
<coverage step="4080">26.9562</coverage>
<coverage step="4320">27.6116</coverage>
<coverage step="4560">27.6936</coverage>
<coverage step="4800">28.2261</coverage>
<coverage step="5040">28.6358</coverage>
<coverage step="5280">28.6768</coverage>
<coverage step="5520">28.8406</coverage>
<coverage step="5760">29.1684</coverage>
<coverage step="6000">29.4961</coverage>
<coverage step="6240">29.619</coverage>
<coverage step="6480">29.7009</coverage>
<coverage step="6720">30.5203</coverage>
<coverage step="6960">30.6432</coverage>
<coverage step="7200">31.8722</coverage>
<coverage step="7440">32.6915</coverage>
<coverage step="7680">33.1831</coverage>
<coverage step="7920">33.388</coverage>
<coverage step="8160">33.4699</coverage>
<coverage step="8400">33.8796</coverage>
<coverage step="8640">33.8796</coverage>
<coverage step="8880">33.9615</coverage>
<coverage step="9120">34.0025</coverage>
<coverage step="9360">34.0025</coverage>
<coverage step="9600">34.0844</coverage>
<coverage step="9840">34.576</coverage>
<coverage step="10080">35.4363</coverage>
<coverage step="10320">37.034</coverage>
<coverage step="10560">37.034</coverage>
<coverage step="10800">37.034</coverage>
<coverage step="11040">37.5256</coverage>
<coverage step="11280">37.6075</coverage>
<coverage step="11520">37.6895</coverage>
<coverage step="11760">37.8943</coverage>
<coverage step="12000">38.1811</coverage>
<coverage step="12240">38.304</coverage>
<coverage step="12480">38.304</coverage>
<coverage step="12720">38.3859</coverage>
<coverage step="12960">38.6317</coverage>
<coverage step="13200">38.7136</coverage>
<coverage step="13440">38.7956</coverage>
<coverage step="13680">38.7956</coverage>
<coverage step="13920">39.1643</coverage>
<coverage step="14160">39.1643</coverage>
<coverage step="14400">39.1643</coverage>
<coverage step="14640">39.1643</coverage>
<coverage step="14880">39.2052</coverage>
<coverage step="15120">39.4101</coverage>
<coverage step="15360">39.533</coverage>
<coverage step="15600">39.8607</coverage>
<coverage step="15840">40.721</coverage>
<coverage step="16080">40.721</coverage>
<coverage step="16320">41.4175</coverage>
<coverage step="16560">41.4175</coverage>
<coverage step="16800">41.4175</coverage>
<coverage step="17040">42.4826</coverage>
<coverage step="17280">42.5236</coverage>
<coverage step="17520">42.7284</coverage>
<coverage step="17760">42.7284</coverage>
<coverage step="18000">42.7284</coverage>
<coverage step="18240">42.8103</coverage>
<coverage step="18480">42.8513</coverage>
<coverage step="18720">42.8513</coverage>
<coverage step="18960">43.179</coverage>
<coverage step="19200">43.22</coverage>
<coverage step="19440">43.261</coverage>
<coverage step="19680">43.261</coverage>
<coverage step="19920">43.3839</coverage>
<coverage step="20160">43.3839</coverage>
<coverage step="20400">43.3839</coverage>
<coverage step="20640">43.4248</coverage>
<coverage step="20880">43.5477</coverage>
<coverage step="21120">43.5477</coverage>
<coverage step="21360">43.5477</coverage>
<coverage step="21600">43.5887</coverage>
<coverage step="21840">43.7526</coverage>
<coverage step="22080">43.7526</coverage>
<coverage step="22320">43.7526</coverage>
<coverage step="22560">43.7526</coverage>
<coverage step="22800">43.9574</coverage>
<coverage step="23040">43.9574</coverage>
<coverage step="23280">45.2274</coverage>
<coverage step="23520">45.2683</coverage>
<coverage step="23760">45.2683</coverage>
<coverage step="24000">45.2683</coverage>
<coverage step="24240">45.2683</coverage>
<rw-visits order="1">544</rw-visits>
<rw-visits order="6">250</rw-visits>
<rw-visits order="11">184</rw-visits>
<rw-visits order="16">168</rw-visits>
<rw-visits order="21">152</rw-visits>
<rw-visits order="26">144</rw-visits>
<rw-visits order="31">137</rw-visits>
<rw-visits order="36">128</rw-visits>
<rw-visits order="41">117</rw-visits>
<rw-visits order="46">107</rw-visits>
<rw-visits order="51">98</rw-visits>
<rw-visits order="56">91</rw-visits>
<rw-visits order="61">86</rw-visits>
<rw-visits order="66">83</rw-visits>
<rw-visits order="71">81</rw-visits>
<rw-visits order="76">79</rw-visits>
<rw-visits order="81">78</rw-visits>
<rw-visits order="86">77</rw-visits>
<rw-visits order="91">75</rw-visits>
<rw-visits order="96">73</rw-visits>
<rw-visits order="101">71</rw-visits>
<rw-visits order="106">70</rw-visits>
<rw-visits order="111">69</rw-visits>
<rw-visits order="116">67</rw-visits>
<rw-visits order="121">65</rw-visits>
<rw-visits order="126">64</rw-visits>
<rw-visits order="131">61</rw-visits>
<rw-visits order="136">60</rw-visits>
<rw-visits order="141">55</rw-visits>
<rw-visits order="146">54</rw-visits>
<rw-visits order="151">53</rw-visits>
<rw-visits order="156">50</rw-visits>
<rw-visits order="161">49</rw-visits>
<rw-visits order="166">46</rw-visits>
<rw-visits order="171">45</rw-visits>
<rw-visits order="176">43</rw-visits>
<rw-visits order="181">42</rw-visits>
<rw-visits order="186">40</rw-visits>
<rw-visits order="191">39</rw-visits>
<rw-visits order="196">39</rw-visits>
<rw-visits order="201">38</rw-visits>
<rw-visits order="206">37</rw-visits>
<rw-visits order="211">36</rw-visits>
<rw-visits order="216">35</rw-visits>
<rw-visits order="221">33</rw-visits>
<rw-visits order="226">32</rw-visits>
<rw-visits order="231">31</rw-visits>
<rw-visits order="236">30</rw-visits>
<rw-visits order="241">29</rw-visits>
<rw-visits order="246">28</rw-visits>
<rw-visits order="251">27</rw-visits>
<rw-visits order="256">27</rw-visits>
<rw-visits order="261">25</rw-visits>
<rw-visits order="266">24</rw-visits>
<rw-visits order="271">24</rw-visits>
<rw-visits order="276">23</rw-visits>
<rw-visits order="281">22</rw-visits>
<rw-visits order="286">22</rw-visits>
<rw-visits order="291">22</rw-visits>
<rw-visits order="296">21</rw-visits>
<rw-visits order="301">21</rw-visits>
<rw-visits order="306">21</rw-visits>
<rw-visits order="311">20</rw-visits>
<rw-visits order="316">20</rw-visits>
<rw-visits order="321">20</rw-visits>
<rw-visits order="326">19</rw-visits>
<rw-visits order="331">18</rw-visits>
<rw-visits order="336">18</rw-visits>
<rw-visits order="341">18</rw-visits>
<rw-visits order="346">17</rw-visits>
<rw-visits order="351">17</rw-visits>
<rw-visits order="356">16</rw-visits>
<rw-visits order="361">16</rw-visits>
<rw-visits order="366">15</rw-visits>
<rw-visits order="371">15</rw-visits>
<rw-visits order="376">14</rw-visits>
<rw-visits order="381">14</rw-visits>
<rw-visits order="386">14</rw-visits>
<rw-visits order="391">13</rw-visits>
<rw-visits order="396">13</rw-visits>
<rw-visits order="401">13</rw-visits>
<rw-visits order="406">13</rw-visits>
<rw-visits order="411">12</rw-visits>
<rw-visits order="416">12</rw-visits>
<rw-visits order="421">12</rw-visits>
<rw-visits order="426">12</rw-visits>
<rw-visits order="431">12</rw-visits>
<rw-visits order="436">11</rw-visits>
<rw-visits order="441">11</rw-visits>
<rw-visits order="446">11</rw-visits>
<rw-visits order="451">11</rw-visits>
<rw-visits order="456">10</rw-visits>
<rw-visits order="461">10</rw-visits>
<rw-visits order="466">10</rw-visits>
<rw-visits order="471">10</rw-visits>
<rw-visits order="476">10</rw-visits>
<rw-visits order="481">9</rw-visits>
<rw-visits order="486">9</rw-visits>
<rw-visits order="491">9</rw-visits>
<rw-visits order="496">9</rw-visits>
<rw-visits order="501">9</rw-visits>
<rw-visits order="506">8</rw-visits>
<rw-visits order="511">8</rw-visits>
<rw-visits order="516">8</rw-visits>
<rw-visits order="521">8</rw-visits>
<rw-visits order="526">8</rw-visits>
<rw-visits order="531">8</rw-visits>
<rw-visits order="536">7</rw-visits>
<rw-visits order="541">7</rw-visits>
<rw-visits order="546">7</rw-visits>
<rw-visits order="551">7</rw-visits>
<rw-visits order="556">7</rw-visits>
<rw-visits order="561">7</rw-visits>
<rw-visits order="566">7</rw-visits>
<rw-visits order="571">6</rw-visits>
<rw-visits order="576">6</rw-visits>
<rw-visits order="581">6</rw-visits>
<rw-visits order="586">6</rw-visits>
<rw-visits order="591">6</rw-visits>
<rw-visits order="596">6</rw-visits>
<rw-visits order="601">6</rw-visits>
<rw-visits order="606">6</rw-visits>
<rw-visits order="611">5</rw-visits>
<rw-visits order="616">5</rw-visits>
<rw-visits order="621">5</rw-visits>
<rw-visits order="626">5</rw-visits>
<rw-visits order="631">5</rw-visits>
<rw-visits order="636">5</rw-visits>
<rw-visits order="641">5</rw-visits>
<rw-visits order="646">5</rw-visits>
<rw-visits order="651">5</rw-visits>
<rw-visits order="656">4</rw-visits>
<rw-visits order="661">4</rw-visits>
<rw-visits order="666">4</rw-visits>
<rw-visits order="671">4</rw-visits>
<rw-visits order="676">4</rw-visits>
<rw-visits order="681">4</rw-visits>
<rw-visits order="686">4</rw-visits>
<rw-visits order="691">4</rw-visits>
<rw-visits order="696">4</rw-visits>
<rw-visits order="701">4</rw-visits>
<rw-visits order="706">4</rw-visits>
<rw-visits order="711">4</rw-visits>
<rw-visits order="716">4</rw-visits>
<rw-visits order="721">4</rw-visits>
<rw-visits order="726">3</rw-visits>
<rw-visits order="731">3</rw-visits>
<rw-visits order="736">3</rw-visits>
<rw-visits order="741">3</rw-visits>
<rw-visits order="746">3</rw-visits>
<rw-visits order="751">3</rw-visits>
<rw-visits order="756">3</rw-visits>
<rw-visits order="761">3</rw-visits>
<rw-visits order="766">3</rw-visits>
<rw-visits order="771">3</rw-visits>
<rw-visits order="776">3</rw-visits>
<rw-visits order="781">3</rw-visits>
<rw-visits order="786">3</rw-visits>
<rw-visits order="791">3</rw-visits>
<rw-visits order="796">2</rw-visits>
<rw-visits order="801">2</rw-visits>
<rw-visits order="806">2</rw-visits>
<rw-visits order="811">2</rw-visits>
<rw-visits order="816">2</rw-visits>
<rw-visits order="821">2</rw-visits>
<rw-visits order="826">2</rw-visits>
<rw-visits order="831">2</rw-visits>
<rw-visits order="836">2</rw-visits>
<rw-visits order="841">2</rw-visits>
<rw-visits order="846">2</rw-visits>
<rw-visits order="851">2</rw-visits>
<rw-visits order="856">2</rw-visits>
<rw-visits order="861">2</rw-visits>
<rw-visits order="866">2</rw-visits>
<rw-visits order="871">2</rw-visits>
<rw-visits order="876">2</rw-visits>
<rw-visits order="881">2</rw-visits>
<rw-visits order="886">1</rw-visits>
<rw-visits order="891">1</rw-visits>
<rw-visits order="896">1</rw-visits>
<rw-visits order="901">1</rw-visits>
<rw-visits order="906">1</rw-visits>
<rw-visits order="911">1</rw-visits>
<rw-visits order="916">1</rw-visits>
<rw-visits order="921">1</rw-visits>
<rw-visits order="926">1</rw-visits>
<rw-visits order="931">1</rw-visits>
<rw-visits order="936">1</rw-visits>
<rw-visits order="941">1</rw-visits>
<rw-visits order="946">1</rw-visits>
<rw-visits order="951">1</rw-visits>
<rw-visits order="956">1</rw-visits>
<rw-visits order="961">1</rw-visits>
<rw-visits order="966">1</rw-visits>
<rw-visits order="971">1</rw-visits>
<rw-visits order="976">1</rw-visits>
<rw-visits order="981">1</rw-visits>
<rw-visits order="986">1</rw-visits>
<rw-visits order="991">1</rw-visits>
<rw-visits order="996">1</rw-visits>
<rw-visits order="1001">1</rw-visits>
<rw-visits order="1006">1</rw-visits>
<rw-visits order="1011">1</rw-visits>
<rw-visits order="1016">1</rw-visits>
<rw-visits order="1021">1</rw-visits>
<rw-visits order="1026">1</rw-visits>
<rw-visits order="1031">1</rw-visits>
<rw-visits order="1036">1</rw-visits>
<rw-visits order="1041">1</rw-visits>
<rw-visits order="1046">1</rw-visits>
<rw-visits order="1051">1</rw-visits>
<rw-visits order="1056">1</rw-visits>
<rw-visits order="1061">1</rw-visits>
<rw-visits order="1066">1</rw-visits>
<rw-visits order="1071">1</rw-visits>
<rw-visits order="1076">1</rw-visits>
<rw-visits order="1081">1</rw-visits>
<rw-visits order="1086">1</rw-visits>
<rw-visits order="1091">1</rw-visits>
<rw-visits order="1096">1</rw-visits>
<rw-visits order="1101">1</rw-visits>
<final-coverage>45.2683</final-coverage>
</rw-info>
<local-info>
<diamonds>89.2257</diamonds>
<neighborhood k="4">18</neighborhood>
<clustering k="4">1.52702</clustering>
</local-info>
<label-info>
<edge-label id="0.1">125</edge-label>
<edge-label id="0.12">44</edge-label>
<edge-label id="0.14+8.0">16</edge-label>
<edge-label id="0.32+8.0">125</edge-label>
<edge-label id="0.39">15</edge-label>
<edge-label id="0.45">284</edge-label>
<edge-label id="0.47+8.0">284</edge-label>
<edge-label id="0.50">19</edge-label>
<edge-label id="0.51">17</edge-label>
<edge-label id="0.52">2</edge-label>
<edge-label id="0.54+8.0">3</edge-label>
<edge-label id="0.61">1</edge-label>
<edge-label id="1.10">64</edge-label>
<edge-label id="1.11">64</edge-label>
<edge-label id="1.12">521</edge-label>
<edge-label id="1.13+5.0">40</edge-label>
<edge-label id="1.15+13.0">88</edge-label>
<edge-label id="1.17">88</edge-label>
<edge-label id="1.18+5.0">34</edge-label>
<edge-label id="1.20+13.0">97</edge-label>
<edge-label id="1.27">116</edge-label>
<edge-label id="1.28">101</edge-label>
<edge-label id="1.29">2</edge-label>
<edge-label id="1.30">99</edge-label>
<edge-label id="1.4">72</edge-label>
<edge-label id="1.45">47</edge-label>
<edge-label id="1.46+5.0">6</edge-label>
<edge-label id="1.48+13.0">41</edge-label>
<edge-label id="1.50">17</edge-label>
<edge-label id="1.51">13</edge-label>
<edge-label id="1.52">4</edge-label>
<edge-label id="1.53+5.0">3</edge-label>
<edge-label id="1.55+13.0">3</edge-label>
<edge-label id="1.61">2</edge-label>
<edge-label id="10.1+1.24">20</edge-label>
<edge-label id="10.1+1.43">52</edge-label>
<edge-label id="10.1+1.59">1</edge-label>
<edge-label id="10.1+1.7">32</edge-label>
<edge-label id="13.1+2.23">19</edge-label>
<edge-label id="13.1+2.42">54</edge-label>
<edge-label id="13.1+2.58">1</edge-label>
<edge-label id="13.1+2.6">32</edge-label>
<edge-label id="15.1+2.25">139</edge-label>
<edge-label id="15.1+2.44">8</edge-label>
<edge-label id="15.1+2.60">1</edge-label>
<edge-label id="15.1+2.8">41</edge-label>
<edge-label id="18.1+3.37">15</edge-label>
<edge-label id="18.1+3.43">213</edge-label>
<edge-label id="18.1+3.59">1</edge-label>
<edge-label id="2.10">73</edge-label>
<edge-label id="2.11">73</edge-label>
<edge-label id="2.12">227</edge-label>
<edge-label id="2.14+10.0">40</edge-label>
<edge-label id="2.16+18.0">55</edge-label>
<edge-label id="2.17">88</edge-label>
<edge-label id="2.19+10.0">133</edge-label>
<edge-label id="2.21+18.0">34</edge-label>
<edge-label id="2.27">143</edge-label>
<edge-label id="2.28">128</edge-label>
<edge-label id="2.29">2</edge-label>
<edge-label id="2.30">126</edge-label>
<edge-label id="2.4">99</edge-label>
<edge-label id="2.45">47</edge-label>
<edge-label id="2.47+10.0">43</edge-label>
<edge-label id="2.49+18.0">4</edge-label>
<edge-label id="2.50">17</edge-label>
<edge-label id="2.51">13</edge-label>
<edge-label id="2.52">4</edge-label>
<edge-label id="2.54+10.0">3</edge-label>
<edge-label id="2.56+18.0">3</edge-label>
<edge-label id="2.61">2</edge-label>
<edge-label id="3.12">22</edge-label>
<edge-label id="3.15+15.0">16</edge-label>
<edge-label id="3.2">146</edge-label>
<edge-label id="3.33+15.0">146</edge-label>
<edge-label id="3.39">15</edge-label>
<edge-label id="3.45">195</edge-label>
<edge-label id="3.48+15.0">195</edge-label>
<edge-label id="3.50">19</edge-label>
<edge-label id="3.51">17</edge-label>
<edge-label id="3.52">2</edge-label>
<edge-label id="3.55+15.0">3</edge-label>
<edge-label id="3.61">1</edge-label>
<edge-label id="5.1+0.36">15</edge-label>
<edge-label id="5.1+0.42">302</edge-label>
<edge-label id="5.1+0.58">1</edge-label>
<edge-label id="8.1+1.22">111</edge-label>
<edge-label id="8.1+1.41">10</edge-label>
<edge-label id="8.1+1.5">32</edge-label>
<edge-label id="8.1+1.57">1</edge-label>
<state-labels procid="0">
<label id="[{0|1|0|0|1|0|1|0|0|1|0|1|0|0|1|0},0,1,1]">2</label>
<label id="[{0|1|0|0|1|0|1|0|0|1|0|1|0|0|1|0},0,2,1]">2</label>
<label id="[{0|1|0|0|1|0|1|0|0|1|0|1|0|0|1|0},0,4,0]">2317</label>
<label id="[{0|1|0|0|1|0|1|0|0|1|0|1|0|0|1|0},1,4,0]">120</label>
</state-labels><state-labels procid="1">
<label id="[0,{0|0|0|0},0,0,0]">125</label>
<label id="[10,{0|0|0|0},1,0,5]">19</label>
<label id="[10,{0|0|0|0},1,0,9]">284</label>
<label id="[11,{0|0|0|0},1,0,5]">19</label>
<label id="[12,{0|0|0|0},1,0,9]">284</label>
<label id="[13,{0|0|0|0},1,0,5]">18</label>
<label id="[14,{0|0|0|0},1,0,5]">2</label>
<label id="[15,{0|0|0|0},1,0,5]">1</label>
<label id="[16,{0|0|0|0},1,0,9]">929</label>
<label id="[3,{0|1|0|0},1,1,5]">16</label>
<label id="[3,{0|1|0|0},2,1,5]">22</label>
<label id="[3,{0|1|0|0},3,1,5]">22</label>
<label id="[3,{0|1|0|0},4,1,5]">22</label>
<label id="[7,{0|0|0|0},1,0,0]">125</label>
<label id="[8,{0|0|0|0},1,0,5]">15</label>
<label id="[9,{0|0|0|0},1,0,0]">532</label>
<label id="[9,{0|0|0|0},1,0,5]">6</label>
</state-labels><state-labels procid="2">
<label id="[0,{0|0|0|0},0,0,0]">72</label>
<label id="[1,{0|0|0|0},0,2,0]">72</label>
<label id="[1,{0|0|1|0},0,1,6]">24</label>
<label id="[1,{1|0|0|0},0,1,4]">24</label>
<label id="[1,{1|0|1|0},0,0,4]">8</label>
<label id="[1,{1|0|1|0},0,0,6]">8</label>
<label id="[10,{0|0|0|0},4,1,10]">41</label>
<label id="[10,{0|0|0|0},4,1,4]">5</label>
<label id="[10,{0|0|0|0},4,1,6]">12</label>
<label id="[10,{0|0|0|0},4,1,8]">6</label>
<label id="[11,{0|0|0|0},4,1,4]">5</label>
<label id="[11,{0|0|0|0},4,1,6]">12</label>
<label id="[12,{0|0|0|0},4,1,10]">41</label>
<label id="[12,{0|0|0|0},4,1,8]">6</label>
<label id="[13,{0|0|0|0},4,1,4]">4</label>
<label id="[13,{0|0|0|0},4,1,6]">11</label>
<label id="[14,{0|0|0|0},4,1,4]">2</label>
<label id="[14,{0|0|0|0},4,1,6]">2</label>
<label id="[15,{0|0|0|0},4,1,4]">1</label>
<label id="[15,{0|0|0|0},4,1,6]">1</label>
<label id="[16,{0|0|0|0},4,0,12]">1</label>
<label id="[16,{0|0|0|0},4,0,14]">1</label>
<label id="[16,{0|0|0|0},4,1,10]">135</label>
<label id="[16,{0|0|0|0},4,1,8]">6</label>
<label id="[2,{0|0|0|0},0,2,4]">24</label>
<label id="[2,{0|0|0|0},0,2,6]">24</label>
<label id="[2,{0|0|1|0},0,1,4]">8</label>
<label id="[2,{1|0|0|0},0,1,6]">8</label>
<label id="[3,{0|0|1|0},0,1,6]">24</label>
<label id="[3,{0|0|1|0},1,1,6]">24</label>
<label id="[3,{0|0|1|0},2,1,6]">24</label>
<label id="[3,{0|0|1|0},3,1,6]">33</label>
<label id="[3,{0|0|1|0},4,1,6]">34</label>
<label id="[3,{1|0|0|0},0,1,4]">24</label>
<label id="[3,{1|0|0|0},1,1,4]">96</label>
<label id="[3,{1|0|0|0},2,1,4]">96</label>
<label id="[3,{1|0|0|0},3,1,4]">96</label>
<label id="[3,{1|0|0|0},4,1,4]">97</label>
<label id="[3,{1|0|1|0},0,0,4]">8</label>
<label id="[3,{1|0|1|0},0,0,6]">8</label>
<label id="[3,{1|0|1|0},1,0,4]">32</label>
<label id="[3,{1|0|1|0},1,0,6]">32</label>
<label id="[3,{1|0|1|0},2,0,4]">32</label>
<label id="[3,{1|0|1|0},2,0,6]">32</label>
<label id="[3,{1|0|1|0},3,0,4]">44</label>
<label id="[3,{1|0|1|0},3,0,6]">44</label>
<label id="[3,{1|0|1|0},4,0,4]">44</label>
<label id="[3,{1|0|1|0},4,0,6]">44</label>
<label id="[4,{0|0|0|0},4,0,12]">1</label>
<label id="[4,{0|0|0|0},4,0,14]">1</label>
<label id="[4,{0|0|0|0},4,1,12]">88</label>
<label id="[4,{0|0|0|0},4,1,14]">11</label>
<label id="[4,{0|0|1|0},4,0,12]">11</label>
<label id="[4,{0|0|1|0},4,1,6]">122</label>
<label id="[4,{1|0|0|0},4,0,14]">4</label>
<label id="[4,{1|0|0|0},4,1,4]">353</label>
<label id="[4,{1|0|1|0},4,0,4]">44</label>
<label id="[4,{1|0|1|0},4,0,6]">44</label>
<label id="[5,{0|0|1|0},4,0,14]">1</label>
<label id="[5,{0|0|1|0},4,1,14]">11</label>
<label id="[5,{1|0|0|0},4,0,12]">1</label>
<label id="[5,{1|0|0|0},4,1,12]">88</label>
<label id="[5,{1|0|1|0},4,0,12]">11</label>
<label id="[5,{1|0|1|0},4,0,14]">4</label>
<label id="[6,{0|0|0|0},4,0,12]">1</label>
<label id="[6,{0|0|0|0},4,0,14]">1</label>
<label id="[6,{0|0|0|0},4,1,12]">88</label>
<label id="[6,{0|0|0|0},4,1,14]">11</label>
<label id="[9,{0|0|0|0},4,1,12]">88</label>
<label id="[9,{0|0|0|0},4,1,14]">11</label>
<label id="[9,{0|0|0|0},4,1,4]">8</label>
<label id="[9,{0|0|0|0},4,1,6]">6</label>
</state-labels><state-labels procid="3">
<label id="[0,{0|0|0|0},0,0,0]">99</label>
<label id="[1,{0|0|0|0},0,2,0]">99</label>
<label id="[1,{0|0|0|1},0,1,7]">33</label>
<label id="[1,{0|1|0|0},0,1,5]">24</label>
<label id="[1,{0|1|0|1},0,0,5]">8</label>
<label id="[1,{0|1|0|1},0,0,7]">8</label>
<label id="[10,{0|0|0|0},4,1,11]">4</label>
<label id="[10,{0|0|0|0},4,1,5]">12</label>
<label id="[10,{0|0|0|0},4,1,7]">5</label>
<label id="[10,{0|0|0|0},4,1,9]">43</label>
<label id="[11,{0|0|0|0},4,1,5]">12</label>
<label id="[11,{0|0|0|0},4,1,7]">5</label>
<label id="[12,{0|0|0|0},4,1,11]">4</label>
<label id="[12,{0|0|0|0},4,1,9]">43</label>
<label id="[13,{0|0|0|0},4,1,5]">11</label>
<label id="[13,{0|0|0|0},4,1,7]">4</label>
<label id="[14,{0|0|0|0},4,1,5]">2</label>
<label id="[14,{0|0|0|0},4,1,7]">2</label>
<label id="[15,{0|0|0|0},4,1,5]">1</label>
<label id="[15,{0|0|0|0},4,1,7]">1</label>
<label id="[16,{0|0|0|0},4,0,13]">1</label>
<label id="[16,{0|0|0|0},4,0,15]">1</label>
<label id="[16,{0|0|0|0},4,1,11]">4</label>
<label id="[16,{0|0|0|0},4,1,9]">148</label>
<label id="[2,{0|0|0|0},0,2,5]">24</label>
<label id="[2,{0|0|0|0},0,2,7]">33</label>
<label id="[2,{0|0|0|1},0,1,5]">8</label>
<label id="[2,{0|1|0|0},0,1,7]">8</label>
<label id="[3,{0|0|0|1},0,1,7]">33</label>
<label id="[3,{0|0|0|1},1,1,7]">33</label>
<label id="[3,{0|0|0|1},2,1,7]">33</label>
<label id="[3,{0|0|0|1},3,1,7]">33</label>
<label id="[3,{0|0|0|1},4,1,7]">133</label>
<label id="[3,{0|1|0|0},0,1,5]">24</label>
<label id="[3,{0|1|0|0},1,1,5]">24</label>
<label id="[3,{0|1|0|0},2,1,5]">33</label>
<label id="[3,{0|1|0|0},3,1,5]">33</label>
<label id="[3,{0|1|0|0},4,1,5]">34</label>
<label id="[3,{0|1|0|1},0,0,5]">8</label>
<label id="[3,{0|1|0|1},0,0,7]">8</label>
<label id="[3,{0|1|0|1},1,0,5]">8</label>
<label id="[3,{0|1|0|1},1,0,7]">8</label>
<label id="[3,{0|1|0|1},2,0,5]">11</label>
<label id="[3,{0|1|0|1},2,0,7]">11</label>
<label id="[3,{0|1|0|1},3,0,5]">11</label>
<label id="[3,{0|1|0|1},3,0,7]">11</label>
<label id="[3,{0|1|0|1},4,0,5]">44</label>
<label id="[3,{0|1|0|1},4,0,7]">44</label>
<label id="[4,{0|0|0|0},4,0,13]">1</label>
<label id="[4,{0|0|0|0},4,0,15]">1</label>
<label id="[4,{0|0|0|0},4,1,13]">10</label>
<label id="[4,{0|0|0|0},4,1,15]">116</label>
<label id="[4,{0|0|0|1},4,0,13]">4</label>
<label id="[4,{0|0|0|1},4,1,7]">465</label>
<label id="[4,{0|1|0|0},4,0,15]">11</label>
<label id="[4,{0|1|0|0},4,1,5]">111</label>
<label id="[4,{0|1|0|1},4,0,5]">44</label>
<label id="[4,{0|1|0|1},4,0,7]">44</label>
<label id="[5,{0|0|0|1},4,0,15]">1</label>
<label id="[5,{0|0|0|1},4,1,15]">116</label>
<label id="[5,{0|1|0|0},4,0,13]">1</label>
<label id="[5,{0|1|0|0},4,1,13]">10</label>
<label id="[5,{0|1|0|1},4,0,13]">4</label>
<label id="[5,{0|1|0|1},4,0,15]">11</label>
<label id="[6,{0|0|0|0},4,0,13]">1</label>
<label id="[6,{0|0|0|0},4,0,15]">1</label>
<label id="[6,{0|0|0|0},4,1,13]">10</label>
<label id="[6,{0|0|0|0},4,1,15]">116</label>
<label id="[9,{0|0|0|0},4,1,13]">10</label>
<label id="[9,{0|0|0|0},4,1,15]">116</label>
<label id="[9,{0|0|0|0},4,1,5]">6</label>
<label id="[9,{0|0|0|0},4,1,7]">7</label>
</state-labels><state-labels procid="4">
<label id="[0,{0|0|0|0},0,0,0]">146</label>
<label id="[10,{0|0|0|0},2,0,10]">195</label>
<label id="[10,{0|0|0|0},2,0,6]">19</label>
<label id="[11,{0|0|0|0},2,0,6]">19</label>
<label id="[12,{0|0|0|0},2,0,10]">195</label>
<label id="[13,{0|0|0|0},2,0,6]">18</label>
<label id="[14,{0|0|0|0},2,0,6]">2</label>
<label id="[15,{0|0|0|0},2,0,6]">1</label>
<label id="[16,{0|0|0|0},2,0,10]">969</label>
<label id="[3,{0|0|1|0},2,1,6]">16</label>
<label id="[3,{0|0|1|0},3,1,6]">22</label>
<label id="[3,{0|0|1|0},4,1,6]">22</label>
<label id="[7,{0|0|0|0},2,0,0]">146</label>
<label id="[8,{0|0|0|0},2,0,6]">15</label>
<label id="[9,{0|0|0|0},2,0,0]">650</label>
<label id="[9,{0|0|0|0},2,0,6]">6</label>
</state-labels><state-labels procid="5">
<label id="[0,0]">2441</label>
</state-labels><state-labels procid="6">
<label id="[0,0]">450</label>
<label id="[0,5]">153</label>
<label id="[0,9]">1496</label>
<label id="[1,13]">6</label>
<label id="[1,5]">52</label>
<label id="[1,9]">284</label>
</state-labels><state-labels procid="7">
<label id="[0,0]">2441</label>
</state-labels><state-labels procid="8">
<label id="[0,0]">2441</label>
</state-labels><state-labels procid="9">
<label id="[0,0]">280</label>
<label id="[0,12]">645</label>
<label id="[0,4]">993</label>
<label id="[0,8]">18</label>
<label id="[1,12]">284</label>
<label id="[1,4]">173</label>
<label id="[1,8]">48</label>
</state-labels><state-labels procid="10">
<label id="[0,0]">2441</label>
</state-labels><state-labels procid="11">
<label id="[0,0]">688</label>
<label id="[0,10]">216</label>
<label id="[0,14]">105</label>
<label id="[0,6]">769</label>
<label id="[1,10]">328</label>
<label id="[1,14]">43</label>
<label id="[1,6]">292</label>
</state-labels><state-labels procid="12">
<label id="[0,0]">2441</label>
</state-labels><state-labels procid="13">
<label id="[0,0]">2441</label>
</state-labels><state-labels procid="14">
<label id="[0,0]">896</label>
<label id="[0,13]">94</label>
<label id="[0,5]">613</label>
<label id="[0,9]">233</label>
<label id="[1,13]">41</label>
<label id="[1,5]">220</label>
<label id="[1,9]">344</label>
</state-labels><state-labels procid="15">
<label id="[0,0]">2441</label>
</state-labels><state-labels procid="16">
<label id="[0,0]">322</label>
<label id="[0,11]">12</label>
<label id="[0,15]">774</label>
<label id="[0,7]">912</label>
<label id="[1,11]">32</label>
<label id="[1,15]">195</label>
<label id="[1,7]">194</label>
</state-labels><state-labels procid="17">
<label id="[0,0]">2441</label>
</state-labels><state-labels procid="18">
<label id="[0,0]">2441</label>
</state-labels><state-labels procid="19">
<label id="[0,0]">699</label>
<label id="[0,10]">1358</label>
<label id="[0,6]">133</label>
<label id="[1,10]">195</label>
<label id="[1,14]">4</label>
<label id="[1,6]">52</label>
</state-labels><state-labels procid="20">
<label id="[0,0]">2441</label>
</state-labels></label-info>
</state-space-info>
