<?xml version="1.0"?>
<!DOCTYPE state-space-info SYSTEM "../../state_space_info.dtd">


<state-space-info>
<states>272</states>
<edges>864</edges>
<bfs-info>
 <levels>13</levels>
<max-level>40</max-level>

<back-level-edges>0</back-level-edges>
<max-back-level-edge>0</max-back-level-edge>
<avg-back-level-edge>nan</avg-back-level-edge>
<bfs-levels>
<level id="0"><states>1</states><edges>6</edges></level>
<level id="1"><states>6</states><edges>32</edges></level>
<level id="2"><states>17</states><edges>80</edges></level>
<level id="3"><states>30</states><edges>124</edges></level>
<level id="4"><states>38</states><edges>140</edges></level>
<level id="5"><states>40</states><edges>136</edges></level>
<level id="6"><states>39</states><edges>122</edges></level>
<level id="7"><states>34</states><edges>92</edges></level>
<level id="8"><states>25</states><edges>58</edges></level>
<level id="9"><states>18</states><edges>40</edges></level>
<level id="10"><states>14</states><edges>26</edges></level>
<level id="11"><states>8</states><edges>8</edges></level>
<level id="12"><states>2</states><edges>0</edges></level>
</bfs-levels>
<back-level-length id="0">nan</back-level-length>
</bfs-info>
<degrees>
<avg>3.17647</avg>
<max-in>6</max-in>
<max-out>6</max-out>
<degree id="0"><in>1</in><out>2</out></degree>
<degree id="1"><in>16</in><out>17</out></degree>
<degree id="2"><in>58</in><out>56</out></degree>
<degree id="3"><in>92</in><out>90</out></degree>
<degree id="4"><in>73</in><out>74</out></degree>
<degree id="5"><in>28</in><out>29</out></degree>
<degree id="6"><in>4</in><out>4</out></degree>
</degrees>
<scc-info>
<count>272</count>
<height>12</height>
<nontrivial-height>0</nontrivial-height>
<trivial>272</trivial>
<terminal>2</terminal>
<largest>1</largest>
<largest-position> terminal</largest-position>
</scc-info>
<dfs-info>
<stack-size id="1">0.367647</stack-size>
<stack-size id="2">0.735294</stack-size>
<stack-size id="3">1.10294</stack-size>
<stack-size id="4">1.47059</stack-size>
<stack-size id="5">1.83824</stack-size>
<stack-size id="6">2.20588</stack-size>
<stack-size id="7">2.57353</stack-size>
<stack-size id="8">2.94118</stack-size>
<stack-size id="9">3.30882</stack-size>
<stack-size id="10">3.67647</stack-size>
<stack-size id="11">4.04412</stack-size>
<stack-size id="12">4.41176</stack-size>
<stack-size id="13">4.77941</stack-size>
<stack-size id="14">3.67647</stack-size>
<stack-size id="15">4.04412</stack-size>
<stack-size id="16">4.41176</stack-size>
<stack-size id="17">4.77941</stack-size>
<stack-size id="18">3.30882</stack-size>
<stack-size id="19">3.67647</stack-size>
<stack-size id="20">4.04412</stack-size>
<stack-size id="21">4.41176</stack-size>
<stack-size id="22">3.30882</stack-size>
<stack-size id="23">3.67647</stack-size>
<stack-size id="24">4.04412</stack-size>
<stack-size id="25">4.41176</stack-size>
<stack-size id="26">2.94118</stack-size>
<stack-size id="27">3.30882</stack-size>
<stack-size id="28">3.67647</stack-size>
<stack-size id="29">4.04412</stack-size>
<stack-size id="30">4.41176</stack-size>
<stack-size id="31">3.30882</stack-size>
<stack-size id="32">3.67647</stack-size>
<stack-size id="33">4.04412</stack-size>
<stack-size id="34">4.41176</stack-size>
<stack-size id="35">2.94118</stack-size>
<stack-size id="36">3.30882</stack-size>
<stack-size id="37">3.67647</stack-size>
<stack-size id="38">4.04412</stack-size>
<stack-size id="39">2.94118</stack-size>
<stack-size id="40">3.30882</stack-size>
<stack-size id="41">3.67647</stack-size>
<stack-size id="42">4.04412</stack-size>
<stack-size id="43">2.57353</stack-size>
<stack-size id="44">2.94118</stack-size>
<stack-size id="45">3.30882</stack-size>
<stack-size id="46">3.67647</stack-size>
<stack-size id="47">4.04412</stack-size>
<stack-size id="48">4.41176</stack-size>
<stack-size id="49">3.30882</stack-size>
<stack-size id="50">3.67647</stack-size>
<stack-size id="51">4.04412</stack-size>
<stack-size id="52">4.41176</stack-size>
<stack-size id="53">2.94118</stack-size>
<stack-size id="54">3.30882</stack-size>
<stack-size id="55">3.67647</stack-size>
<stack-size id="56">4.04412</stack-size>
<stack-size id="57">2.94118</stack-size>
<stack-size id="58">3.30882</stack-size>
<stack-size id="59">3.67647</stack-size>
<stack-size id="60">4.04412</stack-size>
<stack-size id="61">2.57353</stack-size>
<stack-size id="62">2.94118</stack-size>
<stack-size id="63">3.30882</stack-size>
<stack-size id="64">3.67647</stack-size>
<stack-size id="65">4.04412</stack-size>
<stack-size id="66">2.94118</stack-size>
<stack-size id="67">3.30882</stack-size>
<stack-size id="68">3.67647</stack-size>
<stack-size id="69">4.04412</stack-size>
<stack-size id="70">2.57353</stack-size>
<stack-size id="71">2.94118</stack-size>
<stack-size id="72">3.30882</stack-size>
<stack-size id="73">3.67647</stack-size>
<stack-size id="74">2.57353</stack-size>
<stack-size id="75">2.94118</stack-size>
<stack-size id="76">3.30882</stack-size>
<stack-size id="77">3.67647</stack-size>
<stack-size id="78">2.20588</stack-size>
<stack-size id="79">2.57353</stack-size>
<stack-size id="80">2.94118</stack-size>
<stack-size id="81">2.57353</stack-size>
<stack-size id="82">2.20588</stack-size>
<stack-size id="83">2.57353</stack-size>
<stack-size id="84">2.20588</stack-size>
<stack-size id="85">1.83824</stack-size>
<stack-size id="86">2.20588</stack-size>
<stack-size id="87">2.57353</stack-size>
<stack-size id="88">2.94118</stack-size>
<stack-size id="89">3.30882</stack-size>
<stack-size id="90">3.67647</stack-size>
<stack-size id="91">2.94118</stack-size>
<stack-size id="92">3.30882</stack-size>
<stack-size id="93">2.57353</stack-size>
<stack-size id="94">2.94118</stack-size>
<stack-size id="95">3.30882</stack-size>
<stack-size id="96">2.57353</stack-size>
<stack-size id="97">2.94118</stack-size>
<stack-size id="98">2.20588</stack-size>
<stack-size id="99">2.57353</stack-size>
<stack-size id="100">2.94118</stack-size>
<stack-size id="101">3.30882</stack-size>
<stack-size id="102">2.57353</stack-size>
<stack-size id="103">2.94118</stack-size>
<stack-size id="104">2.20588</stack-size>
<stack-size id="105">2.57353</stack-size>
<stack-size id="106">2.94118</stack-size>
<stack-size id="107">2.20588</stack-size>
<stack-size id="108">2.57353</stack-size>
<stack-size id="109">1.83824</stack-size>
<stack-size id="110">2.20588</stack-size>
<stack-size id="111">2.57353</stack-size>
<stack-size id="112">2.20588</stack-size>
<stack-size id="113">1.83824</stack-size>
<stack-size id="114">2.20588</stack-size>
<stack-size id="115">1.83824</stack-size>
<stack-size id="116">1.47059</stack-size>
<stack-size id="117">1.83824</stack-size>
<stack-size id="118">2.20588</stack-size>
<stack-size id="119">2.57353</stack-size>
<stack-size id="120">2.94118</stack-size>
<stack-size id="121">3.30882</stack-size>
<stack-size id="122">2.57353</stack-size>
<stack-size id="123">2.94118</stack-size>
<stack-size id="124">2.20588</stack-size>
<stack-size id="125">2.57353</stack-size>
<stack-size id="126">2.94118</stack-size>
<stack-size id="127">2.20588</stack-size>
<stack-size id="128">2.57353</stack-size>
<stack-size id="129">1.83824</stack-size>
<stack-size id="130">2.20588</stack-size>
<stack-size id="131">2.57353</stack-size>
<stack-size id="132">2.94118</stack-size>
<stack-size id="133">2.20588</stack-size>
<stack-size id="134">2.57353</stack-size>
<stack-size id="135">1.83824</stack-size>
<stack-size id="136">2.20588</stack-size>
<stack-size id="137">2.57353</stack-size>
<stack-size id="138">1.83824</stack-size>
<stack-size id="139">2.20588</stack-size>
<stack-size id="140">1.47059</stack-size>
<stack-size id="141">1.83824</stack-size>
<stack-size id="142">2.20588</stack-size>
<stack-size id="143">1.83824</stack-size>
<stack-size id="144">1.47059</stack-size>
<stack-size id="145">1.83824</stack-size>
<stack-size id="146">1.47059</stack-size>
<stack-size id="147">1.10294</stack-size>
<stack-size id="148">1.47059</stack-size>
<stack-size id="149">1.83824</stack-size>
<stack-size id="150">2.20588</stack-size>
<stack-size id="151">2.57353</stack-size>
<stack-size id="152">2.94118</stack-size>
<stack-size id="153">3.30882</stack-size>
<stack-size id="154">3.67647</stack-size>
<stack-size id="155">2.94118</stack-size>
<stack-size id="156">3.30882</stack-size>
<stack-size id="157">2.57353</stack-size>
<stack-size id="158">2.94118</stack-size>
<stack-size id="159">3.30882</stack-size>
<stack-size id="160">2.57353</stack-size>
<stack-size id="161">2.94118</stack-size>
<stack-size id="162">2.20588</stack-size>
<stack-size id="163">2.57353</stack-size>
<stack-size id="164">2.94118</stack-size>
<stack-size id="165">3.30882</stack-size>
<stack-size id="166">2.57353</stack-size>
<stack-size id="167">2.94118</stack-size>
<stack-size id="168">2.20588</stack-size>
<stack-size id="169">2.57353</stack-size>
<stack-size id="170">2.94118</stack-size>
<stack-size id="171">2.20588</stack-size>
<stack-size id="172">2.57353</stack-size>
<stack-size id="173">1.83824</stack-size>
<stack-size id="174">2.20588</stack-size>
<stack-size id="175">2.57353</stack-size>
<stack-size id="176">2.20588</stack-size>
<stack-size id="177">1.83824</stack-size>
<stack-size id="178">2.20588</stack-size>
<stack-size id="179">1.83824</stack-size>
<stack-size id="180">1.47059</stack-size>
<stack-size id="181">1.83824</stack-size>
<stack-size id="182">2.20588</stack-size>
<stack-size id="183">2.57353</stack-size>
<stack-size id="184">2.20588</stack-size>
<stack-size id="185">1.83824</stack-size>
<stack-size id="186">2.20588</stack-size>
<stack-size id="187">1.83824</stack-size>
<stack-size id="188">1.47059</stack-size>
<stack-size id="189">1.83824</stack-size>
<stack-size id="190">2.20588</stack-size>
<stack-size id="191">1.83824</stack-size>
<stack-size id="192">1.47059</stack-size>
<stack-size id="193">1.83824</stack-size>
<stack-size id="194">1.47059</stack-size>
<stack-size id="195">1.10294</stack-size>
<stack-size id="196">1.47059</stack-size>
<stack-size id="197">1.83824</stack-size>
<stack-size id="198">2.20588</stack-size>
<stack-size id="199">1.83824</stack-size>
<stack-size id="200">1.47059</stack-size>
<stack-size id="201">1.83824</stack-size>
<stack-size id="202">1.47059</stack-size>
<stack-size id="203">1.10294</stack-size>
<stack-size id="204">1.47059</stack-size>
<stack-size id="205">1.83824</stack-size>
<stack-size id="206">1.47059</stack-size>
<stack-size id="207">1.10294</stack-size>
<stack-size id="208">1.47059</stack-size>
<stack-size id="209">1.10294</stack-size>
<stack-size id="210">0.735294</stack-size>
<stack-size id="211">1.10294</stack-size>
<stack-size id="212">1.47059</stack-size>
<stack-size id="213">1.83824</stack-size>
<stack-size id="214">2.20588</stack-size>
<stack-size id="215">2.57353</stack-size>
<stack-size id="216">2.94118</stack-size>
<stack-size id="217">3.30882</stack-size>
<stack-size id="218">2.57353</stack-size>
<stack-size id="219">2.94118</stack-size>
<stack-size id="220">2.20588</stack-size>
<stack-size id="221">2.57353</stack-size>
<stack-size id="222">2.94118</stack-size>
<stack-size id="223">2.20588</stack-size>
<stack-size id="224">2.57353</stack-size>
<stack-size id="225">1.83824</stack-size>
<stack-size id="226">2.20588</stack-size>
<stack-size id="227">2.57353</stack-size>
<stack-size id="228">2.94118</stack-size>
<stack-size id="229">2.20588</stack-size>
<stack-size id="230">2.57353</stack-size>
<stack-size id="231">1.83824</stack-size>
<stack-size id="232">2.20588</stack-size>
<stack-size id="233">2.57353</stack-size>
<stack-size id="234">1.83824</stack-size>
<stack-size id="235">2.20588</stack-size>
<stack-size id="236">1.47059</stack-size>
<stack-size id="237">1.83824</stack-size>
<stack-size id="238">2.20588</stack-size>
<stack-size id="239">1.83824</stack-size>
<stack-size id="240">1.47059</stack-size>
<stack-size id="241">1.83824</stack-size>
<stack-size id="242">1.47059</stack-size>
<stack-size id="243">1.10294</stack-size>
<stack-size id="244">1.47059</stack-size>
<stack-size id="245">1.83824</stack-size>
<stack-size id="246">2.20588</stack-size>
<stack-size id="247">1.83824</stack-size>
<stack-size id="248">1.47059</stack-size>
<stack-size id="249">1.83824</stack-size>
<stack-size id="250">1.47059</stack-size>
<stack-size id="251">1.10294</stack-size>
<stack-size id="252">1.47059</stack-size>
<stack-size id="253">1.83824</stack-size>
<stack-size id="254">1.47059</stack-size>
<stack-size id="255">1.10294</stack-size>
<stack-size id="256">1.47059</stack-size>
<stack-size id="257">1.10294</stack-size>
<stack-size id="258">0.735294</stack-size>
<stack-size id="259">1.10294</stack-size>
<stack-size id="260">1.47059</stack-size>
<stack-size id="261">1.83824</stack-size>
<stack-size id="262">1.47059</stack-size>
<stack-size id="263">1.10294</stack-size>
<stack-size id="264">1.47059</stack-size>
<stack-size id="265">1.10294</stack-size>
<stack-size id="266">0.735294</stack-size>
<stack-size id="267">1.10294</stack-size>
<stack-size id="268">1.47059</stack-size>
<stack-size id="269">1.10294</stack-size>
<stack-size id="270">0.735294</stack-size>
<stack-size id="271">1.10294</stack-size>
<stack-size id="272">0.735294</stack-size>
<max-stack>13</max-stack>
<front-edges>271</front-edges>
<back-edges>0</back-edges>
<cross-edges>593</cross-edges>
<shortest-cycle>-1</shortest-cycle>
</dfs-info>
<rw-info>
<coverage step="20">6.61765</coverage>
<coverage step="40">10.2941</coverage>
<coverage step="60">15.4412</coverage>
<coverage step="80">17.6471</coverage>
<coverage step="100">19.1176</coverage>
<coverage step="120">22.4265</coverage>
<coverage step="140">24.6324</coverage>
<coverage step="160">24.6324</coverage>
<coverage step="180">27.5735</coverage>
<coverage step="200">28.6765</coverage>
<coverage step="220">29.4118</coverage>
<coverage step="240">30.1471</coverage>
<coverage step="260">31.9853</coverage>
<coverage step="280">33.0882</coverage>
<coverage step="300">35.6618</coverage>
<coverage step="320">36.3971</coverage>
<coverage step="340">37.5</coverage>
<coverage step="360">40.0735</coverage>
<coverage step="380">40.4412</coverage>
<coverage step="400">40.8088</coverage>
<coverage step="420">43.75</coverage>
<coverage step="440">44.8529</coverage>
<coverage step="460">46.3235</coverage>
<coverage step="480">46.6912</coverage>
<coverage step="500">47.0588</coverage>
<coverage step="520">48.1618</coverage>
<coverage step="540">48.8971</coverage>
<coverage step="560">49.6324</coverage>
<coverage step="580">50</coverage>
<coverage step="600">51.1029</coverage>
<coverage step="620">51.1029</coverage>
<coverage step="640">51.4706</coverage>
<coverage step="660">52.5735</coverage>
<coverage step="680">52.5735</coverage>
<coverage step="700">52.9412</coverage>
<coverage step="720">53.3088</coverage>
<coverage step="740">54.4118</coverage>
<coverage step="760">56.25</coverage>
<coverage step="780">58.0882</coverage>
<coverage step="800">59.1912</coverage>
<coverage step="820">59.5588</coverage>
<coverage step="840">61.3971</coverage>
<coverage step="860">62.1324</coverage>
<coverage step="880">62.5</coverage>
<coverage step="900">62.5</coverage>
<coverage step="920">62.8676</coverage>
<coverage step="940">63.6029</coverage>
<coverage step="960">64.3382</coverage>
<coverage step="980">64.3382</coverage>
<coverage step="1000">65.4412</coverage>
<coverage step="1020">65.4412</coverage>
<coverage step="1040">66.1765</coverage>
<coverage step="1060">66.1765</coverage>
<coverage step="1080">67.6471</coverage>
<coverage step="1100">67.6471</coverage>
<coverage step="1120">67.6471</coverage>
<coverage step="1140">67.6471</coverage>
<coverage step="1160">67.6471</coverage>
<coverage step="1180">68.0147</coverage>
<coverage step="1200">68.0147</coverage>
<coverage step="1220">69.1176</coverage>
<coverage step="1240">69.4853</coverage>
<coverage step="1260">69.4853</coverage>
<coverage step="1280">69.8529</coverage>
<coverage step="1300">70.5882</coverage>
<coverage step="1320">70.9559</coverage>
<coverage step="1340">70.9559</coverage>
<coverage step="1360">70.9559</coverage>
<coverage step="1380">71.6912</coverage>
<coverage step="1400">72.7941</coverage>
<coverage step="1420">72.7941</coverage>
<coverage step="1440">74.6324</coverage>
<coverage step="1460">74.6324</coverage>
<coverage step="1480">75.3676</coverage>
<coverage step="1500">75.7353</coverage>
<coverage step="1520">75.7353</coverage>
<coverage step="1540">75.7353</coverage>
<coverage step="1560">75.7353</coverage>
<coverage step="1580">75.7353</coverage>
<coverage step="1600">76.1029</coverage>
<coverage step="1620">76.1029</coverage>
<coverage step="1640">76.1029</coverage>
<coverage step="1660">76.4706</coverage>
<coverage step="1680">76.8382</coverage>
<coverage step="1700">76.8382</coverage>
<coverage step="1720">76.8382</coverage>
<coverage step="1740">76.8382</coverage>
<coverage step="1760">76.8382</coverage>
<coverage step="1780">76.8382</coverage>
<coverage step="1800">76.8382</coverage>
<coverage step="1820">76.8382</coverage>
<coverage step="1840">76.8382</coverage>
<coverage step="1860">76.8382</coverage>
<coverage step="1880">77.2059</coverage>
<coverage step="1900">77.2059</coverage>
<coverage step="1920">77.2059</coverage>
<coverage step="1940">78.3088</coverage>
<coverage step="1960">78.3088</coverage>
<coverage step="1980">78.3088</coverage>
<coverage step="2000">78.6765</coverage>
<coverage step="2020">78.6765</coverage>
<coverage step="2040">78.6765</coverage>
<coverage step="2060">78.6765</coverage>
<coverage step="2080">78.6765</coverage>
<coverage step="2100">78.6765</coverage>
<coverage step="2120">78.6765</coverage>
<coverage step="2140">79.0441</coverage>
<coverage step="2160">79.0441</coverage>
<coverage step="2180">79.0441</coverage>
<coverage step="2200">79.0441</coverage>
<coverage step="2220">79.4118</coverage>
<coverage step="2240">79.4118</coverage>
<coverage step="2260">79.7794</coverage>
<coverage step="2280">79.7794</coverage>
<coverage step="2300">80.1471</coverage>
<coverage step="2320">80.1471</coverage>
<coverage step="2340">80.1471</coverage>
<coverage step="2360">80.1471</coverage>
<coverage step="2380">80.1471</coverage>
<coverage step="2400">80.5147</coverage>
<coverage step="2420">80.8824</coverage>
<coverage step="2440">80.8824</coverage>
<coverage step="2460">80.8824</coverage>
<coverage step="2480">80.8824</coverage>
<coverage step="2500">81.25</coverage>
<coverage step="2520">81.6176</coverage>
<coverage step="2540">81.9853</coverage>
<coverage step="2560">81.9853</coverage>
<coverage step="2580">81.9853</coverage>
<coverage step="2600">81.9853</coverage>
<coverage step="2620">81.9853</coverage>
<coverage step="2640">81.9853</coverage>
<coverage step="2660">81.9853</coverage>
<coverage step="2680">81.9853</coverage>
<coverage step="2700">81.9853</coverage>
<coverage step="2720">82.3529</coverage>
<rw-visits order="1">229</rw-visits>
<rw-visits order="2">120</rw-visits>
<rw-visits order="3">118</rw-visits>
<rw-visits order="4">113</rw-visits>
<rw-visits order="5">103</rw-visits>
<rw-visits order="6">101</rw-visits>
<rw-visits order="7">98</rw-visits>
<rw-visits order="8">89</rw-visits>
<rw-visits order="9">82</rw-visits>
<rw-visits order="10">61</rw-visits>
<rw-visits order="11">54</rw-visits>
<rw-visits order="12">50</rw-visits>
<rw-visits order="13">50</rw-visits>
<rw-visits order="14">45</rw-visits>
<rw-visits order="15">45</rw-visits>
<rw-visits order="16">38</rw-visits>
<rw-visits order="17">38</rw-visits>
<rw-visits order="18">36</rw-visits>
<rw-visits order="19">35</rw-visits>
<rw-visits order="20">34</rw-visits>
<rw-visits order="21">29</rw-visits>
<rw-visits order="22">29</rw-visits>
<rw-visits order="23">25</rw-visits>
<rw-visits order="24">24</rw-visits>
<rw-visits order="25">24</rw-visits>
<rw-visits order="26">22</rw-visits>
<rw-visits order="27">21</rw-visits>
<rw-visits order="28">20</rw-visits>
<rw-visits order="29">19</rw-visits>
<rw-visits order="30">18</rw-visits>
<rw-visits order="31">18</rw-visits>
<rw-visits order="32">17</rw-visits>
<rw-visits order="33">16</rw-visits>
<rw-visits order="34">16</rw-visits>
<rw-visits order="35">16</rw-visits>
<rw-visits order="36">15</rw-visits>
<rw-visits order="37">15</rw-visits>
<rw-visits order="38">15</rw-visits>
<rw-visits order="39">15</rw-visits>
<rw-visits order="40">15</rw-visits>
<rw-visits order="41">15</rw-visits>
<rw-visits order="42">15</rw-visits>
<rw-visits order="43">15</rw-visits>
<rw-visits order="44">15</rw-visits>
<rw-visits order="45">14</rw-visits>
<rw-visits order="46">14</rw-visits>
<rw-visits order="47">13</rw-visits>
<rw-visits order="48">13</rw-visits>
<rw-visits order="49">13</rw-visits>
<rw-visits order="50">13</rw-visits>
<rw-visits order="51">13</rw-visits>
<rw-visits order="52">13</rw-visits>
<rw-visits order="53">13</rw-visits>
<rw-visits order="54">13</rw-visits>
<rw-visits order="55">13</rw-visits>
<rw-visits order="56">12</rw-visits>
<rw-visits order="57">12</rw-visits>
<rw-visits order="58">12</rw-visits>
<rw-visits order="59">12</rw-visits>
<rw-visits order="60">12</rw-visits>
<rw-visits order="61">12</rw-visits>
<rw-visits order="62">12</rw-visits>
<rw-visits order="63">12</rw-visits>
<rw-visits order="64">12</rw-visits>
<rw-visits order="65">11</rw-visits>
<rw-visits order="66">11</rw-visits>
<rw-visits order="67">10</rw-visits>
<rw-visits order="68">10</rw-visits>
<rw-visits order="69">10</rw-visits>
<rw-visits order="70">10</rw-visits>
<rw-visits order="71">10</rw-visits>
<rw-visits order="72">10</rw-visits>
<rw-visits order="73">10</rw-visits>
<rw-visits order="74">10</rw-visits>
<rw-visits order="75">10</rw-visits>
<rw-visits order="76">10</rw-visits>
<rw-visits order="77">10</rw-visits>
<rw-visits order="78">9</rw-visits>
<rw-visits order="79">9</rw-visits>
<rw-visits order="80">9</rw-visits>
<rw-visits order="81">9</rw-visits>
<rw-visits order="82">9</rw-visits>
<rw-visits order="83">9</rw-visits>
<rw-visits order="84">9</rw-visits>
<rw-visits order="85">9</rw-visits>
<rw-visits order="86">9</rw-visits>
<rw-visits order="87">8</rw-visits>
<rw-visits order="88">8</rw-visits>
<rw-visits order="89">8</rw-visits>
<rw-visits order="90">8</rw-visits>
<rw-visits order="91">8</rw-visits>
<rw-visits order="92">8</rw-visits>
<rw-visits order="93">8</rw-visits>
<rw-visits order="94">8</rw-visits>
<rw-visits order="95">7</rw-visits>
<rw-visits order="96">7</rw-visits>
<rw-visits order="97">7</rw-visits>
<rw-visits order="98">7</rw-visits>
<rw-visits order="99">7</rw-visits>
<rw-visits order="100">7</rw-visits>
<rw-visits order="101">7</rw-visits>
<rw-visits order="102">7</rw-visits>
<rw-visits order="103">7</rw-visits>
<rw-visits order="104">6</rw-visits>
<rw-visits order="105">6</rw-visits>
<rw-visits order="106">6</rw-visits>
<rw-visits order="107">6</rw-visits>
<rw-visits order="108">6</rw-visits>
<rw-visits order="109">6</rw-visits>
<rw-visits order="110">6</rw-visits>
<rw-visits order="111">6</rw-visits>
<rw-visits order="112">6</rw-visits>
<rw-visits order="113">6</rw-visits>
<rw-visits order="114">6</rw-visits>
<rw-visits order="115">5</rw-visits>
<rw-visits order="116">5</rw-visits>
<rw-visits order="117">5</rw-visits>
<rw-visits order="118">5</rw-visits>
<rw-visits order="119">5</rw-visits>
<rw-visits order="120">5</rw-visits>
<rw-visits order="121">5</rw-visits>
<rw-visits order="122">5</rw-visits>
<rw-visits order="123">5</rw-visits>
<rw-visits order="124">5</rw-visits>
<rw-visits order="125">5</rw-visits>
<rw-visits order="126">5</rw-visits>
<rw-visits order="127">5</rw-visits>
<rw-visits order="128">5</rw-visits>
<rw-visits order="129">5</rw-visits>
<rw-visits order="130">4</rw-visits>
<rw-visits order="131">4</rw-visits>
<rw-visits order="132">4</rw-visits>
<rw-visits order="133">4</rw-visits>
<rw-visits order="134">4</rw-visits>
<rw-visits order="135">4</rw-visits>
<rw-visits order="136">4</rw-visits>
<rw-visits order="137">4</rw-visits>
<rw-visits order="138">4</rw-visits>
<rw-visits order="139">4</rw-visits>
<rw-visits order="140">4</rw-visits>
<rw-visits order="141">4</rw-visits>
<rw-visits order="142">4</rw-visits>
<rw-visits order="143">4</rw-visits>
<rw-visits order="144">4</rw-visits>
<rw-visits order="145">4</rw-visits>
<rw-visits order="146">4</rw-visits>
<rw-visits order="147">4</rw-visits>
<rw-visits order="148">4</rw-visits>
<rw-visits order="149">4</rw-visits>
<rw-visits order="150">4</rw-visits>
<rw-visits order="151">4</rw-visits>
<rw-visits order="152">4</rw-visits>
<rw-visits order="153">3</rw-visits>
<rw-visits order="154">3</rw-visits>
<rw-visits order="155">3</rw-visits>
<rw-visits order="156">3</rw-visits>
<rw-visits order="157">3</rw-visits>
<rw-visits order="158">3</rw-visits>
<rw-visits order="159">3</rw-visits>
<rw-visits order="160">3</rw-visits>
<rw-visits order="161">3</rw-visits>
<rw-visits order="162">3</rw-visits>
<rw-visits order="163">3</rw-visits>
<rw-visits order="164">3</rw-visits>
<rw-visits order="165">3</rw-visits>
<rw-visits order="166">3</rw-visits>
<rw-visits order="167">3</rw-visits>
<rw-visits order="168">3</rw-visits>
<rw-visits order="169">3</rw-visits>
<rw-visits order="170">2</rw-visits>
<rw-visits order="171">2</rw-visits>
<rw-visits order="172">2</rw-visits>
<rw-visits order="173">2</rw-visits>
<rw-visits order="174">2</rw-visits>
<rw-visits order="175">2</rw-visits>
<rw-visits order="176">2</rw-visits>
<rw-visits order="177">2</rw-visits>
<rw-visits order="178">2</rw-visits>
<rw-visits order="179">2</rw-visits>
<rw-visits order="180">2</rw-visits>
<rw-visits order="181">2</rw-visits>
<rw-visits order="182">2</rw-visits>
<rw-visits order="183">2</rw-visits>
<rw-visits order="184">2</rw-visits>
<rw-visits order="185">2</rw-visits>
<rw-visits order="186">2</rw-visits>
<rw-visits order="187">2</rw-visits>
<rw-visits order="188">2</rw-visits>
<rw-visits order="189">2</rw-visits>
<rw-visits order="190">2</rw-visits>
<rw-visits order="191">2</rw-visits>
<rw-visits order="192">2</rw-visits>
<rw-visits order="193">2</rw-visits>
<rw-visits order="194">2</rw-visits>
<rw-visits order="195">2</rw-visits>
<rw-visits order="196">2</rw-visits>
<rw-visits order="197">2</rw-visits>
<rw-visits order="198">1</rw-visits>
<rw-visits order="199">1</rw-visits>
<rw-visits order="200">1</rw-visits>
<rw-visits order="201">1</rw-visits>
<rw-visits order="202">1</rw-visits>
<rw-visits order="203">1</rw-visits>
<rw-visits order="204">1</rw-visits>
<rw-visits order="205">1</rw-visits>
<rw-visits order="206">1</rw-visits>
<rw-visits order="207">1</rw-visits>
<rw-visits order="208">1</rw-visits>
<rw-visits order="209">1</rw-visits>
<rw-visits order="210">1</rw-visits>
<rw-visits order="211">1</rw-visits>
<rw-visits order="212">1</rw-visits>
<rw-visits order="213">1</rw-visits>
<rw-visits order="214">1</rw-visits>
<rw-visits order="215">1</rw-visits>
<rw-visits order="216">1</rw-visits>
<rw-visits order="217">1</rw-visits>
<rw-visits order="218">1</rw-visits>
<rw-visits order="219">1</rw-visits>
<rw-visits order="220">1</rw-visits>
<rw-visits order="221">1</rw-visits>
<rw-visits order="222">1</rw-visits>
<rw-visits order="223">1</rw-visits>
<final-coverage>82.3529</final-coverage>
</rw-info>
<local-info>
<diamonds>92.6471</diamonds>
<neighborhood k="4">22</neighborhood>
<clustering k="4">1.77432</clustering>
</local-info>
<label-info>
<edge-label id="0.2">64</edge-label>
<edge-label id="0.43+18.0">64</edge-label>
<edge-label id="1.2">64</edge-label>
<edge-label id="1.43+19.0">64</edge-label>
<edge-label id="18.1+2.7">32</edge-label>
<edge-label id="19.1+2.8">32</edge-label>
<edge-label id="2.14">64</edge-label>
<edge-label id="2.6">72</edge-label>
<edge-label id="3.6">136</edge-label>
<edge-label id="4.6">136</edge-label>
<edge-label id="5.6">136</edge-label>
<state-labels procid="0">
<label id="[{0|0|1|0|0|0|0|0|1|0|0|0|1|1|0|1|1|0|0|0|1|0|0|1|0|0|1|0|0|1|0|0|0|1|1|0},0,6,0]">272</label>
</state-labels><state-labels procid="1">
<label id="[0,{0|0|0|0|0|0},0,0,0]">64</label>
<label id="[7,{0|0|0|0|0|0},2,0,0]">64</label>
<label id="[9,{0|0|0|0|0|0},2,0,0]">144</label>
</state-labels><state-labels procid="2">
<label id="[0,{0|0|0|0|0|0},0,0,0]">64</label>
<label id="[7,{0|0|0|0|0|0},2,0,0]">64</label>
<label id="[9,{0|0|0|0|0|0},2,0,0]">144</label>
</state-labels><state-labels procid="3">
<label id="[0,{0|0|0|0|0|0},0,0,0]">72</label>
<label id="[1,{0|0|0|0|0|0},0,4,0]">72</label>
<label id="[1,{0|1|0|0|0|0},0,3,7]">24</label>
<label id="[1,{1|0|0|0|0|0},0,3,6]">24</label>
<label id="[1,{1|1|0|0|0|0},0,2,6]">8</label>
<label id="[1,{1|1|0|0|0|0},0,2,7]">8</label>
<label id="[2,{0|0|0|0|0|0},0,4,6]">24</label>
<label id="[2,{0|0|0|0|0|0},0,4,7]">24</label>
<label id="[2,{0|1|0|0|0|0},0,3,6]">8</label>
<label id="[2,{1|0|0|0|0|0},0,3,7]">8</label>
</state-labels><state-labels procid="4">
<label id="[0,{0|0|0|0|0|0},0,0,0]">136</label>
<label id="[1,{0|0|0|0|0|0},0,2,0]">136</label>
</state-labels><state-labels procid="5">
<label id="[0,{0|0|0|0|0|0},0,0,0]">136</label>
<label id="[1,{0|0|0|0|0|0},0,2,0]">136</label>
</state-labels><state-labels procid="6">
<label id="[0,{0|0|0|0|0|0},0,0,0]">136</label>
<label id="[1,{0|0|0|0|0|0},0,2,0]">136</label>
</state-labels><state-labels procid="7">
<label id="[0,0]">272</label>
</state-labels><state-labels procid="8">
<label id="[0,0]">272</label>
</state-labels><state-labels procid="9">
<label id="[0,0]">272</label>
</state-labels><state-labels procid="10">
<label id="[0,0]">272</label>
</state-labels><state-labels procid="11">
<label id="[0,0]">272</label>
</state-labels><state-labels procid="12">
<label id="[0,0]">272</label>
</state-labels><state-labels procid="13">
<label id="[0,0]">272</label>
</state-labels><state-labels procid="14">
<label id="[0,0]">272</label>
</state-labels><state-labels procid="15">
<label id="[0,0]">272</label>
</state-labels><state-labels procid="16">
<label id="[0,0]">272</label>
</state-labels><state-labels procid="17">
<label id="[0,0]">272</label>
</state-labels><state-labels procid="18">
<label id="[0,0]">272</label>
</state-labels><state-labels procid="19">
<label id="[0,0]">128</label>
<label id="[0,6]">80</label>
<label id="[1,6]">64</label>
</state-labels><state-labels procid="20">
<label id="[0,0]">128</label>
<label id="[0,7]">80</label>
<label id="[1,7]">64</label>
</state-labels><state-labels procid="21">
<label id="[0,0]">272</label>
</state-labels><state-labels procid="22">
<label id="[0,0]">272</label>
</state-labels><state-labels procid="23">
<label id="[0,0]">272</label>
</state-labels><state-labels procid="24">
<label id="[0,0]">272</label>
</state-labels><state-labels procid="25">
<label id="[0,0]">272</label>
</state-labels><state-labels procid="26">
<label id="[0,0]">272</label>
</state-labels><state-labels procid="27">
<label id="[0,0]">272</label>
</state-labels><state-labels procid="28">
<label id="[0,0]">272</label>
</state-labels><state-labels procid="29">
<label id="[0,0]">272</label>
</state-labels><state-labels procid="30">
<label id="[0,0]">272</label>
</state-labels><state-labels procid="31">
<label id="[0,0]">272</label>
</state-labels><state-labels procid="32">
<label id="[0,0]">272</label>
</state-labels><state-labels procid="33">
<label id="[0,0]">272</label>
</state-labels><state-labels procid="34">
<label id="[0,0]">272</label>
</state-labels><state-labels procid="35">
<label id="[0,0]">272</label>
</state-labels><state-labels procid="36">
<label id="[0,0]">272</label>
</state-labels><state-labels procid="37">
<label id="[0,0]">272</label>
</state-labels><state-labels procid="38">
<label id="[0,0]">272</label>
</state-labels><state-labels procid="39">
<label id="[0,0]">272</label>
</state-labels><state-labels procid="40">
<label id="[0,0]">272</label>
</state-labels><state-labels procid="41">
<label id="[0,0]">272</label>
</state-labels><state-labels procid="42">
<label id="[0,0]">272</label>
</state-labels></label-info>
</state-space-info>
