<?xml version="1.0"?>

<!DOCTYPE instance-list SYSTEM "../instance_list.dtd">

<instance-list>
<instance name="firewire_tree" id="1">
<reach-time complete="yes">0.6</reach-time>
<states>272</states>
<state-size>213</state-size>
<prediction>0</prediction>
<reach-goal prop-id="1" answer="no" length="0"/>
<reach-goal prop-id="2" answer="no" length="0"/>
<reach-goal prop-id="3" answer="no" length="0"/>
</instance>

<instance name="firewire_tree" id="2">
<reach-time complete="yes">1.2</reach-time>
<states>2441</states>
<state-size>103</state-size>
<prediction>0</prediction>
<reach-goal prop-id="1" answer="no" length="0"/>
<reach-goal prop-id="2" answer="no" length="0"/>
<reach-goal prop-id="3" answer="yes" length="44"/>
</instance>

<instance name="firewire_tree" id="3">
<reach-time complete="yes">79.8</reach-time>
<states>86556</states>
<state-size>213</state-size>
<prediction>0</prediction>
<reach-goal prop-id="1" answer="no" length="0"/>
<reach-goal prop-id="2" answer="no" length="0"/>
<reach-goal prop-id="3" answer="no" length="0"/>
</instance>

<instance name="firewire_tree" id="4">
<reach-time complete="yes">262.1</reach-time>
<states>169992</states>
<state-size>283</state-size>
<prediction>0</prediction>
<reach-goal prop-id="1" answer="no" length="0"/>
<reach-goal prop-id="2" answer="no" length="0"/>
<reach-goal prop-id="3" answer="yes" length="107"/>
</instance>

<instance name="firewire_tree" id="5">
<reach-time complete="no">3601.9</reach-time>
<states>776538</states>
<state-size>553</state-size>
<prediction>0</prediction>
<reach-goal prop-id="1" answer="unknown" length="0"/>
<reach-goal prop-id="2" answer="unknown" length="0"/>
<reach-goal prop-id="3" answer="unknown" length="0"/>
</instance>

</instance-list>
