<?xml version="1.0"?>
<!DOCTYPE state-space-info SYSTEM "../../state_space_info.dtd">


<state-space-info>
<states>1728</states>
<edges>4768</edges>
<bfs-info>
 <levels>34</levels>
<max-level>92</max-level>

<back-level-edges>248</back-level-edges>
<max-back-level-edge>19</max-back-level-edge>
<avg-back-level-edge>8.09677</avg-back-level-edge>
<bfs-levels>
<level id="0"><states>1</states><edges>5</edges></level>
<level id="1"><states>5</states><edges>21</edges></level>
<level id="2"><states>11</states><edges>39</edges></level>
<level id="3"><states>15</states><edges>47</edges></level>
<level id="4"><states>16</states><edges>48</edges></level>
<level id="5"><states>17</states><edges>52</edges></level>
<level id="6"><states>21</states><edges>65</edges></level>
<level id="7"><states>28</states><edges>84</edges></level>
<level id="8"><states>36</states><edges>104</edges></level>
<level id="9"><states>43</states><edges>121</edges></level>
<level id="10"><states>47</states><edges>130</edges></level>
<level id="11"><states>48</states><edges>132</edges></level>
<level id="12"><states>50</states><edges>141</edges></level>
<level id="13"><states>56</states><edges>161</edges></level>
<level id="14"><states>64</states><edges>182</edges></level>
<level id="15"><states>73</states><edges>207</edges></level>
<level id="16"><states>83</states><edges>235</edges></level>
<level id="17"><states>90</states><edges>251</edges></level>
<level id="18"><states>90</states><edges>249</edges></level>
<level id="19"><states>87</states><edges>249</edges></level>
<level id="20"><states>88</states><edges>256</edges></level>
<level id="21"><states>91</states><edges>256</edges></level>
<level id="22"><states>92</states><edges>254</edges></level>
<level id="23"><states>92</states><edges>254</edges></level>
<level id="24"><states>90</states><edges>245</edges></level>
<level id="25"><states>82</states><edges>216</edges></level>
<level id="26"><states>71</states><edges>186</edges></level>
<level id="27"><states>64</states><edges>169</edges></level>
<level id="28"><states>59</states><edges>151</edges></level>
<level id="29"><states>50</states><edges>120</edges></level>
<level id="30"><states>36</states><edges>79</edges></level>
<level id="31"><states>21</states><edges>42</edges></level>
<level id="32"><states>9</states><edges>15</edges></level>
<level id="33"><states>2</states><edges>2</edges></level>
</bfs-levels>
<back-level-length id="0">0</back-level-length>
<back-level-length id="1">19.3548</back-level-length>
<back-level-length id="2">0</back-level-length>
<back-level-length id="3">0</back-level-length>
<back-level-length id="4">0</back-level-length>
<back-level-length id="5">35.4839</back-level-length>
<back-level-length id="6">0</back-level-length>
<back-level-length id="7">9.67742</back-level-length>
<back-level-length id="8">0</back-level-length>
<back-level-length id="9">0</back-level-length>
<back-level-length id="10">0</back-level-length>
<back-level-length id="11">12.9032</back-level-length>
<back-level-length id="12">0</back-level-length>
<back-level-length id="13">0</back-level-length>
<back-level-length id="14">0</back-level-length>
<back-level-length id="15">0</back-level-length>
<back-level-length id="16">0</back-level-length>
<back-level-length id="17">12.9032</back-level-length>
<back-level-length id="18">0</back-level-length>
<back-level-length id="19">9.67742</back-level-length>
</bfs-info>
<degrees>
<avg>2.75926</avg>
<max-in>6</max-in>
<max-out>5</max-out>
<degree id="0"><in>0</in><out>0</out></degree>
<degree id="1"><in>164</in><out>160</out></degree>
<degree id="2"><in>540</in><out>536</out></degree>
<degree id="3"><in>640</in><out>648</out></degree>
<degree id="4"><in>320</in><out>328</out></degree>
<degree id="5"><in>60</in><out>56</out></degree>
<degree id="6"><in>4</in><out>0</out></degree>
</degrees>
<scc-info>
<count>1</count>
<height>0</height>
<nontrivial-height>0</nontrivial-height>
<trivial>0</trivial>
<terminal>1</terminal>
<largest>1728</largest>
<largest-position> initial the only terminal</largest-position>
</scc-info>
<dfs-info>
<stack-size id="8">0.462963</stack-size>
<stack-size id="16">0.925926</stack-size>
<stack-size id="24">1.38889</stack-size>
<stack-size id="32">1.85185</stack-size>
<stack-size id="40">2.31481</stack-size>
<stack-size id="48">2.77778</stack-size>
<stack-size id="56">3.24074</stack-size>
<stack-size id="64">3.7037</stack-size>
<stack-size id="72">4.16667</stack-size>
<stack-size id="80">4.62963</stack-size>
<stack-size id="88">5.09259</stack-size>
<stack-size id="96">5.55556</stack-size>
<stack-size id="104">6.01852</stack-size>
<stack-size id="112">6.48148</stack-size>
<stack-size id="120">6.94444</stack-size>
<stack-size id="128">7.40741</stack-size>
<stack-size id="136">7.52315</stack-size>
<stack-size id="144">7.34954</stack-size>
<stack-size id="152">7.8125</stack-size>
<stack-size id="160">8.27546</stack-size>
<stack-size id="168">8.50694</stack-size>
<stack-size id="176">8.96991</stack-size>
<stack-size id="184">9.43287</stack-size>
<stack-size id="192">9.89583</stack-size>
<stack-size id="200">10.3588</stack-size>
<stack-size id="208">10.2431</stack-size>
<stack-size id="216">10.706</stack-size>
<stack-size id="224">11.169</stack-size>
<stack-size id="232">11.6319</stack-size>
<stack-size id="240">12.0949</stack-size>
<stack-size id="248">12.3264</stack-size>
<stack-size id="256">12.7894</stack-size>
<stack-size id="264">13.2523</stack-size>
<stack-size id="272">13.1366</stack-size>
<stack-size id="280">13.5995</stack-size>
<stack-size id="288">14.0625</stack-size>
<stack-size id="296">14.5255</stack-size>
<stack-size id="304">14.9884</stack-size>
<stack-size id="312">15.4514</stack-size>
<stack-size id="320">15.9144</stack-size>
<stack-size id="328">16.3773</stack-size>
<stack-size id="336">16.3194</stack-size>
<stack-size id="344">16.1458</stack-size>
<stack-size id="352">16.2037</stack-size>
<stack-size id="360">16.6667</stack-size>
<stack-size id="368">17.1296</stack-size>
<stack-size id="376">17.5926</stack-size>
<stack-size id="384">18.0556</stack-size>
<stack-size id="392">18.5185</stack-size>
<stack-size id="400">18.6343</stack-size>
<stack-size id="408">18.4028</stack-size>
<stack-size id="416">18.5185</stack-size>
<stack-size id="424">18.5764</stack-size>
<stack-size id="432">18.287</stack-size>
<stack-size id="440">18.5764</stack-size>
<stack-size id="448">18.6921</stack-size>
<stack-size id="456">18.9815</stack-size>
<stack-size id="464">19.4444</stack-size>
<stack-size id="472">19.6759</stack-size>
<stack-size id="480">20.1389</stack-size>
<stack-size id="488">20.6019</stack-size>
<stack-size id="496">20.4861</stack-size>
<stack-size id="504">20.9491</stack-size>
<stack-size id="512">21.412</stack-size>
<stack-size id="520">21.5278</stack-size>
<stack-size id="528">21.8171</stack-size>
<stack-size id="536">22.2801</stack-size>
<stack-size id="544">22.7431</stack-size>
<stack-size id="552">22.6852</stack-size>
<stack-size id="560">22.5116</stack-size>
<stack-size id="568">22.6273</stack-size>
<stack-size id="576">22.6852</stack-size>
<stack-size id="584">23.1481</stack-size>
<stack-size id="592">23.6111</stack-size>
<stack-size id="600">24.0741</stack-size>
<stack-size id="608">24.537</stack-size>
<stack-size id="616">25</stack-size>
<stack-size id="624">25.1157</stack-size>
<stack-size id="632">24.8843</stack-size>
<stack-size id="640">25</stack-size>
<stack-size id="648">25.0579</stack-size>
<stack-size id="656">24.7685</stack-size>
<stack-size id="664">25.2315</stack-size>
<stack-size id="672">25.3472</stack-size>
<stack-size id="680">25.6366</stack-size>
<stack-size id="688">25.8681</stack-size>
<stack-size id="696">26.331</stack-size>
<stack-size id="704">26.794</stack-size>
<stack-size id="712">26.6782</stack-size>
<stack-size id="720">26.9097</stack-size>
<stack-size id="728">26.9097</stack-size>
<stack-size id="736">27.1412</stack-size>
<stack-size id="744">27.6042</stack-size>
<stack-size id="752">27.5463</stack-size>
<stack-size id="760">28.0093</stack-size>
<stack-size id="768">28.125</stack-size>
<stack-size id="776">28.3565</stack-size>
<stack-size id="784">28.3565</stack-size>
<stack-size id="792">28.4144</stack-size>
<stack-size id="800">28.2986</stack-size>
<stack-size id="808">28.1829</stack-size>
<stack-size id="816">28.6458</stack-size>
<stack-size id="824">28.7616</stack-size>
<stack-size id="832">29.0509</stack-size>
<stack-size id="840">29.5139</stack-size>
<stack-size id="848">29.3981</stack-size>
<stack-size id="856">29.3981</stack-size>
<stack-size id="864">29.5139</stack-size>
<stack-size id="872">29.3981</stack-size>
<stack-size id="880">29.2824</stack-size>
<stack-size id="888">29.2824</stack-size>
<stack-size id="896">29.7454</stack-size>
<stack-size id="904">30.2083</stack-size>
<stack-size id="912">30.4398</stack-size>
<stack-size id="920">30.3241</stack-size>
<stack-size id="928">30.787</stack-size>
<stack-size id="936">31.25</stack-size>
<stack-size id="944">31.713</stack-size>
<stack-size id="952">31.6551</stack-size>
<stack-size id="960">31.4815</stack-size>
<stack-size id="968">31.713</stack-size>
<stack-size id="976">31.6551</stack-size>
<stack-size id="984">30.787</stack-size>
<stack-size id="992">30.9028</stack-size>
<stack-size id="1000">30.3241</stack-size>
<stack-size id="1008">30.3241</stack-size>
<stack-size id="1016">30.4977</stack-size>
<stack-size id="1024">30.4398</stack-size>
<stack-size id="1032">30.6134</stack-size>
<stack-size id="1040">31.0764</stack-size>
<stack-size id="1048">31.5394</stack-size>
<stack-size id="1056">31.6551</stack-size>
<stack-size id="1064">31.8866</stack-size>
<stack-size id="1072">31.8866</stack-size>
<stack-size id="1080">32.0023</stack-size>
<stack-size id="1088">31.9444</stack-size>
<stack-size id="1096">31.5972</stack-size>
<stack-size id="1104">31.6551</stack-size>
<stack-size id="1112">31.8287</stack-size>
<stack-size id="1120">31.7708</stack-size>
<stack-size id="1128">31.7708</stack-size>
<stack-size id="1136">31.8287</stack-size>
<stack-size id="1144">31.8287</stack-size>
<stack-size id="1152">31.8866</stack-size>
<stack-size id="1160">31.4815</stack-size>
<stack-size id="1168">31.713</stack-size>
<stack-size id="1176">31.8287</stack-size>
<stack-size id="1184">31.5972</stack-size>
<stack-size id="1192">31.713</stack-size>
<stack-size id="1200">31.9444</stack-size>
<stack-size id="1208">31.8866</stack-size>
<stack-size id="1216">31.7708</stack-size>
<stack-size id="1224">31.8287</stack-size>
<stack-size id="1232">31.4815</stack-size>
<stack-size id="1240">31.9444</stack-size>
<stack-size id="1248">32.4074</stack-size>
<stack-size id="1256">32.5231</stack-size>
<stack-size id="1264">32.7546</stack-size>
<stack-size id="1272">32.7546</stack-size>
<stack-size id="1280">32.8704</stack-size>
<stack-size id="1288">32.8125</stack-size>
<stack-size id="1296">32.4653</stack-size>
<stack-size id="1304">32.5231</stack-size>
<stack-size id="1312">32.6968</stack-size>
<stack-size id="1320">32.6389</stack-size>
<stack-size id="1328">32.6389</stack-size>
<stack-size id="1336">32.6968</stack-size>
<stack-size id="1344">32.6968</stack-size>
<stack-size id="1352">32.7546</stack-size>
<stack-size id="1360">32.3495</stack-size>
<stack-size id="1368">32.3495</stack-size>
<stack-size id="1376">32.4653</stack-size>
<stack-size id="1384">32.6968</stack-size>
<stack-size id="1392">32.6968</stack-size>
<stack-size id="1400">32.8125</stack-size>
<stack-size id="1408">32.7546</stack-size>
<stack-size id="1416">32.4074</stack-size>
<stack-size id="1424">32.6389</stack-size>
<stack-size id="1432">32.6968</stack-size>
<stack-size id="1440">32.3495</stack-size>
<stack-size id="1448">32.3495</stack-size>
<stack-size id="1456">32.7546</stack-size>
<stack-size id="1464">32.6968</stack-size>
<stack-size id="1472">32.7546</stack-size>
<stack-size id="1480">32.7546</stack-size>
<stack-size id="1488">31.4815</stack-size>
<stack-size id="1496">31.7708</stack-size>
<stack-size id="1504">32.0023</stack-size>
<stack-size id="1512">31.9444</stack-size>
<stack-size id="1520">29.1088</stack-size>
<stack-size id="1528">29.3981</stack-size>
<stack-size id="1536">29.3981</stack-size>
<stack-size id="1544">29.1667</stack-size>
<stack-size id="1552">29.0509</stack-size>
<stack-size id="1560">29.2245</stack-size>
<stack-size id="1568">29.3403</stack-size>
<stack-size id="1576">29.0509</stack-size>
<stack-size id="1584">29.2245</stack-size>
<stack-size id="1592">29.6296</stack-size>
<stack-size id="1600">29.3403</stack-size>
<stack-size id="1608">29.5139</stack-size>
<stack-size id="1616">29.5718</stack-size>
<stack-size id="1624">27.9514</stack-size>
<stack-size id="1632">28.0093</stack-size>
<stack-size id="1640">28.0671</stack-size>
<stack-size id="1648">28.2407</stack-size>
<stack-size id="1656">28.125</stack-size>
<stack-size id="1664">28.2986</stack-size>
<stack-size id="1672">28.3565</stack-size>
<stack-size id="1680">28.2986</stack-size>
<stack-size id="1688">28.2986</stack-size>
<stack-size id="1696">28.0671</stack-size>
<stack-size id="1704">28.4722</stack-size>
<stack-size id="1712">28.1829</stack-size>
<stack-size id="1720">28.588</stack-size>
<stack-size id="1728">28.5301</stack-size>
<max-stack>569</max-stack>
<front-edges>1727</front-edges>
<back-edges>1068</back-edges>
<cross-edges>1973</cross-edges>
<shortest-cycle>12</shortest-cycle>
</dfs-info>
<rw-info>
<coverage step="160">5.09259</coverage>
<coverage step="320">5.43981</coverage>
<coverage step="480">5.6713</coverage>
<coverage step="640">5.90278</coverage>
<coverage step="800">6.07639</coverage>
<coverage step="960">6.30787</coverage>
<coverage step="1120">6.65509</coverage>
<coverage step="1280">6.71296</coverage>
<coverage step="1440">6.8287</coverage>
<coverage step="1600">6.88657</coverage>
<coverage step="1760">6.94444</coverage>
<coverage step="1920">6.94444</coverage>
<coverage step="2080">7.2338</coverage>
<coverage step="2240">7.2338</coverage>
<coverage step="2400">7.2338</coverage>
<coverage step="2560">7.46528</coverage>
<coverage step="2720">7.75463</coverage>
<coverage step="2880">7.75463</coverage>
<coverage step="3040">7.87037</coverage>
<coverage step="3200">7.87037</coverage>
<coverage step="3360">7.87037</coverage>
<coverage step="3520">8.15972</coverage>
<coverage step="3680">8.15972</coverage>
<coverage step="3840">8.15972</coverage>
<coverage step="4000">8.15972</coverage>
<coverage step="4160">8.56481</coverage>
<coverage step="4320">8.56481</coverage>
<coverage step="4480">8.56481</coverage>
<coverage step="4640">8.85417</coverage>
<coverage step="4800">8.85417</coverage>
<coverage step="4960">8.85417</coverage>
<coverage step="5120">8.91204</coverage>
<coverage step="5280">8.91204</coverage>
<coverage step="5440">8.96991</coverage>
<coverage step="5600">9.08565</coverage>
<coverage step="5760">9.14352</coverage>
<coverage step="5920">9.14352</coverage>
<coverage step="6080">9.20139</coverage>
<coverage step="6240">9.25926</coverage>
<coverage step="6400">9.25926</coverage>
<coverage step="6560">9.31713</coverage>
<coverage step="6720">9.31713</coverage>
<coverage step="6880">9.31713</coverage>
<coverage step="7040">9.31713</coverage>
<coverage step="7200">9.31713</coverage>
<coverage step="7360">9.31713</coverage>
<coverage step="7520">9.43287</coverage>
<coverage step="7680">9.43287</coverage>
<coverage step="7840">9.43287</coverage>
<coverage step="8000">9.43287</coverage>
<coverage step="8160">9.49074</coverage>
<coverage step="8320">9.49074</coverage>
<coverage step="8480">9.49074</coverage>
<coverage step="8640">9.54861</coverage>
<coverage step="8800">9.54861</coverage>
<coverage step="8960">9.54861</coverage>
<coverage step="9120">9.60648</coverage>
<coverage step="9280">9.60648</coverage>
<coverage step="9440">9.60648</coverage>
<coverage step="9600">9.60648</coverage>
<coverage step="9760">9.60648</coverage>
<coverage step="9920">9.60648</coverage>
<coverage step="10080">9.60648</coverage>
<coverage step="10240">9.60648</coverage>
<coverage step="10400">9.60648</coverage>
<coverage step="10560">9.66435</coverage>
<coverage step="10720">9.66435</coverage>
<coverage step="10880">9.66435</coverage>
<coverage step="11040">9.66435</coverage>
<coverage step="11200">9.66435</coverage>
<coverage step="11360">9.66435</coverage>
<coverage step="11520">9.78009</coverage>
<coverage step="11680">9.78009</coverage>
<coverage step="11840">9.78009</coverage>
<coverage step="12000">9.78009</coverage>
<coverage step="12160">9.83796</coverage>
<coverage step="12320">9.83796</coverage>
<coverage step="12480">9.83796</coverage>
<coverage step="12640">9.83796</coverage>
<coverage step="12800">9.83796</coverage>
<coverage step="12960">9.89583</coverage>
<coverage step="13120">9.89583</coverage>
<coverage step="13280">9.89583</coverage>
<coverage step="13440">9.89583</coverage>
<coverage step="13600">9.89583</coverage>
<coverage step="13760">9.89583</coverage>
<coverage step="13920">9.89583</coverage>
<coverage step="14080">9.9537</coverage>
<coverage step="14240">9.9537</coverage>
<coverage step="14400">9.9537</coverage>
<coverage step="14560">9.9537</coverage>
<coverage step="14720">9.9537</coverage>
<coverage step="14880">9.9537</coverage>
<coverage step="15040">10.2431</coverage>
<coverage step="15200">10.2431</coverage>
<coverage step="15360">10.2431</coverage>
<coverage step="15520">10.2431</coverage>
<coverage step="15680">10.2431</coverage>
<coverage step="15840">10.2431</coverage>
<coverage step="16000">10.2431</coverage>
<coverage step="16160">10.2431</coverage>
<coverage step="16320">10.2431</coverage>
<coverage step="16480">10.2431</coverage>
<coverage step="16640">10.2431</coverage>
<coverage step="16800">10.2431</coverage>
<coverage step="16960">10.2431</coverage>
<coverage step="17120">10.2431</coverage>
<coverage step="17280">10.2431</coverage>
<rw-visits order="1">277</rw-visits>
<rw-visits order="2">277</rw-visits>
<rw-visits order="3">277</rw-visits>
<rw-visits order="4">276</rw-visits>
<rw-visits order="5">276</rw-visits>
<rw-visits order="6">275</rw-visits>
<rw-visits order="7">273</rw-visits>
<rw-visits order="8">273</rw-visits>
<rw-visits order="9">273</rw-visits>
<rw-visits order="10">270</rw-visits>
<rw-visits order="11">268</rw-visits>
<rw-visits order="12">268</rw-visits>
<rw-visits order="13">265</rw-visits>
<rw-visits order="14">262</rw-visits>
<rw-visits order="15">260</rw-visits>
<rw-visits order="16">259</rw-visits>
<rw-visits order="17">259</rw-visits>
<rw-visits order="18">259</rw-visits>
<rw-visits order="19">256</rw-visits>
<rw-visits order="20">253</rw-visits>
<rw-visits order="21">253</rw-visits>
<rw-visits order="22">252</rw-visits>
<rw-visits order="23">250</rw-visits>
<rw-visits order="24">248</rw-visits>
<rw-visits order="25">247</rw-visits>
<rw-visits order="26">243</rw-visits>
<rw-visits order="27">243</rw-visits>
<rw-visits order="28">243</rw-visits>
<rw-visits order="29">242</rw-visits>
<rw-visits order="30">242</rw-visits>
<rw-visits order="31">242</rw-visits>
<rw-visits order="32">242</rw-visits>
<rw-visits order="33">242</rw-visits>
<rw-visits order="34">242</rw-visits>
<rw-visits order="35">242</rw-visits>
<rw-visits order="36">242</rw-visits>
<rw-visits order="37">241</rw-visits>
<rw-visits order="38">240</rw-visits>
<rw-visits order="39">239</rw-visits>
<rw-visits order="40">239</rw-visits>
<rw-visits order="41">236</rw-visits>
<rw-visits order="42">235</rw-visits>
<rw-visits order="43">235</rw-visits>
<rw-visits order="44">234</rw-visits>
<rw-visits order="45">232</rw-visits>
<rw-visits order="46">227</rw-visits>
<rw-visits order="47">225</rw-visits>
<rw-visits order="48">221</rw-visits>
<rw-visits order="49">220</rw-visits>
<rw-visits order="50">220</rw-visits>
<rw-visits order="51">218</rw-visits>
<rw-visits order="52">215</rw-visits>
<rw-visits order="53">212</rw-visits>
<rw-visits order="54">204</rw-visits>
<rw-visits order="55">192</rw-visits>
<rw-visits order="56">190</rw-visits>
<rw-visits order="57">184</rw-visits>
<rw-visits order="58">180</rw-visits>
<rw-visits order="59">149</rw-visits>
<rw-visits order="60">143</rw-visits>
<rw-visits order="61">142</rw-visits>
<rw-visits order="62">137</rw-visits>
<rw-visits order="63">136</rw-visits>
<rw-visits order="64">136</rw-visits>
<rw-visits order="65">135</rw-visits>
<rw-visits order="66">133</rw-visits>
<rw-visits order="67">132</rw-visits>
<rw-visits order="68">132</rw-visits>
<rw-visits order="69">131</rw-visits>
<rw-visits order="70">127</rw-visits>
<rw-visits order="71">120</rw-visits>
<rw-visits order="72">119</rw-visits>
<rw-visits order="73">112</rw-visits>
<rw-visits order="74">107</rw-visits>
<rw-visits order="75">72</rw-visits>
<rw-visits order="76">71</rw-visits>
<rw-visits order="77">68</rw-visits>
<rw-visits order="78">61</rw-visits>
<rw-visits order="79">59</rw-visits>
<rw-visits order="80">59</rw-visits>
<rw-visits order="81">55</rw-visits>
<rw-visits order="82">53</rw-visits>
<rw-visits order="83">35</rw-visits>
<rw-visits order="84">33</rw-visits>
<rw-visits order="85">32</rw-visits>
<rw-visits order="86">31</rw-visits>
<rw-visits order="87">31</rw-visits>
<rw-visits order="88">28</rw-visits>
<rw-visits order="89">25</rw-visits>
<rw-visits order="90">24</rw-visits>
<rw-visits order="91">24</rw-visits>
<rw-visits order="92">18</rw-visits>
<rw-visits order="93">16</rw-visits>
<rw-visits order="94">16</rw-visits>
<rw-visits order="95">15</rw-visits>
<rw-visits order="96">12</rw-visits>
<rw-visits order="97">12</rw-visits>
<rw-visits order="98">11</rw-visits>
<rw-visits order="99">9</rw-visits>
<rw-visits order="100">9</rw-visits>
<rw-visits order="101">8</rw-visits>
<rw-visits order="102">8</rw-visits>
<rw-visits order="103">8</rw-visits>
<rw-visits order="104">8</rw-visits>
<rw-visits order="105">7</rw-visits>
<rw-visits order="106">7</rw-visits>
<rw-visits order="107">7</rw-visits>
<rw-visits order="108">6</rw-visits>
<rw-visits order="109">6</rw-visits>
<rw-visits order="110">5</rw-visits>
<rw-visits order="111">5</rw-visits>
<rw-visits order="112">5</rw-visits>
<rw-visits order="113">5</rw-visits>
<rw-visits order="114">5</rw-visits>
<rw-visits order="115">5</rw-visits>
<rw-visits order="116">5</rw-visits>
<rw-visits order="117">4</rw-visits>
<rw-visits order="118">4</rw-visits>
<rw-visits order="119">4</rw-visits>
<rw-visits order="120">4</rw-visits>
<rw-visits order="121">4</rw-visits>
<rw-visits order="122">4</rw-visits>
<rw-visits order="123">4</rw-visits>
<rw-visits order="124">4</rw-visits>
<rw-visits order="125">4</rw-visits>
<rw-visits order="126">4</rw-visits>
<rw-visits order="127">4</rw-visits>
<rw-visits order="128">4</rw-visits>
<rw-visits order="129">3</rw-visits>
<rw-visits order="130">3</rw-visits>
<rw-visits order="131">3</rw-visits>
<rw-visits order="132">3</rw-visits>
<rw-visits order="133">3</rw-visits>
<rw-visits order="134">3</rw-visits>
<rw-visits order="135">3</rw-visits>
<rw-visits order="136">3</rw-visits>
<rw-visits order="137">3</rw-visits>
<rw-visits order="138">3</rw-visits>
<rw-visits order="139">2</rw-visits>
<rw-visits order="140">2</rw-visits>
<rw-visits order="141">2</rw-visits>
<rw-visits order="142">2</rw-visits>
<rw-visits order="143">2</rw-visits>
<rw-visits order="144">2</rw-visits>
<rw-visits order="145">2</rw-visits>
<rw-visits order="146">2</rw-visits>
<rw-visits order="147">2</rw-visits>
<rw-visits order="148">2</rw-visits>
<rw-visits order="149">2</rw-visits>
<rw-visits order="150">2</rw-visits>
<rw-visits order="151">2</rw-visits>
<rw-visits order="152">2</rw-visits>
<rw-visits order="153">2</rw-visits>
<rw-visits order="154">2</rw-visits>
<rw-visits order="155">2</rw-visits>
<rw-visits order="156">1</rw-visits>
<rw-visits order="157">1</rw-visits>
<rw-visits order="158">1</rw-visits>
<rw-visits order="159">1</rw-visits>
<rw-visits order="160">1</rw-visits>
<rw-visits order="161">1</rw-visits>
<rw-visits order="162">1</rw-visits>
<rw-visits order="163">1</rw-visits>
<rw-visits order="164">1</rw-visits>
<rw-visits order="165">1</rw-visits>
<rw-visits order="166">1</rw-visits>
<rw-visits order="167">1</rw-visits>
<rw-visits order="168">1</rw-visits>
<rw-visits order="169">1</rw-visits>
<rw-visits order="170">1</rw-visits>
<rw-visits order="171">1</rw-visits>
<rw-visits order="172">1</rw-visits>
<rw-visits order="173">1</rw-visits>
<rw-visits order="174">1</rw-visits>
<rw-visits order="175">1</rw-visits>
<rw-visits order="176">1</rw-visits>
<final-coverage>10.2431</final-coverage>
</rw-info>
<local-info>
<diamonds>88.8889</diamonds>
<neighborhood k="4">18</neighborhood>
<clustering k="4">1.59357</clustering>
</local-info>
<label-info>
<edge-label id="0.0">256</edge-label>
<edge-label id="0.1">64</edge-label>
<edge-label id="0.2">96</edge-label>
<edge-label id="0.3">96</edge-label>
<edge-label id="0.4">64</edge-label>
<edge-label id="1.0">760</edge-label>
<edge-label id="1.1">760</edge-label>
<edge-label id="1.2">760</edge-label>
<edge-label id="1.3">760</edge-label>
<edge-label id="2.0">256</edge-label>
<edge-label id="2.1">128</edge-label>
<edge-label id="2.2">256</edge-label>
<edge-label id="2.3">256</edge-label>
<edge-label id="2.4">256</edge-label>
<state-labels procid="0">
<label id="[{0|0|0|0},-1,0,0]">2</label>
<label id="[{0|0|0|0},-1,1,0]">2</label>
<label id="[{0|0|0|0},-1,2,0]">2</label>
<label id="[{0|0|0|0},-1,3,0]">2</label>
<label id="[{0|0|0|0},0,0,0]">4</label>
<label id="[{0|0|0|0},0,1,0]">2</label>
<label id="[{0|0|0|0},0,2,0]">2</label>
<label id="[{0|0|0|0},0,3,0]">2</label>
<label id="[{0|0|0|0},1,0,0]">2</label>
<label id="[{0|0|0|0},1,1,0]">4</label>
<label id="[{0|0|0|0},1,2,0]">2</label>
<label id="[{0|0|0|0},1,3,0]">2</label>
<label id="[{0|0|0|0},2,0,0]">2</label>
<label id="[{0|0|0|0},2,1,0]">2</label>
<label id="[{0|0|0|0},2,2,0]">4</label>
<label id="[{0|0|0|0},2,3,0]">2</label>
<label id="[{0|0|0|0},3,0,0]">2</label>
<label id="[{0|0|0|0},3,1,0]">2</label>
<label id="[{0|0|0|0},3,2,0]">2</label>
<label id="[{0|0|0|0},3,3,0]">4</label>
<label id="[{0|0|0|0},4,0,0]">2</label>
<label id="[{0|0|0|0},4,1,0]">2</label>
<label id="[{0|0|0|0},4,2,0]">2</label>
<label id="[{0|0|0|0},4,3,0]">2</label>
<label id="[{0|0|0|1},-1,0,0]">2</label>
<label id="[{0|0|0|1},-1,1,0]">2</label>
<label id="[{0|0|0|1},-1,2,0]">2</label>
<label id="[{0|0|0|1},-1,3,0]">2</label>
<label id="[{0|0|0|1},0,0,0]">4</label>
<label id="[{0|0|0|1},0,1,0]">2</label>
<label id="[{0|0|0|1},0,2,0]">2</label>
<label id="[{0|0|0|1},0,3,0]">2</label>
<label id="[{0|0|0|1},1,0,0]">2</label>
<label id="[{0|0|0|1},1,1,0]">4</label>
<label id="[{0|0|0|1},1,2,0]">2</label>
<label id="[{0|0|0|1},1,3,0]">2</label>
<label id="[{0|0|0|1},2,0,0]">2</label>
<label id="[{0|0|0|1},2,1,0]">2</label>
<label id="[{0|0|0|1},2,2,0]">4</label>
<label id="[{0|0|0|1},2,3,0]">2</label>
<label id="[{0|0|0|1},3,0,0]">4</label>
<label id="[{0|0|0|1},3,0,1]">4</label>
<label id="[{0|0|0|1},3,1,0]">4</label>
<label id="[{0|0|0|1},3,1,1]">4</label>
<label id="[{0|0|0|1},3,2,0]">4</label>
<label id="[{0|0|0|1},3,2,1]">4</label>
<label id="[{0|0|0|1},3,3,0]">6</label>
<label id="[{0|0|0|1},3,3,1]">6</label>
<label id="[{0|0|0|1},4,0,0]">2</label>
<label id="[{0|0|0|1},4,1,0]">2</label>
<label id="[{0|0|0|1},4,2,0]">2</label>
<label id="[{0|0|0|1},4,3,0]">2</label>
<label id="[{0|0|1|0},-1,0,0]">2</label>
<label id="[{0|0|1|0},-1,1,0]">2</label>
<label id="[{0|0|1|0},-1,2,0]">2</label>
<label id="[{0|0|1|0},-1,3,0]">2</label>
<label id="[{0|0|1|0},0,0,0]">4</label>
<label id="[{0|0|1|0},0,1,0]">2</label>
<label id="[{0|0|1|0},0,2,0]">2</label>
<label id="[{0|0|1|0},0,3,0]">2</label>
<label id="[{0|0|1|0},1,0,0]">2</label>
<label id="[{0|0|1|0},1,1,0]">4</label>
<label id="[{0|0|1|0},1,2,0]">2</label>
<label id="[{0|0|1|0},1,3,0]">2</label>
<label id="[{0|0|1|0},2,0,0]">4</label>
<label id="[{0|0|1|0},2,0,1]">4</label>
<label id="[{0|0|1|0},2,1,0]">4</label>
<label id="[{0|0|1|0},2,1,1]">4</label>
<label id="[{0|0|1|0},2,2,0]">6</label>
<label id="[{0|0|1|0},2,2,1]">6</label>
<label id="[{0|0|1|0},2,3,0]">4</label>
<label id="[{0|0|1|0},2,3,1]">4</label>
<label id="[{0|0|1|0},3,0,0]">2</label>
<label id="[{0|0|1|0},3,1,0]">2</label>
<label id="[{0|0|1|0},3,2,0]">2</label>
<label id="[{0|0|1|0},3,3,0]">4</label>
<label id="[{0|0|1|0},4,0,0]">2</label>
<label id="[{0|0|1|0},4,1,0]">2</label>
<label id="[{0|0|1|0},4,2,0]">2</label>
<label id="[{0|0|1|0},4,3,0]">2</label>
<label id="[{0|0|1|1},-1,0,0]">2</label>
<label id="[{0|0|1|1},-1,1,0]">2</label>
<label id="[{0|0|1|1},-1,2,0]">2</label>
<label id="[{0|0|1|1},-1,3,0]">2</label>
<label id="[{0|0|1|1},0,0,0]">4</label>
<label id="[{0|0|1|1},0,1,0]">2</label>
<label id="[{0|0|1|1},0,2,0]">2</label>
<label id="[{0|0|1|1},0,3,0]">2</label>
<label id="[{0|0|1|1},1,0,0]">2</label>
<label id="[{0|0|1|1},1,1,0]">4</label>
<label id="[{0|0|1|1},1,2,0]">2</label>
<label id="[{0|0|1|1},1,3,0]">2</label>
<label id="[{0|0|1|1},2,0,0]">4</label>
<label id="[{0|0|1|1},2,0,1]">4</label>
<label id="[{0|0|1|1},2,1,0]">4</label>
<label id="[{0|0|1|1},2,1,1]">4</label>
<label id="[{0|0|1|1},2,2,0]">6</label>
<label id="[{0|0|1|1},2,2,1]">6</label>
<label id="[{0|0|1|1},2,3,0]">4</label>
<label id="[{0|0|1|1},2,3,1]">4</label>
<label id="[{0|0|1|1},3,0,0]">4</label>
<label id="[{0|0|1|1},3,0,1]">4</label>
<label id="[{0|0|1|1},3,1,0]">4</label>
<label id="[{0|0|1|1},3,1,1]">4</label>
<label id="[{0|0|1|1},3,2,0]">4</label>
<label id="[{0|0|1|1},3,2,1]">4</label>
<label id="[{0|0|1|1},3,3,0]">6</label>
<label id="[{0|0|1|1},3,3,1]">6</label>
<label id="[{0|0|1|1},4,0,0]">2</label>
<label id="[{0|0|1|1},4,1,0]">2</label>
<label id="[{0|0|1|1},4,2,0]">2</label>
<label id="[{0|0|1|1},4,3,0]">2</label>
<label id="[{0|1|0|0},-1,0,0]">2</label>
<label id="[{0|1|0|0},-1,1,0]">2</label>
<label id="[{0|1|0|0},-1,2,0]">2</label>
<label id="[{0|1|0|0},-1,3,0]">2</label>
<label id="[{0|1|0|0},0,0,0]">4</label>
<label id="[{0|1|0|0},0,1,0]">2</label>
<label id="[{0|1|0|0},0,2,0]">2</label>
<label id="[{0|1|0|0},0,3,0]">2</label>
<label id="[{0|1|0|0},1,0,0]">4</label>
<label id="[{0|1|0|0},1,0,1]">4</label>
<label id="[{0|1|0|0},1,1,0]">6</label>
<label id="[{0|1|0|0},1,1,1]">6</label>
<label id="[{0|1|0|0},1,2,0]">4</label>
<label id="[{0|1|0|0},1,2,1]">4</label>
<label id="[{0|1|0|0},1,3,0]">4</label>
<label id="[{0|1|0|0},1,3,1]">4</label>
<label id="[{0|1|0|0},2,0,0]">2</label>
<label id="[{0|1|0|0},2,1,0]">2</label>
<label id="[{0|1|0|0},2,2,0]">4</label>
<label id="[{0|1|0|0},2,3,0]">2</label>
<label id="[{0|1|0|0},3,0,0]">2</label>
<label id="[{0|1|0|0},3,1,0]">2</label>
<label id="[{0|1|0|0},3,2,0]">2</label>
<label id="[{0|1|0|0},3,3,0]">4</label>
<label id="[{0|1|0|0},4,0,0]">2</label>
<label id="[{0|1|0|0},4,1,0]">2</label>
<label id="[{0|1|0|0},4,2,0]">2</label>
<label id="[{0|1|0|0},4,3,0]">2</label>
<label id="[{0|1|0|1},-1,0,0]">2</label>
<label id="[{0|1|0|1},-1,1,0]">2</label>
<label id="[{0|1|0|1},-1,2,0]">2</label>
<label id="[{0|1|0|1},-1,3,0]">2</label>
<label id="[{0|1|0|1},0,0,0]">4</label>
<label id="[{0|1|0|1},0,1,0]">2</label>
<label id="[{0|1|0|1},0,2,0]">2</label>
<label id="[{0|1|0|1},0,3,0]">2</label>
<label id="[{0|1|0|1},1,0,0]">4</label>
<label id="[{0|1|0|1},1,0,1]">4</label>
<label id="[{0|1|0|1},1,1,0]">6</label>
<label id="[{0|1|0|1},1,1,1]">6</label>
<label id="[{0|1|0|1},1,2,0]">4</label>
<label id="[{0|1|0|1},1,2,1]">4</label>
<label id="[{0|1|0|1},1,3,0]">4</label>
<label id="[{0|1|0|1},1,3,1]">4</label>
<label id="[{0|1|0|1},2,0,0]">2</label>
<label id="[{0|1|0|1},2,1,0]">2</label>
<label id="[{0|1|0|1},2,2,0]">4</label>
<label id="[{0|1|0|1},2,3,0]">2</label>
<label id="[{0|1|0|1},3,0,0]">4</label>
<label id="[{0|1|0|1},3,0,1]">4</label>
<label id="[{0|1|0|1},3,1,0]">4</label>
<label id="[{0|1|0|1},3,1,1]">4</label>
<label id="[{0|1|0|1},3,2,0]">4</label>
<label id="[{0|1|0|1},3,2,1]">4</label>
<label id="[{0|1|0|1},3,3,0]">6</label>
<label id="[{0|1|0|1},3,3,1]">6</label>
<label id="[{0|1|0|1},4,0,0]">2</label>
<label id="[{0|1|0|1},4,1,0]">2</label>
<label id="[{0|1|0|1},4,2,0]">2</label>
<label id="[{0|1|0|1},4,3,0]">2</label>
<label id="[{0|1|1|0},-1,0,0]">2</label>
<label id="[{0|1|1|0},-1,1,0]">2</label>
<label id="[{0|1|1|0},-1,2,0]">2</label>
<label id="[{0|1|1|0},-1,3,0]">2</label>
<label id="[{0|1|1|0},0,0,0]">4</label>
<label id="[{0|1|1|0},0,1,0]">2</label>
<label id="[{0|1|1|0},0,2,0]">2</label>
<label id="[{0|1|1|0},0,3,0]">2</label>
<label id="[{0|1|1|0},1,0,0]">4</label>
<label id="[{0|1|1|0},1,0,1]">4</label>
<label id="[{0|1|1|0},1,1,0]">6</label>
<label id="[{0|1|1|0},1,1,1]">6</label>
<label id="[{0|1|1|0},1,2,0]">4</label>
<label id="[{0|1|1|0},1,2,1]">4</label>
<label id="[{0|1|1|0},1,3,0]">4</label>
<label id="[{0|1|1|0},1,3,1]">4</label>
<label id="[{0|1|1|0},2,0,0]">4</label>
<label id="[{0|1|1|0},2,0,1]">4</label>
<label id="[{0|1|1|0},2,1,0]">4</label>
<label id="[{0|1|1|0},2,1,1]">4</label>
<label id="[{0|1|1|0},2,2,0]">6</label>
<label id="[{0|1|1|0},2,2,1]">6</label>
<label id="[{0|1|1|0},2,3,0]">4</label>
<label id="[{0|1|1|0},2,3,1]">4</label>
<label id="[{0|1|1|0},3,0,0]">2</label>
<label id="[{0|1|1|0},3,1,0]">2</label>
<label id="[{0|1|1|0},3,2,0]">2</label>
<label id="[{0|1|1|0},3,3,0]">4</label>
<label id="[{0|1|1|0},4,0,0]">2</label>
<label id="[{0|1|1|0},4,1,0]">2</label>
<label id="[{0|1|1|0},4,2,0]">2</label>
<label id="[{0|1|1|0},4,3,0]">2</label>
<label id="[{0|1|1|1},-1,0,0]">2</label>
<label id="[{0|1|1|1},-1,1,0]">2</label>
<label id="[{0|1|1|1},-1,2,0]">2</label>
<label id="[{0|1|1|1},-1,3,0]">2</label>
<label id="[{0|1|1|1},0,0,0]">4</label>
<label id="[{0|1|1|1},0,1,0]">2</label>
<label id="[{0|1|1|1},0,2,0]">2</label>
<label id="[{0|1|1|1},0,3,0]">2</label>
<label id="[{0|1|1|1},1,0,0]">4</label>
<label id="[{0|1|1|1},1,0,1]">4</label>
<label id="[{0|1|1|1},1,1,0]">6</label>
<label id="[{0|1|1|1},1,1,1]">6</label>
<label id="[{0|1|1|1},1,2,0]">4</label>
<label id="[{0|1|1|1},1,2,1]">4</label>
<label id="[{0|1|1|1},1,3,0]">4</label>
<label id="[{0|1|1|1},1,3,1]">4</label>
<label id="[{0|1|1|1},2,0,0]">4</label>
<label id="[{0|1|1|1},2,0,1]">4</label>
<label id="[{0|1|1|1},2,1,0]">4</label>
<label id="[{0|1|1|1},2,1,1]">4</label>
<label id="[{0|1|1|1},2,2,0]">6</label>
<label id="[{0|1|1|1},2,2,1]">6</label>
<label id="[{0|1|1|1},2,3,0]">4</label>
<label id="[{0|1|1|1},2,3,1]">4</label>
<label id="[{0|1|1|1},3,0,0]">4</label>
<label id="[{0|1|1|1},3,0,1]">4</label>
<label id="[{0|1|1|1},3,1,0]">4</label>
<label id="[{0|1|1|1},3,1,1]">4</label>
<label id="[{0|1|1|1},3,2,0]">4</label>
<label id="[{0|1|1|1},3,2,1]">4</label>
<label id="[{0|1|1|1},3,3,0]">6</label>
<label id="[{0|1|1|1},3,3,1]">6</label>
<label id="[{0|1|1|1},4,0,0]">2</label>
<label id="[{0|1|1|1},4,1,0]">2</label>
<label id="[{0|1|1|1},4,2,0]">2</label>
<label id="[{0|1|1|1},4,3,0]">2</label>
<label id="[{1|0|0|0},-1,0,0]">2</label>
<label id="[{1|0|0|0},-1,1,0]">2</label>
<label id="[{1|0|0|0},-1,2,0]">2</label>
<label id="[{1|0|0|0},-1,3,0]">2</label>
<label id="[{1|0|0|0},0,0,0]">6</label>
<label id="[{1|0|0|0},0,0,1]">6</label>
<label id="[{1|0|0|0},0,1,0]">4</label>
<label id="[{1|0|0|0},0,1,1]">4</label>
<label id="[{1|0|0|0},0,2,0]">4</label>
<label id="[{1|0|0|0},0,2,1]">4</label>
<label id="[{1|0|0|0},0,3,0]">4</label>
<label id="[{1|0|0|0},0,3,1]">4</label>
<label id="[{1|0|0|0},1,0,0]">2</label>
<label id="[{1|0|0|0},1,1,0]">4</label>
<label id="[{1|0|0|0},1,2,0]">2</label>
<label id="[{1|0|0|0},1,3,0]">2</label>
<label id="[{1|0|0|0},2,0,0]">2</label>
<label id="[{1|0|0|0},2,1,0]">2</label>
<label id="[{1|0|0|0},2,2,0]">4</label>
<label id="[{1|0|0|0},2,3,0]">2</label>
<label id="[{1|0|0|0},3,0,0]">2</label>
<label id="[{1|0|0|0},3,1,0]">2</label>
<label id="[{1|0|0|0},3,2,0]">2</label>
<label id="[{1|0|0|0},3,3,0]">4</label>
<label id="[{1|0|0|0},4,0,0]">2</label>
<label id="[{1|0|0|0},4,1,0]">2</label>
<label id="[{1|0|0|0},4,2,0]">2</label>
<label id="[{1|0|0|0},4,3,0]">2</label>
<label id="[{1|0|0|1},-1,0,0]">2</label>
<label id="[{1|0|0|1},-1,1,0]">2</label>
<label id="[{1|0|0|1},-1,2,0]">2</label>
<label id="[{1|0|0|1},-1,3,0]">2</label>
<label id="[{1|0|0|1},0,0,0]">6</label>
<label id="[{1|0|0|1},0,0,1]">6</label>
<label id="[{1|0|0|1},0,1,0]">4</label>
<label id="[{1|0|0|1},0,1,1]">4</label>
<label id="[{1|0|0|1},0,2,0]">4</label>
<label id="[{1|0|0|1},0,2,1]">4</label>
<label id="[{1|0|0|1},0,3,0]">4</label>
<label id="[{1|0|0|1},0,3,1]">4</label>
<label id="[{1|0|0|1},1,0,0]">2</label>
<label id="[{1|0|0|1},1,1,0]">4</label>
<label id="[{1|0|0|1},1,2,0]">2</label>
<label id="[{1|0|0|1},1,3,0]">2</label>
<label id="[{1|0|0|1},2,0,0]">2</label>
<label id="[{1|0|0|1},2,1,0]">2</label>
<label id="[{1|0|0|1},2,2,0]">4</label>
<label id="[{1|0|0|1},2,3,0]">2</label>
<label id="[{1|0|0|1},3,0,0]">4</label>
<label id="[{1|0|0|1},3,0,1]">4</label>
<label id="[{1|0|0|1},3,1,0]">4</label>
<label id="[{1|0|0|1},3,1,1]">4</label>
<label id="[{1|0|0|1},3,2,0]">4</label>
<label id="[{1|0|0|1},3,2,1]">4</label>
<label id="[{1|0|0|1},3,3,0]">6</label>
<label id="[{1|0|0|1},3,3,1]">6</label>
<label id="[{1|0|0|1},4,0,0]">2</label>
<label id="[{1|0|0|1},4,1,0]">2</label>
<label id="[{1|0|0|1},4,2,0]">2</label>
<label id="[{1|0|0|1},4,3,0]">2</label>
<label id="[{1|0|1|0},-1,0,0]">2</label>
<label id="[{1|0|1|0},-1,1,0]">2</label>
<label id="[{1|0|1|0},-1,2,0]">2</label>
<label id="[{1|0|1|0},-1,3,0]">2</label>
<label id="[{1|0|1|0},0,0,0]">6</label>
<label id="[{1|0|1|0},0,0,1]">6</label>
<label id="[{1|0|1|0},0,1,0]">4</label>
<label id="[{1|0|1|0},0,1,1]">4</label>
<label id="[{1|0|1|0},0,2,0]">4</label>
<label id="[{1|0|1|0},0,2,1]">4</label>
<label id="[{1|0|1|0},0,3,0]">4</label>
<label id="[{1|0|1|0},0,3,1]">4</label>
<label id="[{1|0|1|0},1,0,0]">2</label>
<label id="[{1|0|1|0},1,1,0]">4</label>
<label id="[{1|0|1|0},1,2,0]">2</label>
<label id="[{1|0|1|0},1,3,0]">2</label>
<label id="[{1|0|1|0},2,0,0]">4</label>
<label id="[{1|0|1|0},2,0,1]">4</label>
<label id="[{1|0|1|0},2,1,0]">4</label>
<label id="[{1|0|1|0},2,1,1]">4</label>
<label id="[{1|0|1|0},2,2,0]">6</label>
<label id="[{1|0|1|0},2,2,1]">6</label>
<label id="[{1|0|1|0},2,3,0]">4</label>
<label id="[{1|0|1|0},2,3,1]">4</label>
<label id="[{1|0|1|0},3,0,0]">2</label>
<label id="[{1|0|1|0},3,1,0]">2</label>
<label id="[{1|0|1|0},3,2,0]">2</label>
<label id="[{1|0|1|0},3,3,0]">4</label>
<label id="[{1|0|1|0},4,0,0]">2</label>
<label id="[{1|0|1|0},4,1,0]">2</label>
<label id="[{1|0|1|0},4,2,0]">2</label>
<label id="[{1|0|1|0},4,3,0]">2</label>
<label id="[{1|0|1|1},-1,0,0]">2</label>
<label id="[{1|0|1|1},-1,1,0]">2</label>
<label id="[{1|0|1|1},-1,2,0]">2</label>
<label id="[{1|0|1|1},-1,3,0]">2</label>
<label id="[{1|0|1|1},0,0,0]">6</label>
<label id="[{1|0|1|1},0,0,1]">6</label>
<label id="[{1|0|1|1},0,1,0]">4</label>
<label id="[{1|0|1|1},0,1,1]">4</label>
<label id="[{1|0|1|1},0,2,0]">4</label>
<label id="[{1|0|1|1},0,2,1]">4</label>
<label id="[{1|0|1|1},0,3,0]">4</label>
<label id="[{1|0|1|1},0,3,1]">4</label>
<label id="[{1|0|1|1},1,0,0]">2</label>
<label id="[{1|0|1|1},1,1,0]">4</label>
<label id="[{1|0|1|1},1,2,0]">2</label>
<label id="[{1|0|1|1},1,3,0]">2</label>
<label id="[{1|0|1|1},2,0,0]">4</label>
<label id="[{1|0|1|1},2,0,1]">4</label>
<label id="[{1|0|1|1},2,1,0]">4</label>
<label id="[{1|0|1|1},2,1,1]">4</label>
<label id="[{1|0|1|1},2,2,0]">6</label>
<label id="[{1|0|1|1},2,2,1]">6</label>
<label id="[{1|0|1|1},2,3,0]">4</label>
<label id="[{1|0|1|1},2,3,1]">4</label>
<label id="[{1|0|1|1},3,0,0]">4</label>
<label id="[{1|0|1|1},3,0,1]">4</label>
<label id="[{1|0|1|1},3,1,0]">4</label>
<label id="[{1|0|1|1},3,1,1]">4</label>
<label id="[{1|0|1|1},3,2,0]">4</label>
<label id="[{1|0|1|1},3,2,1]">4</label>
<label id="[{1|0|1|1},3,3,0]">6</label>
<label id="[{1|0|1|1},3,3,1]">6</label>
<label id="[{1|0|1|1},4,0,0]">2</label>
<label id="[{1|0|1|1},4,1,0]">2</label>
<label id="[{1|0|1|1},4,2,0]">2</label>
<label id="[{1|0|1|1},4,3,0]">2</label>
<label id="[{1|1|0|0},-1,0,0]">2</label>
<label id="[{1|1|0|0},-1,1,0]">2</label>
<label id="[{1|1|0|0},-1,2,0]">2</label>
<label id="[{1|1|0|0},-1,3,0]">2</label>
<label id="[{1|1|0|0},0,0,0]">6</label>
<label id="[{1|1|0|0},0,0,1]">6</label>
<label id="[{1|1|0|0},0,1,0]">4</label>
<label id="[{1|1|0|0},0,1,1]">4</label>
<label id="[{1|1|0|0},0,2,0]">4</label>
<label id="[{1|1|0|0},0,2,1]">4</label>
<label id="[{1|1|0|0},0,3,0]">4</label>
<label id="[{1|1|0|0},0,3,1]">4</label>
<label id="[{1|1|0|0},1,0,0]">4</label>
<label id="[{1|1|0|0},1,0,1]">4</label>
<label id="[{1|1|0|0},1,1,0]">6</label>
<label id="[{1|1|0|0},1,1,1]">6</label>
<label id="[{1|1|0|0},1,2,0]">4</label>
<label id="[{1|1|0|0},1,2,1]">4</label>
<label id="[{1|1|0|0},1,3,0]">4</label>
<label id="[{1|1|0|0},1,3,1]">4</label>
<label id="[{1|1|0|0},2,0,0]">2</label>
<label id="[{1|1|0|0},2,1,0]">2</label>
<label id="[{1|1|0|0},2,2,0]">4</label>
<label id="[{1|1|0|0},2,3,0]">2</label>
<label id="[{1|1|0|0},3,0,0]">2</label>
<label id="[{1|1|0|0},3,1,0]">2</label>
<label id="[{1|1|0|0},3,2,0]">2</label>
<label id="[{1|1|0|0},3,3,0]">4</label>
<label id="[{1|1|0|0},4,0,0]">2</label>
<label id="[{1|1|0|0},4,1,0]">2</label>
<label id="[{1|1|0|0},4,2,0]">2</label>
<label id="[{1|1|0|0},4,3,0]">2</label>
<label id="[{1|1|0|1},-1,0,0]">2</label>
<label id="[{1|1|0|1},-1,1,0]">2</label>
<label id="[{1|1|0|1},-1,2,0]">2</label>
<label id="[{1|1|0|1},-1,3,0]">2</label>
<label id="[{1|1|0|1},0,0,0]">6</label>
<label id="[{1|1|0|1},0,0,1]">6</label>
<label id="[{1|1|0|1},0,1,0]">4</label>
<label id="[{1|1|0|1},0,1,1]">4</label>
<label id="[{1|1|0|1},0,2,0]">4</label>
<label id="[{1|1|0|1},0,2,1]">4</label>
<label id="[{1|1|0|1},0,3,0]">4</label>
<label id="[{1|1|0|1},0,3,1]">4</label>
<label id="[{1|1|0|1},1,0,0]">4</label>
<label id="[{1|1|0|1},1,0,1]">4</label>
<label id="[{1|1|0|1},1,1,0]">6</label>
<label id="[{1|1|0|1},1,1,1]">6</label>
<label id="[{1|1|0|1},1,2,0]">4</label>
<label id="[{1|1|0|1},1,2,1]">4</label>
<label id="[{1|1|0|1},1,3,0]">4</label>
<label id="[{1|1|0|1},1,3,1]">4</label>
<label id="[{1|1|0|1},2,0,0]">2</label>
<label id="[{1|1|0|1},2,1,0]">2</label>
<label id="[{1|1|0|1},2,2,0]">4</label>
<label id="[{1|1|0|1},2,3,0]">2</label>
<label id="[{1|1|0|1},3,0,0]">4</label>
<label id="[{1|1|0|1},3,0,1]">4</label>
<label id="[{1|1|0|1},3,1,0]">4</label>
<label id="[{1|1|0|1},3,1,1]">4</label>
<label id="[{1|1|0|1},3,2,0]">4</label>
<label id="[{1|1|0|1},3,2,1]">4</label>
<label id="[{1|1|0|1},3,3,0]">6</label>
<label id="[{1|1|0|1},3,3,1]">6</label>
<label id="[{1|1|0|1},4,0,0]">2</label>
<label id="[{1|1|0|1},4,1,0]">2</label>
<label id="[{1|1|0|1},4,2,0]">2</label>
<label id="[{1|1|0|1},4,3,0]">2</label>
<label id="[{1|1|1|0},-1,0,0]">2</label>
<label id="[{1|1|1|0},-1,1,0]">2</label>
<label id="[{1|1|1|0},-1,2,0]">2</label>
<label id="[{1|1|1|0},-1,3,0]">2</label>
<label id="[{1|1|1|0},0,0,0]">6</label>
<label id="[{1|1|1|0},0,0,1]">6</label>
<label id="[{1|1|1|0},0,1,0]">4</label>
<label id="[{1|1|1|0},0,1,1]">4</label>
<label id="[{1|1|1|0},0,2,0]">4</label>
<label id="[{1|1|1|0},0,2,1]">4</label>
<label id="[{1|1|1|0},0,3,0]">4</label>
<label id="[{1|1|1|0},0,3,1]">4</label>
<label id="[{1|1|1|0},1,0,0]">4</label>
<label id="[{1|1|1|0},1,0,1]">4</label>
<label id="[{1|1|1|0},1,1,0]">6</label>
<label id="[{1|1|1|0},1,1,1]">6</label>
<label id="[{1|1|1|0},1,2,0]">4</label>
<label id="[{1|1|1|0},1,2,1]">4</label>
<label id="[{1|1|1|0},1,3,0]">4</label>
<label id="[{1|1|1|0},1,3,1]">4</label>
<label id="[{1|1|1|0},2,0,0]">4</label>
<label id="[{1|1|1|0},2,0,1]">4</label>
<label id="[{1|1|1|0},2,1,0]">4</label>
<label id="[{1|1|1|0},2,1,1]">4</label>
<label id="[{1|1|1|0},2,2,0]">6</label>
<label id="[{1|1|1|0},2,2,1]">6</label>
<label id="[{1|1|1|0},2,3,0]">4</label>
<label id="[{1|1|1|0},2,3,1]">4</label>
<label id="[{1|1|1|0},3,0,0]">2</label>
<label id="[{1|1|1|0},3,1,0]">2</label>
<label id="[{1|1|1|0},3,2,0]">2</label>
<label id="[{1|1|1|0},3,3,0]">4</label>
<label id="[{1|1|1|0},4,0,0]">2</label>
<label id="[{1|1|1|0},4,1,0]">2</label>
<label id="[{1|1|1|0},4,2,0]">2</label>
<label id="[{1|1|1|0},4,3,0]">2</label>
<label id="[{1|1|1|1},-1,0,0]">2</label>
<label id="[{1|1|1|1},-1,1,0]">2</label>
<label id="[{1|1|1|1},-1,2,0]">2</label>
<label id="[{1|1|1|1},-1,3,0]">2</label>
<label id="[{1|1|1|1},0,0,0]">6</label>
<label id="[{1|1|1|1},0,0,1]">6</label>
<label id="[{1|1|1|1},0,1,0]">4</label>
<label id="[{1|1|1|1},0,1,1]">4</label>
<label id="[{1|1|1|1},0,2,0]">4</label>
<label id="[{1|1|1|1},0,2,1]">4</label>
<label id="[{1|1|1|1},0,3,0]">4</label>
<label id="[{1|1|1|1},0,3,1]">4</label>
<label id="[{1|1|1|1},1,0,0]">4</label>
<label id="[{1|1|1|1},1,0,1]">4</label>
<label id="[{1|1|1|1},1,1,0]">6</label>
<label id="[{1|1|1|1},1,1,1]">6</label>
<label id="[{1|1|1|1},1,2,0]">4</label>
<label id="[{1|1|1|1},1,2,1]">4</label>
<label id="[{1|1|1|1},1,3,0]">4</label>
<label id="[{1|1|1|1},1,3,1]">4</label>
<label id="[{1|1|1|1},2,0,0]">4</label>
<label id="[{1|1|1|1},2,0,1]">4</label>
<label id="[{1|1|1|1},2,1,0]">4</label>
<label id="[{1|1|1|1},2,1,1]">4</label>
<label id="[{1|1|1|1},2,2,0]">6</label>
<label id="[{1|1|1|1},2,2,1]">6</label>
<label id="[{1|1|1|1},2,3,0]">4</label>
<label id="[{1|1|1|1},2,3,1]">4</label>
<label id="[{1|1|1|1},3,0,0]">4</label>
<label id="[{1|1|1|1},3,0,1]">4</label>
<label id="[{1|1|1|1},3,1,0]">4</label>
<label id="[{1|1|1|1},3,1,1]">4</label>
<label id="[{1|1|1|1},3,2,0]">4</label>
<label id="[{1|1|1|1},3,2,1]">4</label>
<label id="[{1|1|1|1},3,3,0]">6</label>
<label id="[{1|1|1|1},3,3,1]">6</label>
<label id="[{1|1|1|1},4,0,0]">2</label>
<label id="[{1|1|1|1},4,1,0]">2</label>
<label id="[{1|1|1|1},4,2,0]">2</label>
<label id="[{1|1|1|1},4,3,0]">2</label>
</state-labels><state-labels procid="1">
<label id="[0]">1408</label>
<label id="[1]">256</label>
<label id="[2]">64</label>
</state-labels><state-labels procid="2">
<label id="[0]">1728</label>
</state-labels><state-labels procid="3">
<label id="[0,0]">416</label>
<label id="[0,1]">416</label>
<label id="[1,0]">320</label>
<label id="[1,1]">320</label>
<label id="[2,0]">128</label>
<label id="[2,1]">128</label>
</state-labels></label-info>
</state-space-info>
