<?xml version="1.0"?>

<!DOCTYPE instance-list SYSTEM "../instance_list.dtd">

<instance-list>
<instance name="elevator2" id="1">
<reach-time complete="yes">0.5</reach-time>
<states>1728</states>
<state-size>16</state-size>
<prediction>0</prediction>
<ltl-prob prop-id="1" answer="no" length="71"/>
<ltl-prob prop-id="2" answer="no" length="71"/>
<ltl-prob prop-id="3" answer="no" length="71"/>
<ltl-prob prop-id="4" answer="yes" length="0"/>
<ltl-prob prop-id="5" answer="no" length="71"/>
</instance>

<instance name="elevator2" id="2">
<reach-time complete="yes">4.0</reach-time>
<states>179200</states>
<state-size>21</state-size>
<prediction>0</prediction>
<ltl-prob prop-id="1" answer="no" length="18"/>
<ltl-prob prop-id="2" answer="no" length="18"/>
<ltl-prob prop-id="3" answer="no" length="18"/>
<ltl-prob prop-id="4" answer="no" length="18"/>
<ltl-prob prop-id="5" answer="no" length="18"/>
</instance>

<instance name="elevator2" id="3">
<reach-time complete="yes">176.9</reach-time>
<states>7667712</states>
<state-size>25</state-size>
<prediction>0</prediction>
<ltl-prob prop-id="1" answer="unknown" length="0"/>
<ltl-prob prop-id="2" answer="unknown" length="0"/>
<ltl-prob prop-id="3" answer="unknown" length="0"/>
<ltl-prob prop-id="4" answer="unknown" length="0"/>
<ltl-prob prop-id="5" answer="unknown" length="0"/>
</instance>

</instance-list>
