<?xml version="1.0"?>

<!DOCTYPE model SYSTEM "../model.dtd">

<model  type="controller" status="ok" classification="simple">
  <short-description>Simple controller of a train gate</short-description>
  <long-description>The example is converted from an UPPAAL demo. The clock x were modeled by new process Clock and byte x is from 0 to 25.</long-description>

  <author>Tomas Kratochvila</author>
  <source>@inproceedings{681364,
 author = {Wang Yi and Paul Pettersson and Mats Daniels},
 title = {Automatic verification of real-time communicating systems by constraint-solving},
 booktitle = {Proceedings of the 7th IFIP WG6.1 International Conference on Formal Description Techniques VII},
 year = {1995},
 isbn = {0-412-64450-9},
 pages = {243--258},
 publisher = {Chapman &amp; Hall, Ltd.},
 }
</source>

  <parameter-description>
    <par-name>N</par-name>
    <par-description>The number of trains + 1</par-description>
  </parameter-description>
  <parameter-description>
    <par-name>ERROR</par-name>
    <par-description>An artificial error in the model (wrong bound)</par-description>
  </parameter-description>
  
<ap><ap-name>t1c</ap-name><ap-expression>Train_1.Cross</ap-expression></ap>
<ap><ap-name>t2c</ap-name><ap-expression>Train_2.Cross</ap-expression></ap>
<ap><ap-name>t1a</ap-name><ap-expression>Train_1.Appr</ap-expression></ap>
<ap><ap-name>t2a</ap-name><ap-expression>Train_2.Appr</ap-expression></ap>
<ap><ap-name>t1s</ap-name><ap-expression>Train_2.Stop</ap-expression></ap>
<ap><ap-name>t2s</ap-name><ap-expression>Train_2.Stop</ap-expression></ap>

  <property id="1" prop-type="reachability">
    <formula>t1c &amp;&amp; t2c</formula>
    <description>Collision on the cross (train 1 and train 2)</description>
  </property>

  <property id="2" prop-type="LTL">
    <formula>G (t1a -> F t1c)</formula>
    <description>Response property (whenever a train approaches the bridge, it
    will eventually cross) for the train 1.
</description>
  </property>
  
  <instance id="1">
    <parameters>N=3,ERROR=1</parameters>
  </instance>
  <instance id="2">
    <parameters>N=5</parameters>
  </instance>
  <instance id="3">
    <parameters>N=5,ERROR=1</parameters>
  </instance>
  <instance id="4">
    <parameters>N=7</parameters>
  </instance>
  <instance id="5">
    <parameters>N=7,ERROR=1</parameters>
  </instance>
  <instance id="6">
    <parameters>N=8</parameters>
  </instance>
  <instance id="7">
    <parameters>N=9</parameters>
  </instance>


  
</model>