<?xml version="1.0"?>

<!DOCTYPE instance-list SYSTEM "../instance_list.dtd">

<instance-list>
<instance name="driving_phils" id="1">
<reach-time complete="yes">0.7</reach-time>
<states>14889</states>
<state-size>34</state-size>
<prediction>0</prediction>
<reach-goal prop-id="1" answer="yes" length="1"/>
<ltl-prob prop-id="2" answer="no" length="89"/>
<ltl-prob prop-id="3" answer="no" length="89"/>
</instance>

<instance name="driving_phils" id="2">
<reach-time complete="yes">1.0</reach-time>
<states>33173</states>
<state-size>46</state-size>
<prediction>0</prediction>
<reach-goal prop-id="1" answer="yes" length="1"/>
<ltl-prob prop-id="2" answer="yes" length="0"/>
<ltl-prob prop-id="3" answer="no" length="67"/>
</instance>

<instance name="driving_phils" id="3">
<reach-time complete="no">838.2</reach-time>
<states>23583477</states>
<state-size>46</state-size>
<prediction>0</prediction>
<reach-goal prop-id="1" answer="yes" length="1"/>
<ltl-prob prop-id="2" answer="unknown" length="0"/>
<ltl-prob prop-id="3" answer="unknown" length="0"/>
</instance>

<instance name="driving_phils" id="4">
<reach-time complete="no">841.1</reach-time>
<states>21317183</states>
<state-size>54</state-size>
<prediction>0</prediction>
<reach-goal prop-id="1" answer="yes" length="1"/>
<ltl-prob prop-id="2" answer="unknown" length="0"/>
<ltl-prob prop-id="3" answer="unknown" length="0"/>
</instance>

<instance name="driving_phils" id="5">
<reach-time complete="no">507.7</reach-time>
<states>18601771</states>
<state-size>54</state-size>
<prediction>0</prediction>
<reach-goal prop-id="1" answer="yes" length="1"/>
<ltl-prob prop-id="2" answer="unknown" length="0"/>
<ltl-prob prop-id="3" answer="unknown" length="0"/>
</instance>

</instance-list>
