<?xml version="1.0"?>
<!DOCTYPE state-space-info SYSTEM "../../state_space_info.dtd">


<state-space-info>
<states>2458</states>
<edges>2755</edges>
<bfs-info>
 <levels>105</levels>
<max-level>65</max-level>

<back-level-edges>231</back-level-edges>
<max-back-level-edge>80</max-back-level-edge>
<avg-back-level-edge>25.8398</avg-back-level-edge>
<bfs-levels>
<level id="0"><states>1</states><edges>1</edges></level>
<level id="1"><states>1</states><edges>1</edges></level>
<level id="2"><states>1</states><edges>1</edges></level>
<level id="3"><states>1</states><edges>1</edges></level>
<level id="4"><states>1</states><edges>1</edges></level>
<level id="5"><states>1</states><edges>1</edges></level>
<level id="6"><states>1</states><edges>1</edges></level>
<level id="7"><states>1</states><edges>2</edges></level>
<level id="8"><states>2</states><edges>2</edges></level>
<level id="9"><states>2</states><edges>2</edges></level>
<level id="10"><states>2</states><edges>2</edges></level>
<level id="11"><states>2</states><edges>3</edges></level>
<level id="12"><states>3</states><edges>3</edges></level>
<level id="13"><states>3</states><edges>4</edges></level>
<level id="14"><states>4</states><edges>4</edges></level>
<level id="15"><states>4</states><edges>5</edges></level>
<level id="16"><states>5</states><edges>5</edges></level>
<level id="17"><states>5</states><edges>7</edges></level>
<level id="18"><states>7</states><edges>7</edges></level>
<level id="19"><states>7</states><edges>9</edges></level>
<level id="20"><states>9</states><edges>9</edges></level>
<level id="21"><states>9</states><edges>11</edges></level>
<level id="22"><states>10</states><edges>10</edges></level>
<level id="23"><states>10</states><edges>12</edges></level>
<level id="24"><states>12</states><edges>12</edges></level>
<level id="25"><states>12</states><edges>14</edges></level>
<level id="26"><states>13</states><edges>13</edges></level>
<level id="27"><states>13</states><edges>15</edges></level>
<level id="28"><states>13</states><edges>13</edges></level>
<level id="29"><states>13</states><edges>13</edges></level>
<level id="30"><states>13</states><edges>13</edges></level>
<level id="31"><states>13</states><edges>13</edges></level>
<level id="32"><states>13</states><edges>14</edges></level>
<level id="33"><states>14</states><edges>15</edges></level>
<level id="34"><states>15</states><edges>21</edges></level>
<level id="35"><states>19</states><edges>23</edges></level>
<level id="36"><states>20</states><edges>21</edges></level>
<level id="37"><states>20</states><edges>20</edges></level>
<level id="38"><states>20</states><edges>23</edges></level>
<level id="39"><states>22</states><edges>30</edges></level>
<level id="40"><states>27</states><edges>35</edges></level>
<level id="41"><states>33</states><edges>33</edges></level>
<level id="42"><states>33</states><edges>34</edges></level>
<level id="43"><states>33</states><edges>35</edges></level>
<level id="44"><states>35</states><edges>42</edges></level>
<level id="45"><states>39</states><edges>45</edges></level>
<level id="46"><states>43</states><edges>49</edges></level>
<level id="47"><states>47</states><edges>49</edges></level>
<level id="48"><states>47</states><edges>54</edges></level>
<level id="49"><states>47</states><edges>54</edges></level>
<level id="50"><states>48</states><edges>53</edges></level>
<level id="51"><states>44</states><edges>46</edges></level>
<level id="52"><states>43</states><edges>49</edges></level>
<level id="53"><states>43</states><edges>50</edges></level>
<level id="54"><states>39</states><edges>43</edges></level>
<level id="55"><states>36</states><edges>36</edges></level>
<level id="56"><states>36</states><edges>36</edges></level>
<level id="57"><states>35</states><edges>35</edges></level>
<level id="58"><states>35</states><edges>36</edges></level>
<level id="59"><states>36</states><edges>38</edges></level>
<level id="60"><states>38</states><edges>46</edges></level>
<level id="61"><states>42</states><edges>54</edges></level>
<level id="62"><states>47</states><edges>54</edges></level>
<level id="63"><states>48</states><edges>51</edges></level>
<level id="64"><states>48</states><edges>50</edges></level>
<level id="65"><states>48</states><edges>61</edges></level>
<level id="66"><states>52</states><edges>66</edges></level>
<level id="67"><states>60</states><edges>73</edges></level>
<level id="68"><states>64</states><edges>64</edges></level>
<level id="69"><states>64</states><edges>67</edges></level>
<level id="70"><states>62</states><edges>67</edges></level>
<level id="71"><states>60</states><edges>75</edges></level>
<level id="72"><states>60</states><edges>69</edges></level>
<level id="73"><states>65</states><edges>70</edges></level>
<level id="74"><states>62</states><edges>66</edges></level>
<level id="75"><states>56</states><edges>68</edges></level>
<level id="76"><states>51</states><edges>58</edges></level>
<level id="77"><states>45</states><edges>47</edges></level>
<level id="78"><states>32</states><edges>35</edges></level>
<level id="79"><states>27</states><edges>33</edges></level>
<level id="80"><states>21</states><edges>26</edges></level>
<level id="81"><states>16</states><edges>16</edges></level>
<level id="82"><states>14</states><edges>14</edges></level>
<level id="83"><states>14</states><edges>14</edges></level>
<level id="84"><states>14</states><edges>14</edges></level>
<level id="85"><states>14</states><edges>14</edges></level>
<level id="86"><states>14</states><edges>16</edges></level>
<level id="87"><states>14</states><edges>18</edges></level>
<level id="88"><states>14</states><edges>18</edges></level>
<level id="89"><states>14</states><edges>18</edges></level>
<level id="90"><states>14</states><edges>14</edges></level>
<level id="91"><states>14</states><edges>14</edges></level>
<level id="92"><states>13</states><edges>13</edges></level>
<level id="93"><states>13</states><edges>18</edges></level>
<level id="94"><states>13</states><edges>17</edges></level>
<level id="95"><states>13</states><edges>13</edges></level>
<level id="96"><states>12</states><edges>12</edges></level>
<level id="97"><states>11</states><edges>15</edges></level>
<level id="98"><states>11</states><edges>14</edges></level>
<level id="99"><states>11</states><edges>11</edges></level>
<level id="100"><states>9</states><edges>9</edges></level>
<level id="101"><states>8</states><edges>11</edges></level>
<level id="102"><states>8</states><edges>11</edges></level>
<level id="103"><states>8</states><edges>8</edges></level>
<level id="104"><states>4</states><edges>4</edges></level>
</bfs-levels>
<back-level-length id="0">10.3896</back-level-length>
<back-level-length id="1">0</back-level-length>
<back-level-length id="2">11.6883</back-level-length>
<back-level-length id="3">0</back-level-length>
<back-level-length id="4">0</back-level-length>
<back-level-length id="5">0</back-level-length>
<back-level-length id="6">0</back-level-length>
<back-level-length id="7">0</back-level-length>
<back-level-length id="8">0</back-level-length>
<back-level-length id="9">0</back-level-length>
<back-level-length id="10">0</back-level-length>
<back-level-length id="11">0</back-level-length>
<back-level-length id="12">0</back-level-length>
<back-level-length id="13">0</back-level-length>
<back-level-length id="14">0</back-level-length>
<back-level-length id="15">0</back-level-length>
<back-level-length id="16">0</back-level-length>
<back-level-length id="17">0</back-level-length>
<back-level-length id="18">0</back-level-length>
<back-level-length id="19">0</back-level-length>
<back-level-length id="20">0</back-level-length>
<back-level-length id="21">0</back-level-length>
<back-level-length id="22">0</back-level-length>
<back-level-length id="23">0</back-level-length>
<back-level-length id="24">19.4805</back-level-length>
<back-level-length id="25">1.2987</back-level-length>
<back-level-length id="26">0</back-level-length>
<back-level-length id="27">33.7662</back-level-length>
<back-level-length id="28">0</back-level-length>
<back-level-length id="29">0</back-level-length>
<back-level-length id="30">6.49351</back-level-length>
<back-level-length id="31">0</back-level-length>
<back-level-length id="32">0</back-level-length>
<back-level-length id="33">0</back-level-length>
<back-level-length id="34">0</back-level-length>
<back-level-length id="35">0</back-level-length>
<back-level-length id="36">0</back-level-length>
<back-level-length id="37">0</back-level-length>
<back-level-length id="38">0</back-level-length>
<back-level-length id="39">0</back-level-length>
<back-level-length id="40">0</back-level-length>
<back-level-length id="41">0</back-level-length>
<back-level-length id="42">0</back-level-length>
<back-level-length id="43">0</back-level-length>
<back-level-length id="44">0</back-level-length>
<back-level-length id="45">0</back-level-length>
<back-level-length id="46">0</back-level-length>
<back-level-length id="47">0</back-level-length>
<back-level-length id="48">0</back-level-length>
<back-level-length id="49">0</back-level-length>
<back-level-length id="50">0</back-level-length>
<back-level-length id="51">0</back-level-length>
<back-level-length id="52">9.52381</back-level-length>
<back-level-length id="53">0</back-level-length>
<back-level-length id="54">0</back-level-length>
<back-level-length id="55">5.19481</back-level-length>
<back-level-length id="56">0</back-level-length>
<back-level-length id="57">0</back-level-length>
<back-level-length id="58">0</back-level-length>
<back-level-length id="59">0</back-level-length>
<back-level-length id="60">0</back-level-length>
<back-level-length id="61">0</back-level-length>
<back-level-length id="62">0</back-level-length>
<back-level-length id="63">0</back-level-length>
<back-level-length id="64">0</back-level-length>
<back-level-length id="65">0</back-level-length>
<back-level-length id="66">0</back-level-length>
<back-level-length id="67">0</back-level-length>
<back-level-length id="68">0</back-level-length>
<back-level-length id="69">0</back-level-length>
<back-level-length id="70">0</back-level-length>
<back-level-length id="71">0</back-level-length>
<back-level-length id="72">0</back-level-length>
<back-level-length id="73">0</back-level-length>
<back-level-length id="74">0</back-level-length>
<back-level-length id="75">0</back-level-length>
<back-level-length id="76">0</back-level-length>
<back-level-length id="77">0</back-level-length>
<back-level-length id="78">0</back-level-length>
<back-level-length id="79">0</back-level-length>
<back-level-length id="80">2.1645</back-level-length>
</bfs-info>
<degrees>
<avg>1.12083</avg>
<max-in>3</max-in>
<max-out>2</max-out>
<degree id="0"><in>1</in><out>0</out></degree>
<degree id="1"><in>2234</in><out>2161</out></degree>
<degree id="2"><in>148</in><out>297</out></degree>
<degree id="3"><in>75</in><out>0</out></degree>
</degrees>
<scc-info>
<count>2</count>
<height>1</height>
<nontrivial-height>1</nontrivial-height>
<trivial>1</trivial>
<terminal>1</terminal>
<largest>2457</largest>
<largest-position> the only terminal</largest-position>
</scc-info>
<dfs-info>
<stack-size id="12">0.488202</stack-size>
<stack-size id="24">0.976404</stack-size>
<stack-size id="36">1.46461</stack-size>
<stack-size id="48">1.95281</stack-size>
<stack-size id="60">2.44101</stack-size>
<stack-size id="72">2.92921</stack-size>
<stack-size id="84">3.25468</stack-size>
<stack-size id="96">3.74288</stack-size>
<stack-size id="108">4.23108</stack-size>
<stack-size id="120">4.71928</stack-size>
<stack-size id="132">5.20749</stack-size>
<stack-size id="144">5.69569</stack-size>
<stack-size id="156">6.18389</stack-size>
<stack-size id="168">6.50936</stack-size>
<stack-size id="180">6.99756</stack-size>
<stack-size id="192">7.24166</stack-size>
<stack-size id="204">7.72986</stack-size>
<stack-size id="216">8.21806</stack-size>
<stack-size id="228">8.50285</stack-size>
<stack-size id="240">8.99105</stack-size>
<stack-size id="252">9.47925</stack-size>
<stack-size id="264">9.96745</stack-size>
<stack-size id="276">10.4557</stack-size>
<stack-size id="288">10.9439</stack-size>
<stack-size id="300">11.4321</stack-size>
<stack-size id="312">11.6762</stack-size>
<stack-size id="324">12.1644</stack-size>
<stack-size id="336">12.4085</stack-size>
<stack-size id="348">12.8967</stack-size>
<stack-size id="360">13.3849</stack-size>
<stack-size id="372">13.8731</stack-size>
<stack-size id="384">14.3613</stack-size>
<stack-size id="396">14.8495</stack-size>
<stack-size id="408">15.3377</stack-size>
<stack-size id="420">15.8259</stack-size>
<stack-size id="432">16.07</stack-size>
<stack-size id="444">16.5582</stack-size>
<stack-size id="456">17.0464</stack-size>
<stack-size id="468">17.4532</stack-size>
<stack-size id="480">17.9414</stack-size>
<stack-size id="492">18.0635</stack-size>
<stack-size id="504">18.5517</stack-size>
<stack-size id="516">19.0399</stack-size>
<stack-size id="528">19.5281</stack-size>
<stack-size id="540">20.0163</stack-size>
<stack-size id="552">20.5045</stack-size>
<stack-size id="564">20.9927</stack-size>
<stack-size id="576">21.3995</stack-size>
<stack-size id="588">21.8877</stack-size>
<stack-size id="600">22.3759</stack-size>
<stack-size id="612">22.2945</stack-size>
<stack-size id="624">22.7828</stack-size>
<stack-size id="636">23.271</stack-size>
<stack-size id="648">23.7592</stack-size>
<stack-size id="660">24.2474</stack-size>
<stack-size id="672">24.7356</stack-size>
<stack-size id="684">25.2238</stack-size>
<stack-size id="696">25.6306</stack-size>
<stack-size id="708">26.1188</stack-size>
<stack-size id="720">26.607</stack-size>
<stack-size id="732">26.4849</stack-size>
<stack-size id="744">26.9731</stack-size>
<stack-size id="756">27.4614</stack-size>
<stack-size id="768">27.9496</stack-size>
<stack-size id="780">28.4378</stack-size>
<stack-size id="792">28.926</stack-size>
<stack-size id="804">29.4142</stack-size>
<stack-size id="816">29.9024</stack-size>
<stack-size id="828">30.1465</stack-size>
<stack-size id="840">30.6347</stack-size>
<stack-size id="852">31.1229</stack-size>
<stack-size id="864">30.9601</stack-size>
<stack-size id="876">31.4483</stack-size>
<stack-size id="888">31.9365</stack-size>
<stack-size id="900">32.4247</stack-size>
<stack-size id="912">32.9129</stack-size>
<stack-size id="924">33.4011</stack-size>
<stack-size id="936">33.8893</stack-size>
<stack-size id="948">33.7673</stack-size>
<stack-size id="960">34.2555</stack-size>
<stack-size id="972">34.7437</stack-size>
<stack-size id="984">35.2319</stack-size>
<stack-size id="996">35.7201</stack-size>
<stack-size id="1008">36.2083</stack-size>
<stack-size id="1020">36.6965</stack-size>
<stack-size id="1032">37.1847</stack-size>
<stack-size id="1044">37.5915</stack-size>
<stack-size id="1056">38.0797</stack-size>
<stack-size id="1068">38.5679</stack-size>
<stack-size id="1080">39.0561</stack-size>
<stack-size id="1092">39.5443</stack-size>
<stack-size id="1104">40.0325</stack-size>
<stack-size id="1116">40.5207</stack-size>
<stack-size id="1128">40.5207</stack-size>
<stack-size id="1140">41.009</stack-size>
<stack-size id="1152">41.4972</stack-size>
<stack-size id="1164">41.9854</stack-size>
<stack-size id="1176">42.4736</stack-size>
<stack-size id="1188">42.9618</stack-size>
<stack-size id="1200">43.45</stack-size>
<stack-size id="1212">43.9382</stack-size>
<stack-size id="1224">44.345</stack-size>
<stack-size id="1236">44.8332</stack-size>
<stack-size id="1248">45.3214</stack-size>
<stack-size id="1260">45.8096</stack-size>
<stack-size id="1272">46.2978</stack-size>
<stack-size id="1284">46.786</stack-size>
<stack-size id="1296">47.2742</stack-size>
<stack-size id="1308">47.2335</stack-size>
<stack-size id="1320">46.9487</stack-size>
<stack-size id="1332">47.4369</stack-size>
<stack-size id="1344">47.5997</stack-size>
<stack-size id="1356">48.0879</stack-size>
<stack-size id="1368">48.332</stack-size>
<stack-size id="1380">48.5761</stack-size>
<stack-size id="1392">49.0643</stack-size>
<stack-size id="1404">49.5525</stack-size>
<stack-size id="1416">49.227</stack-size>
<stack-size id="1428">49.4304</stack-size>
<stack-size id="1440">48.9015</stack-size>
<stack-size id="1452">49.3897</stack-size>
<stack-size id="1464">49.8779</stack-size>
<stack-size id="1476">48.454</stack-size>
<stack-size id="1488">48.8609</stack-size>
<stack-size id="1500">49.3491</stack-size>
<stack-size id="1512">48.5761</stack-size>
<stack-size id="1524">49.0643</stack-size>
<stack-size id="1536">49.5525</stack-size>
<stack-size id="1548">49.7559</stack-size>
<stack-size id="1560">49.5118</stack-size>
<stack-size id="1572">49.9186</stack-size>
<stack-size id="1584">50.4068</stack-size>
<stack-size id="1596">50.895</stack-size>
<stack-size id="1608">49.8373</stack-size>
<stack-size id="1620">49.9186</stack-size>
<stack-size id="1632">49.1456</stack-size>
<stack-size id="1644">49.6338</stack-size>
<stack-size id="1656">48.5761</stack-size>
<stack-size id="1668">46.1758</stack-size>
<stack-size id="1680">46.4199</stack-size>
<stack-size id="1692">46.0944</stack-size>
<stack-size id="1704">46.3385</stack-size>
<stack-size id="1716">46.664</stack-size>
<stack-size id="1728">45.7689</stack-size>
<stack-size id="1740">46.2571</stack-size>
<stack-size id="1752">46.5012</stack-size>
<stack-size id="1764">46.9894</stack-size>
<stack-size id="1776">47.2742</stack-size>
<stack-size id="1788">47.4369</stack-size>
<stack-size id="1800">47.9251</stack-size>
<stack-size id="1812">48.4133</stack-size>
<stack-size id="1824">48.5761</stack-size>
<stack-size id="1836">48.2913</stack-size>
<stack-size id="1848">48.6981</stack-size>
<stack-size id="1860">49.1863</stack-size>
<stack-size id="1872">49.6745</stack-size>
<stack-size id="1884">49.7152</stack-size>
<stack-size id="1896">49.5932</stack-size>
<stack-size id="1908">49.0643</stack-size>
<stack-size id="1920">49.5525</stack-size>
<stack-size id="1932">48.332</stack-size>
<stack-size id="1944">48.7388</stack-size>
<stack-size id="1956">47.6404</stack-size>
<stack-size id="1968">48.1286</stack-size>
<stack-size id="1980">48.6168</stack-size>
<stack-size id="1992">47.3556</stack-size>
<stack-size id="2004">47.5997</stack-size>
<stack-size id="2016">48.0879</stack-size>
<stack-size id="2028">48.5761</stack-size>
<stack-size id="2040">47.5183</stack-size>
<stack-size id="2052">45.3621</stack-size>
<stack-size id="2064">44.9552</stack-size>
<stack-size id="2076">42.8397</stack-size>
<stack-size id="2088">43.0838</stack-size>
<stack-size id="2100">43.1652</stack-size>
<stack-size id="2112">43.6534</stack-size>
<stack-size id="2124">44.1416</stack-size>
<stack-size id="2136">43.3686</stack-size>
<stack-size id="2148">41.6599</stack-size>
<stack-size id="2160">42.0667</stack-size>
<stack-size id="2172">40.9276</stack-size>
<stack-size id="2184">40.8462</stack-size>
<stack-size id="2196">39.7478</stack-size>
<stack-size id="2208">39.1375</stack-size>
<stack-size id="2220">39.6257</stack-size>
<stack-size id="2232">38.4459</stack-size>
<stack-size id="2244">38.2018</stack-size>
<stack-size id="2256">38.6086</stack-size>
<stack-size id="2268">37.5915</stack-size>
<stack-size id="2280">33.4825</stack-size>
<stack-size id="2292">33.9707</stack-size>
<stack-size id="2304">34.4589</stack-size>
<stack-size id="2316">33.2791</stack-size>
<stack-size id="2328">32.9943</stack-size>
<stack-size id="2340">32.0586</stack-size>
<stack-size id="2352">31.8959</stack-size>
<stack-size id="2364">32.2213</stack-size>
<stack-size id="2376">31.0008</stack-size>
<stack-size id="2388">31.0822</stack-size>
<stack-size id="2400">30.1465</stack-size>
<stack-size id="2412">26.729</stack-size>
<stack-size id="2424">22.2539</stack-size>
<stack-size id="2436">22.0504</stack-size>
<stack-size id="2448">22.5386</stack-size>
<max-stack>1251</max-stack>
<front-edges>2457</front-edges>
<back-edges>114</back-edges>
<cross-edges>184</cross-edges>
<shortest-cycle>25</shortest-cycle>
</dfs-info>
<rw-info>
<coverage step="240">9.31652</coverage>
<coverage step="480">14.9715</coverage>
<coverage step="720">22.4166</coverage>
<coverage step="960">27.1766</coverage>
<coverage step="1200">32.7502</coverage>
<coverage step="1440">35.1912</coverage>
<coverage step="1680">40.3987</coverage>
<coverage step="1920">41.6599</coverage>
<coverage step="2160">44.2229</coverage>
<coverage step="2400">45.6876</coverage>
<coverage step="2640">48.0879</coverage>
<coverage step="2880">51.3832</coverage>
<coverage step="3120">52.3596</coverage>
<coverage step="3360">53.5395</coverage>
<coverage step="3600">54.5566</coverage>
<coverage step="3840">55.4516</coverage>
<coverage step="4080">56.428</coverage>
<coverage step="4320">58.7469</coverage>
<coverage step="4560">61.4321</coverage>
<coverage step="4800">63.0594</coverage>
<coverage step="5040">64.2799</coverage>
<coverage step="5280">64.8902</coverage>
<coverage step="5520">66.07</coverage>
<coverage step="5760">66.843</coverage>
<coverage step="6000">68.7551</coverage>
<coverage step="6240">70.0976</coverage>
<coverage step="6480">70.179</coverage>
<coverage step="6720">70.3417</coverage>
<coverage step="6960">70.4231</coverage>
<coverage step="7200">72.62</coverage>
<coverage step="7440">74.0033</coverage>
<coverage step="7680">75.834</coverage>
<coverage step="7920">77.502</coverage>
<coverage step="8160">77.9089</coverage>
<coverage step="8400">79.9837</coverage>
<coverage step="8640">81.1635</coverage>
<coverage step="8880">81.8552</coverage>
<coverage step="9120">82.8723</coverage>
<coverage step="9360">83.1164</coverage>
<coverage step="9600">83.4825</coverage>
<coverage step="9840">84.0928</coverage>
<coverage step="10080">84.2555</coverage>
<coverage step="10320">84.2555</coverage>
<coverage step="10560">84.2555</coverage>
<coverage step="10800">84.2555</coverage>
<coverage step="11040">84.4182</coverage>
<coverage step="11280">85.1912</coverage>
<coverage step="11520">85.1912</coverage>
<coverage step="11760">85.1912</coverage>
<coverage step="12000">85.1912</coverage>
<coverage step="12240">85.3539</coverage>
<coverage step="12480">86.1676</coverage>
<coverage step="12720">86.4117</coverage>
<coverage step="12960">86.9406</coverage>
<coverage step="13200">87.144</coverage>
<coverage step="13440">87.144</coverage>
<coverage step="13680">87.5509</coverage>
<coverage step="13920">87.5509</coverage>
<coverage step="14160">88.6493</coverage>
<coverage step="14400">88.7307</coverage>
<coverage step="14640">88.7307</coverage>
<coverage step="14880">88.7307</coverage>
<coverage step="15120">88.8934</coverage>
<coverage step="15360">88.8934</coverage>
<coverage step="15600">88.8934</coverage>
<coverage step="15840">89.0561</coverage>
<coverage step="16080">89.2189</coverage>
<coverage step="16320">89.5443</coverage>
<coverage step="16560">89.5443</coverage>
<coverage step="16800">89.6257</coverage>
<coverage step="17040">89.7071</coverage>
<coverage step="17280">89.7071</coverage>
<coverage step="17520">89.7071</coverage>
<coverage step="17760">90.2766</coverage>
<coverage step="18000">90.2766</coverage>
<coverage step="18240">90.2766</coverage>
<coverage step="18480">90.5207</coverage>
<coverage step="18720">90.5207</coverage>
<coverage step="18960">90.5207</coverage>
<coverage step="19200">90.7242</coverage>
<coverage step="19440">90.7242</coverage>
<coverage step="19680">90.7242</coverage>
<coverage step="19920">90.7242</coverage>
<coverage step="20160">90.7242</coverage>
<coverage step="20400">90.7242</coverage>
<coverage step="20640">90.7242</coverage>
<coverage step="20880">90.7242</coverage>
<coverage step="21120">90.8055</coverage>
<coverage step="21360">91.4158</coverage>
<coverage step="21600">91.4158</coverage>
<coverage step="21840">91.5785</coverage>
<coverage step="22080">91.5785</coverage>
<coverage step="22320">91.7819</coverage>
<coverage step="22560">91.7819</coverage>
<coverage step="22800">91.7819</coverage>
<coverage step="23040">91.7819</coverage>
<coverage step="23280">92.026</coverage>
<coverage step="23520">92.026</coverage>
<coverage step="23760">92.026</coverage>
<coverage step="24000">92.026</coverage>
<coverage step="24240">92.026</coverage>
<coverage step="24480">92.026</coverage>
<rw-visits order="1">54</rw-visits>
<rw-visits order="12">50</rw-visits>
<rw-visits order="23">48</rw-visits>
<rw-visits order="34">45</rw-visits>
<rw-visits order="45">41</rw-visits>
<rw-visits order="56">41</rw-visits>
<rw-visits order="67">39</rw-visits>
<rw-visits order="78">37</rw-visits>
<rw-visits order="89">35</rw-visits>
<rw-visits order="100">32</rw-visits>
<rw-visits order="111">32</rw-visits>
<rw-visits order="122">31</rw-visits>
<rw-visits order="133">30</rw-visits>
<rw-visits order="144">28</rw-visits>
<rw-visits order="155">26</rw-visits>
<rw-visits order="166">25</rw-visits>
<rw-visits order="177">25</rw-visits>
<rw-visits order="188">25</rw-visits>
<rw-visits order="199">24</rw-visits>
<rw-visits order="210">24</rw-visits>
<rw-visits order="221">23</rw-visits>
<rw-visits order="232">23</rw-visits>
<rw-visits order="243">23</rw-visits>
<rw-visits order="254">23</rw-visits>
<rw-visits order="265">22</rw-visits>
<rw-visits order="276">22</rw-visits>
<rw-visits order="287">22</rw-visits>
<rw-visits order="298">21</rw-visits>
<rw-visits order="309">21</rw-visits>
<rw-visits order="320">21</rw-visits>
<rw-visits order="331">20</rw-visits>
<rw-visits order="342">19</rw-visits>
<rw-visits order="353">19</rw-visits>
<rw-visits order="364">19</rw-visits>
<rw-visits order="375">19</rw-visits>
<rw-visits order="386">18</rw-visits>
<rw-visits order="397">18</rw-visits>
<rw-visits order="408">17</rw-visits>
<rw-visits order="419">17</rw-visits>
<rw-visits order="430">17</rw-visits>
<rw-visits order="441">16</rw-visits>
<rw-visits order="452">16</rw-visits>
<rw-visits order="463">16</rw-visits>
<rw-visits order="474">16</rw-visits>
<rw-visits order="485">16</rw-visits>
<rw-visits order="496">16</rw-visits>
<rw-visits order="507">15</rw-visits>
<rw-visits order="518">15</rw-visits>
<rw-visits order="529">15</rw-visits>
<rw-visits order="540">15</rw-visits>
<rw-visits order="551">15</rw-visits>
<rw-visits order="562">15</rw-visits>
<rw-visits order="573">14</rw-visits>
<rw-visits order="584">14</rw-visits>
<rw-visits order="595">14</rw-visits>
<rw-visits order="606">14</rw-visits>
<rw-visits order="617">14</rw-visits>
<rw-visits order="628">14</rw-visits>
<rw-visits order="639">14</rw-visits>
<rw-visits order="650">13</rw-visits>
<rw-visits order="661">13</rw-visits>
<rw-visits order="672">13</rw-visits>
<rw-visits order="683">13</rw-visits>
<rw-visits order="694">13</rw-visits>
<rw-visits order="705">13</rw-visits>
<rw-visits order="716">13</rw-visits>
<rw-visits order="727">13</rw-visits>
<rw-visits order="738">13</rw-visits>
<rw-visits order="749">12</rw-visits>
<rw-visits order="760">12</rw-visits>
<rw-visits order="771">12</rw-visits>
<rw-visits order="782">12</rw-visits>
<rw-visits order="793">12</rw-visits>
<rw-visits order="804">12</rw-visits>
<rw-visits order="815">12</rw-visits>
<rw-visits order="826">12</rw-visits>
<rw-visits order="837">12</rw-visits>
<rw-visits order="848">11</rw-visits>
<rw-visits order="859">11</rw-visits>
<rw-visits order="870">11</rw-visits>
<rw-visits order="881">11</rw-visits>
<rw-visits order="892">11</rw-visits>
<rw-visits order="903">11</rw-visits>
<rw-visits order="914">11</rw-visits>
<rw-visits order="925">10</rw-visits>
<rw-visits order="936">10</rw-visits>
<rw-visits order="947">10</rw-visits>
<rw-visits order="958">10</rw-visits>
<rw-visits order="969">9</rw-visits>
<rw-visits order="980">9</rw-visits>
<rw-visits order="991">9</rw-visits>
<rw-visits order="1002">9</rw-visits>
<rw-visits order="1013">9</rw-visits>
<rw-visits order="1024">9</rw-visits>
<rw-visits order="1035">9</rw-visits>
<rw-visits order="1046">8</rw-visits>
<rw-visits order="1057">8</rw-visits>
<rw-visits order="1068">8</rw-visits>
<rw-visits order="1079">8</rw-visits>
<rw-visits order="1090">8</rw-visits>
<rw-visits order="1101">8</rw-visits>
<rw-visits order="1112">8</rw-visits>
<rw-visits order="1123">8</rw-visits>
<rw-visits order="1134">8</rw-visits>
<rw-visits order="1145">8</rw-visits>
<rw-visits order="1156">8</rw-visits>
<rw-visits order="1167">8</rw-visits>
<rw-visits order="1178">8</rw-visits>
<rw-visits order="1189">8</rw-visits>
<rw-visits order="1200">7</rw-visits>
<rw-visits order="1211">7</rw-visits>
<rw-visits order="1222">7</rw-visits>
<rw-visits order="1233">7</rw-visits>
<rw-visits order="1244">7</rw-visits>
<rw-visits order="1255">7</rw-visits>
<rw-visits order="1266">7</rw-visits>
<rw-visits order="1277">7</rw-visits>
<rw-visits order="1288">7</rw-visits>
<rw-visits order="1299">7</rw-visits>
<rw-visits order="1310">7</rw-visits>
<rw-visits order="1321">6</rw-visits>
<rw-visits order="1332">6</rw-visits>
<rw-visits order="1343">6</rw-visits>
<rw-visits order="1354">6</rw-visits>
<rw-visits order="1365">6</rw-visits>
<rw-visits order="1376">6</rw-visits>
<rw-visits order="1387">6</rw-visits>
<rw-visits order="1398">6</rw-visits>
<rw-visits order="1409">6</rw-visits>
<rw-visits order="1420">6</rw-visits>
<rw-visits order="1431">6</rw-visits>
<rw-visits order="1442">6</rw-visits>
<rw-visits order="1453">6</rw-visits>
<rw-visits order="1464">6</rw-visits>
<rw-visits order="1475">6</rw-visits>
<rw-visits order="1486">5</rw-visits>
<rw-visits order="1497">5</rw-visits>
<rw-visits order="1508">5</rw-visits>
<rw-visits order="1519">5</rw-visits>
<rw-visits order="1530">5</rw-visits>
<rw-visits order="1541">5</rw-visits>
<rw-visits order="1552">5</rw-visits>
<rw-visits order="1563">5</rw-visits>
<rw-visits order="1574">5</rw-visits>
<rw-visits order="1585">4</rw-visits>
<rw-visits order="1596">4</rw-visits>
<rw-visits order="1607">4</rw-visits>
<rw-visits order="1618">4</rw-visits>
<rw-visits order="1629">4</rw-visits>
<rw-visits order="1640">4</rw-visits>
<rw-visits order="1651">4</rw-visits>
<rw-visits order="1662">4</rw-visits>
<rw-visits order="1673">4</rw-visits>
<rw-visits order="1684">4</rw-visits>
<rw-visits order="1695">4</rw-visits>
<rw-visits order="1706">4</rw-visits>
<rw-visits order="1717">4</rw-visits>
<rw-visits order="1728">3</rw-visits>
<rw-visits order="1739">3</rw-visits>
<rw-visits order="1750">3</rw-visits>
<rw-visits order="1761">3</rw-visits>
<rw-visits order="1772">3</rw-visits>
<rw-visits order="1783">3</rw-visits>
<rw-visits order="1794">3</rw-visits>
<rw-visits order="1805">3</rw-visits>
<rw-visits order="1816">3</rw-visits>
<rw-visits order="1827">3</rw-visits>
<rw-visits order="1838">3</rw-visits>
<rw-visits order="1849">3</rw-visits>
<rw-visits order="1860">3</rw-visits>
<rw-visits order="1871">3</rw-visits>
<rw-visits order="1882">3</rw-visits>
<rw-visits order="1893">3</rw-visits>
<rw-visits order="1904">3</rw-visits>
<rw-visits order="1915">3</rw-visits>
<rw-visits order="1926">3</rw-visits>
<rw-visits order="1937">2</rw-visits>
<rw-visits order="1948">2</rw-visits>
<rw-visits order="1959">2</rw-visits>
<rw-visits order="1970">2</rw-visits>
<rw-visits order="1981">2</rw-visits>
<rw-visits order="1992">2</rw-visits>
<rw-visits order="2003">2</rw-visits>
<rw-visits order="2014">2</rw-visits>
<rw-visits order="2025">2</rw-visits>
<rw-visits order="2036">2</rw-visits>
<rw-visits order="2047">2</rw-visits>
<rw-visits order="2058">2</rw-visits>
<rw-visits order="2069">2</rw-visits>
<rw-visits order="2080">2</rw-visits>
<rw-visits order="2091">2</rw-visits>
<rw-visits order="2102">2</rw-visits>
<rw-visits order="2113">1</rw-visits>
<rw-visits order="2124">1</rw-visits>
<rw-visits order="2135">1</rw-visits>
<rw-visits order="2146">1</rw-visits>
<rw-visits order="2157">1</rw-visits>
<rw-visits order="2168">1</rw-visits>
<rw-visits order="2179">1</rw-visits>
<rw-visits order="2190">1</rw-visits>
<rw-visits order="2201">1</rw-visits>
<rw-visits order="2212">1</rw-visits>
<rw-visits order="2223">1</rw-visits>
<rw-visits order="2234">1</rw-visits>
<rw-visits order="2245">1</rw-visits>
<rw-visits order="2256">1</rw-visits>
<final-coverage>92.1481</final-coverage>
</rw-info>
<local-info>
<diamonds>0</diamonds>
<neighborhood k="4">6</neighborhood>
<clustering k="4">1.0022</clustering>
</local-info>
<label-info>
<edge-label id="0.1+1.11">6</edge-label>
<edge-label id="0.1+2.11">6</edge-label>
<edge-label id="0.1+3.11">6</edge-label>
<edge-label id="0.2+1.9">27</edge-label>
<edge-label id="0.2+2.9">27</edge-label>
<edge-label id="0.2+3.9">27</edge-label>
<edge-label id="0.4+1.6">9</edge-label>
<edge-label id="0.4+2.6">12</edge-label>
<edge-label id="0.4+3.6">15</edge-label>
<edge-label id="1.1">27</edge-label>
<edge-label id="1.10">27</edge-label>
<edge-label id="1.12+4.10">126</edge-label>
<edge-label id="1.12+4.5">36</edge-label>
<edge-label id="1.2">106</edge-label>
<edge-label id="1.4">27</edge-label>
<edge-label id="1.5+0.3">27</edge-label>
<edge-label id="1.7">106</edge-label>
<edge-label id="1.8+0.0">69</edge-label>
<edge-label id="2.1">30</edge-label>
<edge-label id="2.10">27</edge-label>
<edge-label id="2.12+4.10">125</edge-label>
<edge-label id="2.12+4.5">42</edge-label>
<edge-label id="2.2">105</edge-label>
<edge-label id="2.4">30</edge-label>
<edge-label id="2.5+0.3">30</edge-label>
<edge-label id="2.7">105</edge-label>
<edge-label id="2.8+0.0">68</edge-label>
<edge-label id="3.1">33</edge-label>
<edge-label id="3.10">27</edge-label>
<edge-label id="3.12+4.10">127</edge-label>
<edge-label id="3.12+4.5">48</edge-label>
<edge-label id="3.2">107</edge-label>
<edge-label id="3.4">33</edge-label>
<edge-label id="3.5+0.3">33</edge-label>
<edge-label id="3.7">107</edge-label>
<edge-label id="3.8+0.0">70</edge-label>
<edge-label id="4.0">64</edge-label>
<edge-label id="4.1">129</edge-label>
<edge-label id="4.11">63</edge-label>
<edge-label id="4.12">63</edge-label>
<edge-label id="4.2+1.0">27</edge-label>
<edge-label id="4.3+2.0">30</edge-label>
<edge-label id="4.4+3.0">33</edge-label>
<edge-label id="4.6">99</edge-label>
<edge-label id="4.7+1.0">139</edge-label>
<edge-label id="4.8+2.0">138</edge-label>
<edge-label id="4.9+3.0">137</edge-label>
<state-labels procid="0">
<label id="[{0|0|0},0]">427</label>
<label id="[{0|0|1},1]">381</label>
<label id="[{0|1|0},1]">366</label>
<label id="[{0|1|1},2]">311</label>
<label id="[{1|0|0},1]">351</label>
<label id="[{1|0|1},2]">311</label>
<label id="[{1|1|0},2]">311</label>
</state-labels><state-labels procid="1">
<label id="[0,0]">767</label>
<label id="[0,1]">776</label>
<label id="[0,2]">780</label>
<label id="[1,0]">9</label>
<label id="[1,1]">12</label>
<label id="[1,2]">15</label>
<label id="[2,0]">33</label>
<label id="[2,1]">33</label>
<label id="[2,2]">33</label>
</state-labels><state-labels procid="2">
<label id="[0,0,0]">1036</label>
<label id="[0,0,1]">379</label>
<label id="[0,1,0]">197</label>
<label id="[0,1,1]">349</label>
<label id="[1,0,0]">69</label>
<label id="[1,0,1]">37</label>
<label id="[1,1,1]">27</label>
<label id="[2,1,1]">27</label>
<label id="[3,0,0]">69</label>
<label id="[3,0,1]">37</label>
<label id="[4,0,0]">33</label>
<label id="[5,0,0]">27</label>
<label id="[6,0,0]">72</label>
<label id="[6,0,1]">54</label>
<label id="[6,1,0]">9</label>
<label id="[6,1,1]">27</label>
<label id="[8,1,0]">9</label>
</state-labels><state-labels procid="3">
<label id="[0,0,0]">1049</label>
<label id="[0,0,1]">442</label>
<label id="[0,1,0]">169</label>
<label id="[0,1,1]">289</label>
<label id="[1,0,0]">68</label>
<label id="[1,0,1]">37</label>
<label id="[1,1,1]">30</label>
<label id="[2,1,1]">30</label>
<label id="[3,0,0]">68</label>
<label id="[3,0,1]">37</label>
<label id="[4,0,0]">33</label>
<label id="[5,0,0]">27</label>
<label id="[6,0,0]">71</label>
<label id="[6,0,1]">54</label>
<label id="[6,1,0]">12</label>
<label id="[6,1,1]">30</label>
<label id="[8,1,0]">12</label>
</state-labels><state-labels procid="4">
<label id="[0,0,0]">1056</label>
<label id="[0,0,1]">508</label>
<label id="[0,1,0]">138</label>
<label id="[0,1,1]">226</label>
<label id="[1,0,0]">70</label>
<label id="[1,0,1]">37</label>
<label id="[1,1,1]">33</label>
<label id="[2,1,1]">33</label>
<label id="[3,0,0]">70</label>
<label id="[3,0,1]">37</label>
<label id="[4,0,0]">33</label>
<label id="[5,0,0]">27</label>
<label id="[6,0,0]">73</label>
<label id="[6,0,1]">54</label>
<label id="[6,1,0]">15</label>
<label id="[6,1,1]">33</label>
<label id="[8,1,0]">15</label>
</state-labels><state-labels procid="5">
<label id="[0,0,5,0]">1</label>
<label id="[0,3,3,0]">9</label>
<label id="[0,3,3,1]">9</label>
<label id="[0,3,3,2]">9</label>
<label id="[0,3,4,0]">9</label>
<label id="[0,3,4,1]">9</label>
<label id="[0,3,4,2]">9</label>
<label id="[0,3,5,0]">3</label>
<label id="[0,3,5,1]">3</label>
<label id="[0,3,5,2]">3</label>
<label id="[1,0,3,0]">9</label>
<label id="[1,0,3,1]">9</label>
<label id="[1,0,3,2]">9</label>
<label id="[1,0,4,0]">9</label>
<label id="[1,0,4,1]">9</label>
<label id="[1,0,4,2]">9</label>
<label id="[1,0,5,0]">3</label>
<label id="[1,0,5,1]">3</label>
<label id="[1,0,5,2]">3</label>
<label id="[1,1,3,0]">11</label>
<label id="[1,1,3,1]">11</label>
<label id="[1,1,3,2]">11</label>
<label id="[1,1,4,0]">10</label>
<label id="[1,1,4,1]">10</label>
<label id="[1,1,4,2]">10</label>
<label id="[1,1,5,0]">3</label>
<label id="[1,1,5,1]">3</label>
<label id="[1,1,5,2]">3</label>
<label id="[1,2,3,0]">14</label>
<label id="[1,2,3,1]">14</label>
<label id="[1,2,3,2]">14</label>
<label id="[1,2,4,0]">11</label>
<label id="[1,2,4,1]">11</label>
<label id="[1,2,4,2]">11</label>
<label id="[1,2,5,0]">3</label>
<label id="[1,2,5,1]">3</label>
<label id="[1,2,5,2]">3</label>
<label id="[1,3,3,0]">18</label>
<label id="[1,3,3,1]">18</label>
<label id="[1,3,3,2]">18</label>
<label id="[1,3,4,0]">12</label>
<label id="[1,3,4,1]">12</label>
<label id="[1,3,4,2]">12</label>
<label id="[1,3,5,0]">3</label>
<label id="[1,3,5,1]">3</label>
<label id="[1,3,5,2]">3</label>
<label id="[2,0,3,0]">22</label>
<label id="[2,0,3,1]">22</label>
<label id="[2,0,3,2]">22</label>
<label id="[2,0,4,0]">11</label>
<label id="[2,0,4,1]">11</label>
<label id="[2,0,4,2]">11</label>
<label id="[2,1,3,0]">27</label>
<label id="[2,1,3,1]">27</label>
<label id="[2,1,3,2]">27</label>
<label id="[2,1,4,0]">11</label>
<label id="[2,1,4,1]">11</label>
<label id="[2,1,4,2]">11</label>
<label id="[2,2,3,0]">32</label>
<label id="[2,2,3,1]">32</label>
<label id="[2,2,3,2]">32</label>
<label id="[2,2,4,0]">11</label>
<label id="[2,2,4,1]">11</label>
<label id="[2,2,4,2]">11</label>
<label id="[3,3,0,0]">21</label>
<label id="[3,3,0,1]">21</label>
<label id="[3,3,0,2]">21</label>
<label id="[3,3,1,0]">37</label>
<label id="[3,3,1,1]">37</label>
<label id="[3,3,1,2]">36</label>
<label id="[3,3,2,0]">45</label>
<label id="[3,3,2,1]">44</label>
<label id="[3,3,2,2]">44</label>
<label id="[3,3,3,0]">38</label>
<label id="[3,3,3,1]">38</label>
<label id="[3,3,3,2]">38</label>
<label id="[3,3,4,0]">16</label>
<label id="[3,3,4,1]">16</label>
<label id="[3,3,4,2]">16</label>
<label id="[3,3,5,0]">3</label>
<label id="[3,3,5,1]">3</label>
<label id="[3,3,5,2]">3</label>
<label id="[4,3,1,0]">70</label>
<label id="[4,3,1,1]">70</label>
<label id="[4,3,1,2]">70</label>
<label id="[4,3,2,0]">117</label>
<label id="[4,3,2,1]">114</label>
<label id="[4,3,2,2]">117</label>
<label id="[4,3,3,0]">137</label>
<label id="[4,3,3,1]">137</label>
<label id="[4,3,3,2]">140</label>
<label id="[4,3,4,0]">62</label>
<label id="[4,3,4,1]">62</label>
<label id="[4,3,4,2]">62</label>
<label id="[4,3,5,0]">12</label>
<label id="[4,3,5,1]">12</label>
<label id="[4,3,5,2]">12</label>
<label id="[5,3,0,0]">21</label>
<label id="[5,3,0,1]">21</label>
<label id="[5,3,0,2]">21</label>
</state-labels></label-info>
</state-space-info>
