<?xml version="1.0"?>
<!DOCTYPE state-space-info SYSTEM "../../state_space_info.dtd">


<state-space-info>
<states>9278</states>
<edges>10329</edges>
<bfs-info>
 <levels>133</levels>
<max-level>200</max-level>

<back-level-edges>832</back-level-edges>
<max-back-level-edge>97</max-back-level-edge>
<avg-back-level-edge>25.4267</avg-back-level-edge>
<bfs-levels>
<level id="0"><states>1</states><edges>1</edges></level>
<level id="1"><states>1</states><edges>1</edges></level>
<level id="2"><states>1</states><edges>1</edges></level>
<level id="3"><states>1</states><edges>1</edges></level>
<level id="4"><states>1</states><edges>1</edges></level>
<level id="5"><states>1</states><edges>1</edges></level>
<level id="6"><states>1</states><edges>1</edges></level>
<level id="7"><states>1</states><edges>1</edges></level>
<level id="8"><states>1</states><edges>2</edges></level>
<level id="9"><states>2</states><edges>2</edges></level>
<level id="10"><states>2</states><edges>2</edges></level>
<level id="11"><states>2</states><edges>2</edges></level>
<level id="12"><states>2</states><edges>3</edges></level>
<level id="13"><states>3</states><edges>3</edges></level>
<level id="14"><states>3</states><edges>4</edges></level>
<level id="15"><states>4</states><edges>4</edges></level>
<level id="16"><states>4</states><edges>5</edges></level>
<level id="17"><states>5</states><edges>5</edges></level>
<level id="18"><states>5</states><edges>7</edges></level>
<level id="19"><states>7</states><edges>7</edges></level>
<level id="20"><states>7</states><edges>9</edges></level>
<level id="21"><states>9</states><edges>9</edges></level>
<level id="22"><states>9</states><edges>12</edges></level>
<level id="23"><states>12</states><edges>12</edges></level>
<level id="24"><states>12</states><edges>15</edges></level>
<level id="25"><states>14</states><edges>15</edges></level>
<level id="26"><states>14</states><edges>14</edges></level>
<level id="27"><states>14</states><edges>14</edges></level>
<level id="28"><states>14</states><edges>14</edges></level>
<level id="29"><states>14</states><edges>15</edges></level>
<level id="30"><states>15</states><edges>16</edges></level>
<level id="31"><states>16</states><edges>20</edges></level>
<level id="32"><states>20</states><edges>26</edges></level>
<level id="33"><states>23</states><edges>25</edges></level>
<level id="34"><states>24</states><edges>24</edges></level>
<level id="35"><states>24</states><edges>25</edges></level>
<level id="36"><states>25</states><edges>30</edges></level>
<level id="37"><states>28</states><edges>38</edges></level>
<level id="38"><states>36</states><edges>43</edges></level>
<level id="39"><states>43</states><edges>43</edges></level>
<level id="40"><states>43</states><edges>43</edges></level>
<level id="41"><states>42</states><edges>45</edges></level>
<level id="42"><states>45</states><edges>52</edges></level>
<level id="43"><states>50</states><edges>62</edges></level>
<level id="44"><states>61</states><edges>69</edges></level>
<level id="45"><states>68</states><edges>71</edges></level>
<level id="46"><states>71</states><edges>78</edges></level>
<level id="47"><states>72</states><edges>87</edges></level>
<level id="48"><states>80</states><edges>87</edges></level>
<level id="49"><states>82</states><edges>86</edges></level>
<level id="50"><states>83</states><edges>88</edges></level>
<level id="51"><states>85</states><edges>85</edges></level>
<level id="52"><states>85</states><edges>86</edges></level>
<level id="53"><states>86</states><edges>90</edges></level>
<level id="54"><states>90</states><edges>106</edges></level>
<level id="55"><states>99</states><edges>115</edges></level>
<level id="56"><states>107</states><edges>124</edges></level>
<level id="57"><states>115</states><edges>132</edges></level>
<level id="58"><states>124</states><edges>141</edges></level>
<level id="59"><states>130</states><edges>146</edges></level>
<level id="60"><states>139</states><edges>163</edges></level>
<level id="61"><states>153</states><edges>170</edges></level>
<level id="62"><states>158</states><edges>181</edges></level>
<level id="63"><states>167</states><edges>180</edges></level>
<level id="64"><states>169</states><edges>179</edges></level>
<level id="65"><states>171</states><edges>196</edges></level>
<level id="66"><states>175</states><edges>204</edges></level>
<level id="67"><states>181</states><edges>198</edges></level>
<level id="68"><states>173</states><edges>187</edges></level>
<level id="69"><states>173</states><edges>202</edges></level>
<level id="70"><states>171</states><edges>200</edges></level>
<level id="71"><states>171</states><edges>186</edges></level>
<level id="72"><states>168</states><edges>181</edges></level>
<level id="73"><states>170</states><edges>179</edges></level>
<level id="74"><states>168</states><edges>171</edges></level>
<level id="75"><states>168</states><edges>171</edges></level>
<level id="76"><states>169</states><edges>184</edges></level>
<level id="77"><states>175</states><edges>199</edges></level>
<level id="78"><states>179</states><edges>202</edges></level>
<level id="79"><states>184</states><edges>208</edges></level>
<level id="80"><states>194</states><edges>218</edges></level>
<level id="81"><states>200</states><edges>224</edges></level>
<level id="82"><states>199</states><edges>231</edges></level>
<level id="83"><states>197</states><edges>225</edges></level>
<level id="84"><states>193</states><edges>219</edges></level>
<level id="85"><states>192</states><edges>221</edges></level>
<level id="86"><states>192</states><edges>207</edges></level>
<level id="87"><states>179</states><edges>194</edges></level>
<level id="88"><states>159</states><edges>187</edges></level>
<level id="89"><states>148</states><edges>166</edges></level>
<level id="90"><states>135</states><edges>147</edges></level>
<level id="91"><states>126</states><edges>142</edges></level>
<level id="92"><states>118</states><edges>145</edges></level>
<level id="93"><states>103</states><edges>114</edges></level>
<level id="94"><states>91</states><edges>98</edges></level>
<level id="95"><states>87</states><edges>93</edges></level>
<level id="96"><states>87</states><edges>90</edges></level>
<level id="97"><states>80</states><edges>81</edges></level>
<level id="98"><states>75</states><edges>77</edges></level>
<level id="99"><states>76</states><edges>85</edges></level>
<level id="100"><states>74</states><edges>84</edges></level>
<level id="101"><states>73</states><edges>82</edges></level>
<level id="102"><states>69</states><edges>81</edges></level>
<level id="103"><states>71</states><edges>79</edges></level>
<level id="104"><states>72</states><edges>80</edges></level>
<level id="105"><states>69</states><edges>76</edges></level>
<level id="106"><states>64</states><edges>70</edges></level>
<level id="107"><states>60</states><edges>77</edges></level>
<level id="108"><states>62</states><edges>70</edges></level>
<level id="109"><states>60</states><edges>63</edges></level>
<level id="110"><states>49</states><edges>56</edges></level>
<level id="111"><states>42</states><edges>49</edges></level>
<level id="112"><states>39</states><edges>41</edges></level>
<level id="113"><states>33</states><edges>37</edges></level>
<level id="114"><states>32</states><edges>39</edges></level>
<level id="115"><states>24</states><edges>30</edges></level>
<level id="116"><states>15</states><edges>15</edges></level>
<level id="117"><states>12</states><edges>12</edges></level>
<level id="118"><states>10</states><edges>10</edges></level>
<level id="119"><states>9</states><edges>9</edges></level>
<level id="120"><states>9</states><edges>9</edges></level>
<level id="121"><states>9</states><edges>9</edges></level>
<level id="122"><states>9</states><edges>11</edges></level>
<level id="123"><states>9</states><edges>12</edges></level>
<level id="124"><states>7</states><edges>8</edges></level>
<level id="125"><states>7</states><edges>8</edges></level>
<level id="126"><states>7</states><edges>7</edges></level>
<level id="127"><states>7</states><edges>8</edges></level>
<level id="128"><states>7</states><edges>7</edges></level>
<level id="129"><states>4</states><edges>4</edges></level>
<level id="130"><states>4</states><edges>6</edges></level>
<level id="131"><states>4</states><edges>4</edges></level>
<level id="132"><states>4</states><edges>5</edges></level>
</bfs-levels>
<back-level-length id="0">14.9038</back-level-length>
<back-level-length id="1">0</back-level-length>
<back-level-length id="2">27.2837</back-level-length>
<back-level-length id="3">0</back-level-length>
<back-level-length id="4">0</back-level-length>
<back-level-length id="5">0.480769</back-level-length>
<back-level-length id="6">0</back-level-length>
<back-level-length id="7">0</back-level-length>
<back-level-length id="8">0</back-level-length>
<back-level-length id="9">0</back-level-length>
<back-level-length id="10">0</back-level-length>
<back-level-length id="11">0</back-level-length>
<back-level-length id="12">0</back-level-length>
<back-level-length id="13">0</back-level-length>
<back-level-length id="14">0</back-level-length>
<back-level-length id="15">0</back-level-length>
<back-level-length id="16">0</back-level-length>
<back-level-length id="17">0.480769</back-level-length>
<back-level-length id="18">0</back-level-length>
<back-level-length id="19">0</back-level-length>
<back-level-length id="20">1.68269</back-level-length>
<back-level-length id="21">0</back-level-length>
<back-level-length id="22">0</back-level-length>
<back-level-length id="23">8.77404</back-level-length>
<back-level-length id="24">0</back-level-length>
<back-level-length id="25">0</back-level-length>
<back-level-length id="26">2.88462</back-level-length>
<back-level-length id="27">0</back-level-length>
<back-level-length id="28">0</back-level-length>
<back-level-length id="29">0.721154</back-level-length>
<back-level-length id="30">0</back-level-length>
<back-level-length id="31">0</back-level-length>
<back-level-length id="32">0</back-level-length>
<back-level-length id="33">0</back-level-length>
<back-level-length id="34">0</back-level-length>
<back-level-length id="35">0</back-level-length>
<back-level-length id="36">0</back-level-length>
<back-level-length id="37">0</back-level-length>
<back-level-length id="38">0</back-level-length>
<back-level-length id="39">0</back-level-length>
<back-level-length id="40">0</back-level-length>
<back-level-length id="41">0</back-level-length>
<back-level-length id="42">0</back-level-length>
<back-level-length id="43">6.97115</back-level-length>
<back-level-length id="44">6.97115</back-level-length>
<back-level-length id="45">0</back-level-length>
<back-level-length id="46">19.2308</back-level-length>
<back-level-length id="47">0</back-level-length>
<back-level-length id="48">0</back-level-length>
<back-level-length id="49">0.961538</back-level-length>
<back-level-length id="50">0</back-level-length>
<back-level-length id="51">0</back-level-length>
<back-level-length id="52">0</back-level-length>
<back-level-length id="53">0</back-level-length>
<back-level-length id="54">0</back-level-length>
<back-level-length id="55">0</back-level-length>
<back-level-length id="56">0</back-level-length>
<back-level-length id="57">0</back-level-length>
<back-level-length id="58">0</back-level-length>
<back-level-length id="59">0</back-level-length>
<back-level-length id="60">0</back-level-length>
<back-level-length id="61">0</back-level-length>
<back-level-length id="62">0</back-level-length>
<back-level-length id="63">0</back-level-length>
<back-level-length id="64">0</back-level-length>
<back-level-length id="65">0</back-level-length>
<back-level-length id="66">0</back-level-length>
<back-level-length id="67">3.72596</back-level-length>
<back-level-length id="68">0</back-level-length>
<back-level-length id="69">0</back-level-length>
<back-level-length id="70">2.40385</back-level-length>
<back-level-length id="71">0</back-level-length>
<back-level-length id="72">0</back-level-length>
<back-level-length id="73">2.28365</back-level-length>
<back-level-length id="74">0</back-level-length>
<back-level-length id="75">0</back-level-length>
<back-level-length id="76">0</back-level-length>
<back-level-length id="77">0</back-level-length>
<back-level-length id="78">0</back-level-length>
<back-level-length id="79">0</back-level-length>
<back-level-length id="80">0</back-level-length>
<back-level-length id="81">0</back-level-length>
<back-level-length id="82">0</back-level-length>
<back-level-length id="83">0</back-level-length>
<back-level-length id="84">0</back-level-length>
<back-level-length id="85">0</back-level-length>
<back-level-length id="86">0</back-level-length>
<back-level-length id="87">0</back-level-length>
<back-level-length id="88">0</back-level-length>
<back-level-length id="89">0</back-level-length>
<back-level-length id="90">0</back-level-length>
<back-level-length id="91">0</back-level-length>
<back-level-length id="92">0</back-level-length>
<back-level-length id="93">0</back-level-length>
<back-level-length id="94">0</back-level-length>
<back-level-length id="95">0</back-level-length>
<back-level-length id="96">0</back-level-length>
<back-level-length id="97">0.240385</back-level-length>
</bfs-info>
<degrees>
<avg>1.11328</avg>
<max-in>4</max-in>
<max-out>2</max-out>
<degree id="0"><in>1</in><out>0</out></degree>
<degree id="1"><in>8515</in><out>8227</out></degree>
<degree id="2"><in>612</in><out>1051</out></degree>
<degree id="3"><in>10</in><out>0</out></degree>
<degree id="4"><in>140</in><out>0</out></degree>
</degrees>
<scc-info>
<count>2</count>
<height>1</height>
<nontrivial-height>1</nontrivial-height>
<trivial>1</trivial>
<terminal>1</terminal>
<largest>9277</largest>
<largest-position> the only terminal</largest-position>
</scc-info>
<dfs-info>
<stack-size id="46">0.452684</stack-size>
<stack-size id="92">0.94848</stack-size>
<stack-size id="138">1.40116</stack-size>
<stack-size id="184">1.84307</stack-size>
<stack-size id="230">2.33887</stack-size>
<stack-size id="276">2.76999</stack-size>
<stack-size id="322">3.26579</stack-size>
<stack-size id="368">3.69692</stack-size>
<stack-size id="414">4.08493</stack-size>
<stack-size id="460">4.58073</stack-size>
<stack-size id="506">5.01186</stack-size>
<stack-size id="552">5.39987</stack-size>
<stack-size id="598">5.84178</stack-size>
<stack-size id="644">6.33757</stack-size>
<stack-size id="690">6.72559</stack-size>
<stack-size id="736">7.22138</stack-size>
<stack-size id="782">7.50162</stack-size>
<stack-size id="828">7.99741</stack-size>
<stack-size id="874">8.47165</stack-size>
<stack-size id="920">8.96745</stack-size>
<stack-size id="966">9.36624</stack-size>
<stack-size id="1012">9.79737</stack-size>
<stack-size id="1058">10.2932</stack-size>
<stack-size id="1104">10.7351</stack-size>
<stack-size id="1150">11.0153</stack-size>
<stack-size id="1196">11.5111</stack-size>
<stack-size id="1242">12.0069</stack-size>
<stack-size id="1288">12.4811</stack-size>
<stack-size id="1334">12.9554</stack-size>
<stack-size id="1380">13.4512</stack-size>
<stack-size id="1426">13.9254</stack-size>
<stack-size id="1472">14.4212</stack-size>
<stack-size id="1518">14.7014</stack-size>
<stack-size id="1564">15.1972</stack-size>
<stack-size id="1610">15.6715</stack-size>
<stack-size id="1656">16.1673</stack-size>
<stack-size id="1702">16.6092</stack-size>
<stack-size id="1748">17.0619</stack-size>
<stack-size id="1794">17.5038</stack-size>
<stack-size id="1840">17.9996</stack-size>
<stack-size id="1886">18.4307</stack-size>
<stack-size id="1932">18.8403</stack-size>
<stack-size id="1978">19.3361</stack-size>
<stack-size id="2024">19.6917</stack-size>
<stack-size id="2070">20.1229</stack-size>
<stack-size id="2116">20.554</stack-size>
<stack-size id="2162">20.8989</stack-size>
<stack-size id="2208">21.3947</stack-size>
<stack-size id="2254">21.8258</stack-size>
<stack-size id="2300">22.2785</stack-size>
<stack-size id="2346">22.6989</stack-size>
<stack-size id="2392">23.1947</stack-size>
<stack-size id="2438">23.6905</stack-size>
<stack-size id="2484">24.0138</stack-size>
<stack-size id="2530">24.4773</stack-size>
<stack-size id="2576">24.7359</stack-size>
<stack-size id="2622">25.2317</stack-size>
<stack-size id="2668">25.6413</stack-size>
<stack-size id="2714">26.0293</stack-size>
<stack-size id="2760">26.5036</stack-size>
<stack-size id="2806">26.8916</stack-size>
<stack-size id="2852">27.1826</stack-size>
<stack-size id="2898">27.5814</stack-size>
<stack-size id="2944">28.0233</stack-size>
<stack-size id="2990">28.4975</stack-size>
<stack-size id="3036">28.7562</stack-size>
<stack-size id="3082">28.864</stack-size>
<stack-size id="3128">29.3598</stack-size>
<stack-size id="3174">29.8017</stack-size>
<stack-size id="3220">29.9095</stack-size>
<stack-size id="3266">30.4053</stack-size>
<stack-size id="3312">30.9011</stack-size>
<stack-size id="3358">31.1705</stack-size>
<stack-size id="3404">31.6663</stack-size>
<stack-size id="3450">31.9142</stack-size>
<stack-size id="3496">32.41</stack-size>
<stack-size id="3542">32.6579</stack-size>
<stack-size id="3588">33.1106</stack-size>
<stack-size id="3634">33.4447</stack-size>
<stack-size id="3680">33.4447</stack-size>
<stack-size id="3726">33.5525</stack-size>
<stack-size id="3772">33.7681</stack-size>
<stack-size id="3818">33.9621</stack-size>
<stack-size id="3864">33.9944</stack-size>
<stack-size id="3910">34.4902</stack-size>
<stack-size id="3956">34.3177</stack-size>
<stack-size id="4002">34.3177</stack-size>
<stack-size id="4048">34.8135</stack-size>
<stack-size id="4094">35.3093</stack-size>
<stack-size id="4140">35.7297</stack-size>
<stack-size id="4186">35.7512</stack-size>
<stack-size id="4232">36.1393</stack-size>
<stack-size id="4278">36.247</stack-size>
<stack-size id="4324">36.7428</stack-size>
<stack-size id="4370">37.0123</stack-size>
<stack-size id="4416">37.3895</stack-size>
<stack-size id="4462">37.3895</stack-size>
<stack-size id="4508">37.5296</stack-size>
<stack-size id="4554">37.5728</stack-size>
<stack-size id="4600">37.9284</stack-size>
<stack-size id="4646">38.1656</stack-size>
<stack-size id="4692">38.6506</stack-size>
<stack-size id="4738">38.8877</stack-size>
<stack-size id="4784">39.3404</stack-size>
<stack-size id="4830">39.7607</stack-size>
<stack-size id="4876">39.9116</stack-size>
<stack-size id="4922">40.3104</stack-size>
<stack-size id="4968">40.6122</stack-size>
<stack-size id="5014">40.7739</stack-size>
<stack-size id="5060">41.1296</stack-size>
<stack-size id="5106">41.1619</stack-size>
<stack-size id="5152">41.6038</stack-size>
<stack-size id="5198">42.0026</stack-size>
<stack-size id="5244">42.0457</stack-size>
<stack-size id="5290">42.1858</stack-size>
<stack-size id="5336">42.3259</stack-size>
<stack-size id="5382">42.8002</stack-size>
<stack-size id="5428">42.9834</stack-size>
<stack-size id="5474">43.1127</stack-size>
<stack-size id="5520">43.2852</stack-size>
<stack-size id="5566">43.6624</stack-size>
<stack-size id="5612">43.8672</stack-size>
<stack-size id="5658">43.975</stack-size>
<stack-size id="5704">44.2337</stack-size>
<stack-size id="5750">44.363</stack-size>
<stack-size id="5796">44.7187</stack-size>
<stack-size id="5842">45.0636</stack-size>
<stack-size id="5888">45.3762</stack-size>
<stack-size id="5934">45.4516</stack-size>
<stack-size id="5980">45.5809</stack-size>
<stack-size id="6026">44.7295</stack-size>
<stack-size id="6072">44.945</stack-size>
<stack-size id="6118">45.0851</stack-size>
<stack-size id="6164">45.236</stack-size>
<stack-size id="6210">45.6564</stack-size>
<stack-size id="6256">45.1067</stack-size>
<stack-size id="6302">45.4193</stack-size>
<stack-size id="6348">45.5917</stack-size>
<stack-size id="6394">45.6779</stack-size>
<stack-size id="6440">45.8288</stack-size>
<stack-size id="6486">45.8181</stack-size>
<stack-size id="6532">46.0983</stack-size>
<stack-size id="6578">46.2923</stack-size>
<stack-size id="6624">46.4863</stack-size>
<stack-size id="6670">46.6695</stack-size>
<stack-size id="6716">46.9821</stack-size>
<stack-size id="6762">47.327</stack-size>
<stack-size id="6808">47.424</stack-size>
<stack-size id="6854">47.6935</stack-size>
<stack-size id="6900">47.9306</stack-size>
<stack-size id="6946">47.9737</stack-size>
<stack-size id="6992">48.2539</stack-size>
<stack-size id="7038">48.3617</stack-size>
<stack-size id="7084">47.812</stack-size>
<stack-size id="7130">47.9306</stack-size>
<stack-size id="7176">46.6372</stack-size>
<stack-size id="7222">46.0875</stack-size>
<stack-size id="7268">45.042</stack-size>
<stack-size id="7314">45.2037</stack-size>
<stack-size id="7360">45.5163</stack-size>
<stack-size id="7406">45.2145</stack-size>
<stack-size id="7452">45.4732</stack-size>
<stack-size id="7498">45.3115</stack-size>
<stack-size id="7544">45.3977</stack-size>
<stack-size id="7590">45.5486</stack-size>
<stack-size id="7636">44.3199</stack-size>
<stack-size id="7682">43.1235</stack-size>
<stack-size id="7728">43.6193</stack-size>
<stack-size id="7774">43.4576</stack-size>
<stack-size id="7820">42.8972</stack-size>
<stack-size id="7866">41.9487</stack-size>
<stack-size id="7912">41.9703</stack-size>
<stack-size id="7958">42.0349</stack-size>
<stack-size id="8004">41.011</stack-size>
<stack-size id="8050">41.011</stack-size>
<stack-size id="8096">38.3596</stack-size>
<stack-size id="8142">38.435</stack-size>
<stack-size id="8188">38.7584</stack-size>
<stack-size id="8234">37.9931</stack-size>
<stack-size id="8280">36.3333</stack-size>
<stack-size id="8326">34.8135</stack-size>
<stack-size id="8372">34.6734</stack-size>
<stack-size id="8418">34.3932</stack-size>
<stack-size id="8464">31.5585</stack-size>
<stack-size id="8510">30.8472</stack-size>
<stack-size id="8556">30.0604</stack-size>
<stack-size id="8602">27.0532</stack-size>
<stack-size id="8648">26.7515</stack-size>
<stack-size id="8694">25.8353</stack-size>
<stack-size id="8740">25.9215</stack-size>
<stack-size id="8786">24.7252</stack-size>
<stack-size id="8832">23.8952</stack-size>
<stack-size id="8878">20.7696</stack-size>
<stack-size id="8924">20.3708</stack-size>
<stack-size id="8970">18.7325</stack-size>
<stack-size id="9016">18.6463</stack-size>
<stack-size id="9062">17.1804</stack-size>
<stack-size id="9108">14.626</stack-size>
<stack-size id="9154">10.9506</stack-size>
<stack-size id="9200">7.18905</stack-size>
<stack-size id="9246">7.38306</stack-size>
<max-stack>4499</max-stack>
<front-edges>9277</front-edges>
<back-edges>428</back-edges>
<cross-edges>624</cross-edges>
<shortest-cycle>24</shortest-cycle>
</dfs-info>
<rw-info>
<coverage step="920">9.46325</coverage>
<coverage step="1840">16.6092</coverage>
<coverage step="2760">23.6258</coverage>
<coverage step="3680">29.7909</coverage>
<coverage step="4600">33.3154</coverage>
<coverage step="5520">38.0362</coverage>
<coverage step="6440">41.5822</coverage>
<coverage step="7360">45.43</coverage>
<coverage step="8280">48.1569</coverage>
<coverage step="9200">51.2287</coverage>
<coverage step="10120">53.6107</coverage>
<coverage step="11040">55.6047</coverage>
<coverage step="11960">58.1806</coverage>
<coverage step="12880">59.8189</coverage>
<coverage step="13800">61.8452</coverage>
<coverage step="14720">63.2033</coverage>
<coverage step="15640">64.8523</coverage>
<coverage step="16560">66.0379</coverage>
<coverage step="17480">67.6116</coverage>
<coverage step="18400">69.1313</coverage>
<coverage step="19320">71.039</coverage>
<coverage step="20240">72.3001</coverage>
<coverage step="21160">72.9791</coverage>
<coverage step="22080">73.615</coverage>
<coverage step="23000">74.294</coverage>
<coverage step="23920">74.8545</coverage>
<coverage step="24840">76.0832</coverage>
<coverage step="25760">76.8485</coverage>
<coverage step="26680">77.6999</coverage>
<coverage step="27600">78.4221</coverage>
<coverage step="28520">78.7239</coverage>
<coverage step="29440">79.5861</coverage>
<coverage step="30360">80.2975</coverage>
<coverage step="31280">80.8364</coverage>
<coverage step="32200">81.6879</coverage>
<coverage step="33120">81.8064</coverage>
<coverage step="34040">82.4854</coverage>
<coverage step="34960">83.0675</coverage>
<coverage step="35880">83.6387</coverage>
<coverage step="36800">84.7812</coverage>
<coverage step="37720">85.1045</coverage>
<coverage step="38640">85.3201</coverage>
<coverage step="39560">85.8806</coverage>
<coverage step="40480">86.3333</coverage>
<coverage step="41400">86.7967</coverage>
<coverage step="42320">87.271</coverage>
<coverage step="43240">87.6374</coverage>
<coverage step="44160">88.0685</coverage>
<coverage step="45080">88.5643</coverage>
<coverage step="46000">88.8985</coverage>
<coverage step="46920">89.114</coverage>
<coverage step="47840">89.3727</coverage>
<coverage step="48760">89.502</coverage>
<coverage step="49680">89.5991</coverage>
<coverage step="50600">89.5991</coverage>
<coverage step="51520">89.6961</coverage>
<coverage step="52440">89.7931</coverage>
<coverage step="53360">90.0194</coverage>
<coverage step="54280">90.1703</coverage>
<coverage step="55200">90.429</coverage>
<coverage step="56120">90.72</coverage>
<coverage step="57040">91.0864</coverage>
<coverage step="57960">91.5176</coverage>
<coverage step="58880">91.69</coverage>
<coverage step="59800">92.0996</coverage>
<coverage step="60720">92.7247</coverage>
<coverage step="61640">92.9511</coverage>
<coverage step="62560">93.199</coverage>
<coverage step="63480">93.2744</coverage>
<coverage step="64400">93.2744</coverage>
<coverage step="65320">93.296</coverage>
<coverage step="66240">93.5331</coverage>
<coverage step="67160">93.587</coverage>
<coverage step="68080">93.7271</coverage>
<coverage step="69000">93.9319</coverage>
<coverage step="69920">94.0504</coverage>
<coverage step="70840">94.2337</coverage>
<coverage step="71760">94.3846</coverage>
<coverage step="72680">94.3846</coverage>
<coverage step="73600">94.5247</coverage>
<coverage step="74520">94.5894</coverage>
<coverage step="75440">94.7618</coverage>
<coverage step="76360">94.7618</coverage>
<coverage step="77280">94.8049</coverage>
<coverage step="78200">94.8049</coverage>
<coverage step="79120">94.9558</coverage>
<coverage step="80040">94.9881</coverage>
<coverage step="80960">95.0959</coverage>
<coverage step="81880">95.1067</coverage>
<coverage step="82800">95.1067</coverage>
<coverage step="83720">95.1067</coverage>
<coverage step="84640">95.1929</coverage>
<coverage step="85560">95.333</coverage>
<coverage step="86480">95.5271</coverage>
<coverage step="87400">95.5271</coverage>
<coverage step="88320">95.6779</coverage>
<coverage step="89240">95.6779</coverage>
<coverage step="90160">95.7318</coverage>
<coverage step="91080">95.7318</coverage>
<coverage step="92000">95.7318</coverage>
<rw-visits order="1">209</rw-visits>
<rw-visits order="45">58</rw-visits>
<rw-visits order="89">46</rw-visits>
<rw-visits order="133">40</rw-visits>
<rw-visits order="177">37</rw-visits>
<rw-visits order="221">35</rw-visits>
<rw-visits order="265">34</rw-visits>
<rw-visits order="309">32</rw-visits>
<rw-visits order="353">31</rw-visits>
<rw-visits order="397">29</rw-visits>
<rw-visits order="441">28</rw-visits>
<rw-visits order="485">27</rw-visits>
<rw-visits order="529">27</rw-visits>
<rw-visits order="573">26</rw-visits>
<rw-visits order="617">25</rw-visits>
<rw-visits order="661">24</rw-visits>
<rw-visits order="705">24</rw-visits>
<rw-visits order="749">23</rw-visits>
<rw-visits order="793">23</rw-visits>
<rw-visits order="837">22</rw-visits>
<rw-visits order="881">22</rw-visits>
<rw-visits order="925">21</rw-visits>
<rw-visits order="969">21</rw-visits>
<rw-visits order="1013">21</rw-visits>
<rw-visits order="1057">20</rw-visits>
<rw-visits order="1101">20</rw-visits>
<rw-visits order="1145">20</rw-visits>
<rw-visits order="1189">19</rw-visits>
<rw-visits order="1233">19</rw-visits>
<rw-visits order="1277">19</rw-visits>
<rw-visits order="1321">19</rw-visits>
<rw-visits order="1365">18</rw-visits>
<rw-visits order="1409">18</rw-visits>
<rw-visits order="1453">18</rw-visits>
<rw-visits order="1497">17</rw-visits>
<rw-visits order="1541">17</rw-visits>
<rw-visits order="1585">17</rw-visits>
<rw-visits order="1629">16</rw-visits>
<rw-visits order="1673">16</rw-visits>
<rw-visits order="1717">16</rw-visits>
<rw-visits order="1761">16</rw-visits>
<rw-visits order="1805">15</rw-visits>
<rw-visits order="1849">15</rw-visits>
<rw-visits order="1893">15</rw-visits>
<rw-visits order="1937">15</rw-visits>
<rw-visits order="1981">15</rw-visits>
<rw-visits order="2025">14</rw-visits>
<rw-visits order="2069">14</rw-visits>
<rw-visits order="2113">14</rw-visits>
<rw-visits order="2157">14</rw-visits>
<rw-visits order="2201">14</rw-visits>
<rw-visits order="2245">13</rw-visits>
<rw-visits order="2289">13</rw-visits>
<rw-visits order="2333">13</rw-visits>
<rw-visits order="2377">13</rw-visits>
<rw-visits order="2421">13</rw-visits>
<rw-visits order="2465">13</rw-visits>
<rw-visits order="2509">13</rw-visits>
<rw-visits order="2553">13</rw-visits>
<rw-visits order="2597">12</rw-visits>
<rw-visits order="2641">12</rw-visits>
<rw-visits order="2685">12</rw-visits>
<rw-visits order="2729">12</rw-visits>
<rw-visits order="2773">12</rw-visits>
<rw-visits order="2817">12</rw-visits>
<rw-visits order="2861">12</rw-visits>
<rw-visits order="2905">11</rw-visits>
<rw-visits order="2949">11</rw-visits>
<rw-visits order="2993">11</rw-visits>
<rw-visits order="3037">11</rw-visits>
<rw-visits order="3081">11</rw-visits>
<rw-visits order="3125">11</rw-visits>
<rw-visits order="3169">11</rw-visits>
<rw-visits order="3213">11</rw-visits>
<rw-visits order="3257">10</rw-visits>
<rw-visits order="3301">10</rw-visits>
<rw-visits order="3345">10</rw-visits>
<rw-visits order="3389">10</rw-visits>
<rw-visits order="3433">10</rw-visits>
<rw-visits order="3477">10</rw-visits>
<rw-visits order="3521">10</rw-visits>
<rw-visits order="3565">9</rw-visits>
<rw-visits order="3609">9</rw-visits>
<rw-visits order="3653">9</rw-visits>
<rw-visits order="3697">9</rw-visits>
<rw-visits order="3741">9</rw-visits>
<rw-visits order="3785">9</rw-visits>
<rw-visits order="3829">9</rw-visits>
<rw-visits order="3873">9</rw-visits>
<rw-visits order="3917">9</rw-visits>
<rw-visits order="3961">9</rw-visits>
<rw-visits order="4005">9</rw-visits>
<rw-visits order="4049">8</rw-visits>
<rw-visits order="4093">8</rw-visits>
<rw-visits order="4137">8</rw-visits>
<rw-visits order="4181">8</rw-visits>
<rw-visits order="4225">8</rw-visits>
<rw-visits order="4269">8</rw-visits>
<rw-visits order="4313">8</rw-visits>
<rw-visits order="4357">8</rw-visits>
<rw-visits order="4401">8</rw-visits>
<rw-visits order="4445">8</rw-visits>
<rw-visits order="4489">8</rw-visits>
<rw-visits order="4533">7</rw-visits>
<rw-visits order="4577">7</rw-visits>
<rw-visits order="4621">7</rw-visits>
<rw-visits order="4665">7</rw-visits>
<rw-visits order="4709">7</rw-visits>
<rw-visits order="4753">7</rw-visits>
<rw-visits order="4797">7</rw-visits>
<rw-visits order="4841">7</rw-visits>
<rw-visits order="4885">7</rw-visits>
<rw-visits order="4929">7</rw-visits>
<rw-visits order="4973">6</rw-visits>
<rw-visits order="5017">6</rw-visits>
<rw-visits order="5061">6</rw-visits>
<rw-visits order="5105">6</rw-visits>
<rw-visits order="5149">6</rw-visits>
<rw-visits order="5193">6</rw-visits>
<rw-visits order="5237">6</rw-visits>
<rw-visits order="5281">6</rw-visits>
<rw-visits order="5325">6</rw-visits>
<rw-visits order="5369">6</rw-visits>
<rw-visits order="5413">6</rw-visits>
<rw-visits order="5457">6</rw-visits>
<rw-visits order="5501">6</rw-visits>
<rw-visits order="5545">6</rw-visits>
<rw-visits order="5589">5</rw-visits>
<rw-visits order="5633">5</rw-visits>
<rw-visits order="5677">5</rw-visits>
<rw-visits order="5721">5</rw-visits>
<rw-visits order="5765">5</rw-visits>
<rw-visits order="5809">5</rw-visits>
<rw-visits order="5853">5</rw-visits>
<rw-visits order="5897">5</rw-visits>
<rw-visits order="5941">5</rw-visits>
<rw-visits order="5985">5</rw-visits>
<rw-visits order="6029">5</rw-visits>
<rw-visits order="6073">5</rw-visits>
<rw-visits order="6117">4</rw-visits>
<rw-visits order="6161">4</rw-visits>
<rw-visits order="6205">4</rw-visits>
<rw-visits order="6249">4</rw-visits>
<rw-visits order="6293">4</rw-visits>
<rw-visits order="6337">4</rw-visits>
<rw-visits order="6381">4</rw-visits>
<rw-visits order="6425">4</rw-visits>
<rw-visits order="6469">4</rw-visits>
<rw-visits order="6513">4</rw-visits>
<rw-visits order="6557">4</rw-visits>
<rw-visits order="6601">4</rw-visits>
<rw-visits order="6645">4</rw-visits>
<rw-visits order="6689">4</rw-visits>
<rw-visits order="6733">4</rw-visits>
<rw-visits order="6777">4</rw-visits>
<rw-visits order="6821">4</rw-visits>
<rw-visits order="6865">4</rw-visits>
<rw-visits order="6909">3</rw-visits>
<rw-visits order="6953">3</rw-visits>
<rw-visits order="6997">3</rw-visits>
<rw-visits order="7041">3</rw-visits>
<rw-visits order="7085">3</rw-visits>
<rw-visits order="7129">3</rw-visits>
<rw-visits order="7173">3</rw-visits>
<rw-visits order="7217">3</rw-visits>
<rw-visits order="7261">3</rw-visits>
<rw-visits order="7305">3</rw-visits>
<rw-visits order="7349">3</rw-visits>
<rw-visits order="7393">3</rw-visits>
<rw-visits order="7437">3</rw-visits>
<rw-visits order="7481">3</rw-visits>
<rw-visits order="7525">3</rw-visits>
<rw-visits order="7569">3</rw-visits>
<rw-visits order="7613">2</rw-visits>
<rw-visits order="7657">2</rw-visits>
<rw-visits order="7701">2</rw-visits>
<rw-visits order="7745">2</rw-visits>
<rw-visits order="7789">2</rw-visits>
<rw-visits order="7833">2</rw-visits>
<rw-visits order="7877">2</rw-visits>
<rw-visits order="7921">2</rw-visits>
<rw-visits order="7965">2</rw-visits>
<rw-visits order="8009">2</rw-visits>
<rw-visits order="8053">2</rw-visits>
<rw-visits order="8097">2</rw-visits>
<rw-visits order="8141">2</rw-visits>
<rw-visits order="8185">2</rw-visits>
<rw-visits order="8229">1</rw-visits>
<rw-visits order="8273">1</rw-visits>
<rw-visits order="8317">1</rw-visits>
<rw-visits order="8361">1</rw-visits>
<rw-visits order="8405">1</rw-visits>
<rw-visits order="8449">1</rw-visits>
<rw-visits order="8493">1</rw-visits>
<rw-visits order="8537">1</rw-visits>
<rw-visits order="8581">1</rw-visits>
<rw-visits order="8625">1</rw-visits>
<rw-visits order="8669">1</rw-visits>
<rw-visits order="8713">1</rw-visits>
<rw-visits order="8757">1</rw-visits>
<rw-visits order="8801">1</rw-visits>
<rw-visits order="8845">1</rw-visits>
<final-coverage>95.7857</final-coverage>
</rw-info>
<local-info>
<diamonds>0</diamonds>
<neighborhood k="4">6</neighborhood>
<clustering k="4">1.00155</clustering>
</local-info>
<label-info>
<edge-label id="0.1+1.11">17</edge-label>
<edge-label id="0.1+2.11">17</edge-label>
<edge-label id="0.1+3.11">17</edge-label>
<edge-label id="0.1+4.11">17</edge-label>
<edge-label id="0.2+1.9">52</edge-label>
<edge-label id="0.2+2.9">52</edge-label>
<edge-label id="0.2+3.9">52</edge-label>
<edge-label id="0.2+4.9">52</edge-label>
<edge-label id="0.4+1.6">46</edge-label>
<edge-label id="0.4+2.6">52</edge-label>
<edge-label id="0.4+3.6">56</edge-label>
<edge-label id="0.4+4.6">62</edge-label>
<edge-label id="1.1">117</edge-label>
<edge-label id="1.10">52</edge-label>
<edge-label id="1.12+5.12">248</edge-label>
<edge-label id="1.12+5.6">163</edge-label>
<edge-label id="1.2">194</edge-label>
<edge-label id="1.4">117</edge-label>
<edge-label id="1.5+0.3">117</edge-label>
<edge-label id="1.7">194</edge-label>
<edge-label id="1.8+0.0">142</edge-label>
<edge-label id="2.1">118</edge-label>
<edge-label id="2.10">52</edge-label>
<edge-label id="2.12+5.12">246</edge-label>
<edge-label id="2.12+5.6">170</edge-label>
<edge-label id="2.2">192</edge-label>
<edge-label id="2.4">118</edge-label>
<edge-label id="2.5+0.3">118</edge-label>
<edge-label id="2.7">192</edge-label>
<edge-label id="2.8+0.0">140</edge-label>
<edge-label id="3.1">120</edge-label>
<edge-label id="3.10">52</edge-label>
<edge-label id="3.12+5.12">248</edge-label>
<edge-label id="3.12+5.6">176</edge-label>
<edge-label id="3.2">194</edge-label>
<edge-label id="3.4">120</edge-label>
<edge-label id="3.5+0.3">120</edge-label>
<edge-label id="3.7">194</edge-label>
<edge-label id="3.8+0.0">142</edge-label>
<edge-label id="4.1">125</edge-label>
<edge-label id="4.10">52</edge-label>
<edge-label id="4.12+5.12">253</edge-label>
<edge-label id="4.12+5.6">187</edge-label>
<edge-label id="4.2">199</edge-label>
<edge-label id="4.4">125</edge-label>
<edge-label id="4.5+0.3">125</edge-label>
<edge-label id="4.7">199</edge-label>
<edge-label id="4.8+0.0">147</edge-label>
<edge-label id="5.0">375</edge-label>
<edge-label id="5.1">1080</edge-label>
<edge-label id="5.10+3.0">272</edge-label>
<edge-label id="5.11+4.0">275</edge-label>
<edge-label id="5.13">374</edge-label>
<edge-label id="5.14">374</edge-label>
<edge-label id="5.2+1.0">138</edge-label>
<edge-label id="5.3+2.0">141</edge-label>
<edge-label id="5.4+3.0">146</edge-label>
<edge-label id="5.5+4.0">154</edge-label>
<edge-label id="5.7">491</edge-label>
<edge-label id="5.8+1.0">277</edge-label>
<edge-label id="5.9+2.0">272</edge-label>
<state-labels procid="0">
<label id="[{0|0|0|0},0]">1346</label>
<label id="[{0|0|0|1},1]">1034</label>
<label id="[{0|0|1|0},1]">974</label>
<label id="[{0|0|1|1},2]">707</label>
<label id="[{0|1|0|0},1]">925</label>
<label id="[{0|1|0|1},2]">669</label>
<label id="[{0|1|1|0},2]">695</label>
<label id="[{1|0|0|0},1]">872</label>
<label id="[{1|0|0|1},2]">716</label>
<label id="[{1|0|1|0},2]">657</label>
<label id="[{1|1|0|0},2]">683</label>
</state-labels><state-labels procid="1">
<label id="[0,0]">2197</label>
<label id="[0,1]">2211</label>
<label id="[0,2]">2191</label>
<label id="[0,3]">2187</label>
<label id="[1,0]">46</label>
<label id="[1,1]">52</label>
<label id="[1,2]">56</label>
<label id="[1,3]">62</label>
<label id="[2,0]">69</label>
<label id="[2,1]">69</label>
<label id="[2,2]">69</label>
<label id="[2,3]">69</label>
</state-labels><state-labels procid="2">
<label id="[0,0,0]">4282</label>
<label id="[0,0,1]">719</label>
<label id="[0,1,0]">1516</label>
<label id="[0,1,1]">1561</label>
<label id="[1,0,0]">142</label>
<label id="[1,0,1]">52</label>
<label id="[1,1,1]">117</label>
<label id="[2,1,1]">117</label>
<label id="[3,0,0]">142</label>
<label id="[3,0,1]">52</label>
<label id="[4,0,0]">69</label>
<label id="[5,0,0]">52</label>
<label id="[6,0,0]">153</label>
<label id="[6,0,1]">95</label>
<label id="[6,1,0]">46</label>
<label id="[6,1,1]">117</label>
<label id="[8,1,0]">46</label>
</state-labels><state-labels procid="3">
<label id="[0,0,0]">4344</label>
<label id="[0,0,1]">889</label>
<label id="[0,1,0]">1410</label>
<label id="[0,1,1]">1426</label>
<label id="[1,0,0]">140</label>
<label id="[1,0,1]">52</label>
<label id="[1,1,1]">118</label>
<label id="[2,1,1]">118</label>
<label id="[3,0,0]">140</label>
<label id="[3,0,1]">52</label>
<label id="[4,0,0]">69</label>
<label id="[5,0,0]">52</label>
<label id="[6,0,0]">151</label>
<label id="[6,0,1]">95</label>
<label id="[6,1,0]">52</label>
<label id="[6,1,1]">118</label>
<label id="[8,1,0]">52</label>
</state-labels><state-labels procid="4">
<label id="[0,0,0]">4349</label>
<label id="[0,0,1]">1053</label>
<label id="[0,1,0]">1334</label>
<label id="[0,1,1]">1313</label>
<label id="[1,0,0]">142</label>
<label id="[1,0,1]">52</label>
<label id="[1,1,1]">120</label>
<label id="[2,1,1]">120</label>
<label id="[3,0,0]">142</label>
<label id="[3,0,1]">52</label>
<label id="[4,0,0]">69</label>
<label id="[5,0,0]">52</label>
<label id="[6,0,0]">153</label>
<label id="[6,0,1]">95</label>
<label id="[6,1,0]">56</label>
<label id="[6,1,1]">120</label>
<label id="[8,1,0]">56</label>
</state-labels><state-labels procid="5">
<label id="[0,0,0]">4365</label>
<label id="[0,0,1]">1258</label>
<label id="[0,1,0]">1204</label>
<label id="[0,1,1]">1180</label>
<label id="[1,0,0]">147</label>
<label id="[1,0,1]">52</label>
<label id="[1,1,1]">125</label>
<label id="[2,1,1]">125</label>
<label id="[3,0,0]">147</label>
<label id="[3,0,1]">52</label>
<label id="[4,0,0]">69</label>
<label id="[5,0,0]">52</label>
<label id="[6,0,0]">158</label>
<label id="[6,0,1]">95</label>
<label id="[6,1,0]">62</label>
<label id="[6,1,1]">125</label>
<label id="[8,1,0]">62</label>
</state-labels><state-labels procid="6">
<label id="[0,0,4,0]">1</label>
<label id="[0,4,2,0]">53</label>
<label id="[0,4,2,1]">53</label>
<label id="[0,4,2,2]">53</label>
<label id="[0,4,2,3]">53</label>
<label id="[0,4,3,0]">32</label>
<label id="[0,4,3,1]">32</label>
<label id="[0,4,3,2]">32</label>
<label id="[0,4,3,3]">32</label>
<label id="[0,4,4,0]">10</label>
<label id="[0,4,4,1]">9</label>
<label id="[0,4,4,2]">7</label>
<label id="[0,4,4,3]">8</label>
<label id="[1,0,2,0]">53</label>
<label id="[1,0,2,1]">53</label>
<label id="[1,0,2,2]">53</label>
<label id="[1,0,2,3]">53</label>
<label id="[1,0,3,0]">32</label>
<label id="[1,0,3,1]">32</label>
<label id="[1,0,3,2]">32</label>
<label id="[1,0,3,3]">32</label>
<label id="[1,0,4,0]">10</label>
<label id="[1,0,4,1]">9</label>
<label id="[1,0,4,2]">7</label>
<label id="[1,0,4,3]">8</label>
<label id="[1,1,2,0]">53</label>
<label id="[1,1,2,1]">64</label>
<label id="[1,1,2,2]">64</label>
<label id="[1,1,2,3]">47</label>
<label id="[1,1,3,0]">33</label>
<label id="[1,1,3,1]">36</label>
<label id="[1,1,3,2]">36</label>
<label id="[1,1,3,3]">32</label>
<label id="[1,1,4,0]">10</label>
<label id="[1,1,4,1]">9</label>
<label id="[1,1,4,2]">7</label>
<label id="[1,1,4,3]">8</label>
<label id="[1,2,2,0]">46</label>
<label id="[1,2,2,1]">65</label>
<label id="[1,2,2,2]">79</label>
<label id="[1,2,2,3]">58</label>
<label id="[1,2,3,0]">33</label>
<label id="[1,2,3,1]">37</label>
<label id="[1,2,3,2]">40</label>
<label id="[1,2,3,3]">36</label>
<label id="[1,2,4,0]">10</label>
<label id="[1,2,4,1]">9</label>
<label id="[1,2,4,2]">7</label>
<label id="[1,2,4,3]">8</label>
<label id="[1,3,2,0]">57</label>
<label id="[1,3,2,1]">58</label>
<label id="[1,3,2,2]">81</label>
<label id="[1,3,2,3]">73</label>
<label id="[1,3,3,0]">37</label>
<label id="[1,3,3,1]">37</label>
<label id="[1,3,3,2]">41</label>
<label id="[1,3,3,3]">40</label>
<label id="[1,3,4,0]">10</label>
<label id="[1,3,4,1]">9</label>
<label id="[1,3,4,2]">7</label>
<label id="[1,3,4,3]">8</label>
<label id="[1,4,2,0]">72</label>
<label id="[1,4,2,1]">73</label>
<label id="[1,4,2,2]">74</label>
<label id="[1,4,2,3]">74</label>
<label id="[1,4,3,0]">41</label>
<label id="[1,4,3,1]">41</label>
<label id="[1,4,3,2]">41</label>
<label id="[1,4,3,3]">41</label>
<label id="[1,4,4,0]">10</label>
<label id="[1,4,4,1]">9</label>
<label id="[1,4,4,2]">7</label>
<label id="[1,4,4,3]">8</label>
<label id="[2,0,2,0]">66</label>
<label id="[2,0,2,1]">94</label>
<label id="[2,0,2,2]">106</label>
<label id="[2,0,2,3]">66</label>
<label id="[2,0,3,0]">19</label>
<label id="[2,0,3,1]">35</label>
<label id="[2,0,3,2]">35</label>
<label id="[2,0,3,3]">22</label>
<label id="[2,1,2,0]">60</label>
<label id="[2,1,2,1]">76</label>
<label id="[2,1,2,2]">114</label>
<label id="[2,1,2,3]">97</label>
<label id="[2,1,3,0]">22</label>
<label id="[2,1,3,1]">19</label>
<label id="[2,1,3,2]">35</label>
<label id="[2,1,3,3]">35</label>
<label id="[2,2,2,0]">97</label>
<label id="[2,2,2,1]">70</label>
<label id="[2,2,2,2]">86</label>
<label id="[2,2,2,3]">108</label>
<label id="[2,2,3,0]">35</label>
<label id="[2,2,3,1]">22</label>
<label id="[2,2,3,2]">19</label>
<label id="[2,2,3,3]">35</label>
<label id="[2,3,2,0]">111</label>
<label id="[2,3,2,1]">117</label>
<label id="[2,3,2,2]">80</label>
<label id="[2,3,2,3]">80</label>
<label id="[2,3,3,0]">35</label>
<label id="[2,3,3,1]">35</label>
<label id="[2,3,3,2]">22</label>
<label id="[2,3,3,3]">19</label>
<label id="[3,4,0,0]">95</label>
<label id="[3,4,0,1]">94</label>
<label id="[3,4,0,2]">92</label>
<label id="[3,4,0,3]">93</label>
<label id="[3,4,1,0]">106</label>
<label id="[3,4,1,1]">102</label>
<label id="[3,4,1,2]">103</label>
<label id="[3,4,1,3]">105</label>
<label id="[3,4,2,0]">111</label>
<label id="[3,4,2,1]">112</label>
<label id="[3,4,2,2]">114</label>
<label id="[3,4,2,3]">115</label>
<label id="[3,4,3,0]">50</label>
<label id="[3,4,3,1]">49</label>
<label id="[3,4,3,2]">48</label>
<label id="[3,4,3,3]">47</label>
<label id="[3,4,4,0]">10</label>
<label id="[3,4,4,1]">9</label>
<label id="[3,4,4,2]">7</label>
<label id="[3,4,4,3]">8</label>
<label id="[4,4,1,0]">286</label>
<label id="[4,4,1,1]">280</label>
<label id="[4,4,1,2]">283</label>
<label id="[4,4,1,3]">289</label>
<label id="[4,4,2,0]">313</label>
<label id="[4,4,2,1]">316</label>
<label id="[4,4,2,2]">322</label>
<label id="[4,4,2,3]">325</label>
<label id="[4,4,3,0]">131</label>
<label id="[4,4,3,1]">131</label>
<label id="[4,4,3,2]">131</label>
<label id="[4,4,3,3]">131</label>
<label id="[4,4,4,0]">27</label>
<label id="[4,4,4,1]">24</label>
<label id="[4,4,4,2]">21</label>
<label id="[4,4,4,3]">27</label>
<label id="[5,4,0,0]">95</label>
<label id="[5,4,0,1]">94</label>
<label id="[5,4,0,2]">92</label>
<label id="[5,4,0,3]">93</label>
</state-labels></label-info>
</state-space-info>
