<?xml version="1.0"?>
<!DOCTYPE state-space-info SYSTEM "../../state_space_info.dtd">


<state-space-info>
<states>1280</states>
<edges>3497</edges>
<bfs-info>
 <levels>34</levels>
<max-level>76</max-level>

<back-level-edges>1416</back-level-edges>
<max-back-level-edge>23</max-back-level-edge>
<avg-back-level-edge>3.18503</avg-back-level-edge>
<bfs-levels>
<level id="0"><states>1</states><edges>2</edges></level>
<level id="1"><states>2</states><edges>10</edges></level>
<level id="2"><states>7</states><edges>22</edges></level>
<level id="3"><states>14</states><edges>48</edges></level>
<level id="4"><states>21</states><edges>72</edges></level>
<level id="5"><states>34</states><edges>82</edges></level>
<level id="6"><states>34</states><edges>87</edges></level>
<level id="7"><states>35</states><edges>110</edges></level>
<level id="8"><states>58</states><edges>174</edges></level>
<level id="9"><states>74</states><edges>198</edges></level>
<level id="10"><states>75</states><edges>202</edges></level>
<level id="11"><states>70</states><edges>187</edges></level>
<level id="12"><states>76</states><edges>200</edges></level>
<level id="13"><states>75</states><edges>214</edges></level>
<level id="14"><states>65</states><edges>180</edges></level>
<level id="15"><states>65</states><edges>191</edges></level>
<level id="16"><states>67</states><edges>180</edges></level>
<level id="17"><states>66</states><edges>161</edges></level>
<level id="18"><states>45</states><edges>108</edges></level>
<level id="19"><states>28</states><edges>81</edges></level>
<level id="20"><states>29</states><edges>93</edges></level>
<level id="21"><states>31</states><edges>81</edges></level>
<level id="22"><states>34</states><edges>82</edges></level>
<level id="23"><states>36</states><edges>85</edges></level>
<level id="24"><states>31</states><edges>96</edges></level>
<level id="25"><states>39</states><edges>101</edges></level>
<level id="26"><states>37</states><edges>82</edges></level>
<level id="27"><states>25</states><edges>65</edges></level>
<level id="28"><states>27</states><edges>88</edges></level>
<level id="29"><states>25</states><edges>70</edges></level>
<level id="30"><states>26</states><edges>64</edges></level>
<level id="31"><states>18</states><edges>42</edges></level>
<level id="32"><states>7</states><edges>25</edges></level>
<level id="33"><states>3</states><edges>14</edges></level>
</bfs-levels>
<back-level-length id="0">3.03672</back-level-length>
<back-level-length id="1">38.1356</back-level-length>
<back-level-length id="2">7.41525</back-level-length>
<back-level-length id="3">32.3446</back-level-length>
<back-level-length id="4">5.15537</back-level-length>
<back-level-length id="5">2.9661</back-level-length>
<back-level-length id="6">0.988701</back-level-length>
<back-level-length id="7">1.41243</back-level-length>
<back-level-length id="8">0.49435</back-level-length>
<back-level-length id="9">0.988701</back-level-length>
<back-level-length id="10">1.12994</back-level-length>
<back-level-length id="11">0.423729</back-level-length>
<back-level-length id="12">0.282486</back-level-length>
<back-level-length id="13">0.776836</back-level-length>
<back-level-length id="14">1.83616</back-level-length>
<back-level-length id="15">0.211864</back-level-length>
<back-level-length id="16">0.282486</back-level-length>
<back-level-length id="17">0.423729</back-level-length>
<back-level-length id="18">0.282486</back-level-length>
<back-level-length id="19">0.423729</back-level-length>
<back-level-length id="20">0.282486</back-level-length>
<back-level-length id="21">0.211864</back-level-length>
<back-level-length id="22">0.282486</back-level-length>
<back-level-length id="23">0.211864</back-level-length>
</bfs-info>
<degrees>
<avg>2.73203</avg>
<max-in>15</max-in>
<max-out>8</max-out>
<degree id="0"><in>0</in><out>0</out></degree>
<degree id="1"><in>261</in><out>88</out></degree>
<degree id="2"><in>472</in><out>712</out></degree>
<degree id="3"><in>277</in><out>214</out></degree>
<degree id="4"><in>110</in><out>39</out></degree>
<degree id="5"><in>72</in><out>191</out></degree>
<degree id="6"><in>38</in><out>28</out></degree>
<degree id="7"><in>10</in><out>0</out></degree>
<degree id="8"><in>15</in><out>8</out></degree>
<degree id="9"><in>16</in><out>0</out></degree>
<degree id="10"><in>5</in><out>0</out></degree>
<degree id="11"><in>2</in><out>0</out></degree>
<degree id="12"><in>1</in><out>0</out></degree>
<degree id="13"><in>0</in><out>0</out></degree>
<degree id="14"><in>0</in><out>0</out></degree>
<degree id="15"><in>1</in><out>0</out></degree>
</degrees>
<scc-info>
<count>91</count>
<height>11</height>
<nontrivial-height>10</nontrivial-height>
<trivial>13</trivial>
<terminal>16</terminal>
<largest>341</largest>
<largest-position> </largest-position>
</scc-info>
<dfs-info>
<stack-size id="6">0.46875</stack-size>
<stack-size id="12">0.9375</stack-size>
<stack-size id="18">1.40625</stack-size>
<stack-size id="24">1.875</stack-size>
<stack-size id="30">2.34375</stack-size>
<stack-size id="36">2.8125</stack-size>
<stack-size id="42">3.28125</stack-size>
<stack-size id="48">3.4375</stack-size>
<stack-size id="54">3.90625</stack-size>
<stack-size id="60">4.375</stack-size>
<stack-size id="66">4.6875</stack-size>
<stack-size id="72">5.15625</stack-size>
<stack-size id="78">5.625</stack-size>
<stack-size id="84">5.70312</stack-size>
<stack-size id="90">4.84375</stack-size>
<stack-size id="96">5.3125</stack-size>
<stack-size id="102">5.78125</stack-size>
<stack-size id="108">5.39062</stack-size>
<stack-size id="114">5</stack-size>
<stack-size id="120">5.46875</stack-size>
<stack-size id="126">5.70312</stack-size>
<stack-size id="132">6.17188</stack-size>
<stack-size id="138">6.32812</stack-size>
<stack-size id="144">6.48438</stack-size>
<stack-size id="150">6.5625</stack-size>
<stack-size id="156">5.46875</stack-size>
<stack-size id="162">5.9375</stack-size>
<stack-size id="168">6.40625</stack-size>
<stack-size id="174">6.875</stack-size>
<stack-size id="180">7.34375</stack-size>
<stack-size id="186">7.8125</stack-size>
<stack-size id="192">8.04688</stack-size>
<stack-size id="198">8.51562</stack-size>
<stack-size id="204">8.98438</stack-size>
<stack-size id="210">9.45312</stack-size>
<stack-size id="216">9.92188</stack-size>
<stack-size id="222">10.2344</stack-size>
<stack-size id="228">10.7031</stack-size>
<stack-size id="234">10.9375</stack-size>
<stack-size id="240">10.2344</stack-size>
<stack-size id="246">10.3906</stack-size>
<stack-size id="252">10.8594</stack-size>
<stack-size id="258">11.0938</stack-size>
<stack-size id="264">11.0938</stack-size>
<stack-size id="270">10.7031</stack-size>
<stack-size id="276">10.4688</stack-size>
<stack-size id="282">10.5469</stack-size>
<stack-size id="288">10.8594</stack-size>
<stack-size id="294">10.625</stack-size>
<stack-size id="300">11.0938</stack-size>
<stack-size id="306">11.3281</stack-size>
<stack-size id="312">10.625</stack-size>
<stack-size id="318">9.84375</stack-size>
<stack-size id="324">9.14062</stack-size>
<stack-size id="330">9.21875</stack-size>
<stack-size id="336">9.14062</stack-size>
<stack-size id="342">9.45312</stack-size>
<stack-size id="348">9.0625</stack-size>
<stack-size id="354">8.75</stack-size>
<stack-size id="360">8.51562</stack-size>
<stack-size id="366">8.98438</stack-size>
<stack-size id="372">9.45312</stack-size>
<stack-size id="378">8.82812</stack-size>
<stack-size id="384">7.8125</stack-size>
<stack-size id="390">6.875</stack-size>
<stack-size id="396">6.71875</stack-size>
<stack-size id="402">6.71875</stack-size>
<stack-size id="408">7.1875</stack-size>
<stack-size id="414">7.65625</stack-size>
<stack-size id="420">7.1875</stack-size>
<stack-size id="426">7.65625</stack-size>
<stack-size id="432">8.125</stack-size>
<stack-size id="438">8.59375</stack-size>
<stack-size id="444">7.34375</stack-size>
<stack-size id="450">7.8125</stack-size>
<stack-size id="456">7.34375</stack-size>
<stack-size id="462">7.8125</stack-size>
<stack-size id="468">8.28125</stack-size>
<stack-size id="474">8.59375</stack-size>
<stack-size id="480">7.65625</stack-size>
<stack-size id="486">7.34375</stack-size>
<stack-size id="492">7.8125</stack-size>
<stack-size id="498">6.95312</stack-size>
<stack-size id="504">6.5625</stack-size>
<stack-size id="510">7.03125</stack-size>
<stack-size id="516">6.48438</stack-size>
<stack-size id="522">6.17188</stack-size>
<stack-size id="528">6.64062</stack-size>
<stack-size id="534">7.10938</stack-size>
<stack-size id="540">6.5625</stack-size>
<stack-size id="546">6.09375</stack-size>
<stack-size id="552">6.5625</stack-size>
<stack-size id="558">6.09375</stack-size>
<stack-size id="564">6.5625</stack-size>
<stack-size id="570">7.03125</stack-size>
<stack-size id="576">7.34375</stack-size>
<stack-size id="582">6.40625</stack-size>
<stack-size id="588">6.09375</stack-size>
<stack-size id="594">6.48438</stack-size>
<stack-size id="600">1.32812</stack-size>
<stack-size id="606">1.32812</stack-size>
<stack-size id="612">1.09375</stack-size>
<stack-size id="618">1.5625</stack-size>
<stack-size id="624">2.03125</stack-size>
<stack-size id="630">2.5</stack-size>
<stack-size id="636">2.96875</stack-size>
<stack-size id="642">3.28125</stack-size>
<stack-size id="648">3.75</stack-size>
<stack-size id="654">4.14062</stack-size>
<stack-size id="660">4.0625</stack-size>
<stack-size id="666">3.125</stack-size>
<stack-size id="672">3.20312</stack-size>
<stack-size id="678">3.67188</stack-size>
<stack-size id="684">4.14062</stack-size>
<stack-size id="690">4.60938</stack-size>
<stack-size id="696">5.07812</stack-size>
<stack-size id="702">5.07812</stack-size>
<stack-size id="708">4.0625</stack-size>
<stack-size id="714">3.98438</stack-size>
<stack-size id="720">4.45312</stack-size>
<stack-size id="726">4.92188</stack-size>
<stack-size id="732">4.45312</stack-size>
<stack-size id="738">4.92188</stack-size>
<stack-size id="744">5.39062</stack-size>
<stack-size id="750">5.85938</stack-size>
<stack-size id="756">4.60938</stack-size>
<stack-size id="762">5.07812</stack-size>
<stack-size id="768">4.60938</stack-size>
<stack-size id="774">5.07812</stack-size>
<stack-size id="780">5.54688</stack-size>
<stack-size id="786">6.01562</stack-size>
<stack-size id="792">4.92188</stack-size>
<stack-size id="798">4.60938</stack-size>
<stack-size id="804">5.07812</stack-size>
<stack-size id="810">4.21875</stack-size>
<stack-size id="816">3.82812</stack-size>
<stack-size id="822">4.29688</stack-size>
<stack-size id="828">3.75</stack-size>
<stack-size id="834">3.4375</stack-size>
<stack-size id="840">3.90625</stack-size>
<stack-size id="846">4.375</stack-size>
<stack-size id="852">3.82812</stack-size>
<stack-size id="858">3.35938</stack-size>
<stack-size id="864">3.82812</stack-size>
<stack-size id="870">3.35938</stack-size>
<stack-size id="876">3.82812</stack-size>
<stack-size id="882">4.29688</stack-size>
<stack-size id="888">4.60938</stack-size>
<stack-size id="894">3.67188</stack-size>
<stack-size id="900">3.35938</stack-size>
<stack-size id="906">3.82812</stack-size>
<stack-size id="912">0.703125</stack-size>
<stack-size id="918">1.17188</stack-size>
<stack-size id="924">1.64062</stack-size>
<stack-size id="930">2.10938</stack-size>
<stack-size id="936">2.57812</stack-size>
<stack-size id="942">3.04688</stack-size>
<stack-size id="948">3.28125</stack-size>
<stack-size id="954">2.57812</stack-size>
<stack-size id="960">2.73438</stack-size>
<stack-size id="966">3.20312</stack-size>
<stack-size id="972">3.4375</stack-size>
<stack-size id="978">2.73438</stack-size>
<stack-size id="984">2.89062</stack-size>
<stack-size id="990">3.35938</stack-size>
<stack-size id="996">3.82812</stack-size>
<stack-size id="1002">4.29688</stack-size>
<stack-size id="1008">4.60938</stack-size>
<stack-size id="1014">4.92188</stack-size>
<stack-size id="1020">5.07812</stack-size>
<stack-size id="1026">5</stack-size>
<stack-size id="1032">3.98438</stack-size>
<stack-size id="1038">3.125</stack-size>
<stack-size id="1044">3.04688</stack-size>
<stack-size id="1050">3.04688</stack-size>
<stack-size id="1056">2.57812</stack-size>
<stack-size id="1062">3.04688</stack-size>
<stack-size id="1068">3.51562</stack-size>
<stack-size id="1074">3.59375</stack-size>
<stack-size id="1080">2.26562</stack-size>
<stack-size id="1086">2.73438</stack-size>
<stack-size id="1092">3.20312</stack-size>
<stack-size id="1098">3.67188</stack-size>
<stack-size id="1104">4.14062</stack-size>
<stack-size id="1110">4.45312</stack-size>
<stack-size id="1116">4.92188</stack-size>
<stack-size id="1122">5.39062</stack-size>
<stack-size id="1128">5.46875</stack-size>
<stack-size id="1134">4.60938</stack-size>
<stack-size id="1140">5.07812</stack-size>
<stack-size id="1146">5.54688</stack-size>
<stack-size id="1152">5.3125</stack-size>
<stack-size id="1158">5.54688</stack-size>
<stack-size id="1164">4.84375</stack-size>
<stack-size id="1170">4.76562</stack-size>
<stack-size id="1176">5.23438</stack-size>
<stack-size id="1182">4.53125</stack-size>
<stack-size id="1188">3.90625</stack-size>
<stack-size id="1194">3.51562</stack-size>
<stack-size id="1200">3.59375</stack-size>
<stack-size id="1206">3.51562</stack-size>
<stack-size id="1212">3.20312</stack-size>
<stack-size id="1218">3.04688</stack-size>
<stack-size id="1224">3.51562</stack-size>
<stack-size id="1230">3.98438</stack-size>
<stack-size id="1236">3.28125</stack-size>
<stack-size id="1242">1.40625</stack-size>
<stack-size id="1248">1.32812</stack-size>
<stack-size id="1254">1.64062</stack-size>
<stack-size id="1260">2.03125</stack-size>
<stack-size id="1266">2.42188</stack-size>
<stack-size id="1272">2.89062</stack-size>
<stack-size id="1278">3.125</stack-size>
<max-stack>146</max-stack>
<front-edges>1279</front-edges>
<back-edges>1118</back-edges>
<cross-edges>1100</cross-edges>
<shortest-cycle>2</shortest-cycle>
</dfs-info>
<rw-info>
<coverage step="120">2.89062</coverage>
<coverage step="240">2.89062</coverage>
<coverage step="360">2.89062</coverage>
<coverage step="480">2.89062</coverage>
<coverage step="600">7.5</coverage>
<coverage step="720">7.65625</coverage>
<coverage step="840">7.65625</coverage>
<coverage step="960">7.73438</coverage>
<coverage step="1080">11.25</coverage>
<coverage step="1200">11.3281</coverage>
<coverage step="1320">11.3281</coverage>
<coverage step="1440">11.3281</coverage>
<coverage step="1560">13.6719</coverage>
<coverage step="1680">16.1719</coverage>
<coverage step="1800">16.5625</coverage>
<coverage step="1920">16.6406</coverage>
<coverage step="2040">17.3438</coverage>
<coverage step="2160">17.3438</coverage>
<coverage step="2280">17.3438</coverage>
<coverage step="2400">17.3438</coverage>
<coverage step="2520">17.8125</coverage>
<coverage step="2640">20.0781</coverage>
<coverage step="2760">20.1562</coverage>
<coverage step="2880">20.1562</coverage>
<coverage step="3000">20.1562</coverage>
<coverage step="3120">20.3906</coverage>
<coverage step="3240">20.3906</coverage>
<coverage step="3360">20.3906</coverage>
<coverage step="3480">20.3906</coverage>
<coverage step="3600">22.6562</coverage>
<coverage step="3720">22.6562</coverage>
<coverage step="3840">22.6562</coverage>
<coverage step="3960">22.6562</coverage>
<coverage step="4080">23.2031</coverage>
<coverage step="4200">23.2031</coverage>
<coverage step="4320">23.2031</coverage>
<coverage step="4440">23.2031</coverage>
<coverage step="4560">23.8281</coverage>
<coverage step="4680">23.9062</coverage>
<coverage step="4800">23.9062</coverage>
<coverage step="4920">23.9062</coverage>
<coverage step="5040">24.2969</coverage>
<coverage step="5160">24.2969</coverage>
<coverage step="5280">24.2969</coverage>
<coverage step="5400">24.2969</coverage>
<coverage step="5520">25</coverage>
<coverage step="5640">25</coverage>
<coverage step="5760">25</coverage>
<coverage step="5880">25</coverage>
<coverage step="6000">25</coverage>
<coverage step="6120">25.7812</coverage>
<coverage step="6240">25.7812</coverage>
<coverage step="6360">25.7812</coverage>
<coverage step="6480">25.7812</coverage>
<coverage step="6600">26.4062</coverage>
<coverage step="6720">26.4062</coverage>
<coverage step="6840">26.4062</coverage>
<coverage step="6960">26.4062</coverage>
<coverage step="7080">27.5</coverage>
<coverage step="7200">27.5</coverage>
<coverage step="7320">27.5</coverage>
<coverage step="7440">27.5</coverage>
<coverage step="7560">27.5781</coverage>
<coverage step="7680">27.5781</coverage>
<coverage step="7800">27.5781</coverage>
<coverage step="7920">27.5781</coverage>
<coverage step="8040">28.2812</coverage>
<coverage step="8160">30.0781</coverage>
<coverage step="8280">30.2344</coverage>
<coverage step="8400">30.2344</coverage>
<coverage step="8520">30.3125</coverage>
<coverage step="8640">30.625</coverage>
<coverage step="8760">30.625</coverage>
<coverage step="8880">30.625</coverage>
<coverage step="9000">30.625</coverage>
<coverage step="9120">30.8594</coverage>
<coverage step="9240">30.8594</coverage>
<coverage step="9360">30.8594</coverage>
<coverage step="9480">30.8594</coverage>
<coverage step="9600">31.0156</coverage>
<coverage step="9720">31.0156</coverage>
<coverage step="9840">31.0156</coverage>
<coverage step="9960">31.0156</coverage>
<coverage step="10080">31.6406</coverage>
<coverage step="10200">31.6406</coverage>
<coverage step="10320">31.6406</coverage>
<coverage step="10440">31.6406</coverage>
<coverage step="10560">32.1875</coverage>
<coverage step="10680">32.1875</coverage>
<coverage step="10800">32.1875</coverage>
<coverage step="10920">32.1875</coverage>
<coverage step="11040">32.4219</coverage>
<coverage step="11160">32.4219</coverage>
<coverage step="11280">32.4219</coverage>
<coverage step="11400">32.4219</coverage>
<coverage step="11520">33.125</coverage>
<coverage step="11640">34.2188</coverage>
<coverage step="11760">34.2188</coverage>
<coverage step="11880">34.2188</coverage>
<coverage step="12000">34.2188</coverage>
<coverage step="12120">34.2188</coverage>
<coverage step="12240">34.2188</coverage>
<coverage step="12360">34.2188</coverage>
<coverage step="12480">34.2188</coverage>
<coverage step="12600">34.2188</coverage>
<coverage step="12720">34.2188</coverage>
<rw-visits order="1">483</rw-visits>
<rw-visits order="3">383</rw-visits>
<rw-visits order="5">317</rw-visits>
<rw-visits order="7">294</rw-visits>
<rw-visits order="9">291</rw-visits>
<rw-visits order="11">272</rw-visits>
<rw-visits order="13">256</rw-visits>
<rw-visits order="15">236</rw-visits>
<rw-visits order="17">214</rw-visits>
<rw-visits order="19">184</rw-visits>
<rw-visits order="21">156</rw-visits>
<rw-visits order="23">141</rw-visits>
<rw-visits order="25">136</rw-visits>
<rw-visits order="27">135</rw-visits>
<rw-visits order="29">122</rw-visits>
<rw-visits order="31">118</rw-visits>
<rw-visits order="33">90</rw-visits>
<rw-visits order="35">86</rw-visits>
<rw-visits order="37">84</rw-visits>
<rw-visits order="39">82</rw-visits>
<rw-visits order="41">81</rw-visits>
<rw-visits order="43">76</rw-visits>
<rw-visits order="45">75</rw-visits>
<rw-visits order="47">74</rw-visits>
<rw-visits order="49">71</rw-visits>
<rw-visits order="51">70</rw-visits>
<rw-visits order="53">70</rw-visits>
<rw-visits order="55">69</rw-visits>
<rw-visits order="57">63</rw-visits>
<rw-visits order="59">60</rw-visits>
<rw-visits order="61">57</rw-visits>
<rw-visits order="63">56</rw-visits>
<rw-visits order="65">54</rw-visits>
<rw-visits order="67">49</rw-visits>
<rw-visits order="69">48</rw-visits>
<rw-visits order="71">44</rw-visits>
<rw-visits order="73">44</rw-visits>
<rw-visits order="75">44</rw-visits>
<rw-visits order="77">43</rw-visits>
<rw-visits order="79">42</rw-visits>
<rw-visits order="81">41</rw-visits>
<rw-visits order="83">39</rw-visits>
<rw-visits order="85">39</rw-visits>
<rw-visits order="87">38</rw-visits>
<rw-visits order="89">37</rw-visits>
<rw-visits order="91">37</rw-visits>
<rw-visits order="93">36</rw-visits>
<rw-visits order="95">34</rw-visits>
<rw-visits order="97">33</rw-visits>
<rw-visits order="99">30</rw-visits>
<rw-visits order="101">29</rw-visits>
<rw-visits order="103">29</rw-visits>
<rw-visits order="105">26</rw-visits>
<rw-visits order="107">25</rw-visits>
<rw-visits order="109">25</rw-visits>
<rw-visits order="111">23</rw-visits>
<rw-visits order="113">22</rw-visits>
<rw-visits order="115">21</rw-visits>
<rw-visits order="117">21</rw-visits>
<rw-visits order="119">19</rw-visits>
<rw-visits order="121">19</rw-visits>
<rw-visits order="123">17</rw-visits>
<rw-visits order="125">16</rw-visits>
<rw-visits order="127">15</rw-visits>
<rw-visits order="129">13</rw-visits>
<rw-visits order="131">13</rw-visits>
<rw-visits order="133">13</rw-visits>
<rw-visits order="135">12</rw-visits>
<rw-visits order="137">12</rw-visits>
<rw-visits order="139">12</rw-visits>
<rw-visits order="141">11</rw-visits>
<rw-visits order="143">11</rw-visits>
<rw-visits order="145">10</rw-visits>
<rw-visits order="147">10</rw-visits>
<rw-visits order="149">10</rw-visits>
<rw-visits order="151">10</rw-visits>
<rw-visits order="153">9</rw-visits>
<rw-visits order="155">9</rw-visits>
<rw-visits order="157">9</rw-visits>
<rw-visits order="159">9</rw-visits>
<rw-visits order="161">9</rw-visits>
<rw-visits order="163">8</rw-visits>
<rw-visits order="165">8</rw-visits>
<rw-visits order="167">8</rw-visits>
<rw-visits order="169">8</rw-visits>
<rw-visits order="171">8</rw-visits>
<rw-visits order="173">7</rw-visits>
<rw-visits order="175">7</rw-visits>
<rw-visits order="177">7</rw-visits>
<rw-visits order="179">7</rw-visits>
<rw-visits order="181">7</rw-visits>
<rw-visits order="183">6</rw-visits>
<rw-visits order="185">6</rw-visits>
<rw-visits order="187">6</rw-visits>
<rw-visits order="189">6</rw-visits>
<rw-visits order="191">6</rw-visits>
<rw-visits order="193">6</rw-visits>
<rw-visits order="195">6</rw-visits>
<rw-visits order="197">6</rw-visits>
<rw-visits order="199">6</rw-visits>
<rw-visits order="201">5</rw-visits>
<rw-visits order="203">5</rw-visits>
<rw-visits order="205">5</rw-visits>
<rw-visits order="207">5</rw-visits>
<rw-visits order="209">5</rw-visits>
<rw-visits order="211">5</rw-visits>
<rw-visits order="213">5</rw-visits>
<rw-visits order="215">4</rw-visits>
<rw-visits order="217">4</rw-visits>
<rw-visits order="219">4</rw-visits>
<rw-visits order="221">4</rw-visits>
<rw-visits order="223">4</rw-visits>
<rw-visits order="225">4</rw-visits>
<rw-visits order="227">4</rw-visits>
<rw-visits order="229">4</rw-visits>
<rw-visits order="231">4</rw-visits>
<rw-visits order="233">4</rw-visits>
<rw-visits order="235">4</rw-visits>
<rw-visits order="237">4</rw-visits>
<rw-visits order="239">4</rw-visits>
<rw-visits order="241">4</rw-visits>
<rw-visits order="243">3</rw-visits>
<rw-visits order="245">3</rw-visits>
<rw-visits order="247">3</rw-visits>
<rw-visits order="249">3</rw-visits>
<rw-visits order="251">3</rw-visits>
<rw-visits order="253">3</rw-visits>
<rw-visits order="255">3</rw-visits>
<rw-visits order="257">3</rw-visits>
<rw-visits order="259">3</rw-visits>
<rw-visits order="261">3</rw-visits>
<rw-visits order="263">3</rw-visits>
<rw-visits order="265">3</rw-visits>
<rw-visits order="267">3</rw-visits>
<rw-visits order="269">3</rw-visits>
<rw-visits order="271">3</rw-visits>
<rw-visits order="273">3</rw-visits>
<rw-visits order="275">2</rw-visits>
<rw-visits order="277">2</rw-visits>
<rw-visits order="279">2</rw-visits>
<rw-visits order="281">2</rw-visits>
<rw-visits order="283">2</rw-visits>
<rw-visits order="285">2</rw-visits>
<rw-visits order="287">2</rw-visits>
<rw-visits order="289">2</rw-visits>
<rw-visits order="291">2</rw-visits>
<rw-visits order="293">2</rw-visits>
<rw-visits order="295">2</rw-visits>
<rw-visits order="297">2</rw-visits>
<rw-visits order="299">2</rw-visits>
<rw-visits order="301">2</rw-visits>
<rw-visits order="303">2</rw-visits>
<rw-visits order="305">2</rw-visits>
<rw-visits order="307">2</rw-visits>
<rw-visits order="309">2</rw-visits>
<rw-visits order="311">2</rw-visits>
<rw-visits order="313">2</rw-visits>
<rw-visits order="315">2</rw-visits>
<rw-visits order="317">2</rw-visits>
<rw-visits order="319">2</rw-visits>
<rw-visits order="321">2</rw-visits>
<rw-visits order="323">2</rw-visits>
<rw-visits order="325">2</rw-visits>
<rw-visits order="327">2</rw-visits>
<rw-visits order="329">2</rw-visits>
<rw-visits order="331">2</rw-visits>
<rw-visits order="333">2</rw-visits>
<rw-visits order="335">1</rw-visits>
<rw-visits order="337">1</rw-visits>
<rw-visits order="339">1</rw-visits>
<rw-visits order="341">1</rw-visits>
<rw-visits order="343">1</rw-visits>
<rw-visits order="345">1</rw-visits>
<rw-visits order="347">1</rw-visits>
<rw-visits order="349">1</rw-visits>
<rw-visits order="351">1</rw-visits>
<rw-visits order="353">1</rw-visits>
<rw-visits order="355">1</rw-visits>
<rw-visits order="357">1</rw-visits>
<rw-visits order="359">1</rw-visits>
<rw-visits order="361">1</rw-visits>
<rw-visits order="363">1</rw-visits>
<rw-visits order="365">1</rw-visits>
<rw-visits order="367">1</rw-visits>
<rw-visits order="369">1</rw-visits>
<rw-visits order="371">1</rw-visits>
<rw-visits order="373">1</rw-visits>
<rw-visits order="375">1</rw-visits>
<rw-visits order="377">1</rw-visits>
<rw-visits order="379">1</rw-visits>
<rw-visits order="381">1</rw-visits>
<rw-visits order="383">1</rw-visits>
<rw-visits order="385">1</rw-visits>
<rw-visits order="387">1</rw-visits>
<rw-visits order="389">1</rw-visits>
<rw-visits order="391">1</rw-visits>
<rw-visits order="393">1</rw-visits>
<rw-visits order="395">1</rw-visits>
<rw-visits order="397">1</rw-visits>
<rw-visits order="399">1</rw-visits>
<rw-visits order="401">1</rw-visits>
<rw-visits order="403">1</rw-visits>
<rw-visits order="405">1</rw-visits>
<rw-visits order="407">1</rw-visits>
<rw-visits order="409">1</rw-visits>
<rw-visits order="411">1</rw-visits>
<rw-visits order="413">1</rw-visits>
<rw-visits order="415">1</rw-visits>
<rw-visits order="417">1</rw-visits>
<rw-visits order="419">1</rw-visits>
<rw-visits order="421">1</rw-visits>
<rw-visits order="423">1</rw-visits>
<rw-visits order="425">1</rw-visits>
<rw-visits order="427">1</rw-visits>
<rw-visits order="429">1</rw-visits>
<rw-visits order="431">1</rw-visits>
<rw-visits order="433">1</rw-visits>
<rw-visits order="435">1</rw-visits>
<rw-visits order="437">1</rw-visits>
<final-coverage>34.2188</final-coverage>
</rw-info>
<local-info>
<diamonds>83.4375</diamonds>
<neighborhood k="4">26</neighborhood>
<clustering k="4">1.75069</clustering>
</local-info>
<label-info>
<edge-label id="0.0">152</edge-label>
<edge-label id="0.1">90</edge-label>
<edge-label id="0.10">76</edge-label>
<edge-label id="0.11">64</edge-label>
<edge-label id="0.13">12</edge-label>
<edge-label id="0.14">128</edge-label>
<edge-label id="0.16">4</edge-label>
<edge-label id="0.17">41</edge-label>
<edge-label id="0.18">4</edge-label>
<edge-label id="0.19">45</edge-label>
<edge-label id="0.2">8</edge-label>
<edge-label id="0.20">76</edge-label>
<edge-label id="0.21">76</edge-label>
<edge-label id="0.22">42</edge-label>
<edge-label id="0.23">24</edge-label>
<edge-label id="0.24">8</edge-label>
<edge-label id="0.25">40</edge-label>
<edge-label id="0.26">8</edge-label>
<edge-label id="0.27">40</edge-label>
<edge-label id="0.28">26</edge-label>
<edge-label id="0.29">26</edge-label>
<edge-label id="0.3">40</edge-label>
<edge-label id="0.30">48</edge-label>
<edge-label id="0.4">128</edge-label>
<edge-label id="0.5">128</edge-label>
<edge-label id="0.6">128</edge-label>
<edge-label id="0.7">128</edge-label>
<edge-label id="0.8">76</edge-label>
<edge-label id="0.9">76</edge-label>
<edge-label id="1.0">157</edge-label>
<edge-label id="1.1">98</edge-label>
<edge-label id="1.10">78</edge-label>
<edge-label id="1.12">66</edge-label>
<edge-label id="1.13">12</edge-label>
<edge-label id="1.14">78</edge-label>
<edge-label id="1.16">4</edge-label>
<edge-label id="1.17">42</edge-label>
<edge-label id="1.18">4</edge-label>
<edge-label id="1.19">46</edge-label>
<edge-label id="1.2">8</edge-label>
<edge-label id="1.20">78</edge-label>
<edge-label id="1.21">78</edge-label>
<edge-label id="1.22">44</edge-label>
<edge-label id="1.23">26</edge-label>
<edge-label id="1.24">8</edge-label>
<edge-label id="1.25">44</edge-label>
<edge-label id="1.26">8</edge-label>
<edge-label id="1.27">44</edge-label>
<edge-label id="1.28">28</edge-label>
<edge-label id="1.29">28</edge-label>
<edge-label id="1.3">44</edge-label>
<edge-label id="1.30">52</edge-label>
<edge-label id="1.4">131</edge-label>
<edge-label id="1.5">131</edge-label>
<edge-label id="1.6">131</edge-label>
<edge-label id="1.7">131</edge-label>
<edge-label id="1.8">78</edge-label>
<edge-label id="1.9">78</edge-label>
<state-labels procid="0">
<label id="[{0|0},{0|0},{1|255},{1|0}]">26</label>
<label id="[{0|0},{0|0},{1|255},{1|255}]">4</label>
<label id="[{0|0},{0|0},{1|255},{255|0}]">22</label>
<label id="[{0|0},{0|255},{1|255},{1|0}]">4</label>
<label id="[{0|0},{0|255},{1|255},{255|0}]">4</label>
<label id="[{0|0},{1|0},{1|255},{1|0}]">37</label>
<label id="[{0|0},{1|0},{1|255},{1|255}]">2</label>
<label id="[{0|0},{1|0},{1|255},{255|0}]">33</label>
<label id="[{0|0},{1|255},{1|255},{1|0}]">6</label>
<label id="[{0|0},{1|255},{1|255},{255|0}]">6</label>
<label id="[{0|0},{255|0},{1|255},{1|0}]">13</label>
<label id="[{0|0},{255|0},{1|255},{1|255}]">2</label>
<label id="[{0|0},{255|0},{1|255},{255|0}]">11</label>
<label id="[{0|0},{255|255},{1|255},{1|0}]">2</label>
<label id="[{0|0},{255|255},{1|255},{255|0}]">2</label>
<label id="[{0|0},{2|0},{1|255},{1|0}]">39</label>
<label id="[{0|0},{2|0},{1|255},{1|255}]">6</label>
<label id="[{0|0},{2|0},{1|255},{255|0}]">33</label>
<label id="[{0|0},{2|255},{1|255},{1|0}]">6</label>
<label id="[{0|0},{2|255},{1|255},{255|0}]">6</label>
<label id="[{0|1},{0|0},{1|255},{1|0}]">4</label>
<label id="[{0|1},{0|0},{1|255},{1|255}]">4</label>
<label id="[{0|1},{0|0},{1|255},{255|0}]">2</label>
<label id="[{0|1},{0|0},{1|255},{255|255}]">2</label>
<label id="[{0|1},{0|1},{1|255},{1|0}]">4</label>
<label id="[{0|1},{0|1},{1|255},{1|255}]">4</label>
<label id="[{0|1},{0|1},{1|255},{255|0}]">4</label>
<label id="[{0|1},{0|1},{1|255},{255|255}]">4</label>
<label id="[{0|1},{0|255},{1|255},{1|0}]">2</label>
<label id="[{0|1},{0|255},{1|255},{1|255}]">2</label>
<label id="[{0|1},{0|255},{1|255},{255|0}]">2</label>
<label id="[{0|1},{0|255},{1|255},{255|255}]">2</label>
<label id="[{0|1},{0|2},{1|255},{1|0}]">6</label>
<label id="[{0|1},{0|2},{1|255},{1|255}]">6</label>
<label id="[{0|1},{0|2},{1|255},{255|0}]">6</label>
<label id="[{0|1},{0|2},{1|255},{255|255}]">6</label>
<label id="[{0|1},{1|0},{1|255},{1|0}]">5</label>
<label id="[{0|1},{1|0},{1|255},{1|255}]">2</label>
<label id="[{0|1},{1|0},{1|255},{255|0}]">3</label>
<label id="[{0|1},{1|0},{1|255},{255|255}]">1</label>
<label id="[{0|1},{1|1},{1|255},{1|0}]">6</label>
<label id="[{0|1},{1|1},{1|255},{1|255}]">2</label>
<label id="[{0|1},{1|1},{1|255},{255|0}]">6</label>
<label id="[{0|1},{1|1},{1|255},{255|255}]">2</label>
<label id="[{0|1},{1|255},{1|255},{1|0}]">3</label>
<label id="[{0|1},{1|255},{1|255},{1|255}]">1</label>
<label id="[{0|1},{1|255},{1|255},{255|0}]">3</label>
<label id="[{0|1},{1|255},{1|255},{255|255}]">1</label>
<label id="[{0|1},{1|2},{1|255},{1|0}]">9</label>
<label id="[{0|1},{1|2},{1|255},{1|255}]">3</label>
<label id="[{0|1},{1|2},{1|255},{255|0}]">9</label>
<label id="[{0|1},{1|2},{1|255},{255|255}]">3</label>
<label id="[{0|1},{255|0},{1|255},{1|0}]">2</label>
<label id="[{0|1},{255|0},{1|255},{1|255}]">2</label>
<label id="[{0|1},{255|0},{1|255},{255|0}]">1</label>
<label id="[{0|1},{255|0},{1|255},{255|255}]">1</label>
<label id="[{0|1},{255|1},{1|255},{1|0}]">2</label>
<label id="[{0|1},{255|1},{1|255},{1|255}]">2</label>
<label id="[{0|1},{255|1},{1|255},{255|0}]">2</label>
<label id="[{0|1},{255|1},{1|255},{255|255}]">2</label>
<label id="[{0|1},{255|255},{1|255},{1|0}]">1</label>
<label id="[{0|1},{255|255},{1|255},{1|255}]">1</label>
<label id="[{0|1},{255|255},{1|255},{255|0}]">1</label>
<label id="[{0|1},{255|255},{1|255},{255|255}]">1</label>
<label id="[{0|1},{255|2},{1|255},{1|0}]">3</label>
<label id="[{0|1},{255|2},{1|255},{1|255}]">3</label>
<label id="[{0|1},{255|2},{1|255},{255|0}]">3</label>
<label id="[{0|1},{255|2},{1|255},{255|255}]">3</label>
<label id="[{0|1},{2|0},{1|255},{1|0}]">6</label>
<label id="[{0|1},{2|0},{1|255},{1|255}]">6</label>
<label id="[{0|1},{2|0},{1|255},{255|0}]">3</label>
<label id="[{0|1},{2|0},{1|255},{255|255}]">3</label>
<label id="[{0|1},{2|1},{1|255},{1|0}]">6</label>
<label id="[{0|1},{2|1},{1|255},{1|255}]">6</label>
<label id="[{0|1},{2|1},{1|255},{255|0}]">6</label>
<label id="[{0|1},{2|1},{1|255},{255|255}]">6</label>
<label id="[{0|1},{2|255},{1|255},{1|0}]">3</label>
<label id="[{0|1},{2|255},{1|255},{1|255}]">3</label>
<label id="[{0|1},{2|255},{1|255},{255|0}]">3</label>
<label id="[{0|1},{2|255},{1|255},{255|255}]">3</label>
<label id="[{0|1},{2|2},{1|255},{1|0}]">9</label>
<label id="[{0|1},{2|2},{1|255},{1|255}]">9</label>
<label id="[{0|1},{2|2},{1|255},{255|0}]">9</label>
<label id="[{0|1},{2|2},{1|255},{255|255}]">9</label>
<label id="[{0|20},{0|0},{1|255},{1|0}]">4</label>
<label id="[{0|20},{0|0},{1|255},{255|0}]">4</label>
<label id="[{0|20},{1|0},{1|255},{1|0}]">6</label>
<label id="[{0|20},{1|0},{1|255},{255|0}]">6</label>
<label id="[{0|20},{255|0},{1|255},{1|0}]">2</label>
<label id="[{0|20},{255|0},{1|255},{255|0}]">2</label>
<label id="[{0|20},{2|0},{1|255},{1|0}]">6</label>
<label id="[{0|20},{2|0},{1|255},{255|0}]">6</label>
<label id="[{0|255},{0|0},{1|255},{1|0}]">6</label>
<label id="[{0|255},{0|0},{1|255},{1|255}]">2</label>
<label id="[{0|255},{0|0},{1|255},{255|0}]">4</label>
<label id="[{0|255},{0|255},{1|255},{1|0}]">4</label>
<label id="[{0|255},{0|255},{1|255},{1|255}]">2</label>
<label id="[{0|255},{0|255},{1|255},{255|0}]">4</label>
<label id="[{0|255},{0|255},{1|255},{255|255}]">2</label>
<label id="[{0|255},{1|0},{1|255},{1|0}]">6</label>
<label id="[{0|255},{1|0},{1|255},{1|255}]">1</label>
<label id="[{0|255},{1|0},{1|255},{255|0}]">4</label>
<label id="[{0|255},{1|255},{1|255},{1|0}]">6</label>
<label id="[{0|255},{1|255},{1|255},{1|255}]">1</label>
<label id="[{0|255},{1|255},{1|255},{255|0}]">6</label>
<label id="[{0|255},{1|255},{1|255},{255|255}]">1</label>
<label id="[{0|255},{255|0},{1|255},{1|0}]">3</label>
<label id="[{0|255},{255|0},{1|255},{1|255}]">1</label>
<label id="[{0|255},{255|0},{1|255},{255|0}]">2</label>
<label id="[{0|255},{255|255},{1|255},{1|0}]">2</label>
<label id="[{0|255},{255|255},{1|255},{1|255}]">1</label>
<label id="[{0|255},{255|255},{1|255},{255|0}]">2</label>
<label id="[{0|255},{255|255},{1|255},{255|255}]">1</label>
<label id="[{0|255},{2|0},{1|255},{1|0}]">9</label>
<label id="[{0|255},{2|0},{1|255},{1|255}]">3</label>
<label id="[{0|255},{2|0},{1|255},{255|0}]">6</label>
<label id="[{0|255},{2|255},{1|255},{1|0}]">6</label>
<label id="[{0|255},{2|255},{1|255},{1|255}]">3</label>
<label id="[{0|255},{2|255},{1|255},{255|0}]">6</label>
<label id="[{0|255},{2|255},{1|255},{255|255}]">3</label>
<label id="[{1|0},{1|0},{1|255},{1|0}]">40</label>
<label id="[{1|0},{1|0},{1|255},{1|255}]">18</label>
<label id="[{1|0},{1|0},{1|255},{255|0}]">18</label>
<label id="[{1|0},{1|255},{1|255},{1|0}]">4</label>
<label id="[{1|0},{1|255},{1|255},{255|0}]">4</label>
<label id="[{1|0},{255|0},{1|255},{1|0}]">4</label>
<label id="[{1|0},{255|0},{1|255},{1|255}]">4</label>
<label id="[{1|1},{1|0},{1|255},{1|0}]">24</label>
<label id="[{1|1},{1|0},{1|255},{1|255}]">22</label>
<label id="[{1|1},{1|0},{1|255},{255|0}]">2</label>
<label id="[{1|1},{1|1},{1|255},{1|0}]">26</label>
<label id="[{1|1},{1|1},{1|255},{1|255}]">22</label>
<label id="[{1|1},{1|1},{1|255},{255|0}]">4</label>
<label id="[{1|1},{1|255},{1|255},{1|0}]">13</label>
<label id="[{1|1},{1|255},{1|255},{1|255}]">11</label>
<label id="[{1|1},{1|255},{1|255},{255|0}]">2</label>
<label id="[{1|1},{1|2},{1|255},{1|0}]">39</label>
<label id="[{1|1},{1|2},{1|255},{1|255}]">33</label>
<label id="[{1|1},{1|2},{1|255},{255|0}]">6</label>
<label id="[{1|1},{255|0},{1|255},{1|0}]">4</label>
<label id="[{1|1},{255|0},{1|255},{1|255}]">4</label>
<label id="[{1|1},{255|1},{1|255},{1|0}]">4</label>
<label id="[{1|1},{255|1},{1|255},{1|255}]">4</label>
<label id="[{1|1},{255|255},{1|255},{1|0}]">2</label>
<label id="[{1|1},{255|255},{1|255},{1|255}]">2</label>
<label id="[{1|1},{255|2},{1|255},{1|0}]">6</label>
<label id="[{1|1},{255|2},{1|255},{1|255}]">6</label>
<label id="[{1|255},{1|0},{1|255},{1|0}]">11</label>
<label id="[{1|255},{1|0},{1|255},{1|255}]">11</label>
<label id="[{1|255},{1|255},{1|255},{1|0}]">15</label>
<label id="[{1|255},{1|255},{1|255},{1|255}]">11</label>
<label id="[{1|255},{1|255},{1|255},{255|0}]">4</label>
<label id="[{1|255},{255|0},{1|255},{1|0}]">2</label>
<label id="[{1|255},{255|0},{1|255},{1|255}]">2</label>
<label id="[{1|255},{255|255},{1|255},{1|0}]">2</label>
<label id="[{1|255},{255|255},{1|255},{1|255}]">2</label>
<label id="[{21|1},{1|0},{1|255},{1|0}]">4</label>
<label id="[{21|1},{1|0},{1|255},{1|255}]">4</label>
<label id="[{21|1},{1|1},{1|255},{1|0}]">4</label>
<label id="[{21|1},{1|1},{1|255},{1|255}]">4</label>
<label id="[{21|1},{1|255},{1|255},{1|0}]">2</label>
<label id="[{21|1},{1|255},{1|255},{1|255}]">2</label>
<label id="[{21|1},{1|2},{1|255},{1|0}]">6</label>
<label id="[{21|1},{1|2},{1|255},{1|255}]">6</label>
<label id="[{21|20},{1|0},{1|255},{1|0}]">12</label>
<label id="[{21|20},{1|0},{1|255},{1|255}]">6</label>
<label id="[{21|20},{1|0},{1|255},{255|0}]">6</label>
<label id="[{21|255},{1|0},{1|255},{1|0}]">2</label>
<label id="[{21|255},{1|0},{1|255},{1|255}]">2</label>
<label id="[{21|255},{1|255},{1|255},{1|0}]">2</label>
<label id="[{21|255},{1|255},{1|255},{1|255}]">2</label>
<label id="[{255|0},{1|0},{1|255},{1|0}]">11</label>
<label id="[{255|0},{1|0},{1|255},{255|0}]">11</label>
<label id="[{255|0},{1|255},{1|255},{1|0}]">2</label>
<label id="[{255|0},{1|255},{1|255},{255|0}]">2</label>
<label id="[{255|0},{255|0},{1|255},{1|0}]">15</label>
<label id="[{255|0},{255|0},{1|255},{1|255}]">4</label>
<label id="[{255|0},{255|0},{1|255},{255|0}]">11</label>
<label id="[{255|0},{255|255},{1|255},{1|0}]">2</label>
<label id="[{255|0},{255|255},{1|255},{255|0}]">2</label>
<label id="[{255|1},{1|0},{1|255},{1|0}]">5</label>
<label id="[{255|1},{1|0},{1|255},{1|255}]">4</label>
<label id="[{255|1},{1|0},{1|255},{255|0}]">1</label>
<label id="[{255|1},{1|1},{1|255},{1|0}]">6</label>
<label id="[{255|1},{1|1},{1|255},{1|255}]">4</label>
<label id="[{255|1},{1|1},{1|255},{255|0}]">2</label>
<label id="[{255|1},{1|255},{1|255},{1|0}]">3</label>
<label id="[{255|1},{1|255},{1|255},{1|255}]">2</label>
<label id="[{255|1},{1|255},{1|255},{255|0}]">1</label>
<label id="[{255|1},{1|2},{1|255},{1|0}]">9</label>
<label id="[{255|1},{1|2},{1|255},{1|255}]">6</label>
<label id="[{255|1},{1|2},{1|255},{255|0}]">3</label>
<label id="[{255|1},{255|0},{1|255},{1|0}]">4</label>
<label id="[{255|1},{255|0},{1|255},{1|255}]">4</label>
<label id="[{255|1},{255|0},{1|255},{255|0}]">1</label>
<label id="[{255|1},{255|0},{1|255},{255|255}]">1</label>
<label id="[{255|1},{255|1},{1|255},{1|0}]">4</label>
<label id="[{255|1},{255|1},{1|255},{1|255}]">4</label>
<label id="[{255|1},{255|1},{1|255},{255|0}]">2</label>
<label id="[{255|1},{255|1},{1|255},{255|255}]">2</label>
<label id="[{255|1},{255|255},{1|255},{1|0}]">2</label>
<label id="[{255|1},{255|255},{1|255},{1|255}]">2</label>
<label id="[{255|1},{255|255},{1|255},{255|0}]">1</label>
<label id="[{255|1},{255|255},{1|255},{255|255}]">1</label>
<label id="[{255|1},{255|2},{1|255},{1|0}]">6</label>
<label id="[{255|1},{255|2},{1|255},{1|255}]">6</label>
<label id="[{255|1},{255|2},{1|255},{255|0}]">3</label>
<label id="[{255|1},{255|2},{1|255},{255|255}]">3</label>
<label id="[{255|20},{1|0},{1|255},{1|0}]">2</label>
<label id="[{255|20},{1|0},{1|255},{255|0}]">2</label>
<label id="[{255|20},{255|0},{1|255},{1|0}]">2</label>
<label id="[{255|20},{255|0},{1|255},{255|0}]">2</label>
<label id="[{255|255},{1|0},{1|255},{1|0}]">4</label>
<label id="[{255|255},{1|0},{1|255},{1|255}]">2</label>
<label id="[{255|255},{1|0},{1|255},{255|0}]">2</label>
<label id="[{255|255},{1|255},{1|255},{1|0}]">4</label>
<label id="[{255|255},{1|255},{1|255},{1|255}]">2</label>
<label id="[{255|255},{1|255},{1|255},{255|0}]">2</label>
<label id="[{255|255},{255|0},{1|255},{1|0}]">4</label>
<label id="[{255|255},{255|0},{1|255},{1|255}]">2</label>
<label id="[{255|255},{255|0},{1|255},{255|0}]">2</label>
<label id="[{255|255},{255|255},{1|255},{1|0}]">3</label>
<label id="[{255|255},{255|255},{1|255},{1|255}]">2</label>
<label id="[{255|255},{255|255},{1|255},{255|0}]">2</label>
<label id="[{255|255},{255|255},{1|255},{255|255}]">1</label>
</state-labels><state-labels procid="1">
<label id="[0,0,0]">68</label>
<label id="[0,1,0]">174</label>
<label id="[1,0,0]">128</label>
<label id="[10,0,0]">45</label>
<label id="[11,0,0]">24</label>
<label id="[11,1,0]">24</label>
<label id="[12,0,0]">70</label>
<label id="[12,1,0]">70</label>
<label id="[13,0,0]">76</label>
<label id="[2,0,0]">228</label>
<label id="[3,0,0]">128</label>
<label id="[4,0,0]">24</label>
<label id="[4,1,0]">24</label>
<label id="[5,0,0]">24</label>
<label id="[5,1,0]">24</label>
<label id="[6,0,0]">76</label>
<label id="[7,0,0]">45</label>
<label id="[8,0,0]">24</label>
<label id="[9,0,0]">4</label>
</state-labels><state-labels procid="2">
<label id="[0,0,0]">74</label>
<label id="[0,1,0]">181</label>
<label id="[1,0,0]">131</label>
<label id="[10,0,0]">46</label>
<label id="[11,0,0]">26</label>
<label id="[11,1,0]">26</label>
<label id="[12,0,0]">74</label>
<label id="[12,1,0]">74</label>
<label id="[13,0,0]">78</label>
<label id="[2,0,0]">234</label>
<label id="[3,0,0]">78</label>
<label id="[4,0,0]">26</label>
<label id="[4,1,0]">26</label>
<label id="[5,0,0]">26</label>
<label id="[5,1,0]">26</label>
<label id="[6,0,0]">78</label>
<label id="[7,0,0]">46</label>
<label id="[8,0,0]">26</label>
<label id="[9,0,0]">4</label>
</state-labels></label-info>
</state-space-info>
