<?xml version="1.0"?>

<!DOCTYPE model SYSTEM "../model.dtd">

<model  type="ps" status="ok" classification="simple">
    <short-description>Scheduling of machines for production</short-description>
    <long-description>Simplified model of 'schedule world' example from AIPS
    2000 contest. The model contains lot of rather independent and sometimes
    irelevant things, thus the state explosion is really
    big. </long-description>

  <author>Radek</author>
    <source>AIPS 2000 planning contest</source>

  <parameter-description>
    <par-name>VERSION</par-name>
    <par-description>Version of the problem.</par-description>
  </parameter-description>

  <ap>
    <ap-name>done</ap-name>
    <ap-expression>P.done</ap-expression>
  </ap>

  <property id="1" prop-type="reachability">
    <formula>done</formula>
    <description>Somewhat arbitrary scheduling goal.</description>
  </property>
  
    <instance id="1">
      <parameters>VERSION=1</parameters>
    </instance>
    <instance id="2">
      <parameters>VERSION=3</parameters>
    </instance>
    <instance id="3">
      <parameters>VERSION=2</parameters>
    </instance>


</model>