<?xml version="1.0"?>
<!DOCTYPE state-space-info SYSTEM "../../state_space_info.dtd">


<state-space-info>
<states>21733</states>
<edges>67590</edges>
<bfs-info>
 <levels>50</levels>
<max-level>1308</max-level>

<back-level-edges>32170</back-level-edges>
<max-back-level-edge>25</max-back-level-edge>
<avg-back-level-edge>7.43164</avg-back-level-edge>
<bfs-levels>
<level id="0"><states>1</states><edges>5</edges></level>
<level id="1"><states>4</states><edges>20</edges></level>
<level id="2"><states>14</states><edges>54</edges></level>
<level id="3"><states>42</states><edges>158</edges></level>
<level id="4"><states>115</states><edges>411</edges></level>
<level id="5"><states>273</states><edges>931</edges></level>
<level id="6"><states>537</states><edges>1665</edges></level>
<level id="7"><states>803</states><edges>2160</edges></level>
<level id="8"><states>920</states><edges>2048</edges></level>
<level id="9"><states>924</states><edges>1824</edges></level>
<level id="10"><states>888</states><edges>1764</edges></level>
<level id="11"><states>768</states><edges>1804</edges></level>
<level id="12"><states>776</states><edges>2174</edges></level>
<level id="13"><states>666</states><edges>2226</edges></level>
<level id="14"><states>744</states><edges>2630</edges></level>
<level id="15"><states>984</states><edges>3464</edges></level>
<level id="16"><states>1244</states><edges>4348</edges></level>
<level id="17"><states>1208</states><edges>4194</edges></level>
<level id="18"><states>1070</states><edges>3490</edges></level>
<level id="19"><states>506</states><edges>1984</edges></level>
<level id="20"><states>488</states><edges>1912</edges></level>
<level id="21"><states>644</states><edges>2348</edges></level>
<level id="22"><states>828</states><edges>2772</edges></level>
<level id="23"><states>1140</states><edges>3540</edges></level>
<level id="24"><states>1308</states><edges>3768</edges></level>
<level id="25"><states>1104</states><edges>2988</edges></level>
<level id="26"><states>696</states><edges>1920</edges></level>
<level id="27"><states>312</states><edges>1044</edges></level>
<level id="28"><states>228</states><edges>852</edges></level>
<level id="29"><states>300</states><edges>1140</edges></level>
<level id="30"><states>366</states><edges>1362</edges></level>
<level id="31"><states>288</states><edges>1032</edges></level>
<level id="32"><states>210</states><edges>774</edges></level>
<level id="33"><states>162</states><edges>594</edges></level>
<level id="34"><states>78</states><edges>354</edges></level>
<level id="35"><states>126</states><edges>504</edges></level>
<level id="36"><states>168</states><edges>612</edges></level>
<level id="37"><states>240</states><edges>816</edges></level>
<level id="38"><states>252</states><edges>768</edges></level>
<level id="39"><states>124</states><edges>376</edges></level>
<level id="40"><states>16</states><edges>64</edges></level>
<level id="41"><states>28</states><edges>112</edges></level>
<level id="42"><states>40</states><edges>160</edges></level>
<level id="43"><states>40</states><edges>164</edges></level>
<level id="44"><states>40</states><edges>164</edges></level>
<level id="45"><states>4</states><edges>20</edges></level>
<level id="46"><states>4</states><edges>20</edges></level>
<level id="47"><states>4</states><edges>20</edges></level>
<level id="48"><states>4</states><edges>20</edges></level>
<level id="49"><states>4</states><edges>16</edges></level>
</bfs-levels>
<back-level-length id="0">10.917</back-level-length>
<back-level-length id="1">4.56326</back-level-length>
<back-level-length id="2">2.82872</back-level-length>
<back-level-length id="3">18.2406</back-level-length>
<back-level-length id="4">4.0286</back-level-length>
<back-level-length id="5">1.24339</back-level-length>
<back-level-length id="6">1.98943</back-level-length>
<back-level-length id="7">15.0326</back-level-length>
<back-level-length id="8">5.53311</back-level-length>
<back-level-length id="9">2.99658</back-level-length>
<back-level-length id="10">3.77992</back-level-length>
<back-level-length id="11">3.41933</back-level-length>
<back-level-length id="12">0</back-level-length>
<back-level-length id="13">0.149207</back-level-length>
<back-level-length id="14">0.373018</back-level-length>
<back-level-length id="15">20.5036</back-level-length>
<back-level-length id="16">1.71588</back-level-length>
<back-level-length id="17">0.895244</back-level-length>
<back-level-length id="18">1.34287</back-level-length>
<back-level-length id="19">0</back-level-length>
<back-level-length id="20">0</back-level-length>
<back-level-length id="21">0</back-level-length>
<back-level-length id="22">0</back-level-length>
<back-level-length id="23">0.298415</back-level-length>
<back-level-length id="24">0.0746037</back-level-length>
<back-level-length id="25">0.0746037</back-level-length>
</bfs-info>
<degrees>
<avg>3.11002</avg>
<max-in>14</max-in>
<max-out>5</max-out>
<degree id="0"><in>0</in><out>0</out></degree>
<degree id="1"><in>6363</in><out>1096</out></degree>
<degree id="2"><in>5024</in><out>4700</out></degree>
<degree id="3"><in>2762</in><out>7998</out></degree>
<degree id="4"><in>2323</in><out>6595</out></degree>
<degree id="5"><in>2308</in><out>1344</out></degree>
<degree id="6"><in>942</in><out>0</out></degree>
<degree id="7"><in>738</in><out>0</out></degree>
<degree id="8"><in>634</in><out>0</out></degree>
<degree id="9"><in>440</in><out>0</out></degree>
<degree id="10"><in>88</in><out>0</out></degree>
<degree id="11"><in>40</in><out>0</out></degree>
<degree id="12"><in>36</in><out>0</out></degree>
<degree id="13"><in>31</in><out>0</out></degree>
<degree id="14"><in>4</in><out>0</out></degree>
</degrees>
<scc-info>
<count>1</count>
<height>0</height>
<nontrivial-height>0</nontrivial-height>
<trivial>0</trivial>
<terminal>1</terminal>
<largest>21733</largest>
<largest-position> initial the only terminal</largest-position>
</scc-info>
<dfs-info>
<stack-size id="108">0.368104</stack-size>
<stack-size id="216">0.736208</stack-size>
<stack-size id="324">1.13652</stack-size>
<stack-size id="432">1.49082</stack-size>
<stack-size id="540">1.90034</stack-size>
<stack-size id="648">2.1212</stack-size>
<stack-size id="756">2.38807</stack-size>
<stack-size id="864">2.53071</stack-size>
<stack-size id="972">2.92643</stack-size>
<stack-size id="1080">3.15649</stack-size>
<stack-size id="1188">3.44177</stack-size>
<stack-size id="1296">3.74085</stack-size>
<stack-size id="1404">4.10436</stack-size>
<stack-size id="1512">4.36203</stack-size>
<stack-size id="1620">4.38964</stack-size>
<stack-size id="1728">4.51387</stack-size>
<stack-size id="1836">4.77155</stack-size>
<stack-size id="1944">4.93259</stack-size>
<stack-size id="2052">4.9602</stack-size>
<stack-size id="2160">5.3053</stack-size>
<stack-size id="2268">5.46174</stack-size>
<stack-size id="2376">5.6872</stack-size>
<stack-size id="2484">5.83445</stack-size>
<stack-size id="2592">6.08752</stack-size>
<stack-size id="2700">6.18875</stack-size>
<stack-size id="2808">6.382</stack-size>
<stack-size id="2916">6.68108</stack-size>
<stack-size id="3024">7.04919</stack-size>
<stack-size id="3132">7.18263</stack-size>
<stack-size id="3240">7.20103</stack-size>
<stack-size id="3348">7.16882</stack-size>
<stack-size id="3456">7.37128</stack-size>
<stack-size id="3564">7.68877</stack-size>
<stack-size id="3672">7.69797</stack-size>
<stack-size id="3780">7.70717</stack-size>
<stack-size id="3888">7.66116</stack-size>
<stack-size id="3996">7.93264</stack-size>
<stack-size id="4104">8.06607</stack-size>
<stack-size id="4212">8.06607</stack-size>
<stack-size id="4320">8.28694</stack-size>
<stack-size id="4428">8.42498</stack-size>
<stack-size id="4536">8.42037</stack-size>
<stack-size id="4644">8.42498</stack-size>
<stack-size id="4752">8.40657</stack-size>
<stack-size id="4860">8.5262</stack-size>
<stack-size id="4968">8.74707</stack-size>
<stack-size id="5076">8.78848</stack-size>
<stack-size id="5184">9.00474</stack-size>
<stack-size id="5292">9.2302</stack-size>
<stack-size id="5400">9.2348</stack-size>
<stack-size id="5508">9.24861</stack-size>
<stack-size id="5616">9.44186</stack-size>
<stack-size id="5724">9.53849</stack-size>
<stack-size id="5832">9.69954</stack-size>
<stack-size id="5940">9.70414</stack-size>
<stack-size id="6048">10.0676</stack-size>
<stack-size id="6156">10.1044</stack-size>
<stack-size id="6264">10.1597</stack-size>
<stack-size id="6372">10.2931</stack-size>
<stack-size id="6480">10.2839</stack-size>
<stack-size id="6588">10.2885</stack-size>
<stack-size id="6696">10.3851</stack-size>
<stack-size id="6804">10.3713</stack-size>
<stack-size id="6912">10.4173</stack-size>
<stack-size id="7020">10.4173</stack-size>
<stack-size id="7128">10.8269</stack-size>
<stack-size id="7236">10.9143</stack-size>
<stack-size id="7344">10.9373</stack-size>
<stack-size id="7452">11.1443</stack-size>
<stack-size id="7560">11.218</stack-size>
<stack-size id="7668">11.2134</stack-size>
<stack-size id="7776">11.2272</stack-size>
<stack-size id="7884">11.218</stack-size>
<stack-size id="7992">11.2272</stack-size>
<stack-size id="8100">11.1812</stack-size>
<stack-size id="8208">11.2272</stack-size>
<stack-size id="8316">11.3928</stack-size>
<stack-size id="8424">11.402</stack-size>
<stack-size id="8532">11.4112</stack-size>
<stack-size id="8640">11.4066</stack-size>
<stack-size id="8748">11.4756</stack-size>
<stack-size id="8856">11.4802</stack-size>
<stack-size id="8964">11.4848</stack-size>
<stack-size id="9072">11.379</stack-size>
<stack-size id="9180">11.3928</stack-size>
<stack-size id="9288">11.3882</stack-size>
<stack-size id="9396">11.3836</stack-size>
<stack-size id="9504">11.356</stack-size>
<stack-size id="9612">11.4158</stack-size>
<stack-size id="9720">11.5032</stack-size>
<stack-size id="9828">11.4756</stack-size>
<stack-size id="9936">11.5815</stack-size>
<stack-size id="10044">11.5539</stack-size>
<stack-size id="10152">11.5309</stack-size>
<stack-size id="10260">11.5447</stack-size>
<stack-size id="10368">11.6137</stack-size>
<stack-size id="10476">11.6229</stack-size>
<stack-size id="10584">11.5861</stack-size>
<stack-size id="10692">11.7149</stack-size>
<stack-size id="10800">11.7517</stack-size>
<stack-size id="10908">11.7563</stack-size>
<stack-size id="11016">11.7425</stack-size>
<stack-size id="11124">11.7885</stack-size>
<stack-size id="11232">11.7885</stack-size>
<stack-size id="11340">11.7839</stack-size>
<stack-size id="11448">12.0416</stack-size>
<stack-size id="11556">12.06</stack-size>
<stack-size id="11664">12.037</stack-size>
<stack-size id="11772">12.0002</stack-size>
<stack-size id="11880">12.0554</stack-size>
<stack-size id="11988">12.083</stack-size>
<stack-size id="12096">12.0554</stack-size>
<stack-size id="12204">12.0416</stack-size>
<stack-size id="12312">12.0508</stack-size>
<stack-size id="12420">12.1796</stack-size>
<stack-size id="12528">12.2993</stack-size>
<stack-size id="12636">12.2763</stack-size>
<stack-size id="12744">12.2671</stack-size>
<stack-size id="12852">12.5385</stack-size>
<stack-size id="12960">12.6628</stack-size>
<stack-size id="13068">12.7364</stack-size>
<stack-size id="13176">12.7272</stack-size>
<stack-size id="13284">12.925</stack-size>
<stack-size id="13392">12.9665</stack-size>
<stack-size id="13500">13.0631</stack-size>
<stack-size id="13608">13.0999</stack-size>
<stack-size id="13716">13.2195</stack-size>
<stack-size id="13824">13.1827</stack-size>
<stack-size id="13932">13.3438</stack-size>
<stack-size id="14040">13.4726</stack-size>
<stack-size id="14148">13.4404</stack-size>
<stack-size id="14256">13.5002</stack-size>
<stack-size id="14364">13.4956</stack-size>
<stack-size id="14472">13.5462</stack-size>
<stack-size id="14580">13.5692</stack-size>
<stack-size id="14688">13.6567</stack-size>
<stack-size id="14796">13.9833</stack-size>
<stack-size id="14904">13.9465</stack-size>
<stack-size id="15012">13.9511</stack-size>
<stack-size id="15120">14.034</stack-size>
<stack-size id="15228">14.126</stack-size>
<stack-size id="15336">14.1996</stack-size>
<stack-size id="15444">14.2042</stack-size>
<stack-size id="15552">14.149</stack-size>
<stack-size id="15660">14.1628</stack-size>
<stack-size id="15768">14.195</stack-size>
<stack-size id="15876">14.1996</stack-size>
<stack-size id="15984">14.1904</stack-size>
<stack-size id="16092">14.3054</stack-size>
<stack-size id="16200">14.3514</stack-size>
<stack-size id="16308">14.4389</stack-size>
<stack-size id="16416">14.3791</stack-size>
<stack-size id="16524">14.4665</stack-size>
<stack-size id="16632">14.7748</stack-size>
<stack-size id="16740">14.8392</stack-size>
<stack-size id="16848">14.899</stack-size>
<stack-size id="16956">14.8944</stack-size>
<stack-size id="17064">14.9128</stack-size>
<stack-size id="17172">14.8898</stack-size>
<stack-size id="17280">14.9082</stack-size>
<stack-size id="17388">14.8852</stack-size>
<stack-size id="17496">14.8576</stack-size>
<stack-size id="17604">14.7472</stack-size>
<stack-size id="17712">14.7288</stack-size>
<stack-size id="17820">14.8116</stack-size>
<stack-size id="17928">14.7794</stack-size>
<stack-size id="18036">14.8208</stack-size>
<stack-size id="18144">14.7656</stack-size>
<stack-size id="18252">14.7196</stack-size>
<stack-size id="18360">14.7149</stack-size>
<stack-size id="18468">14.6505</stack-size>
<stack-size id="18576">14.5953</stack-size>
<stack-size id="18684">14.5769</stack-size>
<stack-size id="18792">14.5769</stack-size>
<stack-size id="18900">14.5769</stack-size>
<stack-size id="19008">14.7057</stack-size>
<stack-size id="19116">14.6965</stack-size>
<stack-size id="19224">14.6643</stack-size>
<stack-size id="19332">14.6643</stack-size>
<stack-size id="19440">14.6597</stack-size>
<stack-size id="19548">14.6827</stack-size>
<stack-size id="19656">14.6505</stack-size>
<stack-size id="19764">14.7426</stack-size>
<stack-size id="19872">14.7518</stack-size>
<stack-size id="19980">14.6919</stack-size>
<stack-size id="20088">14.7103</stack-size>
<stack-size id="20196">14.7149</stack-size>
<stack-size id="20304">14.6965</stack-size>
<stack-size id="20412">14.6965</stack-size>
<stack-size id="20520">14.7103</stack-size>
<stack-size id="20628">14.6965</stack-size>
<stack-size id="20736">14.6413</stack-size>
<stack-size id="20844">14.6597</stack-size>
<stack-size id="20952">14.6275</stack-size>
<stack-size id="21060">14.6597</stack-size>
<stack-size id="21168">14.6137</stack-size>
<stack-size id="21276">14.2364</stack-size>
<stack-size id="21384">13.0861</stack-size>
<stack-size id="21492">11.7701</stack-size>
<stack-size id="21600">9.13358</stack-size>
<stack-size id="21708">3.9065</stack-size>
<max-stack>3247</max-stack>
<front-edges>21732</front-edges>
<back-edges>8042</back-edges>
<cross-edges>37816</cross-edges>
<shortest-cycle>1</shortest-cycle>
</dfs-info>
<rw-info>
<coverage step="2160">3.56601</coverage>
<coverage step="4320">5.13505</coverage>
<coverage step="6480">6.63967</coverage>
<coverage step="8640">7.75319</coverage>
<coverage step="10800">8.84369</coverage>
<coverage step="12960">9.61671</coverage>
<coverage step="15120">10.2287</coverage>
<coverage step="17280">11.0431</coverage>
<coverage step="19440">11.517</coverage>
<coverage step="21600">12.037</coverage>
<coverage step="23760">12.5661</coverage>
<coverage step="25920">12.9849</coverage>
<coverage step="28080">13.4772</coverage>
<coverage step="30240">13.7901</coverage>
<coverage step="32400">14.2318</coverage>
<coverage step="34560">14.6367</coverage>
<coverage step="36720">15.0002</coverage>
<coverage step="38880">15.4051</coverage>
<coverage step="41040">15.8101</coverage>
<coverage step="43200">16.2012</coverage>
<coverage step="45360">16.3944</coverage>
<coverage step="47520">16.6843</coverage>
<coverage step="49680">16.8638</coverage>
<coverage step="51840">17.0892</coverage>
<coverage step="54000">17.3377</coverage>
<coverage step="56160">17.5954</coverage>
<coverage step="58320">17.7656</coverage>
<coverage step="60480">18.0233</coverage>
<coverage step="62640">18.2073</coverage>
<coverage step="64800">18.442</coverage>
<coverage step="66960">18.6491</coverage>
<coverage step="69120">18.8883</coverage>
<coverage step="71280">19.2058</coverage>
<coverage step="73440">19.3208</coverage>
<coverage step="75600">19.6245</coverage>
<coverage step="77760">19.8178</coverage>
<coverage step="79920">19.9466</coverage>
<coverage step="82080">20.1353</coverage>
<coverage step="84240">20.3377</coverage>
<coverage step="86400">20.5172</coverage>
<coverage step="88560">20.8117</coverage>
<coverage step="90720">20.9589</coverage>
<coverage step="92880">21.1476</coverage>
<coverage step="95040">21.258</coverage>
<coverage step="97200">21.3914</coverage>
<coverage step="99360">21.6353</coverage>
<coverage step="101520">21.7779</coverage>
<coverage step="103680">21.9252</coverage>
<coverage step="105840">22.054</coverage>
<coverage step="108000">22.1552</coverage>
<coverage step="110160">22.2243</coverage>
<coverage step="112320">22.2979</coverage>
<coverage step="114480">22.3439</coverage>
<coverage step="116640">22.4497</coverage>
<coverage step="118800">22.6338</coverage>
<coverage step="120960">22.8408</coverage>
<coverage step="123120">22.9191</coverage>
<coverage step="125280">23.0709</coverage>
<coverage step="127440">23.2043</coverage>
<coverage step="129600">23.278</coverage>
<coverage step="131760">23.4436</coverage>
<coverage step="133920">23.5448</coverage>
<coverage step="136080">23.6507</coverage>
<coverage step="138240">23.8393</coverage>
<coverage step="140400">23.9544</coverage>
<coverage step="142560">24.0556</coverage>
<coverage step="144720">24.1246</coverage>
<coverage step="146880">24.2304</coverage>
<coverage step="149040">24.3225</coverage>
<coverage step="151200">24.4697</coverage>
<coverage step="153360">24.5249</coverage>
<coverage step="155520">24.5893</coverage>
<coverage step="157680">24.7182</coverage>
<coverage step="159840">24.8654</coverage>
<coverage step="162000">24.9528</coverage>
<coverage step="164160">25.0173</coverage>
<coverage step="166320">25.1323</coverage>
<coverage step="168480">25.2289</coverage>
<coverage step="170640">25.3025</coverage>
<coverage step="172800">25.4774</coverage>
<coverage step="174960">25.6292</coverage>
<coverage step="177120">25.7259</coverage>
<coverage step="179280">25.7811</coverage>
<coverage step="181440">25.8547</coverage>
<coverage step="183600">25.9283</coverage>
<coverage step="185760">26.0019</coverage>
<coverage step="187920">26.0571</coverage>
<coverage step="190080">26.1124</coverage>
<coverage step="192240">26.2274</coverage>
<coverage step="194400">26.2688</coverage>
<coverage step="196560">26.3194</coverage>
<coverage step="198720">26.416</coverage>
<coverage step="200880">26.4575</coverage>
<coverage step="203040">26.4851</coverage>
<coverage step="205200">26.5449</coverage>
<coverage step="207360">26.5541</coverage>
<coverage step="209520">26.5771</coverage>
<coverage step="211680">26.6875</coverage>
<coverage step="213840">26.7565</coverage>
<coverage step="216000">26.8072</coverage>
<rw-visits order="1">14656</rw-visits>
<rw-visits order="30">1092</rw-visits>
<rw-visits order="59">404</rw-visits>
<rw-visits order="88">312</rw-visits>
<rw-visits order="117">273</rw-visits>
<rw-visits order="146">232</rw-visits>
<rw-visits order="175">177</rw-visits>
<rw-visits order="204">154</rw-visits>
<rw-visits order="233">137</rw-visits>
<rw-visits order="262">124</rw-visits>
<rw-visits order="291">117</rw-visits>
<rw-visits order="320">110</rw-visits>
<rw-visits order="349">98</rw-visits>
<rw-visits order="378">84</rw-visits>
<rw-visits order="407">75</rw-visits>
<rw-visits order="436">69</rw-visits>
<rw-visits order="465">64</rw-visits>
<rw-visits order="494">59</rw-visits>
<rw-visits order="523">56</rw-visits>
<rw-visits order="552">52</rw-visits>
<rw-visits order="581">49</rw-visits>
<rw-visits order="610">46</rw-visits>
<rw-visits order="639">44</rw-visits>
<rw-visits order="668">41</rw-visits>
<rw-visits order="697">39</rw-visits>
<rw-visits order="726">36</rw-visits>
<rw-visits order="755">34</rw-visits>
<rw-visits order="784">33</rw-visits>
<rw-visits order="813">31</rw-visits>
<rw-visits order="842">30</rw-visits>
<rw-visits order="871">28</rw-visits>
<rw-visits order="900">26</rw-visits>
<rw-visits order="929">25</rw-visits>
<rw-visits order="958">24</rw-visits>
<rw-visits order="987">23</rw-visits>
<rw-visits order="1016">23</rw-visits>
<rw-visits order="1045">22</rw-visits>
<rw-visits order="1074">21</rw-visits>
<rw-visits order="1103">20</rw-visits>
<rw-visits order="1132">19</rw-visits>
<rw-visits order="1161">19</rw-visits>
<rw-visits order="1190">18</rw-visits>
<rw-visits order="1219">18</rw-visits>
<rw-visits order="1248">17</rw-visits>
<rw-visits order="1277">16</rw-visits>
<rw-visits order="1306">16</rw-visits>
<rw-visits order="1335">15</rw-visits>
<rw-visits order="1364">14</rw-visits>
<rw-visits order="1393">14</rw-visits>
<rw-visits order="1422">14</rw-visits>
<rw-visits order="1451">13</rw-visits>
<rw-visits order="1480">13</rw-visits>
<rw-visits order="1509">13</rw-visits>
<rw-visits order="1538">12</rw-visits>
<rw-visits order="1567">12</rw-visits>
<rw-visits order="1596">11</rw-visits>
<rw-visits order="1625">11</rw-visits>
<rw-visits order="1654">11</rw-visits>
<rw-visits order="1683">10</rw-visits>
<rw-visits order="1712">10</rw-visits>
<rw-visits order="1741">10</rw-visits>
<rw-visits order="1770">10</rw-visits>
<rw-visits order="1799">9</rw-visits>
<rw-visits order="1828">9</rw-visits>
<rw-visits order="1857">9</rw-visits>
<rw-visits order="1886">9</rw-visits>
<rw-visits order="1915">9</rw-visits>
<rw-visits order="1944">8</rw-visits>
<rw-visits order="1973">8</rw-visits>
<rw-visits order="2002">8</rw-visits>
<rw-visits order="2031">8</rw-visits>
<rw-visits order="2060">8</rw-visits>
<rw-visits order="2089">7</rw-visits>
<rw-visits order="2118">7</rw-visits>
<rw-visits order="2147">7</rw-visits>
<rw-visits order="2176">7</rw-visits>
<rw-visits order="2205">7</rw-visits>
<rw-visits order="2234">6</rw-visits>
<rw-visits order="2263">6</rw-visits>
<rw-visits order="2292">6</rw-visits>
<rw-visits order="2321">6</rw-visits>
<rw-visits order="2350">6</rw-visits>
<rw-visits order="2379">6</rw-visits>
<rw-visits order="2408">6</rw-visits>
<rw-visits order="2437">6</rw-visits>
<rw-visits order="2466">5</rw-visits>
<rw-visits order="2495">5</rw-visits>
<rw-visits order="2524">5</rw-visits>
<rw-visits order="2553">5</rw-visits>
<rw-visits order="2582">5</rw-visits>
<rw-visits order="2611">5</rw-visits>
<rw-visits order="2640">5</rw-visits>
<rw-visits order="2669">5</rw-visits>
<rw-visits order="2698">5</rw-visits>
<rw-visits order="2727">5</rw-visits>
<rw-visits order="2756">4</rw-visits>
<rw-visits order="2785">4</rw-visits>
<rw-visits order="2814">4</rw-visits>
<rw-visits order="2843">4</rw-visits>
<rw-visits order="2872">4</rw-visits>
<rw-visits order="2901">4</rw-visits>
<rw-visits order="2930">4</rw-visits>
<rw-visits order="2959">4</rw-visits>
<rw-visits order="2988">4</rw-visits>
<rw-visits order="3017">4</rw-visits>
<rw-visits order="3046">4</rw-visits>
<rw-visits order="3075">3</rw-visits>
<rw-visits order="3104">3</rw-visits>
<rw-visits order="3133">3</rw-visits>
<rw-visits order="3162">3</rw-visits>
<rw-visits order="3191">3</rw-visits>
<rw-visits order="3220">3</rw-visits>
<rw-visits order="3249">3</rw-visits>
<rw-visits order="3278">3</rw-visits>
<rw-visits order="3307">3</rw-visits>
<rw-visits order="3336">3</rw-visits>
<rw-visits order="3365">3</rw-visits>
<rw-visits order="3394">3</rw-visits>
<rw-visits order="3423">3</rw-visits>
<rw-visits order="3452">3</rw-visits>
<rw-visits order="3481">3</rw-visits>
<rw-visits order="3510">3</rw-visits>
<rw-visits order="3539">3</rw-visits>
<rw-visits order="3568">3</rw-visits>
<rw-visits order="3597">2</rw-visits>
<rw-visits order="3626">2</rw-visits>
<rw-visits order="3655">2</rw-visits>
<rw-visits order="3684">2</rw-visits>
<rw-visits order="3713">2</rw-visits>
<rw-visits order="3742">2</rw-visits>
<rw-visits order="3771">2</rw-visits>
<rw-visits order="3800">2</rw-visits>
<rw-visits order="3829">2</rw-visits>
<rw-visits order="3858">2</rw-visits>
<rw-visits order="3887">2</rw-visits>
<rw-visits order="3916">2</rw-visits>
<rw-visits order="3945">2</rw-visits>
<rw-visits order="3974">2</rw-visits>
<rw-visits order="4003">2</rw-visits>
<rw-visits order="4032">2</rw-visits>
<rw-visits order="4061">2</rw-visits>
<rw-visits order="4090">2</rw-visits>
<rw-visits order="4119">2</rw-visits>
<rw-visits order="4148">2</rw-visits>
<rw-visits order="4177">2</rw-visits>
<rw-visits order="4206">2</rw-visits>
<rw-visits order="4235">2</rw-visits>
<rw-visits order="4264">2</rw-visits>
<rw-visits order="4293">2</rw-visits>
<rw-visits order="4322">2</rw-visits>
<rw-visits order="4351">2</rw-visits>
<rw-visits order="4380">2</rw-visits>
<rw-visits order="4409">1</rw-visits>
<rw-visits order="4438">1</rw-visits>
<rw-visits order="4467">1</rw-visits>
<rw-visits order="4496">1</rw-visits>
<rw-visits order="4525">1</rw-visits>
<rw-visits order="4554">1</rw-visits>
<rw-visits order="4583">1</rw-visits>
<rw-visits order="4612">1</rw-visits>
<rw-visits order="4641">1</rw-visits>
<rw-visits order="4670">1</rw-visits>
<rw-visits order="4699">1</rw-visits>
<rw-visits order="4728">1</rw-visits>
<rw-visits order="4757">1</rw-visits>
<rw-visits order="4786">1</rw-visits>
<rw-visits order="4815">1</rw-visits>
<rw-visits order="4844">1</rw-visits>
<rw-visits order="4873">1</rw-visits>
<rw-visits order="4902">1</rw-visits>
<rw-visits order="4931">1</rw-visits>
<rw-visits order="4960">1</rw-visits>
<rw-visits order="4989">1</rw-visits>
<rw-visits order="5018">1</rw-visits>
<rw-visits order="5047">1</rw-visits>
<rw-visits order="5076">1</rw-visits>
<rw-visits order="5105">1</rw-visits>
<rw-visits order="5134">1</rw-visits>
<rw-visits order="5163">1</rw-visits>
<rw-visits order="5192">1</rw-visits>
<rw-visits order="5221">1</rw-visits>
<rw-visits order="5250">1</rw-visits>
<rw-visits order="5279">1</rw-visits>
<rw-visits order="5308">1</rw-visits>
<rw-visits order="5337">1</rw-visits>
<rw-visits order="5366">1</rw-visits>
<rw-visits order="5395">1</rw-visits>
<rw-visits order="5424">1</rw-visits>
<rw-visits order="5453">1</rw-visits>
<rw-visits order="5482">1</rw-visits>
<rw-visits order="5511">1</rw-visits>
<rw-visits order="5540">1</rw-visits>
<rw-visits order="5569">1</rw-visits>
<rw-visits order="5598">1</rw-visits>
<rw-visits order="5627">1</rw-visits>
<rw-visits order="5656">1</rw-visits>
<rw-visits order="5685">1</rw-visits>
<rw-visits order="5714">1</rw-visits>
<rw-visits order="5743">1</rw-visits>
<rw-visits order="5772">1</rw-visits>
<rw-visits order="5801">1</rw-visits>
<rw-visits order="5830">1</rw-visits>
<final-coverage>26.8716</final-coverage>
</rw-info>
<local-info>
<diamonds>66.8154</diamonds>
<neighborhood k="4">52</neighborhood>
<clustering k="4">1.39018</clustering>
</local-info>
<label-info>
<edge-label id="0.0">10010</edge-label>
<edge-label id="1.0">1331</edge-label>
<edge-label id="1.1">7058</edge-label>
<edge-label id="1.2">2002</edge-label>
<edge-label id="1.3">125</edge-label>
<edge-label id="1.4">1877</edge-label>
<edge-label id="1.5">2002</edge-label>
<edge-label id="2.0">1331</edge-label>
<edge-label id="2.1">7058</edge-label>
<edge-label id="2.2">2002</edge-label>
<edge-label id="2.3">125</edge-label>
<edge-label id="2.4">1877</edge-label>
<edge-label id="2.5">2002</edge-label>
<edge-label id="3.0">1331</edge-label>
<edge-label id="3.1">7058</edge-label>
<edge-label id="3.2">2002</edge-label>
<edge-label id="3.3">125</edge-label>
<edge-label id="3.4">1877</edge-label>
<edge-label id="3.5">2002</edge-label>
<edge-label id="4.0">1331</edge-label>
<edge-label id="4.1">7058</edge-label>
<edge-label id="4.2">2002</edge-label>
<edge-label id="4.3">125</edge-label>
<edge-label id="4.4">1877</edge-label>
<edge-label id="4.5">2002</edge-label>
<state-labels procid="0">
<label id="[0,{0|0|0|0}]">15</label>
<label id="[0,{0|0|0|1}]">8</label>
<label id="[0,{0|0|0|255}]">22</label>
<label id="[0,{0|0|0|2}]">8</label>
<label id="[0,{0|0|0|3}]">8</label>
<label id="[0,{0|0|1|0}]">8</label>
<label id="[0,{0|0|1|1}]">12</label>
<label id="[0,{0|0|1|255}]">16</label>
<label id="[0,{0|0|1|2}]">8</label>
<label id="[0,{0|0|1|3}]">8</label>
<label id="[0,{0|0|255|0}]">22</label>
<label id="[0,{0|0|255|1}]">16</label>
<label id="[0,{0|0|255|255}]">32</label>
<label id="[0,{0|0|255|2}]">16</label>
<label id="[0,{0|0|255|3}]">16</label>
<label id="[0,{0|0|2|0}]">8</label>
<label id="[0,{0|0|2|1}]">8</label>
<label id="[0,{0|0|2|255}]">16</label>
<label id="[0,{0|0|2|2}]">12</label>
<label id="[0,{0|0|2|3}]">8</label>
<label id="[0,{0|0|3|0}]">8</label>
<label id="[0,{0|0|3|1}]">8</label>
<label id="[0,{0|0|3|255}]">16</label>
<label id="[0,{0|0|3|2}]">8</label>
<label id="[0,{0|0|3|3}]">12</label>
<label id="[0,{0|1|0|0}]">8</label>
<label id="[0,{0|1|0|1}]">12</label>
<label id="[0,{0|1|0|255}]">16</label>
<label id="[0,{0|1|0|2}]">8</label>
<label id="[0,{0|1|0|3}]">8</label>
<label id="[0,{0|1|1|0}]">12</label>
<label id="[0,{0|1|1|1}]">14</label>
<label id="[0,{0|1|1|255}]">20</label>
<label id="[0,{0|1|1|2}]">8</label>
<label id="[0,{0|1|1|3}]">8</label>
<label id="[0,{0|1|255|0}]">16</label>
<label id="[0,{0|1|255|1}]">20</label>
<label id="[0,{0|1|255|255}]">28</label>
<label id="[0,{0|1|255|2}]">16</label>
<label id="[0,{0|1|255|3}]">16</label>
<label id="[0,{0|1|2|0}]">8</label>
<label id="[0,{0|1|2|1}]">8</label>
<label id="[0,{0|1|2|255}]">16</label>
<label id="[0,{0|1|2|2}]">12</label>
<label id="[0,{0|1|2|3}]">8</label>
<label id="[0,{0|1|3|0}]">8</label>
<label id="[0,{0|1|3|1}]">8</label>
<label id="[0,{0|1|3|255}]">16</label>
<label id="[0,{0|1|3|2}]">8</label>
<label id="[0,{0|1|3|3}]">12</label>
<label id="[0,{0|255|0|0}]">22</label>
<label id="[0,{0|255|0|1}]">16</label>
<label id="[0,{0|255|0|255}]">32</label>
<label id="[0,{0|255|0|2}]">16</label>
<label id="[0,{0|255|0|3}]">16</label>
<label id="[0,{0|255|1|0}]">16</label>
<label id="[0,{0|255|1|1}]">20</label>
<label id="[0,{0|255|1|255}]">28</label>
<label id="[0,{0|255|1|2}]">16</label>
<label id="[0,{0|255|1|3}]">16</label>
<label id="[0,{0|255|255|0}]">32</label>
<label id="[0,{0|255|255|1}]">28</label>
<label id="[0,{0|255|255|255}]">46</label>
<label id="[0,{0|255|255|2}]">28</label>
<label id="[0,{0|255|255|3}]">28</label>
<label id="[0,{0|255|2|0}]">16</label>
<label id="[0,{0|255|2|1}]">16</label>
<label id="[0,{0|255|2|255}]">28</label>
<label id="[0,{0|255|2|2}]">20</label>
<label id="[0,{0|255|2|3}]">16</label>
<label id="[0,{0|255|3|0}]">16</label>
<label id="[0,{0|255|3|1}]">16</label>
<label id="[0,{0|255|3|255}]">28</label>
<label id="[0,{0|255|3|2}]">16</label>
<label id="[0,{0|255|3|3}]">20</label>
<label id="[0,{0|2|0|0}]">8</label>
<label id="[0,{0|2|0|1}]">8</label>
<label id="[0,{0|2|0|255}]">16</label>
<label id="[0,{0|2|0|2}]">12</label>
<label id="[0,{0|2|0|3}]">8</label>
<label id="[0,{0|2|1|0}]">8</label>
<label id="[0,{0|2|1|1}]">8</label>
<label id="[0,{0|2|1|255}]">16</label>
<label id="[0,{0|2|1|2}]">12</label>
<label id="[0,{0|2|1|3}]">8</label>
<label id="[0,{0|2|255|0}]">16</label>
<label id="[0,{0|2|255|1}]">16</label>
<label id="[0,{0|2|255|255}]">28</label>
<label id="[0,{0|2|255|2}]">20</label>
<label id="[0,{0|2|255|3}]">16</label>
<label id="[0,{0|2|2|0}]">12</label>
<label id="[0,{0|2|2|1}]">12</label>
<label id="[0,{0|2|2|255}]">20</label>
<label id="[0,{0|2|2|2}]">14</label>
<label id="[0,{0|2|2|3}]">8</label>
<label id="[0,{0|2|3|0}]">8</label>
<label id="[0,{0|2|3|1}]">8</label>
<label id="[0,{0|2|3|255}]">16</label>
<label id="[0,{0|2|3|2}]">8</label>
<label id="[0,{0|2|3|3}]">12</label>
<label id="[0,{0|3|0|0}]">8</label>
<label id="[0,{0|3|0|1}]">8</label>
<label id="[0,{0|3|0|255}]">16</label>
<label id="[0,{0|3|0|2}]">8</label>
<label id="[0,{0|3|0|3}]">12</label>
<label id="[0,{0|3|1|0}]">8</label>
<label id="[0,{0|3|1|1}]">8</label>
<label id="[0,{0|3|1|255}]">16</label>
<label id="[0,{0|3|1|2}]">8</label>
<label id="[0,{0|3|1|3}]">12</label>
<label id="[0,{0|3|255|0}]">16</label>
<label id="[0,{0|3|255|1}]">16</label>
<label id="[0,{0|3|255|255}]">28</label>
<label id="[0,{0|3|255|2}]">16</label>
<label id="[0,{0|3|255|3}]">20</label>
<label id="[0,{0|3|2|0}]">8</label>
<label id="[0,{0|3|2|1}]">8</label>
<label id="[0,{0|3|2|255}]">16</label>
<label id="[0,{0|3|2|2}]">8</label>
<label id="[0,{0|3|2|3}]">12</label>
<label id="[0,{0|3|3|0}]">12</label>
<label id="[0,{0|3|3|1}]">12</label>
<label id="[0,{0|3|3|255}]">20</label>
<label id="[0,{0|3|3|2}]">12</label>
<label id="[0,{0|3|3|3}]">14</label>
<label id="[0,{1|0|0|0}]">8</label>
<label id="[0,{1|0|0|1}]">12</label>
<label id="[0,{1|0|0|255}]">16</label>
<label id="[0,{1|0|0|2}]">8</label>
<label id="[0,{1|0|0|3}]">8</label>
<label id="[0,{1|0|1|0}]">12</label>
<label id="[0,{1|0|1|1}]">14</label>
<label id="[0,{1|0|1|255}]">20</label>
<label id="[0,{1|0|1|2}]">8</label>
<label id="[0,{1|0|1|3}]">8</label>
<label id="[0,{1|0|255|0}]">16</label>
<label id="[0,{1|0|255|1}]">20</label>
<label id="[0,{1|0|255|255}]">28</label>
<label id="[0,{1|0|255|2}]">16</label>
<label id="[0,{1|0|255|3}]">16</label>
<label id="[0,{1|0|2|0}]">8</label>
<label id="[0,{1|0|2|1}]">8</label>
<label id="[0,{1|0|2|255}]">16</label>
<label id="[0,{1|0|2|2}]">12</label>
<label id="[0,{1|0|2|3}]">8</label>
<label id="[0,{1|0|3|0}]">8</label>
<label id="[0,{1|0|3|1}]">8</label>
<label id="[0,{1|0|3|255}]">16</label>
<label id="[0,{1|0|3|2}]">8</label>
<label id="[0,{1|0|3|3}]">12</label>
<label id="[0,{1|1|0|0}]">12</label>
<label id="[0,{1|1|0|1}]">14</label>
<label id="[0,{1|1|0|255}]">20</label>
<label id="[0,{1|1|0|2}]">8</label>
<label id="[0,{1|1|0|3}]">8</label>
<label id="[0,{1|1|1|0}]">14</label>
<label id="[0,{1|1|1|1}]">15</label>
<label id="[0,{1|1|1|255}]">22</label>
<label id="[0,{1|1|1|2}]">8</label>
<label id="[0,{1|1|1|3}]">8</label>
<label id="[0,{1|1|255|0}]">20</label>
<label id="[0,{1|1|255|1}]">22</label>
<label id="[0,{1|1|255|255}]">32</label>
<label id="[0,{1|1|255|2}]">16</label>
<label id="[0,{1|1|255|3}]">16</label>
<label id="[0,{1|1|2|0}]">8</label>
<label id="[0,{1|1|2|1}]">8</label>
<label id="[0,{1|1|2|255}]">16</label>
<label id="[0,{1|1|2|2}]">12</label>
<label id="[0,{1|1|2|3}]">8</label>
<label id="[0,{1|1|3|0}]">8</label>
<label id="[0,{1|1|3|1}]">8</label>
<label id="[0,{1|1|3|255}]">16</label>
<label id="[0,{1|1|3|2}]">8</label>
<label id="[0,{1|1|3|3}]">12</label>
<label id="[0,{1|255|0|0}]">16</label>
<label id="[0,{1|255|0|1}]">20</label>
<label id="[0,{1|255|0|255}]">28</label>
<label id="[0,{1|255|0|2}]">16</label>
<label id="[0,{1|255|0|3}]">16</label>
<label id="[0,{1|255|1|0}]">20</label>
<label id="[0,{1|255|1|1}]">22</label>
<label id="[0,{1|255|1|255}]">32</label>
<label id="[0,{1|255|1|2}]">16</label>
<label id="[0,{1|255|1|3}]">16</label>
<label id="[0,{1|255|255|0}]">28</label>
<label id="[0,{1|255|255|1}]">32</label>
<label id="[0,{1|255|255|255}]">46</label>
<label id="[0,{1|255|255|2}]">28</label>
<label id="[0,{1|255|255|3}]">28</label>
<label id="[0,{1|255|2|0}]">16</label>
<label id="[0,{1|255|2|1}]">16</label>
<label id="[0,{1|255|2|255}]">28</label>
<label id="[0,{1|255|2|2}]">20</label>
<label id="[0,{1|255|2|3}]">16</label>
<label id="[0,{1|255|3|0}]">16</label>
<label id="[0,{1|255|3|1}]">16</label>
<label id="[0,{1|255|3|255}]">28</label>
<label id="[0,{1|255|3|2}]">16</label>
<label id="[0,{1|255|3|3}]">20</label>
<label id="[0,{1|2|0|0}]">8</label>
<label id="[0,{1|2|0|1}]">8</label>
<label id="[0,{1|2|0|255}]">16</label>
<label id="[0,{1|2|0|2}]">12</label>
<label id="[0,{1|2|0|3}]">8</label>
<label id="[0,{1|2|1|0}]">8</label>
<label id="[0,{1|2|1|1}]">8</label>
<label id="[0,{1|2|1|255}]">16</label>
<label id="[0,{1|2|1|2}]">12</label>
<label id="[0,{1|2|1|3}]">8</label>
<label id="[0,{1|2|255|0}]">16</label>
<label id="[0,{1|2|255|1}]">16</label>
<label id="[0,{1|2|255|255}]">28</label>
<label id="[0,{1|2|255|2}]">20</label>
<label id="[0,{1|2|255|3}]">16</label>
<label id="[0,{1|2|2|0}]">12</label>
<label id="[0,{1|2|2|1}]">12</label>
<label id="[0,{1|2|2|255}]">20</label>
<label id="[0,{1|2|2|2}]">14</label>
<label id="[0,{1|2|2|3}]">8</label>
<label id="[0,{1|2|3|0}]">8</label>
<label id="[0,{1|2|3|1}]">8</label>
<label id="[0,{1|2|3|255}]">16</label>
<label id="[0,{1|2|3|2}]">8</label>
<label id="[0,{1|2|3|3}]">12</label>
<label id="[0,{1|3|0|0}]">8</label>
<label id="[0,{1|3|0|1}]">8</label>
<label id="[0,{1|3|0|255}]">16</label>
<label id="[0,{1|3|0|2}]">8</label>
<label id="[0,{1|3|0|3}]">12</label>
<label id="[0,{1|3|1|0}]">8</label>
<label id="[0,{1|3|1|1}]">8</label>
<label id="[0,{1|3|1|255}]">16</label>
<label id="[0,{1|3|1|2}]">8</label>
<label id="[0,{1|3|1|3}]">12</label>
<label id="[0,{1|3|255|0}]">16</label>
<label id="[0,{1|3|255|1}]">16</label>
<label id="[0,{1|3|255|255}]">28</label>
<label id="[0,{1|3|255|2}]">16</label>
<label id="[0,{1|3|255|3}]">20</label>
<label id="[0,{1|3|2|0}]">8</label>
<label id="[0,{1|3|2|1}]">8</label>
<label id="[0,{1|3|2|255}]">16</label>
<label id="[0,{1|3|2|2}]">8</label>
<label id="[0,{1|3|2|3}]">12</label>
<label id="[0,{1|3|3|0}]">12</label>
<label id="[0,{1|3|3|1}]">12</label>
<label id="[0,{1|3|3|255}]">20</label>
<label id="[0,{1|3|3|2}]">12</label>
<label id="[0,{1|3|3|3}]">14</label>
<label id="[0,{255|0|0|0}]">22</label>
<label id="[0,{255|0|0|1}]">16</label>
<label id="[0,{255|0|0|255}]">32</label>
<label id="[0,{255|0|0|2}]">16</label>
<label id="[0,{255|0|0|3}]">16</label>
<label id="[0,{255|0|1|0}]">16</label>
<label id="[0,{255|0|1|1}]">20</label>
<label id="[0,{255|0|1|255}]">28</label>
<label id="[0,{255|0|1|2}]">16</label>
<label id="[0,{255|0|1|3}]">16</label>
<label id="[0,{255|0|255|0}]">32</label>
<label id="[0,{255|0|255|1}]">28</label>
<label id="[0,{255|0|255|255}]">46</label>
<label id="[0,{255|0|255|2}]">28</label>
<label id="[0,{255|0|255|3}]">28</label>
<label id="[0,{255|0|2|0}]">16</label>
<label id="[0,{255|0|2|1}]">16</label>
<label id="[0,{255|0|2|255}]">28</label>
<label id="[0,{255|0|2|2}]">20</label>
<label id="[0,{255|0|2|3}]">16</label>
<label id="[0,{255|0|3|0}]">16</label>
<label id="[0,{255|0|3|1}]">16</label>
<label id="[0,{255|0|3|255}]">28</label>
<label id="[0,{255|0|3|2}]">16</label>
<label id="[0,{255|0|3|3}]">20</label>
<label id="[0,{255|1|0|0}]">16</label>
<label id="[0,{255|1|0|1}]">20</label>
<label id="[0,{255|1|0|255}]">28</label>
<label id="[0,{255|1|0|2}]">16</label>
<label id="[0,{255|1|0|3}]">16</label>
<label id="[0,{255|1|1|0}]">20</label>
<label id="[0,{255|1|1|1}]">22</label>
<label id="[0,{255|1|1|255}]">32</label>
<label id="[0,{255|1|1|2}]">16</label>
<label id="[0,{255|1|1|3}]">16</label>
<label id="[0,{255|1|255|0}]">28</label>
<label id="[0,{255|1|255|1}]">32</label>
<label id="[0,{255|1|255|255}]">46</label>
<label id="[0,{255|1|255|2}]">28</label>
<label id="[0,{255|1|255|3}]">28</label>
<label id="[0,{255|1|2|0}]">16</label>
<label id="[0,{255|1|2|1}]">16</label>
<label id="[0,{255|1|2|255}]">28</label>
<label id="[0,{255|1|2|2}]">20</label>
<label id="[0,{255|1|2|3}]">16</label>
<label id="[0,{255|1|3|0}]">16</label>
<label id="[0,{255|1|3|1}]">16</label>
<label id="[0,{255|1|3|255}]">28</label>
<label id="[0,{255|1|3|2}]">16</label>
<label id="[0,{255|1|3|3}]">20</label>
<label id="[0,{255|255|0|0}]">32</label>
<label id="[0,{255|255|0|1}]">28</label>
<label id="[0,{255|255|0|255}]">46</label>
<label id="[0,{255|255|0|2}]">28</label>
<label id="[0,{255|255|0|3}]">28</label>
<label id="[0,{255|255|1|0}]">28</label>
<label id="[0,{255|255|1|1}]">32</label>
<label id="[0,{255|255|1|255}]">46</label>
<label id="[0,{255|255|1|2}]">28</label>
<label id="[0,{255|255|1|3}]">28</label>
<label id="[0,{255|255|255|0}]">46</label>
<label id="[0,{255|255|255|1}]">46</label>
<label id="[0,{255|255|255|255}]">65</label>
<label id="[0,{255|255|255|2}]">46</label>
<label id="[0,{255|255|255|3}]">46</label>
<label id="[0,{255|255|2|0}]">28</label>
<label id="[0,{255|255|2|1}]">28</label>
<label id="[0,{255|255|2|255}]">46</label>
<label id="[0,{255|255|2|2}]">32</label>
<label id="[0,{255|255|2|3}]">28</label>
<label id="[0,{255|255|3|0}]">28</label>
<label id="[0,{255|255|3|1}]">28</label>
<label id="[0,{255|255|3|255}]">46</label>
<label id="[0,{255|255|3|2}]">28</label>
<label id="[0,{255|255|3|3}]">32</label>
<label id="[0,{255|2|0|0}]">16</label>
<label id="[0,{255|2|0|1}]">16</label>
<label id="[0,{255|2|0|255}]">28</label>
<label id="[0,{255|2|0|2}]">20</label>
<label id="[0,{255|2|0|3}]">16</label>
<label id="[0,{255|2|1|0}]">16</label>
<label id="[0,{255|2|1|1}]">16</label>
<label id="[0,{255|2|1|255}]">28</label>
<label id="[0,{255|2|1|2}]">20</label>
<label id="[0,{255|2|1|3}]">16</label>
<label id="[0,{255|2|255|0}]">28</label>
<label id="[0,{255|2|255|1}]">28</label>
<label id="[0,{255|2|255|255}]">46</label>
<label id="[0,{255|2|255|2}]">32</label>
<label id="[0,{255|2|255|3}]">28</label>
<label id="[0,{255|2|2|0}]">20</label>
<label id="[0,{255|2|2|1}]">20</label>
<label id="[0,{255|2|2|255}]">32</label>
<label id="[0,{255|2|2|2}]">22</label>
<label id="[0,{255|2|2|3}]">16</label>
<label id="[0,{255|2|3|0}]">16</label>
<label id="[0,{255|2|3|1}]">16</label>
<label id="[0,{255|2|3|255}]">28</label>
<label id="[0,{255|2|3|2}]">16</label>
<label id="[0,{255|2|3|3}]">20</label>
<label id="[0,{255|3|0|0}]">16</label>
<label id="[0,{255|3|0|1}]">16</label>
<label id="[0,{255|3|0|255}]">28</label>
<label id="[0,{255|3|0|2}]">16</label>
<label id="[0,{255|3|0|3}]">20</label>
<label id="[0,{255|3|1|0}]">16</label>
<label id="[0,{255|3|1|1}]">16</label>
<label id="[0,{255|3|1|255}]">28</label>
<label id="[0,{255|3|1|2}]">16</label>
<label id="[0,{255|3|1|3}]">20</label>
<label id="[0,{255|3|255|0}]">28</label>
<label id="[0,{255|3|255|1}]">28</label>
<label id="[0,{255|3|255|255}]">46</label>
<label id="[0,{255|3|255|2}]">28</label>
<label id="[0,{255|3|255|3}]">32</label>
<label id="[0,{255|3|2|0}]">16</label>
<label id="[0,{255|3|2|1}]">16</label>
<label id="[0,{255|3|2|255}]">28</label>
<label id="[0,{255|3|2|2}]">16</label>
<label id="[0,{255|3|2|3}]">20</label>
<label id="[0,{255|3|3|0}]">20</label>
<label id="[0,{255|3|3|1}]">20</label>
<label id="[0,{255|3|3|255}]">32</label>
<label id="[0,{255|3|3|2}]">20</label>
<label id="[0,{255|3|3|3}]">22</label>
<label id="[0,{2|0|0|0}]">8</label>
<label id="[0,{2|0|0|1}]">8</label>
<label id="[0,{2|0|0|255}]">16</label>
<label id="[0,{2|0|0|2}]">12</label>
<label id="[0,{2|0|0|3}]">8</label>
<label id="[0,{2|0|1|0}]">8</label>
<label id="[0,{2|0|1|1}]">8</label>
<label id="[0,{2|0|1|255}]">16</label>
<label id="[0,{2|0|1|2}]">12</label>
<label id="[0,{2|0|1|3}]">8</label>
<label id="[0,{2|0|255|0}]">16</label>
<label id="[0,{2|0|255|1}]">16</label>
<label id="[0,{2|0|255|255}]">28</label>
<label id="[0,{2|0|255|2}]">20</label>
<label id="[0,{2|0|255|3}]">16</label>
<label id="[0,{2|0|2|0}]">12</label>
<label id="[0,{2|0|2|1}]">12</label>
<label id="[0,{2|0|2|255}]">20</label>
<label id="[0,{2|0|2|2}]">14</label>
<label id="[0,{2|0|2|3}]">8</label>
<label id="[0,{2|0|3|0}]">8</label>
<label id="[0,{2|0|3|1}]">8</label>
<label id="[0,{2|0|3|255}]">16</label>
<label id="[0,{2|0|3|2}]">8</label>
<label id="[0,{2|0|3|3}]">12</label>
<label id="[0,{2|1|0|0}]">8</label>
<label id="[0,{2|1|0|1}]">8</label>
<label id="[0,{2|1|0|255}]">16</label>
<label id="[0,{2|1|0|2}]">12</label>
<label id="[0,{2|1|0|3}]">8</label>
<label id="[0,{2|1|1|0}]">8</label>
<label id="[0,{2|1|1|1}]">8</label>
<label id="[0,{2|1|1|255}]">16</label>
<label id="[0,{2|1|1|2}]">12</label>
<label id="[0,{2|1|1|3}]">8</label>
<label id="[0,{2|1|255|0}]">16</label>
<label id="[0,{2|1|255|1}]">16</label>
<label id="[0,{2|1|255|255}]">28</label>
<label id="[0,{2|1|255|2}]">20</label>
<label id="[0,{2|1|255|3}]">16</label>
<label id="[0,{2|1|2|0}]">12</label>
<label id="[0,{2|1|2|1}]">12</label>
<label id="[0,{2|1|2|255}]">20</label>
<label id="[0,{2|1|2|2}]">14</label>
<label id="[0,{2|1|2|3}]">8</label>
<label id="[0,{2|1|3|0}]">8</label>
<label id="[0,{2|1|3|1}]">8</label>
<label id="[0,{2|1|3|255}]">16</label>
<label id="[0,{2|1|3|2}]">8</label>
<label id="[0,{2|1|3|3}]">12</label>
<label id="[0,{2|255|0|0}]">16</label>
<label id="[0,{2|255|0|1}]">16</label>
<label id="[0,{2|255|0|255}]">28</label>
<label id="[0,{2|255|0|2}]">20</label>
<label id="[0,{2|255|0|3}]">16</label>
<label id="[0,{2|255|1|0}]">16</label>
<label id="[0,{2|255|1|1}]">16</label>
<label id="[0,{2|255|1|255}]">28</label>
<label id="[0,{2|255|1|2}]">20</label>
<label id="[0,{2|255|1|3}]">16</label>
<label id="[0,{2|255|255|0}]">28</label>
<label id="[0,{2|255|255|1}]">28</label>
<label id="[0,{2|255|255|255}]">46</label>
<label id="[0,{2|255|255|2}]">32</label>
<label id="[0,{2|255|255|3}]">28</label>
<label id="[0,{2|255|2|0}]">20</label>
<label id="[0,{2|255|2|1}]">20</label>
<label id="[0,{2|255|2|255}]">32</label>
<label id="[0,{2|255|2|2}]">22</label>
<label id="[0,{2|255|2|3}]">16</label>
<label id="[0,{2|255|3|0}]">16</label>
<label id="[0,{2|255|3|1}]">16</label>
<label id="[0,{2|255|3|255}]">28</label>
<label id="[0,{2|255|3|2}]">16</label>
<label id="[0,{2|255|3|3}]">20</label>
<label id="[0,{2|2|0|0}]">12</label>
<label id="[0,{2|2|0|1}]">12</label>
<label id="[0,{2|2|0|255}]">20</label>
<label id="[0,{2|2|0|2}]">14</label>
<label id="[0,{2|2|0|3}]">8</label>
<label id="[0,{2|2|1|0}]">12</label>
<label id="[0,{2|2|1|1}]">12</label>
<label id="[0,{2|2|1|255}]">20</label>
<label id="[0,{2|2|1|2}]">14</label>
<label id="[0,{2|2|1|3}]">8</label>
<label id="[0,{2|2|255|0}]">20</label>
<label id="[0,{2|2|255|1}]">20</label>
<label id="[0,{2|2|255|255}]">32</label>
<label id="[0,{2|2|255|2}]">22</label>
<label id="[0,{2|2|255|3}]">16</label>
<label id="[0,{2|2|2|0}]">14</label>
<label id="[0,{2|2|2|1}]">14</label>
<label id="[0,{2|2|2|255}]">22</label>
<label id="[0,{2|2|2|2}]">15</label>
<label id="[0,{2|2|2|3}]">8</label>
<label id="[0,{2|2|3|0}]">8</label>
<label id="[0,{2|2|3|1}]">8</label>
<label id="[0,{2|2|3|255}]">16</label>
<label id="[0,{2|2|3|2}]">8</label>
<label id="[0,{2|2|3|3}]">12</label>
<label id="[0,{2|3|0|0}]">8</label>
<label id="[0,{2|3|0|1}]">8</label>
<label id="[0,{2|3|0|255}]">16</label>
<label id="[0,{2|3|0|2}]">8</label>
<label id="[0,{2|3|0|3}]">12</label>
<label id="[0,{2|3|1|0}]">8</label>
<label id="[0,{2|3|1|1}]">8</label>
<label id="[0,{2|3|1|255}]">16</label>
<label id="[0,{2|3|1|2}]">8</label>
<label id="[0,{2|3|1|3}]">12</label>
<label id="[0,{2|3|255|0}]">16</label>
<label id="[0,{2|3|255|1}]">16</label>
<label id="[0,{2|3|255|255}]">28</label>
<label id="[0,{2|3|255|2}]">16</label>
<label id="[0,{2|3|255|3}]">20</label>
<label id="[0,{2|3|2|0}]">8</label>
<label id="[0,{2|3|2|1}]">8</label>
<label id="[0,{2|3|2|255}]">16</label>
<label id="[0,{2|3|2|2}]">8</label>
<label id="[0,{2|3|2|3}]">12</label>
<label id="[0,{2|3|3|0}]">12</label>
<label id="[0,{2|3|3|1}]">12</label>
<label id="[0,{2|3|3|255}]">20</label>
<label id="[0,{2|3|3|2}]">12</label>
<label id="[0,{2|3|3|3}]">14</label>
<label id="[0,{3|0|0|0}]">8</label>
<label id="[0,{3|0|0|1}]">8</label>
<label id="[0,{3|0|0|255}]">16</label>
<label id="[0,{3|0|0|2}]">8</label>
<label id="[0,{3|0|0|3}]">12</label>
<label id="[0,{3|0|1|0}]">8</label>
<label id="[0,{3|0|1|1}]">8</label>
<label id="[0,{3|0|1|255}]">16</label>
<label id="[0,{3|0|1|2}]">8</label>
<label id="[0,{3|0|1|3}]">12</label>
<label id="[0,{3|0|255|0}]">16</label>
<label id="[0,{3|0|255|1}]">16</label>
<label id="[0,{3|0|255|255}]">28</label>
<label id="[0,{3|0|255|2}]">16</label>
<label id="[0,{3|0|255|3}]">20</label>
<label id="[0,{3|0|2|0}]">8</label>
<label id="[0,{3|0|2|1}]">8</label>
<label id="[0,{3|0|2|255}]">16</label>
<label id="[0,{3|0|2|2}]">8</label>
<label id="[0,{3|0|2|3}]">12</label>
<label id="[0,{3|0|3|0}]">12</label>
<label id="[0,{3|0|3|1}]">12</label>
<label id="[0,{3|0|3|255}]">20</label>
<label id="[0,{3|0|3|2}]">12</label>
<label id="[0,{3|0|3|3}]">14</label>
<label id="[0,{3|1|0|0}]">8</label>
<label id="[0,{3|1|0|1}]">8</label>
<label id="[0,{3|1|0|255}]">16</label>
<label id="[0,{3|1|0|2}]">8</label>
<label id="[0,{3|1|0|3}]">12</label>
<label id="[0,{3|1|1|0}]">8</label>
<label id="[0,{3|1|1|1}]">8</label>
<label id="[0,{3|1|1|255}]">16</label>
<label id="[0,{3|1|1|2}]">8</label>
<label id="[0,{3|1|1|3}]">12</label>
<label id="[0,{3|1|255|0}]">16</label>
<label id="[0,{3|1|255|1}]">16</label>
<label id="[0,{3|1|255|255}]">28</label>
<label id="[0,{3|1|255|2}]">16</label>
<label id="[0,{3|1|255|3}]">20</label>
<label id="[0,{3|1|2|0}]">8</label>
<label id="[0,{3|1|2|1}]">8</label>
<label id="[0,{3|1|2|255}]">16</label>
<label id="[0,{3|1|2|2}]">8</label>
<label id="[0,{3|1|2|3}]">12</label>
<label id="[0,{3|1|3|0}]">12</label>
<label id="[0,{3|1|3|1}]">12</label>
<label id="[0,{3|1|3|255}]">20</label>
<label id="[0,{3|1|3|2}]">12</label>
<label id="[0,{3|1|3|3}]">14</label>
<label id="[0,{3|255|0|0}]">16</label>
<label id="[0,{3|255|0|1}]">16</label>
<label id="[0,{3|255|0|255}]">28</label>
<label id="[0,{3|255|0|2}]">16</label>
<label id="[0,{3|255|0|3}]">20</label>
<label id="[0,{3|255|1|0}]">16</label>
<label id="[0,{3|255|1|1}]">16</label>
<label id="[0,{3|255|1|255}]">28</label>
<label id="[0,{3|255|1|2}]">16</label>
<label id="[0,{3|255|1|3}]">20</label>
<label id="[0,{3|255|255|0}]">28</label>
<label id="[0,{3|255|255|1}]">28</label>
<label id="[0,{3|255|255|255}]">46</label>
<label id="[0,{3|255|255|2}]">28</label>
<label id="[0,{3|255|255|3}]">32</label>
<label id="[0,{3|255|2|0}]">16</label>
<label id="[0,{3|255|2|1}]">16</label>
<label id="[0,{3|255|2|255}]">28</label>
<label id="[0,{3|255|2|2}]">16</label>
<label id="[0,{3|255|2|3}]">20</label>
<label id="[0,{3|255|3|0}]">20</label>
<label id="[0,{3|255|3|1}]">20</label>
<label id="[0,{3|255|3|255}]">32</label>
<label id="[0,{3|255|3|2}]">20</label>
<label id="[0,{3|255|3|3}]">22</label>
<label id="[0,{3|2|0|0}]">8</label>
<label id="[0,{3|2|0|1}]">8</label>
<label id="[0,{3|2|0|255}]">16</label>
<label id="[0,{3|2|0|2}]">8</label>
<label id="[0,{3|2|0|3}]">12</label>
<label id="[0,{3|2|1|0}]">8</label>
<label id="[0,{3|2|1|1}]">8</label>
<label id="[0,{3|2|1|255}]">16</label>
<label id="[0,{3|2|1|2}]">8</label>
<label id="[0,{3|2|1|3}]">12</label>
<label id="[0,{3|2|255|0}]">16</label>
<label id="[0,{3|2|255|1}]">16</label>
<label id="[0,{3|2|255|255}]">28</label>
<label id="[0,{3|2|255|2}]">16</label>
<label id="[0,{3|2|255|3}]">20</label>
<label id="[0,{3|2|2|0}]">8</label>
<label id="[0,{3|2|2|1}]">8</label>
<label id="[0,{3|2|2|255}]">16</label>
<label id="[0,{3|2|2|2}]">8</label>
<label id="[0,{3|2|2|3}]">12</label>
<label id="[0,{3|2|3|0}]">12</label>
<label id="[0,{3|2|3|1}]">12</label>
<label id="[0,{3|2|3|255}]">20</label>
<label id="[0,{3|2|3|2}]">12</label>
<label id="[0,{3|2|3|3}]">14</label>
<label id="[0,{3|3|0|0}]">12</label>
<label id="[0,{3|3|0|1}]">12</label>
<label id="[0,{3|3|0|255}]">20</label>
<label id="[0,{3|3|0|2}]">12</label>
<label id="[0,{3|3|0|3}]">14</label>
<label id="[0,{3|3|1|0}]">12</label>
<label id="[0,{3|3|1|1}]">12</label>
<label id="[0,{3|3|1|255}]">20</label>
<label id="[0,{3|3|1|2}]">12</label>
<label id="[0,{3|3|1|3}]">14</label>
<label id="[0,{3|3|255|0}]">20</label>
<label id="[0,{3|3|255|1}]">20</label>
<label id="[0,{3|3|255|255}]">32</label>
<label id="[0,{3|3|255|2}]">20</label>
<label id="[0,{3|3|255|3}]">22</label>
<label id="[0,{3|3|2|0}]">12</label>
<label id="[0,{3|3|2|1}]">12</label>
<label id="[0,{3|3|2|255}]">20</label>
<label id="[0,{3|3|2|2}]">12</label>
<label id="[0,{3|3|2|3}]">14</label>
<label id="[0,{3|3|3|0}]">14</label>
<label id="[0,{3|3|3|1}]">14</label>
<label id="[0,{3|3|3|255}]">22</label>
<label id="[0,{3|3|3|2}]">14</label>
<label id="[0,{3|3|3|3}]">15</label>
<label id="[1,{0|0|0|0}]">8</label>
<label id="[1,{0|0|0|255}]">12</label>
<label id="[1,{0|0|255|0}]">12</label>
<label id="[1,{0|0|255|255}]">18</label>
<label id="[1,{0|255|0|0}]">12</label>
<label id="[1,{0|255|0|255}]">18</label>
<label id="[1,{0|255|255|0}]">18</label>
<label id="[1,{0|255|255|255}]">27</label>
<label id="[1,{1|0|0|0}]">8</label>
<label id="[1,{1|0|0|1}]">8</label>
<label id="[1,{1|0|0|255}]">12</label>
<label id="[1,{1|0|1|0}]">8</label>
<label id="[1,{1|0|1|1}]">8</label>
<label id="[1,{1|0|1|255}]">12</label>
<label id="[1,{1|0|255|0}]">12</label>
<label id="[1,{1|0|255|1}]">12</label>
<label id="[1,{1|0|255|255}]">18</label>
<label id="[1,{1|1|0|0}]">8</label>
<label id="[1,{1|1|0|1}]">8</label>
<label id="[1,{1|1|0|255}]">12</label>
<label id="[1,{1|1|1|0}]">8</label>
<label id="[1,{1|1|1|1}]">8</label>
<label id="[1,{1|1|1|255}]">12</label>
<label id="[1,{1|1|255|0}]">12</label>
<label id="[1,{1|1|255|1}]">12</label>
<label id="[1,{1|1|255|255}]">18</label>
<label id="[1,{1|255|0|0}]">12</label>
<label id="[1,{1|255|0|1}]">12</label>
<label id="[1,{1|255|0|255}]">18</label>
<label id="[1,{1|255|1|0}]">12</label>
<label id="[1,{1|255|1|1}]">12</label>
<label id="[1,{1|255|1|255}]">18</label>
<label id="[1,{1|255|255|0}]">18</label>
<label id="[1,{1|255|255|1}]">18</label>
<label id="[1,{1|255|255|255}]">27</label>
<label id="[1,{255|0|0|0}]">16</label>
<label id="[1,{255|0|0|255}]">24</label>
<label id="[1,{255|0|255|0}]">24</label>
<label id="[1,{255|0|255|255}]">36</label>
<label id="[1,{255|255|0|0}]">24</label>
<label id="[1,{255|255|0|255}]">36</label>
<label id="[1,{255|255|255|0}]">36</label>
<label id="[1,{255|255|255|255}]">54</label>
<label id="[1,{2|0|0|0}]">8</label>
<label id="[1,{2|0|0|1}]">8</label>
<label id="[1,{2|0|0|255}]">12</label>
<label id="[1,{2|0|0|2}]">8</label>
<label id="[1,{2|0|1|0}]">8</label>
<label id="[1,{2|0|1|1}]">8</label>
<label id="[1,{2|0|1|255}]">12</label>
<label id="[1,{2|0|1|2}]">8</label>
<label id="[1,{2|0|255|0}]">12</label>
<label id="[1,{2|0|255|1}]">12</label>
<label id="[1,{2|0|255|255}]">18</label>
<label id="[1,{2|0|255|2}]">12</label>
<label id="[1,{2|0|2|0}]">8</label>
<label id="[1,{2|0|2|1}]">8</label>
<label id="[1,{2|0|2|255}]">12</label>
<label id="[1,{2|0|2|2}]">8</label>
<label id="[1,{2|1|0|0}]">8</label>
<label id="[1,{2|1|0|1}]">8</label>
<label id="[1,{2|1|0|255}]">12</label>
<label id="[1,{2|1|0|2}]">8</label>
<label id="[1,{2|1|1|0}]">8</label>
<label id="[1,{2|1|1|1}]">8</label>
<label id="[1,{2|1|1|255}]">12</label>
<label id="[1,{2|1|1|2}]">8</label>
<label id="[1,{2|1|255|0}]">12</label>
<label id="[1,{2|1|255|1}]">12</label>
<label id="[1,{2|1|255|255}]">18</label>
<label id="[1,{2|1|255|2}]">12</label>
<label id="[1,{2|1|2|0}]">8</label>
<label id="[1,{2|1|2|1}]">8</label>
<label id="[1,{2|1|2|255}]">12</label>
<label id="[1,{2|1|2|2}]">8</label>
<label id="[1,{2|255|0|0}]">12</label>
<label id="[1,{2|255|0|1}]">12</label>
<label id="[1,{2|255|0|255}]">18</label>
<label id="[1,{2|255|0|2}]">12</label>
<label id="[1,{2|255|1|0}]">12</label>
<label id="[1,{2|255|1|1}]">12</label>
<label id="[1,{2|255|1|255}]">18</label>
<label id="[1,{2|255|1|2}]">12</label>
<label id="[1,{2|255|255|0}]">18</label>
<label id="[1,{2|255|255|1}]">18</label>
<label id="[1,{2|255|255|255}]">27</label>
<label id="[1,{2|255|255|2}]">18</label>
<label id="[1,{2|255|2|0}]">12</label>
<label id="[1,{2|255|2|1}]">12</label>
<label id="[1,{2|255|2|255}]">18</label>
<label id="[1,{2|255|2|2}]">12</label>
<label id="[1,{2|2|0|0}]">8</label>
<label id="[1,{2|2|0|1}]">8</label>
<label id="[1,{2|2|0|255}]">12</label>
<label id="[1,{2|2|0|2}]">8</label>
<label id="[1,{2|2|1|0}]">8</label>
<label id="[1,{2|2|1|1}]">8</label>
<label id="[1,{2|2|1|255}]">12</label>
<label id="[1,{2|2|1|2}]">8</label>
<label id="[1,{2|2|255|0}]">12</label>
<label id="[1,{2|2|255|1}]">12</label>
<label id="[1,{2|2|255|255}]">18</label>
<label id="[1,{2|2|255|2}]">12</label>
<label id="[1,{2|2|2|0}]">8</label>
<label id="[1,{2|2|2|1}]">8</label>
<label id="[1,{2|2|2|255}]">12</label>
<label id="[1,{2|2|2|2}]">8</label>
<label id="[1,{3|0|0|0}]">8</label>
<label id="[1,{3|0|0|1}]">8</label>
<label id="[1,{3|0|0|255}]">12</label>
<label id="[1,{3|0|0|2}]">8</label>
<label id="[1,{3|0|0|3}]">8</label>
<label id="[1,{3|0|1|0}]">8</label>
<label id="[1,{3|0|1|1}]">8</label>
<label id="[1,{3|0|1|255}]">12</label>
<label id="[1,{3|0|1|2}]">8</label>
<label id="[1,{3|0|1|3}]">8</label>
<label id="[1,{3|0|255|0}]">12</label>
<label id="[1,{3|0|255|1}]">12</label>
<label id="[1,{3|0|255|255}]">18</label>
<label id="[1,{3|0|255|2}]">12</label>
<label id="[1,{3|0|255|3}]">12</label>
<label id="[1,{3|0|2|0}]">8</label>
<label id="[1,{3|0|2|1}]">8</label>
<label id="[1,{3|0|2|255}]">12</label>
<label id="[1,{3|0|2|2}]">8</label>
<label id="[1,{3|0|2|3}]">8</label>
<label id="[1,{3|0|3|0}]">8</label>
<label id="[1,{3|0|3|1}]">8</label>
<label id="[1,{3|0|3|255}]">12</label>
<label id="[1,{3|0|3|2}]">8</label>
<label id="[1,{3|0|3|3}]">8</label>
<label id="[1,{3|1|0|0}]">8</label>
<label id="[1,{3|1|0|1}]">8</label>
<label id="[1,{3|1|0|255}]">12</label>
<label id="[1,{3|1|0|2}]">8</label>
<label id="[1,{3|1|0|3}]">8</label>
<label id="[1,{3|1|1|0}]">8</label>
<label id="[1,{3|1|1|1}]">8</label>
<label id="[1,{3|1|1|255}]">12</label>
<label id="[1,{3|1|1|2}]">8</label>
<label id="[1,{3|1|1|3}]">8</label>
<label id="[1,{3|1|255|0}]">12</label>
<label id="[1,{3|1|255|1}]">12</label>
<label id="[1,{3|1|255|255}]">18</label>
<label id="[1,{3|1|255|2}]">12</label>
<label id="[1,{3|1|255|3}]">12</label>
<label id="[1,{3|1|2|0}]">8</label>
<label id="[1,{3|1|2|1}]">8</label>
<label id="[1,{3|1|2|255}]">12</label>
<label id="[1,{3|1|2|2}]">8</label>
<label id="[1,{3|1|2|3}]">8</label>
<label id="[1,{3|1|3|0}]">8</label>
<label id="[1,{3|1|3|1}]">8</label>
<label id="[1,{3|1|3|255}]">12</label>
<label id="[1,{3|1|3|2}]">8</label>
<label id="[1,{3|1|3|3}]">8</label>
<label id="[1,{3|255|0|0}]">12</label>
<label id="[1,{3|255|0|1}]">12</label>
<label id="[1,{3|255|0|255}]">18</label>
<label id="[1,{3|255|0|2}]">12</label>
<label id="[1,{3|255|0|3}]">12</label>
<label id="[1,{3|255|1|0}]">12</label>
<label id="[1,{3|255|1|1}]">12</label>
<label id="[1,{3|255|1|255}]">18</label>
<label id="[1,{3|255|1|2}]">12</label>
<label id="[1,{3|255|1|3}]">12</label>
<label id="[1,{3|255|255|0}]">18</label>
<label id="[1,{3|255|255|1}]">18</label>
<label id="[1,{3|255|255|255}]">27</label>
<label id="[1,{3|255|255|2}]">18</label>
<label id="[1,{3|255|255|3}]">18</label>
<label id="[1,{3|255|2|0}]">12</label>
<label id="[1,{3|255|2|1}]">12</label>
<label id="[1,{3|255|2|255}]">18</label>
<label id="[1,{3|255|2|2}]">12</label>
<label id="[1,{3|255|2|3}]">12</label>
<label id="[1,{3|255|3|0}]">12</label>
<label id="[1,{3|255|3|1}]">12</label>
<label id="[1,{3|255|3|255}]">18</label>
<label id="[1,{3|255|3|2}]">12</label>
<label id="[1,{3|255|3|3}]">12</label>
<label id="[1,{3|2|0|0}]">8</label>
<label id="[1,{3|2|0|1}]">8</label>
<label id="[1,{3|2|0|255}]">12</label>
<label id="[1,{3|2|0|2}]">8</label>
<label id="[1,{3|2|0|3}]">8</label>
<label id="[1,{3|2|1|0}]">8</label>
<label id="[1,{3|2|1|1}]">8</label>
<label id="[1,{3|2|1|255}]">12</label>
<label id="[1,{3|2|1|2}]">8</label>
<label id="[1,{3|2|1|3}]">8</label>
<label id="[1,{3|2|255|0}]">12</label>
<label id="[1,{3|2|255|1}]">12</label>
<label id="[1,{3|2|255|255}]">18</label>
<label id="[1,{3|2|255|2}]">12</label>
<label id="[1,{3|2|255|3}]">12</label>
<label id="[1,{3|2|2|0}]">8</label>
<label id="[1,{3|2|2|1}]">8</label>
<label id="[1,{3|2|2|255}]">12</label>
<label id="[1,{3|2|2|2}]">8</label>
<label id="[1,{3|2|2|3}]">8</label>
<label id="[1,{3|2|3|0}]">8</label>
<label id="[1,{3|2|3|1}]">8</label>
<label id="[1,{3|2|3|255}]">12</label>
<label id="[1,{3|2|3|2}]">8</label>
<label id="[1,{3|2|3|3}]">8</label>
<label id="[1,{3|3|0|0}]">8</label>
<label id="[1,{3|3|0|1}]">8</label>
<label id="[1,{3|3|0|255}]">12</label>
<label id="[1,{3|3|0|2}]">8</label>
<label id="[1,{3|3|0|3}]">8</label>
<label id="[1,{3|3|1|0}]">8</label>
<label id="[1,{3|3|1|1}]">8</label>
<label id="[1,{3|3|1|255}]">12</label>
<label id="[1,{3|3|1|2}]">8</label>
<label id="[1,{3|3|1|3}]">8</label>
<label id="[1,{3|3|255|0}]">12</label>
<label id="[1,{3|3|255|1}]">12</label>
<label id="[1,{3|3|255|255}]">18</label>
<label id="[1,{3|3|255|2}]">12</label>
<label id="[1,{3|3|255|3}]">12</label>
<label id="[1,{3|3|2|0}]">8</label>
<label id="[1,{3|3|2|1}]">8</label>
<label id="[1,{3|3|2|255}]">12</label>
<label id="[1,{3|3|2|2}]">8</label>
<label id="[1,{3|3|2|3}]">8</label>
<label id="[1,{3|3|3|0}]">8</label>
<label id="[1,{3|3|3|1}]">8</label>
<label id="[1,{3|3|3|255}]">12</label>
<label id="[1,{3|3|3|2}]">8</label>
<label id="[1,{3|3|3|3}]">8</label>
<label id="[2,{0|0|0|0}]">8</label>
<label id="[2,{0|0|0|255}]">12</label>
<label id="[2,{0|0|255|0}]">12</label>
<label id="[2,{0|0|255|255}]">18</label>
<label id="[2,{0|1|0|0}]">8</label>
<label id="[2,{0|1|0|1}]">8</label>
<label id="[2,{0|1|0|255}]">12</label>
<label id="[2,{0|1|1|0}]">8</label>
<label id="[2,{0|1|1|1}]">8</label>
<label id="[2,{0|1|1|255}]">12</label>
<label id="[2,{0|1|255|0}]">12</label>
<label id="[2,{0|1|255|1}]">12</label>
<label id="[2,{0|1|255|255}]">18</label>
<label id="[2,{0|255|0|0}]">16</label>
<label id="[2,{0|255|0|255}]">24</label>
<label id="[2,{0|255|255|0}]">24</label>
<label id="[2,{0|255|255|255}]">36</label>
<label id="[2,{0|2|0|0}]">8</label>
<label id="[2,{0|2|0|1}]">8</label>
<label id="[2,{0|2|0|255}]">12</label>
<label id="[2,{0|2|0|2}]">8</label>
<label id="[2,{0|2|1|0}]">8</label>
<label id="[2,{0|2|1|1}]">8</label>
<label id="[2,{0|2|1|255}]">12</label>
<label id="[2,{0|2|1|2}]">8</label>
<label id="[2,{0|2|255|0}]">12</label>
<label id="[2,{0|2|255|1}]">12</label>
<label id="[2,{0|2|255|255}]">18</label>
<label id="[2,{0|2|255|2}]">12</label>
<label id="[2,{0|2|2|0}]">8</label>
<label id="[2,{0|2|2|1}]">8</label>
<label id="[2,{0|2|2|255}]">12</label>
<label id="[2,{0|2|2|2}]">8</label>
<label id="[2,{0|3|0|0}]">8</label>
<label id="[2,{0|3|0|1}]">8</label>
<label id="[2,{0|3|0|255}]">12</label>
<label id="[2,{0|3|0|2}]">8</label>
<label id="[2,{0|3|0|3}]">8</label>
<label id="[2,{0|3|1|0}]">8</label>
<label id="[2,{0|3|1|1}]">8</label>
<label id="[2,{0|3|1|255}]">12</label>
<label id="[2,{0|3|1|2}]">8</label>
<label id="[2,{0|3|1|3}]">8</label>
<label id="[2,{0|3|255|0}]">12</label>
<label id="[2,{0|3|255|1}]">12</label>
<label id="[2,{0|3|255|255}]">18</label>
<label id="[2,{0|3|255|2}]">12</label>
<label id="[2,{0|3|255|3}]">12</label>
<label id="[2,{0|3|2|0}]">8</label>
<label id="[2,{0|3|2|1}]">8</label>
<label id="[2,{0|3|2|255}]">12</label>
<label id="[2,{0|3|2|2}]">8</label>
<label id="[2,{0|3|2|3}]">8</label>
<label id="[2,{0|3|3|0}]">8</label>
<label id="[2,{0|3|3|1}]">8</label>
<label id="[2,{0|3|3|255}]">12</label>
<label id="[2,{0|3|3|2}]">8</label>
<label id="[2,{0|3|3|3}]">8</label>
<label id="[2,{1|1|0|0}]">8</label>
<label id="[2,{1|1|0|1}]">8</label>
<label id="[2,{1|1|0|255}]">12</label>
<label id="[2,{1|1|1|0}]">8</label>
<label id="[2,{1|1|1|1}]">8</label>
<label id="[2,{1|1|1|255}]">12</label>
<label id="[2,{1|1|255|0}]">12</label>
<label id="[2,{1|1|255|1}]">12</label>
<label id="[2,{1|1|255|255}]">18</label>
<label id="[2,{1|2|0|0}]">8</label>
<label id="[2,{1|2|0|1}]">8</label>
<label id="[2,{1|2|0|255}]">12</label>
<label id="[2,{1|2|0|2}]">8</label>
<label id="[2,{1|2|1|0}]">8</label>
<label id="[2,{1|2|1|1}]">8</label>
<label id="[2,{1|2|1|255}]">12</label>
<label id="[2,{1|2|1|2}]">8</label>
<label id="[2,{1|2|255|0}]">12</label>
<label id="[2,{1|2|255|1}]">12</label>
<label id="[2,{1|2|255|255}]">18</label>
<label id="[2,{1|2|255|2}]">12</label>
<label id="[2,{1|2|2|0}]">8</label>
<label id="[2,{1|2|2|1}]">8</label>
<label id="[2,{1|2|2|255}]">12</label>
<label id="[2,{1|2|2|2}]">8</label>
<label id="[2,{1|3|0|0}]">8</label>
<label id="[2,{1|3|0|1}]">8</label>
<label id="[2,{1|3|0|255}]">12</label>
<label id="[2,{1|3|0|2}]">8</label>
<label id="[2,{1|3|0|3}]">8</label>
<label id="[2,{1|3|1|0}]">8</label>
<label id="[2,{1|3|1|1}]">8</label>
<label id="[2,{1|3|1|255}]">12</label>
<label id="[2,{1|3|1|2}]">8</label>
<label id="[2,{1|3|1|3}]">8</label>
<label id="[2,{1|3|255|0}]">12</label>
<label id="[2,{1|3|255|1}]">12</label>
<label id="[2,{1|3|255|255}]">18</label>
<label id="[2,{1|3|255|2}]">12</label>
<label id="[2,{1|3|255|3}]">12</label>
<label id="[2,{1|3|2|0}]">8</label>
<label id="[2,{1|3|2|1}]">8</label>
<label id="[2,{1|3|2|255}]">12</label>
<label id="[2,{1|3|2|2}]">8</label>
<label id="[2,{1|3|2|3}]">8</label>
<label id="[2,{1|3|3|0}]">8</label>
<label id="[2,{1|3|3|1}]">8</label>
<label id="[2,{1|3|3|255}]">12</label>
<label id="[2,{1|3|3|2}]">8</label>
<label id="[2,{1|3|3|3}]">8</label>
<label id="[2,{255|0|0|0}]">12</label>
<label id="[2,{255|0|0|255}]">18</label>
<label id="[2,{255|0|255|0}]">18</label>
<label id="[2,{255|0|255|255}]">27</label>
<label id="[2,{255|1|0|0}]">12</label>
<label id="[2,{255|1|0|1}]">12</label>
<label id="[2,{255|1|0|255}]">18</label>
<label id="[2,{255|1|1|0}]">12</label>
<label id="[2,{255|1|1|1}]">12</label>
<label id="[2,{255|1|1|255}]">18</label>
<label id="[2,{255|1|255|0}]">18</label>
<label id="[2,{255|1|255|1}]">18</label>
<label id="[2,{255|1|255|255}]">27</label>
<label id="[2,{255|255|0|0}]">24</label>
<label id="[2,{255|255|0|255}]">36</label>
<label id="[2,{255|255|255|0}]">36</label>
<label id="[2,{255|255|255|255}]">54</label>
<label id="[2,{255|2|0|0}]">12</label>
<label id="[2,{255|2|0|1}]">12</label>
<label id="[2,{255|2|0|255}]">18</label>
<label id="[2,{255|2|0|2}]">12</label>
<label id="[2,{255|2|1|0}]">12</label>
<label id="[2,{255|2|1|1}]">12</label>
<label id="[2,{255|2|1|255}]">18</label>
<label id="[2,{255|2|1|2}]">12</label>
<label id="[2,{255|2|255|0}]">18</label>
<label id="[2,{255|2|255|1}]">18</label>
<label id="[2,{255|2|255|255}]">27</label>
<label id="[2,{255|2|255|2}]">18</label>
<label id="[2,{255|2|2|0}]">12</label>
<label id="[2,{255|2|2|1}]">12</label>
<label id="[2,{255|2|2|255}]">18</label>
<label id="[2,{255|2|2|2}]">12</label>
<label id="[2,{255|3|0|0}]">12</label>
<label id="[2,{255|3|0|1}]">12</label>
<label id="[2,{255|3|0|255}]">18</label>
<label id="[2,{255|3|0|2}]">12</label>
<label id="[2,{255|3|0|3}]">12</label>
<label id="[2,{255|3|1|0}]">12</label>
<label id="[2,{255|3|1|1}]">12</label>
<label id="[2,{255|3|1|255}]">18</label>
<label id="[2,{255|3|1|2}]">12</label>
<label id="[2,{255|3|1|3}]">12</label>
<label id="[2,{255|3|255|0}]">18</label>
<label id="[2,{255|3|255|1}]">18</label>
<label id="[2,{255|3|255|255}]">27</label>
<label id="[2,{255|3|255|2}]">18</label>
<label id="[2,{255|3|255|3}]">18</label>
<label id="[2,{255|3|2|0}]">12</label>
<label id="[2,{255|3|2|1}]">12</label>
<label id="[2,{255|3|2|255}]">18</label>
<label id="[2,{255|3|2|2}]">12</label>
<label id="[2,{255|3|2|3}]">12</label>
<label id="[2,{255|3|3|0}]">12</label>
<label id="[2,{255|3|3|1}]">12</label>
<label id="[2,{255|3|3|255}]">18</label>
<label id="[2,{255|3|3|2}]">12</label>
<label id="[2,{255|3|3|3}]">12</label>
<label id="[2,{2|2|0|0}]">8</label>
<label id="[2,{2|2|0|1}]">8</label>
<label id="[2,{2|2|0|255}]">12</label>
<label id="[2,{2|2|0|2}]">8</label>
<label id="[2,{2|2|1|0}]">8</label>
<label id="[2,{2|2|1|1}]">8</label>
<label id="[2,{2|2|1|255}]">12</label>
<label id="[2,{2|2|1|2}]">8</label>
<label id="[2,{2|2|255|0}]">12</label>
<label id="[2,{2|2|255|1}]">12</label>
<label id="[2,{2|2|255|255}]">18</label>
<label id="[2,{2|2|255|2}]">12</label>
<label id="[2,{2|2|2|0}]">8</label>
<label id="[2,{2|2|2|1}]">8</label>
<label id="[2,{2|2|2|255}]">12</label>
<label id="[2,{2|2|2|2}]">8</label>
<label id="[2,{2|3|0|0}]">8</label>
<label id="[2,{2|3|0|1}]">8</label>
<label id="[2,{2|3|0|255}]">12</label>
<label id="[2,{2|3|0|2}]">8</label>
<label id="[2,{2|3|0|3}]">8</label>
<label id="[2,{2|3|1|0}]">8</label>
<label id="[2,{2|3|1|1}]">8</label>
<label id="[2,{2|3|1|255}]">12</label>
<label id="[2,{2|3|1|2}]">8</label>
<label id="[2,{2|3|1|3}]">8</label>
<label id="[2,{2|3|255|0}]">12</label>
<label id="[2,{2|3|255|1}]">12</label>
<label id="[2,{2|3|255|255}]">18</label>
<label id="[2,{2|3|255|2}]">12</label>
<label id="[2,{2|3|255|3}]">12</label>
<label id="[2,{2|3|2|0}]">8</label>
<label id="[2,{2|3|2|1}]">8</label>
<label id="[2,{2|3|2|255}]">12</label>
<label id="[2,{2|3|2|2}]">8</label>
<label id="[2,{2|3|2|3}]">8</label>
<label id="[2,{2|3|3|0}]">8</label>
<label id="[2,{2|3|3|1}]">8</label>
<label id="[2,{2|3|3|255}]">12</label>
<label id="[2,{2|3|3|2}]">8</label>
<label id="[2,{2|3|3|3}]">8</label>
<label id="[2,{3|3|0|0}]">8</label>
<label id="[2,{3|3|0|1}]">8</label>
<label id="[2,{3|3|0|255}]">12</label>
<label id="[2,{3|3|0|2}]">8</label>
<label id="[2,{3|3|0|3}]">8</label>
<label id="[2,{3|3|1|0}]">8</label>
<label id="[2,{3|3|1|1}]">8</label>
<label id="[2,{3|3|1|255}]">12</label>
<label id="[2,{3|3|1|2}]">8</label>
<label id="[2,{3|3|1|3}]">8</label>
<label id="[2,{3|3|255|0}]">12</label>
<label id="[2,{3|3|255|1}]">12</label>
<label id="[2,{3|3|255|255}]">18</label>
<label id="[2,{3|3|255|2}]">12</label>
<label id="[2,{3|3|255|3}]">12</label>
<label id="[2,{3|3|2|0}]">8</label>
<label id="[2,{3|3|2|1}]">8</label>
<label id="[2,{3|3|2|255}]">12</label>
<label id="[2,{3|3|2|2}]">8</label>
<label id="[2,{3|3|2|3}]">8</label>
<label id="[2,{3|3|3|0}]">8</label>
<label id="[2,{3|3|3|1}]">8</label>
<label id="[2,{3|3|3|255}]">12</label>
<label id="[2,{3|3|3|2}]">8</label>
<label id="[2,{3|3|3|3}]">8</label>
<label id="[3,{0|0|0|0}]">8</label>
<label id="[3,{0|0|0|255}]">12</label>
<label id="[3,{0|0|1|0}]">8</label>
<label id="[3,{0|0|1|1}]">8</label>
<label id="[3,{0|0|1|255}]">12</label>
<label id="[3,{0|0|255|0}]">16</label>
<label id="[3,{0|0|255|255}]">24</label>
<label id="[3,{0|0|2|0}]">8</label>
<label id="[3,{0|0|2|1}]">8</label>
<label id="[3,{0|0|2|255}]">12</label>
<label id="[3,{0|0|2|2}]">8</label>
<label id="[3,{0|0|3|0}]">8</label>
<label id="[3,{0|0|3|1}]">8</label>
<label id="[3,{0|0|3|255}]">12</label>
<label id="[3,{0|0|3|2}]">8</label>
<label id="[3,{0|0|3|3}]">8</label>
<label id="[3,{0|1|1|0}]">8</label>
<label id="[3,{0|1|1|1}]">8</label>
<label id="[3,{0|1|1|255}]">12</label>
<label id="[3,{0|1|2|0}]">8</label>
<label id="[3,{0|1|2|1}]">8</label>
<label id="[3,{0|1|2|255}]">12</label>
<label id="[3,{0|1|2|2}]">8</label>
<label id="[3,{0|1|3|0}]">8</label>
<label id="[3,{0|1|3|1}]">8</label>
<label id="[3,{0|1|3|255}]">12</label>
<label id="[3,{0|1|3|2}]">8</label>
<label id="[3,{0|1|3|3}]">8</label>
<label id="[3,{0|255|0|0}]">12</label>
<label id="[3,{0|255|0|255}]">18</label>
<label id="[3,{0|255|1|0}]">12</label>
<label id="[3,{0|255|1|1}]">12</label>
<label id="[3,{0|255|1|255}]">18</label>
<label id="[3,{0|255|255|0}]">24</label>
<label id="[3,{0|255|255|255}]">36</label>
<label id="[3,{0|255|2|0}]">12</label>
<label id="[3,{0|255|2|1}]">12</label>
<label id="[3,{0|255|2|255}]">18</label>
<label id="[3,{0|255|2|2}]">12</label>
<label id="[3,{0|255|3|0}]">12</label>
<label id="[3,{0|255|3|1}]">12</label>
<label id="[3,{0|255|3|255}]">18</label>
<label id="[3,{0|255|3|2}]">12</label>
<label id="[3,{0|255|3|3}]">12</label>
<label id="[3,{0|2|2|0}]">8</label>
<label id="[3,{0|2|2|1}]">8</label>
<label id="[3,{0|2|2|255}]">12</label>
<label id="[3,{0|2|2|2}]">8</label>
<label id="[3,{0|2|3|0}]">8</label>
<label id="[3,{0|2|3|1}]">8</label>
<label id="[3,{0|2|3|255}]">12</label>
<label id="[3,{0|2|3|2}]">8</label>
<label id="[3,{0|2|3|3}]">8</label>
<label id="[3,{0|3|3|0}]">8</label>
<label id="[3,{0|3|3|1}]">8</label>
<label id="[3,{0|3|3|255}]">12</label>
<label id="[3,{0|3|3|2}]">8</label>
<label id="[3,{0|3|3|3}]">8</label>
<label id="[3,{1|0|1|0}]">8</label>
<label id="[3,{1|0|1|1}]">8</label>
<label id="[3,{1|0|1|255}]">12</label>
<label id="[3,{1|0|2|0}]">8</label>
<label id="[3,{1|0|2|1}]">8</label>
<label id="[3,{1|0|2|255}]">12</label>
<label id="[3,{1|0|2|2}]">8</label>
<label id="[3,{1|0|3|0}]">8</label>
<label id="[3,{1|0|3|1}]">8</label>
<label id="[3,{1|0|3|255}]">12</label>
<label id="[3,{1|0|3|2}]">8</label>
<label id="[3,{1|0|3|3}]">8</label>
<label id="[3,{1|1|1|0}]">8</label>
<label id="[3,{1|1|1|1}]">8</label>
<label id="[3,{1|1|1|255}]">12</label>
<label id="[3,{1|1|2|0}]">8</label>
<label id="[3,{1|1|2|1}]">8</label>
<label id="[3,{1|1|2|255}]">12</label>
<label id="[3,{1|1|2|2}]">8</label>
<label id="[3,{1|1|3|0}]">8</label>
<label id="[3,{1|1|3|1}]">8</label>
<label id="[3,{1|1|3|255}]">12</label>
<label id="[3,{1|1|3|2}]">8</label>
<label id="[3,{1|1|3|3}]">8</label>
<label id="[3,{1|255|1|0}]">12</label>
<label id="[3,{1|255|1|1}]">12</label>
<label id="[3,{1|255|1|255}]">18</label>
<label id="[3,{1|255|2|0}]">12</label>
<label id="[3,{1|255|2|1}]">12</label>
<label id="[3,{1|255|2|255}]">18</label>
<label id="[3,{1|255|2|2}]">12</label>
<label id="[3,{1|255|3|0}]">12</label>
<label id="[3,{1|255|3|1}]">12</label>
<label id="[3,{1|255|3|255}]">18</label>
<label id="[3,{1|255|3|2}]">12</label>
<label id="[3,{1|255|3|3}]">12</label>
<label id="[3,{1|2|2|0}]">8</label>
<label id="[3,{1|2|2|1}]">8</label>
<label id="[3,{1|2|2|255}]">12</label>
<label id="[3,{1|2|2|2}]">8</label>
<label id="[3,{1|2|3|0}]">8</label>
<label id="[3,{1|2|3|1}]">8</label>
<label id="[3,{1|2|3|255}]">12</label>
<label id="[3,{1|2|3|2}]">8</label>
<label id="[3,{1|2|3|3}]">8</label>
<label id="[3,{1|3|3|0}]">8</label>
<label id="[3,{1|3|3|1}]">8</label>
<label id="[3,{1|3|3|255}]">12</label>
<label id="[3,{1|3|3|2}]">8</label>
<label id="[3,{1|3|3|3}]">8</label>
<label id="[3,{255|0|0|0}]">12</label>
<label id="[3,{255|0|0|255}]">18</label>
<label id="[3,{255|0|1|0}]">12</label>
<label id="[3,{255|0|1|1}]">12</label>
<label id="[3,{255|0|1|255}]">18</label>
<label id="[3,{255|0|255|0}]">24</label>
<label id="[3,{255|0|255|255}]">36</label>
<label id="[3,{255|0|2|0}]">12</label>
<label id="[3,{255|0|2|1}]">12</label>
<label id="[3,{255|0|2|255}]">18</label>
<label id="[3,{255|0|2|2}]">12</label>
<label id="[3,{255|0|3|0}]">12</label>
<label id="[3,{255|0|3|1}]">12</label>
<label id="[3,{255|0|3|255}]">18</label>
<label id="[3,{255|0|3|2}]">12</label>
<label id="[3,{255|0|3|3}]">12</label>
<label id="[3,{255|1|1|0}]">12</label>
<label id="[3,{255|1|1|1}]">12</label>
<label id="[3,{255|1|1|255}]">18</label>
<label id="[3,{255|1|2|0}]">12</label>
<label id="[3,{255|1|2|1}]">12</label>
<label id="[3,{255|1|2|255}]">18</label>
<label id="[3,{255|1|2|2}]">12</label>
<label id="[3,{255|1|3|0}]">12</label>
<label id="[3,{255|1|3|1}]">12</label>
<label id="[3,{255|1|3|255}]">18</label>
<label id="[3,{255|1|3|2}]">12</label>
<label id="[3,{255|1|3|3}]">12</label>
<label id="[3,{255|255|0|0}]">18</label>
<label id="[3,{255|255|0|255}]">27</label>
<label id="[3,{255|255|1|0}]">18</label>
<label id="[3,{255|255|1|1}]">18</label>
<label id="[3,{255|255|1|255}]">27</label>
<label id="[3,{255|255|255|0}]">36</label>
<label id="[3,{255|255|255|255}]">54</label>
<label id="[3,{255|255|2|0}]">18</label>
<label id="[3,{255|255|2|1}]">18</label>
<label id="[3,{255|255|2|255}]">27</label>
<label id="[3,{255|255|2|2}]">18</label>
<label id="[3,{255|255|3|0}]">18</label>
<label id="[3,{255|255|3|1}]">18</label>
<label id="[3,{255|255|3|255}]">27</label>
<label id="[3,{255|255|3|2}]">18</label>
<label id="[3,{255|255|3|3}]">18</label>
<label id="[3,{255|2|2|0}]">12</label>
<label id="[3,{255|2|2|1}]">12</label>
<label id="[3,{255|2|2|255}]">18</label>
<label id="[3,{255|2|2|2}]">12</label>
<label id="[3,{255|2|3|0}]">12</label>
<label id="[3,{255|2|3|1}]">12</label>
<label id="[3,{255|2|3|255}]">18</label>
<label id="[3,{255|2|3|2}]">12</label>
<label id="[3,{255|2|3|3}]">12</label>
<label id="[3,{255|3|3|0}]">12</label>
<label id="[3,{255|3|3|1}]">12</label>
<label id="[3,{255|3|3|255}]">18</label>
<label id="[3,{255|3|3|2}]">12</label>
<label id="[3,{255|3|3|3}]">12</label>
<label id="[3,{2|0|2|0}]">8</label>
<label id="[3,{2|0|2|1}]">8</label>
<label id="[3,{2|0|2|255}]">12</label>
<label id="[3,{2|0|2|2}]">8</label>
<label id="[3,{2|0|3|0}]">8</label>
<label id="[3,{2|0|3|1}]">8</label>
<label id="[3,{2|0|3|255}]">12</label>
<label id="[3,{2|0|3|2}]">8</label>
<label id="[3,{2|0|3|3}]">8</label>
<label id="[3,{2|1|2|0}]">8</label>
<label id="[3,{2|1|2|1}]">8</label>
<label id="[3,{2|1|2|255}]">12</label>
<label id="[3,{2|1|2|2}]">8</label>
<label id="[3,{2|1|3|0}]">8</label>
<label id="[3,{2|1|3|1}]">8</label>
<label id="[3,{2|1|3|255}]">12</label>
<label id="[3,{2|1|3|2}]">8</label>
<label id="[3,{2|1|3|3}]">8</label>
<label id="[3,{2|255|2|0}]">12</label>
<label id="[3,{2|255|2|1}]">12</label>
<label id="[3,{2|255|2|255}]">18</label>
<label id="[3,{2|255|2|2}]">12</label>
<label id="[3,{2|255|3|0}]">12</label>
<label id="[3,{2|255|3|1}]">12</label>
<label id="[3,{2|255|3|255}]">18</label>
<label id="[3,{2|255|3|2}]">12</label>
<label id="[3,{2|255|3|3}]">12</label>
<label id="[3,{2|2|2|0}]">8</label>
<label id="[3,{2|2|2|1}]">8</label>
<label id="[3,{2|2|2|255}]">12</label>
<label id="[3,{2|2|2|2}]">8</label>
<label id="[3,{2|2|3|0}]">8</label>
<label id="[3,{2|2|3|1}]">8</label>
<label id="[3,{2|2|3|255}]">12</label>
<label id="[3,{2|2|3|2}]">8</label>
<label id="[3,{2|2|3|3}]">8</label>
<label id="[3,{2|3|3|0}]">8</label>
<label id="[3,{2|3|3|1}]">8</label>
<label id="[3,{2|3|3|255}]">12</label>
<label id="[3,{2|3|3|2}]">8</label>
<label id="[3,{2|3|3|3}]">8</label>
<label id="[3,{3|0|3|0}]">8</label>
<label id="[3,{3|0|3|1}]">8</label>
<label id="[3,{3|0|3|255}]">12</label>
<label id="[3,{3|0|3|2}]">8</label>
<label id="[3,{3|0|3|3}]">8</label>
<label id="[3,{3|1|3|0}]">8</label>
<label id="[3,{3|1|3|1}]">8</label>
<label id="[3,{3|1|3|255}]">12</label>
<label id="[3,{3|1|3|2}]">8</label>
<label id="[3,{3|1|3|3}]">8</label>
<label id="[3,{3|255|3|0}]">12</label>
<label id="[3,{3|255|3|1}]">12</label>
<label id="[3,{3|255|3|255}]">18</label>
<label id="[3,{3|255|3|2}]">12</label>
<label id="[3,{3|255|3|3}]">12</label>
<label id="[3,{3|2|3|0}]">8</label>
<label id="[3,{3|2|3|1}]">8</label>
<label id="[3,{3|2|3|255}]">12</label>
<label id="[3,{3|2|3|2}]">8</label>
<label id="[3,{3|2|3|3}]">8</label>
<label id="[3,{3|3|3|0}]">8</label>
<label id="[3,{3|3|3|1}]">8</label>
<label id="[3,{3|3|3|255}]">12</label>
<label id="[3,{3|3|3|2}]">8</label>
<label id="[3,{3|3|3|3}]">8</label>
<label id="[4,{0|0|0|0}]">8</label>
<label id="[4,{0|0|0|1}]">8</label>
<label id="[4,{0|0|0|255}]">16</label>
<label id="[4,{0|0|0|2}]">8</label>
<label id="[4,{0|0|0|3}]">8</label>
<label id="[4,{0|0|1|1}]">8</label>
<label id="[4,{0|0|1|2}]">8</label>
<label id="[4,{0|0|1|3}]">8</label>
<label id="[4,{0|0|255|0}]">12</label>
<label id="[4,{0|0|255|1}]">12</label>
<label id="[4,{0|0|255|255}]">24</label>
<label id="[4,{0|0|255|2}]">12</label>
<label id="[4,{0|0|255|3}]">12</label>
<label id="[4,{0|0|2|2}]">8</label>
<label id="[4,{0|0|2|3}]">8</label>
<label id="[4,{0|0|3|3}]">8</label>
<label id="[4,{0|1|0|1}]">8</label>
<label id="[4,{0|1|0|2}]">8</label>
<label id="[4,{0|1|0|3}]">8</label>
<label id="[4,{0|1|1|1}]">8</label>
<label id="[4,{0|1|1|2}]">8</label>
<label id="[4,{0|1|1|3}]">8</label>
<label id="[4,{0|1|255|1}]">12</label>
<label id="[4,{0|1|255|2}]">12</label>
<label id="[4,{0|1|255|3}]">12</label>
<label id="[4,{0|1|2|2}]">8</label>
<label id="[4,{0|1|2|3}]">8</label>
<label id="[4,{0|1|3|3}]">8</label>
<label id="[4,{0|255|0|0}]">12</label>
<label id="[4,{0|255|0|1}]">12</label>
<label id="[4,{0|255|0|255}]">24</label>
<label id="[4,{0|255|0|2}]">12</label>
<label id="[4,{0|255|0|3}]">12</label>
<label id="[4,{0|255|1|1}]">12</label>
<label id="[4,{0|255|1|2}]">12</label>
<label id="[4,{0|255|1|3}]">12</label>
<label id="[4,{0|255|255|0}]">18</label>
<label id="[4,{0|255|255|1}]">18</label>
<label id="[4,{0|255|255|255}]">36</label>
<label id="[4,{0|255|255|2}]">18</label>
<label id="[4,{0|255|255|3}]">18</label>
<label id="[4,{0|255|2|2}]">12</label>
<label id="[4,{0|255|2|3}]">12</label>
<label id="[4,{0|255|3|3}]">12</label>
<label id="[4,{0|2|0|2}]">8</label>
<label id="[4,{0|2|0|3}]">8</label>
<label id="[4,{0|2|1|2}]">8</label>
<label id="[4,{0|2|1|3}]">8</label>
<label id="[4,{0|2|255|2}]">12</label>
<label id="[4,{0|2|255|3}]">12</label>
<label id="[4,{0|2|2|2}]">8</label>
<label id="[4,{0|2|2|3}]">8</label>
<label id="[4,{0|2|3|3}]">8</label>
<label id="[4,{0|3|0|3}]">8</label>
<label id="[4,{0|3|1|3}]">8</label>
<label id="[4,{0|3|255|3}]">12</label>
<label id="[4,{0|3|2|3}]">8</label>
<label id="[4,{0|3|3|3}]">8</label>
<label id="[4,{1|0|0|1}]">8</label>
<label id="[4,{1|0|0|2}]">8</label>
<label id="[4,{1|0|0|3}]">8</label>
<label id="[4,{1|0|1|1}]">8</label>
<label id="[4,{1|0|1|2}]">8</label>
<label id="[4,{1|0|1|3}]">8</label>
<label id="[4,{1|0|255|1}]">12</label>
<label id="[4,{1|0|255|2}]">12</label>
<label id="[4,{1|0|255|3}]">12</label>
<label id="[4,{1|0|2|2}]">8</label>
<label id="[4,{1|0|2|3}]">8</label>
<label id="[4,{1|0|3|3}]">8</label>
<label id="[4,{1|1|0|1}]">8</label>
<label id="[4,{1|1|0|2}]">8</label>
<label id="[4,{1|1|0|3}]">8</label>
<label id="[4,{1|1|1|1}]">8</label>
<label id="[4,{1|1|1|2}]">8</label>
<label id="[4,{1|1|1|3}]">8</label>
<label id="[4,{1|1|255|1}]">12</label>
<label id="[4,{1|1|255|2}]">12</label>
<label id="[4,{1|1|255|3}]">12</label>
<label id="[4,{1|1|2|2}]">8</label>
<label id="[4,{1|1|2|3}]">8</label>
<label id="[4,{1|1|3|3}]">8</label>
<label id="[4,{1|255|0|1}]">12</label>
<label id="[4,{1|255|0|2}]">12</label>
<label id="[4,{1|255|0|3}]">12</label>
<label id="[4,{1|255|1|1}]">12</label>
<label id="[4,{1|255|1|2}]">12</label>
<label id="[4,{1|255|1|3}]">12</label>
<label id="[4,{1|255|255|1}]">18</label>
<label id="[4,{1|255|255|2}]">18</label>
<label id="[4,{1|255|255|3}]">18</label>
<label id="[4,{1|255|2|2}]">12</label>
<label id="[4,{1|255|2|3}]">12</label>
<label id="[4,{1|255|3|3}]">12</label>
<label id="[4,{1|2|0|2}]">8</label>
<label id="[4,{1|2|0|3}]">8</label>
<label id="[4,{1|2|1|2}]">8</label>
<label id="[4,{1|2|1|3}]">8</label>
<label id="[4,{1|2|255|2}]">12</label>
<label id="[4,{1|2|255|3}]">12</label>
<label id="[4,{1|2|2|2}]">8</label>
<label id="[4,{1|2|2|3}]">8</label>
<label id="[4,{1|2|3|3}]">8</label>
<label id="[4,{1|3|0|3}]">8</label>
<label id="[4,{1|3|1|3}]">8</label>
<label id="[4,{1|3|255|3}]">12</label>
<label id="[4,{1|3|2|3}]">8</label>
<label id="[4,{1|3|3|3}]">8</label>
<label id="[4,{255|0|0|0}]">12</label>
<label id="[4,{255|0|0|1}]">12</label>
<label id="[4,{255|0|0|255}]">24</label>
<label id="[4,{255|0|0|2}]">12</label>
<label id="[4,{255|0|0|3}]">12</label>
<label id="[4,{255|0|1|1}]">12</label>
<label id="[4,{255|0|1|2}]">12</label>
<label id="[4,{255|0|1|3}]">12</label>
<label id="[4,{255|0|255|0}]">18</label>
<label id="[4,{255|0|255|1}]">18</label>
<label id="[4,{255|0|255|255}]">36</label>
<label id="[4,{255|0|255|2}]">18</label>
<label id="[4,{255|0|255|3}]">18</label>
<label id="[4,{255|0|2|2}]">12</label>
<label id="[4,{255|0|2|3}]">12</label>
<label id="[4,{255|0|3|3}]">12</label>
<label id="[4,{255|1|0|1}]">12</label>
<label id="[4,{255|1|0|2}]">12</label>
<label id="[4,{255|1|0|3}]">12</label>
<label id="[4,{255|1|1|1}]">12</label>
<label id="[4,{255|1|1|2}]">12</label>
<label id="[4,{255|1|1|3}]">12</label>
<label id="[4,{255|1|255|1}]">18</label>
<label id="[4,{255|1|255|2}]">18</label>
<label id="[4,{255|1|255|3}]">18</label>
<label id="[4,{255|1|2|2}]">12</label>
<label id="[4,{255|1|2|3}]">12</label>
<label id="[4,{255|1|3|3}]">12</label>
<label id="[4,{255|255|0|0}]">18</label>
<label id="[4,{255|255|0|1}]">18</label>
<label id="[4,{255|255|0|255}]">36</label>
<label id="[4,{255|255|0|2}]">18</label>
<label id="[4,{255|255|0|3}]">18</label>
<label id="[4,{255|255|1|1}]">18</label>
<label id="[4,{255|255|1|2}]">18</label>
<label id="[4,{255|255|1|3}]">18</label>
<label id="[4,{255|255|255|0}]">27</label>
<label id="[4,{255|255|255|1}]">27</label>
<label id="[4,{255|255|255|255}]">54</label>
<label id="[4,{255|255|255|2}]">27</label>
<label id="[4,{255|255|255|3}]">27</label>
<label id="[4,{255|255|2|2}]">18</label>
<label id="[4,{255|255|2|3}]">18</label>
<label id="[4,{255|255|3|3}]">18</label>
<label id="[4,{255|2|0|2}]">12</label>
<label id="[4,{255|2|0|3}]">12</label>
<label id="[4,{255|2|1|2}]">12</label>
<label id="[4,{255|2|1|3}]">12</label>
<label id="[4,{255|2|255|2}]">18</label>
<label id="[4,{255|2|255|3}]">18</label>
<label id="[4,{255|2|2|2}]">12</label>
<label id="[4,{255|2|2|3}]">12</label>
<label id="[4,{255|2|3|3}]">12</label>
<label id="[4,{255|3|0|3}]">12</label>
<label id="[4,{255|3|1|3}]">12</label>
<label id="[4,{255|3|255|3}]">18</label>
<label id="[4,{255|3|2|3}]">12</label>
<label id="[4,{255|3|3|3}]">12</label>
<label id="[4,{2|0|0|2}]">8</label>
<label id="[4,{2|0|0|3}]">8</label>
<label id="[4,{2|0|1|2}]">8</label>
<label id="[4,{2|0|1|3}]">8</label>
<label id="[4,{2|0|255|2}]">12</label>
<label id="[4,{2|0|255|3}]">12</label>
<label id="[4,{2|0|2|2}]">8</label>
<label id="[4,{2|0|2|3}]">8</label>
<label id="[4,{2|0|3|3}]">8</label>
<label id="[4,{2|1|0|2}]">8</label>
<label id="[4,{2|1|0|3}]">8</label>
<label id="[4,{2|1|1|2}]">8</label>
<label id="[4,{2|1|1|3}]">8</label>
<label id="[4,{2|1|255|2}]">12</label>
<label id="[4,{2|1|255|3}]">12</label>
<label id="[4,{2|1|2|2}]">8</label>
<label id="[4,{2|1|2|3}]">8</label>
<label id="[4,{2|1|3|3}]">8</label>
<label id="[4,{2|255|0|2}]">12</label>
<label id="[4,{2|255|0|3}]">12</label>
<label id="[4,{2|255|1|2}]">12</label>
<label id="[4,{2|255|1|3}]">12</label>
<label id="[4,{2|255|255|2}]">18</label>
<label id="[4,{2|255|255|3}]">18</label>
<label id="[4,{2|255|2|2}]">12</label>
<label id="[4,{2|255|2|3}]">12</label>
<label id="[4,{2|255|3|3}]">12</label>
<label id="[4,{2|2|0|2}]">8</label>
<label id="[4,{2|2|0|3}]">8</label>
<label id="[4,{2|2|1|2}]">8</label>
<label id="[4,{2|2|1|3}]">8</label>
<label id="[4,{2|2|255|2}]">12</label>
<label id="[4,{2|2|255|3}]">12</label>
<label id="[4,{2|2|2|2}]">8</label>
<label id="[4,{2|2|2|3}]">8</label>
<label id="[4,{2|2|3|3}]">8</label>
<label id="[4,{2|3|0|3}]">8</label>
<label id="[4,{2|3|1|3}]">8</label>
<label id="[4,{2|3|255|3}]">12</label>
<label id="[4,{2|3|2|3}]">8</label>
<label id="[4,{2|3|3|3}]">8</label>
<label id="[4,{3|0|0|3}]">8</label>
<label id="[4,{3|0|1|3}]">8</label>
<label id="[4,{3|0|255|3}]">12</label>
<label id="[4,{3|0|2|3}]">8</label>
<label id="[4,{3|0|3|3}]">8</label>
<label id="[4,{3|1|0|3}]">8</label>
<label id="[4,{3|1|1|3}]">8</label>
<label id="[4,{3|1|255|3}]">12</label>
<label id="[4,{3|1|2|3}]">8</label>
<label id="[4,{3|1|3|3}]">8</label>
<label id="[4,{3|255|0|3}]">12</label>
<label id="[4,{3|255|1|3}]">12</label>
<label id="[4,{3|255|255|3}]">18</label>
<label id="[4,{3|255|2|3}]">12</label>
<label id="[4,{3|255|3|3}]">12</label>
<label id="[4,{3|2|0|3}]">8</label>
<label id="[4,{3|2|1|3}]">8</label>
<label id="[4,{3|2|255|3}]">12</label>
<label id="[4,{3|2|2|3}]">8</label>
<label id="[4,{3|2|3|3}]">8</label>
<label id="[4,{3|3|0|3}]">8</label>
<label id="[4,{3|3|1|3}]">8</label>
<label id="[4,{3|3|255|3}]">12</label>
<label id="[4,{3|3|2|3}]">8</label>
<label id="[4,{3|3|3|3}]">8</label>
</state-labels><state-labels procid="1">
<label id="[0]">21733</label>
</state-labels><state-labels procid="2">
<label id="[0]">2309</label>
<label id="[1]">7058</label>
<label id="[2]">10364</label>
<label id="[3]">2002</label>
</state-labels><state-labels procid="3">
<label id="[0]">2309</label>
<label id="[1]">7058</label>
<label id="[2]">10364</label>
<label id="[3]">2002</label>
</state-labels><state-labels procid="4">
<label id="[0]">2309</label>
<label id="[1]">7058</label>
<label id="[2]">10364</label>
<label id="[3]">2002</label>
</state-labels><state-labels procid="5">
<label id="[0]">2309</label>
<label id="[1]">7058</label>
<label id="[2]">10364</label>
<label id="[3]">2002</label>
</state-labels></label-info>
</state-space-info>
