<?xml version="1.0"?>
<!DOCTYPE state-space-info SYSTEM "../../state_space_info.dtd">


<state-space-info>
<states>634</states>
<edges>1395</edges>
<bfs-info>
 <levels>18</levels>
<max-level>70</max-level>

<back-level-edges>489</back-level-edges>
<max-back-level-edge>11</max-back-level-edge>
<avg-back-level-edge>3.93252</avg-back-level-edge>
<bfs-levels>
<level id="0"><states>1</states><edges>4</edges></level>
<level id="1"><states>3</states><edges>12</edges></level>
<level id="2"><states>9</states><edges>27</edges></level>
<level id="3"><states>22</states><edges>64</edges></level>
<level id="4"><states>46</states><edges>115</edges></level>
<level id="5"><states>70</states><edges>138</edges></level>
<level id="6"><states>69</states><edges>117</edges></level>
<level id="7"><states>69</states><edges>78</edges></level>
<level id="8"><states>51</states><edges>75</edges></level>
<level id="9"><states>39</states><edges>69</edges></level>
<level id="10"><states>48</states><edges>114</edges></level>
<level id="11"><states>27</states><edges>84</edges></level>
<level id="12"><states>27</states><edges>78</edges></level>
<level id="13"><states>33</states><edges>99</edges></level>
<level id="14"><states>39</states><edges>114</edges></level>
<level id="15"><states>42</states><edges>117</edges></level>
<level id="16"><states>30</states><edges>69</edges></level>
<level id="17"><states>9</states><edges>21</edges></level>
</bfs-levels>
<back-level-length id="0">29.4479</back-level-length>
<back-level-length id="1">10.4294</back-level-length>
<back-level-length id="2">0</back-level-length>
<back-level-length id="3">25.7669</back-level-length>
<back-level-length id="4">3.68098</back-level-length>
<back-level-length id="5">5.52147</back-level-length>
<back-level-length id="6">1.22699</back-level-length>
<back-level-length id="7">1.84049</back-level-length>
<back-level-length id="8">0</back-level-length>
<back-level-length id="9">0</back-level-length>
<back-level-length id="10">0</back-level-length>
<back-level-length id="11">22.0859</back-level-length>
</bfs-info>
<degrees>
<avg>2.20032</avg>
<max-in>7</max-in>
<max-out>4</max-out>
<degree id="0"><in>0</in><out>0</out></degree>
<degree id="1"><in>200</in><out>186</out></degree>
<degree id="2"><in>222</in><out>204</out></degree>
<degree id="3"><in>124</in><out>175</out></degree>
<degree id="4"><in>69</in><out>69</out></degree>
<degree id="5"><in>12</in><out>0</out></degree>
<degree id="6"><in>6</in><out>0</out></degree>
<degree id="7"><in>1</in><out>0</out></degree>
</degrees>
<scc-info>
<count>1</count>
<height>0</height>
<nontrivial-height>0</nontrivial-height>
<trivial>0</trivial>
<terminal>1</terminal>
<largest>634</largest>
<largest-position> initial the only terminal</largest-position>
</scc-info>
<dfs-info>
<stack-size id="3">0.473186</stack-size>
<stack-size id="6">0.946372</stack-size>
<stack-size id="9">1.41956</stack-size>
<stack-size id="12">0.946372</stack-size>
<stack-size id="15">1.41956</stack-size>
<stack-size id="18">1.89274</stack-size>
<stack-size id="21">2.36593</stack-size>
<stack-size id="24">2.36593</stack-size>
<stack-size id="27">2.83912</stack-size>
<stack-size id="30">3.3123</stack-size>
<stack-size id="33">3.78549</stack-size>
<stack-size id="36">4.25868</stack-size>
<stack-size id="39">4.73186</stack-size>
<stack-size id="42">5.20505</stack-size>
<stack-size id="45">4.88959</stack-size>
<stack-size id="48">5.36278</stack-size>
<stack-size id="51">5.83596</stack-size>
<stack-size id="54">6.30915</stack-size>
<stack-size id="57">6.78233</stack-size>
<stack-size id="60">7.25552</stack-size>
<stack-size id="63">7.25552</stack-size>
<stack-size id="66">7.72871</stack-size>
<stack-size id="69">8.20189</stack-size>
<stack-size id="72">8.67508</stack-size>
<stack-size id="75">8.20189</stack-size>
<stack-size id="78">8.67508</stack-size>
<stack-size id="81">9.14826</stack-size>
<stack-size id="84">9.62145</stack-size>
<stack-size id="87">9.62145</stack-size>
<stack-size id="90">8.99054</stack-size>
<stack-size id="93">9.46372</stack-size>
<stack-size id="96">9.93691</stack-size>
<stack-size id="99">10.4101</stack-size>
<stack-size id="102">10.8833</stack-size>
<stack-size id="105">11.3565</stack-size>
<stack-size id="108">11.8297</stack-size>
<stack-size id="111">11.1987</stack-size>
<stack-size id="114">11.6719</stack-size>
<stack-size id="117">12.1451</stack-size>
<stack-size id="120">12.6183</stack-size>
<stack-size id="123">13.0915</stack-size>
<stack-size id="126">13.5647</stack-size>
<stack-size id="129">14.0379</stack-size>
<stack-size id="132">14.511</stack-size>
<stack-size id="135">14.9842</stack-size>
<stack-size id="138">15.4574</stack-size>
<stack-size id="141">15.9306</stack-size>
<stack-size id="144">16.4038</stack-size>
<stack-size id="147">16.877</stack-size>
<stack-size id="150">16.4038</stack-size>
<stack-size id="153">16.877</stack-size>
<stack-size id="156">17.3502</stack-size>
<stack-size id="159">17.8233</stack-size>
<stack-size id="162">18.2965</stack-size>
<stack-size id="165">18.7697</stack-size>
<stack-size id="168">19.2429</stack-size>
<stack-size id="171">19.7161</stack-size>
<stack-size id="174">20.1893</stack-size>
<stack-size id="177">18.7697</stack-size>
<stack-size id="180">19.2429</stack-size>
<stack-size id="183">19.7161</stack-size>
<stack-size id="186">20.1893</stack-size>
<stack-size id="189">20.6625</stack-size>
<stack-size id="192">19.5584</stack-size>
<stack-size id="195">19.0852</stack-size>
<stack-size id="198">19.5584</stack-size>
<stack-size id="201">19.0852</stack-size>
<stack-size id="204">19.2429</stack-size>
<stack-size id="207">19.7161</stack-size>
<stack-size id="210">20.1893</stack-size>
<stack-size id="213">20.347</stack-size>
<stack-size id="216">20.5047</stack-size>
<stack-size id="219">20.9779</stack-size>
<stack-size id="222">21.4511</stack-size>
<stack-size id="225">21.7666</stack-size>
<stack-size id="228">22.2397</stack-size>
<stack-size id="231">22.7129</stack-size>
<stack-size id="234">23.1861</stack-size>
<stack-size id="237">23.1861</stack-size>
<stack-size id="240">23.3438</stack-size>
<stack-size id="243">23.5016</stack-size>
<stack-size id="246">23.9748</stack-size>
<stack-size id="249">24.4479</stack-size>
<stack-size id="252">24.9211</stack-size>
<stack-size id="255">25.3943</stack-size>
<stack-size id="258">25.8675</stack-size>
<stack-size id="261">26.3407</stack-size>
<stack-size id="264">26.8139</stack-size>
<stack-size id="267">27.2871</stack-size>
<stack-size id="270">26.4984</stack-size>
<stack-size id="273">26.9716</stack-size>
<stack-size id="276">27.4448</stack-size>
<stack-size id="279">26.8139</stack-size>
<stack-size id="282">26.6562</stack-size>
<stack-size id="285">27.1293</stack-size>
<stack-size id="288">26.8139</stack-size>
<stack-size id="291">27.1293</stack-size>
<stack-size id="294">26.6562</stack-size>
<stack-size id="297">27.1293</stack-size>
<stack-size id="300">27.6025</stack-size>
<stack-size id="303">28.0757</stack-size>
<stack-size id="306">28.3912</stack-size>
<stack-size id="309">28.8644</stack-size>
<stack-size id="312">29.0221</stack-size>
<stack-size id="315">29.1798</stack-size>
<stack-size id="318">29.653</stack-size>
<stack-size id="321">30.1262</stack-size>
<stack-size id="324">30.5994</stack-size>
<stack-size id="327">29.9685</stack-size>
<stack-size id="330">30.1262</stack-size>
<stack-size id="333">29.1798</stack-size>
<stack-size id="336">29.653</stack-size>
<stack-size id="339">30.1262</stack-size>
<stack-size id="342">29.8107</stack-size>
<stack-size id="345">29.653</stack-size>
<stack-size id="348">30.1262</stack-size>
<stack-size id="351">30.5994</stack-size>
<stack-size id="354">30.5994</stack-size>
<stack-size id="357">29.3375</stack-size>
<stack-size id="360">29.1798</stack-size>
<stack-size id="363">29.4953</stack-size>
<stack-size id="366">29.0221</stack-size>
<stack-size id="369">28.8644</stack-size>
<stack-size id="372">28.8644</stack-size>
<stack-size id="375">29.3375</stack-size>
<stack-size id="378">29.3375</stack-size>
<stack-size id="381">29.4953</stack-size>
<stack-size id="384">29.3375</stack-size>
<stack-size id="387">29.8107</stack-size>
<stack-size id="390">29.4953</stack-size>
<stack-size id="393">29.9685</stack-size>
<stack-size id="396">29.4953</stack-size>
<stack-size id="399">29.9685</stack-size>
<stack-size id="402">29.3375</stack-size>
<stack-size id="405">29.3375</stack-size>
<stack-size id="408">29.8107</stack-size>
<stack-size id="411">29.8107</stack-size>
<stack-size id="414">29.3375</stack-size>
<stack-size id="417">29.8107</stack-size>
<stack-size id="420">29.1798</stack-size>
<stack-size id="423">29.653</stack-size>
<stack-size id="426">30.1262</stack-size>
<stack-size id="429">29.3375</stack-size>
<stack-size id="432">29.653</stack-size>
<stack-size id="435">29.3375</stack-size>
<stack-size id="438">29.4953</stack-size>
<stack-size id="441">28.8644</stack-size>
<stack-size id="444">29.3375</stack-size>
<stack-size id="447">29.1798</stack-size>
<stack-size id="450">29.3375</stack-size>
<stack-size id="453">29.3375</stack-size>
<stack-size id="456">29.1798</stack-size>
<stack-size id="459">29.0221</stack-size>
<stack-size id="462">28.3912</stack-size>
<stack-size id="465">28.8644</stack-size>
<stack-size id="468">29.1798</stack-size>
<stack-size id="471">29.0221</stack-size>
<stack-size id="474">29.1798</stack-size>
<stack-size id="477">29.0221</stack-size>
<stack-size id="480">29.3375</stack-size>
<stack-size id="483">29.1798</stack-size>
<stack-size id="486">29.653</stack-size>
<stack-size id="489">29.4953</stack-size>
<stack-size id="492">29.1798</stack-size>
<stack-size id="495">29.653</stack-size>
<stack-size id="498">29.0221</stack-size>
<stack-size id="501">29.4953</stack-size>
<stack-size id="504">29.4953</stack-size>
<stack-size id="507">28.7066</stack-size>
<stack-size id="510">28.7066</stack-size>
<stack-size id="513">29.1798</stack-size>
<stack-size id="516">27.7603</stack-size>
<stack-size id="519">27.2871</stack-size>
<stack-size id="522">27.7603</stack-size>
<stack-size id="525">26.3407</stack-size>
<stack-size id="528">26.0252</stack-size>
<stack-size id="531">26.183</stack-size>
<stack-size id="534">26.183</stack-size>
<stack-size id="537">26.0252</stack-size>
<stack-size id="540">26.183</stack-size>
<stack-size id="543">26.3407</stack-size>
<stack-size id="546">26.3407</stack-size>
<stack-size id="549">26.0252</stack-size>
<stack-size id="552">25.7098</stack-size>
<stack-size id="555">26.183</stack-size>
<stack-size id="558">25.8675</stack-size>
<stack-size id="561">25.7098</stack-size>
<stack-size id="564">26.183</stack-size>
<stack-size id="567">26.0252</stack-size>
<stack-size id="570">21.1356</stack-size>
<stack-size id="573">20.6625</stack-size>
<stack-size id="576">16.2461</stack-size>
<stack-size id="579">16.2461</stack-size>
<stack-size id="582">12.9338</stack-size>
<stack-size id="585">13.0915</stack-size>
<stack-size id="588">13.5647</stack-size>
<stack-size id="591">12.9338</stack-size>
<stack-size id="594">13.0915</stack-size>
<stack-size id="597">13.0915</stack-size>
<stack-size id="600">12.3028</stack-size>
<stack-size id="603">8.51735</stack-size>
<stack-size id="606">8.35962</stack-size>
<stack-size id="609">7.09779</stack-size>
<stack-size id="612">7.09779</stack-size>
<stack-size id="615">7.57098</stack-size>
<stack-size id="618">7.09779</stack-size>
<stack-size id="621">5.5205</stack-size>
<stack-size id="624">5.5205</stack-size>
<stack-size id="627">5.20505</stack-size>
<stack-size id="630">3.47003</stack-size>
<stack-size id="633">2.99685</stack-size>
<max-stack>195</max-stack>
<front-edges>633</front-edges>
<back-edges>215</back-edges>
<cross-edges>547</cross-edges>
<shortest-cycle>1</shortest-cycle>
</dfs-info>
<rw-info>
<coverage step="60">6.62461</coverage>
<coverage step="120">12.1451</coverage>
<coverage step="180">17.9811</coverage>
<coverage step="240">20.1893</coverage>
<coverage step="300">21.6088</coverage>
<coverage step="360">24.7634</coverage>
<coverage step="420">26.0252</coverage>
<coverage step="480">29.653</coverage>
<coverage step="540">31.0726</coverage>
<coverage step="600">33.5962</coverage>
<coverage step="660">35.489</coverage>
<coverage step="720">36.1199</coverage>
<coverage step="780">36.2776</coverage>
<coverage step="840">36.4353</coverage>
<coverage step="900">39.1167</coverage>
<coverage step="960">41.1672</coverage>
<coverage step="1020">43.5331</coverage>
<coverage step="1080">44.4795</coverage>
<coverage step="1140">45.8991</coverage>
<coverage step="1200">47.1609</coverage>
<coverage step="1260">49.5268</coverage>
<coverage step="1320">50.7886</coverage>
<coverage step="1380">52.0505</coverage>
<coverage step="1440">52.2082</coverage>
<coverage step="1500">52.9968</coverage>
<coverage step="1560">54.1009</coverage>
<coverage step="1620">55.0473</coverage>
<coverage step="1680">55.5205</coverage>
<coverage step="1740">56.4669</coverage>
<coverage step="1800">56.7823</coverage>
<coverage step="1860">57.571</coverage>
<coverage step="1920">57.571</coverage>
<coverage step="1980">58.5174</coverage>
<coverage step="2040">59.9369</coverage>
<coverage step="2100">60.0946</coverage>
<coverage step="2160">60.8833</coverage>
<coverage step="2220">61.041</coverage>
<coverage step="2280">61.5142</coverage>
<coverage step="2340">62.1451</coverage>
<coverage step="2400">62.6183</coverage>
<coverage step="2460">63.2492</coverage>
<coverage step="2520">63.2492</coverage>
<coverage step="2580">63.2492</coverage>
<coverage step="2640">63.7224</coverage>
<coverage step="2700">63.8801</coverage>
<coverage step="2760">63.8801</coverage>
<coverage step="2820">64.8265</coverage>
<coverage step="2880">65.142</coverage>
<coverage step="2940">65.6151</coverage>
<coverage step="3000">65.7729</coverage>
<coverage step="3060">65.7729</coverage>
<coverage step="3120">65.7729</coverage>
<coverage step="3180">66.4038</coverage>
<coverage step="3240">66.5615</coverage>
<coverage step="3300">67.1924</coverage>
<coverage step="3360">67.1924</coverage>
<coverage step="3420">67.9811</coverage>
<coverage step="3480">68.4543</coverage>
<coverage step="3540">68.612</coverage>
<coverage step="3600">68.612</coverage>
<coverage step="3660">68.7697</coverage>
<coverage step="3720">68.9274</coverage>
<coverage step="3780">68.9274</coverage>
<coverage step="3840">69.7161</coverage>
<coverage step="3900">70.347</coverage>
<coverage step="3960">70.347</coverage>
<coverage step="4020">70.347</coverage>
<coverage step="4080">70.6625</coverage>
<coverage step="4140">70.6625</coverage>
<coverage step="4200">70.9779</coverage>
<coverage step="4260">70.9779</coverage>
<coverage step="4320">71.4511</coverage>
<coverage step="4380">71.7666</coverage>
<coverage step="4440">71.7666</coverage>
<coverage step="4500">72.082</coverage>
<coverage step="4560">72.8707</coverage>
<coverage step="4620">72.8707</coverage>
<coverage step="4680">72.8707</coverage>
<coverage step="4740">72.8707</coverage>
<coverage step="4800">72.8707</coverage>
<coverage step="4860">73.5016</coverage>
<coverage step="4920">73.6593</coverage>
<coverage step="4980">74.4479</coverage>
<coverage step="5040">74.6057</coverage>
<coverage step="5100">74.7634</coverage>
<coverage step="5160">74.7634</coverage>
<coverage step="5220">74.7634</coverage>
<coverage step="5280">74.9211</coverage>
<coverage step="5340">75.2366</coverage>
<coverage step="5400">75.7098</coverage>
<coverage step="5460">75.7098</coverage>
<coverage step="5520">76.3407</coverage>
<coverage step="5580">77.1293</coverage>
<coverage step="5640">77.2871</coverage>
<coverage step="5700">78.0757</coverage>
<coverage step="5760">79.1798</coverage>
<coverage step="5820">79.1798</coverage>
<coverage step="5880">79.1798</coverage>
<coverage step="5940">79.1798</coverage>
<coverage step="6000">79.3375</coverage>
<coverage step="6060">79.3375</coverage>
<coverage step="6120">79.3375</coverage>
<coverage step="6180">79.3375</coverage>
<coverage step="6240">79.3375</coverage>
<coverage step="6300">79.3375</coverage>
<rw-visits order="1">524</rw-visits>
<rw-visits order="3">246</rw-visits>
<rw-visits order="5">222</rw-visits>
<rw-visits order="7">210</rw-visits>
<rw-visits order="9">130</rw-visits>
<rw-visits order="11">106</rw-visits>
<rw-visits order="13">89</rw-visits>
<rw-visits order="15">76</rw-visits>
<rw-visits order="17">67</rw-visits>
<rw-visits order="19">65</rw-visits>
<rw-visits order="21">57</rw-visits>
<rw-visits order="23">54</rw-visits>
<rw-visits order="25">49</rw-visits>
<rw-visits order="27">41</rw-visits>
<rw-visits order="29">35</rw-visits>
<rw-visits order="31">31</rw-visits>
<rw-visits order="33">27</rw-visits>
<rw-visits order="35">24</rw-visits>
<rw-visits order="37">24</rw-visits>
<rw-visits order="39">23</rw-visits>
<rw-visits order="41">23</rw-visits>
<rw-visits order="43">22</rw-visits>
<rw-visits order="45">22</rw-visits>
<rw-visits order="47">22</rw-visits>
<rw-visits order="49">22</rw-visits>
<rw-visits order="51">21</rw-visits>
<rw-visits order="53">21</rw-visits>
<rw-visits order="55">20</rw-visits>
<rw-visits order="57">20</rw-visits>
<rw-visits order="59">19</rw-visits>
<rw-visits order="61">19</rw-visits>
<rw-visits order="63">19</rw-visits>
<rw-visits order="65">18</rw-visits>
<rw-visits order="67">18</rw-visits>
<rw-visits order="69">18</rw-visits>
<rw-visits order="71">18</rw-visits>
<rw-visits order="73">18</rw-visits>
<rw-visits order="75">18</rw-visits>
<rw-visits order="77">16</rw-visits>
<rw-visits order="79">16</rw-visits>
<rw-visits order="81">15</rw-visits>
<rw-visits order="83">15</rw-visits>
<rw-visits order="85">15</rw-visits>
<rw-visits order="87">14</rw-visits>
<rw-visits order="89">14</rw-visits>
<rw-visits order="91">14</rw-visits>
<rw-visits order="93">13</rw-visits>
<rw-visits order="95">13</rw-visits>
<rw-visits order="97">13</rw-visits>
<rw-visits order="99">13</rw-visits>
<rw-visits order="101">13</rw-visits>
<rw-visits order="103">13</rw-visits>
<rw-visits order="105">13</rw-visits>
<rw-visits order="107">12</rw-visits>
<rw-visits order="109">12</rw-visits>
<rw-visits order="111">12</rw-visits>
<rw-visits order="113">12</rw-visits>
<rw-visits order="115">12</rw-visits>
<rw-visits order="117">11</rw-visits>
<rw-visits order="119">11</rw-visits>
<rw-visits order="121">11</rw-visits>
<rw-visits order="123">10</rw-visits>
<rw-visits order="125">10</rw-visits>
<rw-visits order="127">10</rw-visits>
<rw-visits order="129">9</rw-visits>
<rw-visits order="131">9</rw-visits>
<rw-visits order="133">9</rw-visits>
<rw-visits order="135">9</rw-visits>
<rw-visits order="137">8</rw-visits>
<rw-visits order="139">8</rw-visits>
<rw-visits order="141">8</rw-visits>
<rw-visits order="143">8</rw-visits>
<rw-visits order="145">7</rw-visits>
<rw-visits order="147">7</rw-visits>
<rw-visits order="149">7</rw-visits>
<rw-visits order="151">7</rw-visits>
<rw-visits order="153">7</rw-visits>
<rw-visits order="155">7</rw-visits>
<rw-visits order="157">7</rw-visits>
<rw-visits order="159">7</rw-visits>
<rw-visits order="161">7</rw-visits>
<rw-visits order="163">7</rw-visits>
<rw-visits order="165">6</rw-visits>
<rw-visits order="167">6</rw-visits>
<rw-visits order="169">6</rw-visits>
<rw-visits order="171">6</rw-visits>
<rw-visits order="173">6</rw-visits>
<rw-visits order="175">6</rw-visits>
<rw-visits order="177">6</rw-visits>
<rw-visits order="179">6</rw-visits>
<rw-visits order="181">6</rw-visits>
<rw-visits order="183">6</rw-visits>
<rw-visits order="185">6</rw-visits>
<rw-visits order="187">6</rw-visits>
<rw-visits order="189">6</rw-visits>
<rw-visits order="191">6</rw-visits>
<rw-visits order="193">5</rw-visits>
<rw-visits order="195">5</rw-visits>
<rw-visits order="197">5</rw-visits>
<rw-visits order="199">5</rw-visits>
<rw-visits order="201">5</rw-visits>
<rw-visits order="203">5</rw-visits>
<rw-visits order="205">5</rw-visits>
<rw-visits order="207">5</rw-visits>
<rw-visits order="209">5</rw-visits>
<rw-visits order="211">5</rw-visits>
<rw-visits order="213">5</rw-visits>
<rw-visits order="215">5</rw-visits>
<rw-visits order="217">5</rw-visits>
<rw-visits order="219">5</rw-visits>
<rw-visits order="221">5</rw-visits>
<rw-visits order="223">5</rw-visits>
<rw-visits order="225">5</rw-visits>
<rw-visits order="227">5</rw-visits>
<rw-visits order="229">4</rw-visits>
<rw-visits order="231">4</rw-visits>
<rw-visits order="233">4</rw-visits>
<rw-visits order="235">4</rw-visits>
<rw-visits order="237">4</rw-visits>
<rw-visits order="239">4</rw-visits>
<rw-visits order="241">4</rw-visits>
<rw-visits order="243">4</rw-visits>
<rw-visits order="245">4</rw-visits>
<rw-visits order="247">4</rw-visits>
<rw-visits order="249">4</rw-visits>
<rw-visits order="251">4</rw-visits>
<rw-visits order="253">4</rw-visits>
<rw-visits order="255">4</rw-visits>
<rw-visits order="257">4</rw-visits>
<rw-visits order="259">4</rw-visits>
<rw-visits order="261">3</rw-visits>
<rw-visits order="263">3</rw-visits>
<rw-visits order="265">3</rw-visits>
<rw-visits order="267">3</rw-visits>
<rw-visits order="269">3</rw-visits>
<rw-visits order="271">3</rw-visits>
<rw-visits order="273">3</rw-visits>
<rw-visits order="275">3</rw-visits>
<rw-visits order="277">3</rw-visits>
<rw-visits order="279">3</rw-visits>
<rw-visits order="281">3</rw-visits>
<rw-visits order="283">3</rw-visits>
<rw-visits order="285">3</rw-visits>
<rw-visits order="287">3</rw-visits>
<rw-visits order="289">3</rw-visits>
<rw-visits order="291">3</rw-visits>
<rw-visits order="293">3</rw-visits>
<rw-visits order="295">3</rw-visits>
<rw-visits order="297">3</rw-visits>
<rw-visits order="299">3</rw-visits>
<rw-visits order="301">3</rw-visits>
<rw-visits order="303">3</rw-visits>
<rw-visits order="305">3</rw-visits>
<rw-visits order="307">3</rw-visits>
<rw-visits order="309">3</rw-visits>
<rw-visits order="311">3</rw-visits>
<rw-visits order="313">3</rw-visits>
<rw-visits order="315">3</rw-visits>
<rw-visits order="317">3</rw-visits>
<rw-visits order="319">2</rw-visits>
<rw-visits order="321">2</rw-visits>
<rw-visits order="323">2</rw-visits>
<rw-visits order="325">2</rw-visits>
<rw-visits order="327">2</rw-visits>
<rw-visits order="329">2</rw-visits>
<rw-visits order="331">2</rw-visits>
<rw-visits order="333">2</rw-visits>
<rw-visits order="335">2</rw-visits>
<rw-visits order="337">2</rw-visits>
<rw-visits order="339">2</rw-visits>
<rw-visits order="341">2</rw-visits>
<rw-visits order="343">2</rw-visits>
<rw-visits order="345">2</rw-visits>
<rw-visits order="347">2</rw-visits>
<rw-visits order="349">2</rw-visits>
<rw-visits order="351">2</rw-visits>
<rw-visits order="353">2</rw-visits>
<rw-visits order="355">2</rw-visits>
<rw-visits order="357">2</rw-visits>
<rw-visits order="359">2</rw-visits>
<rw-visits order="361">2</rw-visits>
<rw-visits order="363">2</rw-visits>
<rw-visits order="365">2</rw-visits>
<rw-visits order="367">2</rw-visits>
<rw-visits order="369">2</rw-visits>
<rw-visits order="371">2</rw-visits>
<rw-visits order="373">2</rw-visits>
<rw-visits order="375">2</rw-visits>
<rw-visits order="377">2</rw-visits>
<rw-visits order="379">2</rw-visits>
<rw-visits order="381">2</rw-visits>
<rw-visits order="383">2</rw-visits>
<rw-visits order="385">1</rw-visits>
<rw-visits order="387">1</rw-visits>
<rw-visits order="389">1</rw-visits>
<rw-visits order="391">1</rw-visits>
<rw-visits order="393">1</rw-visits>
<rw-visits order="395">1</rw-visits>
<rw-visits order="397">1</rw-visits>
<rw-visits order="399">1</rw-visits>
<rw-visits order="401">1</rw-visits>
<rw-visits order="403">1</rw-visits>
<rw-visits order="405">1</rw-visits>
<rw-visits order="407">1</rw-visits>
<rw-visits order="409">1</rw-visits>
<rw-visits order="411">1</rw-visits>
<rw-visits order="413">1</rw-visits>
<rw-visits order="415">1</rw-visits>
<rw-visits order="417">1</rw-visits>
<rw-visits order="419">1</rw-visits>
<rw-visits order="421">1</rw-visits>
<rw-visits order="423">1</rw-visits>
<rw-visits order="425">1</rw-visits>
<rw-visits order="427">1</rw-visits>
<rw-visits order="429">1</rw-visits>
<rw-visits order="431">1</rw-visits>
<rw-visits order="433">1</rw-visits>
<rw-visits order="435">1</rw-visits>
<rw-visits order="437">1</rw-visits>
<rw-visits order="439">1</rw-visits>
<rw-visits order="441">1</rw-visits>
<rw-visits order="443">1</rw-visits>
<rw-visits order="445">1</rw-visits>
<rw-visits order="447">1</rw-visits>
<rw-visits order="449">1</rw-visits>
<rw-visits order="451">1</rw-visits>
<rw-visits order="453">1</rw-visits>
<rw-visits order="455">1</rw-visits>
<rw-visits order="457">1</rw-visits>
<rw-visits order="459">1</rw-visits>
<rw-visits order="461">1</rw-visits>
<rw-visits order="463">1</rw-visits>
<rw-visits order="465">1</rw-visits>
<rw-visits order="467">1</rw-visits>
<rw-visits order="469">1</rw-visits>
<rw-visits order="471">1</rw-visits>
<rw-visits order="473">1</rw-visits>
<rw-visits order="475">1</rw-visits>
<rw-visits order="477">1</rw-visits>
<rw-visits order="479">1</rw-visits>
<rw-visits order="481">1</rw-visits>
<rw-visits order="483">1</rw-visits>
<rw-visits order="485">1</rw-visits>
<rw-visits order="487">1</rw-visits>
<rw-visits order="489">1</rw-visits>
<rw-visits order="491">1</rw-visits>
<rw-visits order="493">1</rw-visits>
<rw-visits order="495">1</rw-visits>
<rw-visits order="497">1</rw-visits>
<rw-visits order="499">1</rw-visits>
<rw-visits order="501">1</rw-visits>
<final-coverage>79.3375</final-coverage>
</rw-info>
<local-info>
<diamonds>48.8959</diamonds>
<neighborhood k="4">20</neighborhood>
<clustering k="4">1.34356</clustering>
</local-info>
<label-info>
<edge-label id="0.0">312</edge-label>
<edge-label id="1.0">32</edge-label>
<edge-label id="1.1">156</edge-label>
<edge-label id="1.2">67</edge-label>
<edge-label id="1.3">9</edge-label>
<edge-label id="1.4">88</edge-label>
<edge-label id="1.5">9</edge-label>
<edge-label id="2.0">32</edge-label>
<edge-label id="2.1">156</edge-label>
<edge-label id="2.2">67</edge-label>
<edge-label id="2.3">9</edge-label>
<edge-label id="2.4">88</edge-label>
<edge-label id="2.5">9</edge-label>
<edge-label id="3.0">32</edge-label>
<edge-label id="3.1">156</edge-label>
<edge-label id="3.2">67</edge-label>
<edge-label id="3.3">9</edge-label>
<edge-label id="3.4">88</edge-label>
<edge-label id="3.5">9</edge-label>
<state-labels procid="0">
<label id="[0,{0|0|0}]">1</label>
<label id="[0,{0|0|1}]">1</label>
<label id="[0,{0|0|255}]">3</label>
<label id="[0,{0|0|2}]">2</label>
<label id="[0,{0|1|0}]">1</label>
<label id="[0,{0|1|1}]">1</label>
<label id="[0,{0|1|255}]">2</label>
<label id="[0,{0|1|2}]">1</label>
<label id="[0,{0|255|0}]">3</label>
<label id="[0,{0|255|1}]">2</label>
<label id="[0,{0|255|255}]">7</label>
<label id="[0,{0|255|2}]">4</label>
<label id="[0,{0|2|0}]">2</label>
<label id="[0,{0|2|1}]">1</label>
<label id="[0,{0|2|255}]">4</label>
<label id="[0,{0|2|2}]">2</label>
<label id="[0,{1|0|0}]">1</label>
<label id="[0,{1|0|1}]">1</label>
<label id="[0,{1|0|255}]">2</label>
<label id="[0,{1|0|2}]">1</label>
<label id="[0,{1|1|0}]">1</label>
<label id="[0,{1|1|1}]">1</label>
<label id="[0,{1|1|255}]">2</label>
<label id="[0,{1|1|2}]">1</label>
<label id="[0,{1|255|0}]">2</label>
<label id="[0,{1|255|1}]">2</label>
<label id="[0,{1|255|255}]">4</label>
<label id="[0,{1|255|2}]">2</label>
<label id="[0,{1|2|0}]">1</label>
<label id="[0,{1|2|1}]">1</label>
<label id="[0,{1|2|255}]">2</label>
<label id="[0,{1|2|2}]">1</label>
<label id="[0,{255|0|0}]">3</label>
<label id="[0,{255|0|1}]">2</label>
<label id="[0,{255|0|255}]">7</label>
<label id="[0,{255|0|2}]">4</label>
<label id="[0,{255|1|0}]">2</label>
<label id="[0,{255|1|1}]">2</label>
<label id="[0,{255|1|255}]">4</label>
<label id="[0,{255|1|2}]">2</label>
<label id="[0,{255|255|0}]">7</label>
<label id="[0,{255|255|1}]">4</label>
<label id="[0,{255|255|255}]">7</label>
<label id="[0,{255|255|2}]">4</label>
<label id="[0,{255|2|0}]">4</label>
<label id="[0,{255|2|1}]">2</label>
<label id="[0,{255|2|255}]">4</label>
<label id="[0,{255|2|2}]">2</label>
<label id="[0,{2|0|0}]">2</label>
<label id="[0,{2|0|1}]">1</label>
<label id="[0,{2|0|255}]">4</label>
<label id="[0,{2|0|2}]">2</label>
<label id="[0,{2|1|0}]">1</label>
<label id="[0,{2|1|1}]">1</label>
<label id="[0,{2|1|255}]">2</label>
<label id="[0,{2|1|2}]">1</label>
<label id="[0,{2|255|0}]">4</label>
<label id="[0,{2|255|1}]">2</label>
<label id="[0,{2|255|255}]">4</label>
<label id="[0,{2|255|2}]">2</label>
<label id="[0,{2|2|0}]">2</label>
<label id="[0,{2|2|1}]">1</label>
<label id="[0,{2|2|255}]">2</label>
<label id="[0,{2|2|2}]">1</label>
<label id="[1,{0|0|0}]">1</label>
<label id="[1,{0|0|255}]">2</label>
<label id="[1,{0|255|0}]">2</label>
<label id="[1,{0|255|255}]">4</label>
<label id="[1,{1|0|0}]">2</label>
<label id="[1,{1|0|1}]">2</label>
<label id="[1,{1|0|255}]">4</label>
<label id="[1,{1|1|0}]">2</label>
<label id="[1,{1|1|1}]">1</label>
<label id="[1,{1|1|255}]">2</label>
<label id="[1,{1|255|0}]">4</label>
<label id="[1,{1|255|1}]">2</label>
<label id="[1,{1|255|255}]">4</label>
<label id="[1,{255|0|0}]">2</label>
<label id="[1,{255|0|255}]">4</label>
<label id="[1,{255|255|0}]">4</label>
<label id="[1,{255|255|255}]">8</label>
<label id="[1,{2|0|0}]">2</label>
<label id="[1,{2|0|1}]">3</label>
<label id="[1,{2|0|255}]">4</label>
<label id="[1,{2|0|2}]">2</label>
<label id="[1,{2|1|0}]">3</label>
<label id="[1,{2|1|1}]">2</label>
<label id="[1,{2|1|255}]">4</label>
<label id="[1,{2|1|2}]">2</label>
<label id="[1,{2|255|0}]">4</label>
<label id="[1,{2|255|1}]">4</label>
<label id="[1,{2|255|255}]">4</label>
<label id="[1,{2|255|2}]">2</label>
<label id="[1,{2|2|0}]">2</label>
<label id="[1,{2|2|1}]">2</label>
<label id="[1,{2|2|255}]">2</label>
<label id="[1,{2|2|2}]">1</label>
<label id="[1,{3|0|0}]">2</label>
<label id="[1,{3|0|1}]">2</label>
<label id="[1,{3|0|255}]">4</label>
<label id="[1,{3|0|2}]">3</label>
<label id="[1,{3|0|3}]">2</label>
<label id="[1,{3|1|0}]">2</label>
<label id="[1,{3|1|1}]">2</label>
<label id="[1,{3|1|255}]">4</label>
<label id="[1,{3|1|2}]">3</label>
<label id="[1,{3|1|3}]">2</label>
<label id="[1,{3|255|0}]">4</label>
<label id="[1,{3|255|1}]">4</label>
<label id="[1,{3|255|255}]">4</label>
<label id="[1,{3|255|2}]">4</label>
<label id="[1,{3|255|3}]">2</label>
<label id="[1,{3|2|0}]">3</label>
<label id="[1,{3|2|1}]">3</label>
<label id="[1,{3|2|255}]">4</label>
<label id="[1,{3|2|2}]">2</label>
<label id="[1,{3|2|3}]">2</label>
<label id="[1,{3|3|0}]">2</label>
<label id="[1,{3|3|1}]">2</label>
<label id="[1,{3|3|255}]">2</label>
<label id="[1,{3|3|2}]">2</label>
<label id="[1,{3|3|3}]">1</label>
<label id="[2,{0|0|0}]">1</label>
<label id="[2,{0|0|255}]">2</label>
<label id="[2,{0|1|0}]">2</label>
<label id="[2,{0|1|1}]">2</label>
<label id="[2,{0|1|255}]">4</label>
<label id="[2,{0|255|0}]">2</label>
<label id="[2,{0|255|255}]">4</label>
<label id="[2,{0|2|0}]">2</label>
<label id="[2,{0|2|1}]">3</label>
<label id="[2,{0|2|255}]">4</label>
<label id="[2,{0|2|2}]">2</label>
<label id="[2,{0|3|0}]">2</label>
<label id="[2,{0|3|1}]">2</label>
<label id="[2,{0|3|255}]">4</label>
<label id="[2,{0|3|2}]">3</label>
<label id="[2,{0|3|3}]">2</label>
<label id="[2,{1|1|0}]">2</label>
<label id="[2,{1|1|1}]">1</label>
<label id="[2,{1|1|255}]">2</label>
<label id="[2,{1|2|0}]">3</label>
<label id="[2,{1|2|1}]">2</label>
<label id="[2,{1|2|255}]">4</label>
<label id="[2,{1|2|2}]">2</label>
<label id="[2,{1|3|0}]">2</label>
<label id="[2,{1|3|1}]">2</label>
<label id="[2,{1|3|255}]">4</label>
<label id="[2,{1|3|2}]">3</label>
<label id="[2,{1|3|3}]">2</label>
<label id="[2,{255|0|0}]">2</label>
<label id="[2,{255|0|255}]">4</label>
<label id="[2,{255|1|0}]">4</label>
<label id="[2,{255|1|1}]">2</label>
<label id="[2,{255|1|255}]">4</label>
<label id="[2,{255|255|0}]">4</label>
<label id="[2,{255|255|255}]">8</label>
<label id="[2,{255|2|0}]">4</label>
<label id="[2,{255|2|1}]">4</label>
<label id="[2,{255|2|255}]">4</label>
<label id="[2,{255|2|2}]">2</label>
<label id="[2,{255|3|0}]">4</label>
<label id="[2,{255|3|1}]">4</label>
<label id="[2,{255|3|255}]">4</label>
<label id="[2,{255|3|2}]">4</label>
<label id="[2,{255|3|3}]">2</label>
<label id="[2,{2|2|0}]">2</label>
<label id="[2,{2|2|1}]">2</label>
<label id="[2,{2|2|255}]">2</label>
<label id="[2,{2|2|2}]">1</label>
<label id="[2,{2|3|0}]">3</label>
<label id="[2,{2|3|1}]">3</label>
<label id="[2,{2|3|255}]">4</label>
<label id="[2,{2|3|2}]">2</label>
<label id="[2,{2|3|3}]">2</label>
<label id="[2,{3|3|0}]">2</label>
<label id="[2,{3|3|1}]">2</label>
<label id="[2,{3|3|255}]">2</label>
<label id="[2,{3|3|2}]">2</label>
<label id="[2,{3|3|3}]">1</label>
<label id="[3,{0|0|0}]">1</label>
<label id="[3,{0|0|1}]">2</label>
<label id="[3,{0|0|255}]">2</label>
<label id="[3,{0|0|2}]">2</label>
<label id="[3,{0|0|3}]">2</label>
<label id="[3,{0|1|1}]">2</label>
<label id="[3,{0|1|2}]">3</label>
<label id="[3,{0|1|3}]">2</label>
<label id="[3,{0|255|0}]">2</label>
<label id="[3,{0|255|1}]">4</label>
<label id="[3,{0|255|255}]">4</label>
<label id="[3,{0|255|2}]">4</label>
<label id="[3,{0|255|3}]">4</label>
<label id="[3,{0|2|2}]">2</label>
<label id="[3,{0|2|3}]">3</label>
<label id="[3,{0|3|3}]">2</label>
<label id="[3,{1|0|1}]">2</label>
<label id="[3,{1|0|2}]">3</label>
<label id="[3,{1|0|3}]">2</label>
<label id="[3,{1|1|1}]">1</label>
<label id="[3,{1|1|2}]">2</label>
<label id="[3,{1|1|3}]">2</label>
<label id="[3,{1|255|1}]">2</label>
<label id="[3,{1|255|2}]">4</label>
<label id="[3,{1|255|3}]">4</label>
<label id="[3,{1|2|2}]">2</label>
<label id="[3,{1|2|3}]">3</label>
<label id="[3,{1|3|3}]">2</label>
<label id="[3,{255|0|0}]">2</label>
<label id="[3,{255|0|1}]">4</label>
<label id="[3,{255|0|255}]">4</label>
<label id="[3,{255|0|2}]">4</label>
<label id="[3,{255|0|3}]">4</label>
<label id="[3,{255|1|1}]">2</label>
<label id="[3,{255|1|2}]">4</label>
<label id="[3,{255|1|3}]">4</label>
<label id="[3,{255|255|0}]">4</label>
<label id="[3,{255|255|1}]">4</label>
<label id="[3,{255|255|255}]">8</label>
<label id="[3,{255|255|2}]">4</label>
<label id="[3,{255|255|3}]">4</label>
<label id="[3,{255|2|2}]">2</label>
<label id="[3,{255|2|3}]">4</label>
<label id="[3,{255|3|3}]">2</label>
<label id="[3,{2|0|2}]">2</label>
<label id="[3,{2|0|3}]">3</label>
<label id="[3,{2|1|2}]">2</label>
<label id="[3,{2|1|3}]">3</label>
<label id="[3,{2|255|2}]">2</label>
<label id="[3,{2|255|3}]">4</label>
<label id="[3,{2|2|2}]">1</label>
<label id="[3,{2|2|3}]">2</label>
<label id="[3,{2|3|3}]">2</label>
<label id="[3,{3|0|3}]">2</label>
<label id="[3,{3|1|3}]">2</label>
<label id="[3,{3|255|3}]">2</label>
<label id="[3,{3|2|3}]">2</label>
<label id="[3,{3|3|3}]">1</label>
</state-labels><state-labels procid="1">
<label id="[0]">634</label>
</state-labels><state-labels procid="2">
<label id="[0]">92</label>
<label id="[1]">156</label>
<label id="[2]">377</label>
<label id="[3]">9</label>
</state-labels><state-labels procid="3">
<label id="[0]">92</label>
<label id="[1]">156</label>
<label id="[2]">377</label>
<label id="[3]">9</label>
</state-labels><state-labels procid="4">
<label id="[0]">92</label>
<label id="[1]">156</label>
<label id="[2]">377</label>
<label id="[3]">9</label>
</state-labels></label-info>
</state-space-info>
