<?xml version="1.0"?>
<!DOCTYPE state-space-info SYSTEM "../../state_space_info.dtd">


<state-space-info>
<states>503</states>
<edges>4481</edges>
<bfs-info>
 <levels>13</levels>
<max-level>85</max-level>

<back-level-edges>3728</back-level-edges>
<max-back-level-edge>10</max-back-level-edge>
<avg-back-level-edge>2.52843</avg-back-level-edge>
<bfs-levels>
<level id="0"><states>1</states><edges>3</edges></level>
<level id="1"><states>3</states><edges>20</edges></level>
<level id="2"><states>9</states><edges>65</edges></level>
<level id="3"><states>18</states><edges>142</edges></level>
<level id="4"><states>32</states><edges>272</edges></level>
<level id="5"><states>49</states><edges>419</edges></level>
<level id="6"><states>67</states><edges>599</edges></level>
<level id="7"><states>84</states><edges>761</edges></level>
<level id="8"><states>85</states><edges>785</edges></level>
<level id="9"><states>82</states><edges>750</edges></level>
<level id="10"><states>57</states><edges>518</edges></level>
<level id="11"><states>15</states><edges>138</edges></level>
<level id="12"><states>1</states><edges>9</edges></level>
</bfs-levels>
<back-level-length id="0">11.2393</back-level-length>
<back-level-length id="1">30.0161</back-level-length>
<back-level-length id="2">13.412</back-level-length>
<back-level-length id="3">15.5311</back-level-length>
<back-level-length id="4">12.3659</back-level-length>
<back-level-length id="5">9.38841</back-level-length>
<back-level-length id="6">5.12339</back-level-length>
<back-level-length id="7">1.55579</back-level-length>
<back-level-length id="8">1.04614</back-level-length>
<back-level-length id="9">0.214592</back-level-length>
<back-level-length id="10">0.107296</back-level-length>
</bfs-info>
<degrees>
<avg>8.90855</avg>
<max-in>68</max-in>
<max-out>13</max-out>
<degree id="0"><in>0</in><out>0</out></degree>
<degree id="1"><in>0</in><out>0</out></degree>
<degree id="2"><in>0</in><out>0</out></degree>
<degree id="3"><in>392</in><out>1</out></degree>
<degree id="4"><in>0</in><out>1</out></degree>
<degree id="5"><in>0</in><out>2</out></degree>
<degree id="6"><in>0</in><out>14</out></degree>
<degree id="7"><in>0</in><out>57</out></degree>
<degree id="8"><in>0</in><out>29</out></degree>
<degree id="9"><in>0</in><out>283</out></degree>
<degree id="10"><in>0</in><out>81</out></degree>
<degree id="11"><in>0</in><out>29</out></degree>
<degree id="12"><in>0</in><out>5</out></degree>
<degree id="13"><in>0</in><out>1</out></degree>
<degree id="14"><in>0</in><out>0</out></degree>
<degree id="15"><in>0</in><out>0</out></degree>
<degree id="16"><in>0</in><out>0</out></degree>
<degree id="17"><in>0</in><out>0</out></degree>
<degree id="18"><in>5</in><out>0</out></degree>
<degree id="19"><in>0</in><out>0</out></degree>
<degree id="20"><in>7</in><out>0</out></degree>
<degree id="21"><in>0</in><out>0</out></degree>
<degree id="22"><in>4</in><out>0</out></degree>
<degree id="23"><in>0</in><out>0</out></degree>
<degree id="24"><in>5</in><out>0</out></degree>
<degree id="25"><in>1</in><out>0</out></degree>
<degree id="26"><in>12</in><out>0</out></degree>
<degree id="27"><in>7</in><out>0</out></degree>
<degree id="28"><in>12</in><out>0</out></degree>
<degree id="29"><in>11</in><out>0</out></degree>
<degree id="30"><in>14</in><out>0</out></degree>
<degree id="31"><in>15</in><out>0</out></degree>
<degree id="32"><in>7</in><out>0</out></degree>
<degree id="33"><in>2</in><out>0</out></degree>
<degree id="34"><in>0</in><out>0</out></degree>
<degree id="35"><in>0</in><out>0</out></degree>
<degree id="36"><in>0</in><out>0</out></degree>
<degree id="37"><in>0</in><out>0</out></degree>
<degree id="38"><in>0</in><out>0</out></degree>
<degree id="39"><in>0</in><out>0</out></degree>
<degree id="40"><in>0</in><out>0</out></degree>
<degree id="41"><in>0</in><out>0</out></degree>
<degree id="42"><in>0</in><out>0</out></degree>
<degree id="43"><in>0</in><out>0</out></degree>
<degree id="44"><in>0</in><out>0</out></degree>
<degree id="45"><in>0</in><out>0</out></degree>
<degree id="46"><in>0</in><out>0</out></degree>
<degree id="47"><in>0</in><out>0</out></degree>
<degree id="48"><in>0</in><out>0</out></degree>
<degree id="49"><in>1</in><out>0</out></degree>
<degree id="50"><in>1</in><out>0</out></degree>
<degree id="51"><in>0</in><out>0</out></degree>
<degree id="52"><in>1</in><out>0</out></degree>
<degree id="53"><in>0</in><out>0</out></degree>
<degree id="54"><in>0</in><out>0</out></degree>
<degree id="55"><in>0</in><out>0</out></degree>
<degree id="56"><in>2</in><out>0</out></degree>
<degree id="57"><in>0</in><out>0</out></degree>
<degree id="58"><in>1</in><out>0</out></degree>
<degree id="59"><in>0</in><out>0</out></degree>
<degree id="60"><in>0</in><out>0</out></degree>
<degree id="61"><in>2</in><out>0</out></degree>
<degree id="62"><in>0</in><out>0</out></degree>
<degree id="63"><in>0</in><out>0</out></degree>
<degree id="64"><in>0</in><out>0</out></degree>
<degree id="65"><in>0</in><out>0</out></degree>
<degree id="66"><in>0</in><out>0</out></degree>
<degree id="67"><in>0</in><out>0</out></degree>
<degree id="68"><in>1</in><out>0</out></degree>
</degrees>
<scc-info>
<count>1</count>
<height>0</height>
<nontrivial-height>0</nontrivial-height>
<trivial>0</trivial>
<terminal>1</terminal>
<largest>503</largest>
<largest-position> initial the only terminal</largest-position>
</scc-info>
<dfs-info>
<stack-size id="2">0.397614</stack-size>
<stack-size id="4">0.795229</stack-size>
<stack-size id="6">1.19284</stack-size>
<stack-size id="8">1.59046</stack-size>
<stack-size id="10">1.98807</stack-size>
<stack-size id="12">2.38569</stack-size>
<stack-size id="14">2.7833</stack-size>
<stack-size id="16">3.18091</stack-size>
<stack-size id="18">3.57853</stack-size>
<stack-size id="20">3.97614</stack-size>
<stack-size id="22">4.37376</stack-size>
<stack-size id="24">4.77137</stack-size>
<stack-size id="26">5.16899</stack-size>
<stack-size id="28">5.5666</stack-size>
<stack-size id="30">5.96421</stack-size>
<stack-size id="32">6.36183</stack-size>
<stack-size id="34">6.75944</stack-size>
<stack-size id="36">7.15706</stack-size>
<stack-size id="38">7.55467</stack-size>
<stack-size id="40">7.95229</stack-size>
<stack-size id="42">8.3499</stack-size>
<stack-size id="44">8.74751</stack-size>
<stack-size id="46">9.14513</stack-size>
<stack-size id="48">9.54274</stack-size>
<stack-size id="50">9.94036</stack-size>
<stack-size id="52">10.338</stack-size>
<stack-size id="54">10.7356</stack-size>
<stack-size id="56">11.1332</stack-size>
<stack-size id="58">11.5308</stack-size>
<stack-size id="60">11.9284</stack-size>
<stack-size id="62">12.326</stack-size>
<stack-size id="64">12.7237</stack-size>
<stack-size id="66">13.1213</stack-size>
<stack-size id="68">13.5189</stack-size>
<stack-size id="70">13.9165</stack-size>
<stack-size id="72">14.3141</stack-size>
<stack-size id="74">14.7117</stack-size>
<stack-size id="76">15.1093</stack-size>
<stack-size id="78">15.507</stack-size>
<stack-size id="80">15.9046</stack-size>
<stack-size id="82">16.3022</stack-size>
<stack-size id="84">16.6998</stack-size>
<stack-size id="86">17.0974</stack-size>
<stack-size id="88">17.0974</stack-size>
<stack-size id="90">17.495</stack-size>
<stack-size id="92">17.6938</stack-size>
<stack-size id="94">18.0915</stack-size>
<stack-size id="96">18.4891</stack-size>
<stack-size id="98">18.8867</stack-size>
<stack-size id="100">19.2843</stack-size>
<stack-size id="102">19.6819</stack-size>
<stack-size id="104">20.0795</stack-size>
<stack-size id="106">20.4771</stack-size>
<stack-size id="108">20.6759</stack-size>
<stack-size id="110">21.0736</stack-size>
<stack-size id="112">21.4712</stack-size>
<stack-size id="114">21.8688</stack-size>
<stack-size id="116">22.2664</stack-size>
<stack-size id="118">22.664</stack-size>
<stack-size id="120">23.0616</stack-size>
<stack-size id="122">23.4592</stack-size>
<stack-size id="124">23.6581</stack-size>
<stack-size id="126">24.0557</stack-size>
<stack-size id="128">24.2545</stack-size>
<stack-size id="130">24.6521</stack-size>
<stack-size id="132">25.0497</stack-size>
<stack-size id="134">25.4473</stack-size>
<stack-size id="136">25.8449</stack-size>
<stack-size id="138">26.2425</stack-size>
<stack-size id="140">26.6402</stack-size>
<stack-size id="142">27.0378</stack-size>
<stack-size id="144">27.4354</stack-size>
<stack-size id="146">27.833</stack-size>
<stack-size id="148">28.2306</stack-size>
<stack-size id="150">28.6282</stack-size>
<stack-size id="152">29.0258</stack-size>
<stack-size id="154">29.4235</stack-size>
<stack-size id="156">29.8211</stack-size>
<stack-size id="158">30.2187</stack-size>
<stack-size id="160">30.6163</stack-size>
<stack-size id="162">30.8151</stack-size>
<stack-size id="164">31.2127</stack-size>
<stack-size id="166">31.4115</stack-size>
<stack-size id="168">31.8091</stack-size>
<stack-size id="170">32.2068</stack-size>
<stack-size id="172">32.6044</stack-size>
<stack-size id="174">33.002</stack-size>
<stack-size id="176">33.3996</stack-size>
<stack-size id="178">33.7972</stack-size>
<stack-size id="180">34.1948</stack-size>
<stack-size id="182">34.5924</stack-size>
<stack-size id="184">34.9901</stack-size>
<stack-size id="186">35.3877</stack-size>
<stack-size id="188">35.7853</stack-size>
<stack-size id="190">36.1829</stack-size>
<stack-size id="192">36.5805</stack-size>
<stack-size id="194">36.9781</stack-size>
<stack-size id="196">37.3757</stack-size>
<stack-size id="198">37.7734</stack-size>
<stack-size id="200">38.171</stack-size>
<stack-size id="202">38.5686</stack-size>
<stack-size id="204">38.9662</stack-size>
<stack-size id="206">39.3638</stack-size>
<stack-size id="208">39.7614</stack-size>
<stack-size id="210">40.159</stack-size>
<stack-size id="212">40.5567</stack-size>
<stack-size id="214">40.9543</stack-size>
<stack-size id="216">41.1531</stack-size>
<stack-size id="218">41.5507</stack-size>
<stack-size id="220">41.9483</stack-size>
<stack-size id="222">42.3459</stack-size>
<stack-size id="224">42.7435</stack-size>
<stack-size id="226">43.1412</stack-size>
<stack-size id="228">43.5388</stack-size>
<stack-size id="230">43.9364</stack-size>
<stack-size id="232">44.334</stack-size>
<stack-size id="234">44.7316</stack-size>
<stack-size id="236">45.1292</stack-size>
<stack-size id="238">45.5268</stack-size>
<stack-size id="240">45.9245</stack-size>
<stack-size id="242">46.3221</stack-size>
<stack-size id="244">46.7197</stack-size>
<stack-size id="246">47.1173</stack-size>
<stack-size id="248">47.5149</stack-size>
<stack-size id="250">47.9125</stack-size>
<stack-size id="252">48.3101</stack-size>
<stack-size id="254">48.7078</stack-size>
<stack-size id="256">49.1054</stack-size>
<stack-size id="258">49.503</stack-size>
<stack-size id="260">49.9006</stack-size>
<stack-size id="262">50.2982</stack-size>
<stack-size id="264">50.6958</stack-size>
<stack-size id="266">51.0934</stack-size>
<stack-size id="268">51.4911</stack-size>
<stack-size id="270">51.6899</stack-size>
<stack-size id="272">51.6899</stack-size>
<stack-size id="274">52.0875</stack-size>
<stack-size id="276">51.8887</stack-size>
<stack-size id="278">52.2863</stack-size>
<stack-size id="280">52.6839</stack-size>
<stack-size id="282">52.8827</stack-size>
<stack-size id="284">52.0875</stack-size>
<stack-size id="286">52.4851</stack-size>
<stack-size id="288">52.8827</stack-size>
<stack-size id="290">53.2803</stack-size>
<stack-size id="292">53.6779</stack-size>
<stack-size id="294">54.0755</stack-size>
<stack-size id="296">54.4732</stack-size>
<stack-size id="298">54.8708</stack-size>
<stack-size id="300">55.0696</stack-size>
<stack-size id="302">55.4672</stack-size>
<stack-size id="304">55.8648</stack-size>
<stack-size id="306">56.2624</stack-size>
<stack-size id="308">56.66</stack-size>
<stack-size id="310">57.0577</stack-size>
<stack-size id="312">57.4553</stack-size>
<stack-size id="314">57.8529</stack-size>
<stack-size id="316">58.2505</stack-size>
<stack-size id="318">58.6481</stack-size>
<stack-size id="320">59.0457</stack-size>
<stack-size id="322">59.4433</stack-size>
<stack-size id="324">59.841</stack-size>
<stack-size id="326">60.2386</stack-size>
<stack-size id="328">60.6362</stack-size>
<stack-size id="330">61.0338</stack-size>
<stack-size id="332">61.4314</stack-size>
<stack-size id="334">61.829</stack-size>
<stack-size id="336">62.2266</stack-size>
<stack-size id="338">62.6243</stack-size>
<stack-size id="340">63.0219</stack-size>
<stack-size id="342">63.4195</stack-size>
<stack-size id="344">63.8171</stack-size>
<stack-size id="346">64.2147</stack-size>
<stack-size id="348">64.6123</stack-size>
<stack-size id="350">65.0099</stack-size>
<stack-size id="352">65.4076</stack-size>
<stack-size id="354">65.8052</stack-size>
<stack-size id="356">66.2028</stack-size>
<stack-size id="358">66.6004</stack-size>
<stack-size id="360">66.998</stack-size>
<stack-size id="362">67.1968</stack-size>
<stack-size id="364">67.5944</stack-size>
<stack-size id="366">67.992</stack-size>
<stack-size id="368">66.6004</stack-size>
<stack-size id="370">66.998</stack-size>
<stack-size id="372">67.3956</stack-size>
<stack-size id="374">67.7932</stack-size>
<stack-size id="376">68.1909</stack-size>
<stack-size id="378">68.3897</stack-size>
<stack-size id="380">67.3956</stack-size>
<stack-size id="382">67.7932</stack-size>
<stack-size id="384">66.998</stack-size>
<stack-size id="386">67.3956</stack-size>
<stack-size id="388">67.7932</stack-size>
<stack-size id="390">68.1909</stack-size>
<stack-size id="392">68.5885</stack-size>
<stack-size id="394">68.9861</stack-size>
<stack-size id="396">67.7932</stack-size>
<stack-size id="398">68.1909</stack-size>
<stack-size id="400">68.5885</stack-size>
<stack-size id="402">68.7873</stack-size>
<stack-size id="404">67.5944</stack-size>
<stack-size id="406">67.7932</stack-size>
<stack-size id="408">66.7992</stack-size>
<stack-size id="410">67.1968</stack-size>
<stack-size id="412">67.3956</stack-size>
<stack-size id="414">67.7932</stack-size>
<stack-size id="416">66.7992</stack-size>
<stack-size id="418">67.1968</stack-size>
<stack-size id="420">65.4076</stack-size>
<stack-size id="422">65.8052</stack-size>
<stack-size id="424">66.2028</stack-size>
<stack-size id="426">66.6004</stack-size>
<stack-size id="428">66.998</stack-size>
<stack-size id="430">67.1968</stack-size>
<stack-size id="432">65.0099</stack-size>
<stack-size id="434">65.4076</stack-size>
<stack-size id="436">65.8052</stack-size>
<stack-size id="438">66.2028</stack-size>
<stack-size id="440">66.004</stack-size>
<stack-size id="442">64.4135</stack-size>
<stack-size id="444">64.8111</stack-size>
<stack-size id="446">64.2147</stack-size>
<stack-size id="448">63.8171</stack-size>
<stack-size id="450">64.2147</stack-size>
<stack-size id="452">64.6123</stack-size>
<stack-size id="454">63.4195</stack-size>
<stack-size id="456">63.8171</stack-size>
<stack-size id="458">63.2207</stack-size>
<stack-size id="460">63.6183</stack-size>
<stack-size id="462">62.8231</stack-size>
<stack-size id="464">63.2207</stack-size>
<stack-size id="466">63.6183</stack-size>
<stack-size id="468">63.8171</stack-size>
<stack-size id="470">61.6302</stack-size>
<stack-size id="472">61.2326</stack-size>
<stack-size id="474">61.0338</stack-size>
<stack-size id="476">59.6421</stack-size>
<stack-size id="478">60.0398</stack-size>
<stack-size id="480">60.2386</stack-size>
<stack-size id="482">60.6362</stack-size>
<stack-size id="484">61.0338</stack-size>
<stack-size id="486">61.4314</stack-size>
<stack-size id="488">58.2505</stack-size>
<stack-size id="490">58.6481</stack-size>
<stack-size id="492">59.0457</stack-size>
<stack-size id="494">57.4553</stack-size>
<stack-size id="496">46.3221</stack-size>
<stack-size id="498">46.7197</stack-size>
<stack-size id="500">46.9185</stack-size>
<stack-size id="502">47.3161</stack-size>
<max-stack>348</max-stack>
<front-edges>502</front-edges>
<back-edges>3417</back-edges>
<cross-edges>562</cross-edges>
<shortest-cycle>2</shortest-cycle>
</dfs-info>
<rw-info>
<coverage step="40">3.18091</coverage>
<coverage step="80">4.37376</coverage>
<coverage step="120">5.16899</coverage>
<coverage step="160">5.36779</coverage>
<coverage step="200">8.15109</coverage>
<coverage step="240">8.74751</coverage>
<coverage step="280">9.34394</coverage>
<coverage step="320">9.34394</coverage>
<coverage step="360">9.94036</coverage>
<coverage step="400">10.7356</coverage>
<coverage step="440">10.7356</coverage>
<coverage step="480">11.5308</coverage>
<coverage step="520">11.7296</coverage>
<coverage step="560">11.7296</coverage>
<coverage step="600">12.1272</coverage>
<coverage step="640">12.5249</coverage>
<coverage step="680">13.1213</coverage>
<coverage step="720">13.3201</coverage>
<coverage step="760">13.3201</coverage>
<coverage step="800">13.5189</coverage>
<coverage step="840">13.7177</coverage>
<coverage step="880">13.7177</coverage>
<coverage step="920">14.5129</coverage>
<coverage step="960">14.9105</coverage>
<coverage step="1000">15.1093</coverage>
<coverage step="1040">15.3082</coverage>
<coverage step="1080">15.3082</coverage>
<coverage step="1120">15.3082</coverage>
<coverage step="1160">15.3082</coverage>
<coverage step="1200">15.507</coverage>
<coverage step="1240">15.9046</coverage>
<coverage step="1280">16.1034</coverage>
<coverage step="1320">16.1034</coverage>
<coverage step="1360">16.1034</coverage>
<coverage step="1400">16.1034</coverage>
<coverage step="1440">16.1034</coverage>
<coverage step="1480">16.1034</coverage>
<coverage step="1520">16.1034</coverage>
<coverage step="1560">16.1034</coverage>
<coverage step="1600">16.1034</coverage>
<coverage step="1640">16.1034</coverage>
<coverage step="1680">16.1034</coverage>
<coverage step="1720">16.501</coverage>
<coverage step="1760">16.501</coverage>
<coverage step="1800">16.501</coverage>
<coverage step="1840">17.0974</coverage>
<coverage step="1880">17.0974</coverage>
<coverage step="1920">17.0974</coverage>
<coverage step="1960">17.495</coverage>
<coverage step="2000">17.495</coverage>
<coverage step="2040">17.495</coverage>
<coverage step="2080">17.495</coverage>
<coverage step="2120">17.495</coverage>
<coverage step="2160">17.8926</coverage>
<coverage step="2200">18.4891</coverage>
<coverage step="2240">18.8867</coverage>
<coverage step="2280">18.8867</coverage>
<coverage step="2320">18.8867</coverage>
<coverage step="2360">19.2843</coverage>
<coverage step="2400">19.4831</coverage>
<coverage step="2440">19.4831</coverage>
<coverage step="2480">19.4831</coverage>
<coverage step="2520">19.4831</coverage>
<coverage step="2560">19.4831</coverage>
<coverage step="2600">19.4831</coverage>
<coverage step="2640">19.4831</coverage>
<coverage step="2680">19.4831</coverage>
<coverage step="2720">19.4831</coverage>
<coverage step="2760">19.6819</coverage>
<coverage step="2800">19.6819</coverage>
<coverage step="2840">19.6819</coverage>
<coverage step="2880">19.6819</coverage>
<coverage step="2920">19.6819</coverage>
<coverage step="2960">19.6819</coverage>
<coverage step="3000">19.6819</coverage>
<coverage step="3040">19.6819</coverage>
<coverage step="3080">19.6819</coverage>
<coverage step="3120">19.6819</coverage>
<coverage step="3160">19.8807</coverage>
<coverage step="3200">19.8807</coverage>
<coverage step="3240">19.8807</coverage>
<coverage step="3280">19.8807</coverage>
<coverage step="3320">19.8807</coverage>
<coverage step="3360">19.8807</coverage>
<coverage step="3400">19.8807</coverage>
<coverage step="3440">19.8807</coverage>
<coverage step="3480">19.8807</coverage>
<coverage step="3520">20.0795</coverage>
<coverage step="3560">20.0795</coverage>
<coverage step="3600">20.0795</coverage>
<coverage step="3640">20.0795</coverage>
<coverage step="3680">20.0795</coverage>
<coverage step="3720">20.2783</coverage>
<coverage step="3760">20.4771</coverage>
<coverage step="3800">20.4771</coverage>
<coverage step="3840">20.4771</coverage>
<coverage step="3880">20.4771</coverage>
<coverage step="3920">20.4771</coverage>
<coverage step="3960">20.4771</coverage>
<coverage step="4000">20.4771</coverage>
<coverage step="4040">20.4771</coverage>
<coverage step="4080">20.4771</coverage>
<coverage step="4120">20.4771</coverage>
<coverage step="4160">20.4771</coverage>
<coverage step="4200">20.4771</coverage>
<coverage step="4240">20.4771</coverage>
<coverage step="4280">20.4771</coverage>
<coverage step="4320">20.4771</coverage>
<coverage step="4360">20.6759</coverage>
<coverage step="4400">20.6759</coverage>
<coverage step="4440">20.6759</coverage>
<coverage step="4480">20.6759</coverage>
<coverage step="4520">20.6759</coverage>
<coverage step="4560">20.6759</coverage>
<coverage step="4600">20.6759</coverage>
<coverage step="4640">20.6759</coverage>
<coverage step="4680">20.8748</coverage>
<coverage step="4720">21.0736</coverage>
<coverage step="4760">21.0736</coverage>
<coverage step="4800">21.0736</coverage>
<coverage step="4840">21.0736</coverage>
<coverage step="4880">21.0736</coverage>
<coverage step="4920">21.0736</coverage>
<coverage step="4960">21.0736</coverage>
<coverage step="5000">21.0736</coverage>
<rw-visits order="1">548</rw-visits>
<rw-visits order="2">543</rw-visits>
<rw-visits order="3">482</rw-visits>
<rw-visits order="4">461</rw-visits>
<rw-visits order="5">405</rw-visits>
<rw-visits order="6">310</rw-visits>
<rw-visits order="7">287</rw-visits>
<rw-visits order="8">250</rw-visits>
<rw-visits order="9">249</rw-visits>
<rw-visits order="10">137</rw-visits>
<rw-visits order="11">130</rw-visits>
<rw-visits order="12">92</rw-visits>
<rw-visits order="13">85</rw-visits>
<rw-visits order="14">76</rw-visits>
<rw-visits order="15">75</rw-visits>
<rw-visits order="16">73</rw-visits>
<rw-visits order="17">68</rw-visits>
<rw-visits order="18">67</rw-visits>
<rw-visits order="19">66</rw-visits>
<rw-visits order="20">61</rw-visits>
<rw-visits order="21">54</rw-visits>
<rw-visits order="22">29</rw-visits>
<rw-visits order="23">28</rw-visits>
<rw-visits order="24">25</rw-visits>
<rw-visits order="25">22</rw-visits>
<rw-visits order="26">17</rw-visits>
<rw-visits order="27">17</rw-visits>
<rw-visits order="28">17</rw-visits>
<rw-visits order="29">15</rw-visits>
<rw-visits order="30">15</rw-visits>
<rw-visits order="31">14</rw-visits>
<rw-visits order="32">14</rw-visits>
<rw-visits order="33">13</rw-visits>
<rw-visits order="34">13</rw-visits>
<rw-visits order="35">12</rw-visits>
<rw-visits order="36">11</rw-visits>
<rw-visits order="37">11</rw-visits>
<rw-visits order="38">11</rw-visits>
<rw-visits order="39">10</rw-visits>
<rw-visits order="40">10</rw-visits>
<rw-visits order="41">10</rw-visits>
<rw-visits order="42">9</rw-visits>
<rw-visits order="43">9</rw-visits>
<rw-visits order="44">8</rw-visits>
<rw-visits order="45">8</rw-visits>
<rw-visits order="46">8</rw-visits>
<rw-visits order="47">7</rw-visits>
<rw-visits order="48">7</rw-visits>
<rw-visits order="49">6</rw-visits>
<rw-visits order="50">6</rw-visits>
<rw-visits order="51">6</rw-visits>
<rw-visits order="52">6</rw-visits>
<rw-visits order="53">5</rw-visits>
<rw-visits order="54">5</rw-visits>
<rw-visits order="55">5</rw-visits>
<rw-visits order="56">5</rw-visits>
<rw-visits order="57">5</rw-visits>
<rw-visits order="58">5</rw-visits>
<rw-visits order="59">5</rw-visits>
<rw-visits order="60">5</rw-visits>
<rw-visits order="61">4</rw-visits>
<rw-visits order="62">4</rw-visits>
<rw-visits order="63">4</rw-visits>
<rw-visits order="64">4</rw-visits>
<rw-visits order="65">3</rw-visits>
<rw-visits order="66">3</rw-visits>
<rw-visits order="67">3</rw-visits>
<rw-visits order="68">3</rw-visits>
<rw-visits order="69">3</rw-visits>
<rw-visits order="70">3</rw-visits>
<rw-visits order="71">3</rw-visits>
<rw-visits order="72">3</rw-visits>
<rw-visits order="73">3</rw-visits>
<rw-visits order="74">3</rw-visits>
<rw-visits order="75">2</rw-visits>
<rw-visits order="76">2</rw-visits>
<rw-visits order="77">2</rw-visits>
<rw-visits order="78">2</rw-visits>
<rw-visits order="79">2</rw-visits>
<rw-visits order="80">2</rw-visits>
<rw-visits order="81">2</rw-visits>
<rw-visits order="82">2</rw-visits>
<rw-visits order="83">2</rw-visits>
<rw-visits order="84">1</rw-visits>
<rw-visits order="85">1</rw-visits>
<rw-visits order="86">1</rw-visits>
<rw-visits order="87">1</rw-visits>
<rw-visits order="88">1</rw-visits>
<rw-visits order="89">1</rw-visits>
<rw-visits order="90">1</rw-visits>
<rw-visits order="91">1</rw-visits>
<rw-visits order="92">1</rw-visits>
<rw-visits order="93">1</rw-visits>
<rw-visits order="94">1</rw-visits>
<rw-visits order="95">1</rw-visits>
<rw-visits order="96">1</rw-visits>
<rw-visits order="97">1</rw-visits>
<rw-visits order="98">1</rw-visits>
<rw-visits order="99">1</rw-visits>
<rw-visits order="100">1</rw-visits>
<rw-visits order="101">1</rw-visits>
<rw-visits order="102">1</rw-visits>
<rw-visits order="103">1</rw-visits>
<rw-visits order="104">1</rw-visits>
<rw-visits order="105">1</rw-visits>
<final-coverage>21.0736</final-coverage>
</rw-info>
<local-info>
<diamonds>100</diamonds>
<neighborhood k="4">169</neighborhood>
<clustering k="4">4.35386</clustering>
</local-info>
<label-info>
<edge-label id="0.0+1.101">2</edge-label>
<edge-label id="0.0+1.103">2</edge-label>
<edge-label id="0.0+1.83">1</edge-label>
<edge-label id="0.0+1.89">2</edge-label>
<edge-label id="0.0+1.94">2</edge-label>
<edge-label id="0.0+1.98">2</edge-label>
<edge-label id="0.0+2.56">1</edge-label>
<edge-label id="0.0+2.62">2</edge-label>
<edge-label id="0.0+2.67">2</edge-label>
<edge-label id="0.0+2.71">2</edge-label>
<edge-label id="0.0+2.74">2</edge-label>
<edge-label id="0.0+2.76">2</edge-label>
<edge-label id="0.0+3.10">2</edge-label>
<edge-label id="0.0+3.14">2</edge-label>
<edge-label id="0.0+3.17">2</edge-label>
<edge-label id="0.0+3.19">2</edge-label>
<edge-label id="0.0+3.5">2</edge-label>
<edge-label id="0.1+1.102">2</edge-label>
<edge-label id="0.1+1.77">1</edge-label>
<edge-label id="0.1+1.84">2</edge-label>
<edge-label id="0.1+1.90">2</edge-label>
<edge-label id="0.1+1.95">2</edge-label>
<edge-label id="0.1+1.99">2</edge-label>
<edge-label id="0.1+2.50">1</edge-label>
<edge-label id="0.1+2.57">2</edge-label>
<edge-label id="0.1+2.63">2</edge-label>
<edge-label id="0.1+2.68">2</edge-label>
<edge-label id="0.1+2.72">2</edge-label>
<edge-label id="0.1+2.75">2</edge-label>
<edge-label id="0.1+3.11">2</edge-label>
<edge-label id="0.1+3.15">2</edge-label>
<edge-label id="0.1+3.18">2</edge-label>
<edge-label id="0.1+3.6">3</edge-label>
<edge-label id="0.10+1.23">4</edge-label>
<edge-label id="0.10+1.36">2</edge-label>
<edge-label id="0.10+1.48">2</edge-label>
<edge-label id="0.10+2.21">6</edge-label>
<edge-label id="0.11+1.24">5</edge-label>
<edge-label id="0.11+1.37">2</edge-label>
<edge-label id="0.12+1.25">6</edge-label>
<edge-label id="0.2+1.100">2</edge-label>
<edge-label id="0.2+1.70">1</edge-label>
<edge-label id="0.2+1.78">2</edge-label>
<edge-label id="0.2+1.85">2</edge-label>
<edge-label id="0.2+1.91">2</edge-label>
<edge-label id="0.2+1.96">2</edge-label>
<edge-label id="0.2+2.43">1</edge-label>
<edge-label id="0.2+2.51">2</edge-label>
<edge-label id="0.2+2.58">2</edge-label>
<edge-label id="0.2+2.64">2</edge-label>
<edge-label id="0.2+2.69">2</edge-label>
<edge-label id="0.2+2.73">2</edge-label>
<edge-label id="0.2+3.12">2</edge-label>
<edge-label id="0.2+3.16">2</edge-label>
<edge-label id="0.2+3.7">4</edge-label>
<edge-label id="0.3+1.62">1</edge-label>
<edge-label id="0.3+1.71">2</edge-label>
<edge-label id="0.3+1.79">2</edge-label>
<edge-label id="0.3+1.86">2</edge-label>
<edge-label id="0.3+1.92">2</edge-label>
<edge-label id="0.3+1.97">2</edge-label>
<edge-label id="0.3+2.35">1</edge-label>
<edge-label id="0.3+2.44">2</edge-label>
<edge-label id="0.3+2.52">2</edge-label>
<edge-label id="0.3+2.59">2</edge-label>
<edge-label id="0.3+2.65">2</edge-label>
<edge-label id="0.3+2.70">2</edge-label>
<edge-label id="0.3+3.13">2</edge-label>
<edge-label id="0.3+3.8">5</edge-label>
<edge-label id="0.324+1.207">2</edge-label>
<edge-label id="0.324+2.153">2</edge-label>
<edge-label id="0.324+3.39">2</edge-label>
<edge-label id="0.325+1.206">2</edge-label>
<edge-label id="0.325+2.152">2</edge-label>
<edge-label id="0.325+3.38">2</edge-label>
<edge-label id="0.326+1.207">2</edge-label>
<edge-label id="0.326+2.153">2</edge-label>
<edge-label id="0.326+3.39">2</edge-label>
<edge-label id="0.327+1.205">2</edge-label>
<edge-label id="0.327+2.151">2</edge-label>
<edge-label id="0.327+3.37">2</edge-label>
<edge-label id="0.328+1.206">2</edge-label>
<edge-label id="0.328+2.152">2</edge-label>
<edge-label id="0.328+3.38">2</edge-label>
<edge-label id="0.329+1.207">2</edge-label>
<edge-label id="0.329+2.153">2</edge-label>
<edge-label id="0.329+3.39">2</edge-label>
<edge-label id="0.330+1.204">2</edge-label>
<edge-label id="0.330+2.150">2</edge-label>
<edge-label id="0.330+3.36">2</edge-label>
<edge-label id="0.331+1.205">2</edge-label>
<edge-label id="0.331+2.151">2</edge-label>
<edge-label id="0.331+3.37">2</edge-label>
<edge-label id="0.332+1.206">2</edge-label>
<edge-label id="0.332+2.152">2</edge-label>
<edge-label id="0.332+3.38">2</edge-label>
<edge-label id="0.333+1.207">2</edge-label>
<edge-label id="0.333+2.153">2</edge-label>
<edge-label id="0.333+3.39">2</edge-label>
<edge-label id="0.334+1.203">2</edge-label>
<edge-label id="0.334+2.149">2</edge-label>
<edge-label id="0.334+3.35">6</edge-label>
<edge-label id="0.335+1.204">2</edge-label>
<edge-label id="0.335+2.150">2</edge-label>
<edge-label id="0.335+3.36">2</edge-label>
<edge-label id="0.336+1.205">2</edge-label>
<edge-label id="0.336+2.151">2</edge-label>
<edge-label id="0.336+3.37">2</edge-label>
<edge-label id="0.337+1.206">2</edge-label>
<edge-label id="0.337+2.152">2</edge-label>
<edge-label id="0.337+3.38">2</edge-label>
<edge-label id="0.338+1.207">2</edge-label>
<edge-label id="0.338+2.153">2</edge-label>
<edge-label id="0.338+3.39">2</edge-label>
<edge-label id="0.339+1.202">2</edge-label>
<edge-label id="0.339+2.148">2</edge-label>
<edge-label id="0.340+1.203">2</edge-label>
<edge-label id="0.340+2.149">2</edge-label>
<edge-label id="0.340+3.35">7</edge-label>
<edge-label id="0.341+1.204">2</edge-label>
<edge-label id="0.341+2.150">2</edge-label>
<edge-label id="0.341+3.36">2</edge-label>
<edge-label id="0.342+1.205">2</edge-label>
<edge-label id="0.342+2.151">2</edge-label>
<edge-label id="0.342+3.37">2</edge-label>
<edge-label id="0.343+1.206">2</edge-label>
<edge-label id="0.343+2.152">2</edge-label>
<edge-label id="0.343+3.38">2</edge-label>
<edge-label id="0.344+1.207">2</edge-label>
<edge-label id="0.344+2.153">2</edge-label>
<edge-label id="0.344+3.39">2</edge-label>
<edge-label id="0.345+1.201">2</edge-label>
<edge-label id="0.345+2.147">2</edge-label>
<edge-label id="0.346+1.202">2</edge-label>
<edge-label id="0.346+2.148">2</edge-label>
<edge-label id="0.347+1.203">2</edge-label>
<edge-label id="0.347+2.149">2</edge-label>
<edge-label id="0.347+3.35">8</edge-label>
<edge-label id="0.348+1.204">2</edge-label>
<edge-label id="0.348+2.150">2</edge-label>
<edge-label id="0.348+3.36">2</edge-label>
<edge-label id="0.349+1.205">2</edge-label>
<edge-label id="0.349+2.151">2</edge-label>
<edge-label id="0.349+3.37">2</edge-label>
<edge-label id="0.350+1.206">2</edge-label>
<edge-label id="0.350+2.152">2</edge-label>
<edge-label id="0.350+3.38">2</edge-label>
<edge-label id="0.351+1.207">2</edge-label>
<edge-label id="0.351+2.153">2</edge-label>
<edge-label id="0.351+3.39">2</edge-label>
<edge-label id="0.352+1.200">2</edge-label>
<edge-label id="0.352+2.146">2</edge-label>
<edge-label id="0.353+1.201">2</edge-label>
<edge-label id="0.353+2.147">2</edge-label>
<edge-label id="0.354+1.202">2</edge-label>
<edge-label id="0.354+2.148">2</edge-label>
<edge-label id="0.355+1.203">2</edge-label>
<edge-label id="0.355+2.149">2</edge-label>
<edge-label id="0.355+3.35">9</edge-label>
<edge-label id="0.356+1.204">2</edge-label>
<edge-label id="0.356+2.150">2</edge-label>
<edge-label id="0.356+3.36">2</edge-label>
<edge-label id="0.357+1.205">2</edge-label>
<edge-label id="0.357+2.151">2</edge-label>
<edge-label id="0.357+3.37">2</edge-label>
<edge-label id="0.358+1.206">2</edge-label>
<edge-label id="0.358+2.152">2</edge-label>
<edge-label id="0.358+3.38">2</edge-label>
<edge-label id="0.359+1.207">2</edge-label>
<edge-label id="0.359+2.153">2</edge-label>
<edge-label id="0.359+3.39">2</edge-label>
<edge-label id="0.360+1.199">2</edge-label>
<edge-label id="0.360+2.145">2</edge-label>
<edge-label id="0.361+1.200">2</edge-label>
<edge-label id="0.361+2.146">2</edge-label>
<edge-label id="0.362+1.201">2</edge-label>
<edge-label id="0.362+2.147">2</edge-label>
<edge-label id="0.363+1.202">2</edge-label>
<edge-label id="0.363+2.148">2</edge-label>
<edge-label id="0.364+1.203">2</edge-label>
<edge-label id="0.364+2.149">2</edge-label>
<edge-label id="0.364+3.35">10</edge-label>
<edge-label id="0.365+1.204">2</edge-label>
<edge-label id="0.365+2.150">2</edge-label>
<edge-label id="0.365+3.36">2</edge-label>
<edge-label id="0.366+1.205">2</edge-label>
<edge-label id="0.366+2.151">2</edge-label>
<edge-label id="0.366+3.37">2</edge-label>
<edge-label id="0.367+1.206">2</edge-label>
<edge-label id="0.367+2.152">2</edge-label>
<edge-label id="0.367+3.38">2</edge-label>
<edge-label id="0.368+1.207">2</edge-label>
<edge-label id="0.368+2.153">2</edge-label>
<edge-label id="0.368+3.39">2</edge-label>
<edge-label id="0.369+1.198">2</edge-label>
<edge-label id="0.369+2.144">2</edge-label>
<edge-label id="0.370+1.199">2</edge-label>
<edge-label id="0.370+2.145">2</edge-label>
<edge-label id="0.371+1.200">2</edge-label>
<edge-label id="0.371+2.146">2</edge-label>
<edge-label id="0.372+1.201">2</edge-label>
<edge-label id="0.372+2.147">2</edge-label>
<edge-label id="0.373+1.202">2</edge-label>
<edge-label id="0.373+2.148">2</edge-label>
<edge-label id="0.374+1.203">2</edge-label>
<edge-label id="0.374+2.149">2</edge-label>
<edge-label id="0.374+3.35">11</edge-label>
<edge-label id="0.375+1.204">2</edge-label>
<edge-label id="0.375+2.150">2</edge-label>
<edge-label id="0.375+3.36">2</edge-label>
<edge-label id="0.376+1.205">2</edge-label>
<edge-label id="0.376+2.151">2</edge-label>
<edge-label id="0.376+3.37">2</edge-label>
<edge-label id="0.377+1.206">2</edge-label>
<edge-label id="0.377+2.152">2</edge-label>
<edge-label id="0.377+3.38">2</edge-label>
<edge-label id="0.378+1.207">2</edge-label>
<edge-label id="0.378+2.153">2</edge-label>
<edge-label id="0.378+3.39">2</edge-label>
<edge-label id="0.379+1.197">2</edge-label>
<edge-label id="0.379+2.143">6</edge-label>
<edge-label id="0.380+1.198">2</edge-label>
<edge-label id="0.380+2.144">2</edge-label>
<edge-label id="0.381+1.199">2</edge-label>
<edge-label id="0.381+2.145">2</edge-label>
<edge-label id="0.382+1.200">2</edge-label>
<edge-label id="0.382+2.146">2</edge-label>
<edge-label id="0.383+1.201">2</edge-label>
<edge-label id="0.383+2.147">2</edge-label>
<edge-label id="0.384+1.202">2</edge-label>
<edge-label id="0.384+2.148">2</edge-label>
<edge-label id="0.385+1.203">2</edge-label>
<edge-label id="0.385+2.149">2</edge-label>
<edge-label id="0.385+3.35">12</edge-label>
<edge-label id="0.386+1.204">2</edge-label>
<edge-label id="0.386+2.150">2</edge-label>
<edge-label id="0.386+3.36">2</edge-label>
<edge-label id="0.387+1.205">2</edge-label>
<edge-label id="0.387+2.151">2</edge-label>
<edge-label id="0.387+3.37">2</edge-label>
<edge-label id="0.388+1.206">2</edge-label>
<edge-label id="0.388+2.152">2</edge-label>
<edge-label id="0.388+3.38">2</edge-label>
<edge-label id="0.389+1.207">2</edge-label>
<edge-label id="0.389+2.153">2</edge-label>
<edge-label id="0.389+3.39">2</edge-label>
<edge-label id="0.390+1.196">2</edge-label>
<edge-label id="0.391+1.197">2</edge-label>
<edge-label id="0.391+2.143">6</edge-label>
<edge-label id="0.392+1.198">2</edge-label>
<edge-label id="0.392+2.144">2</edge-label>
<edge-label id="0.393+1.199">2</edge-label>
<edge-label id="0.393+2.145">2</edge-label>
<edge-label id="0.394+1.200">2</edge-label>
<edge-label id="0.394+2.146">2</edge-label>
<edge-label id="0.395+1.201">2</edge-label>
<edge-label id="0.395+2.147">2</edge-label>
<edge-label id="0.396+1.202">2</edge-label>
<edge-label id="0.396+2.148">2</edge-label>
<edge-label id="0.397+1.203">2</edge-label>
<edge-label id="0.397+2.149">2</edge-label>
<edge-label id="0.397+3.35">12</edge-label>
<edge-label id="0.398+1.204">2</edge-label>
<edge-label id="0.398+2.150">2</edge-label>
<edge-label id="0.398+3.36">2</edge-label>
<edge-label id="0.399+1.205">2</edge-label>
<edge-label id="0.399+2.151">2</edge-label>
<edge-label id="0.399+3.37">2</edge-label>
<edge-label id="0.4+1.53">1</edge-label>
<edge-label id="0.4+1.63">2</edge-label>
<edge-label id="0.4+1.72">2</edge-label>
<edge-label id="0.4+1.80">2</edge-label>
<edge-label id="0.4+1.87">2</edge-label>
<edge-label id="0.4+1.93">2</edge-label>
<edge-label id="0.4+2.26">1</edge-label>
<edge-label id="0.4+2.36">2</edge-label>
<edge-label id="0.4+2.45">2</edge-label>
<edge-label id="0.4+2.53">2</edge-label>
<edge-label id="0.4+2.60">2</edge-label>
<edge-label id="0.4+2.66">2</edge-label>
<edge-label id="0.4+3.9">6</edge-label>
<edge-label id="0.400+1.206">2</edge-label>
<edge-label id="0.400+2.152">2</edge-label>
<edge-label id="0.400+3.38">2</edge-label>
<edge-label id="0.401+1.207">1</edge-label>
<edge-label id="0.401+2.153">2</edge-label>
<edge-label id="0.401+3.39">2</edge-label>
<edge-label id="0.402+1.195">6</edge-label>
<edge-label id="0.403+1.196">2</edge-label>
<edge-label id="0.404+1.197">2</edge-label>
<edge-label id="0.404+2.143">6</edge-label>
<edge-label id="0.405+1.198">2</edge-label>
<edge-label id="0.405+2.144">2</edge-label>
<edge-label id="0.406+1.199">2</edge-label>
<edge-label id="0.406+2.145">2</edge-label>
<edge-label id="0.407+1.200">2</edge-label>
<edge-label id="0.407+2.146">2</edge-label>
<edge-label id="0.408+1.201">2</edge-label>
<edge-label id="0.408+2.147">2</edge-label>
<edge-label id="0.409+1.202">2</edge-label>
<edge-label id="0.409+2.148">2</edge-label>
<edge-label id="0.410+1.203">2</edge-label>
<edge-label id="0.410+2.149">2</edge-label>
<edge-label id="0.410+3.35">12</edge-label>
<edge-label id="0.411+1.204">2</edge-label>
<edge-label id="0.411+2.150">2</edge-label>
<edge-label id="0.411+3.36">2</edge-label>
<edge-label id="0.412+1.205">2</edge-label>
<edge-label id="0.412+2.151">2</edge-label>
<edge-label id="0.412+3.37">2</edge-label>
<edge-label id="0.413+1.206">1</edge-label>
<edge-label id="0.413+2.152">2</edge-label>
<edge-label id="0.413+3.38">2</edge-label>
<edge-label id="0.414+2.153">2</edge-label>
<edge-label id="0.414+3.39">2</edge-label>
<edge-label id="0.416+1.195">6</edge-label>
<edge-label id="0.417+1.196">2</edge-label>
<edge-label id="0.418+1.197">2</edge-label>
<edge-label id="0.418+2.143">6</edge-label>
<edge-label id="0.419+1.198">2</edge-label>
<edge-label id="0.419+2.144">2</edge-label>
<edge-label id="0.420+1.199">2</edge-label>
<edge-label id="0.420+2.145">2</edge-label>
<edge-label id="0.421+1.200">2</edge-label>
<edge-label id="0.421+2.146">2</edge-label>
<edge-label id="0.422+1.201">2</edge-label>
<edge-label id="0.422+2.147">2</edge-label>
<edge-label id="0.423+1.202">2</edge-label>
<edge-label id="0.423+2.148">2</edge-label>
<edge-label id="0.424+1.203">2</edge-label>
<edge-label id="0.424+2.149">2</edge-label>
<edge-label id="0.424+3.35">11</edge-label>
<edge-label id="0.425+1.204">2</edge-label>
<edge-label id="0.425+2.150">2</edge-label>
<edge-label id="0.425+3.36">2</edge-label>
<edge-label id="0.426+1.205">1</edge-label>
<edge-label id="0.426+2.151">2</edge-label>
<edge-label id="0.426+3.37">2</edge-label>
<edge-label id="0.427+2.152">2</edge-label>
<edge-label id="0.427+3.38">2</edge-label>
<edge-label id="0.428+2.153">1</edge-label>
<edge-label id="0.428+3.39">2</edge-label>
<edge-label id="0.431+1.195">6</edge-label>
<edge-label id="0.432+1.196">2</edge-label>
<edge-label id="0.433+1.197">2</edge-label>
<edge-label id="0.433+2.143">6</edge-label>
<edge-label id="0.434+1.198">2</edge-label>
<edge-label id="0.434+2.144">2</edge-label>
<edge-label id="0.435+1.199">2</edge-label>
<edge-label id="0.435+2.145">2</edge-label>
<edge-label id="0.436+1.200">2</edge-label>
<edge-label id="0.436+2.146">2</edge-label>
<edge-label id="0.437+1.201">2</edge-label>
<edge-label id="0.437+2.147">2</edge-label>
<edge-label id="0.438+1.202">2</edge-label>
<edge-label id="0.438+2.148">2</edge-label>
<edge-label id="0.439+1.203">2</edge-label>
<edge-label id="0.439+2.149">2</edge-label>
<edge-label id="0.439+3.35">10</edge-label>
<edge-label id="0.440+1.204">1</edge-label>
<edge-label id="0.440+2.150">2</edge-label>
<edge-label id="0.440+3.36">2</edge-label>
<edge-label id="0.441+2.151">2</edge-label>
<edge-label id="0.441+3.37">2</edge-label>
<edge-label id="0.442+2.152">1</edge-label>
<edge-label id="0.442+3.38">2</edge-label>
<edge-label id="0.443+3.39">2</edge-label>
<edge-label id="0.447+1.195">6</edge-label>
<edge-label id="0.448+1.196">2</edge-label>
<edge-label id="0.449+1.197">2</edge-label>
<edge-label id="0.449+2.143">6</edge-label>
<edge-label id="0.450+1.198">2</edge-label>
<edge-label id="0.450+2.144">2</edge-label>
<edge-label id="0.451+1.199">2</edge-label>
<edge-label id="0.451+2.145">2</edge-label>
<edge-label id="0.452+1.200">2</edge-label>
<edge-label id="0.452+2.146">2</edge-label>
<edge-label id="0.453+1.201">2</edge-label>
<edge-label id="0.453+2.147">2</edge-label>
<edge-label id="0.454+1.202">2</edge-label>
<edge-label id="0.454+2.148">2</edge-label>
<edge-label id="0.455+1.203">1</edge-label>
<edge-label id="0.455+2.149">2</edge-label>
<edge-label id="0.455+3.35">9</edge-label>
<edge-label id="0.456+2.150">2</edge-label>
<edge-label id="0.456+3.36">2</edge-label>
<edge-label id="0.457+2.151">1</edge-label>
<edge-label id="0.457+3.37">2</edge-label>
<edge-label id="0.458+3.38">2</edge-label>
<edge-label id="0.459+3.39">2</edge-label>
<edge-label id="0.464+1.195">6</edge-label>
<edge-label id="0.465+1.196">2</edge-label>
<edge-label id="0.466+1.197">2</edge-label>
<edge-label id="0.466+2.143">6</edge-label>
<edge-label id="0.467+1.198">2</edge-label>
<edge-label id="0.467+2.144">2</edge-label>
<edge-label id="0.468+1.199">2</edge-label>
<edge-label id="0.468+2.145">2</edge-label>
<edge-label id="0.469+1.200">2</edge-label>
<edge-label id="0.469+2.146">2</edge-label>
<edge-label id="0.470+1.201">2</edge-label>
<edge-label id="0.470+2.147">2</edge-label>
<edge-label id="0.471+1.202">1</edge-label>
<edge-label id="0.471+2.148">2</edge-label>
<edge-label id="0.472+2.149">2</edge-label>
<edge-label id="0.472+3.35">8</edge-label>
<edge-label id="0.473+2.150">1</edge-label>
<edge-label id="0.473+3.36">2</edge-label>
<edge-label id="0.474+3.37">2</edge-label>
<edge-label id="0.475+3.38">2</edge-label>
<edge-label id="0.476+3.39">2</edge-label>
<edge-label id="0.482+1.195">6</edge-label>
<edge-label id="0.483+1.196">2</edge-label>
<edge-label id="0.484+1.197">2</edge-label>
<edge-label id="0.484+2.143">6</edge-label>
<edge-label id="0.485+1.198">2</edge-label>
<edge-label id="0.485+2.144">2</edge-label>
<edge-label id="0.486+1.199">2</edge-label>
<edge-label id="0.486+2.145">2</edge-label>
<edge-label id="0.487+1.200">2</edge-label>
<edge-label id="0.487+2.146">2</edge-label>
<edge-label id="0.488+1.201">1</edge-label>
<edge-label id="0.488+2.147">2</edge-label>
<edge-label id="0.489+2.148">2</edge-label>
<edge-label id="0.490+2.149">1</edge-label>
<edge-label id="0.490+3.35">7</edge-label>
<edge-label id="0.491+3.36">2</edge-label>
<edge-label id="0.492+3.37">2</edge-label>
<edge-label id="0.493+3.38">2</edge-label>
<edge-label id="0.494+3.39">2</edge-label>
<edge-label id="0.5+1.43">1</edge-label>
<edge-label id="0.5+1.54">2</edge-label>
<edge-label id="0.5+1.64">2</edge-label>
<edge-label id="0.5+1.73">2</edge-label>
<edge-label id="0.5+1.81">2</edge-label>
<edge-label id="0.5+1.88">2</edge-label>
<edge-label id="0.5+2.16">1</edge-label>
<edge-label id="0.5+2.27">2</edge-label>
<edge-label id="0.5+2.37">2</edge-label>
<edge-label id="0.5+2.46">2</edge-label>
<edge-label id="0.5+2.54">2</edge-label>
<edge-label id="0.5+2.61">2</edge-label>
<edge-label id="0.501+1.195">6</edge-label>
<edge-label id="0.502+1.196">2</edge-label>
<edge-label id="0.503+1.197">2</edge-label>
<edge-label id="0.503+2.143">6</edge-label>
<edge-label id="0.504+1.198">2</edge-label>
<edge-label id="0.504+2.144">2</edge-label>
<edge-label id="0.505+1.199">2</edge-label>
<edge-label id="0.505+2.145">2</edge-label>
<edge-label id="0.506+1.200">1</edge-label>
<edge-label id="0.506+2.146">2</edge-label>
<edge-label id="0.507+2.147">2</edge-label>
<edge-label id="0.508+2.148">1</edge-label>
<edge-label id="0.509+3.35">6</edge-label>
<edge-label id="0.510+3.36">2</edge-label>
<edge-label id="0.511+3.37">2</edge-label>
<edge-label id="0.512+3.38">2</edge-label>
<edge-label id="0.513+3.39">2</edge-label>
<edge-label id="0.521+1.195">5</edge-label>
<edge-label id="0.522+1.196">2</edge-label>
<edge-label id="0.523+1.197">2</edge-label>
<edge-label id="0.523+2.143">5</edge-label>
<edge-label id="0.524+1.198">2</edge-label>
<edge-label id="0.524+2.144">2</edge-label>
<edge-label id="0.525+1.199">1</edge-label>
<edge-label id="0.525+2.145">2</edge-label>
<edge-label id="0.526+2.146">2</edge-label>
<edge-label id="0.527+2.147">1</edge-label>
<edge-label id="0.529+3.35">5</edge-label>
<edge-label id="0.530+3.36">2</edge-label>
<edge-label id="0.531+3.37">2</edge-label>
<edge-label id="0.532+3.38">2</edge-label>
<edge-label id="0.533+3.39">1</edge-label>
<edge-label id="0.542+1.195">4</edge-label>
<edge-label id="0.543+1.196">2</edge-label>
<edge-label id="0.544+1.197">2</edge-label>
<edge-label id="0.544+2.143">4</edge-label>
<edge-label id="0.545+1.198">1</edge-label>
<edge-label id="0.545+2.144">2</edge-label>
<edge-label id="0.546+2.145">2</edge-label>
<edge-label id="0.547+2.146">1</edge-label>
<edge-label id="0.550+3.35">4</edge-label>
<edge-label id="0.551+3.36">2</edge-label>
<edge-label id="0.552+3.37">2</edge-label>
<edge-label id="0.553+3.38">1</edge-label>
<edge-label id="0.564+1.195">3</edge-label>
<edge-label id="0.565+1.196">2</edge-label>
<edge-label id="0.566+1.197">1</edge-label>
<edge-label id="0.566+2.143">3</edge-label>
<edge-label id="0.567+2.144">2</edge-label>
<edge-label id="0.568+2.145">1</edge-label>
<edge-label id="0.572+3.35">3</edge-label>
<edge-label id="0.573+3.36">2</edge-label>
<edge-label id="0.574+3.37">1</edge-label>
<edge-label id="0.587+1.195">2</edge-label>
<edge-label id="0.588+1.196">1</edge-label>
<edge-label id="0.589+2.143">2</edge-label>
<edge-label id="0.590+2.144">1</edge-label>
<edge-label id="0.595+3.35">2</edge-label>
<edge-label id="0.596+3.36">1</edge-label>
<edge-label id="0.6+1.32">1</edge-label>
<edge-label id="0.6+1.44">2</edge-label>
<edge-label id="0.6+1.55">2</edge-label>
<edge-label id="0.6+1.65">2</edge-label>
<edge-label id="0.6+1.74">2</edge-label>
<edge-label id="0.6+1.82">2</edge-label>
<edge-label id="0.6+2.17">2</edge-label>
<edge-label id="0.6+2.28">2</edge-label>
<edge-label id="0.6+2.38">2</edge-label>
<edge-label id="0.6+2.47">2</edge-label>
<edge-label id="0.6+2.55">2</edge-label>
<edge-label id="0.611+1.195">1</edge-label>
<edge-label id="0.613+2.143">1</edge-label>
<edge-label id="0.619+3.35">1</edge-label>
<edge-label id="0.7+1.20">1</edge-label>
<edge-label id="0.7+1.33">2</edge-label>
<edge-label id="0.7+1.45">2</edge-label>
<edge-label id="0.7+1.56">2</edge-label>
<edge-label id="0.7+1.66">2</edge-label>
<edge-label id="0.7+1.75">2</edge-label>
<edge-label id="0.7+2.18">3</edge-label>
<edge-label id="0.7+2.29">2</edge-label>
<edge-label id="0.7+2.39">2</edge-label>
<edge-label id="0.7+2.48">2</edge-label>
<edge-label id="0.8+1.21">2</edge-label>
<edge-label id="0.8+1.34">2</edge-label>
<edge-label id="0.8+1.46">2</edge-label>
<edge-label id="0.8+1.57">2</edge-label>
<edge-label id="0.8+1.67">2</edge-label>
<edge-label id="0.8+2.19">4</edge-label>
<edge-label id="0.8+2.30">2</edge-label>
<edge-label id="0.8+2.40">2</edge-label>
<edge-label id="0.9+1.22">3</edge-label>
<edge-label id="0.9+1.35">2</edge-label>
<edge-label id="0.9+1.47">2</edge-label>
<edge-label id="0.9+1.58">2</edge-label>
<edge-label id="0.9+2.20">5</edge-label>
<edge-label id="0.9+2.31">2</edge-label>
<edge-label id="1.0+0.171">1</edge-label>
<edge-label id="1.0+0.188">2</edge-label>
<edge-label id="1.0+0.204">2</edge-label>
<edge-label id="1.0+0.219">2</edge-label>
<edge-label id="1.0+0.233">2</edge-label>
<edge-label id="1.0+0.246">2</edge-label>
<edge-label id="1.0+0.258">2</edge-label>
<edge-label id="1.0+0.269">2</edge-label>
<edge-label id="1.0+0.279">2</edge-label>
<edge-label id="1.0+0.288">2</edge-label>
<edge-label id="1.0+0.296">2</edge-label>
<edge-label id="1.0+0.303">2</edge-label>
<edge-label id="1.0+0.309">2</edge-label>
<edge-label id="1.0+0.314">2</edge-label>
<edge-label id="1.0+0.318">2</edge-label>
<edge-label id="1.0+0.321">2</edge-label>
<edge-label id="1.0+0.323">1</edge-label>
<edge-label id="1.0+2.11">6</edge-label>
<edge-label id="1.0+2.22">2</edge-label>
<edge-label id="1.0+2.32">2</edge-label>
<edge-label id="1.0+2.41">2</edge-label>
<edge-label id="1.0+2.49">2</edge-label>
<edge-label id="1.0+2.56">2</edge-label>
<edge-label id="1.0+2.62">2</edge-label>
<edge-label id="1.0+2.67">2</edge-label>
<edge-label id="1.0+2.71">2</edge-label>
<edge-label id="1.0+2.74">2</edge-label>
<edge-label id="1.0+2.76">2</edge-label>
<edge-label id="1.0+3.10">2</edge-label>
<edge-label id="1.0+3.14">2</edge-label>
<edge-label id="1.0+3.17">2</edge-label>
<edge-label id="1.0+3.19">2</edge-label>
<edge-label id="1.0+3.5">12</edge-label>
<edge-label id="1.1+0.154">1</edge-label>
<edge-label id="1.1+0.172">2</edge-label>
<edge-label id="1.1+0.189">2</edge-label>
<edge-label id="1.1+0.205">2</edge-label>
<edge-label id="1.1+0.220">2</edge-label>
<edge-label id="1.1+0.234">2</edge-label>
<edge-label id="1.1+0.247">2</edge-label>
<edge-label id="1.1+0.259">2</edge-label>
<edge-label id="1.1+0.270">2</edge-label>
<edge-label id="1.1+0.280">2</edge-label>
<edge-label id="1.1+0.289">2</edge-label>
<edge-label id="1.1+0.297">2</edge-label>
<edge-label id="1.1+0.304">2</edge-label>
<edge-label id="1.1+0.310">2</edge-label>
<edge-label id="1.1+0.315">2</edge-label>
<edge-label id="1.1+0.319">2</edge-label>
<edge-label id="1.1+0.322">1</edge-label>
<edge-label id="1.1+2.12">6</edge-label>
<edge-label id="1.1+2.23">2</edge-label>
<edge-label id="1.1+2.33">2</edge-label>
<edge-label id="1.1+2.42">2</edge-label>
<edge-label id="1.1+2.50">2</edge-label>
<edge-label id="1.1+2.57">2</edge-label>
<edge-label id="1.1+2.63">2</edge-label>
<edge-label id="1.1+2.68">2</edge-label>
<edge-label id="1.1+2.72">2</edge-label>
<edge-label id="1.1+2.75">2</edge-label>
<edge-label id="1.1+3.11">2</edge-label>
<edge-label id="1.1+3.15">2</edge-label>
<edge-label id="1.1+3.18">2</edge-label>
<edge-label id="1.1+3.6">12</edge-label>
<edge-label id="1.10+0.103">2</edge-label>
<edge-label id="1.10+0.124">2</edge-label>
<edge-label id="1.10+0.144">2</edge-label>
<edge-label id="1.10+0.163">2</edge-label>
<edge-label id="1.10+0.181">2</edge-label>
<edge-label id="1.10+0.198">2</edge-label>
<edge-label id="1.10+0.214">2</edge-label>
<edge-label id="1.10+0.229">2</edge-label>
<edge-label id="1.10+0.243">2</edge-label>
<edge-label id="1.10+0.256">2</edge-label>
<edge-label id="1.10+0.268">1</edge-label>
<edge-label id="1.10+0.34">4</edge-label>
<edge-label id="1.10+0.58">2</edge-label>
<edge-label id="1.10+0.81">2</edge-label>
<edge-label id="1.10+2.21">6</edge-label>
<edge-label id="1.104+0.647">1</edge-label>
<edge-label id="1.104+2.153">2</edge-label>
<edge-label id="1.104+3.39">2</edge-label>
<edge-label id="1.105+0.646">1</edge-label>
<edge-label id="1.105+2.152">2</edge-label>
<edge-label id="1.105+3.38">2</edge-label>
<edge-label id="1.106+2.153">2</edge-label>
<edge-label id="1.106+3.39">2</edge-label>
<edge-label id="1.107+0.645">1</edge-label>
<edge-label id="1.107+2.151">2</edge-label>
<edge-label id="1.107+3.37">2</edge-label>
<edge-label id="1.108+2.152">2</edge-label>
<edge-label id="1.108+3.38">2</edge-label>
<edge-label id="1.109+2.153">2</edge-label>
<edge-label id="1.109+3.39">2</edge-label>
<edge-label id="1.11+0.104">2</edge-label>
<edge-label id="1.11+0.125">2</edge-label>
<edge-label id="1.11+0.145">2</edge-label>
<edge-label id="1.11+0.164">2</edge-label>
<edge-label id="1.11+0.182">2</edge-label>
<edge-label id="1.11+0.199">2</edge-label>
<edge-label id="1.11+0.215">2</edge-label>
<edge-label id="1.11+0.230">2</edge-label>
<edge-label id="1.11+0.244">2</edge-label>
<edge-label id="1.11+0.257">1</edge-label>
<edge-label id="1.11+0.35">5</edge-label>
<edge-label id="1.11+0.59">2</edge-label>
<edge-label id="1.11+0.82">2</edge-label>
<edge-label id="1.110+0.644">1</edge-label>
<edge-label id="1.110+2.150">2</edge-label>
<edge-label id="1.110+3.36">2</edge-label>
<edge-label id="1.111+2.151">2</edge-label>
<edge-label id="1.111+3.37">2</edge-label>
<edge-label id="1.112+2.152">2</edge-label>
<edge-label id="1.112+3.38">2</edge-label>
<edge-label id="1.113+2.153">2</edge-label>
<edge-label id="1.113+3.39">2</edge-label>
<edge-label id="1.114+0.643">1</edge-label>
<edge-label id="1.114+2.149">2</edge-label>
<edge-label id="1.114+3.35">12</edge-label>
<edge-label id="1.115+2.150">2</edge-label>
<edge-label id="1.115+3.36">2</edge-label>
<edge-label id="1.116+2.151">2</edge-label>
<edge-label id="1.116+3.37">2</edge-label>
<edge-label id="1.117+2.152">2</edge-label>
<edge-label id="1.117+3.38">2</edge-label>
<edge-label id="1.118+2.153">2</edge-label>
<edge-label id="1.118+3.39">2</edge-label>
<edge-label id="1.119+0.642">1</edge-label>
<edge-label id="1.119+2.148">2</edge-label>
<edge-label id="1.12+0.105">6</edge-label>
<edge-label id="1.12+0.126">6</edge-label>
<edge-label id="1.12+0.146">6</edge-label>
<edge-label id="1.12+0.165">6</edge-label>
<edge-label id="1.12+0.183">5</edge-label>
<edge-label id="1.12+0.200">4</edge-label>
<edge-label id="1.12+0.216">3</edge-label>
<edge-label id="1.12+0.231">2</edge-label>
<edge-label id="1.12+0.245">1</edge-label>
<edge-label id="1.12+0.36">6</edge-label>
<edge-label id="1.12+0.60">6</edge-label>
<edge-label id="1.12+0.83">6</edge-label>
<edge-label id="1.120+2.149">2</edge-label>
<edge-label id="1.120+3.35">12</edge-label>
<edge-label id="1.121+2.150">2</edge-label>
<edge-label id="1.121+3.36">2</edge-label>
<edge-label id="1.122+2.151">2</edge-label>
<edge-label id="1.122+3.37">2</edge-label>
<edge-label id="1.123+2.152">2</edge-label>
<edge-label id="1.123+3.38">2</edge-label>
<edge-label id="1.124+2.153">2</edge-label>
<edge-label id="1.124+3.39">2</edge-label>
<edge-label id="1.125+0.641">1</edge-label>
<edge-label id="1.125+2.147">2</edge-label>
<edge-label id="1.126+2.148">2</edge-label>
<edge-label id="1.127+2.149">2</edge-label>
<edge-label id="1.127+3.35">12</edge-label>
<edge-label id="1.128+2.150">2</edge-label>
<edge-label id="1.128+3.36">2</edge-label>
<edge-label id="1.129+2.151">2</edge-label>
<edge-label id="1.129+3.37">2</edge-label>
<edge-label id="1.130+2.152">2</edge-label>
<edge-label id="1.130+3.38">2</edge-label>
<edge-label id="1.131+2.153">2</edge-label>
<edge-label id="1.131+3.39">2</edge-label>
<edge-label id="1.132+0.640">1</edge-label>
<edge-label id="1.132+2.146">2</edge-label>
<edge-label id="1.133+2.147">2</edge-label>
<edge-label id="1.134+2.148">2</edge-label>
<edge-label id="1.135+2.149">2</edge-label>
<edge-label id="1.135+3.35">12</edge-label>
<edge-label id="1.136+2.150">2</edge-label>
<edge-label id="1.136+3.36">2</edge-label>
<edge-label id="1.137+2.151">2</edge-label>
<edge-label id="1.137+3.37">2</edge-label>
<edge-label id="1.138+2.152">2</edge-label>
<edge-label id="1.138+3.38">2</edge-label>
<edge-label id="1.139+2.153">2</edge-label>
<edge-label id="1.139+3.39">2</edge-label>
<edge-label id="1.140+0.639">1</edge-label>
<edge-label id="1.140+2.145">2</edge-label>
<edge-label id="1.141+2.146">2</edge-label>
<edge-label id="1.142+2.147">2</edge-label>
<edge-label id="1.143+2.148">2</edge-label>
<edge-label id="1.144+2.149">2</edge-label>
<edge-label id="1.144+3.35">12</edge-label>
<edge-label id="1.145+2.150">2</edge-label>
<edge-label id="1.145+3.36">2</edge-label>
<edge-label id="1.146+2.151">2</edge-label>
<edge-label id="1.146+3.37">2</edge-label>
<edge-label id="1.147+2.152">2</edge-label>
<edge-label id="1.147+3.38">2</edge-label>
<edge-label id="1.148+2.153">2</edge-label>
<edge-label id="1.148+3.39">2</edge-label>
<edge-label id="1.149+0.638">1</edge-label>
<edge-label id="1.149+2.144">2</edge-label>
<edge-label id="1.150+2.145">2</edge-label>
<edge-label id="1.151+2.146">2</edge-label>
<edge-label id="1.152+2.147">2</edge-label>
<edge-label id="1.153+2.148">2</edge-label>
<edge-label id="1.154+2.149">2</edge-label>
<edge-label id="1.154+3.35">12</edge-label>
<edge-label id="1.155+2.150">2</edge-label>
<edge-label id="1.155+3.36">2</edge-label>
<edge-label id="1.156+2.151">2</edge-label>
<edge-label id="1.156+3.37">2</edge-label>
<edge-label id="1.157+2.152">2</edge-label>
<edge-label id="1.157+3.38">2</edge-label>
<edge-label id="1.158+2.153">2</edge-label>
<edge-label id="1.158+3.39">2</edge-label>
<edge-label id="1.159+0.637">1</edge-label>
<edge-label id="1.159+2.143">6</edge-label>
<edge-label id="1.160+2.144">2</edge-label>
<edge-label id="1.161+2.145">2</edge-label>
<edge-label id="1.162+2.146">2</edge-label>
<edge-label id="1.163+2.147">2</edge-label>
<edge-label id="1.164+2.148">2</edge-label>
<edge-label id="1.165+2.149">2</edge-label>
<edge-label id="1.165+3.35">12</edge-label>
<edge-label id="1.166+2.150">2</edge-label>
<edge-label id="1.166+3.36">2</edge-label>
<edge-label id="1.167+2.151">2</edge-label>
<edge-label id="1.167+3.37">2</edge-label>
<edge-label id="1.168+2.152">2</edge-label>
<edge-label id="1.168+3.38">2</edge-label>
<edge-label id="1.169+2.153">2</edge-label>
<edge-label id="1.169+3.39">2</edge-label>
<edge-label id="1.170+0.636">1</edge-label>
<edge-label id="1.171+2.143">6</edge-label>
<edge-label id="1.172+2.144">2</edge-label>
<edge-label id="1.173+2.145">2</edge-label>
<edge-label id="1.174+2.146">2</edge-label>
<edge-label id="1.175+2.147">2</edge-label>
<edge-label id="1.176+2.148">2</edge-label>
<edge-label id="1.177+2.149">2</edge-label>
<edge-label id="1.177+3.35">12</edge-label>
<edge-label id="1.178+2.150">2</edge-label>
<edge-label id="1.178+3.36">2</edge-label>
<edge-label id="1.179+2.151">2</edge-label>
<edge-label id="1.179+3.37">2</edge-label>
<edge-label id="1.180+2.152">2</edge-label>
<edge-label id="1.180+3.38">2</edge-label>
<edge-label id="1.181+2.153">2</edge-label>
<edge-label id="1.181+3.39">2</edge-label>
<edge-label id="1.182+0.635">1</edge-label>
<edge-label id="1.184+2.143">6</edge-label>
<edge-label id="1.185+2.144">6</edge-label>
<edge-label id="1.186+2.145">6</edge-label>
<edge-label id="1.187+2.146">6</edge-label>
<edge-label id="1.188+2.147">6</edge-label>
<edge-label id="1.189+2.148">6</edge-label>
<edge-label id="1.190+2.149">6</edge-label>
<edge-label id="1.190+3.35">12</edge-label>
<edge-label id="1.191+2.150">5</edge-label>
<edge-label id="1.191+3.36">11</edge-label>
<edge-label id="1.192+2.151">4</edge-label>
<edge-label id="1.192+3.37">10</edge-label>
<edge-label id="1.193+2.152">3</edge-label>
<edge-label id="1.193+3.38">9</edge-label>
<edge-label id="1.194+2.153">2</edge-label>
<edge-label id="1.194+3.39">8</edge-label>
<edge-label id="1.2+0.136">1</edge-label>
<edge-label id="1.2+0.155">2</edge-label>
<edge-label id="1.2+0.173">2</edge-label>
<edge-label id="1.2+0.190">2</edge-label>
<edge-label id="1.2+0.206">2</edge-label>
<edge-label id="1.2+0.221">2</edge-label>
<edge-label id="1.2+0.235">2</edge-label>
<edge-label id="1.2+0.248">2</edge-label>
<edge-label id="1.2+0.260">2</edge-label>
<edge-label id="1.2+0.271">2</edge-label>
<edge-label id="1.2+0.281">2</edge-label>
<edge-label id="1.2+0.290">2</edge-label>
<edge-label id="1.2+0.298">2</edge-label>
<edge-label id="1.2+0.305">2</edge-label>
<edge-label id="1.2+0.311">2</edge-label>
<edge-label id="1.2+0.316">2</edge-label>
<edge-label id="1.2+0.320">1</edge-label>
<edge-label id="1.2+2.13">6</edge-label>
<edge-label id="1.2+2.24">2</edge-label>
<edge-label id="1.2+2.34">2</edge-label>
<edge-label id="1.2+2.43">2</edge-label>
<edge-label id="1.2+2.51">2</edge-label>
<edge-label id="1.2+2.58">2</edge-label>
<edge-label id="1.2+2.64">2</edge-label>
<edge-label id="1.2+2.69">2</edge-label>
<edge-label id="1.2+2.73">2</edge-label>
<edge-label id="1.2+3.12">2</edge-label>
<edge-label id="1.2+3.16">2</edge-label>
<edge-label id="1.2+3.7">12</edge-label>
<edge-label id="1.3+0.117">1</edge-label>
<edge-label id="1.3+0.137">2</edge-label>
<edge-label id="1.3+0.156">2</edge-label>
<edge-label id="1.3+0.174">2</edge-label>
<edge-label id="1.3+0.191">2</edge-label>
<edge-label id="1.3+0.207">2</edge-label>
<edge-label id="1.3+0.222">2</edge-label>
<edge-label id="1.3+0.236">2</edge-label>
<edge-label id="1.3+0.249">2</edge-label>
<edge-label id="1.3+0.261">2</edge-label>
<edge-label id="1.3+0.272">2</edge-label>
<edge-label id="1.3+0.282">2</edge-label>
<edge-label id="1.3+0.291">2</edge-label>
<edge-label id="1.3+0.299">2</edge-label>
<edge-label id="1.3+0.306">2</edge-label>
<edge-label id="1.3+0.312">2</edge-label>
<edge-label id="1.3+0.317">1</edge-label>
<edge-label id="1.3+2.14">6</edge-label>
<edge-label id="1.3+2.25">2</edge-label>
<edge-label id="1.3+2.35">2</edge-label>
<edge-label id="1.3+2.44">2</edge-label>
<edge-label id="1.3+2.52">2</edge-label>
<edge-label id="1.3+2.59">2</edge-label>
<edge-label id="1.3+2.65">2</edge-label>
<edge-label id="1.3+2.70">2</edge-label>
<edge-label id="1.3+3.13">2</edge-label>
<edge-label id="1.3+3.8">12</edge-label>
<edge-label id="1.4+0.118">2</edge-label>
<edge-label id="1.4+0.138">2</edge-label>
<edge-label id="1.4+0.157">2</edge-label>
<edge-label id="1.4+0.175">2</edge-label>
<edge-label id="1.4+0.192">2</edge-label>
<edge-label id="1.4+0.208">2</edge-label>
<edge-label id="1.4+0.223">2</edge-label>
<edge-label id="1.4+0.237">2</edge-label>
<edge-label id="1.4+0.250">2</edge-label>
<edge-label id="1.4+0.262">2</edge-label>
<edge-label id="1.4+0.273">2</edge-label>
<edge-label id="1.4+0.283">2</edge-label>
<edge-label id="1.4+0.292">2</edge-label>
<edge-label id="1.4+0.300">2</edge-label>
<edge-label id="1.4+0.307">2</edge-label>
<edge-label id="1.4+0.313">1</edge-label>
<edge-label id="1.4+0.97">1</edge-label>
<edge-label id="1.4+2.15">6</edge-label>
<edge-label id="1.4+2.26">2</edge-label>
<edge-label id="1.4+2.36">2</edge-label>
<edge-label id="1.4+2.45">2</edge-label>
<edge-label id="1.4+2.53">2</edge-label>
<edge-label id="1.4+2.60">2</edge-label>
<edge-label id="1.4+2.66">2</edge-label>
<edge-label id="1.4+3.9">12</edge-label>
<edge-label id="1.5+0.119">2</edge-label>
<edge-label id="1.5+0.139">2</edge-label>
<edge-label id="1.5+0.158">2</edge-label>
<edge-label id="1.5+0.176">2</edge-label>
<edge-label id="1.5+0.193">2</edge-label>
<edge-label id="1.5+0.209">2</edge-label>
<edge-label id="1.5+0.224">2</edge-label>
<edge-label id="1.5+0.238">2</edge-label>
<edge-label id="1.5+0.251">2</edge-label>
<edge-label id="1.5+0.263">2</edge-label>
<edge-label id="1.5+0.274">2</edge-label>
<edge-label id="1.5+0.284">2</edge-label>
<edge-label id="1.5+0.293">2</edge-label>
<edge-label id="1.5+0.301">2</edge-label>
<edge-label id="1.5+0.308">1</edge-label>
<edge-label id="1.5+0.76">1</edge-label>
<edge-label id="1.5+0.98">2</edge-label>
<edge-label id="1.5+2.16">6</edge-label>
<edge-label id="1.5+2.27">2</edge-label>
<edge-label id="1.5+2.37">2</edge-label>
<edge-label id="1.5+2.46">2</edge-label>
<edge-label id="1.5+2.54">2</edge-label>
<edge-label id="1.5+2.61">2</edge-label>
<edge-label id="1.6+0.120">2</edge-label>
<edge-label id="1.6+0.140">2</edge-label>
<edge-label id="1.6+0.159">2</edge-label>
<edge-label id="1.6+0.177">2</edge-label>
<edge-label id="1.6+0.194">2</edge-label>
<edge-label id="1.6+0.210">2</edge-label>
<edge-label id="1.6+0.225">2</edge-label>
<edge-label id="1.6+0.239">2</edge-label>
<edge-label id="1.6+0.252">2</edge-label>
<edge-label id="1.6+0.264">2</edge-label>
<edge-label id="1.6+0.275">2</edge-label>
<edge-label id="1.6+0.285">2</edge-label>
<edge-label id="1.6+0.294">2</edge-label>
<edge-label id="1.6+0.302">1</edge-label>
<edge-label id="1.6+0.54">1</edge-label>
<edge-label id="1.6+0.77">2</edge-label>
<edge-label id="1.6+0.99">2</edge-label>
<edge-label id="1.6+2.17">6</edge-label>
<edge-label id="1.6+2.28">2</edge-label>
<edge-label id="1.6+2.38">2</edge-label>
<edge-label id="1.6+2.47">2</edge-label>
<edge-label id="1.6+2.55">2</edge-label>
<edge-label id="1.7+0.100">2</edge-label>
<edge-label id="1.7+0.121">2</edge-label>
<edge-label id="1.7+0.141">2</edge-label>
<edge-label id="1.7+0.160">2</edge-label>
<edge-label id="1.7+0.178">2</edge-label>
<edge-label id="1.7+0.195">2</edge-label>
<edge-label id="1.7+0.211">2</edge-label>
<edge-label id="1.7+0.226">2</edge-label>
<edge-label id="1.7+0.240">2</edge-label>
<edge-label id="1.7+0.253">2</edge-label>
<edge-label id="1.7+0.265">2</edge-label>
<edge-label id="1.7+0.276">2</edge-label>
<edge-label id="1.7+0.286">2</edge-label>
<edge-label id="1.7+0.295">1</edge-label>
<edge-label id="1.7+0.31">1</edge-label>
<edge-label id="1.7+0.55">2</edge-label>
<edge-label id="1.7+0.78">2</edge-label>
<edge-label id="1.7+2.18">6</edge-label>
<edge-label id="1.7+2.29">2</edge-label>
<edge-label id="1.7+2.39">2</edge-label>
<edge-label id="1.7+2.48">2</edge-label>
<edge-label id="1.8+0.101">2</edge-label>
<edge-label id="1.8+0.122">2</edge-label>
<edge-label id="1.8+0.142">2</edge-label>
<edge-label id="1.8+0.161">2</edge-label>
<edge-label id="1.8+0.179">2</edge-label>
<edge-label id="1.8+0.196">2</edge-label>
<edge-label id="1.8+0.212">2</edge-label>
<edge-label id="1.8+0.227">2</edge-label>
<edge-label id="1.8+0.241">2</edge-label>
<edge-label id="1.8+0.254">2</edge-label>
<edge-label id="1.8+0.266">2</edge-label>
<edge-label id="1.8+0.277">2</edge-label>
<edge-label id="1.8+0.287">1</edge-label>
<edge-label id="1.8+0.32">2</edge-label>
<edge-label id="1.8+0.56">2</edge-label>
<edge-label id="1.8+0.79">2</edge-label>
<edge-label id="1.8+2.19">6</edge-label>
<edge-label id="1.8+2.30">2</edge-label>
<edge-label id="1.8+2.40">2</edge-label>
<edge-label id="1.9+0.102">2</edge-label>
<edge-label id="1.9+0.123">2</edge-label>
<edge-label id="1.9+0.143">2</edge-label>
<edge-label id="1.9+0.162">2</edge-label>
<edge-label id="1.9+0.180">2</edge-label>
<edge-label id="1.9+0.197">2</edge-label>
<edge-label id="1.9+0.213">2</edge-label>
<edge-label id="1.9+0.228">2</edge-label>
<edge-label id="1.9+0.242">2</edge-label>
<edge-label id="1.9+0.255">2</edge-label>
<edge-label id="1.9+0.267">2</edge-label>
<edge-label id="1.9+0.278">1</edge-label>
<edge-label id="1.9+0.33">3</edge-label>
<edge-label id="1.9+0.57">2</edge-label>
<edge-label id="1.9+0.80">2</edge-label>
<edge-label id="1.9+2.20">6</edge-label>
<edge-label id="1.9+2.31">2</edge-label>
<edge-label id="2.0+0.134">1</edge-label>
<edge-label id="2.0+0.153">2</edge-label>
<edge-label id="2.0+0.171">2</edge-label>
<edge-label id="2.0+0.188">2</edge-label>
<edge-label id="2.0+0.204">2</edge-label>
<edge-label id="2.0+0.219">2</edge-label>
<edge-label id="2.0+0.233">2</edge-label>
<edge-label id="2.0+0.246">2</edge-label>
<edge-label id="2.0+0.258">2</edge-label>
<edge-label id="2.0+0.269">2</edge-label>
<edge-label id="2.0+0.279">2</edge-label>
<edge-label id="2.0+0.288">2</edge-label>
<edge-label id="2.0+0.296">2</edge-label>
<edge-label id="2.0+0.303">2</edge-label>
<edge-label id="2.0+0.309">2</edge-label>
<edge-label id="2.0+0.314">2</edge-label>
<edge-label id="2.0+0.318">2</edge-label>
<edge-label id="2.0+0.321">2</edge-label>
<edge-label id="2.0+0.323">1</edge-label>
<edge-label id="2.0+1.101">2</edge-label>
<edge-label id="2.0+1.103">2</edge-label>
<edge-label id="2.0+1.13">6</edge-label>
<edge-label id="2.0+1.26">2</edge-label>
<edge-label id="2.0+1.38">2</edge-label>
<edge-label id="2.0+1.49">2</edge-label>
<edge-label id="2.0+1.59">2</edge-label>
<edge-label id="2.0+1.68">2</edge-label>
<edge-label id="2.0+1.76">2</edge-label>
<edge-label id="2.0+1.83">2</edge-label>
<edge-label id="2.0+1.89">2</edge-label>
<edge-label id="2.0+1.94">2</edge-label>
<edge-label id="2.0+1.98">2</edge-label>
<edge-label id="2.0+3.10">2</edge-label>
<edge-label id="2.0+3.14">2</edge-label>
<edge-label id="2.0+3.17">2</edge-label>
<edge-label id="2.0+3.19">2</edge-label>
<edge-label id="2.0+3.5">14</edge-label>
<edge-label id="2.1+0.115">1</edge-label>
<edge-label id="2.1+0.135">2</edge-label>
<edge-label id="2.1+0.154">2</edge-label>
<edge-label id="2.1+0.172">2</edge-label>
<edge-label id="2.1+0.189">2</edge-label>
<edge-label id="2.1+0.205">2</edge-label>
<edge-label id="2.1+0.220">2</edge-label>
<edge-label id="2.1+0.234">2</edge-label>
<edge-label id="2.1+0.247">2</edge-label>
<edge-label id="2.1+0.259">2</edge-label>
<edge-label id="2.1+0.270">2</edge-label>
<edge-label id="2.1+0.280">2</edge-label>
<edge-label id="2.1+0.289">2</edge-label>
<edge-label id="2.1+0.297">2</edge-label>
<edge-label id="2.1+0.304">2</edge-label>
<edge-label id="2.1+0.310">2</edge-label>
<edge-label id="2.1+0.315">2</edge-label>
<edge-label id="2.1+0.319">2</edge-label>
<edge-label id="2.1+0.322">1</edge-label>
<edge-label id="2.1+1.102">2</edge-label>
<edge-label id="2.1+1.14">6</edge-label>
<edge-label id="2.1+1.27">2</edge-label>
<edge-label id="2.1+1.39">2</edge-label>
<edge-label id="2.1+1.50">2</edge-label>
<edge-label id="2.1+1.60">2</edge-label>
<edge-label id="2.1+1.69">2</edge-label>
<edge-label id="2.1+1.77">2</edge-label>
<edge-label id="2.1+1.84">2</edge-label>
<edge-label id="2.1+1.90">2</edge-label>
<edge-label id="2.1+1.95">2</edge-label>
<edge-label id="2.1+1.99">2</edge-label>
<edge-label id="2.1+3.11">2</edge-label>
<edge-label id="2.1+3.15">2</edge-label>
<edge-label id="2.1+3.18">2</edge-label>
<edge-label id="2.1+3.6">14</edge-label>
<edge-label id="2.10+0.103">6</edge-label>
<edge-label id="2.10+0.124">6</edge-label>
<edge-label id="2.10+0.144">6</edge-label>
<edge-label id="2.10+0.163">6</edge-label>
<edge-label id="2.10+0.181">6</edge-label>
<edge-label id="2.10+0.198">6</edge-label>
<edge-label id="2.10+0.214">5</edge-label>
<edge-label id="2.10+0.229">4</edge-label>
<edge-label id="2.10+0.243">3</edge-label>
<edge-label id="2.10+0.256">2</edge-label>
<edge-label id="2.10+0.268">1</edge-label>
<edge-label id="2.10+0.34">6</edge-label>
<edge-label id="2.10+0.58">6</edge-label>
<edge-label id="2.10+0.81">6</edge-label>
<edge-label id="2.10+1.23">6</edge-label>
<edge-label id="2.10+1.36">6</edge-label>
<edge-label id="2.10+1.48">6</edge-label>
<edge-label id="2.100+1.203">2</edge-label>
<edge-label id="2.100+3.35">14</edge-label>
<edge-label id="2.101+1.204">2</edge-label>
<edge-label id="2.101+3.36">2</edge-label>
<edge-label id="2.102+1.205">2</edge-label>
<edge-label id="2.102+3.37">2</edge-label>
<edge-label id="2.103+1.206">2</edge-label>
<edge-label id="2.103+3.38">2</edge-label>
<edge-label id="2.104+1.207">2</edge-label>
<edge-label id="2.104+3.39">2</edge-label>
<edge-label id="2.105+0.640">1</edge-label>
<edge-label id="2.105+1.200">2</edge-label>
<edge-label id="2.106+1.201">2</edge-label>
<edge-label id="2.107+1.202">2</edge-label>
<edge-label id="2.108+1.203">2</edge-label>
<edge-label id="2.108+3.35">14</edge-label>
<edge-label id="2.109+1.204">2</edge-label>
<edge-label id="2.109+3.36">2</edge-label>
<edge-label id="2.110+1.205">2</edge-label>
<edge-label id="2.110+3.37">2</edge-label>
<edge-label id="2.111+1.206">2</edge-label>
<edge-label id="2.111+3.38">2</edge-label>
<edge-label id="2.112+1.207">2</edge-label>
<edge-label id="2.112+3.39">2</edge-label>
<edge-label id="2.113+0.639">1</edge-label>
<edge-label id="2.113+1.199">2</edge-label>
<edge-label id="2.114+1.200">2</edge-label>
<edge-label id="2.115+1.201">2</edge-label>
<edge-label id="2.116+1.202">2</edge-label>
<edge-label id="2.117+1.203">2</edge-label>
<edge-label id="2.117+3.35">14</edge-label>
<edge-label id="2.118+1.204">2</edge-label>
<edge-label id="2.118+3.36">2</edge-label>
<edge-label id="2.119+1.205">2</edge-label>
<edge-label id="2.119+3.37">2</edge-label>
<edge-label id="2.120+1.206">2</edge-label>
<edge-label id="2.120+3.38">2</edge-label>
<edge-label id="2.121+1.207">2</edge-label>
<edge-label id="2.121+3.39">2</edge-label>
<edge-label id="2.122+0.638">1</edge-label>
<edge-label id="2.122+1.198">2</edge-label>
<edge-label id="2.123+1.199">2</edge-label>
<edge-label id="2.124+1.200">2</edge-label>
<edge-label id="2.125+1.201">2</edge-label>
<edge-label id="2.126+1.202">2</edge-label>
<edge-label id="2.127+1.203">2</edge-label>
<edge-label id="2.127+3.35">14</edge-label>
<edge-label id="2.128+1.204">2</edge-label>
<edge-label id="2.128+3.36">2</edge-label>
<edge-label id="2.129+1.205">2</edge-label>
<edge-label id="2.129+3.37">2</edge-label>
<edge-label id="2.130+1.206">2</edge-label>
<edge-label id="2.130+3.38">2</edge-label>
<edge-label id="2.131+1.207">2</edge-label>
<edge-label id="2.131+3.39">2</edge-label>
<edge-label id="2.132+0.637">1</edge-label>
<edge-label id="2.132+1.197">6</edge-label>
<edge-label id="2.133+1.198">6</edge-label>
<edge-label id="2.134+1.199">6</edge-label>
<edge-label id="2.135+1.200">6</edge-label>
<edge-label id="2.136+1.201">6</edge-label>
<edge-label id="2.137+1.202">6</edge-label>
<edge-label id="2.138+1.203">6</edge-label>
<edge-label id="2.138+3.35">14</edge-label>
<edge-label id="2.139+1.204">5</edge-label>
<edge-label id="2.139+3.36">13</edge-label>
<edge-label id="2.140+1.205">4</edge-label>
<edge-label id="2.140+3.37">12</edge-label>
<edge-label id="2.141+1.206">3</edge-label>
<edge-label id="2.141+3.38">11</edge-label>
<edge-label id="2.142+1.207">2</edge-label>
<edge-label id="2.142+3.39">10</edge-label>
<edge-label id="2.2+0.116">2</edge-label>
<edge-label id="2.2+0.136">2</edge-label>
<edge-label id="2.2+0.155">2</edge-label>
<edge-label id="2.2+0.173">2</edge-label>
<edge-label id="2.2+0.190">2</edge-label>
<edge-label id="2.2+0.206">2</edge-label>
<edge-label id="2.2+0.221">2</edge-label>
<edge-label id="2.2+0.235">2</edge-label>
<edge-label id="2.2+0.248">2</edge-label>
<edge-label id="2.2+0.260">2</edge-label>
<edge-label id="2.2+0.271">2</edge-label>
<edge-label id="2.2+0.281">2</edge-label>
<edge-label id="2.2+0.290">2</edge-label>
<edge-label id="2.2+0.298">2</edge-label>
<edge-label id="2.2+0.305">2</edge-label>
<edge-label id="2.2+0.311">2</edge-label>
<edge-label id="2.2+0.316">2</edge-label>
<edge-label id="2.2+0.320">1</edge-label>
<edge-label id="2.2+0.95">1</edge-label>
<edge-label id="2.2+1.100">2</edge-label>
<edge-label id="2.2+1.15">6</edge-label>
<edge-label id="2.2+1.28">2</edge-label>
<edge-label id="2.2+1.40">2</edge-label>
<edge-label id="2.2+1.51">2</edge-label>
<edge-label id="2.2+1.61">2</edge-label>
<edge-label id="2.2+1.70">2</edge-label>
<edge-label id="2.2+1.78">2</edge-label>
<edge-label id="2.2+1.85">2</edge-label>
<edge-label id="2.2+1.91">2</edge-label>
<edge-label id="2.2+1.96">2</edge-label>
<edge-label id="2.2+3.12">2</edge-label>
<edge-label id="2.2+3.16">2</edge-label>
<edge-label id="2.2+3.7">14</edge-label>
<edge-label id="2.3+0.117">2</edge-label>
<edge-label id="2.3+0.137">2</edge-label>
<edge-label id="2.3+0.156">2</edge-label>
<edge-label id="2.3+0.174">2</edge-label>
<edge-label id="2.3+0.191">2</edge-label>
<edge-label id="2.3+0.207">2</edge-label>
<edge-label id="2.3+0.222">2</edge-label>
<edge-label id="2.3+0.236">2</edge-label>
<edge-label id="2.3+0.249">2</edge-label>
<edge-label id="2.3+0.261">2</edge-label>
<edge-label id="2.3+0.272">2</edge-label>
<edge-label id="2.3+0.282">2</edge-label>
<edge-label id="2.3+0.291">2</edge-label>
<edge-label id="2.3+0.299">2</edge-label>
<edge-label id="2.3+0.306">2</edge-label>
<edge-label id="2.3+0.312">2</edge-label>
<edge-label id="2.3+0.317">1</edge-label>
<edge-label id="2.3+0.74">1</edge-label>
<edge-label id="2.3+0.96">2</edge-label>
<edge-label id="2.3+1.16">6</edge-label>
<edge-label id="2.3+1.29">2</edge-label>
<edge-label id="2.3+1.41">2</edge-label>
<edge-label id="2.3+1.52">2</edge-label>
<edge-label id="2.3+1.62">2</edge-label>
<edge-label id="2.3+1.71">2</edge-label>
<edge-label id="2.3+1.79">2</edge-label>
<edge-label id="2.3+1.86">2</edge-label>
<edge-label id="2.3+1.92">2</edge-label>
<edge-label id="2.3+1.97">2</edge-label>
<edge-label id="2.3+3.13">2</edge-label>
<edge-label id="2.3+3.8">14</edge-label>
<edge-label id="2.4+0.118">2</edge-label>
<edge-label id="2.4+0.138">2</edge-label>
<edge-label id="2.4+0.157">2</edge-label>
<edge-label id="2.4+0.175">2</edge-label>
<edge-label id="2.4+0.192">2</edge-label>
<edge-label id="2.4+0.208">2</edge-label>
<edge-label id="2.4+0.223">2</edge-label>
<edge-label id="2.4+0.237">2</edge-label>
<edge-label id="2.4+0.250">2</edge-label>
<edge-label id="2.4+0.262">2</edge-label>
<edge-label id="2.4+0.273">2</edge-label>
<edge-label id="2.4+0.283">2</edge-label>
<edge-label id="2.4+0.292">2</edge-label>
<edge-label id="2.4+0.300">2</edge-label>
<edge-label id="2.4+0.307">2</edge-label>
<edge-label id="2.4+0.313">1</edge-label>
<edge-label id="2.4+0.52">1</edge-label>
<edge-label id="2.4+0.75">2</edge-label>
<edge-label id="2.4+0.97">2</edge-label>
<edge-label id="2.4+1.17">6</edge-label>
<edge-label id="2.4+1.30">2</edge-label>
<edge-label id="2.4+1.42">2</edge-label>
<edge-label id="2.4+1.53">2</edge-label>
<edge-label id="2.4+1.63">2</edge-label>
<edge-label id="2.4+1.72">2</edge-label>
<edge-label id="2.4+1.80">2</edge-label>
<edge-label id="2.4+1.87">2</edge-label>
<edge-label id="2.4+1.93">2</edge-label>
<edge-label id="2.4+3.9">14</edge-label>
<edge-label id="2.5+0.119">2</edge-label>
<edge-label id="2.5+0.139">2</edge-label>
<edge-label id="2.5+0.158">2</edge-label>
<edge-label id="2.5+0.176">2</edge-label>
<edge-label id="2.5+0.193">2</edge-label>
<edge-label id="2.5+0.209">2</edge-label>
<edge-label id="2.5+0.224">2</edge-label>
<edge-label id="2.5+0.238">2</edge-label>
<edge-label id="2.5+0.251">2</edge-label>
<edge-label id="2.5+0.263">2</edge-label>
<edge-label id="2.5+0.274">2</edge-label>
<edge-label id="2.5+0.284">2</edge-label>
<edge-label id="2.5+0.29">1</edge-label>
<edge-label id="2.5+0.293">2</edge-label>
<edge-label id="2.5+0.301">2</edge-label>
<edge-label id="2.5+0.308">1</edge-label>
<edge-label id="2.5+0.53">2</edge-label>
<edge-label id="2.5+0.76">2</edge-label>
<edge-label id="2.5+0.98">2</edge-label>
<edge-label id="2.5+1.18">6</edge-label>
<edge-label id="2.5+1.31">2</edge-label>
<edge-label id="2.5+1.43">2</edge-label>
<edge-label id="2.5+1.54">2</edge-label>
<edge-label id="2.5+1.64">2</edge-label>
<edge-label id="2.5+1.73">2</edge-label>
<edge-label id="2.5+1.81">2</edge-label>
<edge-label id="2.5+1.88">2</edge-label>
<edge-label id="2.6+0.120">2</edge-label>
<edge-label id="2.6+0.140">2</edge-label>
<edge-label id="2.6+0.159">2</edge-label>
<edge-label id="2.6+0.177">2</edge-label>
<edge-label id="2.6+0.194">2</edge-label>
<edge-label id="2.6+0.210">2</edge-label>
<edge-label id="2.6+0.225">2</edge-label>
<edge-label id="2.6+0.239">2</edge-label>
<edge-label id="2.6+0.252">2</edge-label>
<edge-label id="2.6+0.264">2</edge-label>
<edge-label id="2.6+0.275">2</edge-label>
<edge-label id="2.6+0.285">2</edge-label>
<edge-label id="2.6+0.294">2</edge-label>
<edge-label id="2.6+0.30">2</edge-label>
<edge-label id="2.6+0.302">1</edge-label>
<edge-label id="2.6+0.54">2</edge-label>
<edge-label id="2.6+0.77">2</edge-label>
<edge-label id="2.6+0.99">2</edge-label>
<edge-label id="2.6+1.19">6</edge-label>
<edge-label id="2.6+1.32">2</edge-label>
<edge-label id="2.6+1.44">2</edge-label>
<edge-label id="2.6+1.55">2</edge-label>
<edge-label id="2.6+1.65">2</edge-label>
<edge-label id="2.6+1.74">2</edge-label>
<edge-label id="2.6+1.82">2</edge-label>
<edge-label id="2.7+0.100">2</edge-label>
<edge-label id="2.7+0.121">2</edge-label>
<edge-label id="2.7+0.141">2</edge-label>
<edge-label id="2.7+0.160">2</edge-label>
<edge-label id="2.7+0.178">2</edge-label>
<edge-label id="2.7+0.195">2</edge-label>
<edge-label id="2.7+0.211">2</edge-label>
<edge-label id="2.7+0.226">2</edge-label>
<edge-label id="2.7+0.240">2</edge-label>
<edge-label id="2.7+0.253">2</edge-label>
<edge-label id="2.7+0.265">2</edge-label>
<edge-label id="2.7+0.276">2</edge-label>
<edge-label id="2.7+0.286">2</edge-label>
<edge-label id="2.7+0.295">1</edge-label>
<edge-label id="2.7+0.31">3</edge-label>
<edge-label id="2.7+0.55">2</edge-label>
<edge-label id="2.7+0.78">2</edge-label>
<edge-label id="2.7+1.20">6</edge-label>
<edge-label id="2.7+1.33">2</edge-label>
<edge-label id="2.7+1.45">2</edge-label>
<edge-label id="2.7+1.56">2</edge-label>
<edge-label id="2.7+1.66">2</edge-label>
<edge-label id="2.7+1.75">2</edge-label>
<edge-label id="2.77+0.647">1</edge-label>
<edge-label id="2.77+1.207">2</edge-label>
<edge-label id="2.77+3.39">2</edge-label>
<edge-label id="2.78+0.646">1</edge-label>
<edge-label id="2.78+1.206">2</edge-label>
<edge-label id="2.78+3.38">2</edge-label>
<edge-label id="2.79+1.207">2</edge-label>
<edge-label id="2.79+3.39">2</edge-label>
<edge-label id="2.8+0.101">2</edge-label>
<edge-label id="2.8+0.122">2</edge-label>
<edge-label id="2.8+0.142">2</edge-label>
<edge-label id="2.8+0.161">2</edge-label>
<edge-label id="2.8+0.179">2</edge-label>
<edge-label id="2.8+0.196">2</edge-label>
<edge-label id="2.8+0.212">2</edge-label>
<edge-label id="2.8+0.227">2</edge-label>
<edge-label id="2.8+0.241">2</edge-label>
<edge-label id="2.8+0.254">2</edge-label>
<edge-label id="2.8+0.266">2</edge-label>
<edge-label id="2.8+0.277">2</edge-label>
<edge-label id="2.8+0.287">1</edge-label>
<edge-label id="2.8+0.32">4</edge-label>
<edge-label id="2.8+0.56">2</edge-label>
<edge-label id="2.8+0.79">2</edge-label>
<edge-label id="2.8+1.21">6</edge-label>
<edge-label id="2.8+1.34">2</edge-label>
<edge-label id="2.8+1.46">2</edge-label>
<edge-label id="2.8+1.57">2</edge-label>
<edge-label id="2.8+1.67">2</edge-label>
<edge-label id="2.80+0.645">1</edge-label>
<edge-label id="2.80+1.205">2</edge-label>
<edge-label id="2.80+3.37">2</edge-label>
<edge-label id="2.81+1.206">2</edge-label>
<edge-label id="2.81+3.38">2</edge-label>
<edge-label id="2.82+1.207">2</edge-label>
<edge-label id="2.82+3.39">2</edge-label>
<edge-label id="2.83+0.644">1</edge-label>
<edge-label id="2.83+1.204">2</edge-label>
<edge-label id="2.83+3.36">2</edge-label>
<edge-label id="2.84+1.205">2</edge-label>
<edge-label id="2.84+3.37">2</edge-label>
<edge-label id="2.85+1.206">2</edge-label>
<edge-label id="2.85+3.38">2</edge-label>
<edge-label id="2.86+1.207">2</edge-label>
<edge-label id="2.86+3.39">2</edge-label>
<edge-label id="2.87+0.643">1</edge-label>
<edge-label id="2.87+1.203">2</edge-label>
<edge-label id="2.87+3.35">14</edge-label>
<edge-label id="2.88+1.204">2</edge-label>
<edge-label id="2.88+3.36">2</edge-label>
<edge-label id="2.89+1.205">2</edge-label>
<edge-label id="2.89+3.37">2</edge-label>
<edge-label id="2.9+0.102">2</edge-label>
<edge-label id="2.9+0.123">2</edge-label>
<edge-label id="2.9+0.143">2</edge-label>
<edge-label id="2.9+0.162">2</edge-label>
<edge-label id="2.9+0.180">2</edge-label>
<edge-label id="2.9+0.197">2</edge-label>
<edge-label id="2.9+0.213">2</edge-label>
<edge-label id="2.9+0.228">2</edge-label>
<edge-label id="2.9+0.242">2</edge-label>
<edge-label id="2.9+0.255">2</edge-label>
<edge-label id="2.9+0.267">2</edge-label>
<edge-label id="2.9+0.278">1</edge-label>
<edge-label id="2.9+0.33">5</edge-label>
<edge-label id="2.9+0.57">2</edge-label>
<edge-label id="2.9+0.80">2</edge-label>
<edge-label id="2.9+1.22">6</edge-label>
<edge-label id="2.9+1.35">2</edge-label>
<edge-label id="2.9+1.47">2</edge-label>
<edge-label id="2.9+1.58">2</edge-label>
<edge-label id="2.90+1.206">2</edge-label>
<edge-label id="2.90+3.38">2</edge-label>
<edge-label id="2.91+1.207">2</edge-label>
<edge-label id="2.91+3.39">2</edge-label>
<edge-label id="2.92+0.642">1</edge-label>
<edge-label id="2.92+1.202">2</edge-label>
<edge-label id="2.93+1.203">2</edge-label>
<edge-label id="2.93+3.35">14</edge-label>
<edge-label id="2.94+1.204">2</edge-label>
<edge-label id="2.94+3.36">2</edge-label>
<edge-label id="2.95+1.205">2</edge-label>
<edge-label id="2.95+3.37">2</edge-label>
<edge-label id="2.96+1.206">2</edge-label>
<edge-label id="2.96+3.38">2</edge-label>
<edge-label id="2.97+1.207">2</edge-label>
<edge-label id="2.97+3.39">2</edge-label>
<edge-label id="2.98+0.641">1</edge-label>
<edge-label id="2.98+1.201">2</edge-label>
<edge-label id="2.99+1.202">2</edge-label>
<edge-label id="3.0+0.114">2</edge-label>
<edge-label id="3.0+0.134">2</edge-label>
<edge-label id="3.0+0.153">2</edge-label>
<edge-label id="3.0+0.171">2</edge-label>
<edge-label id="3.0+0.188">2</edge-label>
<edge-label id="3.0+0.204">2</edge-label>
<edge-label id="3.0+0.219">2</edge-label>
<edge-label id="3.0+0.233">2</edge-label>
<edge-label id="3.0+0.24">2</edge-label>
<edge-label id="3.0+0.246">2</edge-label>
<edge-label id="3.0+0.258">2</edge-label>
<edge-label id="3.0+0.269">2</edge-label>
<edge-label id="3.0+0.279">2</edge-label>
<edge-label id="3.0+0.288">2</edge-label>
<edge-label id="3.0+0.296">2</edge-label>
<edge-label id="3.0+0.303">2</edge-label>
<edge-label id="3.0+0.309">2</edge-label>
<edge-label id="3.0+0.314">2</edge-label>
<edge-label id="3.0+0.318">2</edge-label>
<edge-label id="3.0+0.321">2</edge-label>
<edge-label id="3.0+0.323">1</edge-label>
<edge-label id="3.0+0.48">2</edge-label>
<edge-label id="3.0+0.71">2</edge-label>
<edge-label id="3.0+0.93">2</edge-label>
<edge-label id="3.0+1.101">2</edge-label>
<edge-label id="3.0+1.103">2</edge-label>
<edge-label id="3.0+1.13">12</edge-label>
<edge-label id="3.0+1.26">2</edge-label>
<edge-label id="3.0+1.38">2</edge-label>
<edge-label id="3.0+1.49">2</edge-label>
<edge-label id="3.0+1.59">2</edge-label>
<edge-label id="3.0+1.68">2</edge-label>
<edge-label id="3.0+1.76">2</edge-label>
<edge-label id="3.0+1.83">2</edge-label>
<edge-label id="3.0+1.89">2</edge-label>
<edge-label id="3.0+1.94">2</edge-label>
<edge-label id="3.0+1.98">2</edge-label>
<edge-label id="3.0+2.11">14</edge-label>
<edge-label id="3.0+2.22">2</edge-label>
<edge-label id="3.0+2.32">2</edge-label>
<edge-label id="3.0+2.41">2</edge-label>
<edge-label id="3.0+2.49">2</edge-label>
<edge-label id="3.0+2.56">2</edge-label>
<edge-label id="3.0+2.62">2</edge-label>
<edge-label id="3.0+2.67">2</edge-label>
<edge-label id="3.0+2.71">2</edge-label>
<edge-label id="3.0+2.74">2</edge-label>
<edge-label id="3.0+2.76">2</edge-label>
<edge-label id="3.1+0.115">2</edge-label>
<edge-label id="3.1+0.135">2</edge-label>
<edge-label id="3.1+0.154">2</edge-label>
<edge-label id="3.1+0.172">2</edge-label>
<edge-label id="3.1+0.189">2</edge-label>
<edge-label id="3.1+0.205">2</edge-label>
<edge-label id="3.1+0.220">2</edge-label>
<edge-label id="3.1+0.234">2</edge-label>
<edge-label id="3.1+0.247">2</edge-label>
<edge-label id="3.1+0.25">3</edge-label>
<edge-label id="3.1+0.259">2</edge-label>
<edge-label id="3.1+0.270">2</edge-label>
<edge-label id="3.1+0.280">2</edge-label>
<edge-label id="3.1+0.289">2</edge-label>
<edge-label id="3.1+0.297">2</edge-label>
<edge-label id="3.1+0.304">2</edge-label>
<edge-label id="3.1+0.310">2</edge-label>
<edge-label id="3.1+0.315">2</edge-label>
<edge-label id="3.1+0.319">2</edge-label>
<edge-label id="3.1+0.322">1</edge-label>
<edge-label id="3.1+0.49">2</edge-label>
<edge-label id="3.1+0.72">2</edge-label>
<edge-label id="3.1+0.94">2</edge-label>
<edge-label id="3.1+1.102">2</edge-label>
<edge-label id="3.1+1.14">12</edge-label>
<edge-label id="3.1+1.27">2</edge-label>
<edge-label id="3.1+1.39">2</edge-label>
<edge-label id="3.1+1.50">2</edge-label>
<edge-label id="3.1+1.60">2</edge-label>
<edge-label id="3.1+1.69">2</edge-label>
<edge-label id="3.1+1.77">2</edge-label>
<edge-label id="3.1+1.84">2</edge-label>
<edge-label id="3.1+1.90">2</edge-label>
<edge-label id="3.1+1.95">2</edge-label>
<edge-label id="3.1+1.99">2</edge-label>
<edge-label id="3.1+2.12">14</edge-label>
<edge-label id="3.1+2.23">2</edge-label>
<edge-label id="3.1+2.33">2</edge-label>
<edge-label id="3.1+2.42">2</edge-label>
<edge-label id="3.1+2.50">2</edge-label>
<edge-label id="3.1+2.57">2</edge-label>
<edge-label id="3.1+2.63">2</edge-label>
<edge-label id="3.1+2.68">2</edge-label>
<edge-label id="3.1+2.72">2</edge-label>
<edge-label id="3.1+2.75">2</edge-label>
<edge-label id="3.2+0.116">2</edge-label>
<edge-label id="3.2+0.136">2</edge-label>
<edge-label id="3.2+0.155">2</edge-label>
<edge-label id="3.2+0.173">2</edge-label>
<edge-label id="3.2+0.190">2</edge-label>
<edge-label id="3.2+0.206">2</edge-label>
<edge-label id="3.2+0.221">2</edge-label>
<edge-label id="3.2+0.235">2</edge-label>
<edge-label id="3.2+0.248">2</edge-label>
<edge-label id="3.2+0.26">4</edge-label>
<edge-label id="3.2+0.260">2</edge-label>
<edge-label id="3.2+0.271">2</edge-label>
<edge-label id="3.2+0.281">2</edge-label>
<edge-label id="3.2+0.290">2</edge-label>
<edge-label id="3.2+0.298">2</edge-label>
<edge-label id="3.2+0.305">2</edge-label>
<edge-label id="3.2+0.311">2</edge-label>
<edge-label id="3.2+0.316">2</edge-label>
<edge-label id="3.2+0.320">1</edge-label>
<edge-label id="3.2+0.50">2</edge-label>
<edge-label id="3.2+0.73">2</edge-label>
<edge-label id="3.2+0.95">2</edge-label>
<edge-label id="3.2+1.100">2</edge-label>
<edge-label id="3.2+1.15">12</edge-label>
<edge-label id="3.2+1.28">2</edge-label>
<edge-label id="3.2+1.40">2</edge-label>
<edge-label id="3.2+1.51">2</edge-label>
<edge-label id="3.2+1.61">2</edge-label>
<edge-label id="3.2+1.70">2</edge-label>
<edge-label id="3.2+1.78">2</edge-label>
<edge-label id="3.2+1.85">2</edge-label>
<edge-label id="3.2+1.91">2</edge-label>
<edge-label id="3.2+1.96">2</edge-label>
<edge-label id="3.2+2.13">14</edge-label>
<edge-label id="3.2+2.24">2</edge-label>
<edge-label id="3.2+2.34">2</edge-label>
<edge-label id="3.2+2.43">2</edge-label>
<edge-label id="3.2+2.51">2</edge-label>
<edge-label id="3.2+2.58">2</edge-label>
<edge-label id="3.2+2.64">2</edge-label>
<edge-label id="3.2+2.69">2</edge-label>
<edge-label id="3.2+2.73">2</edge-label>
<edge-label id="3.20+0.647">1</edge-label>
<edge-label id="3.20+1.207">2</edge-label>
<edge-label id="3.20+2.153">2</edge-label>
<edge-label id="3.21+0.646">1</edge-label>
<edge-label id="3.21+1.206">2</edge-label>
<edge-label id="3.21+2.152">2</edge-label>
<edge-label id="3.22+1.207">2</edge-label>
<edge-label id="3.22+2.153">2</edge-label>
<edge-label id="3.23+0.645">1</edge-label>
<edge-label id="3.23+1.205">2</edge-label>
<edge-label id="3.23+2.151">2</edge-label>
<edge-label id="3.24+1.206">2</edge-label>
<edge-label id="3.24+2.152">2</edge-label>
<edge-label id="3.25+1.207">2</edge-label>
<edge-label id="3.25+2.153">2</edge-label>
<edge-label id="3.26+0.644">1</edge-label>
<edge-label id="3.26+1.204">2</edge-label>
<edge-label id="3.26+2.150">2</edge-label>
<edge-label id="3.27+1.205">2</edge-label>
<edge-label id="3.27+2.151">2</edge-label>
<edge-label id="3.28+1.206">2</edge-label>
<edge-label id="3.28+2.152">2</edge-label>
<edge-label id="3.29+1.207">2</edge-label>
<edge-label id="3.29+2.153">2</edge-label>
<edge-label id="3.3+0.117">2</edge-label>
<edge-label id="3.3+0.137">2</edge-label>
<edge-label id="3.3+0.156">2</edge-label>
<edge-label id="3.3+0.174">2</edge-label>
<edge-label id="3.3+0.191">2</edge-label>
<edge-label id="3.3+0.207">2</edge-label>
<edge-label id="3.3+0.222">2</edge-label>
<edge-label id="3.3+0.236">2</edge-label>
<edge-label id="3.3+0.249">2</edge-label>
<edge-label id="3.3+0.261">2</edge-label>
<edge-label id="3.3+0.27">5</edge-label>
<edge-label id="3.3+0.272">2</edge-label>
<edge-label id="3.3+0.282">2</edge-label>
<edge-label id="3.3+0.291">2</edge-label>
<edge-label id="3.3+0.299">2</edge-label>
<edge-label id="3.3+0.306">2</edge-label>
<edge-label id="3.3+0.312">2</edge-label>
<edge-label id="3.3+0.317">1</edge-label>
<edge-label id="3.3+0.51">2</edge-label>
<edge-label id="3.3+0.74">2</edge-label>
<edge-label id="3.3+0.96">2</edge-label>
<edge-label id="3.3+1.16">12</edge-label>
<edge-label id="3.3+1.29">2</edge-label>
<edge-label id="3.3+1.41">2</edge-label>
<edge-label id="3.3+1.52">2</edge-label>
<edge-label id="3.3+1.62">2</edge-label>
<edge-label id="3.3+1.71">2</edge-label>
<edge-label id="3.3+1.79">2</edge-label>
<edge-label id="3.3+1.86">2</edge-label>
<edge-label id="3.3+1.92">2</edge-label>
<edge-label id="3.3+1.97">2</edge-label>
<edge-label id="3.3+2.14">14</edge-label>
<edge-label id="3.3+2.25">2</edge-label>
<edge-label id="3.3+2.35">2</edge-label>
<edge-label id="3.3+2.44">2</edge-label>
<edge-label id="3.3+2.52">2</edge-label>
<edge-label id="3.3+2.59">2</edge-label>
<edge-label id="3.3+2.65">2</edge-label>
<edge-label id="3.3+2.70">2</edge-label>
<edge-label id="3.30+0.643">1</edge-label>
<edge-label id="3.30+1.203">12</edge-label>
<edge-label id="3.30+2.149">14</edge-label>
<edge-label id="3.31+1.204">11</edge-label>
<edge-label id="3.31+2.150">13</edge-label>
<edge-label id="3.32+1.205">10</edge-label>
<edge-label id="3.32+2.151">12</edge-label>
<edge-label id="3.33+1.206">9</edge-label>
<edge-label id="3.33+2.152">11</edge-label>
<edge-label id="3.34+1.207">8</edge-label>
<edge-label id="3.34+2.153">10</edge-label>
<edge-label id="3.4+0.118">10</edge-label>
<edge-label id="3.4+0.138">11</edge-label>
<edge-label id="3.4+0.157">12</edge-label>
<edge-label id="3.4+0.175">12</edge-label>
<edge-label id="3.4+0.192">12</edge-label>
<edge-label id="3.4+0.208">11</edge-label>
<edge-label id="3.4+0.223">10</edge-label>
<edge-label id="3.4+0.237">9</edge-label>
<edge-label id="3.4+0.250">8</edge-label>
<edge-label id="3.4+0.262">7</edge-label>
<edge-label id="3.4+0.273">6</edge-label>
<edge-label id="3.4+0.28">6</edge-label>
<edge-label id="3.4+0.283">5</edge-label>
<edge-label id="3.4+0.292">4</edge-label>
<edge-label id="3.4+0.300">3</edge-label>
<edge-label id="3.4+0.307">2</edge-label>
<edge-label id="3.4+0.313">1</edge-label>
<edge-label id="3.4+0.52">7</edge-label>
<edge-label id="3.4+0.75">8</edge-label>
<edge-label id="3.4+0.97">9</edge-label>
<edge-label id="3.4+1.17">12</edge-label>
<edge-label id="3.4+1.30">12</edge-label>
<edge-label id="3.4+1.42">12</edge-label>
<edge-label id="3.4+1.53">12</edge-label>
<edge-label id="3.4+1.63">12</edge-label>
<edge-label id="3.4+1.72">12</edge-label>
<edge-label id="3.4+1.80">12</edge-label>
<edge-label id="3.4+1.87">12</edge-label>
<edge-label id="3.4+1.93">12</edge-label>
<edge-label id="3.4+2.15">14</edge-label>
<edge-label id="3.4+2.26">14</edge-label>
<edge-label id="3.4+2.36">14</edge-label>
<edge-label id="3.4+2.45">14</edge-label>
<edge-label id="3.4+2.53">14</edge-label>
<edge-label id="3.4+2.60">14</edge-label>
<edge-label id="3.4+2.66">14</edge-label>
<state-labels procid="0">
<label id="[]">503</label>
</state-labels><state-labels procid="1">
<label id="[0]">21</label>
<label id="[10]">29</label>
<label id="[11]">29</label>
<label id="[12]">28</label>
<label id="[13]">27</label>
<label id="[14]">25</label>
<label id="[15]">23</label>
<label id="[16]">21</label>
<label id="[17]">19</label>
<label id="[18]">17</label>
<label id="[19]">15</label>
<label id="[1]">17</label>
<label id="[20]">12</label>
<label id="[21]">9</label>
<label id="[22]">6</label>
<label id="[23]">3</label>
<label id="[24]">1</label>
<label id="[2]">19</label>
<label id="[3]">21</label>
<label id="[4]">23</label>
<label id="[5]">25</label>
<label id="[6]">27</label>
<label id="[7]">28</label>
<label id="[8]">29</label>
<label id="[9]">29</label>
</state-labels><state-labels procid="2">
<label id="[0]">72</label>
<label id="[10]">30</label>
<label id="[11]">29</label>
<label id="[12]">28</label>
<label id="[13]">57</label>
<label id="[1]">32</label>
<label id="[2]">32</label>
<label id="[3]">32</label>
<label id="[4]">32</label>
<label id="[5]">32</label>
<label id="[6]">32</label>
<label id="[7]">32</label>
<label id="[8]">32</label>
<label id="[9]">31</label>
</state-labels><state-labels procid="3">
<label id="[0]">84</label>
<label id="[10]">32</label>
<label id="[11]">69</label>
<label id="[1]">36</label>
<label id="[2]">36</label>
<label id="[3]">36</label>
<label id="[4]">36</label>
<label id="[5]">36</label>
<label id="[6]">36</label>
<label id="[7]">35</label>
<label id="[8]">34</label>
<label id="[9]">33</label>
</state-labels><state-labels procid="4">
<label id="[0]">168</label>
<label id="[1]">47</label>
<label id="[2]">46</label>
<label id="[3]">45</label>
<label id="[4]">44</label>
<label id="[5]">153</label>
</state-labels></label-info>
</state-space-info>
