<?xml version="1.0"?>
<!DOCTYPE state-space-info SYSTEM "../../state_space_info.dtd">


<state-space-info>
<states>1020</states>
<edges>2142</edges>
<bfs-info>
 <levels>67</levels>
<max-level>34</max-level>

<back-level-edges>570</back-level-edges>
<max-back-level-edge>59</max-back-level-edge>
<avg-back-level-edge>14.1684</avg-back-level-edge>
<bfs-levels>
<level id="0"><states>1</states><edges>2</edges></level>
<level id="1"><states>2</states><edges>4</edges></level>
<level id="2"><states>3</states><edges>6</edges></level>
<level id="3"><states>4</states><edges>6</edges></level>
<level id="4"><states>4</states><edges>6</edges></level>
<level id="5"><states>4</states><edges>8</edges></level>
<level id="6"><states>6</states><edges>10</edges></level>
<level id="7"><states>6</states><edges>10</edges></level>
<level id="8"><states>6</states><edges>10</edges></level>
<level id="9"><states>6</states><edges>10</edges></level>
<level id="10"><states>6</states><edges>10</edges></level>
<level id="11"><states>6</states><edges>10</edges></level>
<level id="12"><states>6</states><edges>10</edges></level>
<level id="13"><states>6</states><edges>10</edges></level>
<level id="14"><states>6</states><edges>14</edges></level>
<level id="15"><states>10</states><edges>20</edges></level>
<level id="16"><states>12</states><edges>26</edges></level>
<level id="17"><states>14</states><edges>28</edges></level>
<level id="18"><states>14</states><edges>28</edges></level>
<level id="19"><states>14</states><edges>28</edges></level>
<level id="20"><states>14</states><edges>30</edges></level>
<level id="21"><states>16</states><edges>30</edges></level>
<level id="22"><states>14</states><edges>30</edges></level>
<level id="23"><states>14</states><edges>30</edges></level>
<level id="24"><states>14</states><edges>32</edges></level>
<level id="25"><states>16</states><edges>34</edges></level>
<level id="26"><states>16</states><edges>32</edges></level>
<level id="27"><states>16</states><edges>30</edges></level>
<level id="28"><states>16</states><edges>32</edges></level>
<level id="29"><states>18</states><edges>36</edges></level>
<level id="30"><states>20</states><edges>38</edges></level>
<level id="31"><states>20</states><edges>38</edges></level>
<level id="32"><states>20</states><edges>40</edges></level>
<level id="33"><states>22</states><edges>46</edges></level>
<level id="34"><states>22</states><edges>48</edges></level>
<level id="35"><states>22</states><edges>50</edges></level>
<level id="36"><states>22</states><edges>52</edges></level>
<level id="37"><states>24</states><edges>56</edges></level>
<level id="38"><states>26</states><edges>62</edges></level>
<level id="39"><states>30</states><edges>64</edges></level>
<level id="40"><states>30</states><edges>66</edges></level>
<level id="41"><states>32</states><edges>70</edges></level>
<level id="42"><states>34</states><edges>74</edges></level>
<level id="43"><states>34</states><edges>72</edges></level>
<level id="44"><states>32</states><edges>68</edges></level>
<level id="45"><states>32</states><edges>62</edges></level>
<level id="46"><states>28</states><edges>54</edges></level>
<level id="47"><states>26</states><edges>50</edges></level>
<level id="48"><states>24</states><edges>46</edges></level>
<level id="49"><states>22</states><edges>42</edges></level>
<level id="50"><states>20</states><edges>38</edges></level>
<level id="51"><states>18</states><edges>34</edges></level>
<level id="52"><states>16</states><edges>36</edges></level>
<level id="53"><states>14</states><edges>34</edges></level>
<level id="54"><states>14</states><edges>34</edges></level>
<level id="55"><states>14</states><edges>34</edges></level>
<level id="56"><states>14</states><edges>34</edges></level>
<level id="57"><states>14</states><edges>34</edges></level>
<level id="58"><states>14</states><edges>32</edges></level>
<level id="59"><states>12</states><edges>30</edges></level>
<level id="60"><states>12</states><edges>30</edges></level>
<level id="61"><states>12</states><edges>30</edges></level>
<level id="62"><states>12</states><edges>28</edges></level>
<level id="63"><states>10</states><edges>20</edges></level>
<level id="64"><states>6</states><edges>12</edges></level>
<level id="65"><states>4</states><edges>8</edges></level>
<level id="66"><states>2</states><edges>4</edges></level>
</bfs-levels>
<back-level-length id="0">6.66667</back-level-length>
<back-level-length id="1">5.61404</back-level-length>
<back-level-length id="2">5.61404</back-level-length>
<back-level-length id="3">4.91228</back-level-length>
<back-level-length id="4">4.91228</back-level-length>
<back-level-length id="5">4.91228</back-level-length>
<back-level-length id="6">4.21053</back-level-length>
<back-level-length id="7">4.21053</back-level-length>
<back-level-length id="8">4.21053</back-level-length>
<back-level-length id="9">4.21053</back-level-length>
<back-level-length id="10">3.50877</back-level-length>
<back-level-length id="11">1.40351</back-level-length>
<back-level-length id="12">1.40351</back-level-length>
<back-level-length id="13">1.40351</back-level-length>
<back-level-length id="14">1.40351</back-level-length>
<back-level-length id="15">1.40351</back-level-length>
<back-level-length id="16">1.05263</back-level-length>
<back-level-length id="17">1.05263</back-level-length>
<back-level-length id="18">2.45614</back-level-length>
<back-level-length id="19">5.26316</back-level-length>
<back-level-length id="20">2.80702</back-level-length>
<back-level-length id="21">2.80702</back-level-length>
<back-level-length id="22">2.80702</back-level-length>
<back-level-length id="23">2.80702</back-level-length>
<back-level-length id="24">2.80702</back-level-length>
<back-level-length id="25">2.45614</back-level-length>
<back-level-length id="26">1.40351</back-level-length>
<back-level-length id="27">1.40351</back-level-length>
<back-level-length id="28">1.40351</back-level-length>
<back-level-length id="29">1.40351</back-level-length>
<back-level-length id="30">0.350877</back-level-length>
<back-level-length id="31">0</back-level-length>
<back-level-length id="32">0</back-level-length>
<back-level-length id="33">0</back-level-length>
<back-level-length id="34">0</back-level-length>
<back-level-length id="35">0</back-level-length>
<back-level-length id="36">0</back-level-length>
<back-level-length id="37">0</back-level-length>
<back-level-length id="38">0.350877</back-level-length>
<back-level-length id="39">0.350877</back-level-length>
<back-level-length id="40">0.350877</back-level-length>
<back-level-length id="41">0.350877</back-level-length>
<back-level-length id="42">0.350877</back-level-length>
<back-level-length id="43">0.350877</back-level-length>
<back-level-length id="44">0.350877</back-level-length>
<back-level-length id="45">0.350877</back-level-length>
<back-level-length id="46">0.350877</back-level-length>
<back-level-length id="47">0.350877</back-level-length>
<back-level-length id="48">0.350877</back-level-length>
<back-level-length id="49">0.350877</back-level-length>
<back-level-length id="50">0.350877</back-level-length>
<back-level-length id="51">0.350877</back-level-length>
<back-level-length id="52">0.350877</back-level-length>
<back-level-length id="53">0.350877</back-level-length>
<back-level-length id="54">0.350877</back-level-length>
<back-level-length id="55">0.350877</back-level-length>
<back-level-length id="56">0.350877</back-level-length>
<back-level-length id="57">0.350877</back-level-length>
<back-level-length id="58">0.350877</back-level-length>
<back-level-length id="59">0.350877</back-level-length>
</bfs-info>
<degrees>
<avg>2.1</avg>
<max-in>54</max-in>
<max-out>4</max-out>
<degree id="0"><in>1</in><out>4</out></degree>
<degree id="1"><in>426</in><out>107</out></degree>
<degree id="2"><in>563</in><out>696</out></degree>
<degree id="3"><in>0</in><out>209</out></degree>
<degree id="4"><in>4</in><out>4</out></degree>
<degree id="5"><in>0</in><out>0</out></degree>
<degree id="6"><in>0</in><out>0</out></degree>
<degree id="7"><in>2</in><out>0</out></degree>
<degree id="8"><in>0</in><out>0</out></degree>
<degree id="9"><in>0</in><out>0</out></degree>
<degree id="10"><in>0</in><out>0</out></degree>
<degree id="11"><in>4</in><out>0</out></degree>
<degree id="12"><in>4</in><out>0</out></degree>
<degree id="13"><in>0</in><out>0</out></degree>
<degree id="14"><in>0</in><out>0</out></degree>
<degree id="15"><in>0</in><out>0</out></degree>
<degree id="16"><in>0</in><out>0</out></degree>
<degree id="17"><in>2</in><out>0</out></degree>
<degree id="18"><in>0</in><out>0</out></degree>
<degree id="19"><in>0</in><out>0</out></degree>
<degree id="20"><in>0</in><out>0</out></degree>
<degree id="21"><in>0</in><out>0</out></degree>
<degree id="22"><in>0</in><out>0</out></degree>
<degree id="23"><in>0</in><out>0</out></degree>
<degree id="24"><in>2</in><out>0</out></degree>
<degree id="25"><in>4</in><out>0</out></degree>
<degree id="26"><in>0</in><out>0</out></degree>
<degree id="27"><in>2</in><out>0</out></degree>
<degree id="28"><in>0</in><out>0</out></degree>
<degree id="29"><in>0</in><out>0</out></degree>
<degree id="30"><in>0</in><out>0</out></degree>
<degree id="31"><in>4</in><out>0</out></degree>
<degree id="32"><in>0</in><out>0</out></degree>
<degree id="33"><in>0</in><out>0</out></degree>
<degree id="34"><in>0</in><out>0</out></degree>
<degree id="35"><in>0</in><out>0</out></degree>
<degree id="36"><in>0</in><out>0</out></degree>
<degree id="37"><in>0</in><out>0</out></degree>
<degree id="38"><in>0</in><out>0</out></degree>
<degree id="39"><in>0</in><out>0</out></degree>
<degree id="40"><in>0</in><out>0</out></degree>
<degree id="41"><in>0</in><out>0</out></degree>
<degree id="42"><in>0</in><out>0</out></degree>
<degree id="43"><in>0</in><out>0</out></degree>
<degree id="44"><in>0</in><out>0</out></degree>
<degree id="45"><in>0</in><out>0</out></degree>
<degree id="46"><in>0</in><out>0</out></degree>
<degree id="47"><in>0</in><out>0</out></degree>
<degree id="48"><in>0</in><out>0</out></degree>
<degree id="49"><in>0</in><out>0</out></degree>
<degree id="50"><in>0</in><out>0</out></degree>
<degree id="51"><in>0</in><out>0</out></degree>
<degree id="52"><in>0</in><out>0</out></degree>
<degree id="53"><in>0</in><out>0</out></degree>
<degree id="54"><in>2</in><out>0</out></degree>
</degrees>
<scc-info>
<count>55</count>
<height>20</height>
<nontrivial-height>2</nontrivial-height>
<trivial>54</trivial>
<terminal>4</terminal>
<largest>966</largest>
<largest-position> </largest-position>
</scc-info>
<dfs-info>
<stack-size id="5">0.490196</stack-size>
<stack-size id="10">0.980392</stack-size>
<stack-size id="15">1.47059</stack-size>
<stack-size id="20">1.96078</stack-size>
<stack-size id="25">2.45098</stack-size>
<stack-size id="30">2.94118</stack-size>
<stack-size id="35">3.43137</stack-size>
<stack-size id="40">3.92157</stack-size>
<stack-size id="45">4.41176</stack-size>
<stack-size id="50">4.90196</stack-size>
<stack-size id="55">5.39216</stack-size>
<stack-size id="60">5.88235</stack-size>
<stack-size id="65">6.37255</stack-size>
<stack-size id="70">6.86275</stack-size>
<stack-size id="75">7.35294</stack-size>
<stack-size id="80">7.84314</stack-size>
<stack-size id="85">8.33333</stack-size>
<stack-size id="90">8.82353</stack-size>
<stack-size id="95">9.31373</stack-size>
<stack-size id="100">9.80392</stack-size>
<stack-size id="105">10.2941</stack-size>
<stack-size id="110">10.7843</stack-size>
<stack-size id="115">11.2745</stack-size>
<stack-size id="120">11.7647</stack-size>
<stack-size id="125">10.8824</stack-size>
<stack-size id="130">11.3725</stack-size>
<stack-size id="135">11.8627</stack-size>
<stack-size id="140">12.3529</stack-size>
<stack-size id="145">12.8431</stack-size>
<stack-size id="150">13.3333</stack-size>
<stack-size id="155">13.8235</stack-size>
<stack-size id="160">14.3137</stack-size>
<stack-size id="165">14.8039</stack-size>
<stack-size id="170">15.2941</stack-size>
<stack-size id="175">15.7843</stack-size>
<stack-size id="180">16.2745</stack-size>
<stack-size id="185">16.7647</stack-size>
<stack-size id="190">17.2549</stack-size>
<stack-size id="195">17.7451</stack-size>
<stack-size id="200">18.2353</stack-size>
<stack-size id="205">18.7255</stack-size>
<stack-size id="210">19.2157</stack-size>
<stack-size id="215">19.7059</stack-size>
<stack-size id="220">20.1961</stack-size>
<stack-size id="225">20.6863</stack-size>
<stack-size id="230">21.1765</stack-size>
<stack-size id="235">21.6667</stack-size>
<stack-size id="240">22.1569</stack-size>
<stack-size id="245">22.6471</stack-size>
<stack-size id="250">23.0392</stack-size>
<stack-size id="255">22.7451</stack-size>
<stack-size id="260">22.2549</stack-size>
<stack-size id="265">21.7647</stack-size>
<stack-size id="270">21.2745</stack-size>
<stack-size id="275">20.7843</stack-size>
<stack-size id="280">21.0784</stack-size>
<stack-size id="285">21.5686</stack-size>
<stack-size id="290">22.0588</stack-size>
<stack-size id="295">22.549</stack-size>
<stack-size id="300">23.0392</stack-size>
<stack-size id="305">23.5294</stack-size>
<stack-size id="310">24.0196</stack-size>
<stack-size id="315">24.5098</stack-size>
<stack-size id="320">25</stack-size>
<stack-size id="325">25.4902</stack-size>
<stack-size id="330">24.2157</stack-size>
<stack-size id="335">24.7059</stack-size>
<stack-size id="340">25.1961</stack-size>
<stack-size id="345">25.6863</stack-size>
<stack-size id="350">26.1765</stack-size>
<stack-size id="355">26.6667</stack-size>
<stack-size id="360">25.7843</stack-size>
<stack-size id="365">25.2941</stack-size>
<stack-size id="370">24.8039</stack-size>
<stack-size id="375">24.3137</stack-size>
<stack-size id="380">23.1373</stack-size>
<stack-size id="385">23.6275</stack-size>
<stack-size id="390">24.1176</stack-size>
<stack-size id="395">24.6078</stack-size>
<stack-size id="400">25.098</stack-size>
<stack-size id="405">25.5882</stack-size>
<stack-size id="410">26.0784</stack-size>
<stack-size id="415">26.1765</stack-size>
<stack-size id="420">26.2745</stack-size>
<stack-size id="425">25.9804</stack-size>
<stack-size id="430">25.6863</stack-size>
<stack-size id="435">25.7843</stack-size>
<stack-size id="440">25.4902</stack-size>
<stack-size id="445">25.1961</stack-size>
<stack-size id="450">25.2941</stack-size>
<stack-size id="455">25</stack-size>
<stack-size id="460">24.7059</stack-size>
<stack-size id="465">24.8039</stack-size>
<stack-size id="470">24.5098</stack-size>
<stack-size id="475">24.2157</stack-size>
<stack-size id="480">24.3137</stack-size>
<stack-size id="485">24.0196</stack-size>
<stack-size id="490">23.7255</stack-size>
<stack-size id="495">23.0392</stack-size>
<stack-size id="500">22.7451</stack-size>
<stack-size id="505">22.2549</stack-size>
<stack-size id="510">21.7647</stack-size>
<stack-size id="515">21.2745</stack-size>
<stack-size id="520">20.7843</stack-size>
<stack-size id="525">20.2941</stack-size>
<stack-size id="530">20</stack-size>
<stack-size id="535">20.098</stack-size>
<stack-size id="540">19.8039</stack-size>
<stack-size id="545">19.5098</stack-size>
<stack-size id="550">19.6078</stack-size>
<stack-size id="555">19.3137</stack-size>
<stack-size id="560">19.0196</stack-size>
<stack-size id="565">19.1176</stack-size>
<stack-size id="570">18.8235</stack-size>
<stack-size id="575">18.5294</stack-size>
<stack-size id="580">18.6275</stack-size>
<stack-size id="585">18.3333</stack-size>
<stack-size id="590">18.0392</stack-size>
<stack-size id="595">18.1373</stack-size>
<stack-size id="600">17.1569</stack-size>
<stack-size id="605">17.6471</stack-size>
<stack-size id="610">18.1373</stack-size>
<stack-size id="615">18.6275</stack-size>
<stack-size id="620">19.1176</stack-size>
<stack-size id="625">19.6078</stack-size>
<stack-size id="630">18.1373</stack-size>
<stack-size id="635">18.6275</stack-size>
<stack-size id="640">19.1176</stack-size>
<stack-size id="645">19.6078</stack-size>
<stack-size id="650">20.098</stack-size>
<stack-size id="655">19.6078</stack-size>
<stack-size id="660">19.1176</stack-size>
<stack-size id="665">18.6275</stack-size>
<stack-size id="670">14.8039</stack-size>
<stack-size id="675">14.7059</stack-size>
<stack-size id="680">14.6078</stack-size>
<stack-size id="685">14.5098</stack-size>
<stack-size id="690">14.4118</stack-size>
<stack-size id="695">14.3137</stack-size>
<stack-size id="700">14.2157</stack-size>
<stack-size id="705">14.1176</stack-size>
<stack-size id="710">14.0196</stack-size>
<stack-size id="715">13.9216</stack-size>
<stack-size id="720">13.8235</stack-size>
<stack-size id="725">13.7255</stack-size>
<stack-size id="730">13.6275</stack-size>
<stack-size id="735">13.5294</stack-size>
<stack-size id="740">13.4314</stack-size>
<stack-size id="745">13.3333</stack-size>
<stack-size id="750">13.2353</stack-size>
<stack-size id="755">13.1373</stack-size>
<stack-size id="760">13.0392</stack-size>
<stack-size id="765">12.9412</stack-size>
<stack-size id="770">12.8431</stack-size>
<stack-size id="775">12.7451</stack-size>
<stack-size id="780">12.6471</stack-size>
<stack-size id="785">12.549</stack-size>
<stack-size id="790">12.451</stack-size>
<stack-size id="795">12.3529</stack-size>
<stack-size id="800">10.1961</stack-size>
<stack-size id="805">10.6863</stack-size>
<stack-size id="810">11.1765</stack-size>
<stack-size id="815">11.6667</stack-size>
<stack-size id="820">11.5686</stack-size>
<stack-size id="825">11.0784</stack-size>
<stack-size id="830">10.5882</stack-size>
<stack-size id="835">6.96078</stack-size>
<stack-size id="840">6.86275</stack-size>
<stack-size id="845">6.76471</stack-size>
<stack-size id="850">6.66667</stack-size>
<stack-size id="855">6.56863</stack-size>
<stack-size id="860">6.47059</stack-size>
<stack-size id="865">6.37255</stack-size>
<stack-size id="870">6.27451</stack-size>
<stack-size id="875">6.17647</stack-size>
<stack-size id="880">6.07843</stack-size>
<stack-size id="885">5.98039</stack-size>
<stack-size id="890">5.88235</stack-size>
<stack-size id="895">5.78431</stack-size>
<stack-size id="900">5.68627</stack-size>
<stack-size id="905">5.58824</stack-size>
<stack-size id="910">5.4902</stack-size>
<stack-size id="915">5.39216</stack-size>
<stack-size id="920">5.29412</stack-size>
<stack-size id="925">5.19608</stack-size>
<stack-size id="930">5.09804</stack-size>
<stack-size id="935">5</stack-size>
<stack-size id="940">4.90196</stack-size>
<stack-size id="945">4.80392</stack-size>
<stack-size id="950">4.70588</stack-size>
<stack-size id="955">4.60784</stack-size>
<stack-size id="960">4.5098</stack-size>
<stack-size id="965">2.94118</stack-size>
<stack-size id="970">3.43137</stack-size>
<stack-size id="975">2.15686</stack-size>
<stack-size id="980">2.64706</stack-size>
<stack-size id="985">3.13725</stack-size>
<stack-size id="990">3.62745</stack-size>
<stack-size id="995">3.72549</stack-size>
<stack-size id="1000">3.23529</stack-size>
<stack-size id="1005">2.7451</stack-size>
<stack-size id="1010">2.2549</stack-size>
<stack-size id="1015">0.490196</stack-size>
<stack-size id="1020">0.196078</stack-size>
<max-stack>273</max-stack>
<front-edges>1019</front-edges>
<back-edges>138</back-edges>
<cross-edges>985</cross-edges>
<shortest-cycle>34</shortest-cycle>
</dfs-info>
<rw-info>
<coverage step="100">9.11765</coverage>
<coverage step="200">11.8627</coverage>
<coverage step="300">15.9804</coverage>
<coverage step="400">18.8235</coverage>
<coverage step="500">20.6863</coverage>
<coverage step="600">23.6275</coverage>
<coverage step="700">24.1176</coverage>
<coverage step="800">24.8039</coverage>
<coverage step="900">26.0784</coverage>
<coverage step="1000">26.1765</coverage>
<coverage step="1100">26.4706</coverage>
<coverage step="1200">26.4706</coverage>
<coverage step="1300">26.7647</coverage>
<coverage step="1400">26.9608</coverage>
<coverage step="1500">27.1569</coverage>
<coverage step="1600">27.7451</coverage>
<coverage step="1700">28.0392</coverage>
<coverage step="1800">28.2353</coverage>
<coverage step="1900">28.4314</coverage>
<coverage step="2000">29.0196</coverage>
<coverage step="2100">29.3137</coverage>
<coverage step="2200">29.3137</coverage>
<coverage step="2300">29.4118</coverage>
<coverage step="2400">29.4118</coverage>
<coverage step="2500">29.4118</coverage>
<coverage step="2600">30.2941</coverage>
<coverage step="2700">30.8824</coverage>
<coverage step="2800">30.8824</coverage>
<coverage step="2900">30.9804</coverage>
<coverage step="3000">30.9804</coverage>
<coverage step="3100">31.5686</coverage>
<coverage step="3200">31.5686</coverage>
<coverage step="3300">31.5686</coverage>
<coverage step="3400">31.5686</coverage>
<coverage step="3500">32.1569</coverage>
<coverage step="3600">32.2549</coverage>
<coverage step="3700">32.6471</coverage>
<coverage step="3800">32.6471</coverage>
<coverage step="3900">32.6471</coverage>
<coverage step="4000">32.6471</coverage>
<coverage step="4100">32.6471</coverage>
<coverage step="4200">32.6471</coverage>
<coverage step="4300">32.6471</coverage>
<coverage step="4400">32.6471</coverage>
<coverage step="4500">32.6471</coverage>
<coverage step="4600">32.6471</coverage>
<coverage step="4700">32.6471</coverage>
<coverage step="4800">32.6471</coverage>
<coverage step="4900">32.6471</coverage>
<coverage step="5000">32.6471</coverage>
<coverage step="5100">32.6471</coverage>
<coverage step="5200">32.6471</coverage>
<coverage step="5300">32.6471</coverage>
<coverage step="5400">32.6471</coverage>
<coverage step="5500">32.6471</coverage>
<coverage step="5600">32.6471</coverage>
<coverage step="5700">32.6471</coverage>
<coverage step="5800">32.6471</coverage>
<coverage step="5900">32.6471</coverage>
<coverage step="6000">32.6471</coverage>
<coverage step="6100">32.6471</coverage>
<coverage step="6200">32.8431</coverage>
<coverage step="6300">32.8431</coverage>
<coverage step="6400">32.8431</coverage>
<coverage step="6500">32.8431</coverage>
<coverage step="6600">32.9412</coverage>
<coverage step="6700">33.0392</coverage>
<coverage step="6800">33.0392</coverage>
<coverage step="6900">33.2353</coverage>
<coverage step="7000">33.3333</coverage>
<coverage step="7100">33.3333</coverage>
<coverage step="7200">34.3137</coverage>
<coverage step="7300">34.3137</coverage>
<coverage step="7400">34.3137</coverage>
<coverage step="7500">34.3137</coverage>
<coverage step="7600">34.6078</coverage>
<coverage step="7700">34.6078</coverage>
<coverage step="7800">34.6078</coverage>
<coverage step="7900">34.6078</coverage>
<coverage step="8000">34.6078</coverage>
<coverage step="8100">34.6078</coverage>
<coverage step="8200">34.6078</coverage>
<coverage step="8300">34.6078</coverage>
<coverage step="8400">34.6078</coverage>
<coverage step="8500">34.6078</coverage>
<coverage step="8600">34.6078</coverage>
<coverage step="8700">34.6078</coverage>
<coverage step="8800">34.6078</coverage>
<coverage step="8900">34.6078</coverage>
<coverage step="9000">34.6078</coverage>
<coverage step="9100">34.6078</coverage>
<coverage step="9200">34.6078</coverage>
<coverage step="9300">34.6078</coverage>
<coverage step="9400">34.6078</coverage>
<coverage step="9500">34.6078</coverage>
<coverage step="9600">34.6078</coverage>
<coverage step="9700">34.6078</coverage>
<coverage step="9800">34.6078</coverage>
<coverage step="9900">34.6078</coverage>
<coverage step="10000">34.6078</coverage>
<coverage step="10100">34.7059</coverage>
<coverage step="10200">34.7059</coverage>
<rw-visits order="1">175</rw-visits>
<rw-visits order="2">174</rw-visits>
<rw-visits order="3">174</rw-visits>
<rw-visits order="4">174</rw-visits>
<rw-visits order="5">172</rw-visits>
<rw-visits order="6">172</rw-visits>
<rw-visits order="7">171</rw-visits>
<rw-visits order="8">171</rw-visits>
<rw-visits order="9">171</rw-visits>
<rw-visits order="10">171</rw-visits>
<rw-visits order="11">171</rw-visits>
<rw-visits order="12">170</rw-visits>
<rw-visits order="13">167</rw-visits>
<rw-visits order="14">166</rw-visits>
<rw-visits order="15">165</rw-visits>
<rw-visits order="16">162</rw-visits>
<rw-visits order="17">159</rw-visits>
<rw-visits order="18">158</rw-visits>
<rw-visits order="19">156</rw-visits>
<rw-visits order="20">154</rw-visits>
<rw-visits order="21">153</rw-visits>
<rw-visits order="22">148</rw-visits>
<rw-visits order="23">139</rw-visits>
<rw-visits order="24">139</rw-visits>
<rw-visits order="25">118</rw-visits>
<rw-visits order="26">116</rw-visits>
<rw-visits order="27">97</rw-visits>
<rw-visits order="28">96</rw-visits>
<rw-visits order="29">95</rw-visits>
<rw-visits order="30">94</rw-visits>
<rw-visits order="31">92</rw-visits>
<rw-visits order="32">90</rw-visits>
<rw-visits order="33">90</rw-visits>
<rw-visits order="34">89</rw-visits>
<rw-visits order="35">88</rw-visits>
<rw-visits order="36">85</rw-visits>
<rw-visits order="37">85</rw-visits>
<rw-visits order="38">82</rw-visits>
<rw-visits order="39">81</rw-visits>
<rw-visits order="40">80</rw-visits>
<rw-visits order="41">79</rw-visits>
<rw-visits order="42">75</rw-visits>
<rw-visits order="43">74</rw-visits>
<rw-visits order="44">74</rw-visits>
<rw-visits order="45">73</rw-visits>
<rw-visits order="46">71</rw-visits>
<rw-visits order="47">68</rw-visits>
<rw-visits order="48">66</rw-visits>
<rw-visits order="49">62</rw-visits>
<rw-visits order="50">61</rw-visits>
<rw-visits order="51">58</rw-visits>
<rw-visits order="52">57</rw-visits>
<rw-visits order="53">57</rw-visits>
<rw-visits order="54">55</rw-visits>
<rw-visits order="55">53</rw-visits>
<rw-visits order="56">53</rw-visits>
<rw-visits order="57">52</rw-visits>
<rw-visits order="58">50</rw-visits>
<rw-visits order="59">49</rw-visits>
<rw-visits order="60">48</rw-visits>
<rw-visits order="61">48</rw-visits>
<rw-visits order="62">48</rw-visits>
<rw-visits order="63">48</rw-visits>
<rw-visits order="64">48</rw-visits>
<rw-visits order="65">48</rw-visits>
<rw-visits order="66">48</rw-visits>
<rw-visits order="67">47</rw-visits>
<rw-visits order="68">45</rw-visits>
<rw-visits order="69">45</rw-visits>
<rw-visits order="70">45</rw-visits>
<rw-visits order="71">45</rw-visits>
<rw-visits order="72">45</rw-visits>
<rw-visits order="73">45</rw-visits>
<rw-visits order="74">45</rw-visits>
<rw-visits order="75">44</rw-visits>
<rw-visits order="76">44</rw-visits>
<rw-visits order="77">44</rw-visits>
<rw-visits order="78">42</rw-visits>
<rw-visits order="79">40</rw-visits>
<rw-visits order="80">40</rw-visits>
<rw-visits order="81">40</rw-visits>
<rw-visits order="82">40</rw-visits>
<rw-visits order="83">40</rw-visits>
<rw-visits order="84">39</rw-visits>
<rw-visits order="85">39</rw-visits>
<rw-visits order="86">37</rw-visits>
<rw-visits order="87">37</rw-visits>
<rw-visits order="88">37</rw-visits>
<rw-visits order="89">37</rw-visits>
<rw-visits order="90">36</rw-visits>
<rw-visits order="91">36</rw-visits>
<rw-visits order="92">36</rw-visits>
<rw-visits order="93">35</rw-visits>
<rw-visits order="94">35</rw-visits>
<rw-visits order="95">35</rw-visits>
<rw-visits order="96">35</rw-visits>
<rw-visits order="97">35</rw-visits>
<rw-visits order="98">35</rw-visits>
<rw-visits order="99">34</rw-visits>
<rw-visits order="100">34</rw-visits>
<rw-visits order="101">32</rw-visits>
<rw-visits order="102">30</rw-visits>
<rw-visits order="103">30</rw-visits>
<rw-visits order="104">29</rw-visits>
<rw-visits order="105">28</rw-visits>
<rw-visits order="106">28</rw-visits>
<rw-visits order="107">28</rw-visits>
<rw-visits order="108">27</rw-visits>
<rw-visits order="109">26</rw-visits>
<rw-visits order="110">26</rw-visits>
<rw-visits order="111">26</rw-visits>
<rw-visits order="112">26</rw-visits>
<rw-visits order="113">25</rw-visits>
<rw-visits order="114">25</rw-visits>
<rw-visits order="115">25</rw-visits>
<rw-visits order="116">24</rw-visits>
<rw-visits order="117">23</rw-visits>
<rw-visits order="118">22</rw-visits>
<rw-visits order="119">22</rw-visits>
<rw-visits order="120">22</rw-visits>
<rw-visits order="121">22</rw-visits>
<rw-visits order="122">21</rw-visits>
<rw-visits order="123">21</rw-visits>
<rw-visits order="124">21</rw-visits>
<rw-visits order="125">21</rw-visits>
<rw-visits order="126">20</rw-visits>
<rw-visits order="127">19</rw-visits>
<rw-visits order="128">19</rw-visits>
<rw-visits order="129">19</rw-visits>
<rw-visits order="130">18</rw-visits>
<rw-visits order="131">18</rw-visits>
<rw-visits order="132">18</rw-visits>
<rw-visits order="133">18</rw-visits>
<rw-visits order="134">17</rw-visits>
<rw-visits order="135">15</rw-visits>
<rw-visits order="136">15</rw-visits>
<rw-visits order="137">15</rw-visits>
<rw-visits order="138">15</rw-visits>
<rw-visits order="139">15</rw-visits>
<rw-visits order="140">15</rw-visits>
<rw-visits order="141">15</rw-visits>
<rw-visits order="142">15</rw-visits>
<rw-visits order="143">15</rw-visits>
<rw-visits order="144">15</rw-visits>
<rw-visits order="145">15</rw-visits>
<rw-visits order="146">15</rw-visits>
<rw-visits order="147">15</rw-visits>
<rw-visits order="148">15</rw-visits>
<rw-visits order="149">14</rw-visits>
<rw-visits order="150">14</rw-visits>
<rw-visits order="151">14</rw-visits>
<rw-visits order="152">14</rw-visits>
<rw-visits order="153">14</rw-visits>
<rw-visits order="154">14</rw-visits>
<rw-visits order="155">14</rw-visits>
<rw-visits order="156">13</rw-visits>
<rw-visits order="157">13</rw-visits>
<rw-visits order="158">13</rw-visits>
<rw-visits order="159">13</rw-visits>
<rw-visits order="160">13</rw-visits>
<rw-visits order="161">13</rw-visits>
<rw-visits order="162">13</rw-visits>
<rw-visits order="163">12</rw-visits>
<rw-visits order="164">12</rw-visits>
<rw-visits order="165">12</rw-visits>
<rw-visits order="166">11</rw-visits>
<rw-visits order="167">11</rw-visits>
<rw-visits order="168">11</rw-visits>
<rw-visits order="169">11</rw-visits>
<rw-visits order="170">11</rw-visits>
<rw-visits order="171">11</rw-visits>
<rw-visits order="172">11</rw-visits>
<rw-visits order="173">10</rw-visits>
<rw-visits order="174">10</rw-visits>
<rw-visits order="175">10</rw-visits>
<rw-visits order="176">9</rw-visits>
<rw-visits order="177">9</rw-visits>
<rw-visits order="178">9</rw-visits>
<rw-visits order="179">9</rw-visits>
<rw-visits order="180">9</rw-visits>
<rw-visits order="181">9</rw-visits>
<rw-visits order="182">9</rw-visits>
<rw-visits order="183">9</rw-visits>
<rw-visits order="184">9</rw-visits>
<rw-visits order="185">8</rw-visits>
<rw-visits order="186">8</rw-visits>
<rw-visits order="187">8</rw-visits>
<rw-visits order="188">7</rw-visits>
<rw-visits order="189">7</rw-visits>
<rw-visits order="190">7</rw-visits>
<rw-visits order="191">7</rw-visits>
<rw-visits order="192">7</rw-visits>
<rw-visits order="193">7</rw-visits>
<rw-visits order="194">7</rw-visits>
<rw-visits order="195">7</rw-visits>
<rw-visits order="196">6</rw-visits>
<rw-visits order="197">6</rw-visits>
<rw-visits order="198">6</rw-visits>
<rw-visits order="199">6</rw-visits>
<rw-visits order="200">6</rw-visits>
<rw-visits order="201">6</rw-visits>
<rw-visits order="202">6</rw-visits>
<rw-visits order="203">6</rw-visits>
<rw-visits order="204">6</rw-visits>
<rw-visits order="205">6</rw-visits>
<rw-visits order="206">6</rw-visits>
<rw-visits order="207">6</rw-visits>
<rw-visits order="208">6</rw-visits>
<rw-visits order="209">6</rw-visits>
<rw-visits order="210">6</rw-visits>
<rw-visits order="211">6</rw-visits>
<rw-visits order="212">6</rw-visits>
<rw-visits order="213">6</rw-visits>
<rw-visits order="214">6</rw-visits>
<rw-visits order="215">6</rw-visits>
<rw-visits order="216">6</rw-visits>
<rw-visits order="217">6</rw-visits>
<rw-visits order="218">5</rw-visits>
<rw-visits order="219">5</rw-visits>
<rw-visits order="220">5</rw-visits>
<rw-visits order="221">5</rw-visits>
<rw-visits order="222">5</rw-visits>
<rw-visits order="223">5</rw-visits>
<rw-visits order="224">5</rw-visits>
<rw-visits order="225">5</rw-visits>
<rw-visits order="226">5</rw-visits>
<rw-visits order="227">5</rw-visits>
<rw-visits order="228">5</rw-visits>
<rw-visits order="229">4</rw-visits>
<rw-visits order="230">4</rw-visits>
<rw-visits order="231">4</rw-visits>
<rw-visits order="232">4</rw-visits>
<rw-visits order="233">4</rw-visits>
<rw-visits order="234">4</rw-visits>
<rw-visits order="235">4</rw-visits>
<rw-visits order="236">4</rw-visits>
<rw-visits order="237">4</rw-visits>
<rw-visits order="238">4</rw-visits>
<rw-visits order="239">4</rw-visits>
<rw-visits order="240">4</rw-visits>
<rw-visits order="241">4</rw-visits>
<rw-visits order="242">4</rw-visits>
<rw-visits order="243">4</rw-visits>
<rw-visits order="244">4</rw-visits>
<rw-visits order="245">4</rw-visits>
<rw-visits order="246">4</rw-visits>
<rw-visits order="247">4</rw-visits>
<rw-visits order="248">3</rw-visits>
<rw-visits order="249">3</rw-visits>
<rw-visits order="250">3</rw-visits>
<rw-visits order="251">3</rw-visits>
<rw-visits order="252">3</rw-visits>
<rw-visits order="253">3</rw-visits>
<rw-visits order="254">3</rw-visits>
<rw-visits order="255">3</rw-visits>
<rw-visits order="256">3</rw-visits>
<rw-visits order="257">3</rw-visits>
<rw-visits order="258">3</rw-visits>
<rw-visits order="259">3</rw-visits>
<rw-visits order="260">3</rw-visits>
<rw-visits order="261">3</rw-visits>
<rw-visits order="262">3</rw-visits>
<rw-visits order="263">3</rw-visits>
<rw-visits order="264">3</rw-visits>
<rw-visits order="265">3</rw-visits>
<rw-visits order="266">2</rw-visits>
<rw-visits order="267">2</rw-visits>
<rw-visits order="268">2</rw-visits>
<rw-visits order="269">2</rw-visits>
<rw-visits order="270">2</rw-visits>
<rw-visits order="271">2</rw-visits>
<rw-visits order="272">2</rw-visits>
<rw-visits order="273">2</rw-visits>
<rw-visits order="274">2</rw-visits>
<rw-visits order="275">2</rw-visits>
<rw-visits order="276">2</rw-visits>
<rw-visits order="277">2</rw-visits>
<rw-visits order="278">2</rw-visits>
<rw-visits order="279">2</rw-visits>
<rw-visits order="280">2</rw-visits>
<rw-visits order="281">2</rw-visits>
<rw-visits order="282">2</rw-visits>
<rw-visits order="283">2</rw-visits>
<rw-visits order="284">2</rw-visits>
<rw-visits order="285">2</rw-visits>
<rw-visits order="286">2</rw-visits>
<rw-visits order="287">2</rw-visits>
<rw-visits order="288">2</rw-visits>
<rw-visits order="289">2</rw-visits>
<rw-visits order="290">2</rw-visits>
<rw-visits order="291">2</rw-visits>
<rw-visits order="292">2</rw-visits>
<rw-visits order="293">2</rw-visits>
<rw-visits order="294">2</rw-visits>
<rw-visits order="295">2</rw-visits>
<rw-visits order="296">2</rw-visits>
<rw-visits order="297">2</rw-visits>
<rw-visits order="298">2</rw-visits>
<rw-visits order="299">2</rw-visits>
<rw-visits order="300">1</rw-visits>
<rw-visits order="301">1</rw-visits>
<rw-visits order="302">1</rw-visits>
<rw-visits order="303">1</rw-visits>
<rw-visits order="304">1</rw-visits>
<rw-visits order="305">1</rw-visits>
<rw-visits order="306">1</rw-visits>
<rw-visits order="307">1</rw-visits>
<rw-visits order="308">1</rw-visits>
<rw-visits order="309">1</rw-visits>
<rw-visits order="310">1</rw-visits>
<rw-visits order="311">1</rw-visits>
<rw-visits order="312">1</rw-visits>
<rw-visits order="313">1</rw-visits>
<rw-visits order="314">1</rw-visits>
<rw-visits order="315">1</rw-visits>
<rw-visits order="316">1</rw-visits>
<rw-visits order="317">1</rw-visits>
<rw-visits order="318">1</rw-visits>
<rw-visits order="319">1</rw-visits>
<rw-visits order="320">1</rw-visits>
<rw-visits order="321">1</rw-visits>
<rw-visits order="322">1</rw-visits>
<rw-visits order="323">1</rw-visits>
<rw-visits order="324">1</rw-visits>
<rw-visits order="325">1</rw-visits>
<rw-visits order="326">1</rw-visits>
<rw-visits order="327">1</rw-visits>
<rw-visits order="328">1</rw-visits>
<rw-visits order="329">1</rw-visits>
<rw-visits order="330">1</rw-visits>
<rw-visits order="331">1</rw-visits>
<rw-visits order="332">1</rw-visits>
<rw-visits order="333">1</rw-visits>
<rw-visits order="334">1</rw-visits>
<rw-visits order="335">1</rw-visits>
<rw-visits order="336">1</rw-visits>
<rw-visits order="337">1</rw-visits>
<rw-visits order="338">1</rw-visits>
<rw-visits order="339">1</rw-visits>
<rw-visits order="340">1</rw-visits>
<rw-visits order="341">1</rw-visits>
<rw-visits order="342">1</rw-visits>
<rw-visits order="343">1</rw-visits>
<rw-visits order="344">1</rw-visits>
<rw-visits order="345">1</rw-visits>
<rw-visits order="346">1</rw-visits>
<rw-visits order="347">1</rw-visits>
<rw-visits order="348">1</rw-visits>
<rw-visits order="349">1</rw-visits>
<rw-visits order="350">1</rw-visits>
<rw-visits order="351">1</rw-visits>
<rw-visits order="352">1</rw-visits>
<rw-visits order="353">1</rw-visits>
<final-coverage>34.7059</final-coverage>
</rw-info>
<local-info>
<diamonds>55.3922</diamonds>
<neighborhood k="4">15</neighborhood>
<clustering k="4">1.40946</clustering>
</local-info>
<label-info>
<edge-label id="0.0">960</edge-label>
<edge-label id="1.4+3.1">29</edge-label>
<edge-label id="1.4+4.1">29</edge-label>
<edge-label id="1.5+3.5">27</edge-label>
<edge-label id="1.5+4.5">27</edge-label>
<edge-label id="1.6+2.5">54</edge-label>
<edge-label id="1.8+2.4">62</edge-label>
<edge-label id="1.9+2.4">92</edge-label>
<edge-label id="2.0">54</edge-label>
<edge-label id="2.1">108</edge-label>
<edge-label id="2.2+1.10">108</edge-label>
<edge-label id="2.3+1.1">56</edge-label>
<edge-label id="2.6+1.0">54</edge-label>
<edge-label id="3.0">79</edge-label>
<edge-label id="3.2+1.3">8</edge-label>
<edge-label id="3.3+1.2">48</edge-label>
<edge-label id="3.3+1.7">56</edge-label>
<edge-label id="3.4">50</edge-label>
<edge-label id="4.0">79</edge-label>
<edge-label id="4.2+1.3">8</edge-label>
<edge-label id="4.3+1.2">48</edge-label>
<edge-label id="4.3+1.7">56</edge-label>
<edge-label id="4.4">50</edge-label>
<state-labels procid="0">
<label id="[{0|0|0},0,0,0]">2</label>
<label id="[{0|0|0},1,0,0]">2</label>
<label id="[{1|0|0},0,15,25]">1</label>
<label id="[{1|0|0},0,20,0]">2</label>
<label id="[{1|0|0},0,20,15]">1</label>
<label id="[{1|0|0},0,20,20]">1</label>
<label id="[{1|0|0},0,20,25]">2</label>
<label id="[{1|0|0},0,20,5]">1</label>
<label id="[{1|0|0},0,25,15]">2</label>
<label id="[{1|0|0},0,25,20]">2</label>
<label id="[{1|0|0},0,25,25]">10</label>
<label id="[{1|0|0},0,25,5]">2</label>
<label id="[{1|0|0},0,5,15]">1</label>
<label id="[{1|0|0},0,5,20]">1</label>
<label id="[{1|0|0},0,5,25]">2</label>
<label id="[{1|0|0},0,5,5]">1</label>
<label id="[{1|0|0},1,15,25]">1</label>
<label id="[{1|0|0},1,20,0]">2</label>
<label id="[{1|0|0},1,20,15]">1</label>
<label id="[{1|0|0},1,20,20]">1</label>
<label id="[{1|0|0},1,20,25]">2</label>
<label id="[{1|0|0},1,20,5]">1</label>
<label id="[{1|0|0},1,25,15]">2</label>
<label id="[{1|0|0},1,25,20]">2</label>
<label id="[{1|0|0},1,25,25]">10</label>
<label id="[{1|0|0},1,25,5]">2</label>
<label id="[{1|0|0},1,5,15]">1</label>
<label id="[{1|0|0},1,5,20]">1</label>
<label id="[{1|0|0},1,5,25]">2</label>
<label id="[{1|0|0},1,5,5]">1</label>
<label id="[{1|0|0},10,15,25]">1</label>
<label id="[{1|0|0},10,20,15]">1</label>
<label id="[{1|0|0},10,20,20]">1</label>
<label id="[{1|0|0},10,20,25]">2</label>
<label id="[{1|0|0},10,25,15]">2</label>
<label id="[{1|0|0},10,25,20]">2</label>
<label id="[{1|0|0},10,25,25]">10</label>
<label id="[{1|0|0},11,15,25]">1</label>
<label id="[{1|0|0},11,20,15]">1</label>
<label id="[{1|0|0},11,20,20]">1</label>
<label id="[{1|0|0},11,20,25]">2</label>
<label id="[{1|0|0},11,25,15]">2</label>
<label id="[{1|0|0},11,25,20]">2</label>
<label id="[{1|0|0},11,25,25]">10</label>
<label id="[{1|0|0},12,15,25]">1</label>
<label id="[{1|0|0},12,20,15]">1</label>
<label id="[{1|0|0},12,20,20]">1</label>
<label id="[{1|0|0},12,20,25]">2</label>
<label id="[{1|0|0},12,25,15]">2</label>
<label id="[{1|0|0},12,25,20]">2</label>
<label id="[{1|0|0},12,25,25]">10</label>
<label id="[{1|0|0},13,15,25]">1</label>
<label id="[{1|0|0},13,20,15]">1</label>
<label id="[{1|0|0},13,20,20]">1</label>
<label id="[{1|0|0},13,20,25]">2</label>
<label id="[{1|0|0},13,25,15]">2</label>
<label id="[{1|0|0},13,25,20]">2</label>
<label id="[{1|0|0},13,25,25]">10</label>
<label id="[{1|0|0},14,15,25]">1</label>
<label id="[{1|0|0},14,20,15]">1</label>
<label id="[{1|0|0},14,20,20]">1</label>
<label id="[{1|0|0},14,20,25]">2</label>
<label id="[{1|0|0},14,25,15]">2</label>
<label id="[{1|0|0},14,25,20]">2</label>
<label id="[{1|0|0},14,25,25]">10</label>
<label id="[{1|0|0},15,15,25]">1</label>
<label id="[{1|0|0},15,20,15]">1</label>
<label id="[{1|0|0},15,20,20]">1</label>
<label id="[{1|0|0},15,20,25]">2</label>
<label id="[{1|0|0},15,25,15]">2</label>
<label id="[{1|0|0},15,25,20]">2</label>
<label id="[{1|0|0},15,25,25]">10</label>
<label id="[{1|0|0},16,15,25]">1</label>
<label id="[{1|0|0},16,20,15]">1</label>
<label id="[{1|0|0},16,20,20]">1</label>
<label id="[{1|0|0},16,20,25]">2</label>
<label id="[{1|0|0},16,25,15]">2</label>
<label id="[{1|0|0},16,25,20]">2</label>
<label id="[{1|0|0},16,25,25]">10</label>
<label id="[{1|0|0},17,20,20]">1</label>
<label id="[{1|0|0},17,20,25]">2</label>
<label id="[{1|0|0},17,25,20]">2</label>
<label id="[{1|0|0},17,25,25]">10</label>
<label id="[{1|0|0},18,20,20]">1</label>
<label id="[{1|0|0},18,20,25]">2</label>
<label id="[{1|0|0},18,25,20]">2</label>
<label id="[{1|0|0},18,25,25]">10</label>
<label id="[{1|0|0},19,20,20]">1</label>
<label id="[{1|0|0},19,20,25]">2</label>
<label id="[{1|0|0},19,25,20]">2</label>
<label id="[{1|0|0},19,25,25]">10</label>
<label id="[{1|0|0},2,15,25]">1</label>
<label id="[{1|0|0},2,20,15]">1</label>
<label id="[{1|0|0},2,20,20]">1</label>
<label id="[{1|0|0},2,20,25]">2</label>
<label id="[{1|0|0},2,20,5]">1</label>
<label id="[{1|0|0},2,25,15]">2</label>
<label id="[{1|0|0},2,25,20]">2</label>
<label id="[{1|0|0},2,25,25]">10</label>
<label id="[{1|0|0},2,25,5]">2</label>
<label id="[{1|0|0},2,5,15]">1</label>
<label id="[{1|0|0},2,5,20]">1</label>
<label id="[{1|0|0},2,5,25]">2</label>
<label id="[{1|0|0},2,5,5]">1</label>
<label id="[{1|0|0},20,20,20]">1</label>
<label id="[{1|0|0},20,20,25]">2</label>
<label id="[{1|0|0},20,25,20]">2</label>
<label id="[{1|0|0},20,25,25]">10</label>
<label id="[{1|0|0},21,20,20]">1</label>
<label id="[{1|0|0},21,20,25]">2</label>
<label id="[{1|0|0},21,25,20]">2</label>
<label id="[{1|0|0},21,25,25]">10</label>
<label id="[{1|0|0},22,25,25]">10</label>
<label id="[{1|0|0},23,25,25]">10</label>
<label id="[{1|0|0},24,25,25]">10</label>
<label id="[{1|0|0},25,25,25]">10</label>
<label id="[{1|0|0},26,25,25]">10</label>
<label id="[{1|0|0},3,15,25]">1</label>
<label id="[{1|0|0},3,20,15]">1</label>
<label id="[{1|0|0},3,20,20]">1</label>
<label id="[{1|0|0},3,20,25]">2</label>
<label id="[{1|0|0},3,20,5]">1</label>
<label id="[{1|0|0},3,25,15]">2</label>
<label id="[{1|0|0},3,25,20]">2</label>
<label id="[{1|0|0},3,25,25]">10</label>
<label id="[{1|0|0},3,25,5]">2</label>
<label id="[{1|0|0},3,5,15]">1</label>
<label id="[{1|0|0},3,5,20]">1</label>
<label id="[{1|0|0},3,5,25]">2</label>
<label id="[{1|0|0},3,5,5]">1</label>
<label id="[{1|0|0},4,15,25]">1</label>
<label id="[{1|0|0},4,20,15]">1</label>
<label id="[{1|0|0},4,20,20]">1</label>
<label id="[{1|0|0},4,20,25]">2</label>
<label id="[{1|0|0},4,20,5]">1</label>
<label id="[{1|0|0},4,25,15]">2</label>
<label id="[{1|0|0},4,25,20]">2</label>
<label id="[{1|0|0},4,25,25]">10</label>
<label id="[{1|0|0},4,25,5]">2</label>
<label id="[{1|0|0},4,5,15]">1</label>
<label id="[{1|0|0},4,5,20]">1</label>
<label id="[{1|0|0},4,5,25]">2</label>
<label id="[{1|0|0},4,5,5]">1</label>
<label id="[{1|0|0},5,15,25]">1</label>
<label id="[{1|0|0},5,20,15]">1</label>
<label id="[{1|0|0},5,20,20]">1</label>
<label id="[{1|0|0},5,20,25]">2</label>
<label id="[{1|0|0},5,20,5]">1</label>
<label id="[{1|0|0},5,25,15]">2</label>
<label id="[{1|0|0},5,25,20]">2</label>
<label id="[{1|0|0},5,25,25]">10</label>
<label id="[{1|0|0},5,25,5]">2</label>
<label id="[{1|0|0},5,5,15]">1</label>
<label id="[{1|0|0},5,5,20]">1</label>
<label id="[{1|0|0},5,5,25]">2</label>
<label id="[{1|0|0},5,5,5]">1</label>
<label id="[{1|0|0},6,15,25]">1</label>
<label id="[{1|0|0},6,20,15]">1</label>
<label id="[{1|0|0},6,20,20]">1</label>
<label id="[{1|0|0},6,20,25]">2</label>
<label id="[{1|0|0},6,20,5]">1</label>
<label id="[{1|0|0},6,25,15]">2</label>
<label id="[{1|0|0},6,25,20]">2</label>
<label id="[{1|0|0},6,25,25]">10</label>
<label id="[{1|0|0},6,25,5]">2</label>
<label id="[{1|0|0},6,5,15]">1</label>
<label id="[{1|0|0},6,5,20]">1</label>
<label id="[{1|0|0},6,5,25]">2</label>
<label id="[{1|0|0},6,5,5]">1</label>
<label id="[{1|0|0},7,15,25]">1</label>
<label id="[{1|0|0},7,20,15]">1</label>
<label id="[{1|0|0},7,20,20]">1</label>
<label id="[{1|0|0},7,20,25]">2</label>
<label id="[{1|0|0},7,25,15]">2</label>
<label id="[{1|0|0},7,25,20]">2</label>
<label id="[{1|0|0},7,25,25]">10</label>
<label id="[{1|0|0},8,15,25]">1</label>
<label id="[{1|0|0},8,20,15]">1</label>
<label id="[{1|0|0},8,20,20]">1</label>
<label id="[{1|0|0},8,20,25]">2</label>
<label id="[{1|0|0},8,25,15]">2</label>
<label id="[{1|0|0},8,25,20]">2</label>
<label id="[{1|0|0},8,25,25]">10</label>
<label id="[{1|0|0},9,15,25]">1</label>
<label id="[{1|0|0},9,20,15]">1</label>
<label id="[{1|0|0},9,20,20]">1</label>
<label id="[{1|0|0},9,20,25]">2</label>
<label id="[{1|0|0},9,25,15]">2</label>
<label id="[{1|0|0},9,25,20]">2</label>
<label id="[{1|0|0},9,25,25]">10</label>
<label id="[{2|0|0},0,0,20]">2</label>
<label id="[{2|0|0},0,15,20]">1</label>
<label id="[{2|0|0},0,15,25]">2</label>
<label id="[{2|0|0},0,15,5]">1</label>
<label id="[{2|0|0},0,20,20]">1</label>
<label id="[{2|0|0},0,20,25]">2</label>
<label id="[{2|0|0},0,20,5]">1</label>
<label id="[{2|0|0},0,25,15]">1</label>
<label id="[{2|0|0},0,25,20]">2</label>
<label id="[{2|0|0},0,25,25]">10</label>
<label id="[{2|0|0},0,25,5]">2</label>
<label id="[{2|0|0},0,5,20]">1</label>
<label id="[{2|0|0},0,5,25]">2</label>
<label id="[{2|0|0},0,5,5]">1</label>
<label id="[{2|0|0},1,0,20]">2</label>
<label id="[{2|0|0},1,15,20]">1</label>
<label id="[{2|0|0},1,15,25]">2</label>
<label id="[{2|0|0},1,15,5]">1</label>
<label id="[{2|0|0},1,20,20]">1</label>
<label id="[{2|0|0},1,20,25]">2</label>
<label id="[{2|0|0},1,20,5]">1</label>
<label id="[{2|0|0},1,25,15]">1</label>
<label id="[{2|0|0},1,25,20]">2</label>
<label id="[{2|0|0},1,25,25]">10</label>
<label id="[{2|0|0},1,25,5]">2</label>
<label id="[{2|0|0},1,5,20]">1</label>
<label id="[{2|0|0},1,5,25]">2</label>
<label id="[{2|0|0},1,5,5]">1</label>
<label id="[{2|0|0},10,15,20]">1</label>
<label id="[{2|0|0},10,15,25]">2</label>
<label id="[{2|0|0},10,20,20]">1</label>
<label id="[{2|0|0},10,20,25]">2</label>
<label id="[{2|0|0},10,25,15]">1</label>
<label id="[{2|0|0},10,25,20]">2</label>
<label id="[{2|0|0},10,25,25]">10</label>
<label id="[{2|0|0},11,15,20]">1</label>
<label id="[{2|0|0},11,15,25]">2</label>
<label id="[{2|0|0},11,20,20]">1</label>
<label id="[{2|0|0},11,20,25]">2</label>
<label id="[{2|0|0},11,25,15]">1</label>
<label id="[{2|0|0},11,25,20]">2</label>
<label id="[{2|0|0},11,25,25]">10</label>
<label id="[{2|0|0},12,15,20]">1</label>
<label id="[{2|0|0},12,15,25]">2</label>
<label id="[{2|0|0},12,20,20]">1</label>
<label id="[{2|0|0},12,20,25]">2</label>
<label id="[{2|0|0},12,25,15]">1</label>
<label id="[{2|0|0},12,25,20]">2</label>
<label id="[{2|0|0},12,25,25]">10</label>
<label id="[{2|0|0},13,15,20]">1</label>
<label id="[{2|0|0},13,15,25]">2</label>
<label id="[{2|0|0},13,20,20]">1</label>
<label id="[{2|0|0},13,20,25]">2</label>
<label id="[{2|0|0},13,25,15]">1</label>
<label id="[{2|0|0},13,25,20]">2</label>
<label id="[{2|0|0},13,25,25]">10</label>
<label id="[{2|0|0},14,15,20]">1</label>
<label id="[{2|0|0},14,15,25]">2</label>
<label id="[{2|0|0},14,20,20]">1</label>
<label id="[{2|0|0},14,20,25]">2</label>
<label id="[{2|0|0},14,25,15]">1</label>
<label id="[{2|0|0},14,25,20]">2</label>
<label id="[{2|0|0},14,25,25]">10</label>
<label id="[{2|0|0},15,15,20]">1</label>
<label id="[{2|0|0},15,15,25]">2</label>
<label id="[{2|0|0},15,20,20]">1</label>
<label id="[{2|0|0},15,20,25]">2</label>
<label id="[{2|0|0},15,25,15]">1</label>
<label id="[{2|0|0},15,25,20]">2</label>
<label id="[{2|0|0},15,25,25]">10</label>
<label id="[{2|0|0},16,15,20]">1</label>
<label id="[{2|0|0},16,15,25]">2</label>
<label id="[{2|0|0},16,20,20]">1</label>
<label id="[{2|0|0},16,20,25]">2</label>
<label id="[{2|0|0},16,25,15]">1</label>
<label id="[{2|0|0},16,25,20]">2</label>
<label id="[{2|0|0},16,25,25]">10</label>
<label id="[{2|0|0},17,20,20]">1</label>
<label id="[{2|0|0},17,20,25]">2</label>
<label id="[{2|0|0},17,25,20]">2</label>
<label id="[{2|0|0},17,25,25]">10</label>
<label id="[{2|0|0},18,20,20]">1</label>
<label id="[{2|0|0},18,20,25]">2</label>
<label id="[{2|0|0},18,25,20]">2</label>
<label id="[{2|0|0},18,25,25]">10</label>
<label id="[{2|0|0},19,20,20]">1</label>
<label id="[{2|0|0},19,20,25]">2</label>
<label id="[{2|0|0},19,25,20]">2</label>
<label id="[{2|0|0},19,25,25]">10</label>
<label id="[{2|0|0},2,15,20]">1</label>
<label id="[{2|0|0},2,15,25]">2</label>
<label id="[{2|0|0},2,15,5]">1</label>
<label id="[{2|0|0},2,20,20]">1</label>
<label id="[{2|0|0},2,20,25]">2</label>
<label id="[{2|0|0},2,20,5]">1</label>
<label id="[{2|0|0},2,25,15]">1</label>
<label id="[{2|0|0},2,25,20]">2</label>
<label id="[{2|0|0},2,25,25]">10</label>
<label id="[{2|0|0},2,25,5]">2</label>
<label id="[{2|0|0},2,5,20]">1</label>
<label id="[{2|0|0},2,5,25]">2</label>
<label id="[{2|0|0},2,5,5]">1</label>
<label id="[{2|0|0},20,20,20]">1</label>
<label id="[{2|0|0},20,20,25]">2</label>
<label id="[{2|0|0},20,25,20]">2</label>
<label id="[{2|0|0},20,25,25]">10</label>
<label id="[{2|0|0},21,20,20]">1</label>
<label id="[{2|0|0},21,20,25]">2</label>
<label id="[{2|0|0},21,25,20]">2</label>
<label id="[{2|0|0},21,25,25]">10</label>
<label id="[{2|0|0},22,25,25]">10</label>
<label id="[{2|0|0},23,25,25]">10</label>
<label id="[{2|0|0},24,25,25]">10</label>
<label id="[{2|0|0},25,25,25]">10</label>
<label id="[{2|0|0},26,25,25]">10</label>
<label id="[{2|0|0},3,15,20]">1</label>
<label id="[{2|0|0},3,15,25]">2</label>
<label id="[{2|0|0},3,15,5]">1</label>
<label id="[{2|0|0},3,20,20]">1</label>
<label id="[{2|0|0},3,20,25]">2</label>
<label id="[{2|0|0},3,20,5]">1</label>
<label id="[{2|0|0},3,25,15]">1</label>
<label id="[{2|0|0},3,25,20]">2</label>
<label id="[{2|0|0},3,25,25]">10</label>
<label id="[{2|0|0},3,25,5]">2</label>
<label id="[{2|0|0},3,5,20]">1</label>
<label id="[{2|0|0},3,5,25]">2</label>
<label id="[{2|0|0},3,5,5]">1</label>
<label id="[{2|0|0},4,15,20]">1</label>
<label id="[{2|0|0},4,15,25]">2</label>
<label id="[{2|0|0},4,15,5]">1</label>
<label id="[{2|0|0},4,20,20]">1</label>
<label id="[{2|0|0},4,20,25]">2</label>
<label id="[{2|0|0},4,20,5]">1</label>
<label id="[{2|0|0},4,25,15]">1</label>
<label id="[{2|0|0},4,25,20]">2</label>
<label id="[{2|0|0},4,25,25]">10</label>
<label id="[{2|0|0},4,25,5]">2</label>
<label id="[{2|0|0},4,5,20]">1</label>
<label id="[{2|0|0},4,5,25]">2</label>
<label id="[{2|0|0},4,5,5]">1</label>
<label id="[{2|0|0},5,15,20]">1</label>
<label id="[{2|0|0},5,15,25]">2</label>
<label id="[{2|0|0},5,15,5]">1</label>
<label id="[{2|0|0},5,20,20]">1</label>
<label id="[{2|0|0},5,20,25]">2</label>
<label id="[{2|0|0},5,20,5]">1</label>
<label id="[{2|0|0},5,25,15]">1</label>
<label id="[{2|0|0},5,25,20]">2</label>
<label id="[{2|0|0},5,25,25]">10</label>
<label id="[{2|0|0},5,25,5]">2</label>
<label id="[{2|0|0},5,5,20]">1</label>
<label id="[{2|0|0},5,5,25]">2</label>
<label id="[{2|0|0},5,5,5]">1</label>
<label id="[{2|0|0},6,15,20]">1</label>
<label id="[{2|0|0},6,15,25]">2</label>
<label id="[{2|0|0},6,15,5]">1</label>
<label id="[{2|0|0},6,20,20]">1</label>
<label id="[{2|0|0},6,20,25]">2</label>
<label id="[{2|0|0},6,20,5]">1</label>
<label id="[{2|0|0},6,25,15]">1</label>
<label id="[{2|0|0},6,25,20]">2</label>
<label id="[{2|0|0},6,25,25]">10</label>
<label id="[{2|0|0},6,25,5]">2</label>
<label id="[{2|0|0},6,5,20]">1</label>
<label id="[{2|0|0},6,5,25]">2</label>
<label id="[{2|0|0},6,5,5]">1</label>
<label id="[{2|0|0},7,15,20]">1</label>
<label id="[{2|0|0},7,15,25]">2</label>
<label id="[{2|0|0},7,20,20]">1</label>
<label id="[{2|0|0},7,20,25]">2</label>
<label id="[{2|0|0},7,25,15]">1</label>
<label id="[{2|0|0},7,25,20]">2</label>
<label id="[{2|0|0},7,25,25]">10</label>
<label id="[{2|0|0},8,15,20]">1</label>
<label id="[{2|0|0},8,15,25]">2</label>
<label id="[{2|0|0},8,20,20]">1</label>
<label id="[{2|0|0},8,20,25]">2</label>
<label id="[{2|0|0},8,25,15]">1</label>
<label id="[{2|0|0},8,25,20]">2</label>
<label id="[{2|0|0},8,25,25]">10</label>
<label id="[{2|0|0},9,15,20]">1</label>
<label id="[{2|0|0},9,15,25]">2</label>
<label id="[{2|0|0},9,20,20]">1</label>
<label id="[{2|0|0},9,20,25]">2</label>
<label id="[{2|0|0},9,25,15]">1</label>
<label id="[{2|0|0},9,25,20]">2</label>
<label id="[{2|0|0},9,25,25]">10</label>
</state-labels><state-labels procid="1">
<label id="[0]">1020</label>
</state-labels><state-labels procid="2">
<label id="[0]">108</label>
<label id="[1]">92</label>
<label id="[2]">62</label>
<label id="[3]">56</label>
<label id="[4]">54</label>
<label id="[5]">134</label>
<label id="[6]">188</label>
<label id="[7]">272</label>
<label id="[8]">54</label>
</state-labels><state-labels procid="3">
<label id="[0,{0|0|0},0,0]">174</label>
<label id="[0,{1|0|0},1,0]">269</label>
<label id="[0,{1|2|0},2,0]">73</label>
<label id="[0,{2|0|0},1,0]">269</label>
<label id="[0,{2|1|0},2,0]">73</label>
<label id="[1,{1|0|0},0,0]">27</label>
<label id="[1,{1|1|0},1,1]">27</label>
<label id="[1,{1|2|0},1,0]">27</label>
<label id="[1,{2|0|0},0,0]">27</label>
<label id="[1,{2|1|0},1,0]">27</label>
<label id="[1,{2|2|0},1,1]">27</label>
</state-labels><state-labels procid="4">
<label id="[0]">461</label>
<label id="[1]">254</label>
<label id="[2]">63</label>
<label id="[3]">167</label>
<label id="[4]">75</label>
</state-labels><state-labels procid="5">
<label id="[0]">461</label>
<label id="[1]">254</label>
<label id="[2]">63</label>
<label id="[3]">167</label>
<label id="[4]">75</label>
</state-labels></label-info>
</state-space-info>
