<?xml version="1.0"?>

<!DOCTYPE instance-list SYSTEM "../instance_list.dtd">

<instance-list>
<instance name="krebs" id="1">
<reach-time complete="yes">0.5</reach-time>
<states>6027</states>
<state-size>24</state-size>
<prediction>0</prediction>
<reach-goal prop-id="1" answer="yes" length="8"/>
</instance>

<instance name="krebs" id="2">
<reach-time complete="yes">1.7</reach-time>
<states>62476</states>
<state-size>26</state-size>
<prediction>0</prediction>
<reach-goal prop-id="1" answer="yes" length="31"/>
</instance>

<instance name="krebs" id="3">
<reach-time complete="yes">5.5</reach-time>
<states>238876</states>
<state-size>26</state-size>
<prediction>0</prediction>
<reach-goal prop-id="1" answer="yes" length="76"/>
</instance>

<instance name="krebs" id="4">
<reach-time complete="yes">24.3</reach-time>
<states>1047405</states>
<state-size>28</state-size>
<prediction>0</prediction>
<reach-goal prop-id="1" answer="no" length="0"/>
</instance>

</instance-list>
