<?xml version="1.0"?>
<!DOCTYPE state-space-info SYSTEM "../../state_space_info.dtd">


<state-space-info>
<states>110920</states>
<edges>303058</edges>
<bfs-info>
 <levels>81</levels>
<max-level>3151</max-level>

<back-level-edges>99804</back-level-edges>
<max-back-level-edge>42</max-back-level-edge>
<avg-back-level-edge>10.1337</avg-back-level-edge>
<bfs-levels>
<level id="0"><states>1</states><edges>3</edges></level>
<level id="1"><states>3</states><edges>9</edges></level>
<level id="2"><states>6</states><edges>18</edges></level>
<level id="3"><states>10</states><edges>30</edges></level>
<level id="4"><states>18</states><edges>54</edges></level>
<level id="5"><states>30</states><edges>90</edges></level>
<level id="6"><states>45</states><edges>135</edges></level>
<level id="7"><states>81</states><edges>229</edges></level>
<level id="8"><states>130</states><edges>352</edges></level>
<level id="9"><states>199</states><edges>522</edges></level>
<level id="10"><states>305</states><edges>743</edges></level>
<level id="11"><states>385</states><edges>948</edges></level>
<level id="12"><states>458</states><edges>1180</edges></level>
<level id="13"><states>551</states><edges>1425</edges></level>
<level id="14"><states>622</states><edges>1628</edges></level>
<level id="15"><states>680</states><edges>1809</edges></level>
<level id="16"><states>704</states><edges>1857</edges></level>
<level id="17"><states>747</states><edges>1904</edges></level>
<level id="18"><states>783</states><edges>1959</edges></level>
<level id="19"><states>814</states><edges>2119</edges></level>
<level id="20"><states>903</states><edges>2383</edges></level>
<level id="21"><states>1001</states><edges>2599</edges></level>
<level id="22"><states>1117</states><edges>2861</edges></level>
<level id="23"><states>1263</states><edges>3253</edges></level>
<level id="24"><states>1407</states><edges>3723</edges></level>
<level id="25"><states>1617</states><edges>4298</edges></level>
<level id="26"><states>1884</states><edges>4879</edges></level>
<level id="27"><states>1966</states><edges>5124</edges></level>
<level id="28"><states>2048</states><edges>5419</edges></level>
<level id="29"><states>2237</states><edges>5943</edges></level>
<level id="30"><states>2454</states><edges>6575</edges></level>
<level id="31"><states>2598</states><edges>7075</edges></level>
<level id="32"><states>2663</states><edges>7141</edges></level>
<level id="33"><states>2778</states><edges>7243</edges></level>
<level id="34"><states>2830</states><edges>7421</edges></level>
<level id="35"><states>2893</states><edges>7753</edges></level>
<level id="36"><states>2936</states><edges>7874</edges></level>
<level id="37"><states>2792</states><edges>7505</edges></level>
<level id="38"><states>2700</states><edges>7319</edges></level>
<level id="39"><states>2709</states><edges>7355</edges></level>
<level id="40"><states>2839</states><edges>7737</edges></level>
<level id="41"><states>2966</states><edges>8277</edges></level>
<level id="42"><states>3075</states><edges>8621</edges></level>
<level id="43"><states>3148</states><edges>8678</edges></level>
<level id="44"><states>3126</states><edges>8462</edges></level>
<level id="45"><states>3071</states><edges>8402</edges></level>
<level id="46"><states>3121</states><edges>8670</edges></level>
<level id="47"><states>3151</states><edges>8684</edges></level>
<level id="48"><states>3151</states><edges>8755</edges></level>
<level id="49"><states>2852</states><edges>8007</edges></level>
<level id="50"><states>2464</states><edges>6964</edges></level>
<level id="51"><states>2215</states><edges>6246</edges></level>
<level id="52"><states>2157</states><edges>6008</edges></level>
<level id="53"><states>2114</states><edges>6027</edges></level>
<level id="54"><states>2116</states><edges>6046</edges></level>
<level id="55"><states>2087</states><edges>5930</edges></level>
<level id="56"><states>2004</states><edges>5669</edges></level>
<level id="57"><states>1962</states><edges>5551</edges></level>
<level id="58"><states>1912</states><edges>5383</edges></level>
<level id="59"><states>1742</states><edges>4853</edges></level>
<level id="60"><states>1561</states><edges>4379</edges></level>
<level id="61"><states>1306</states><edges>3695</edges></level>
<level id="62"><states>1025</states><edges>2927</edges></level>
<level id="63"><states>891</states><edges>2567</edges></level>
<level id="64"><states>838</states><edges>2394</edges></level>
<level id="65"><states>780</states><edges>2257</edges></level>
<level id="66"><states>732</states><edges>2126</edges></level>
<level id="67"><states>674</states><edges>1948</edges></level>
<level id="68"><states>596</states><edges>1686</edges></level>
<level id="69"><states>475</states><edges>1317</edges></level>
<level id="70"><states>385</states><edges>1085</edges></level>
<level id="71"><states>321</states><edges>919</edges></level>
<level id="72"><states>242</states><edges>696</edges></level>
<level id="73"><states>141</states><edges>411</edges></level>
<level id="74"><states>84</states><edges>252</edges></level>
<level id="75"><states>69</states><edges>201</edges></level>
<level id="76"><states>57</states><edges>165</edges></level>
<level id="77"><states>39</states><edges>117</edges></level>
<level id="78"><states>33</states><edges>99</edges></level>
<level id="79"><states>18</states><edges>54</edges></level>
<level id="80"><states>12</states><edges>36</edges></level>
</bfs-levels>
<back-level-length id="0">1.2745</back-level-length>
<back-level-length id="1">1.43181</back-level-length>
<back-level-length id="2">3.5229</back-level-length>
<back-level-length id="3">10.9845</back-level-length>
<back-level-length id="4">2.2434</back-level-length>
<back-level-length id="5">1.14324</back-level-length>
<back-level-length id="6">25.4038</back-level-length>
<back-level-length id="7">0.513005</back-level-length>
<back-level-length id="8">2.05803</back-level-length>
<back-level-length id="9">2.62715</back-level-length>
<back-level-length id="10">15.795</back-level-length>
<back-level-length id="11">2.8586</back-level-length>
<back-level-length id="12">3.66418</back-level-length>
<back-level-length id="13">3.42672</back-level-length>
<back-level-length id="14">0.942848</back-level-length>
<back-level-length id="15">3.58202</back-level-length>
<back-level-length id="16">0.698369</back-level-length>
<back-level-length id="17">3.84053</back-level-length>
<back-level-length id="18">0.662298</back-level-length>
<back-level-length id="19">1.60815</back-level-length>
<back-level-length id="20">2.07807</back-level-length>
<back-level-length id="21">0.573123</back-level-length>
<back-level-length id="22">1.76546</back-level-length>
<back-level-length id="23">0.432848</back-level-length>
<back-level-length id="24">1.55004</back-level-length>
<back-level-length id="25">0.161316</back-level-length>
<back-level-length id="26">1.67629</back-level-length>
<back-level-length id="27">0.253497</back-level-length>
<back-level-length id="28">0.111218</back-level-length>
<back-level-length id="29">0.94385</back-level-length>
<back-level-length id="30">0.0781532</back-level-length>
<back-level-length id="31">0.0340668</back-level-length>
<back-level-length id="32">0.0621218</back-level-length>
<back-level-length id="33">1.61717</back-level-length>
<back-level-length id="34">0</back-level-length>
<back-level-length id="35">0.00100196</back-level-length>
<back-level-length id="36">0.296581</back-level-length>
<back-level-length id="37">0</back-level-length>
<back-level-length id="38">0.00601178</back-level-length>
<back-level-length id="39">0.0180353</back-level-length>
<back-level-length id="40">0.0571119</back-level-length>
<back-level-length id="41">0</back-level-length>
<back-level-length id="42">0.00300589</back-level-length>
</bfs-info>
<degrees>
<avg>2.73222</avg>
<max-in>11</max-in>
<max-out>3</max-out>
<degree id="0"><in>1</in><out>24</out></degree>
<degree id="1"><in>28666</in><out>2448</out></degree>
<degree id="2"><in>30868</in><out>24734</out></degree>
<degree id="3"><in>23778</in><out>83714</out></degree>
<degree id="4"><in>11471</in><out>0</out></degree>
<degree id="5"><in>7646</in><out>0</out></degree>
<degree id="6"><in>4655</in><out>0</out></degree>
<degree id="7"><in>2317</in><out>0</out></degree>
<degree id="8"><in>840</in><out>0</out></degree>
<degree id="9"><in>495</in><out>0</out></degree>
<degree id="10"><in>129</in><out>0</out></degree>
<degree id="11"><in>54</in><out>0</out></degree>
</degrees>
<scc-info>
<count>11800</count>
<height>86</height>
<nontrivial-height>35</nontrivial-height>
<trivial>11330</trivial>
<terminal>24</terminal>
<largest>20920</largest>
<largest-position> </largest-position>
</scc-info>
<dfs-info>
<stack-size id="554">0.45348</stack-size>
<stack-size id="1108">0.859178</stack-size>
<stack-size id="1662">1.23332</stack-size>
<stack-size id="2216">1.53354</stack-size>
<stack-size id="2770">1.77065</stack-size>
<stack-size id="3324">1.88785</stack-size>
<stack-size id="3878">1.98702</stack-size>
<stack-size id="4432">2.08799</stack-size>
<stack-size id="4986">2.12045</stack-size>
<stack-size id="5540">2.08889</stack-size>
<stack-size id="6094">2.14208</stack-size>
<stack-size id="6648">2.11053</stack-size>
<stack-size id="7202">2.15651</stack-size>
<stack-size id="7756">2.29895</stack-size>
<stack-size id="8310">2.43329</stack-size>
<stack-size id="8864">2.48467</stack-size>
<stack-size id="9418">2.46754</stack-size>
<stack-size id="9972">2.43238</stack-size>
<stack-size id="10526">2.42697</stack-size>
<stack-size id="11080">2.4432</stack-size>
<stack-size id="11634">2.55499</stack-size>
<stack-size id="12188">2.5586</stack-size>
<stack-size id="12742">2.64785</stack-size>
<stack-size id="13296">2.64605</stack-size>
<stack-size id="13850">2.72539</stack-size>
<stack-size id="14404">2.70375</stack-size>
<stack-size id="14958">2.7299</stack-size>
<stack-size id="15512">2.71006</stack-size>
<stack-size id="16066">2.68933</stack-size>
<stack-size id="16620">2.68031</stack-size>
<stack-size id="17174">2.63974</stack-size>
<stack-size id="17728">2.619</stack-size>
<stack-size id="18282">2.60819</stack-size>
<stack-size id="18836">2.51713</stack-size>
<stack-size id="19390">2.53967</stack-size>
<stack-size id="19944">2.53787</stack-size>
<stack-size id="20498">2.54237</stack-size>
<stack-size id="21052">2.381</stack-size>
<stack-size id="21606">0.978182</stack-size>
<stack-size id="22160">0.444464</stack-size>
<stack-size id="22714">0.545438</stack-size>
<stack-size id="23268">0.851064</stack-size>
<stack-size id="23822">0.811396</stack-size>
<stack-size id="24376">0.971872</stack-size>
<stack-size id="24930">1.08006</stack-size>
<stack-size id="25484">1.09358</stack-size>
<stack-size id="26038">1.19996</stack-size>
<stack-size id="26592">1.2234</stack-size>
<stack-size id="27146">1.24684</stack-size>
<stack-size id="27700">1.35864</stack-size>
<stack-size id="28254">1.41904</stack-size>
<stack-size id="28808">1.53805</stack-size>
<stack-size id="29362">1.53444</stack-size>
<stack-size id="29916">1.54706</stack-size>
<stack-size id="30470">1.52903</stack-size>
<stack-size id="31024">1.57321</stack-size>
<stack-size id="31578">1.63541</stack-size>
<stack-size id="32132">1.66156</stack-size>
<stack-size id="32686">1.73188</stack-size>
<stack-size id="33240">1.71745</stack-size>
<stack-size id="33794">1.67688</stack-size>
<stack-size id="34348">1.69582</stack-size>
<stack-size id="34902">1.68049</stack-size>
<stack-size id="35456">1.66516</stack-size>
<stack-size id="36010">1.65164</stack-size>
<stack-size id="36564">0.960151</stack-size>
<stack-size id="37118">0.806888</stack-size>
<stack-size id="37672">0.708619</stack-size>
<stack-size id="38226">0.0712225</stack-size>
<stack-size id="38780">0.184818</stack-size>
<stack-size id="39334">0.330869</stack-size>
<stack-size id="39888">0.736567</stack-size>
<stack-size id="40442">1.02596</stack-size>
<stack-size id="40996">1.31897</stack-size>
<stack-size id="41550">1.59394</stack-size>
<stack-size id="42104">1.67869</stack-size>
<stack-size id="42658">1.77605</stack-size>
<stack-size id="43212">1.76884</stack-size>
<stack-size id="43766">1.77155</stack-size>
<stack-size id="44320">1.76614</stack-size>
<stack-size id="44874">1.87342</stack-size>
<stack-size id="45428">2.09971</stack-size>
<stack-size id="45982">2.09971</stack-size>
<stack-size id="46536">2.0907</stack-size>
<stack-size id="47090">2.05914</stack-size>
<stack-size id="47644">2.07537</stack-size>
<stack-size id="48198">2.18626</stack-size>
<stack-size id="48752">2.16372</stack-size>
<stack-size id="49306">2.13307</stack-size>
<stack-size id="49860">2.08619</stack-size>
<stack-size id="50414">2.1529</stack-size>
<stack-size id="50968">2.1502</stack-size>
<stack-size id="51522">2.11594</stack-size>
<stack-size id="52076">2.08168</stack-size>
<stack-size id="52630">2.08348</stack-size>
<stack-size id="53184">2.08799</stack-size>
<stack-size id="53738">2.07357</stack-size>
<stack-size id="54292">1.16661</stack-size>
<stack-size id="54846">0.275875</stack-size>
<stack-size id="55400">0.405698</stack-size>
<stack-size id="55954">0.574288</stack-size>
<stack-size id="56508">0.679769</stack-size>
<stack-size id="57062">0.828525</stack-size>
<stack-size id="57616">0.906058</stack-size>
<stack-size id="58170">0.979986</stack-size>
<stack-size id="58724">1.01605</stack-size>
<stack-size id="59278">1.01605</stack-size>
<stack-size id="59832">1.09178</stack-size>
<stack-size id="60386">1.26307</stack-size>
<stack-size id="60940">1.28651</stack-size>
<stack-size id="61494">1.25135</stack-size>
<stack-size id="62048">1.13145</stack-size>
<stack-size id="62602">1.15939</stack-size>
<stack-size id="63156">1.1612</stack-size>
<stack-size id="63710">1.12153</stack-size>
<stack-size id="64264">0.580599</stack-size>
<stack-size id="64818">0.542734</stack-size>
<stack-size id="65372">0.231699</stack-size>
<stack-size id="65926">0.0414713</stack-size>
<stack-size id="66480">0.134331</stack-size>
<stack-size id="67034">0.229895</stack-size>
<stack-size id="67588">0.627479</stack-size>
<stack-size id="68142">0.876307</stack-size>
<stack-size id="68696">0.894338</stack-size>
<stack-size id="69250">0.996213</stack-size>
<stack-size id="69804">1.1612</stack-size>
<stack-size id="70358">1.29643</stack-size>
<stack-size id="70912">1.32798</stack-size>
<stack-size id="71466">1.32077</stack-size>
<stack-size id="72020">1.31356</stack-size>
<stack-size id="72574">1.32167</stack-size>
<stack-size id="73128">1.37036</stack-size>
<stack-size id="73682">1.55067</stack-size>
<stack-size id="74236">1.6832</stack-size>
<stack-size id="74790">1.69221</stack-size>
<stack-size id="75344">1.64353</stack-size>
<stack-size id="75898">1.42445</stack-size>
<stack-size id="76452">1.35593</stack-size>
<stack-size id="77006">1.4551</stack-size>
<stack-size id="77560">1.45781</stack-size>
<stack-size id="78114">1.511</stack-size>
<stack-size id="78668">1.51461</stack-size>
<stack-size id="79222">1.49748</stack-size>
<stack-size id="79776">1.44609</stack-size>
<stack-size id="80330">1.42625</stack-size>
<stack-size id="80884">1.41093</stack-size>
<stack-size id="81438">0.924089</stack-size>
<stack-size id="81992">0.957447</stack-size>
<stack-size id="82546">0.173999</stack-size>
<stack-size id="83100">0.152362</stack-size>
<stack-size id="83654">0.183916</stack-size>
<stack-size id="84208">0.525604</stack-size>
<stack-size id="84762">0.806888</stack-size>
<stack-size id="85316">0.928597</stack-size>
<stack-size id="85870">0.941219</stack-size>
<stack-size id="86424">1.04039</stack-size>
<stack-size id="86978">1.07194</stack-size>
<stack-size id="87532">1.19816</stack-size>
<stack-size id="88086">1.17202</stack-size>
<stack-size id="88640">1.28922</stack-size>
<stack-size id="89194">1.49928</stack-size>
<stack-size id="89748">1.49657</stack-size>
<stack-size id="90302">1.4524</stack-size>
<stack-size id="90856">1.25406</stack-size>
<stack-size id="91410">1.25316</stack-size>
<stack-size id="91964">1.23783</stack-size>
<stack-size id="92518">1.07375</stack-size>
<stack-size id="93072">0.975478</stack-size>
<stack-size id="93626">0.974576</stack-size>
<stack-size id="94180">0.0865489</stack-size>
<stack-size id="94734">0.171295</stack-size>
<stack-size id="95288">0.190227</stack-size>
<stack-size id="95842">0.359719</stack-size>
<stack-size id="96396">0.620267</stack-size>
<stack-size id="96950">0.6978</stack-size>
<stack-size id="97504">0.659935</stack-size>
<stack-size id="98058">0.751893</stack-size>
<stack-size id="98612">0.723044</stack-size>
<stack-size id="99166">0.792463</stack-size>
<stack-size id="99720">0.800577</stack-size>
<stack-size id="100274">0.797872</stack-size>
<stack-size id="100828">0.847458</stack-size>
<stack-size id="101382">0.810494</stack-size>
<stack-size id="101936">0.869996</stack-size>
<stack-size id="102490">0.91868</stack-size>
<stack-size id="103044">0.888929</stack-size>
<stack-size id="103598">0.774432</stack-size>
<stack-size id="104152">0.813199</stack-size>
<stack-size id="104706">0.876307</stack-size>
<stack-size id="105260">0.815002</stack-size>
<stack-size id="105814">0.793365</stack-size>
<stack-size id="106368">0.124414</stack-size>
<stack-size id="106922">0.356113</stack-size>
<stack-size id="107476">0.531013</stack-size>
<stack-size id="108030">0.523801</stack-size>
<stack-size id="108584">0.557158</stack-size>
<stack-size id="109138">0.584205</stack-size>
<stack-size id="109692">0.652723</stack-size>
<stack-size id="110246">0.611251</stack-size>
<stack-size id="110800">0.28489</stack-size>
<max-stack>3047</max-stack>
<front-edges>110919</front-edges>
<back-edges>33748</back-edges>
<cross-edges>158391</cross-edges>
<shortest-cycle>7</shortest-cycle>
</dfs-info>
<rw-info>
<coverage step="11080">4.59881</coverage>
<coverage step="22160">6.72196</coverage>
<coverage step="33240">8.33123</coverage>
<coverage step="44320">9.48882</coverage>
<coverage step="55400">10.5166</coverage>
<coverage step="66480">11.3217</coverage>
<coverage step="77560">12.1448</coverage>
<coverage step="88640">12.7912</coverage>
<coverage step="99720">13.3303</coverage>
<coverage step="110800">13.9199</coverage>
<coverage step="121880">14.3356</coverage>
<coverage step="132960">14.8125</coverage>
<coverage step="144040">15.1722</coverage>
<coverage step="155120">15.5968</coverage>
<coverage step="166200">16.0052</coverage>
<coverage step="177280">16.3442</coverage>
<coverage step="188360">16.6264</coverage>
<coverage step="199440">16.9735</coverage>
<coverage step="210520">17.3116</coverage>
<coverage step="221600">17.6262</coverage>
<coverage step="232680">17.8651</coverage>
<coverage step="243760">18.095</coverage>
<coverage step="254840">18.3745</coverage>
<coverage step="265920">18.6053</coverage>
<coverage step="277000">18.8785</coverage>
<coverage step="288080">19.0588</coverage>
<coverage step="299160">19.2607</coverage>
<coverage step="310240">19.4203</coverage>
<coverage step="321320">19.6502</coverage>
<coverage step="332400">19.8377</coverage>
<coverage step="343480">20.0676</coverage>
<coverage step="354560">20.2209</coverage>
<coverage step="365640">20.3967</coverage>
<coverage step="376720">20.5707</coverage>
<coverage step="387800">20.6924</coverage>
<coverage step="398880">20.8979</coverage>
<coverage step="409960">21.0728</coverage>
<coverage step="421040">21.2315</coverage>
<coverage step="432120">21.3523</coverage>
<coverage step="443200">21.4758</coverage>
<coverage step="454280">21.612</coverage>
<coverage step="465360">21.7337</coverage>
<coverage step="476440">21.8356</coverage>
<coverage step="487520">21.9672</coverage>
<coverage step="498600">22.1682</coverage>
<coverage step="509680">22.2566</coverage>
<coverage step="520760">22.353</coverage>
<coverage step="531840">22.5189</coverage>
<coverage step="542920">22.6704</coverage>
<coverage step="554000">22.7939</coverage>
<coverage step="565080">22.912</coverage>
<coverage step="576160">22.9904</coverage>
<coverage step="587240">23.1176</coverage>
<coverage step="598320">23.2212</coverage>
<coverage step="609400">23.3439</coverage>
<coverage step="620480">23.4331</coverage>
<coverage step="631560">23.5224</coverage>
<coverage step="642640">23.626</coverage>
<coverage step="653720">23.7297</coverage>
<coverage step="664800">23.8118</coverage>
<coverage step="675880">23.9299</coverage>
<coverage step="686960">24.0002</coverage>
<coverage step="698040">24.0966</coverage>
<coverage step="709120">24.2166</coverage>
<coverage step="720200">24.2887</coverage>
<coverage step="731280">24.3915</coverage>
<coverage step="742360">24.4473</coverage>
<coverage step="753440">24.5213</coverage>
<coverage step="764520">24.6069</coverage>
<coverage step="775600">24.7043</coverage>
<coverage step="786680">24.7737</coverage>
<coverage step="797760">24.853</coverage>
<coverage step="808840">24.9459</coverage>
<coverage step="819920">25.0261</coverage>
<coverage step="831000">25.128</coverage>
<coverage step="842080">25.2119</coverage>
<coverage step="853160">25.275</coverage>
<coverage step="864240">25.3354</coverage>
<coverage step="875320">25.4111</coverage>
<coverage step="886400">25.4535</coverage>
<coverage step="897480">25.4922</coverage>
<coverage step="908560">25.568</coverage>
<coverage step="919640">25.6293</coverage>
<coverage step="930720">25.6951</coverage>
<coverage step="941800">25.7789</coverage>
<coverage step="952880">25.8366</coverage>
<coverage step="963960">25.9124</coverage>
<coverage step="975040">25.9719</coverage>
<coverage step="986120">26.0061</coverage>
<coverage step="997200">26.053</coverage>
<coverage step="1008280">26.1107</coverage>
<coverage step="1019360">26.1576</coverage>
<coverage step="1030440">26.2441</coverage>
<coverage step="1041520">26.31</coverage>
<coverage step="1052600">26.3649</coverage>
<coverage step="1063680">26.4118</coverage>
<coverage step="1074760">26.4488</coverage>
<coverage step="1085840">26.5236</coverage>
<coverage step="1096920">26.5588</coverage>
<coverage step="1108000">26.6237</coverage>
<rw-visits order="1">12772</rw-visits>
<rw-visits order="148">784</rw-visits>
<rw-visits order="295">577</rw-visits>
<rw-visits order="442">465</rw-visits>
<rw-visits order="589">366</rw-visits>
<rw-visits order="736">314</rw-visits>
<rw-visits order="883">274</rw-visits>
<rw-visits order="1030">236</rw-visits>
<rw-visits order="1177">203</rw-visits>
<rw-visits order="1324">179</rw-visits>
<rw-visits order="1471">165</rw-visits>
<rw-visits order="1618">150</rw-visits>
<rw-visits order="1765">139</rw-visits>
<rw-visits order="1912">127</rw-visits>
<rw-visits order="2059">118</rw-visits>
<rw-visits order="2206">111</rw-visits>
<rw-visits order="2353">105</rw-visits>
<rw-visits order="2500">99</rw-visits>
<rw-visits order="2647">92</rw-visits>
<rw-visits order="2794">86</rw-visits>
<rw-visits order="2941">81</rw-visits>
<rw-visits order="3088">76</rw-visits>
<rw-visits order="3235">73</rw-visits>
<rw-visits order="3382">69</rw-visits>
<rw-visits order="3529">66</rw-visits>
<rw-visits order="3676">63</rw-visits>
<rw-visits order="3823">60</rw-visits>
<rw-visits order="3970">57</rw-visits>
<rw-visits order="4117">55</rw-visits>
<rw-visits order="4264">52</rw-visits>
<rw-visits order="4411">50</rw-visits>
<rw-visits order="4558">48</rw-visits>
<rw-visits order="4705">46</rw-visits>
<rw-visits order="4852">44</rw-visits>
<rw-visits order="4999">42</rw-visits>
<rw-visits order="5146">40</rw-visits>
<rw-visits order="5293">39</rw-visits>
<rw-visits order="5440">37</rw-visits>
<rw-visits order="5587">36</rw-visits>
<rw-visits order="5734">34</rw-visits>
<rw-visits order="5881">33</rw-visits>
<rw-visits order="6028">32</rw-visits>
<rw-visits order="6175">31</rw-visits>
<rw-visits order="6322">30</rw-visits>
<rw-visits order="6469">29</rw-visits>
<rw-visits order="6616">28</rw-visits>
<rw-visits order="6763">27</rw-visits>
<rw-visits order="6910">26</rw-visits>
<rw-visits order="7057">25</rw-visits>
<rw-visits order="7204">24</rw-visits>
<rw-visits order="7351">24</rw-visits>
<rw-visits order="7498">23</rw-visits>
<rw-visits order="7645">22</rw-visits>
<rw-visits order="7792">22</rw-visits>
<rw-visits order="7939">21</rw-visits>
<rw-visits order="8086">20</rw-visits>
<rw-visits order="8233">19</rw-visits>
<rw-visits order="8380">19</rw-visits>
<rw-visits order="8527">18</rw-visits>
<rw-visits order="8674">18</rw-visits>
<rw-visits order="8821">17</rw-visits>
<rw-visits order="8968">17</rw-visits>
<rw-visits order="9115">16</rw-visits>
<rw-visits order="9262">15</rw-visits>
<rw-visits order="9409">15</rw-visits>
<rw-visits order="9556">15</rw-visits>
<rw-visits order="9703">14</rw-visits>
<rw-visits order="9850">14</rw-visits>
<rw-visits order="9997">13</rw-visits>
<rw-visits order="10144">13</rw-visits>
<rw-visits order="10291">13</rw-visits>
<rw-visits order="10438">12</rw-visits>
<rw-visits order="10585">12</rw-visits>
<rw-visits order="10732">11</rw-visits>
<rw-visits order="10879">11</rw-visits>
<rw-visits order="11026">11</rw-visits>
<rw-visits order="11173">11</rw-visits>
<rw-visits order="11320">10</rw-visits>
<rw-visits order="11467">10</rw-visits>
<rw-visits order="11614">10</rw-visits>
<rw-visits order="11761">9</rw-visits>
<rw-visits order="11908">9</rw-visits>
<rw-visits order="12055">9</rw-visits>
<rw-visits order="12202">9</rw-visits>
<rw-visits order="12349">8</rw-visits>
<rw-visits order="12496">8</rw-visits>
<rw-visits order="12643">8</rw-visits>
<rw-visits order="12790">8</rw-visits>
<rw-visits order="12937">8</rw-visits>
<rw-visits order="13084">7</rw-visits>
<rw-visits order="13231">7</rw-visits>
<rw-visits order="13378">7</rw-visits>
<rw-visits order="13525">7</rw-visits>
<rw-visits order="13672">7</rw-visits>
<rw-visits order="13819">7</rw-visits>
<rw-visits order="13966">6</rw-visits>
<rw-visits order="14113">6</rw-visits>
<rw-visits order="14260">6</rw-visits>
<rw-visits order="14407">6</rw-visits>
<rw-visits order="14554">6</rw-visits>
<rw-visits order="14701">6</rw-visits>
<rw-visits order="14848">5</rw-visits>
<rw-visits order="14995">5</rw-visits>
<rw-visits order="15142">5</rw-visits>
<rw-visits order="15289">5</rw-visits>
<rw-visits order="15436">5</rw-visits>
<rw-visits order="15583">5</rw-visits>
<rw-visits order="15730">5</rw-visits>
<rw-visits order="15877">5</rw-visits>
<rw-visits order="16024">5</rw-visits>
<rw-visits order="16171">4</rw-visits>
<rw-visits order="16318">4</rw-visits>
<rw-visits order="16465">4</rw-visits>
<rw-visits order="16612">4</rw-visits>
<rw-visits order="16759">4</rw-visits>
<rw-visits order="16906">4</rw-visits>
<rw-visits order="17053">4</rw-visits>
<rw-visits order="17200">4</rw-visits>
<rw-visits order="17347">4</rw-visits>
<rw-visits order="17494">4</rw-visits>
<rw-visits order="17641">4</rw-visits>
<rw-visits order="17788">3</rw-visits>
<rw-visits order="17935">3</rw-visits>
<rw-visits order="18082">3</rw-visits>
<rw-visits order="18229">3</rw-visits>
<rw-visits order="18376">3</rw-visits>
<rw-visits order="18523">3</rw-visits>
<rw-visits order="18670">3</rw-visits>
<rw-visits order="18817">3</rw-visits>
<rw-visits order="18964">3</rw-visits>
<rw-visits order="19111">3</rw-visits>
<rw-visits order="19258">3</rw-visits>
<rw-visits order="19405">3</rw-visits>
<rw-visits order="19552">3</rw-visits>
<rw-visits order="19699">3</rw-visits>
<rw-visits order="19846">3</rw-visits>
<rw-visits order="19993">2</rw-visits>
<rw-visits order="20140">2</rw-visits>
<rw-visits order="20287">2</rw-visits>
<rw-visits order="20434">2</rw-visits>
<rw-visits order="20581">2</rw-visits>
<rw-visits order="20728">2</rw-visits>
<rw-visits order="20875">2</rw-visits>
<rw-visits order="21022">2</rw-visits>
<rw-visits order="21169">2</rw-visits>
<rw-visits order="21316">2</rw-visits>
<rw-visits order="21463">2</rw-visits>
<rw-visits order="21610">2</rw-visits>
<rw-visits order="21757">2</rw-visits>
<rw-visits order="21904">2</rw-visits>
<rw-visits order="22051">2</rw-visits>
<rw-visits order="22198">2</rw-visits>
<rw-visits order="22345">2</rw-visits>
<rw-visits order="22492">2</rw-visits>
<rw-visits order="22639">2</rw-visits>
<rw-visits order="22786">2</rw-visits>
<rw-visits order="22933">2</rw-visits>
<rw-visits order="23080">2</rw-visits>
<rw-visits order="23227">2</rw-visits>
<rw-visits order="23374">1</rw-visits>
<rw-visits order="23521">1</rw-visits>
<rw-visits order="23668">1</rw-visits>
<rw-visits order="23815">1</rw-visits>
<rw-visits order="23962">1</rw-visits>
<rw-visits order="24109">1</rw-visits>
<rw-visits order="24256">1</rw-visits>
<rw-visits order="24403">1</rw-visits>
<rw-visits order="24550">1</rw-visits>
<rw-visits order="24697">1</rw-visits>
<rw-visits order="24844">1</rw-visits>
<rw-visits order="24991">1</rw-visits>
<rw-visits order="25138">1</rw-visits>
<rw-visits order="25285">1</rw-visits>
<rw-visits order="25432">1</rw-visits>
<rw-visits order="25579">1</rw-visits>
<rw-visits order="25726">1</rw-visits>
<rw-visits order="25873">1</rw-visits>
<rw-visits order="26020">1</rw-visits>
<rw-visits order="26167">1</rw-visits>
<rw-visits order="26314">1</rw-visits>
<rw-visits order="26461">1</rw-visits>
<rw-visits order="26608">1</rw-visits>
<rw-visits order="26755">1</rw-visits>
<rw-visits order="26902">1</rw-visits>
<rw-visits order="27049">1</rw-visits>
<rw-visits order="27196">1</rw-visits>
<rw-visits order="27343">1</rw-visits>
<rw-visits order="27490">1</rw-visits>
<rw-visits order="27637">1</rw-visits>
<rw-visits order="27784">1</rw-visits>
<rw-visits order="27931">1</rw-visits>
<rw-visits order="28078">1</rw-visits>
<rw-visits order="28225">1</rw-visits>
<rw-visits order="28372">1</rw-visits>
<rw-visits order="28519">1</rw-visits>
<rw-visits order="28666">1</rw-visits>
<rw-visits order="28813">1</rw-visits>
<rw-visits order="28960">1</rw-visits>
<rw-visits order="29107">1</rw-visits>
<rw-visits order="29254">1</rw-visits>
<rw-visits order="29401">1</rw-visits>
<final-coverage>26.6381</final-coverage>
</rw-info>
<local-info>
<diamonds>93.4052</diamonds>
<neighborhood k="4">31</neighborhood>
<clustering k="4">1.57221</clustering>
</local-info>
<label-info>
<edge-label id="0.0">11870</edge-label>
<edge-label id="0.1">10250</edge-label>
<edge-label id="0.10">676</edge-label>
<edge-label id="0.11">1052</edge-label>
<edge-label id="0.12">11093</edge-label>
<edge-label id="0.13">13878</edge-label>
<edge-label id="0.2">4914</edge-label>
<edge-label id="0.3">5240</edge-label>
<edge-label id="0.4">6362</edge-label>
<edge-label id="0.5">9878</edge-label>
<edge-label id="0.6">5771</edge-label>
<edge-label id="0.7">10278</edge-label>
<edge-label id="0.8">7108</edge-label>
<edge-label id="0.9">2672</edge-label>
<edge-label id="1.0">11930</edge-label>
<edge-label id="1.1">10186</edge-label>
<edge-label id="1.10">676</edge-label>
<edge-label id="1.11">1052</edge-label>
<edge-label id="1.12">11225</edge-label>
<edge-label id="1.13">14046</edge-label>
<edge-label id="1.2">4918</edge-label>
<edge-label id="1.3">5240</edge-label>
<edge-label id="1.4">6362</edge-label>
<edge-label id="1.5">10046</edge-label>
<edge-label id="1.6">5863</edge-label>
<edge-label id="1.7">10350</edge-label>
<edge-label id="1.8">6456</edge-label>
<edge-label id="1.9">2664</edge-label>
<edge-label id="2.0">11974</edge-label>
<edge-label id="2.1">10122</edge-label>
<edge-label id="2.10">676</edge-label>
<edge-label id="2.11">1052</edge-label>
<edge-label id="2.12">11313</edge-label>
<edge-label id="2.13">14170</edge-label>
<edge-label id="2.2">4906</edge-label>
<edge-label id="2.3">5240</edge-label>
<edge-label id="2.4">6362</edge-label>
<edge-label id="2.5">10170</edge-label>
<edge-label id="2.6">5927</edge-label>
<edge-label id="2.7">10406</edge-label>
<edge-label id="2.8">6028</edge-label>
<edge-label id="2.9">2656</edge-label>
<state-labels procid="0">
<label id="[{0|0|0},0,0]">560</label>
<label id="[{0|0|0},0,1]">1308</label>
<label id="[{0|0|0},0,255]">1620</label>
<label id="[{0|0|0},0,2]">1308</label>
<label id="[{0|0|0},1,0]">1308</label>
<label id="[{0|0|0},1,1]">560</label>
<label id="[{0|0|0},1,255]">1620</label>
<label id="[{0|0|0},1,2]">1308</label>
<label id="[{0|0|0},2,0]">1308</label>
<label id="[{0|0|0},2,1]">1308</label>
<label id="[{0|0|0},2,255]">1620</label>
<label id="[{0|0|0},2,2]">560</label>
<label id="[{0|0|0},255,255]">1</label>
<label id="[{0|0|1},0,0]">654</label>
<label id="[{0|0|1},0,1]">996</label>
<label id="[{0|0|1},0,255]">1800</label>
<label id="[{0|0|1},0,2]">493</label>
<label id="[{0|0|1},1,0]">996</label>
<label id="[{0|0|1},1,1]">654</label>
<label id="[{0|0|1},1,255]">1800</label>
<label id="[{0|0|1},1,2]">493</label>
<label id="[{0|0|1},2,0]">1304</label>
<label id="[{0|0|1},2,1]">1304</label>
<label id="[{0|0|1},2,255]">2928</label>
<label id="[{0|0|1},2,2]">1328</label>
<label id="[{0|0|1},255,255]">1</label>
<label id="[{0|1|0},0,0]">646</label>
<label id="[{0|1|0},0,1]">493</label>
<label id="[{0|1|0},0,255]">1800</label>
<label id="[{0|1|0},0,2]">828</label>
<label id="[{0|1|0},1,0]">1136</label>
<label id="[{0|1|0},1,1]">1328</label>
<label id="[{0|1|0},1,255]">2928</label>
<label id="[{0|1|0},1,2]">1136</label>
<label id="[{0|1|0},2,0]">828</label>
<label id="[{0|1|0},2,1]">493</label>
<label id="[{0|1|0},2,255]">1800</label>
<label id="[{0|1|0},2,2]">646</label>
<label id="[{0|1|0},255,255]">1</label>
<label id="[{0|1|1},0,0]">684</label>
<label id="[{0|1|1},0,1]">472</label>
<label id="[{0|1|1},0,255]">1796</label>
<label id="[{0|1|1},0,2]">472</label>
<label id="[{0|1|1},1,0]">872</label>
<label id="[{0|1|1},1,1]">1216</label>
<label id="[{0|1|1},1,255]">2736</label>
<label id="[{0|1|1},1,2]">567</label>
<label id="[{0|1|1},2,0]">836</label>
<label id="[{0|1|1},2,1]">567</label>
<label id="[{0|1|1},2,255]">2736</label>
<label id="[{0|1|1},2,2]">1216</label>
<label id="[{0|1|1},255,255]">1</label>
<label id="[{1|0|0},0,0]">1328</label>
<label id="[{1|0|0},0,1]">968</label>
<label id="[{1|0|0},0,255]">2928</label>
<label id="[{1|0|0},0,2]">968</label>
<label id="[{1|0|0},1,0]">493</label>
<label id="[{1|0|0},1,1]">638</label>
<label id="[{1|0|0},1,255]">1800</label>
<label id="[{1|0|0},1,2]">660</label>
<label id="[{1|0|0},2,0]">493</label>
<label id="[{1|0|0},2,1]">660</label>
<label id="[{1|0|0},2,255]">1800</label>
<label id="[{1|0|0},2,2]">638</label>
<label id="[{1|0|0},255,255]">1</label>
<label id="[{1|0|1},0,0]">1216</label>
<label id="[{1|0|1},0,1]">744</label>
<label id="[{1|0|1},0,255]">2736</label>
<label id="[{1|0|1},0,2]">567</label>
<label id="[{1|0|1},1,0]">472</label>
<label id="[{1|0|1},1,1]">684</label>
<label id="[{1|0|1},1,255]">1796</label>
<label id="[{1|0|1},1,2]">472</label>
<label id="[{1|0|1},2,0]">567</label>
<label id="[{1|0|1},2,1]">672</label>
<label id="[{1|0|1},2,255]">2736</label>
<label id="[{1|0|1},2,2]">1216</label>
<label id="[{1|0|1},255,255]">1</label>
<label id="[{1|1|0},0,0]">1216</label>
<label id="[{1|1|0},0,1]">567</label>
<label id="[{1|1|0},0,255]">2736</label>
<label id="[{1|1|0},0,2]">692</label>
<label id="[{1|1|0},1,0]">567</label>
<label id="[{1|1|0},1,1]">1216</label>
<label id="[{1|1|0},1,255]">2736</label>
<label id="[{1|1|0},1,2]">656</label>
<label id="[{1|1|0},2,0]">472</label>
<label id="[{1|1|0},2,1]">472</label>
<label id="[{1|1|0},2,255]">1796</label>
<label id="[{1|1|0},2,2]">684</label>
<label id="[{1|1|0},255,255]">1</label>
<label id="[{1|1|1},0,0]">980</label>
<label id="[{1|1|1},0,1]">442</label>
<label id="[{1|1|1},0,255]">2296</label>
<label id="[{1|1|1},0,2]">442</label>
<label id="[{1|1|1},1,0]">442</label>
<label id="[{1|1|1},1,1]">980</label>
<label id="[{1|1|1},1,255]">2296</label>
<label id="[{1|1|1},1,2]">442</label>
<label id="[{1|1|1},2,0]">442</label>
<label id="[{1|1|1},2,1]">442</label>
<label id="[{1|1|1},2,255]">2296</label>
<label id="[{1|1|1},2,2]">980</label>
<label id="[{1|1|1},255,255]">1</label>
</state-labels><state-labels procid="1">
<label id="[0,0]">5671</label>
<label id="[0,3]">6199</label>
<label id="[1,0]">4892</label>
<label id="[1,3]">6201</label>
<label id="[2,0]">4945</label>
<label id="[2,3]">5305</label>
<label id="[3,0]">5457</label>
<label id="[3,3]">5819</label>
<label id="[4,0]">5246</label>
<label id="[4,3]">5512</label>
<label id="[5,0]">4761</label>
<label id="[5,3]">5117</label>
<label id="[6,0]">7712</label>
<label id="[6,3]">8337</label>
<label id="[7,0]">3720</label>
<label id="[7,1]">3720</label>
<label id="[7,2]">3084</label>
<label id="[7,3]">2672</label>
<label id="[8,3]">2672</label>
<label id="[9,0]">6547</label>
<label id="[9,3]">7331</label>
</state-labels><state-labels procid="2">
<label id="[0,0]">5701</label>
<label id="[0,3]">6229</label>
<label id="[1,0]">4958</label>
<label id="[1,3]">6267</label>
<label id="[2,0]">4913</label>
<label id="[2,3]">5273</label>
<label id="[3,0]">5459</label>
<label id="[3,3]">5821</label>
<label id="[4,0]">5268</label>
<label id="[4,3]">5534</label>
<label id="[5,0]">4845</label>
<label id="[5,3]">5201</label>
<label id="[6,0]">7794</label>
<label id="[6,3]">8419</label>
<label id="[7,0]">3712</label>
<label id="[7,1]">3076</label>
<label id="[7,2]">3076</label>
<label id="[7,3]">2664</label>
<label id="[8,3]">2664</label>
<label id="[9,0]">6631</label>
<label id="[9,3]">7415</label>
</state-labels><state-labels procid="3">
<label id="[0,0]">5723</label>
<label id="[0,3]">6251</label>
<label id="[1,0]">5002</label>
<label id="[1,3]">6311</label>
<label id="[2,0]">4881</label>
<label id="[2,3]">5241</label>
<label id="[3,0]">5453</label>
<label id="[3,3]">5815</label>
<label id="[4,0]">5282</label>
<label id="[4,3]">5548</label>
<label id="[5,0]">4907</label>
<label id="[5,3]">5263</label>
<label id="[6,0]">7854</label>
<label id="[6,3]">8479</label>
<label id="[7,0]">3704</label>
<label id="[7,1]">3068</label>
<label id="[7,2]">2656</label>
<label id="[7,3]">2656</label>
<label id="[8,3]">2656</label>
<label id="[9,0]">6693</label>
<label id="[9,3]">7477</label>
</state-labels></label-info>
</state-space-info>
