<?xml version="1.0"?>
<!DOCTYPE state-space-info SYSTEM "../../state_space_info.dtd">


<state-space-info>
<states>29242</states>
<edges>77286</edges>
<bfs-info>
 <levels>57</levels>
<max-level>1228</max-level>

<back-level-edges>19861</back-level-edges>
<max-back-level-edge>20</max-back-level-edge>
<avg-back-level-edge>6.16701</avg-back-level-edge>
<bfs-levels>
<level id="0"><states>1</states><edges>3</edges></level>
<level id="1"><states>3</states><edges>9</edges></level>
<level id="2"><states>6</states><edges>18</edges></level>
<level id="3"><states>10</states><edges>30</edges></level>
<level id="4"><states>18</states><edges>54</edges></level>
<level id="5"><states>30</states><edges>90</edges></level>
<level id="6"><states>45</states><edges>135</edges></level>
<level id="7"><states>81</states><edges>229</edges></level>
<level id="8"><states>130</states><edges>352</edges></level>
<level id="9"><states>187</states><edges>498</edges></level>
<level id="10"><states>263</states><edges>671</edges></level>
<level id="11"><states>331</states><edges>834</edges></level>
<level id="12"><states>377</states><edges>951</edges></level>
<level id="13"><states>411</states><edges>1023</edges></level>
<level id="14"><states>415</states><edges>1031</edges></level>
<level id="15"><states>401</states><edges>1010</edges></level>
<level id="16"><states>391</states><edges>980</edges></level>
<level id="17"><states>375</states><edges>954</edges></level>
<level id="18"><states>355</states><edges>909</edges></level>
<level id="19"><states>365</states><edges>963</edges></level>
<level id="20"><states>415</states><edges>1103</edges></level>
<level id="21"><states>496</states><edges>1318</edges></level>
<level id="22"><states>620</states><edges>1596</edges></level>
<level id="23"><states>766</states><edges>1977</edges></level>
<level id="24"><states>910</states><edges>2404</edges></level>
<level id="25"><states>1043</states><edges>2769</edges></level>
<level id="26"><states>1161</states><edges>3042</edges></level>
<level id="27"><states>1220</states><edges>3185</edges></level>
<level id="28"><states>1222</states><edges>3159</edges></level>
<level id="29"><states>1228</states><edges>3186</edges></level>
<level id="30"><states>1220</states><edges>3182</edges></level>
<level id="31"><states>1182</states><edges>3124</edges></level>
<level id="32"><states>1175</states><edges>3060</edges></level>
<level id="33"><states>1158</states><edges>3046</edges></level>
<level id="34"><states>1122</states><edges>3024</edges></level>
<level id="35"><states>1110</states><edges>3002</edges></level>
<level id="36"><states>1122</states><edges>2993</edges></level>
<level id="37"><states>1065</states><edges>2840</edges></level>
<level id="38"><states>975</states><edges>2622</edges></level>
<level id="39"><states>923</states><edges>2506</edges></level>
<level id="40"><states>811</states><edges>2175</edges></level>
<level id="41"><states>657</states><edges>1766</edges></level>
<level id="42"><states>532</states><edges>1427</edges></level>
<level id="43"><states>445</states><edges>1185</edges></level>
<level id="44"><states>392</states><edges>999</edges></level>
<level id="45"><states>349</states><edges>908</edges></level>
<level id="46"><states>319</states><edges>880</edges></level>
<level id="47"><states>288</states><edges>807</edges></level>
<level id="48"><states>265</states><edges>746</edges></level>
<level id="49"><states>234</states><edges>672</edges></level>
<level id="50"><states>192</states><edges>561</edges></level>
<level id="51"><states>162</states><edges>480</edges></level>
<level id="52"><states>123</states><edges>363</edges></level>
<level id="53"><states>81</states><edges>243</edges></level>
<level id="54"><states>41</states><edges>123</edges></level>
<level id="55"><states>17</states><edges>51</edges></level>
<level id="56"><states>6</states><edges>18</edges></level>
</bfs-levels>
<back-level-length id="0">3.46911</back-level-length>
<back-level-length id="1">1.09259</back-level-length>
<back-level-length id="2">6.0571</back-level-length>
<back-level-length id="3">22.4863</back-level-length>
<back-level-length id="4">2.41176</back-level-length>
<back-level-length id="5">1.8126</back-level-length>
<back-level-length id="6">36.7555</back-level-length>
<back-level-length id="7">0.699864</back-level-length>
<back-level-length id="8">1.35945</back-level-length>
<back-level-length id="9">6.93319</back-level-length>
<back-level-length id="10">3.67051</back-level-length>
<back-level-length id="11">3.76114</back-level-length>
<back-level-length id="12">0.357485</back-level-length>
<back-level-length id="13">1.53567</back-level-length>
<back-level-length id="14">0.0604199</back-level-length>
<back-level-length id="15">6.16283</back-level-length>
<back-level-length id="16">1.1228</back-level-length>
<back-level-length id="17">0</back-level-length>
<back-level-length id="18">0</back-level-length>
<back-level-length id="19">0</back-level-length>
<back-level-length id="20">0.25175</back-level-length>
</bfs-info>
<degrees>
<avg>2.64298</avg>
<max-in>11</max-in>
<max-out>3</max-out>
<degree id="0"><in>1</in><out>0</out></degree>
<degree id="1"><in>5777</in><out>1056</out></degree>
<degree id="2"><in>9749</in><out>8328</out></degree>
<degree id="3"><in>7453</in><out>19858</out></degree>
<degree id="4"><in>3476</in><out>0</out></degree>
<degree id="5"><in>1667</in><out>0</out></degree>
<degree id="6"><in>651</in><out>0</out></degree>
<degree id="7"><in>297</in><out>0</out></degree>
<degree id="8"><in>129</in><out>0</out></degree>
<degree id="9"><in>30</in><out>0</out></degree>
<degree id="10"><in>6</in><out>0</out></degree>
<degree id="11"><in>6</in><out>0</out></degree>
</degrees>
<scc-info>
<count>2748</count>
<height>55</height>
<nontrivial-height>29</nontrivial-height>
<trivial>2500</trivial>
<terminal>1</terminal>
<largest>6719</largest>
<largest-position> the only terminal</largest-position>
</scc-info>
<dfs-info>
<stack-size id="146">0.499282</stack-size>
<stack-size id="292">0.974626</stack-size>
<stack-size id="438">1.35764</stack-size>
<stack-size id="584">1.83298</stack-size>
<stack-size id="730">2.21599</stack-size>
<stack-size id="876">2.6332</stack-size>
<stack-size id="1022">2.8931</stack-size>
<stack-size id="1168">3.25217</stack-size>
<stack-size id="1314">3.73093</stack-size>
<stack-size id="1460">4.13104</stack-size>
<stack-size id="1606">4.44224</stack-size>
<stack-size id="1752">4.86971</stack-size>
<stack-size id="1898">5.09199</stack-size>
<stack-size id="2044">5.41687</stack-size>
<stack-size id="2190">5.43055</stack-size>
<stack-size id="2336">5.69728</stack-size>
<stack-size id="2482">5.74516</stack-size>
<stack-size id="2628">5.92299</stack-size>
<stack-size id="2774">6.12475</stack-size>
<stack-size id="2920">5.9948</stack-size>
<stack-size id="3066">5.91615</stack-size>
<stack-size id="3212">6.07688</stack-size>
<stack-size id="3358">5.95035</stack-size>
<stack-size id="3504">6.16237</stack-size>
<stack-size id="3650">6.35045</stack-size>
<stack-size id="3796">6.2376</stack-size>
<stack-size id="3942">6.49066</stack-size>
<stack-size id="4088">6.42227</stack-size>
<stack-size id="4234">6.42227</stack-size>
<stack-size id="4380">6.37097</stack-size>
<stack-size id="4526">6.43595</stack-size>
<stack-size id="4672">6.41201</stack-size>
<stack-size id="4818">6.43937</stack-size>
<stack-size id="4964">6.33336</stack-size>
<stack-size id="5110">6.36071</stack-size>
<stack-size id="5256">6.40175</stack-size>
<stack-size id="5402">6.37781</stack-size>
<stack-size id="5548">6.36071</stack-size>
<stack-size id="5694">6.38123</stack-size>
<stack-size id="5840">6.34362</stack-size>
<stack-size id="5986">6.38123</stack-size>
<stack-size id="6132">5.96744</stack-size>
<stack-size id="6278">5.49552</stack-size>
<stack-size id="6424">5.55024</stack-size>
<stack-size id="6570">4.96546</stack-size>
<stack-size id="6716">4.13788</stack-size>
<stack-size id="6862">3.62834</stack-size>
<stack-size id="7008">2.50667</stack-size>
<stack-size id="7154">1.14219</stack-size>
<stack-size id="7300">1.28582</stack-size>
<stack-size id="7446">1.66199</stack-size>
<stack-size id="7592">1.5594</stack-size>
<stack-size id="7738">1.5252</stack-size>
<stack-size id="7884">1.74065</stack-size>
<stack-size id="8030">1.99371</stack-size>
<stack-size id="8176">2.16469</stack-size>
<stack-size id="8322">2.24335</stack-size>
<stack-size id="8468">2.31174</stack-size>
<stack-size id="8614">2.33568</stack-size>
<stack-size id="8760">2.49641</stack-size>
<stack-size id="8906">2.48273</stack-size>
<stack-size id="9052">2.66056</stack-size>
<stack-size id="9198">2.64688</stack-size>
<stack-size id="9344">2.81103</stack-size>
<stack-size id="9490">2.81786</stack-size>
<stack-size id="9636">2.74947</stack-size>
<stack-size id="9782">2.80077</stack-size>
<stack-size id="9928">2.71869</stack-size>
<stack-size id="10074">2.82812</stack-size>
<stack-size id="10220">2.81103</stack-size>
<stack-size id="10366">2.77341</stack-size>
<stack-size id="10512">2.78025</stack-size>
<stack-size id="10658">2.79393</stack-size>
<stack-size id="10804">2.79393</stack-size>
<stack-size id="10950">2.22283</stack-size>
<stack-size id="11096">1.98687</stack-size>
<stack-size id="11242">0.2599</stack-size>
<stack-size id="11388">0.283838</stack-size>
<stack-size id="11534">0.290678</stack-size>
<stack-size id="11680">0.276999</stack-size>
<stack-size id="11826">0.639491</stack-size>
<stack-size id="11972">0.995144</stack-size>
<stack-size id="12118">1.47391</stack-size>
<stack-size id="12264">1.41577</stack-size>
<stack-size id="12410">1.53204</stack-size>
<stack-size id="12556">1.5081</stack-size>
<stack-size id="12702">1.89112</stack-size>
<stack-size id="12848">2.25361</stack-size>
<stack-size id="12994">2.70159</stack-size>
<stack-size id="13140">2.98885</stack-size>
<stack-size id="13286">3.41632</stack-size>
<stack-size id="13432">3.76513</stack-size>
<stack-size id="13578">4.10711</stack-size>
<stack-size id="13724">4.34307</stack-size>
<stack-size id="13870">4.44908</stack-size>
<stack-size id="14016">4.67136</stack-size>
<stack-size id="14162">4.89365</stack-size>
<stack-size id="14308">5.02018</stack-size>
<stack-size id="14454">5.09199</stack-size>
<stack-size id="14600">5.18774</stack-size>
<stack-size id="14746">5.16723</stack-size>
<stack-size id="14892">5.22878</stack-size>
<stack-size id="15038">5.45448</stack-size>
<stack-size id="15184">5.20484</stack-size>
<stack-size id="15330">5.2322</stack-size>
<stack-size id="15476">4.96888</stack-size>
<stack-size id="15622">4.83551</stack-size>
<stack-size id="15768">4.26099</stack-size>
<stack-size id="15914">3.58389</stack-size>
<stack-size id="16060">2.47931</stack-size>
<stack-size id="16206">1.21401</stack-size>
<stack-size id="16352">1.07038</stack-size>
<stack-size id="16498">1.12851</stack-size>
<stack-size id="16644">1.12509</stack-size>
<stack-size id="16790">1.45681</stack-size>
<stack-size id="16936">1.65857</stack-size>
<stack-size id="17082">1.7851</stack-size>
<stack-size id="17228">1.83298</stack-size>
<stack-size id="17374">1.77484</stack-size>
<stack-size id="17520">1.77484</stack-size>
<stack-size id="17666">1.75775</stack-size>
<stack-size id="17812">1.768</stack-size>
<stack-size id="17958">1.43629</stack-size>
<stack-size id="18104">0.157308</stack-size>
<stack-size id="18250">0.188086</stack-size>
<stack-size id="18396">0.160728</stack-size>
<stack-size id="18542">0.143629</stack-size>
<stack-size id="18688">0.461665</stack-size>
<stack-size id="18834">0.52664</stack-size>
<stack-size id="18980">0.608713</stack-size>
<stack-size id="19126">0.509541</stack-size>
<stack-size id="19272">0.680528</stack-size>
<stack-size id="19418">1.17981</stack-size>
<stack-size id="19564">1.5252</stack-size>
<stack-size id="19710">1.84324</stack-size>
<stack-size id="19856">2.1134</stack-size>
<stack-size id="20002">2.36988</stack-size>
<stack-size id="20148">2.67082</stack-size>
<stack-size id="20294">2.89994</stack-size>
<stack-size id="20440">3.04699</stack-size>
<stack-size id="20586">3.09144</stack-size>
<stack-size id="20732">2.93756</stack-size>
<stack-size id="20878">2.94781</stack-size>
<stack-size id="21024">3.16668</stack-size>
<stack-size id="21170">3.15984</stack-size>
<stack-size id="21316">3.13932</stack-size>
<stack-size id="21462">3.06409</stack-size>
<stack-size id="21608">2.96149</stack-size>
<stack-size id="21754">2.98543</stack-size>
<stack-size id="21900">2.93414</stack-size>
<stack-size id="22046">3.04015</stack-size>
<stack-size id="22192">2.99911</stack-size>
<stack-size id="22338">2.96491</stack-size>
<stack-size id="22484">3.03673</stack-size>
<stack-size id="22630">2.68449</stack-size>
<stack-size id="22776">2.42801</stack-size>
<stack-size id="22922">1.12851</stack-size>
<stack-size id="23068">0.420628</stack-size>
<stack-size id="23214">0.39327</stack-size>
<stack-size id="23360">0.352233</stack-size>
<stack-size id="23506">0.571096</stack-size>
<stack-size id="23652">0.591615</stack-size>
<stack-size id="23798">0.509541</stack-size>
<stack-size id="23944">0.834416</stack-size>
<stack-size id="24090">1.22769</stack-size>
<stack-size id="24236">1.51152</stack-size>
<stack-size id="24382">1.78852</stack-size>
<stack-size id="24528">1.76117</stack-size>
<stack-size id="24674">1.94925</stack-size>
<stack-size id="24820">2.17837</stack-size>
<stack-size id="24966">2.38014</stack-size>
<stack-size id="25112">2.15102</stack-size>
<stack-size id="25258">1.89454</stack-size>
<stack-size id="25404">1.02592</stack-size>
<stack-size id="25550">0.307776</stack-size>
<stack-size id="25696">0.273579</stack-size>
<stack-size id="25842">0.232542</stack-size>
<stack-size id="25988">0.465084</stack-size>
<stack-size id="26134">0.694207</stack-size>
<stack-size id="26280">0.65317</stack-size>
<stack-size id="26426">0.677108</stack-size>
<stack-size id="26572">0.748923</stack-size>
<stack-size id="26718">0.663429</stack-size>
<stack-size id="26864">1.13193</stack-size>
<stack-size id="27010">1.43287</stack-size>
<stack-size id="27156">1.27214</stack-size>
<stack-size id="27302">1.29608</stack-size>
<stack-size id="27448">1.40893</stack-size>
<stack-size id="27594">1.38157</stack-size>
<stack-size id="27740">1.41919</stack-size>
<stack-size id="27886">1.38157</stack-size>
<stack-size id="28032">1.37815</stack-size>
<stack-size id="28178">1.39867</stack-size>
<stack-size id="28324">1.35764</stack-size>
<stack-size id="28470">0.383011</stack-size>
<stack-size id="28616">0.406949</stack-size>
<stack-size id="28762">0.560837</stack-size>
<stack-size id="28908">0.91991</stack-size>
<stack-size id="29054">1.02592</stack-size>
<stack-size id="29200">0.796799</stack-size>
<max-stack>1917</max-stack>
<front-edges>29241</front-edges>
<back-edges>10975</back-edges>
<cross-edges>37070</cross-edges>
<shortest-cycle>7</shortest-cycle>
</dfs-info>
<rw-info>
<coverage step="2920">5.78278</coverage>
<coverage step="5840">8.68614</coverage>
<coverage step="8760">11.0252</coverage>
<coverage step="11680">13.0531</coverage>
<coverage step="14600">14.5783</coverage>
<coverage step="17520">15.9975</coverage>
<coverage step="20440">17.2765</coverage>
<coverage step="23360">18.5418</coverage>
<coverage step="26280">19.7695</coverage>
<coverage step="29200">20.8057</coverage>
<coverage step="32120">21.7324</coverage>
<coverage step="35040">22.8062</coverage>
<coverage step="37960">23.6578</coverage>
<coverage step="40880">24.6597</coverage>
<coverage step="43800">25.6378</coverage>
<coverage step="46720">26.6911</coverage>
<coverage step="49640">27.3408</coverage>
<coverage step="52560">27.8469</coverage>
<coverage step="55480">28.5343</coverage>
<coverage step="58400">29.2285</coverage>
<coverage step="61320">29.9125</coverage>
<coverage step="64240">30.3878</coverage>
<coverage step="67160">30.976</coverage>
<coverage step="70080">31.4479</coverage>
<coverage step="73000">31.8378</coverage>
<coverage step="75920">32.0942</coverage>
<coverage step="78840">32.5628</coverage>
<coverage step="81760">33.0176</coverage>
<coverage step="84680">33.4963</coverage>
<coverage step="87600">33.999</coverage>
<coverage step="90520">34.3102</coverage>
<coverage step="93440">34.6693</coverage>
<coverage step="96360">35.1344</coverage>
<coverage step="99280">35.5619</coverage>
<coverage step="102200">35.938</coverage>
<coverage step="105120">36.4989</coverage>
<coverage step="108040">36.9298</coverage>
<coverage step="110960">37.176</coverage>
<coverage step="113880">37.5658</coverage>
<coverage step="116800">37.7915</coverage>
<coverage step="119720">38.1335</coverage>
<coverage step="122640">38.3216</coverage>
<coverage step="125560">38.6704</coverage>
<coverage step="128480">38.9953</coverage>
<coverage step="131400">39.4193</coverage>
<coverage step="134320">39.7339</coverage>
<coverage step="137240">40.1785</coverage>
<coverage step="140160">40.4145</coverage>
<coverage step="143080">40.8248</coverage>
<coverage step="146000">41.0642</coverage>
<coverage step="148920">41.3857</coverage>
<coverage step="151840">41.6011</coverage>
<coverage step="154760">41.8063</coverage>
<coverage step="157680">42.0217</coverage>
<coverage step="160600">42.3022</coverage>
<coverage step="163520">42.5655</coverage>
<coverage step="166440">42.7741</coverage>
<coverage step="169360">43.075</coverage>
<coverage step="172280">43.2665</coverage>
<coverage step="175200">43.4409</coverage>
<coverage step="178120">43.653</coverage>
<coverage step="181040">43.8479</coverage>
<coverage step="183960">43.9676</coverage>
<coverage step="186880">44.142</coverage>
<coverage step="189800">44.2719</coverage>
<coverage step="192720">44.4532</coverage>
<coverage step="195640">44.737</coverage>
<coverage step="198560">44.9046</coverage>
<coverage step="201480">45.1064</coverage>
<coverage step="204400">45.2021</coverage>
<coverage step="207320">45.5338</coverage>
<coverage step="210240">45.7322</coverage>
<coverage step="213160">45.9647</coverage>
<coverage step="216080">46.3409</coverage>
<coverage step="219000">46.4948</coverage>
<coverage step="221920">46.6521</coverage>
<coverage step="224840">46.7752</coverage>
<coverage step="227760">46.977</coverage>
<coverage step="230680">47.1514</coverage>
<coverage step="233600">47.2984</coverage>
<coverage step="236520">47.4044</coverage>
<coverage step="239440">47.5515</coverage>
<coverage step="242360">47.5959</coverage>
<coverage step="245280">47.7703</coverage>
<coverage step="248200">47.8832</coverage>
<coverage step="251120">48.1397</coverage>
<coverage step="254040">48.2046</coverage>
<coverage step="256960">48.3756</coverage>
<coverage step="259880">48.5329</coverage>
<coverage step="262800">48.6082</coverage>
<coverage step="265720">48.7279</coverage>
<coverage step="268640">48.9194</coverage>
<coverage step="271560">49.1656</coverage>
<coverage step="274480">49.3366</coverage>
<coverage step="277400">49.6341</coverage>
<coverage step="280320">49.7367</coverage>
<coverage step="283240">49.9863</coverage>
<coverage step="286160">50.1231</coverage>
<coverage step="289080">50.2052</coverage>
<coverage step="292000">50.3146</coverage>
<rw-visits order="1">920</rw-visits>
<rw-visits order="74">455</rw-visits>
<rw-visits order="147">340</rw-visits>
<rw-visits order="220">247</rw-visits>
<rw-visits order="293">195</rw-visits>
<rw-visits order="366">166</rw-visits>
<rw-visits order="439">139</rw-visits>
<rw-visits order="512">121</rw-visits>
<rw-visits order="585">105</rw-visits>
<rw-visits order="658">94</rw-visits>
<rw-visits order="731">83</rw-visits>
<rw-visits order="804">76</rw-visits>
<rw-visits order="877">69</rw-visits>
<rw-visits order="950">65</rw-visits>
<rw-visits order="1023">60</rw-visits>
<rw-visits order="1096">56</rw-visits>
<rw-visits order="1169">51</rw-visits>
<rw-visits order="1242">48</rw-visits>
<rw-visits order="1315">46</rw-visits>
<rw-visits order="1388">42</rw-visits>
<rw-visits order="1461">40</rw-visits>
<rw-visits order="1534">38</rw-visits>
<rw-visits order="1607">36</rw-visits>
<rw-visits order="1680">34</rw-visits>
<rw-visits order="1753">32</rw-visits>
<rw-visits order="1826">30</rw-visits>
<rw-visits order="1899">29</rw-visits>
<rw-visits order="1972">28</rw-visits>
<rw-visits order="2045">26</rw-visits>
<rw-visits order="2118">25</rw-visits>
<rw-visits order="2191">24</rw-visits>
<rw-visits order="2264">23</rw-visits>
<rw-visits order="2337">22</rw-visits>
<rw-visits order="2410">21</rw-visits>
<rw-visits order="2483">20</rw-visits>
<rw-visits order="2556">19</rw-visits>
<rw-visits order="2629">19</rw-visits>
<rw-visits order="2702">18</rw-visits>
<rw-visits order="2775">17</rw-visits>
<rw-visits order="2848">17</rw-visits>
<rw-visits order="2921">16</rw-visits>
<rw-visits order="2994">15</rw-visits>
<rw-visits order="3067">15</rw-visits>
<rw-visits order="3140">14</rw-visits>
<rw-visits order="3213">14</rw-visits>
<rw-visits order="3286">13</rw-visits>
<rw-visits order="3359">13</rw-visits>
<rw-visits order="3432">13</rw-visits>
<rw-visits order="3505">12</rw-visits>
<rw-visits order="3578">12</rw-visits>
<rw-visits order="3651">11</rw-visits>
<rw-visits order="3724">11</rw-visits>
<rw-visits order="3797">11</rw-visits>
<rw-visits order="3870">10</rw-visits>
<rw-visits order="3943">10</rw-visits>
<rw-visits order="4016">10</rw-visits>
<rw-visits order="4089">10</rw-visits>
<rw-visits order="4162">9</rw-visits>
<rw-visits order="4235">9</rw-visits>
<rw-visits order="4308">9</rw-visits>
<rw-visits order="4381">9</rw-visits>
<rw-visits order="4454">8</rw-visits>
<rw-visits order="4527">8</rw-visits>
<rw-visits order="4600">8</rw-visits>
<rw-visits order="4673">8</rw-visits>
<rw-visits order="4746">8</rw-visits>
<rw-visits order="4819">7</rw-visits>
<rw-visits order="4892">7</rw-visits>
<rw-visits order="4965">7</rw-visits>
<rw-visits order="5038">7</rw-visits>
<rw-visits order="5111">7</rw-visits>
<rw-visits order="5184">6</rw-visits>
<rw-visits order="5257">6</rw-visits>
<rw-visits order="5330">6</rw-visits>
<rw-visits order="5403">6</rw-visits>
<rw-visits order="5476">6</rw-visits>
<rw-visits order="5549">6</rw-visits>
<rw-visits order="5622">6</rw-visits>
<rw-visits order="5695">5</rw-visits>
<rw-visits order="5768">5</rw-visits>
<rw-visits order="5841">5</rw-visits>
<rw-visits order="5914">5</rw-visits>
<rw-visits order="5987">5</rw-visits>
<rw-visits order="6060">5</rw-visits>
<rw-visits order="6133">5</rw-visits>
<rw-visits order="6206">5</rw-visits>
<rw-visits order="6279">5</rw-visits>
<rw-visits order="6352">5</rw-visits>
<rw-visits order="6425">4</rw-visits>
<rw-visits order="6498">4</rw-visits>
<rw-visits order="6571">4</rw-visits>
<rw-visits order="6644">4</rw-visits>
<rw-visits order="6717">4</rw-visits>
<rw-visits order="6790">4</rw-visits>
<rw-visits order="6863">4</rw-visits>
<rw-visits order="6936">4</rw-visits>
<rw-visits order="7009">4</rw-visits>
<rw-visits order="7082">4</rw-visits>
<rw-visits order="7155">4</rw-visits>
<rw-visits order="7228">3</rw-visits>
<rw-visits order="7301">3</rw-visits>
<rw-visits order="7374">3</rw-visits>
<rw-visits order="7447">3</rw-visits>
<rw-visits order="7520">3</rw-visits>
<rw-visits order="7593">3</rw-visits>
<rw-visits order="7666">3</rw-visits>
<rw-visits order="7739">3</rw-visits>
<rw-visits order="7812">3</rw-visits>
<rw-visits order="7885">3</rw-visits>
<rw-visits order="7958">3</rw-visits>
<rw-visits order="8031">3</rw-visits>
<rw-visits order="8104">3</rw-visits>
<rw-visits order="8177">3</rw-visits>
<rw-visits order="8250">3</rw-visits>
<rw-visits order="8323">3</rw-visits>
<rw-visits order="8396">3</rw-visits>
<rw-visits order="8469">3</rw-visits>
<rw-visits order="8542">2</rw-visits>
<rw-visits order="8615">2</rw-visits>
<rw-visits order="8688">2</rw-visits>
<rw-visits order="8761">2</rw-visits>
<rw-visits order="8834">2</rw-visits>
<rw-visits order="8907">2</rw-visits>
<rw-visits order="8980">2</rw-visits>
<rw-visits order="9053">2</rw-visits>
<rw-visits order="9126">2</rw-visits>
<rw-visits order="9199">2</rw-visits>
<rw-visits order="9272">2</rw-visits>
<rw-visits order="9345">2</rw-visits>
<rw-visits order="9418">2</rw-visits>
<rw-visits order="9491">2</rw-visits>
<rw-visits order="9564">2</rw-visits>
<rw-visits order="9637">2</rw-visits>
<rw-visits order="9710">2</rw-visits>
<rw-visits order="9783">2</rw-visits>
<rw-visits order="9856">2</rw-visits>
<rw-visits order="9929">2</rw-visits>
<rw-visits order="10002">2</rw-visits>
<rw-visits order="10075">2</rw-visits>
<rw-visits order="10148">2</rw-visits>
<rw-visits order="10221">2</rw-visits>
<rw-visits order="10294">2</rw-visits>
<rw-visits order="10367">2</rw-visits>
<rw-visits order="10440">2</rw-visits>
<rw-visits order="10513">2</rw-visits>
<rw-visits order="10586">1</rw-visits>
<rw-visits order="10659">1</rw-visits>
<rw-visits order="10732">1</rw-visits>
<rw-visits order="10805">1</rw-visits>
<rw-visits order="10878">1</rw-visits>
<rw-visits order="10951">1</rw-visits>
<rw-visits order="11024">1</rw-visits>
<rw-visits order="11097">1</rw-visits>
<rw-visits order="11170">1</rw-visits>
<rw-visits order="11243">1</rw-visits>
<rw-visits order="11316">1</rw-visits>
<rw-visits order="11389">1</rw-visits>
<rw-visits order="11462">1</rw-visits>
<rw-visits order="11535">1</rw-visits>
<rw-visits order="11608">1</rw-visits>
<rw-visits order="11681">1</rw-visits>
<rw-visits order="11754">1</rw-visits>
<rw-visits order="11827">1</rw-visits>
<rw-visits order="11900">1</rw-visits>
<rw-visits order="11973">1</rw-visits>
<rw-visits order="12046">1</rw-visits>
<rw-visits order="12119">1</rw-visits>
<rw-visits order="12192">1</rw-visits>
<rw-visits order="12265">1</rw-visits>
<rw-visits order="12338">1</rw-visits>
<rw-visits order="12411">1</rw-visits>
<rw-visits order="12484">1</rw-visits>
<rw-visits order="12557">1</rw-visits>
<rw-visits order="12630">1</rw-visits>
<rw-visits order="12703">1</rw-visits>
<rw-visits order="12776">1</rw-visits>
<rw-visits order="12849">1</rw-visits>
<rw-visits order="12922">1</rw-visits>
<rw-visits order="12995">1</rw-visits>
<rw-visits order="13068">1</rw-visits>
<rw-visits order="13141">1</rw-visits>
<rw-visits order="13214">1</rw-visits>
<rw-visits order="13287">1</rw-visits>
<rw-visits order="13360">1</rw-visits>
<rw-visits order="13433">1</rw-visits>
<rw-visits order="13506">1</rw-visits>
<rw-visits order="13579">1</rw-visits>
<rw-visits order="13652">1</rw-visits>
<rw-visits order="13725">1</rw-visits>
<rw-visits order="13798">1</rw-visits>
<rw-visits order="13871">1</rw-visits>
<rw-visits order="13944">1</rw-visits>
<rw-visits order="14017">1</rw-visits>
<rw-visits order="14090">1</rw-visits>
<rw-visits order="14163">1</rw-visits>
<rw-visits order="14236">1</rw-visits>
<rw-visits order="14309">1</rw-visits>
<rw-visits order="14382">1</rw-visits>
<rw-visits order="14455">1</rw-visits>
<rw-visits order="14528">1</rw-visits>
<rw-visits order="14601">1</rw-visits>
<rw-visits order="14674">1</rw-visits>
<final-coverage>50.3283</final-coverage>
</rw-info>
<local-info>
<diamonds>91.7071</diamonds>
<neighborhood k="4">28</neighborhood>
<clustering k="4">1.54964</clustering>
</local-info>
<label-info>
<edge-label id="0.0">3044</edge-label>
<edge-label id="0.1">3044</edge-label>
<edge-label id="0.10">208</edge-label>
<edge-label id="0.11">428</edge-label>
<edge-label id="0.12">1616</edge-label>
<edge-label id="0.13">3392</edge-label>
<edge-label id="0.2">1376</edge-label>
<edge-label id="0.3">1310</edge-label>
<edge-label id="0.4">1656</edge-label>
<edge-label id="0.5">2440</edge-label>
<edge-label id="0.6">1040</edge-label>
<edge-label id="0.7">2704</edge-label>
<edge-label id="0.8">2444</edge-label>
<edge-label id="0.9">1012</edge-label>
<edge-label id="1.0">3012</edge-label>
<edge-label id="1.1">3012</edge-label>
<edge-label id="1.10">208</edge-label>
<edge-label id="1.11">428</edge-label>
<edge-label id="1.12">1696</edge-label>
<edge-label id="1.13">3496</edge-label>
<edge-label id="1.2">1392</edge-label>
<edge-label id="1.3">1310</edge-label>
<edge-label id="1.4">1656</edge-label>
<edge-label id="1.5">2552</edge-label>
<edge-label id="1.6">1104</edge-label>
<edge-label id="1.7">2752</edge-label>
<edge-label id="1.8">2140</edge-label>
<edge-label id="1.9">1004</edge-label>
<edge-label id="2.0">2980</edge-label>
<edge-label id="2.1">2980</edge-label>
<edge-label id="2.10">208</edge-label>
<edge-label id="2.11">428</edge-label>
<edge-label id="2.12">1760</edge-label>
<edge-label id="2.13">3568</edge-label>
<edge-label id="2.2">1392</edge-label>
<edge-label id="2.3">1310</edge-label>
<edge-label id="2.4">1656</edge-label>
<edge-label id="2.5">2632</edge-label>
<edge-label id="2.6">1152</edge-label>
<edge-label id="2.7">2784</edge-label>
<edge-label id="2.8">1964</edge-label>
<edge-label id="2.9">996</edge-label>
<state-labels procid="0">
<label id="[{0|0|0},0,1]">240</label>
<label id="[{0|0|0},0,255]">302</label>
<label id="[{0|0|0},0,2]">240</label>
<label id="[{0|0|0},1,0]">240</label>
<label id="[{0|0|0},1,255]">302</label>
<label id="[{0|0|0},1,2]">240</label>
<label id="[{0|0|0},2,0]">240</label>
<label id="[{0|0|0},2,1]">240</label>
<label id="[{0|0|0},2,255]">302</label>
<label id="[{0|0|0},255,255]">1</label>
<label id="[{0|0|1},0,1]">168</label>
<label id="[{0|0|1},0,255]">312</label>
<label id="[{0|0|1},0,2]">120</label>
<label id="[{0|0|1},1,0]">168</label>
<label id="[{0|0|1},1,255]">312</label>
<label id="[{0|0|1},1,2]">120</label>
<label id="[{0|0|1},2,0]">480</label>
<label id="[{0|0|1},2,1]">480</label>
<label id="[{0|0|1},2,255]">800</label>
<label id="[{0|0|1},2,2]">400</label>
<label id="[{0|0|1},255,255]">1</label>
<label id="[{0|1|0},0,1]">120</label>
<label id="[{0|1|0},0,255]">312</label>
<label id="[{0|1|0},0,2]">136</label>
<label id="[{0|1|0},1,0]">400</label>
<label id="[{0|1|0},1,1]">400</label>
<label id="[{0|1|0},1,255]">800</label>
<label id="[{0|1|0},1,2]">400</label>
<label id="[{0|1|0},2,0]">136</label>
<label id="[{0|1|0},2,1]">120</label>
<label id="[{0|1|0},2,255]">312</label>
<label id="[{0|1|0},255,255]">1</label>
<label id="[{0|1|1},0,1]">128</label>
<label id="[{0|1|1},0,255]">328</label>
<label id="[{0|1|1},0,2]">128</label>
<label id="[{0|1|1},1,0]">328</label>
<label id="[{0|1|1},1,1]">400</label>
<label id="[{0|1|1},1,255]">800</label>
<label id="[{0|1|1},1,2]">280</label>
<label id="[{0|1|1},2,0]">312</label>
<label id="[{0|1|1},2,1]">280</label>
<label id="[{0|1|1},2,255]">800</label>
<label id="[{0|1|1},2,2]">400</label>
<label id="[{0|1|1},255,255]">1</label>
<label id="[{1|0|0},0,0]">400</label>
<label id="[{1|0|0},0,1]">320</label>
<label id="[{1|0|0},0,255]">800</label>
<label id="[{1|0|0},0,2]">320</label>
<label id="[{1|0|0},1,0]">120</label>
<label id="[{1|0|0},1,255]">312</label>
<label id="[{1|0|0},1,2]">104</label>
<label id="[{1|0|0},2,0]">120</label>
<label id="[{1|0|0},2,1]">104</label>
<label id="[{1|0|0},2,255]">312</label>
<label id="[{1|0|0},255,255]">1</label>
<label id="[{1|0|1},0,0]">400</label>
<label id="[{1|0|1},0,1]">248</label>
<label id="[{1|0|1},0,255]">800</label>
<label id="[{1|0|1},0,2]">280</label>
<label id="[{1|0|1},1,0]">128</label>
<label id="[{1|0|1},1,255]">328</label>
<label id="[{1|0|1},1,2]">128</label>
<label id="[{1|0|1},2,0]">280</label>
<label id="[{1|0|1},2,1]">216</label>
<label id="[{1|0|1},2,255]">800</label>
<label id="[{1|0|1},2,2]">400</label>
<label id="[{1|0|1},255,255]">1</label>
<label id="[{1|1|0},0,0]">400</label>
<label id="[{1|1|0},0,1]">280</label>
<label id="[{1|1|0},0,255]">800</label>
<label id="[{1|1|0},0,2]">216</label>
<label id="[{1|1|0},1,0]">280</label>
<label id="[{1|1|0},1,1]">400</label>
<label id="[{1|1|0},1,255]">800</label>
<label id="[{1|1|0},1,2]">200</label>
<label id="[{1|1|0},2,0]">128</label>
<label id="[{1|1|0},2,1]">128</label>
<label id="[{1|1|0},2,255]">328</label>
<label id="[{1|1|0},255,255]">1</label>
<label id="[{1|1|1},0,0]">400</label>
<label id="[{1|1|1},0,1]">288</label>
<label id="[{1|1|1},0,255]">800</label>
<label id="[{1|1|1},0,2]">288</label>
<label id="[{1|1|1},1,0]">288</label>
<label id="[{1|1|1},1,1]">400</label>
<label id="[{1|1|1},1,255]">800</label>
<label id="[{1|1|1},1,2]">288</label>
<label id="[{1|1|1},2,0]">288</label>
<label id="[{1|1|1},2,1]">288</label>
<label id="[{1|1|1},2,255]">800</label>
<label id="[{1|1|1},2,2]">400</label>
<label id="[{1|1|1},255,255]">1</label>
</state-labels><state-labels procid="1">
<label id="[0,0]">1524</label>
<label id="[0,3]">1520</label>
<label id="[1,0]">704</label>
<label id="[1,3]">912</label>
<label id="[2,0]">1524</label>
<label id="[2,3]">1520</label>
<label id="[3,0]">1516</label>
<label id="[3,3]">1516</label>
<label id="[4,0]">1407</label>
<label id="[4,3]">1407</label>
<label id="[5,0]">1220</label>
<label id="[5,3]">1220</label>
<label id="[6,0]">1872</label>
<label id="[6,3]">1872</label>
<label id="[7,0]">1460</label>
<label id="[7,1]">1460</label>
<label id="[7,2]">1172</label>
<label id="[7,3]">1012</label>
<label id="[8,3]">1012</label>
<label id="[9,0]">1272</label>
<label id="[9,3]">2120</label>
</state-labels><state-labels procid="2">
<label id="[0,0]">1508</label>
<label id="[0,3]">1504</label>
<label id="[1,0]">744</label>
<label id="[1,3]">952</label>
<label id="[2,0]">1508</label>
<label id="[2,3]">1504</label>
<label id="[3,0]">1524</label>
<label id="[3,3]">1524</label>
<label id="[4,0]">1391</label>
<label id="[4,3]">1391</label>
<label id="[5,0]">1276</label>
<label id="[5,3]">1276</label>
<label id="[6,0]">1928</label>
<label id="[6,3]">1928</label>
<label id="[7,0]">1452</label>
<label id="[7,1]">1164</label>
<label id="[7,2]">1164</label>
<label id="[7,3]">1004</label>
<label id="[8,3]">1004</label>
<label id="[9,0]">1328</label>
<label id="[9,3]">2168</label>
</state-labels><state-labels procid="3">
<label id="[0,0]">1492</label>
<label id="[0,3]">1488</label>
<label id="[1,0]">776</label>
<label id="[1,3]">984</label>
<label id="[2,0]">1492</label>
<label id="[2,3]">1488</label>
<label id="[3,0]">1524</label>
<label id="[3,3]">1524</label>
<label id="[4,0]">1375</label>
<label id="[4,3]">1375</label>
<label id="[5,0]">1316</label>
<label id="[5,3]">1316</label>
<label id="[6,0]">1968</label>
<label id="[6,3]">1968</label>
<label id="[7,0]">1444</label>
<label id="[7,1]">1156</label>
<label id="[7,2]">996</label>
<label id="[7,3]">996</label>
<label id="[8,3]">996</label>
<label id="[9,0]">1368</label>
<label id="[9,3]">2200</label>
</state-labels></label-info>
</state-space-info>
