<?xml version="1.0"?>
<!DOCTYPE state-space-info SYSTEM "../../state_space_info.dtd">


<state-space-info>
<states>720</states>
<edges>1681</edges>
<bfs-info>
 <levels>38</levels>
<max-level>44</max-level>

<back-level-edges>840</back-level-edges>
<max-back-level-edge>1</max-back-level-edge>
<avg-back-level-edge>1</avg-back-level-edge>
<bfs-levels>
<level id="0"><states>1</states><edges>2</edges></level>
<level id="1"><states>2</states><edges>5</edges></level>
<level id="2"><states>3</states><edges>8</edges></level>
<level id="3"><states>5</states><edges>11</edges></level>
<level id="4"><states>6</states><edges>13</edges></level>
<level id="5"><states>7</states><edges>18</edges></level>
<level id="6"><states>10</states><edges>24</edges></level>
<level id="7"><states>12</states><edges>26</edges></level>
<level id="8"><states>12</states><edges>29</edges></level>
<level id="9"><states>16</states><edges>40</edges></level>
<level id="10"><states>23</states><edges>52</edges></level>
<level id="11"><states>25</states><edges>57</edges></level>
<level id="12"><states>28</states><edges>69</edges></level>
<level id="13"><states>39</states><edges>92</edges></level>
<level id="14"><states>44</states><edges>101</edges></level>
<level id="15"><states>40</states><edges>93</edges></level>
<level id="16"><states>30</states><edges>70</edges></level>
<level id="17"><states>23</states><edges>54</edges></level>
<level id="18"><states>21</states><edges>49</edges></level>
<level id="19"><states>17</states><edges>39</edges></level>
<level id="20"><states>12</states><edges>26</edges></level>
<level id="21"><states>8</states><edges>20</edges></level>
<level id="22"><states>10</states><edges>24</edges></level>
<level id="23"><states>12</states><edges>26</edges></level>
<level id="24"><states>12</states><edges>29</edges></level>
<level id="25"><states>16</states><edges>40</edges></level>
<level id="26"><states>23</states><edges>52</edges></level>
<level id="27"><states>25</states><edges>57</edges></level>
<level id="28"><states>28</states><edges>69</edges></level>
<level id="29"><states>39</states><edges>92</edges></level>
<level id="30"><states>44</states><edges>101</edges></level>
<level id="31"><states>40</states><edges>92</edges></level>
<level id="32"><states>29</states><edges>68</edges></level>
<level id="33"><states>21</states><edges>49</edges></level>
<level id="34"><states>18</states><edges>41</edges></level>
<level id="35"><states>12</states><edges>28</edges></level>
<level id="36"><states>6</states><edges>13</edges></level>
<level id="37"><states>1</states><edges>2</edges></level>
</bfs-levels>
<back-level-length id="0">0</back-level-length>
<back-level-length id="1">100</back-level-length>
</bfs-info>
<degrees>
<avg>2.33472</avg>
<max-in>3</max-in>
<max-out>3</max-out>
<degree id="0"><in>0</in><out>0</out></degree>
<degree id="1"><in>0</in><out>0</out></degree>
<degree id="2"><in>479</in><out>479</out></degree>
<degree id="3"><in>241</in><out>241</out></degree>
</degrees>
<scc-info>
<count>2</count>
<height>1</height>
<nontrivial-height>1</nontrivial-height>
<trivial>0</trivial>
<terminal>1</terminal>
<largest>360</largest>
<largest-position> the only terminal</largest-position>
</scc-info>
<dfs-info>
<stack-size id="3">0.416667</stack-size>
<stack-size id="6">0.833333</stack-size>
<stack-size id="9">1.25</stack-size>
<stack-size id="12">1.66667</stack-size>
<stack-size id="15">2.08333</stack-size>
<stack-size id="18">2.5</stack-size>
<stack-size id="21">2.91667</stack-size>
<stack-size id="24">3.33333</stack-size>
<stack-size id="27">3.47222</stack-size>
<stack-size id="30">3.88889</stack-size>
<stack-size id="33">4.30556</stack-size>
<stack-size id="36">4.72222</stack-size>
<stack-size id="39">5.13889</stack-size>
<stack-size id="42">5.27778</stack-size>
<stack-size id="45">5.69444</stack-size>
<stack-size id="48">6.11111</stack-size>
<stack-size id="51">6.52778</stack-size>
<stack-size id="54">6.94444</stack-size>
<stack-size id="57">7.08333</stack-size>
<stack-size id="60">7.5</stack-size>
<stack-size id="63">7.91667</stack-size>
<stack-size id="66">8.33333</stack-size>
<stack-size id="69">8.47222</stack-size>
<stack-size id="72">8.47222</stack-size>
<stack-size id="75">8.88889</stack-size>
<stack-size id="78">9.30556</stack-size>
<stack-size id="81">9.72222</stack-size>
<stack-size id="84">10.1389</stack-size>
<stack-size id="87">10.2778</stack-size>
<stack-size id="90">10.6944</stack-size>
<stack-size id="93">11.1111</stack-size>
<stack-size id="96">11.5278</stack-size>
<stack-size id="99">11.6667</stack-size>
<stack-size id="102">11.6667</stack-size>
<stack-size id="105">11.3889</stack-size>
<stack-size id="108">11.8056</stack-size>
<stack-size id="111">12.2222</stack-size>
<stack-size id="114">12.6389</stack-size>
<stack-size id="117">12.7778</stack-size>
<stack-size id="120">12.7778</stack-size>
<stack-size id="123">12.5</stack-size>
<stack-size id="126">12.9167</stack-size>
<stack-size id="129">13.3333</stack-size>
<stack-size id="132">13.75</stack-size>
<stack-size id="135">13.8889</stack-size>
<stack-size id="138">13.8889</stack-size>
<stack-size id="141">13.6111</stack-size>
<stack-size id="144">14.0278</stack-size>
<stack-size id="147">14.4444</stack-size>
<stack-size id="150">14.8611</stack-size>
<stack-size id="153">15</stack-size>
<stack-size id="156">15</stack-size>
<stack-size id="159">14.3056</stack-size>
<stack-size id="162">14.7222</stack-size>
<stack-size id="165">15.1389</stack-size>
<stack-size id="168">15.5556</stack-size>
<stack-size id="171">15.9722</stack-size>
<stack-size id="174">16.1111</stack-size>
<stack-size id="177">16.5278</stack-size>
<stack-size id="180">16.9444</stack-size>
<stack-size id="183">17.3611</stack-size>
<stack-size id="186">17.7778</stack-size>
<stack-size id="189">17.9167</stack-size>
<stack-size id="192">18.3333</stack-size>
<stack-size id="195">18.75</stack-size>
<stack-size id="198">19.1667</stack-size>
<stack-size id="201">19.3056</stack-size>
<stack-size id="204">19.7222</stack-size>
<stack-size id="207">20.1389</stack-size>
<stack-size id="210">20.5556</stack-size>
<stack-size id="213">20.9722</stack-size>
<stack-size id="216">21.1111</stack-size>
<stack-size id="219">20.4167</stack-size>
<stack-size id="222">20.8333</stack-size>
<stack-size id="225">21.25</stack-size>
<stack-size id="228">21.6667</stack-size>
<stack-size id="231">22.0833</stack-size>
<stack-size id="234">22.2222</stack-size>
<stack-size id="237">21.5278</stack-size>
<stack-size id="240">21.5278</stack-size>
<stack-size id="243">21.9444</stack-size>
<stack-size id="246">22.3611</stack-size>
<stack-size id="249">22.7778</stack-size>
<stack-size id="252">23.1944</stack-size>
<stack-size id="255">23.3333</stack-size>
<stack-size id="258">23.75</stack-size>
<stack-size id="261">24.1667</stack-size>
<stack-size id="264">24.5833</stack-size>
<stack-size id="267">24.7222</stack-size>
<stack-size id="270">24.7222</stack-size>
<stack-size id="273">24.0278</stack-size>
<stack-size id="276">23.75</stack-size>
<stack-size id="279">24.1667</stack-size>
<stack-size id="282">24.5833</stack-size>
<stack-size id="285">25</stack-size>
<stack-size id="288">25.4167</stack-size>
<stack-size id="291">25.1389</stack-size>
<stack-size id="294">24.8611</stack-size>
<stack-size id="297">24.1667</stack-size>
<stack-size id="300">22.6389</stack-size>
<stack-size id="303">23.0556</stack-size>
<stack-size id="306">23.4722</stack-size>
<stack-size id="309">23.8889</stack-size>
<stack-size id="312">24.3056</stack-size>
<stack-size id="315">24.4444</stack-size>
<stack-size id="318">24.8611</stack-size>
<stack-size id="321">25.2778</stack-size>
<stack-size id="324">25.6944</stack-size>
<stack-size id="327">25.8333</stack-size>
<stack-size id="330">25.8333</stack-size>
<stack-size id="333">25.1389</stack-size>
<stack-size id="336">24.8611</stack-size>
<stack-size id="339">23.6111</stack-size>
<stack-size id="342">23.6111</stack-size>
<stack-size id="345">22.3611</stack-size>
<stack-size id="348">22.0833</stack-size>
<stack-size id="351">18.1944</stack-size>
<stack-size id="354">17.6389</stack-size>
<stack-size id="357">14.8611</stack-size>
<stack-size id="360">9.02778</stack-size>
<stack-size id="363">5.69444</stack-size>
<stack-size id="366">6.11111</stack-size>
<stack-size id="369">6.52778</stack-size>
<stack-size id="372">6.94444</stack-size>
<stack-size id="375">7.08333</stack-size>
<stack-size id="378">7.5</stack-size>
<stack-size id="381">7.91667</stack-size>
<stack-size id="384">8.33333</stack-size>
<stack-size id="387">8.75</stack-size>
<stack-size id="390">8.88889</stack-size>
<stack-size id="393">9.30556</stack-size>
<stack-size id="396">9.72222</stack-size>
<stack-size id="399">10.1389</stack-size>
<stack-size id="402">10.5556</stack-size>
<stack-size id="405">10.6944</stack-size>
<stack-size id="408">11.1111</stack-size>
<stack-size id="411">11.5278</stack-size>
<stack-size id="414">11.9444</stack-size>
<stack-size id="417">12.0833</stack-size>
<stack-size id="420">12.5</stack-size>
<stack-size id="423">12.9167</stack-size>
<stack-size id="426">13.3333</stack-size>
<stack-size id="429">13.75</stack-size>
<stack-size id="432">13.75</stack-size>
<stack-size id="435">14.1667</stack-size>
<stack-size id="438">14.5833</stack-size>
<stack-size id="441">15</stack-size>
<stack-size id="444">15.4167</stack-size>
<stack-size id="447">15.5556</stack-size>
<stack-size id="450">15.9722</stack-size>
<stack-size id="453">16.3889</stack-size>
<stack-size id="456">16.8056</stack-size>
<stack-size id="459">16.9444</stack-size>
<stack-size id="462">16.9444</stack-size>
<stack-size id="465">16.6667</stack-size>
<stack-size id="468">17.0833</stack-size>
<stack-size id="471">17.5</stack-size>
<stack-size id="474">17.9167</stack-size>
<stack-size id="477">18.0556</stack-size>
<stack-size id="480">18.0556</stack-size>
<stack-size id="483">17.7778</stack-size>
<stack-size id="486">18.1944</stack-size>
<stack-size id="489">18.6111</stack-size>
<stack-size id="492">19.0278</stack-size>
<stack-size id="495">19.1667</stack-size>
<stack-size id="498">19.1667</stack-size>
<stack-size id="501">18.8889</stack-size>
<stack-size id="504">19.3056</stack-size>
<stack-size id="507">19.7222</stack-size>
<stack-size id="510">20.1389</stack-size>
<stack-size id="513">20.2778</stack-size>
<stack-size id="516">20.2778</stack-size>
<stack-size id="519">19.5833</stack-size>
<stack-size id="522">20</stack-size>
<stack-size id="525">20.4167</stack-size>
<stack-size id="528">20.8333</stack-size>
<stack-size id="531">21.25</stack-size>
<stack-size id="534">21.3889</stack-size>
<stack-size id="537">21.8056</stack-size>
<stack-size id="540">22.2222</stack-size>
<stack-size id="543">22.6389</stack-size>
<stack-size id="546">23.0556</stack-size>
<stack-size id="549">23.1944</stack-size>
<stack-size id="552">23.6111</stack-size>
<stack-size id="555">24.0278</stack-size>
<stack-size id="558">24.4444</stack-size>
<stack-size id="561">24.5833</stack-size>
<stack-size id="564">25</stack-size>
<stack-size id="567">25.4167</stack-size>
<stack-size id="570">25.8333</stack-size>
<stack-size id="573">26.25</stack-size>
<stack-size id="576">26.3889</stack-size>
<stack-size id="579">25.6944</stack-size>
<stack-size id="582">26.1111</stack-size>
<stack-size id="585">26.5278</stack-size>
<stack-size id="588">26.9444</stack-size>
<stack-size id="591">27.3611</stack-size>
<stack-size id="594">27.5</stack-size>
<stack-size id="597">26.8056</stack-size>
<stack-size id="600">26.8056</stack-size>
<stack-size id="603">27.2222</stack-size>
<stack-size id="606">27.6389</stack-size>
<stack-size id="609">28.0556</stack-size>
<stack-size id="612">28.4722</stack-size>
<stack-size id="615">28.6111</stack-size>
<stack-size id="618">29.0278</stack-size>
<stack-size id="621">29.4444</stack-size>
<stack-size id="624">29.8611</stack-size>
<stack-size id="627">30</stack-size>
<stack-size id="630">30</stack-size>
<stack-size id="633">29.3056</stack-size>
<stack-size id="636">29.0278</stack-size>
<stack-size id="639">29.4444</stack-size>
<stack-size id="642">29.8611</stack-size>
<stack-size id="645">30.2778</stack-size>
<stack-size id="648">30.6944</stack-size>
<stack-size id="651">30.4167</stack-size>
<stack-size id="654">30.1389</stack-size>
<stack-size id="657">29.4444</stack-size>
<stack-size id="660">27.9167</stack-size>
<stack-size id="663">28.3333</stack-size>
<stack-size id="666">28.75</stack-size>
<stack-size id="669">29.1667</stack-size>
<stack-size id="672">29.5833</stack-size>
<stack-size id="675">29.7222</stack-size>
<stack-size id="678">30.1389</stack-size>
<stack-size id="681">30.5556</stack-size>
<stack-size id="684">30.9722</stack-size>
<stack-size id="687">31.1111</stack-size>
<stack-size id="690">31.1111</stack-size>
<stack-size id="693">30.4167</stack-size>
<stack-size id="696">30.1389</stack-size>
<stack-size id="699">28.8889</stack-size>
<stack-size id="702">28.8889</stack-size>
<stack-size id="705">27.6389</stack-size>
<stack-size id="708">27.3611</stack-size>
<stack-size id="711">23.4722</stack-size>
<stack-size id="714">22.9167</stack-size>
<stack-size id="717">20.1389</stack-size>
<stack-size id="720">14.3056</stack-size>
<max-stack>225</max-stack>
<front-edges>719</front-edges>
<back-edges>840</back-edges>
<cross-edges>122</cross-edges>
<shortest-cycle>2</shortest-cycle>
</dfs-info>
<rw-info>
<coverage step="60">3.33333</coverage>
<coverage step="120">5.97222</coverage>
<coverage step="180">7.63889</coverage>
<coverage step="240">9.16667</coverage>
<coverage step="300">11.3889</coverage>
<coverage step="360">12.2222</coverage>
<coverage step="420">13.75</coverage>
<coverage step="480">15.1389</coverage>
<coverage step="540">16.3889</coverage>
<coverage step="600">16.3889</coverage>
<coverage step="660">17.5</coverage>
<coverage step="720">17.5</coverage>
<coverage step="780">18.3333</coverage>
<coverage step="840">18.75</coverage>
<coverage step="900">21.1111</coverage>
<coverage step="960">22.6389</coverage>
<coverage step="1020">23.3333</coverage>
<coverage step="1080">24.1667</coverage>
<coverage step="1140">24.3056</coverage>
<coverage step="1200">25.1389</coverage>
<coverage step="1260">26.25</coverage>
<coverage step="1320">27.0833</coverage>
<coverage step="1380">28.1944</coverage>
<coverage step="1440">28.75</coverage>
<coverage step="1500">28.8889</coverage>
<coverage step="1560">29.0278</coverage>
<coverage step="1620">29.5833</coverage>
<coverage step="1680">31.1111</coverage>
<coverage step="1740">33.0556</coverage>
<coverage step="1800">34.7222</coverage>
<coverage step="1860">34.7222</coverage>
<coverage step="1920">34.7222</coverage>
<coverage step="1980">34.8611</coverage>
<coverage step="2040">35.6944</coverage>
<coverage step="2100">35.8333</coverage>
<coverage step="2160">36.3889</coverage>
<coverage step="2220">36.6667</coverage>
<coverage step="2280">37.7778</coverage>
<coverage step="2340">37.7778</coverage>
<coverage step="2400">37.7778</coverage>
<coverage step="2460">38.0556</coverage>
<coverage step="2520">38.4722</coverage>
<coverage step="2580">39.3056</coverage>
<coverage step="2640">39.7222</coverage>
<coverage step="2700">39.7222</coverage>
<coverage step="2760">39.7222</coverage>
<coverage step="2820">40.5556</coverage>
<coverage step="2880">40.5556</coverage>
<coverage step="2940">42.3611</coverage>
<coverage step="3000">42.6389</coverage>
<coverage step="3060">42.9167</coverage>
<coverage step="3120">43.4722</coverage>
<coverage step="3180">43.75</coverage>
<coverage step="3240">43.75</coverage>
<coverage step="3300">44.3056</coverage>
<coverage step="3360">44.3056</coverage>
<coverage step="3420">44.3056</coverage>
<coverage step="3480">44.3056</coverage>
<coverage step="3540">44.3056</coverage>
<coverage step="3600">44.3056</coverage>
<coverage step="3660">44.4444</coverage>
<coverage step="3720">44.4444</coverage>
<coverage step="3780">45.8333</coverage>
<coverage step="3840">46.3889</coverage>
<coverage step="3900">46.5278</coverage>
<coverage step="3960">46.5278</coverage>
<coverage step="4020">46.8056</coverage>
<coverage step="4080">46.8056</coverage>
<coverage step="4140">47.2222</coverage>
<coverage step="4200">47.3611</coverage>
<coverage step="4260">48.1944</coverage>
<coverage step="4320">48.3333</coverage>
<coverage step="4380">48.3333</coverage>
<coverage step="4440">48.3333</coverage>
<coverage step="4500">48.3333</coverage>
<coverage step="4560">48.3333</coverage>
<coverage step="4620">48.3333</coverage>
<coverage step="4680">48.3333</coverage>
<coverage step="4740">48.4722</coverage>
<coverage step="4800">48.4722</coverage>
<coverage step="4860">48.4722</coverage>
<coverage step="4920">48.4722</coverage>
<coverage step="4980">48.4722</coverage>
<coverage step="5040">48.4722</coverage>
<coverage step="5100">48.4722</coverage>
<coverage step="5160">48.4722</coverage>
<coverage step="5220">48.4722</coverage>
<coverage step="5280">48.75</coverage>
<coverage step="5340">48.75</coverage>
<coverage step="5400">48.75</coverage>
<coverage step="5460">48.75</coverage>
<coverage step="5520">48.75</coverage>
<coverage step="5580">48.75</coverage>
<coverage step="5640">48.75</coverage>
<coverage step="5700">48.75</coverage>
<coverage step="5760">49.0278</coverage>
<coverage step="5820">49.0278</coverage>
<coverage step="5880">49.0278</coverage>
<coverage step="5940">49.0278</coverage>
<coverage step="6000">49.0278</coverage>
<coverage step="6060">49.0278</coverage>
<coverage step="6120">49.0278</coverage>
<coverage step="6180">49.0278</coverage>
<coverage step="6240">49.0278</coverage>
<coverage step="6300">49.0278</coverage>
<coverage step="6360">49.1667</coverage>
<coverage step="6420">49.1667</coverage>
<coverage step="6480">49.1667</coverage>
<coverage step="6540">49.1667</coverage>
<coverage step="6600">49.1667</coverage>
<coverage step="6660">49.1667</coverage>
<coverage step="6720">49.1667</coverage>
<coverage step="6780">49.3056</coverage>
<coverage step="6840">49.3056</coverage>
<coverage step="6900">51.6667</coverage>
<coverage step="6960">52.3611</coverage>
<coverage step="7020">53.6111</coverage>
<coverage step="7080">53.6111</coverage>
<coverage step="7140">53.6111</coverage>
<coverage step="7200">53.6111</coverage>
<rw-visits order="1">97</rw-visits>
<rw-visits order="2">94</rw-visits>
<rw-visits order="3">87</rw-visits>
<rw-visits order="4">80</rw-visits>
<rw-visits order="5">79</rw-visits>
<rw-visits order="6">67</rw-visits>
<rw-visits order="7">67</rw-visits>
<rw-visits order="8">65</rw-visits>
<rw-visits order="9">65</rw-visits>
<rw-visits order="10">63</rw-visits>
<rw-visits order="11">62</rw-visits>
<rw-visits order="12">57</rw-visits>
<rw-visits order="13">56</rw-visits>
<rw-visits order="14">50</rw-visits>
<rw-visits order="15">49</rw-visits>
<rw-visits order="16">49</rw-visits>
<rw-visits order="17">48</rw-visits>
<rw-visits order="18">48</rw-visits>
<rw-visits order="19">46</rw-visits>
<rw-visits order="20">45</rw-visits>
<rw-visits order="21">45</rw-visits>
<rw-visits order="22">45</rw-visits>
<rw-visits order="23">44</rw-visits>
<rw-visits order="24">43</rw-visits>
<rw-visits order="25">42</rw-visits>
<rw-visits order="26">41</rw-visits>
<rw-visits order="27">40</rw-visits>
<rw-visits order="28">40</rw-visits>
<rw-visits order="29">39</rw-visits>
<rw-visits order="30">39</rw-visits>
<rw-visits order="31">39</rw-visits>
<rw-visits order="32">39</rw-visits>
<rw-visits order="33">38</rw-visits>
<rw-visits order="34">38</rw-visits>
<rw-visits order="35">38</rw-visits>
<rw-visits order="36">37</rw-visits>
<rw-visits order="37">37</rw-visits>
<rw-visits order="38">37</rw-visits>
<rw-visits order="39">37</rw-visits>
<rw-visits order="40">37</rw-visits>
<rw-visits order="41">37</rw-visits>
<rw-visits order="42">36</rw-visits>
<rw-visits order="43">36</rw-visits>
<rw-visits order="44">36</rw-visits>
<rw-visits order="45">35</rw-visits>
<rw-visits order="46">35</rw-visits>
<rw-visits order="47">35</rw-visits>
<rw-visits order="48">34</rw-visits>
<rw-visits order="49">34</rw-visits>
<rw-visits order="50">34</rw-visits>
<rw-visits order="51">34</rw-visits>
<rw-visits order="52">33</rw-visits>
<rw-visits order="53">33</rw-visits>
<rw-visits order="54">33</rw-visits>
<rw-visits order="55">33</rw-visits>
<rw-visits order="56">33</rw-visits>
<rw-visits order="57">33</rw-visits>
<rw-visits order="58">32</rw-visits>
<rw-visits order="59">32</rw-visits>
<rw-visits order="60">32</rw-visits>
<rw-visits order="61">31</rw-visits>
<rw-visits order="62">31</rw-visits>
<rw-visits order="63">31</rw-visits>
<rw-visits order="64">31</rw-visits>
<rw-visits order="65">31</rw-visits>
<rw-visits order="66">31</rw-visits>
<rw-visits order="67">31</rw-visits>
<rw-visits order="68">31</rw-visits>
<rw-visits order="69">31</rw-visits>
<rw-visits order="70">31</rw-visits>
<rw-visits order="71">30</rw-visits>
<rw-visits order="72">30</rw-visits>
<rw-visits order="73">30</rw-visits>
<rw-visits order="74">30</rw-visits>
<rw-visits order="75">30</rw-visits>
<rw-visits order="76">30</rw-visits>
<rw-visits order="77">30</rw-visits>
<rw-visits order="78">29</rw-visits>
<rw-visits order="79">29</rw-visits>
<rw-visits order="80">29</rw-visits>
<rw-visits order="81">28</rw-visits>
<rw-visits order="82">28</rw-visits>
<rw-visits order="83">28</rw-visits>
<rw-visits order="84">28</rw-visits>
<rw-visits order="85">28</rw-visits>
<rw-visits order="86">27</rw-visits>
<rw-visits order="87">27</rw-visits>
<rw-visits order="88">27</rw-visits>
<rw-visits order="89">26</rw-visits>
<rw-visits order="90">26</rw-visits>
<rw-visits order="91">26</rw-visits>
<rw-visits order="92">26</rw-visits>
<rw-visits order="93">26</rw-visits>
<rw-visits order="94">26</rw-visits>
<rw-visits order="95">26</rw-visits>
<rw-visits order="96">26</rw-visits>
<rw-visits order="97">25</rw-visits>
<rw-visits order="98">25</rw-visits>
<rw-visits order="99">25</rw-visits>
<rw-visits order="100">25</rw-visits>
<rw-visits order="101">25</rw-visits>
<rw-visits order="102">25</rw-visits>
<rw-visits order="103">25</rw-visits>
<rw-visits order="104">25</rw-visits>
<rw-visits order="105">24</rw-visits>
<rw-visits order="106">24</rw-visits>
<rw-visits order="107">24</rw-visits>
<rw-visits order="108">24</rw-visits>
<rw-visits order="109">24</rw-visits>
<rw-visits order="110">23</rw-visits>
<rw-visits order="111">23</rw-visits>
<rw-visits order="112">22</rw-visits>
<rw-visits order="113">22</rw-visits>
<rw-visits order="114">22</rw-visits>
<rw-visits order="115">22</rw-visits>
<rw-visits order="116">22</rw-visits>
<rw-visits order="117">22</rw-visits>
<rw-visits order="118">22</rw-visits>
<rw-visits order="119">22</rw-visits>
<rw-visits order="120">22</rw-visits>
<rw-visits order="121">21</rw-visits>
<rw-visits order="122">21</rw-visits>
<rw-visits order="123">21</rw-visits>
<rw-visits order="124">21</rw-visits>
<rw-visits order="125">21</rw-visits>
<rw-visits order="126">21</rw-visits>
<rw-visits order="127">21</rw-visits>
<rw-visits order="128">21</rw-visits>
<rw-visits order="129">21</rw-visits>
<rw-visits order="130">21</rw-visits>
<rw-visits order="131">21</rw-visits>
<rw-visits order="132">20</rw-visits>
<rw-visits order="133">20</rw-visits>
<rw-visits order="134">20</rw-visits>
<rw-visits order="135">20</rw-visits>
<rw-visits order="136">20</rw-visits>
<rw-visits order="137">20</rw-visits>
<rw-visits order="138">20</rw-visits>
<rw-visits order="139">20</rw-visits>
<rw-visits order="140">19</rw-visits>
<rw-visits order="141">19</rw-visits>
<rw-visits order="142">19</rw-visits>
<rw-visits order="143">19</rw-visits>
<rw-visits order="144">19</rw-visits>
<rw-visits order="145">19</rw-visits>
<rw-visits order="146">19</rw-visits>
<rw-visits order="147">19</rw-visits>
<rw-visits order="148">19</rw-visits>
<rw-visits order="149">19</rw-visits>
<rw-visits order="150">19</rw-visits>
<rw-visits order="151">19</rw-visits>
<rw-visits order="152">19</rw-visits>
<rw-visits order="153">19</rw-visits>
<rw-visits order="154">18</rw-visits>
<rw-visits order="155">18</rw-visits>
<rw-visits order="156">18</rw-visits>
<rw-visits order="157">18</rw-visits>
<rw-visits order="158">18</rw-visits>
<rw-visits order="159">18</rw-visits>
<rw-visits order="160">18</rw-visits>
<rw-visits order="161">18</rw-visits>
<rw-visits order="162">18</rw-visits>
<rw-visits order="163">17</rw-visits>
<rw-visits order="164">17</rw-visits>
<rw-visits order="165">17</rw-visits>
<rw-visits order="166">17</rw-visits>
<rw-visits order="167">17</rw-visits>
<rw-visits order="168">17</rw-visits>
<rw-visits order="169">17</rw-visits>
<rw-visits order="170">17</rw-visits>
<rw-visits order="171">17</rw-visits>
<rw-visits order="172">17</rw-visits>
<rw-visits order="173">17</rw-visits>
<rw-visits order="174">17</rw-visits>
<rw-visits order="175">17</rw-visits>
<rw-visits order="176">17</rw-visits>
<rw-visits order="177">17</rw-visits>
<rw-visits order="178">17</rw-visits>
<rw-visits order="179">16</rw-visits>
<rw-visits order="180">16</rw-visits>
<rw-visits order="181">16</rw-visits>
<rw-visits order="182">16</rw-visits>
<rw-visits order="183">16</rw-visits>
<rw-visits order="184">16</rw-visits>
<rw-visits order="185">16</rw-visits>
<rw-visits order="186">16</rw-visits>
<rw-visits order="187">16</rw-visits>
<rw-visits order="188">16</rw-visits>
<rw-visits order="189">15</rw-visits>
<rw-visits order="190">15</rw-visits>
<rw-visits order="191">15</rw-visits>
<rw-visits order="192">15</rw-visits>
<rw-visits order="193">15</rw-visits>
<rw-visits order="194">15</rw-visits>
<rw-visits order="195">15</rw-visits>
<rw-visits order="196">15</rw-visits>
<rw-visits order="197">15</rw-visits>
<rw-visits order="198">15</rw-visits>
<rw-visits order="199">15</rw-visits>
<rw-visits order="200">14</rw-visits>
<rw-visits order="201">14</rw-visits>
<rw-visits order="202">14</rw-visits>
<rw-visits order="203">14</rw-visits>
<rw-visits order="204">14</rw-visits>
<rw-visits order="205">14</rw-visits>
<rw-visits order="206">14</rw-visits>
<rw-visits order="207">14</rw-visits>
<rw-visits order="208">14</rw-visits>
<rw-visits order="209">14</rw-visits>
<rw-visits order="210">14</rw-visits>
<rw-visits order="211">14</rw-visits>
<rw-visits order="212">14</rw-visits>
<rw-visits order="213">14</rw-visits>
<rw-visits order="214">13</rw-visits>
<rw-visits order="215">13</rw-visits>
<rw-visits order="216">13</rw-visits>
<rw-visits order="217">13</rw-visits>
<rw-visits order="218">13</rw-visits>
<rw-visits order="219">13</rw-visits>
<rw-visits order="220">13</rw-visits>
<rw-visits order="221">13</rw-visits>
<rw-visits order="222">13</rw-visits>
<rw-visits order="223">13</rw-visits>
<rw-visits order="224">13</rw-visits>
<rw-visits order="225">13</rw-visits>
<rw-visits order="226">12</rw-visits>
<rw-visits order="227">12</rw-visits>
<rw-visits order="228">12</rw-visits>
<rw-visits order="229">12</rw-visits>
<rw-visits order="230">12</rw-visits>
<rw-visits order="231">12</rw-visits>
<rw-visits order="232">12</rw-visits>
<rw-visits order="233">12</rw-visits>
<rw-visits order="234">12</rw-visits>
<rw-visits order="235">12</rw-visits>
<rw-visits order="236">12</rw-visits>
<rw-visits order="237">11</rw-visits>
<rw-visits order="238">11</rw-visits>
<rw-visits order="239">11</rw-visits>
<rw-visits order="240">11</rw-visits>
<rw-visits order="241">11</rw-visits>
<rw-visits order="242">11</rw-visits>
<rw-visits order="243">11</rw-visits>
<rw-visits order="244">11</rw-visits>
<rw-visits order="245">11</rw-visits>
<rw-visits order="246">11</rw-visits>
<rw-visits order="247">11</rw-visits>
<rw-visits order="248">11</rw-visits>
<rw-visits order="249">11</rw-visits>
<rw-visits order="250">11</rw-visits>
<rw-visits order="251">11</rw-visits>
<rw-visits order="252">11</rw-visits>
<rw-visits order="253">11</rw-visits>
<rw-visits order="254">11</rw-visits>
<rw-visits order="255">11</rw-visits>
<rw-visits order="256">11</rw-visits>
<rw-visits order="257">10</rw-visits>
<rw-visits order="258">10</rw-visits>
<rw-visits order="259">10</rw-visits>
<rw-visits order="260">10</rw-visits>
<rw-visits order="261">10</rw-visits>
<rw-visits order="262">10</rw-visits>
<rw-visits order="263">10</rw-visits>
<rw-visits order="264">10</rw-visits>
<rw-visits order="265">10</rw-visits>
<rw-visits order="266">10</rw-visits>
<rw-visits order="267">10</rw-visits>
<rw-visits order="268">10</rw-visits>
<rw-visits order="269">10</rw-visits>
<rw-visits order="270">10</rw-visits>
<rw-visits order="271">9</rw-visits>
<rw-visits order="272">9</rw-visits>
<rw-visits order="273">9</rw-visits>
<rw-visits order="274">9</rw-visits>
<rw-visits order="275">9</rw-visits>
<rw-visits order="276">9</rw-visits>
<rw-visits order="277">9</rw-visits>
<rw-visits order="278">9</rw-visits>
<rw-visits order="279">9</rw-visits>
<rw-visits order="280">9</rw-visits>
<rw-visits order="281">9</rw-visits>
<rw-visits order="282">9</rw-visits>
<rw-visits order="283">9</rw-visits>
<rw-visits order="284">9</rw-visits>
<rw-visits order="285">9</rw-visits>
<rw-visits order="286">9</rw-visits>
<rw-visits order="287">9</rw-visits>
<rw-visits order="288">9</rw-visits>
<rw-visits order="289">9</rw-visits>
<rw-visits order="290">9</rw-visits>
<rw-visits order="291">8</rw-visits>
<rw-visits order="292">8</rw-visits>
<rw-visits order="293">8</rw-visits>
<rw-visits order="294">8</rw-visits>
<rw-visits order="295">8</rw-visits>
<rw-visits order="296">8</rw-visits>
<rw-visits order="297">8</rw-visits>
<rw-visits order="298">8</rw-visits>
<rw-visits order="299">8</rw-visits>
<rw-visits order="300">8</rw-visits>
<rw-visits order="301">7</rw-visits>
<rw-visits order="302">7</rw-visits>
<rw-visits order="303">7</rw-visits>
<rw-visits order="304">7</rw-visits>
<rw-visits order="305">7</rw-visits>
<rw-visits order="306">7</rw-visits>
<rw-visits order="307">7</rw-visits>
<rw-visits order="308">7</rw-visits>
<rw-visits order="309">6</rw-visits>
<rw-visits order="310">6</rw-visits>
<rw-visits order="311">6</rw-visits>
<rw-visits order="312">6</rw-visits>
<rw-visits order="313">6</rw-visits>
<rw-visits order="314">6</rw-visits>
<rw-visits order="315">6</rw-visits>
<rw-visits order="316">6</rw-visits>
<rw-visits order="317">6</rw-visits>
<rw-visits order="318">6</rw-visits>
<rw-visits order="319">6</rw-visits>
<rw-visits order="320">6</rw-visits>
<rw-visits order="321">6</rw-visits>
<rw-visits order="322">6</rw-visits>
<rw-visits order="323">5</rw-visits>
<rw-visits order="324">5</rw-visits>
<rw-visits order="325">5</rw-visits>
<rw-visits order="326">5</rw-visits>
<rw-visits order="327">5</rw-visits>
<rw-visits order="328">5</rw-visits>
<rw-visits order="329">5</rw-visits>
<rw-visits order="330">5</rw-visits>
<rw-visits order="331">5</rw-visits>
<rw-visits order="332">5</rw-visits>
<rw-visits order="333">5</rw-visits>
<rw-visits order="334">5</rw-visits>
<rw-visits order="335">5</rw-visits>
<rw-visits order="336">5</rw-visits>
<rw-visits order="337">5</rw-visits>
<rw-visits order="338">5</rw-visits>
<rw-visits order="339">4</rw-visits>
<rw-visits order="340">4</rw-visits>
<rw-visits order="341">4</rw-visits>
<rw-visits order="342">4</rw-visits>
<rw-visits order="343">4</rw-visits>
<rw-visits order="344">4</rw-visits>
<rw-visits order="345">4</rw-visits>
<rw-visits order="346">4</rw-visits>
<rw-visits order="347">4</rw-visits>
<rw-visits order="348">4</rw-visits>
<rw-visits order="349">4</rw-visits>
<rw-visits order="350">4</rw-visits>
<rw-visits order="351">4</rw-visits>
<rw-visits order="352">4</rw-visits>
<rw-visits order="353">4</rw-visits>
<rw-visits order="354">4</rw-visits>
<rw-visits order="355">3</rw-visits>
<rw-visits order="356">3</rw-visits>
<rw-visits order="357">3</rw-visits>
<rw-visits order="358">3</rw-visits>
<rw-visits order="359">3</rw-visits>
<rw-visits order="360">3</rw-visits>
<rw-visits order="361">3</rw-visits>
<rw-visits order="362">3</rw-visits>
<rw-visits order="363">3</rw-visits>
<rw-visits order="364">3</rw-visits>
<rw-visits order="365">3</rw-visits>
<rw-visits order="366">3</rw-visits>
<rw-visits order="367">2</rw-visits>
<rw-visits order="368">2</rw-visits>
<rw-visits order="369">2</rw-visits>
<rw-visits order="370">2</rw-visits>
<rw-visits order="371">2</rw-visits>
<rw-visits order="372">1</rw-visits>
<rw-visits order="373">1</rw-visits>
<rw-visits order="374">1</rw-visits>
<rw-visits order="375">1</rw-visits>
<rw-visits order="376">1</rw-visits>
<rw-visits order="377">1</rw-visits>
<rw-visits order="378">1</rw-visits>
<rw-visits order="379">1</rw-visits>
<rw-visits order="380">1</rw-visits>
<rw-visits order="381">1</rw-visits>
<rw-visits order="382">1</rw-visits>
<rw-visits order="383">1</rw-visits>
<rw-visits order="384">1</rw-visits>
<rw-visits order="385">1</rw-visits>
<final-coverage>53.6111</final-coverage>
</rw-info>
<local-info>
<diamonds>100</diamonds>
<neighborhood k="4">17</neighborhood>
<clustering k="4">1.63137</clustering>
</local-info>
<label-info>
<edge-label id="0.0">360</edge-label>
<edge-label id="0.1">360</edge-label>
<edge-label id="0.2">480</edge-label>
<edge-label id="0.3">480</edge-label>
<edge-label id="1.0">1</edge-label>
<state-labels procid="0">
<label id="[{0|1|2|3|4|5},0,0]">2</label>
<label id="[{0|1|2|4|5|3},0,0]">2</label>
<label id="[{0|1|2|5|3|4},0,0]">2</label>
<label id="[{0|1|3|2|5|4},0,0]">2</label>
<label id="[{0|1|3|4|2|5},0,0]">2</label>
<label id="[{0|1|3|5|4|2},0,0]">2</label>
<label id="[{0|1|4|2|3|5},0,0]">2</label>
<label id="[{0|1|4|3|5|2},0,0]">2</label>
<label id="[{0|1|4|5|2|3},0,0]">2</label>
<label id="[{0|1|5|2|4|3},0,0]">2</label>
<label id="[{0|1|5|3|2|4},0,0]">2</label>
<label id="[{0|1|5|4|3|2},0,0]">2</label>
<label id="[{0|2|1|3|5|4},0,0]">2</label>
<label id="[{0|2|1|4|3|5},0,0]">2</label>
<label id="[{0|2|1|5|4|3},0,0]">2</label>
<label id="[{0|2|3|1|4|5},0,0]">2</label>
<label id="[{0|2|3|4|5|1},0,0]">2</label>
<label id="[{0|2|3|5|1|4},0,0]">2</label>
<label id="[{0|2|4|1|5|3},0,0]">2</label>
<label id="[{0|2|4|3|1|5},0,0]">2</label>
<label id="[{0|2|4|5|3|1},0,0]">2</label>
<label id="[{0|2|5|1|3|4},0,0]">2</label>
<label id="[{0|2|5|3|4|1},0,0]">2</label>
<label id="[{0|2|5|4|1|3},0,0]">2</label>
<label id="[{0|3|1|2|4|5},0,0]">2</label>
<label id="[{0|3|1|4|5|2},0,0]">2</label>
<label id="[{0|3|1|5|2|4},0,0]">2</label>
<label id="[{0|3|2|1|5|4},0,0]">2</label>
<label id="[{0|3|2|4|1|5},0,0]">2</label>
<label id="[{0|3|2|5|4|1},0,0]">2</label>
<label id="[{0|3|4|1|2|5},0,0]">2</label>
<label id="[{0|3|4|2|5|1},0,0]">2</label>
<label id="[{0|3|4|5|1|2},0,0]">2</label>
<label id="[{0|3|5|1|4|2},0,0]">2</label>
<label id="[{0|3|5|2|1|4},0,0]">2</label>
<label id="[{0|3|5|4|2|1},0,0]">2</label>
<label id="[{0|4|1|2|5|3},0,0]">2</label>
<label id="[{0|4|1|3|2|5},0,0]">2</label>
<label id="[{0|4|1|5|3|2},0,0]">2</label>
<label id="[{0|4|2|1|3|5},0,0]">2</label>
<label id="[{0|4|2|3|5|1},0,0]">2</label>
<label id="[{0|4|2|5|1|3},0,0]">2</label>
<label id="[{0|4|3|1|5|2},0,0]">2</label>
<label id="[{0|4|3|2|1|5},0,0]">2</label>
<label id="[{0|4|3|5|2|1},0,0]">2</label>
<label id="[{0|4|5|1|2|3},0,0]">2</label>
<label id="[{0|4|5|2|3|1},0,0]">2</label>
<label id="[{0|4|5|3|1|2},0,0]">2</label>
<label id="[{0|5|1|2|3|4},0,0]">2</label>
<label id="[{0|5|1|3|4|2},0,0]">2</label>
<label id="[{0|5|1|4|2|3},0,0]">2</label>
<label id="[{0|5|2|1|4|3},0,0]">2</label>
<label id="[{0|5|2|3|1|4},0,0]">2</label>
<label id="[{0|5|2|4|3|1},0,0]">2</label>
<label id="[{0|5|3|1|2|4},0,0]">2</label>
<label id="[{0|5|3|2|4|1},0,0]">2</label>
<label id="[{0|5|3|4|1|2},0,0]">2</label>
<label id="[{0|5|4|1|3|2},0,0]">2</label>
<label id="[{0|5|4|2|1|3},0,0]">2</label>
<label id="[{0|5|4|3|2|1},0,0]">2</label>
<label id="[{1|0|2|3|4|5},1,0]">2</label>
<label id="[{1|0|2|4|5|3},1,0]">2</label>
<label id="[{1|0|2|5|3|4},1,0]">2</label>
<label id="[{1|0|3|2|5|4},1,0]">2</label>
<label id="[{1|0|3|4|2|5},1,0]">2</label>
<label id="[{1|0|3|5|4|2},1,0]">2</label>
<label id="[{1|0|4|2|3|5},1,0]">2</label>
<label id="[{1|0|4|3|5|2},1,0]">2</label>
<label id="[{1|0|4|5|2|3},1,0]">2</label>
<label id="[{1|0|5|2|4|3},1,0]">2</label>
<label id="[{1|0|5|3|2|4},1,0]">2</label>
<label id="[{1|0|5|4|3|2},1,0]">2</label>
<label id="[{1|2|0|3|5|4},0,1]">2</label>
<label id="[{1|2|0|4|3|5},0,1]">2</label>
<label id="[{1|2|0|5|4|3},0,1]">2</label>
<label id="[{1|2|3|0|5|4},1,1]">2</label>
<label id="[{1|2|3|4|0|5},0,2]">2</label>
<label id="[{1|2|3|4|5|0},1,2]">2</label>
<label id="[{1|2|4|0|3|5},1,1]">2</label>
<label id="[{1|2|4|5|0|3},0,2]">2</label>
<label id="[{1|2|4|5|3|0},1,2]">2</label>
<label id="[{1|2|5|0|4|3},1,1]">2</label>
<label id="[{1|2|5|3|0|4},0,2]">2</label>
<label id="[{1|2|5|3|4|0},1,2]">2</label>
<label id="[{1|3|0|2|4|5},0,1]">2</label>
<label id="[{1|3|0|4|5|2},0,1]">2</label>
<label id="[{1|3|0|5|2|4},0,1]">2</label>
<label id="[{1|3|2|0|4|5},1,1]">2</label>
<label id="[{1|3|2|5|0|4},0,2]">2</label>
<label id="[{1|3|2|5|4|0},1,2]">2</label>
<label id="[{1|3|4|0|5|2},1,1]">2</label>
<label id="[{1|3|4|2|0|5},0,2]">2</label>
<label id="[{1|3|4|2|5|0},1,2]">2</label>
<label id="[{1|3|5|0|2|4},1,1]">2</label>
<label id="[{1|3|5|4|0|2},0,2]">2</label>
<label id="[{1|3|5|4|2|0},1,2]">2</label>
<label id="[{1|4|0|2|5|3},0,1]">2</label>
<label id="[{1|4|0|3|2|5},0,1]">2</label>
<label id="[{1|4|0|5|3|2},0,1]">2</label>
<label id="[{1|4|2|0|5|3},1,1]">2</label>
<label id="[{1|4|2|3|0|5},0,2]">2</label>
<label id="[{1|4|2|3|5|0},1,2]">2</label>
<label id="[{1|4|3|0|2|5},1,1]">2</label>
<label id="[{1|4|3|5|0|2},0,2]">2</label>
<label id="[{1|4|3|5|2|0},1,2]">2</label>
<label id="[{1|4|5|0|3|2},1,1]">2</label>
<label id="[{1|4|5|2|0|3},0,2]">2</label>
<label id="[{1|4|5|2|3|0},1,2]">2</label>
<label id="[{1|5|0|2|3|4},0,1]">2</label>
<label id="[{1|5|0|3|4|2},0,1]">2</label>
<label id="[{1|5|0|4|2|3},0,1]">2</label>
<label id="[{1|5|2|0|3|4},1,1]">2</label>
<label id="[{1|5|2|4|0|3},0,2]">2</label>
<label id="[{1|5|2|4|3|0},1,2]">2</label>
<label id="[{1|5|3|0|4|2},1,1]">2</label>
<label id="[{1|5|3|2|0|4},0,2]">2</label>
<label id="[{1|5|3|2|4|0},1,2]">2</label>
<label id="[{1|5|4|0|2|3},1,1]">2</label>
<label id="[{1|5|4|3|0|2},0,2]">2</label>
<label id="[{1|5|4|3|2|0},1,2]">2</label>
<label id="[{2|0|1|3|5|4},1,0]">2</label>
<label id="[{2|0|1|4|3|5},1,0]">2</label>
<label id="[{2|0|1|5|4|3},1,0]">2</label>
<label id="[{2|0|3|1|4|5},1,0]">2</label>
<label id="[{2|0|3|4|5|1},1,0]">2</label>
<label id="[{2|0|3|5|1|4},1,0]">2</label>
<label id="[{2|0|4|1|5|3},1,0]">2</label>
<label id="[{2|0|4|3|1|5},1,0]">2</label>
<label id="[{2|0|4|5|3|1},1,0]">2</label>
<label id="[{2|0|5|1|3|4},1,0]">2</label>
<label id="[{2|0|5|3|4|1},1,0]">2</label>
<label id="[{2|0|5|4|1|3},1,0]">2</label>
<label id="[{2|1|0|3|4|5},0,1]">2</label>
<label id="[{2|1|0|4|5|3},0,1]">2</label>
<label id="[{2|1|0|5|3|4},0,1]">2</label>
<label id="[{2|1|3|0|4|5},1,1]">2</label>
<label id="[{2|1|3|5|0|4},0,2]">2</label>
<label id="[{2|1|3|5|4|0},1,2]">2</label>
<label id="[{2|1|4|0|5|3},1,1]">2</label>
<label id="[{2|1|4|3|0|5},0,2]">2</label>
<label id="[{2|1|4|3|5|0},1,2]">2</label>
<label id="[{2|1|5|0|3|4},1,1]">2</label>
<label id="[{2|1|5|4|0|3},0,2]">2</label>
<label id="[{2|1|5|4|3|0},1,2]">2</label>
<label id="[{2|3|0|1|5|4},0,1]">2</label>
<label id="[{2|3|0|4|1|5},0,1]">2</label>
<label id="[{2|3|0|5|4|1},0,1]">2</label>
<label id="[{2|3|1|0|5|4},1,1]">2</label>
<label id="[{2|3|1|4|0|5},0,2]">2</label>
<label id="[{2|3|1|4|5|0},1,2]">2</label>
<label id="[{2|3|4|0|1|5},1,1]">2</label>
<label id="[{2|3|4|5|0|1},0,2]">2</label>
<label id="[{2|3|4|5|1|0},1,2]">2</label>
<label id="[{2|3|5|0|4|1},1,1]">2</label>
<label id="[{2|3|5|1|0|4},0,2]">2</label>
<label id="[{2|3|5|1|4|0},1,2]">2</label>
<label id="[{2|4|0|1|3|5},0,1]">2</label>
<label id="[{2|4|0|3|5|1},0,1]">2</label>
<label id="[{2|4|0|5|1|3},0,1]">2</label>
<label id="[{2|4|1|0|3|5},1,1]">2</label>
<label id="[{2|4|1|5|0|3},0,2]">2</label>
<label id="[{2|4|1|5|3|0},1,2]">2</label>
<label id="[{2|4|3|0|5|1},1,1]">2</label>
<label id="[{2|4|3|1|0|5},0,2]">2</label>
<label id="[{2|4|3|1|5|0},1,2]">2</label>
<label id="[{2|4|5|0|1|3},1,1]">2</label>
<label id="[{2|4|5|3|0|1},0,2]">2</label>
<label id="[{2|4|5|3|1|0},1,2]">2</label>
<label id="[{2|5|0|1|4|3},0,1]">2</label>
<label id="[{2|5|0|3|1|4},0,1]">2</label>
<label id="[{2|5|0|4|3|1},0,1]">2</label>
<label id="[{2|5|1|0|4|3},1,1]">2</label>
<label id="[{2|5|1|3|0|4},0,2]">2</label>
<label id="[{2|5|1|3|4|0},1,2]">2</label>
<label id="[{2|5|3|0|1|4},1,1]">2</label>
<label id="[{2|5|3|4|0|1},0,2]">2</label>
<label id="[{2|5|3|4|1|0},1,2]">2</label>
<label id="[{2|5|4|0|3|1},1,1]">2</label>
<label id="[{2|5|4|1|0|3},0,2]">2</label>
<label id="[{2|5|4|1|3|0},1,2]">2</label>
<label id="[{3|0|1|2|4|5},1,0]">2</label>
<label id="[{3|0|1|4|5|2},1,0]">2</label>
<label id="[{3|0|1|5|2|4},1,0]">2</label>
<label id="[{3|0|2|1|5|4},1,0]">2</label>
<label id="[{3|0|2|4|1|5},1,0]">2</label>
<label id="[{3|0|2|5|4|1},1,0]">2</label>
<label id="[{3|0|4|1|2|5},1,0]">2</label>
<label id="[{3|0|4|2|5|1},1,0]">2</label>
<label id="[{3|0|4|5|1|2},1,0]">2</label>
<label id="[{3|0|5|1|4|2},1,0]">2</label>
<label id="[{3|0|5|2|1|4},1,0]">2</label>
<label id="[{3|0|5|4|2|1},1,0]">2</label>
<label id="[{3|1|0|2|5|4},0,1]">2</label>
<label id="[{3|1|0|4|2|5},0,1]">2</label>
<label id="[{3|1|0|5|4|2},0,1]">2</label>
<label id="[{3|1|2|0|5|4},1,1]">2</label>
<label id="[{3|1|2|4|0|5},0,2]">2</label>
<label id="[{3|1|2|4|5|0},1,2]">2</label>
<label id="[{3|1|4|0|2|5},1,1]">2</label>
<label id="[{3|1|4|5|0|2},0,2]">2</label>
<label id="[{3|1|4|5|2|0},1,2]">2</label>
<label id="[{3|1|5|0|4|2},1,1]">2</label>
<label id="[{3|1|5|2|0|4},0,2]">2</label>
<label id="[{3|1|5|2|4|0},1,2]">2</label>
<label id="[{3|2|0|1|4|5},0,1]">2</label>
<label id="[{3|2|0|4|5|1},0,1]">2</label>
<label id="[{3|2|0|5|1|4},0,1]">2</label>
<label id="[{3|2|1|0|4|5},1,1]">2</label>
<label id="[{3|2|1|5|0|4},0,2]">2</label>
<label id="[{3|2|1|5|4|0},1,2]">2</label>
<label id="[{3|2|4|0|5|1},1,1]">2</label>
<label id="[{3|2|4|1|0|5},0,2]">2</label>
<label id="[{3|2|4|1|5|0},1,2]">2</label>
<label id="[{3|2|5|0|1|4},1,1]">2</label>
<label id="[{3|2|5|4|0|1},0,2]">2</label>
<label id="[{3|2|5|4|1|0},1,2]">2</label>
<label id="[{3|4|0|1|5|2},0,1]">2</label>
<label id="[{3|4|0|2|1|5},0,1]">2</label>
<label id="[{3|4|0|5|2|1},0,1]">2</label>
<label id="[{3|4|1|0|5|2},1,1]">2</label>
<label id="[{3|4|1|2|0|5},0,2]">2</label>
<label id="[{3|4|1|2|5|0},1,2]">2</label>
<label id="[{3|4|2|0|1|5},1,1]">2</label>
<label id="[{3|4|2|5|0|1},0,2]">2</label>
<label id="[{3|4|2|5|1|0},1,2]">2</label>
<label id="[{3|4|5|0|2|1},1,1]">2</label>
<label id="[{3|4|5|1|0|2},0,2]">2</label>
<label id="[{3|4|5|1|2|0},1,2]">2</label>
<label id="[{3|5|0|1|2|4},0,1]">2</label>
<label id="[{3|5|0|2|4|1},0,1]">2</label>
<label id="[{3|5|0|4|1|2},0,1]">2</label>
<label id="[{3|5|1|0|2|4},1,1]">2</label>
<label id="[{3|5|1|4|0|2},0,2]">2</label>
<label id="[{3|5|1|4|2|0},1,2]">2</label>
<label id="[{3|5|2|0|4|1},1,1]">2</label>
<label id="[{3|5|2|1|0|4},0,2]">2</label>
<label id="[{3|5|2|1|4|0},1,2]">2</label>
<label id="[{3|5|4|0|1|2},1,1]">2</label>
<label id="[{3|5|4|2|0|1},0,2]">2</label>
<label id="[{3|5|4|2|1|0},1,2]">2</label>
<label id="[{4|0|1|2|5|3},1,0]">2</label>
<label id="[{4|0|1|3|2|5},1,0]">2</label>
<label id="[{4|0|1|5|3|2},1,0]">2</label>
<label id="[{4|0|2|1|3|5},1,0]">2</label>
<label id="[{4|0|2|3|5|1},1,0]">2</label>
<label id="[{4|0|2|5|1|3},1,0]">2</label>
<label id="[{4|0|3|1|5|2},1,0]">2</label>
<label id="[{4|0|3|2|1|5},1,0]">2</label>
<label id="[{4|0|3|5|2|1},1,0]">2</label>
<label id="[{4|0|5|1|2|3},1,0]">2</label>
<label id="[{4|0|5|2|3|1},1,0]">2</label>
<label id="[{4|0|5|3|1|2},1,0]">2</label>
<label id="[{4|1|0|2|3|5},0,1]">2</label>
<label id="[{4|1|0|3|5|2},0,1]">2</label>
<label id="[{4|1|0|5|2|3},0,1]">2</label>
<label id="[{4|1|2|0|3|5},1,1]">2</label>
<label id="[{4|1|2|5|0|3},0,2]">2</label>
<label id="[{4|1|2|5|3|0},1,2]">2</label>
<label id="[{4|1|3|0|5|2},1,1]">2</label>
<label id="[{4|1|3|2|0|5},0,2]">2</label>
<label id="[{4|1|3|2|5|0},1,2]">2</label>
<label id="[{4|1|5|0|2|3},1,1]">2</label>
<label id="[{4|1|5|3|0|2},0,2]">2</label>
<label id="[{4|1|5|3|2|0},1,2]">2</label>
<label id="[{4|2|0|1|5|3},0,1]">2</label>
<label id="[{4|2|0|3|1|5},0,1]">2</label>
<label id="[{4|2|0|5|3|1},0,1]">2</label>
<label id="[{4|2|1|0|5|3},1,1]">2</label>
<label id="[{4|2|1|3|0|5},0,2]">2</label>
<label id="[{4|2|1|3|5|0},1,2]">2</label>
<label id="[{4|2|3|0|1|5},1,1]">2</label>
<label id="[{4|2|3|5|0|1},0,2]">2</label>
<label id="[{4|2|3|5|1|0},1,2]">2</label>
<label id="[{4|2|5|0|3|1},1,1]">2</label>
<label id="[{4|2|5|1|0|3},0,2]">2</label>
<label id="[{4|2|5|1|3|0},1,2]">2</label>
<label id="[{4|3|0|1|2|5},0,1]">2</label>
<label id="[{4|3|0|2|5|1},0,1]">2</label>
<label id="[{4|3|0|5|1|2},0,1]">2</label>
<label id="[{4|3|1|0|2|5},1,1]">2</label>
<label id="[{4|3|1|5|0|2},0,2]">2</label>
<label id="[{4|3|1|5|2|0},1,2]">2</label>
<label id="[{4|3|2|0|5|1},1,1]">2</label>
<label id="[{4|3|2|1|0|5},0,2]">2</label>
<label id="[{4|3|2|1|5|0},1,2]">2</label>
<label id="[{4|3|5|0|1|2},1,1]">2</label>
<label id="[{4|3|5|2|0|1},0,2]">2</label>
<label id="[{4|3|5|2|1|0},1,2]">2</label>
<label id="[{4|5|0|1|3|2},0,1]">2</label>
<label id="[{4|5|0|2|1|3},0,1]">2</label>
<label id="[{4|5|0|3|2|1},0,1]">2</label>
<label id="[{4|5|1|0|3|2},1,1]">2</label>
<label id="[{4|5|1|2|0|3},0,2]">2</label>
<label id="[{4|5|1|2|3|0},1,2]">2</label>
<label id="[{4|5|2|0|1|3},1,1]">2</label>
<label id="[{4|5|2|3|0|1},0,2]">2</label>
<label id="[{4|5|2|3|1|0},1,2]">2</label>
<label id="[{4|5|3|0|2|1},1,1]">2</label>
<label id="[{4|5|3|1|0|2},0,2]">2</label>
<label id="[{4|5|3|1|2|0},1,2]">2</label>
<label id="[{5|0|1|2|3|4},1,0]">2</label>
<label id="[{5|0|1|3|4|2},1,0]">2</label>
<label id="[{5|0|1|4|2|3},1,0]">2</label>
<label id="[{5|0|2|1|4|3},1,0]">2</label>
<label id="[{5|0|2|3|1|4},1,0]">2</label>
<label id="[{5|0|2|4|3|1},1,0]">2</label>
<label id="[{5|0|3|1|2|4},1,0]">2</label>
<label id="[{5|0|3|2|4|1},1,0]">2</label>
<label id="[{5|0|3|4|1|2},1,0]">2</label>
<label id="[{5|0|4|1|3|2},1,0]">2</label>
<label id="[{5|0|4|2|1|3},1,0]">2</label>
<label id="[{5|0|4|3|2|1},1,0]">2</label>
<label id="[{5|1|0|2|4|3},0,1]">2</label>
<label id="[{5|1|0|3|2|4},0,1]">2</label>
<label id="[{5|1|0|4|3|2},0,1]">2</label>
<label id="[{5|1|2|0|4|3},1,1]">2</label>
<label id="[{5|1|2|3|0|4},0,2]">2</label>
<label id="[{5|1|2|3|4|0},1,2]">2</label>
<label id="[{5|1|3|0|2|4},1,1]">2</label>
<label id="[{5|1|3|4|0|2},0,2]">2</label>
<label id="[{5|1|3|4|2|0},1,2]">2</label>
<label id="[{5|1|4|0|3|2},1,1]">2</label>
<label id="[{5|1|4|2|0|3},0,2]">2</label>
<label id="[{5|1|4|2|3|0},1,2]">2</label>
<label id="[{5|2|0|1|3|4},0,1]">2</label>
<label id="[{5|2|0|3|4|1},0,1]">2</label>
<label id="[{5|2|0|4|1|3},0,1]">2</label>
<label id="[{5|2|1|0|3|4},1,1]">2</label>
<label id="[{5|2|1|4|0|3},0,2]">2</label>
<label id="[{5|2|1|4|3|0},1,2]">2</label>
<label id="[{5|2|3|0|4|1},1,1]">2</label>
<label id="[{5|2|3|1|0|4},0,2]">2</label>
<label id="[{5|2|3|1|4|0},1,2]">2</label>
<label id="[{5|2|4|0|1|3},1,1]">2</label>
<label id="[{5|2|4|3|0|1},0,2]">2</label>
<label id="[{5|2|4|3|1|0},1,2]">2</label>
<label id="[{5|3|0|1|4|2},0,1]">2</label>
<label id="[{5|3|0|2|1|4},0,1]">2</label>
<label id="[{5|3|0|4|2|1},0,1]">2</label>
<label id="[{5|3|1|0|4|2},1,1]">2</label>
<label id="[{5|3|1|2|0|4},0,2]">2</label>
<label id="[{5|3|1|2|4|0},1,2]">2</label>
<label id="[{5|3|2|0|1|4},1,1]">2</label>
<label id="[{5|3|2|4|0|1},0,2]">2</label>
<label id="[{5|3|2|4|1|0},1,2]">2</label>
<label id="[{5|3|4|0|2|1},1,1]">2</label>
<label id="[{5|3|4|1|0|2},0,2]">2</label>
<label id="[{5|3|4|1|2|0},1,2]">2</label>
<label id="[{5|4|0|1|2|3},0,1]">2</label>
<label id="[{5|4|0|2|3|1},0,1]">2</label>
<label id="[{5|4|0|3|1|2},0,1]">2</label>
<label id="[{5|4|1|0|2|3},1,1]">2</label>
<label id="[{5|4|1|3|0|2},0,2]">2</label>
<label id="[{5|4|1|3|2|0},1,2]">2</label>
<label id="[{5|4|2|0|3|1},1,1]">2</label>
<label id="[{5|4|2|1|0|3},0,2]">2</label>
<label id="[{5|4|2|1|3|0},1,2]">2</label>
<label id="[{5|4|3|0|1|2},1,1]">2</label>
<label id="[{5|4|3|2|0|1},0,2]">2</label>
<label id="[{5|4|3|2|1|0},1,2]">2</label>
</state-labels><state-labels procid="1">
<label id="[0]">720</label>
</state-labels><state-labels procid="2">
<label id="[0]">360</label>
<label id="[1]">360</label>
</state-labels></label-info>
</state-space-info>
