<?xml version="1.0"?>
<!DOCTYPE state-space-info SYSTEM "../../state_space_info.dtd">


<state-space-info>
<states>49443</states>
<edges>146940</edges>
<bfs-info>
 <levels>48</levels>
<max-level>2493</max-level>

<back-level-edges>50860</back-level-edges>
<max-back-level-edge>27</max-back-level-edge>
<avg-back-level-edge>7.51083</avg-back-level-edge>
<bfs-levels>
<level id="0"><states>1</states><edges>4</edges></level>
<level id="1"><states>3</states><edges>12</edges></level>
<level id="2"><states>9</states><edges>36</edges></level>
<level id="3"><states>21</states><edges>84</edges></level>
<level id="4"><states>48</states><edges>177</edges></level>
<level id="5"><states>108</states><edges>363</edges></level>
<level id="6"><states>207</states><edges>648</edges></level>
<level id="7"><states>336</states><edges>1020</edges></level>
<level id="8"><states>548</states><edges>1595</edges></level>
<level id="9"><states>798</states><edges>2196</edges></level>
<level id="10"><states>1065</states><edges>2826</edges></level>
<level id="11"><states>1314</states><edges>3465</edges></level>
<level id="12"><states>1521</states><edges>3828</edges></level>
<level id="13"><states>1575</states><edges>3891</edges></level>
<level id="14"><states>1632</states><edges>4167</edges></level>
<level id="15"><states>1737</states><edges>4560</edges></level>
<level id="16"><states>1827</states><edges>4740</edges></level>
<level id="17"><states>1821</states><edges>4854</edges></level>
<level id="18"><states>1773</states><edges>5016</edges></level>
<level id="19"><states>1884</states><edges>5547</edges></level>
<level id="20"><states>1983</states><edges>5952</edges></level>
<level id="21"><states>2040</states><edges>6294</edges></level>
<level id="22"><states>2103</states><edges>6633</edges></level>
<level id="23"><states>2208</states><edges>6990</edges></level>
<level id="24"><states>2358</states><edges>7497</edges></level>
<level id="25"><states>2493</states><edges>7839</edges></level>
<level id="26"><states>2448</states><edges>7653</edges></level>
<level id="27"><states>2388</states><edges>7464</edges></level>
<level id="28"><states>2325</states><edges>7137</edges></level>
<level id="29"><states>2073</states><edges>6351</edges></level>
<level id="30"><states>1788</states><edges>5460</edges></level>
<level id="31"><states>1458</states><edges>4404</edges></level>
<level id="32"><states>1056</states><edges>3288</edges></level>
<level id="33"><states>780</states><edges>2520</edges></level>
<level id="34"><states>582</states><edges>1854</edges></level>
<level id="35"><states>384</states><edges>1230</edges></level>
<level id="36"><states>306</states><edges>1074</edges></level>
<level id="37"><states>360</states><edges>1248</edges></level>
<level id="38"><states>354</states><edges>1188</edges></level>
<level id="39"><states>243</states><edges>807</edges></level>
<level id="40"><states>207</states><edges>711</edges></level>
<level id="41"><states>249</states><edges>852</edges></level>
<level id="42"><states>255</states><edges>861</edges></level>
<level id="43"><states>258</states><edges>873</edges></level>
<level id="44"><states>213</states><edges>726</edges></level>
<level id="45"><states>165</states><edges>567</edges></level>
<level id="46"><states>111</states><edges>357</edges></level>
<level id="47"><states>27</states><edges>81</edges></level>
</bfs-levels>
<back-level-length id="0">24.9666</back-level-length>
<back-level-length id="1">13.4408</back-level-length>
<back-level-length id="2">0.165159</back-level-length>
<back-level-length id="3">0.0117971</back-level-length>
<back-level-length id="4">0.0235942</back-level-length>
<back-level-length id="5">5.30869</back-level-length>
<back-level-length id="6">6.51199</back-level-length>
<back-level-length id="7">11.8227</back-level-length>
<back-level-length id="8">4.28431</back-level-length>
<back-level-length id="9">2.75659</back-level-length>
<back-level-length id="10">0.601652</back-level-length>
<back-level-length id="11">0.928038</back-level-length>
<back-level-length id="12">0.680299</back-level-length>
<back-level-length id="13">1.12859</back-level-length>
<back-level-length id="14">1.2033</back-level-length>
<back-level-length id="15">1.25049</back-level-length>
<back-level-length id="16">4.02281</back-level-length>
<back-level-length id="17">2.39481</back-level-length>
<back-level-length id="18">1.86394</back-level-length>
<back-level-length id="19">16.5317</back-level-length>
<back-level-length id="20">0.0393236</back-level-length>
<back-level-length id="21">0.0157295</back-level-length>
<back-level-length id="22">0.0117971</back-level-length>
<back-level-length id="23">0</back-level-length>
<back-level-length id="24">0</back-level-length>
<back-level-length id="25">0</back-level-length>
<back-level-length id="26">0</back-level-length>
<back-level-length id="27">0.0353913</back-level-length>
</bfs-info>
<degrees>
<avg>2.97191</avg>
<max-in>22</max-in>
<max-out>4</max-out>
<degree id="0"><in>0</in><out>0</out></degree>
<degree id="1"><in>19404</in><out>915</out></degree>
<degree id="2"><in>6759</in><out>10248</out></degree>
<degree id="3"><in>6414</in><out>27591</out></degree>
<degree id="4"><in>7161</in><out>10689</out></degree>
<degree id="5"><in>2973</in><out>0</out></degree>
<degree id="6"><in>3186</in><out>0</out></degree>
<degree id="7"><in>1134</in><out>0</out></degree>
<degree id="8"><in>681</in><out>0</out></degree>
<degree id="9"><in>627</in><out>0</out></degree>
<degree id="10"><in>384</in><out>0</out></degree>
<degree id="11"><in>183</in><out>0</out></degree>
<degree id="12"><in>174</in><out>0</out></degree>
<degree id="13"><in>177</in><out>0</out></degree>
<degree id="14"><in>69</in><out>0</out></degree>
<degree id="15"><in>45</in><out>0</out></degree>
<degree id="16"><in>30</in><out>0</out></degree>
<degree id="17"><in>18</in><out>0</out></degree>
<degree id="18"><in>12</in><out>0</out></degree>
<degree id="19"><in>9</in><out>0</out></degree>
<degree id="20"><in>0</in><out>0</out></degree>
<degree id="21"><in>0</in><out>0</out></degree>
<degree id="22"><in>3</in><out>0</out></degree>
</degrees>
<scc-info>
<count>1</count>
<height>0</height>
<nontrivial-height>0</nontrivial-height>
<trivial>0</trivial>
<terminal>1</terminal>
<largest>49443</largest>
<largest-position> initial the only terminal</largest-position>
</scc-info>
<dfs-info>
<stack-size id="247">0.499565</stack-size>
<stack-size id="494">0.752382</stack-size>
<stack-size id="741">1.21554</stack-size>
<stack-size id="988">1.44004</stack-size>
<stack-size id="1235">1.73129</stack-size>
<stack-size id="1482">2.00028</stack-size>
<stack-size id="1729">2.21669</stack-size>
<stack-size id="1976">2.42097</stack-size>
<stack-size id="2223">2.68188</stack-size>
<stack-size id="2470">2.90435</stack-size>
<stack-size id="2717">3.14504</stack-size>
<stack-size id="2964">3.32909</stack-size>
<stack-size id="3211">3.59202</stack-size>
<stack-size id="3458">3.87921</stack-size>
<stack-size id="3705">4.0936</stack-size>
<stack-size id="3952">4.49406</stack-size>
<stack-size id="4199">4.80756</stack-size>
<stack-size id="4446">5.12105</stack-size>
<stack-size id="4693">5.41836</stack-size>
<stack-size id="4940">5.65095</stack-size>
<stack-size id="5187">5.81882</stack-size>
<stack-size id="5434">5.96849</stack-size>
<stack-size id="5681">6.284</stack-size>
<stack-size id="5928">6.52671</stack-size>
<stack-size id="6175">6.74312</stack-size>
<stack-size id="6422">6.98582</stack-size>
<stack-size id="6669">7.23459</stack-size>
<stack-size id="6916">7.50966</stack-size>
<stack-size id="7163">7.83933</stack-size>
<stack-size id="7410">8.28631</stack-size>
<stack-size id="7657">8.3389</stack-size>
<stack-size id="7904">8.63621</stack-size>
<stack-size id="8151">8.83239</stack-size>
<stack-size id="8398">8.99824</stack-size>
<stack-size id="8645">9.24094</stack-size>
<stack-size id="8892">9.40477</stack-size>
<stack-size id="9139">9.54635</stack-size>
<stack-size id="9386">9.62927</stack-size>
<stack-size id="9633">9.74051</stack-size>
<stack-size id="9880">9.83759</stack-size>
<stack-size id="10127">9.93265</stack-size>
<stack-size id="10374">10.0338</stack-size>
<stack-size id="10621">10.2441</stack-size>
<stack-size id="10868">10.416</stack-size>
<stack-size id="11115">10.7113</stack-size>
<stack-size id="11362">10.7457</stack-size>
<stack-size id="11609">10.861</stack-size>
<stack-size id="11856">10.9136</stack-size>
<stack-size id="12103">11.1179</stack-size>
<stack-size id="12350">11.1017</stack-size>
<stack-size id="12597">11.0997</stack-size>
<stack-size id="12844">11.0794</stack-size>
<stack-size id="13091">11.2615</stack-size>
<stack-size id="13338">11.2938</stack-size>
<stack-size id="13585">11.4111</stack-size>
<stack-size id="13832">11.6558</stack-size>
<stack-size id="14079">11.6538</stack-size>
<stack-size id="14326">11.6821</stack-size>
<stack-size id="14573">11.7246</stack-size>
<stack-size id="14820">11.8601</stack-size>
<stack-size id="15067">11.9693</stack-size>
<stack-size id="15314">12.0462</stack-size>
<stack-size id="15561">12.0563</stack-size>
<stack-size id="15808">12.026</stack-size>
<stack-size id="16055">12.1554</stack-size>
<stack-size id="16302">12.2747</stack-size>
<stack-size id="16549">12.295</stack-size>
<stack-size id="16796">12.2505</stack-size>
<stack-size id="17043">12.2565</stack-size>
<stack-size id="17290">12.2383</stack-size>
<stack-size id="17537">12.2869</stack-size>
<stack-size id="17784">12.2909</stack-size>
<stack-size id="18031">12.3577</stack-size>
<stack-size id="18278">12.3779</stack-size>
<stack-size id="18525">12.3759</stack-size>
<stack-size id="18772">12.4103</stack-size>
<stack-size id="19019">12.4143</stack-size>
<stack-size id="19266">12.5073</stack-size>
<stack-size id="19513">12.5599</stack-size>
<stack-size id="19760">12.6044</stack-size>
<stack-size id="20007">12.6388</stack-size>
<stack-size id="20254">12.661</stack-size>
<stack-size id="20501">12.659</stack-size>
<stack-size id="20748">12.657</stack-size>
<stack-size id="20995">12.6792</stack-size>
<stack-size id="21242">12.655</stack-size>
<stack-size id="21489">12.7035</stack-size>
<stack-size id="21736">12.7966</stack-size>
<stack-size id="21983">12.7844</stack-size>
<stack-size id="22230">12.7682</stack-size>
<stack-size id="22477">12.8087</stack-size>
<stack-size id="22724">12.8491</stack-size>
<stack-size id="22971">12.8593</stack-size>
<stack-size id="23218">12.8188</stack-size>
<stack-size id="23465">12.928</stack-size>
<stack-size id="23712">12.9381</stack-size>
<stack-size id="23959">12.926</stack-size>
<stack-size id="24206">12.9462</stack-size>
<stack-size id="24453">13.1141</stack-size>
<stack-size id="24700">13.0554</stack-size>
<stack-size id="24947">13.2112</stack-size>
<stack-size id="25194">13.193</stack-size>
<stack-size id="25441">13.2314</stack-size>
<stack-size id="25688">13.1586</stack-size>
<stack-size id="25935">13.1667</stack-size>
<stack-size id="26182">13.1707</stack-size>
<stack-size id="26429">13.2011</stack-size>
<stack-size id="26676">13.1788</stack-size>
<stack-size id="26923">13.2132</stack-size>
<stack-size id="27170">13.1566</stack-size>
<stack-size id="27417">13.1444</stack-size>
<stack-size id="27664">13.1323</stack-size>
<stack-size id="27911">13.106</stack-size>
<stack-size id="28158">13.102</stack-size>
<stack-size id="28405">13.1141</stack-size>
<stack-size id="28652">13.199</stack-size>
<stack-size id="28899">13.1808</stack-size>
<stack-size id="29146">13.1485</stack-size>
<stack-size id="29393">13.1667</stack-size>
<stack-size id="29640">13.1444</stack-size>
<stack-size id="29887">13.1282</stack-size>
<stack-size id="30134">13.1404</stack-size>
<stack-size id="30381">13.1687</stack-size>
<stack-size id="30628">13.1323</stack-size>
<stack-size id="30875">13.0433</stack-size>
<stack-size id="31122">13.0777</stack-size>
<stack-size id="31369">12.9321</stack-size>
<stack-size id="31616">12.835</stack-size>
<stack-size id="31863">12.8552</stack-size>
<stack-size id="32110">12.8694</stack-size>
<stack-size id="32357">12.8593</stack-size>
<stack-size id="32604">12.8289</stack-size>
<stack-size id="32851">12.9098</stack-size>
<stack-size id="33098">12.8026</stack-size>
<stack-size id="33345">12.7986</stack-size>
<stack-size id="33592">12.7925</stack-size>
<stack-size id="33839">12.7703</stack-size>
<stack-size id="34086">12.7662</stack-size>
<stack-size id="34333">12.7763</stack-size>
<stack-size id="34580">12.7905</stack-size>
<stack-size id="34827">12.7864</stack-size>
<stack-size id="35074">12.7763</stack-size>
<stack-size id="35321">12.7642</stack-size>
<stack-size id="35568">12.7804</stack-size>
<stack-size id="35815">12.7642</stack-size>
<stack-size id="36062">12.7601</stack-size>
<stack-size id="36309">12.7844</stack-size>
<stack-size id="36556">12.6145</stack-size>
<stack-size id="36803">12.5559</stack-size>
<stack-size id="37050">12.5073</stack-size>
<stack-size id="37297">12.5235</stack-size>
<stack-size id="37544">12.5397</stack-size>
<stack-size id="37791">12.5114</stack-size>
<stack-size id="38038">12.3374</stack-size>
<stack-size id="38285">12.1898</stack-size>
<stack-size id="38532">12.2586</stack-size>
<stack-size id="38779">12.2141</stack-size>
<stack-size id="39026">12.2323</stack-size>
<stack-size id="39273">12.1999</stack-size>
<stack-size id="39520">12.2181</stack-size>
<stack-size id="39767">12.1817</stack-size>
<stack-size id="40014">12.1817</stack-size>
<stack-size id="40261">12.1837</stack-size>
<stack-size id="40508">11.9855</stack-size>
<stack-size id="40755">11.9795</stack-size>
<stack-size id="41002">11.8945</stack-size>
<stack-size id="41249">11.8965</stack-size>
<stack-size id="41496">11.8783</stack-size>
<stack-size id="41743">11.8824</stack-size>
<stack-size id="41990">11.7287</stack-size>
<stack-size id="42237">11.5891</stack-size>
<stack-size id="42484">11.4071</stack-size>
<stack-size id="42731">11.3039</stack-size>
<stack-size id="42978">11.2776</stack-size>
<stack-size id="43225">11.217</stack-size>
<stack-size id="43472">11.1967</stack-size>
<stack-size id="43719">11.1421</stack-size>
<stack-size id="43966">10.9399</stack-size>
<stack-size id="44213">10.9257</stack-size>
<stack-size id="44460">10.9237</stack-size>
<stack-size id="44707">10.8792</stack-size>
<stack-size id="44954">10.8307</stack-size>
<stack-size id="45201">10.6992</stack-size>
<stack-size id="45448">10.7133</stack-size>
<stack-size id="45695">10.6668</stack-size>
<stack-size id="45942">10.0014</stack-size>
<stack-size id="46189">9.72433</stack-size>
<stack-size id="46436">9.56455</stack-size>
<stack-size id="46683">9.3623</stack-size>
<stack-size id="46930">9.00835</stack-size>
<stack-size id="47177">8.48452</stack-size>
<stack-size id="47424">7.78472</stack-size>
<stack-size id="47671">7.26291</stack-size>
<stack-size id="47918">5.66713</stack-size>
<stack-size id="48165">4.94711</stack-size>
<stack-size id="48412">4.95116</stack-size>
<stack-size id="48659">4.94711</stack-size>
<stack-size id="48906">4.36462</stack-size>
<stack-size id="49153">2.08523</stack-size>
<stack-size id="49400">1.07194</stack-size>
<max-stack>6554</max-stack>
<front-edges>49442</front-edges>
<back-edges>18256</back-edges>
<cross-edges>79242</cross-edges>
<shortest-cycle>1</shortest-cycle>
</dfs-info>
<rw-info>
<coverage step="4940">3.39785</coverage>
<coverage step="9880">5.60039</coverage>
<coverage step="14820">7.36404</coverage>
<coverage step="19760">8.58564</coverage>
<coverage step="24700">9.53421</coverage>
<coverage step="29640">10.5758</coverage>
<coverage step="34580">11.5972</coverage>
<coverage step="39520">12.2161</coverage>
<coverage step="44460">12.9927</coverage>
<coverage step="49400">13.6764</coverage>
<coverage step="54340">14.3802</coverage>
<coverage step="59280">14.9182</coverage>
<coverage step="64220">15.5209</coverage>
<coverage step="69160">16.1155</coverage>
<coverage step="74100">16.5504</coverage>
<coverage step="79040">16.9468</coverage>
<coverage step="83980">17.4079</coverage>
<coverage step="88920">17.7619</coverage>
<coverage step="93860">18.1644</coverage>
<coverage step="98800">18.5466</coverage>
<coverage step="103740">19.0583</coverage>
<coverage step="108680">19.4264</coverage>
<coverage step="113620">19.7116</coverage>
<coverage step="118560">19.9502</coverage>
<coverage step="123500">20.4053</coverage>
<coverage step="128440">20.6278</coverage>
<coverage step="133380">20.9554</coverage>
<coverage step="138320">21.3438</coverage>
<coverage step="143260">21.633</coverage>
<coverage step="148200">22.0294</coverage>
<coverage step="153140">22.3207</coverage>
<coverage step="158080">22.5148</coverage>
<coverage step="163020">22.8506</coverage>
<coverage step="167960">23.067</coverage>
<coverage step="172900">23.3744</coverage>
<coverage step="177840">23.6555</coverage>
<coverage step="182780">23.8335</coverage>
<coverage step="187720">24.0863</coverage>
<coverage step="192660">24.2785</coverage>
<coverage step="197600">24.4645</coverage>
<coverage step="202540">24.6506</coverage>
<coverage step="207480">24.863</coverage>
<coverage step="212420">25.049</coverage>
<coverage step="217360">25.2574</coverage>
<coverage step="222300">25.4536</coverage>
<coverage step="227240">25.6194</coverage>
<coverage step="232180">25.7812</coverage>
<coverage step="237120">25.8884</coverage>
<coverage step="242060">26.0542</coverage>
<coverage step="247000">26.212</coverage>
<coverage step="251940">26.3536</coverage>
<coverage step="256880">26.4749</coverage>
<coverage step="261820">26.6206</coverage>
<coverage step="266760">26.8046</coverage>
<coverage step="271700">26.934</coverage>
<coverage step="276640">27.0594</coverage>
<coverage step="281580">27.2577</coverage>
<coverage step="286520">27.3487</coverage>
<coverage step="291460">27.4983</coverage>
<coverage step="296400">27.6824</coverage>
<coverage step="301340">27.7876</coverage>
<coverage step="306280">27.9109</coverage>
<coverage step="311220">28.006</coverage>
<coverage step="316160">28.101</coverage>
<coverage step="321100">28.3579</coverage>
<coverage step="326040">28.5096</coverage>
<coverage step="330980">28.6107</coverage>
<coverage step="335920">28.726</coverage>
<coverage step="340860">28.8676</coverage>
<coverage step="345800">29.0355</coverage>
<coverage step="350740">29.1528</coverage>
<coverage step="355680">29.2943</coverage>
<coverage step="360620">29.4218</coverage>
<coverage step="365560">29.5128</coverage>
<coverage step="370500">29.6119</coverage>
<coverage step="375440">29.7575</coverage>
<coverage step="380380">29.8222</coverage>
<coverage step="385320">29.9355</coverage>
<coverage step="390260">30.0245</coverage>
<coverage step="395200">30.1357</coverage>
<coverage step="400140">30.247</coverage>
<coverage step="405080">30.3359</coverage>
<coverage step="410020">30.4411</coverage>
<coverage step="414960">30.5685</coverage>
<coverage step="419900">30.6272</coverage>
<coverage step="424840">30.7384</coverage>
<coverage step="429780">30.8133</coverage>
<coverage step="434720">30.9407</coverage>
<coverage step="439660">31.0216</coverage>
<coverage step="444600">31.1207</coverage>
<coverage step="449540">31.242</coverage>
<coverage step="454480">31.3452</coverage>
<coverage step="459420">31.4544</coverage>
<coverage step="464360">31.5596</coverage>
<coverage step="469300">31.6162</coverage>
<coverage step="474240">31.7012</coverage>
<coverage step="479180">31.778</coverage>
<coverage step="484120">31.869</coverage>
<coverage step="489060">31.9519</coverage>
<coverage step="494000">32.0693</coverage>
<rw-visits order="1">5090</rw-visits>
<rw-visits order="80">1187</rw-visits>
<rw-visits order="159">489</rw-visits>
<rw-visits order="238">276</rw-visits>
<rw-visits order="317">221</rw-visits>
<rw-visits order="396">165</rw-visits>
<rw-visits order="475">133</rw-visits>
<rw-visits order="554">113</rw-visits>
<rw-visits order="633">95</rw-visits>
<rw-visits order="712">82</rw-visits>
<rw-visits order="791">75</rw-visits>
<rw-visits order="870">68</rw-visits>
<rw-visits order="949">63</rw-visits>
<rw-visits order="1028">58</rw-visits>
<rw-visits order="1107">55</rw-visits>
<rw-visits order="1186">51</rw-visits>
<rw-visits order="1265">48</rw-visits>
<rw-visits order="1344">45</rw-visits>
<rw-visits order="1423">42</rw-visits>
<rw-visits order="1502">40</rw-visits>
<rw-visits order="1581">38</rw-visits>
<rw-visits order="1660">36</rw-visits>
<rw-visits order="1739">35</rw-visits>
<rw-visits order="1818">33</rw-visits>
<rw-visits order="1897">31</rw-visits>
<rw-visits order="1976">30</rw-visits>
<rw-visits order="2055">28</rw-visits>
<rw-visits order="2134">27</rw-visits>
<rw-visits order="2213">25</rw-visits>
<rw-visits order="2292">24</rw-visits>
<rw-visits order="2371">23</rw-visits>
<rw-visits order="2450">22</rw-visits>
<rw-visits order="2529">21</rw-visits>
<rw-visits order="2608">20</rw-visits>
<rw-visits order="2687">19</rw-visits>
<rw-visits order="2766">19</rw-visits>
<rw-visits order="2845">18</rw-visits>
<rw-visits order="2924">17</rw-visits>
<rw-visits order="3003">17</rw-visits>
<rw-visits order="3082">16</rw-visits>
<rw-visits order="3161">16</rw-visits>
<rw-visits order="3240">15</rw-visits>
<rw-visits order="3319">15</rw-visits>
<rw-visits order="3398">14</rw-visits>
<rw-visits order="3477">14</rw-visits>
<rw-visits order="3556">13</rw-visits>
<rw-visits order="3635">13</rw-visits>
<rw-visits order="3714">13</rw-visits>
<rw-visits order="3793">12</rw-visits>
<rw-visits order="3872">12</rw-visits>
<rw-visits order="3951">12</rw-visits>
<rw-visits order="4030">11</rw-visits>
<rw-visits order="4109">11</rw-visits>
<rw-visits order="4188">11</rw-visits>
<rw-visits order="4267">10</rw-visits>
<rw-visits order="4346">10</rw-visits>
<rw-visits order="4425">10</rw-visits>
<rw-visits order="4504">10</rw-visits>
<rw-visits order="4583">9</rw-visits>
<rw-visits order="4662">9</rw-visits>
<rw-visits order="4741">9</rw-visits>
<rw-visits order="4820">9</rw-visits>
<rw-visits order="4899">8</rw-visits>
<rw-visits order="4978">8</rw-visits>
<rw-visits order="5057">8</rw-visits>
<rw-visits order="5136">8</rw-visits>
<rw-visits order="5215">8</rw-visits>
<rw-visits order="5294">7</rw-visits>
<rw-visits order="5373">7</rw-visits>
<rw-visits order="5452">7</rw-visits>
<rw-visits order="5531">7</rw-visits>
<rw-visits order="5610">7</rw-visits>
<rw-visits order="5689">7</rw-visits>
<rw-visits order="5768">6</rw-visits>
<rw-visits order="5847">6</rw-visits>
<rw-visits order="5926">6</rw-visits>
<rw-visits order="6005">6</rw-visits>
<rw-visits order="6084">6</rw-visits>
<rw-visits order="6163">6</rw-visits>
<rw-visits order="6242">6</rw-visits>
<rw-visits order="6321">5</rw-visits>
<rw-visits order="6400">5</rw-visits>
<rw-visits order="6479">5</rw-visits>
<rw-visits order="6558">5</rw-visits>
<rw-visits order="6637">5</rw-visits>
<rw-visits order="6716">5</rw-visits>
<rw-visits order="6795">5</rw-visits>
<rw-visits order="6874">5</rw-visits>
<rw-visits order="6953">5</rw-visits>
<rw-visits order="7032">4</rw-visits>
<rw-visits order="7111">4</rw-visits>
<rw-visits order="7190">4</rw-visits>
<rw-visits order="7269">4</rw-visits>
<rw-visits order="7348">4</rw-visits>
<rw-visits order="7427">4</rw-visits>
<rw-visits order="7506">4</rw-visits>
<rw-visits order="7585">4</rw-visits>
<rw-visits order="7664">4</rw-visits>
<rw-visits order="7743">4</rw-visits>
<rw-visits order="7822">4</rw-visits>
<rw-visits order="7901">4</rw-visits>
<rw-visits order="7980">4</rw-visits>
<rw-visits order="8059">3</rw-visits>
<rw-visits order="8138">3</rw-visits>
<rw-visits order="8217">3</rw-visits>
<rw-visits order="8296">3</rw-visits>
<rw-visits order="8375">3</rw-visits>
<rw-visits order="8454">3</rw-visits>
<rw-visits order="8533">3</rw-visits>
<rw-visits order="8612">3</rw-visits>
<rw-visits order="8691">3</rw-visits>
<rw-visits order="8770">3</rw-visits>
<rw-visits order="8849">3</rw-visits>
<rw-visits order="8928">3</rw-visits>
<rw-visits order="9007">3</rw-visits>
<rw-visits order="9086">3</rw-visits>
<rw-visits order="9165">3</rw-visits>
<rw-visits order="9244">3</rw-visits>
<rw-visits order="9323">3</rw-visits>
<rw-visits order="9402">3</rw-visits>
<rw-visits order="9481">2</rw-visits>
<rw-visits order="9560">2</rw-visits>
<rw-visits order="9639">2</rw-visits>
<rw-visits order="9718">2</rw-visits>
<rw-visits order="9797">2</rw-visits>
<rw-visits order="9876">2</rw-visits>
<rw-visits order="9955">2</rw-visits>
<rw-visits order="10034">2</rw-visits>
<rw-visits order="10113">2</rw-visits>
<rw-visits order="10192">2</rw-visits>
<rw-visits order="10271">2</rw-visits>
<rw-visits order="10350">2</rw-visits>
<rw-visits order="10429">2</rw-visits>
<rw-visits order="10508">2</rw-visits>
<rw-visits order="10587">2</rw-visits>
<rw-visits order="10666">2</rw-visits>
<rw-visits order="10745">2</rw-visits>
<rw-visits order="10824">2</rw-visits>
<rw-visits order="10903">2</rw-visits>
<rw-visits order="10982">2</rw-visits>
<rw-visits order="11061">2</rw-visits>
<rw-visits order="11140">2</rw-visits>
<rw-visits order="11219">2</rw-visits>
<rw-visits order="11298">2</rw-visits>
<rw-visits order="11377">2</rw-visits>
<rw-visits order="11456">2</rw-visits>
<rw-visits order="11535">2</rw-visits>
<rw-visits order="11614">1</rw-visits>
<rw-visits order="11693">1</rw-visits>
<rw-visits order="11772">1</rw-visits>
<rw-visits order="11851">1</rw-visits>
<rw-visits order="11930">1</rw-visits>
<rw-visits order="12009">1</rw-visits>
<rw-visits order="12088">1</rw-visits>
<rw-visits order="12167">1</rw-visits>
<rw-visits order="12246">1</rw-visits>
<rw-visits order="12325">1</rw-visits>
<rw-visits order="12404">1</rw-visits>
<rw-visits order="12483">1</rw-visits>
<rw-visits order="12562">1</rw-visits>
<rw-visits order="12641">1</rw-visits>
<rw-visits order="12720">1</rw-visits>
<rw-visits order="12799">1</rw-visits>
<rw-visits order="12878">1</rw-visits>
<rw-visits order="12957">1</rw-visits>
<rw-visits order="13036">1</rw-visits>
<rw-visits order="13115">1</rw-visits>
<rw-visits order="13194">1</rw-visits>
<rw-visits order="13273">1</rw-visits>
<rw-visits order="13352">1</rw-visits>
<rw-visits order="13431">1</rw-visits>
<rw-visits order="13510">1</rw-visits>
<rw-visits order="13589">1</rw-visits>
<rw-visits order="13668">1</rw-visits>
<rw-visits order="13747">1</rw-visits>
<rw-visits order="13826">1</rw-visits>
<rw-visits order="13905">1</rw-visits>
<rw-visits order="13984">1</rw-visits>
<rw-visits order="14063">1</rw-visits>
<rw-visits order="14142">1</rw-visits>
<rw-visits order="14221">1</rw-visits>
<rw-visits order="14300">1</rw-visits>
<rw-visits order="14379">1</rw-visits>
<rw-visits order="14458">1</rw-visits>
<rw-visits order="14537">1</rw-visits>
<rw-visits order="14616">1</rw-visits>
<rw-visits order="14695">1</rw-visits>
<rw-visits order="14774">1</rw-visits>
<rw-visits order="14853">1</rw-visits>
<rw-visits order="14932">1</rw-visits>
<rw-visits order="15011">1</rw-visits>
<rw-visits order="15090">1</rw-visits>
<rw-visits order="15169">1</rw-visits>
<rw-visits order="15248">1</rw-visits>
<rw-visits order="15327">1</rw-visits>
<rw-visits order="15406">1</rw-visits>
<rw-visits order="15485">1</rw-visits>
<rw-visits order="15564">1</rw-visits>
<rw-visits order="15643">1</rw-visits>
<rw-visits order="15722">1</rw-visits>
<rw-visits order="15801">1</rw-visits>
<final-coverage>32.0814</final-coverage>
</rw-info>
<local-info>
<diamonds>93.5441</diamonds>
<neighborhood k="4">42</neighborhood>
<clustering k="4">1.58697</clustering>
</local-info>
<label-info>
<edge-label id="0.0">20463</edge-label>
<edge-label id="1.0">6355</edge-label>
<edge-label id="1.1">855</edge-label>
<edge-label id="1.10">4032</edge-label>
<edge-label id="1.11">5681</edge-label>
<edge-label id="1.12">2153</edge-label>
<edge-label id="1.13">2701</edge-label>
<edge-label id="1.2">4420</edge-label>
<edge-label id="1.3">1955</edge-label>
<edge-label id="1.4">3837</edge-label>
<edge-label id="1.5">4206</edge-label>
<edge-label id="1.6">1472</edge-label>
<edge-label id="1.7">3630</edge-label>
<edge-label id="1.8">640</edge-label>
<edge-label id="1.9">222</edge-label>
<edge-label id="2.0">6355</edge-label>
<edge-label id="2.1">855</edge-label>
<edge-label id="2.10">4032</edge-label>
<edge-label id="2.11">5681</edge-label>
<edge-label id="2.12">2153</edge-label>
<edge-label id="2.13">2701</edge-label>
<edge-label id="2.2">4420</edge-label>
<edge-label id="2.3">1955</edge-label>
<edge-label id="2.4">3837</edge-label>
<edge-label id="2.5">4206</edge-label>
<edge-label id="2.6">1472</edge-label>
<edge-label id="2.7">3630</edge-label>
<edge-label id="2.8">640</edge-label>
<edge-label id="2.9">222</edge-label>
<edge-label id="3.0">6355</edge-label>
<edge-label id="3.1">855</edge-label>
<edge-label id="3.10">4032</edge-label>
<edge-label id="3.11">5681</edge-label>
<edge-label id="3.12">2153</edge-label>
<edge-label id="3.13">2701</edge-label>
<edge-label id="3.2">4420</edge-label>
<edge-label id="3.3">1955</edge-label>
<edge-label id="3.4">3837</edge-label>
<edge-label id="3.5">4206</edge-label>
<edge-label id="3.6">1472</edge-label>
<edge-label id="3.7">3630</edge-label>
<edge-label id="3.8">640</edge-label>
<edge-label id="3.9">222</edge-label>
<state-labels procid="0">
<label id="[0,0,0,{0|0|0}]">144</label>
<label id="[0,0,0,{0|0|1}]">96</label>
<label id="[0,0,0,{0|0|255}]">72</label>
<label id="[0,0,0,{0|0|2}]">96</label>
<label id="[0,0,0,{0|0|3}]">24</label>
<label id="[0,0,0,{0|1|0}]">96</label>
<label id="[0,0,0,{0|1|1}]">64</label>
<label id="[0,0,0,{0|1|255}]">48</label>
<label id="[0,0,0,{0|1|2}]">64</label>
<label id="[0,0,0,{0|1|3}]">16</label>
<label id="[0,0,0,{0|255|0}]">72</label>
<label id="[0,0,0,{0|255|1}]">48</label>
<label id="[0,0,0,{0|255|255}]">36</label>
<label id="[0,0,0,{0|255|2}]">48</label>
<label id="[0,0,0,{0|255|3}]">12</label>
<label id="[0,0,0,{0|2|0}]">96</label>
<label id="[0,0,0,{0|2|1}]">64</label>
<label id="[0,0,0,{0|2|255}]">48</label>
<label id="[0,0,0,{0|2|2}]">64</label>
<label id="[0,0,0,{0|2|3}]">16</label>
<label id="[0,0,0,{0|3|0}]">24</label>
<label id="[0,0,0,{0|3|1}]">16</label>
<label id="[0,0,0,{0|3|255}]">12</label>
<label id="[0,0,0,{0|3|2}]">16</label>
<label id="[0,0,0,{0|3|3}]">4</label>
<label id="[0,0,0,{1|0|0}]">176</label>
<label id="[0,0,0,{1|0|1}]">168</label>
<label id="[0,0,0,{1|0|255}]">84</label>
<label id="[0,0,0,{1|0|2}]">112</label>
<label id="[0,0,0,{1|0|3}]">28</label>
<label id="[0,0,0,{1|1|0}]">168</label>
<label id="[0,0,0,{1|1|1}]">144</label>
<label id="[0,0,0,{1|1|255}]">72</label>
<label id="[0,0,0,{1|1|2}]">96</label>
<label id="[0,0,0,{1|1|3}]">24</label>
<label id="[0,0,0,{1|255|0}]">84</label>
<label id="[0,0,0,{1|255|1}]">72</label>
<label id="[0,0,0,{1|255|255}]">36</label>
<label id="[0,0,0,{1|255|2}]">48</label>
<label id="[0,0,0,{1|255|3}]">12</label>
<label id="[0,0,0,{1|2|0}]">112</label>
<label id="[0,0,0,{1|2|1}]">96</label>
<label id="[0,0,0,{1|2|255}]">48</label>
<label id="[0,0,0,{1|2|2}]">64</label>
<label id="[0,0,0,{1|2|3}]">16</label>
<label id="[0,0,0,{1|3|0}]">28</label>
<label id="[0,0,0,{1|3|1}]">24</label>
<label id="[0,0,0,{1|3|255}]">12</label>
<label id="[0,0,0,{1|3|2}]">16</label>
<label id="[0,0,0,{1|3|3}]">4</label>
<label id="[0,0,0,{255|0|0}]">11</label>
<label id="[0,0,0,{255|0|1}]">10</label>
<label id="[0,0,0,{255|0|255}]">9</label>
<label id="[0,0,0,{255|0|2}]">10</label>
<label id="[0,0,0,{255|0|3}]">1</label>
<label id="[0,0,0,{255|1|0}]">10</label>
<label id="[0,0,0,{255|1|1}]">11</label>
<label id="[0,0,0,{255|1|255}]">9</label>
<label id="[0,0,0,{255|1|2}]">10</label>
<label id="[0,0,0,{255|1|3}]">1</label>
<label id="[0,0,0,{255|255|0}]">9</label>
<label id="[0,0,0,{255|255|1}]">9</label>
<label id="[0,0,0,{255|255|255}]">5</label>
<label id="[0,0,0,{255|255|2}]">8</label>
<label id="[0,0,0,{255|255|3}]">1</label>
<label id="[0,0,0,{255|2|0}]">10</label>
<label id="[0,0,0,{255|2|1}]">10</label>
<label id="[0,0,0,{255|2|255}]">8</label>
<label id="[0,0,0,{255|2|2}]">11</label>
<label id="[0,0,0,{255|2|3}]">1</label>
<label id="[0,0,0,{255|3|0}]">1</label>
<label id="[0,0,0,{255|3|1}]">1</label>
<label id="[0,0,0,{255|3|255}]">1</label>
<label id="[0,0,0,{255|3|2}]">1</label>
<label id="[0,0,0,{2|0|0}]">176</label>
<label id="[0,0,0,{2|0|1}]">184</label>
<label id="[0,0,0,{2|0|255}]">84</label>
<label id="[0,0,0,{2|0|2}]">168</label>
<label id="[0,0,0,{2|0|3}]">28</label>
<label id="[0,0,0,{2|1|0}]">184</label>
<label id="[0,0,0,{2|1|1}]">176</label>
<label id="[0,0,0,{2|1|255}]">84</label>
<label id="[0,0,0,{2|1|2}]">168</label>
<label id="[0,0,0,{2|1|3}]">28</label>
<label id="[0,0,0,{2|255|0}]">84</label>
<label id="[0,0,0,{2|255|1}]">84</label>
<label id="[0,0,0,{2|255|255}]">36</label>
<label id="[0,0,0,{2|255|2}]">72</label>
<label id="[0,0,0,{2|255|3}]">12</label>
<label id="[0,0,0,{2|2|0}]">168</label>
<label id="[0,0,0,{2|2|1}]">168</label>
<label id="[0,0,0,{2|2|255}]">72</label>
<label id="[0,0,0,{2|2|2}]">144</label>
<label id="[0,0,0,{2|2|3}]">24</label>
<label id="[0,0,0,{2|3|0}]">28</label>
<label id="[0,0,0,{2|3|1}]">28</label>
<label id="[0,0,0,{2|3|255}]">12</label>
<label id="[0,0,0,{2|3|2}]">24</label>
<label id="[0,0,0,{2|3|3}]">4</label>
<label id="[0,0,1,{0|0|255}]">24</label>
<label id="[0,0,1,{0|1|255}]">16</label>
<label id="[0,0,1,{0|255|0}]">24</label>
<label id="[0,0,1,{0|255|1}]">16</label>
<label id="[0,0,1,{0|255|255}]">20</label>
<label id="[0,0,1,{0|255|2}]">12</label>
<label id="[0,0,1,{0|255|3}]">4</label>
<label id="[0,0,1,{0|2|255}]">12</label>
<label id="[0,0,1,{0|3|255}]">4</label>
<label id="[0,0,1,{1|0|255}]">24</label>
<label id="[0,0,1,{1|1|255}]">24</label>
<label id="[0,0,1,{1|255|0}]">24</label>
<label id="[0,0,1,{1|255|1}]">24</label>
<label id="[0,0,1,{1|255|255}]">20</label>
<label id="[0,0,1,{1|255|2}]">16</label>
<label id="[0,0,1,{1|255|3}]">4</label>
<label id="[0,0,1,{1|2|255}]">16</label>
<label id="[0,0,1,{1|3|255}]">4</label>
<label id="[0,0,1,{255|0|0}]">44</label>
<label id="[0,0,1,{255|0|1}]">46</label>
<label id="[0,0,1,{255|0|255}]">21</label>
<label id="[0,0,1,{255|0|2}]">42</label>
<label id="[0,0,1,{255|0|3}]">7</label>
<label id="[0,0,1,{255|1|0}]">46</label>
<label id="[0,0,1,{255|1|1}]">44</label>
<label id="[0,0,1,{255|1|255}]">21</label>
<label id="[0,0,1,{255|1|2}]">42</label>
<label id="[0,0,1,{255|1|3}]">7</label>
<label id="[0,0,1,{255|255|0}]">21</label>
<label id="[0,0,1,{255|255|1}]">21</label>
<label id="[0,0,1,{255|255|255}]">9</label>
<label id="[0,0,1,{255|255|2}]">18</label>
<label id="[0,0,1,{255|255|3}]">3</label>
<label id="[0,0,1,{255|2|0}]">42</label>
<label id="[0,0,1,{255|2|1}]">42</label>
<label id="[0,0,1,{255|2|255}]">18</label>
<label id="[0,0,1,{255|2|2}]">36</label>
<label id="[0,0,1,{255|2|3}]">6</label>
<label id="[0,0,1,{255|3|0}]">7</label>
<label id="[0,0,1,{255|3|1}]">7</label>
<label id="[0,0,1,{255|3|255}]">3</label>
<label id="[0,0,1,{255|3|2}]">6</label>
<label id="[0,0,1,{255|3|3}]">1</label>
<label id="[0,0,1,{2|0|255}]">22</label>
<label id="[0,0,1,{2|1|255}]">24</label>
<label id="[0,0,1,{2|255|0}]">22</label>
<label id="[0,0,1,{2|255|1}]">24</label>
<label id="[0,0,1,{2|255|255}]">20</label>
<label id="[0,0,1,{2|255|2}]">24</label>
<label id="[0,0,1,{2|255|3}]">4</label>
<label id="[0,0,1,{2|2|255}]">24</label>
<label id="[0,0,1,{2|3|255}]">4</label>
<label id="[0,1,0,{0|0|0}]">50</label>
<label id="[0,1,0,{0|0|1}]">37</label>
<label id="[0,1,0,{0|0|255}]">30</label>
<label id="[0,1,0,{0|0|2}]">37</label>
<label id="[0,1,0,{0|0|3}]">5</label>
<label id="[0,1,0,{0|1|0}]">84</label>
<label id="[0,1,0,{0|1|1}]">70</label>
<label id="[0,1,0,{0|1|255}]">48</label>
<label id="[0,1,0,{0|1|2}]">58</label>
<label id="[0,1,0,{0|1|3}]">10</label>
<label id="[0,1,0,{0|255|0}]">16</label>
<label id="[0,1,0,{0|255|1}]">16</label>
<label id="[0,1,0,{0|255|255}]">12</label>
<label id="[0,1,0,{0|255|2}]">16</label>
<label id="[0,1,0,{0|2|0}]">84</label>
<label id="[0,1,0,{0|2|1}]">76</label>
<label id="[0,1,0,{0|2|255}]">48</label>
<label id="[0,1,0,{0|2|2}]">70</label>
<label id="[0,1,0,{0|2|3}]">10</label>
<label id="[0,1,0,{0|3|0}]">30</label>
<label id="[0,1,0,{0|3|1}]">26</label>
<label id="[0,1,0,{0|3|255}]">15</label>
<label id="[0,1,0,{0|3|2}]">26</label>
<label id="[0,1,0,{0|3|3}]">5</label>
<label id="[0,1,0,{1|0|0}]">32</label>
<label id="[0,1,0,{1|0|1}]">25</label>
<label id="[0,1,0,{1|0|255}]">21</label>
<label id="[0,1,0,{1|0|2}]">25</label>
<label id="[0,1,0,{1|0|3}]">2</label>
<label id="[0,1,0,{1|1|0}]">59</label>
<label id="[0,1,0,{1|1|1}]">50</label>
<label id="[0,1,0,{1|1|255}]">30</label>
<label id="[0,1,0,{1|1|2}]">37</label>
<label id="[0,1,0,{1|1|3}]">7</label>
<label id="[0,1,0,{1|255|0}]">16</label>
<label id="[0,1,0,{1|255|1}]">16</label>
<label id="[0,1,0,{1|255|255}]">12</label>
<label id="[0,1,0,{1|255|2}]">16</label>
<label id="[0,1,0,{1|2|0}]">94</label>
<label id="[0,1,0,{1|2|1}]">84</label>
<label id="[0,1,0,{1|2|255}]">48</label>
<label id="[0,1,0,{1|2|2}]">70</label>
<label id="[0,1,0,{1|2|3}]">10</label>
<label id="[0,1,0,{1|3|0}]">35</label>
<label id="[0,1,0,{1|3|1}]">30</label>
<label id="[0,1,0,{1|3|255}]">15</label>
<label id="[0,1,0,{1|3|2}]">26</label>
<label id="[0,1,0,{1|3|3}]">5</label>
<label id="[0,1,0,{255|0|0}]">68</label>
<label id="[0,1,0,{255|0|1}]">51</label>
<label id="[0,1,0,{255|0|255}]">42</label>
<label id="[0,1,0,{255|0|2}]">50</label>
<label id="[0,1,0,{255|0|3}]">5</label>
<label id="[0,1,0,{255|1|0}]">78</label>
<label id="[0,1,0,{255|1|1}]">68</label>
<label id="[0,1,0,{255|1|255}]">42</label>
<label id="[0,1,0,{255|1|2}]">51</label>
<label id="[0,1,0,{255|1|3}]">7</label>
<label id="[0,1,0,{255|255|0}]">22</label>
<label id="[0,1,0,{255|255|1}]">22</label>
<label id="[0,1,0,{255|255|255}]">14</label>
<label id="[0,1,0,{255|255|2}]">20</label>
<label id="[0,1,0,{255|255|3}]">1</label>
<label id="[0,1,0,{255|2|0}]">79</label>
<label id="[0,1,0,{255|2|1}]">78</label>
<label id="[0,1,0,{255|2|255}]">42</label>
<label id="[0,1,0,{255|2|2}]">68</label>
<label id="[0,1,0,{255|2|3}]">7</label>
<label id="[0,1,0,{255|3|0}]">16</label>
<label id="[0,1,0,{255|3|1}]">16</label>
<label id="[0,1,0,{255|3|255}]">7</label>
<label id="[0,1,0,{255|3|2}]">15</label>
<label id="[0,1,0,{255|3|3}]">2</label>
<label id="[0,1,0,{2|0|0}]">28</label>
<label id="[0,1,0,{2|0|1}]">21</label>
<label id="[0,1,0,{2|0|255}]">18</label>
<label id="[0,1,0,{2|0|2}]">21</label>
<label id="[0,1,0,{2|0|3}]">2</label>
<label id="[0,1,0,{2|1|0}]">38</label>
<label id="[0,1,0,{2|1|1}]">32</label>
<label id="[0,1,0,{2|1|255}]">21</label>
<label id="[0,1,0,{2|1|2}]">25</label>
<label id="[0,1,0,{2|1|3}]">4</label>
<label id="[0,1,0,{2|255|0}]">8</label>
<label id="[0,1,0,{2|255|1}]">8</label>
<label id="[0,1,0,{2|255|255}]">6</label>
<label id="[0,1,0,{2|255|2}]">8</label>
<label id="[0,1,0,{2|2|0}]">61</label>
<label id="[0,1,0,{2|2|1}]">59</label>
<label id="[0,1,0,{2|2|255}]">30</label>
<label id="[0,1,0,{2|2|2}]">50</label>
<label id="[0,1,0,{2|2|3}]">7</label>
<label id="[0,1,0,{2|3|0}]">35</label>
<label id="[0,1,0,{2|3|1}]">35</label>
<label id="[0,1,0,{2|3|255}]">15</label>
<label id="[0,1,0,{2|3|2}]">30</label>
<label id="[0,1,0,{2|3|3}]">5</label>
<label id="[0,1,1,{0|0|255}]">7</label>
<label id="[0,1,1,{0|1|255}]">11</label>
<label id="[0,1,1,{0|255|255}]">2</label>
<label id="[0,1,1,{0|2|255}]">12</label>
<label id="[0,1,1,{0|3|255}]">5</label>
<label id="[0,1,1,{1|0|255}]">3</label>
<label id="[0,1,1,{1|1|255}]">7</label>
<label id="[0,1,1,{1|255|255}]">1</label>
<label id="[0,1,1,{1|2|255}]">11</label>
<label id="[0,1,1,{1|3|255}]">5</label>
<label id="[0,1,1,{255|0|0}]">22</label>
<label id="[0,1,1,{255|0|1}]">17</label>
<label id="[0,1,1,{255|0|255}]">24</label>
<label id="[0,1,1,{255|0|2}]">14</label>
<label id="[0,1,1,{255|0|3}]">1</label>
<label id="[0,1,1,{255|1|0}]">25</label>
<label id="[0,1,1,{255|1|1}]">22</label>
<label id="[0,1,1,{255|1|255}]">24</label>
<label id="[0,1,1,{255|1|2}]">17</label>
<label id="[0,1,1,{255|1|3}]">2</label>
<label id="[0,1,1,{255|255|0}]">15</label>
<label id="[0,1,1,{255|255|1}]">15</label>
<label id="[0,1,1,{255|255|255}]">11</label>
<label id="[0,1,1,{255|255|2}]">14</label>
<label id="[0,1,1,{255|255|3}]">1</label>
<label id="[0,1,1,{255|2|0}]">26</label>
<label id="[0,1,1,{255|2|1}]">25</label>
<label id="[0,1,1,{255|2|255}]">24</label>
<label id="[0,1,1,{255|2|2}]">22</label>
<label id="[0,1,1,{255|2|3}]">2</label>
<label id="[0,1,1,{255|3|0}]">7</label>
<label id="[0,1,1,{255|3|1}]">7</label>
<label id="[0,1,1,{255|3|255}]">5</label>
<label id="[0,1,1,{255|3|2}]">6</label>
<label id="[0,1,1,{255|3|3}]">1</label>
<label id="[0,1,1,{2|0|255}]">1</label>
<label id="[0,1,1,{2|1|255}]">3</label>
<label id="[0,1,1,{2|2|255}]">7</label>
<label id="[0,1,1,{2|3|255}]">5</label>
<label id="[0,2,0,{0|0|0}]">50</label>
<label id="[0,2,0,{0|0|1}]">84</label>
<label id="[0,2,0,{0|0|255}]">16</label>
<label id="[0,2,0,{0|0|2}]">84</label>
<label id="[0,2,0,{0|0|3}]">30</label>
<label id="[0,2,0,{0|1|0}]">37</label>
<label id="[0,2,0,{0|1|1}]">70</label>
<label id="[0,2,0,{0|1|255}]">16</label>
<label id="[0,2,0,{0|1|2}]">76</label>
<label id="[0,2,0,{0|1|3}]">26</label>
<label id="[0,2,0,{0|255|0}]">30</label>
<label id="[0,2,0,{0|255|1}]">48</label>
<label id="[0,2,0,{0|255|255}]">12</label>
<label id="[0,2,0,{0|255|2}]">48</label>
<label id="[0,2,0,{0|255|3}]">15</label>
<label id="[0,2,0,{0|2|0}]">37</label>
<label id="[0,2,0,{0|2|1}]">58</label>
<label id="[0,2,0,{0|2|255}]">16</label>
<label id="[0,2,0,{0|2|2}]">70</label>
<label id="[0,2,0,{0|2|3}]">26</label>
<label id="[0,2,0,{0|3|0}]">5</label>
<label id="[0,2,0,{0|3|1}]">10</label>
<label id="[0,2,0,{0|3|2}]">10</label>
<label id="[0,2,0,{0|3|3}]">5</label>
<label id="[0,2,0,{1|0|0}]">32</label>
<label id="[0,2,0,{1|0|1}]">59</label>
<label id="[0,2,0,{1|0|255}]">16</label>
<label id="[0,2,0,{1|0|2}]">94</label>
<label id="[0,2,0,{1|0|3}]">35</label>
<label id="[0,2,0,{1|1|0}]">25</label>
<label id="[0,2,0,{1|1|1}]">50</label>
<label id="[0,2,0,{1|1|255}]">16</label>
<label id="[0,2,0,{1|1|2}]">84</label>
<label id="[0,2,0,{1|1|3}]">30</label>
<label id="[0,2,0,{1|255|0}]">21</label>
<label id="[0,2,0,{1|255|1}]">30</label>
<label id="[0,2,0,{1|255|255}]">12</label>
<label id="[0,2,0,{1|255|2}]">48</label>
<label id="[0,2,0,{1|255|3}]">15</label>
<label id="[0,2,0,{1|2|0}]">25</label>
<label id="[0,2,0,{1|2|1}]">37</label>
<label id="[0,2,0,{1|2|255}]">16</label>
<label id="[0,2,0,{1|2|2}]">70</label>
<label id="[0,2,0,{1|2|3}]">26</label>
<label id="[0,2,0,{1|3|0}]">2</label>
<label id="[0,2,0,{1|3|1}]">7</label>
<label id="[0,2,0,{1|3|2}]">10</label>
<label id="[0,2,0,{1|3|3}]">5</label>
<label id="[0,2,0,{255|0|0}]">68</label>
<label id="[0,2,0,{255|0|1}]">78</label>
<label id="[0,2,0,{255|0|255}]">22</label>
<label id="[0,2,0,{255|0|2}]">79</label>
<label id="[0,2,0,{255|0|3}]">16</label>
<label id="[0,2,0,{255|1|0}]">51</label>
<label id="[0,2,0,{255|1|1}]">68</label>
<label id="[0,2,0,{255|1|255}]">22</label>
<label id="[0,2,0,{255|1|2}]">78</label>
<label id="[0,2,0,{255|1|3}]">16</label>
<label id="[0,2,0,{255|255|0}]">42</label>
<label id="[0,2,0,{255|255|1}]">42</label>
<label id="[0,2,0,{255|255|255}]">14</label>
<label id="[0,2,0,{255|255|2}]">42</label>
<label id="[0,2,0,{255|255|3}]">7</label>
<label id="[0,2,0,{255|2|0}]">50</label>
<label id="[0,2,0,{255|2|1}]">51</label>
<label id="[0,2,0,{255|2|255}]">20</label>
<label id="[0,2,0,{255|2|2}]">68</label>
<label id="[0,2,0,{255|2|3}]">15</label>
<label id="[0,2,0,{255|3|0}]">5</label>
<label id="[0,2,0,{255|3|1}]">7</label>
<label id="[0,2,0,{255|3|255}]">1</label>
<label id="[0,2,0,{255|3|2}]">7</label>
<label id="[0,2,0,{255|3|3}]">2</label>
<label id="[0,2,0,{2|0|0}]">28</label>
<label id="[0,2,0,{2|0|1}]">38</label>
<label id="[0,2,0,{2|0|255}]">8</label>
<label id="[0,2,0,{2|0|2}]">61</label>
<label id="[0,2,0,{2|0|3}]">35</label>
<label id="[0,2,0,{2|1|0}]">21</label>
<label id="[0,2,0,{2|1|1}]">32</label>
<label id="[0,2,0,{2|1|255}]">8</label>
<label id="[0,2,0,{2|1|2}]">59</label>
<label id="[0,2,0,{2|1|3}]">35</label>
<label id="[0,2,0,{2|255|0}]">18</label>
<label id="[0,2,0,{2|255|1}]">21</label>
<label id="[0,2,0,{2|255|255}]">6</label>
<label id="[0,2,0,{2|255|2}]">30</label>
<label id="[0,2,0,{2|255|3}]">15</label>
<label id="[0,2,0,{2|2|0}]">21</label>
<label id="[0,2,0,{2|2|1}]">25</label>
<label id="[0,2,0,{2|2|255}]">8</label>
<label id="[0,2,0,{2|2|2}]">50</label>
<label id="[0,2,0,{2|2|3}]">30</label>
<label id="[0,2,0,{2|3|0}]">2</label>
<label id="[0,2,0,{2|3|1}]">4</label>
<label id="[0,2,0,{2|3|2}]">7</label>
<label id="[0,2,0,{2|3|3}]">5</label>
<label id="[0,2,1,{0|255|0}]">7</label>
<label id="[0,2,1,{0|255|1}]">11</label>
<label id="[0,2,1,{0|255|255}]">2</label>
<label id="[0,2,1,{0|255|2}]">12</label>
<label id="[0,2,1,{0|255|3}]">5</label>
<label id="[0,2,1,{1|255|0}]">3</label>
<label id="[0,2,1,{1|255|1}]">7</label>
<label id="[0,2,1,{1|255|255}]">1</label>
<label id="[0,2,1,{1|255|2}]">11</label>
<label id="[0,2,1,{1|255|3}]">5</label>
<label id="[0,2,1,{255|0|0}]">22</label>
<label id="[0,2,1,{255|0|1}]">25</label>
<label id="[0,2,1,{255|0|255}]">15</label>
<label id="[0,2,1,{255|0|2}]">26</label>
<label id="[0,2,1,{255|0|3}]">7</label>
<label id="[0,2,1,{255|1|0}]">17</label>
<label id="[0,2,1,{255|1|1}]">22</label>
<label id="[0,2,1,{255|1|255}]">15</label>
<label id="[0,2,1,{255|1|2}]">25</label>
<label id="[0,2,1,{255|1|3}]">7</label>
<label id="[0,2,1,{255|255|0}]">24</label>
<label id="[0,2,1,{255|255|1}]">24</label>
<label id="[0,2,1,{255|255|255}]">11</label>
<label id="[0,2,1,{255|255|2}]">24</label>
<label id="[0,2,1,{255|255|3}]">5</label>
<label id="[0,2,1,{255|2|0}]">14</label>
<label id="[0,2,1,{255|2|1}]">17</label>
<label id="[0,2,1,{255|2|255}]">14</label>
<label id="[0,2,1,{255|2|2}]">22</label>
<label id="[0,2,1,{255|2|3}]">6</label>
<label id="[0,2,1,{255|3|0}]">1</label>
<label id="[0,2,1,{255|3|1}]">2</label>
<label id="[0,2,1,{255|3|255}]">1</label>
<label id="[0,2,1,{255|3|2}]">2</label>
<label id="[0,2,1,{255|3|3}]">1</label>
<label id="[0,2,1,{2|255|0}]">1</label>
<label id="[0,2,1,{2|255|1}]">3</label>
<label id="[0,2,1,{2|255|2}]">7</label>
<label id="[0,2,1,{2|255|3}]">5</label>
<label id="[0,255,0,{0|0|0}]">36</label>
<label id="[0,255,0,{0|0|1}]">30</label>
<label id="[0,255,0,{0|0|255}]">27</label>
<label id="[0,255,0,{0|0|2}]">30</label>
<label id="[0,255,0,{0|0|3}]">6</label>
<label id="[0,255,0,{0|1|0}]">30</label>
<label id="[0,255,0,{0|1|1}]">25</label>
<label id="[0,255,0,{0|1|255}]">25</label>
<label id="[0,255,0,{0|1|2}]">25</label>
<label id="[0,255,0,{0|1|3}]">5</label>
<label id="[0,255,0,{0|255|0}]">27</label>
<label id="[0,255,0,{0|255|1}]">25</label>
<label id="[0,255,0,{0|255|255}]">19</label>
<label id="[0,255,0,{0|255|2}]">25</label>
<label id="[0,255,0,{0|255|3}]">3</label>
<label id="[0,255,0,{0|2|0}]">30</label>
<label id="[0,255,0,{0|2|1}]">25</label>
<label id="[0,255,0,{0|2|255}]">25</label>
<label id="[0,255,0,{0|2|2}]">25</label>
<label id="[0,255,0,{0|2|3}]">5</label>
<label id="[0,255,0,{0|3|0}]">6</label>
<label id="[0,255,0,{0|3|1}]">5</label>
<label id="[0,255,0,{0|3|255}]">3</label>
<label id="[0,255,0,{0|3|2}]">5</label>
<label id="[0,255,0,{0|3|3}]">1</label>
<label id="[0,255,0,{1|0|0}]">44</label>
<label id="[0,255,0,{1|0|1}]">42</label>
<label id="[0,255,0,{1|0|255}]">30</label>
<label id="[0,255,0,{1|0|2}]">35</label>
<label id="[0,255,0,{1|0|3}]">7</label>
<label id="[0,255,0,{1|1|0}]">42</label>
<label id="[0,255,0,{1|1|1}]">36</label>
<label id="[0,255,0,{1|1|255}]">27</label>
<label id="[0,255,0,{1|1|2}]">30</label>
<label id="[0,255,0,{1|1|3}]">6</label>
<label id="[0,255,0,{1|255|0}]">30</label>
<label id="[0,255,0,{1|255|1}]">27</label>
<label id="[0,255,0,{1|255|255}]">19</label>
<label id="[0,255,0,{1|255|2}]">25</label>
<label id="[0,255,0,{1|255|3}]">3</label>
<label id="[0,255,0,{1|2|0}]">35</label>
<label id="[0,255,0,{1|2|1}]">30</label>
<label id="[0,255,0,{1|2|255}]">25</label>
<label id="[0,255,0,{1|2|2}]">25</label>
<label id="[0,255,0,{1|2|3}]">5</label>
<label id="[0,255,0,{1|3|0}]">7</label>
<label id="[0,255,0,{1|3|1}]">6</label>
<label id="[0,255,0,{1|3|255}]">3</label>
<label id="[0,255,0,{1|3|2}]">5</label>
<label id="[0,255,0,{1|3|3}]">1</label>
<label id="[0,255,0,{255|0|0}]">88</label>
<label id="[0,255,0,{255|0|1}]">92</label>
<label id="[0,255,0,{255|0|255}]">47</label>
<label id="[0,255,0,{255|0|2}]">84</label>
<label id="[0,255,0,{255|0|3}]">14</label>
<label id="[0,255,0,{255|1|0}]">92</label>
<label id="[0,255,0,{255|1|1}]">88</label>
<label id="[0,255,0,{255|1|255}]">47</label>
<label id="[0,255,0,{255|1|2}]">84</label>
<label id="[0,255,0,{255|1|3}]">14</label>
<label id="[0,255,0,{255|255|0}]">47</label>
<label id="[0,255,0,{255|255|1}]">47</label>
<label id="[0,255,0,{255|255|255}]">23</label>
<label id="[0,255,0,{255|255|2}]">41</label>
<label id="[0,255,0,{255|255|3}]">6</label>
<label id="[0,255,0,{255|2|0}]">84</label>
<label id="[0,255,0,{255|2|1}]">84</label>
<label id="[0,255,0,{255|2|255}]">41</label>
<label id="[0,255,0,{255|2|2}]">72</label>
<label id="[0,255,0,{255|2|3}]">12</label>
<label id="[0,255,0,{255|3|0}]">14</label>
<label id="[0,255,0,{255|3|1}]">14</label>
<label id="[0,255,0,{255|3|255}]">6</label>
<label id="[0,255,0,{255|3|2}]">12</label>
<label id="[0,255,0,{255|3|3}]">2</label>
<label id="[0,255,0,{2|0|0}]">44</label>
<label id="[0,255,0,{2|0|1}]">46</label>
<label id="[0,255,0,{2|0|255}]">26</label>
<label id="[0,255,0,{2|0|2}]">42</label>
<label id="[0,255,0,{2|0|3}]">7</label>
<label id="[0,255,0,{2|1|0}]">46</label>
<label id="[0,255,0,{2|1|1}]">44</label>
<label id="[0,255,0,{2|1|255}]">26</label>
<label id="[0,255,0,{2|1|2}]">42</label>
<label id="[0,255,0,{2|1|3}]">7</label>
<label id="[0,255,0,{2|255|0}]">26</label>
<label id="[0,255,0,{2|255|1}]">26</label>
<label id="[0,255,0,{2|255|255}]">14</label>
<label id="[0,255,0,{2|255|2}]">23</label>
<label id="[0,255,0,{2|255|3}]">3</label>
<label id="[0,255,0,{2|2|0}]">42</label>
<label id="[0,255,0,{2|2|1}]">42</label>
<label id="[0,255,0,{2|2|255}]">23</label>
<label id="[0,255,0,{2|2|2}]">36</label>
<label id="[0,255,0,{2|2|3}]">6</label>
<label id="[0,255,0,{2|3|0}]">7</label>
<label id="[0,255,0,{2|3|1}]">7</label>
<label id="[0,255,0,{2|3|255}]">3</label>
<label id="[0,255,0,{2|3|2}]">6</label>
<label id="[0,255,0,{2|3|3}]">1</label>
<label id="[0,255,1,{0|0|255}]">6</label>
<label id="[0,255,1,{0|1|255}]">5</label>
<label id="[0,255,1,{0|255|0}]">6</label>
<label id="[0,255,1,{0|255|1}]">5</label>
<label id="[0,255,1,{0|255|255}]">5</label>
<label id="[0,255,1,{0|255|2}]">4</label>
<label id="[0,255,1,{0|255|3}]">1</label>
<label id="[0,255,1,{0|2|255}]">4</label>
<label id="[0,255,1,{0|3|255}]">1</label>
<label id="[0,255,1,{1|0|255}]">6</label>
<label id="[0,255,1,{1|1|255}]">6</label>
<label id="[0,255,1,{1|255|0}]">6</label>
<label id="[0,255,1,{1|255|1}]">6</label>
<label id="[0,255,1,{1|255|255}]">5</label>
<label id="[0,255,1,{1|255|2}]">5</label>
<label id="[0,255,1,{1|255|3}]">1</label>
<label id="[0,255,1,{1|2|255}]">5</label>
<label id="[0,255,1,{1|3|255}]">1</label>
<label id="[0,255,1,{255|0|255}]">17</label>
<label id="[0,255,1,{255|1|255}]">17</label>
<label id="[0,255,1,{255|255|0}]">17</label>
<label id="[0,255,1,{255|255|1}]">17</label>
<label id="[0,255,1,{255|255|255}]">15</label>
<label id="[0,255,1,{255|255|2}]">17</label>
<label id="[0,255,1,{255|255|3}]">2</label>
<label id="[0,255,1,{255|2|255}]">17</label>
<label id="[0,255,1,{255|3|255}]">2</label>
<label id="[0,255,1,{2|0|255}]">6</label>
<label id="[0,255,1,{2|1|255}]">6</label>
<label id="[0,255,1,{2|255|0}]">6</label>
<label id="[0,255,1,{2|255|1}]">6</label>
<label id="[0,255,1,{2|255|255}]">5</label>
<label id="[0,255,1,{2|255|2}]">6</label>
<label id="[0,255,1,{2|255|3}]">1</label>
<label id="[0,255,1,{2|2|255}]">6</label>
<label id="[0,255,1,{2|3|255}]">1</label>
<label id="[1,0,0,{0|0|0}]">50</label>
<label id="[1,0,0,{0|0|1}]">37</label>
<label id="[1,0,0,{0|0|255}]">30</label>
<label id="[1,0,0,{0|0|2}]">37</label>
<label id="[1,0,0,{0|0|3}]">5</label>
<label id="[1,0,0,{0|1|0}]">32</label>
<label id="[1,0,0,{0|1|1}]">25</label>
<label id="[1,0,0,{0|1|255}]">21</label>
<label id="[1,0,0,{0|1|2}]">25</label>
<label id="[1,0,0,{0|1|3}]">2</label>
<label id="[1,0,0,{0|255|0}]">68</label>
<label id="[1,0,0,{0|255|1}]">51</label>
<label id="[1,0,0,{0|255|255}]">42</label>
<label id="[1,0,0,{0|255|2}]">50</label>
<label id="[1,0,0,{0|255|3}]">5</label>
<label id="[1,0,0,{0|2|0}]">28</label>
<label id="[1,0,0,{0|2|1}]">21</label>
<label id="[1,0,0,{0|2|255}]">18</label>
<label id="[1,0,0,{0|2|2}]">21</label>
<label id="[1,0,0,{0|2|3}]">2</label>
<label id="[1,0,0,{1|0|0}]">84</label>
<label id="[1,0,0,{1|0|1}]">70</label>
<label id="[1,0,0,{1|0|255}]">48</label>
<label id="[1,0,0,{1|0|2}]">58</label>
<label id="[1,0,0,{1|0|3}]">10</label>
<label id="[1,0,0,{1|1|0}]">59</label>
<label id="[1,0,0,{1|1|1}]">50</label>
<label id="[1,0,0,{1|1|255}]">30</label>
<label id="[1,0,0,{1|1|2}]">37</label>
<label id="[1,0,0,{1|1|3}]">7</label>
<label id="[1,0,0,{1|255|0}]">78</label>
<label id="[1,0,0,{1|255|1}]">68</label>
<label id="[1,0,0,{1|255|255}]">42</label>
<label id="[1,0,0,{1|255|2}]">51</label>
<label id="[1,0,0,{1|255|3}]">7</label>
<label id="[1,0,0,{1|2|0}]">38</label>
<label id="[1,0,0,{1|2|1}]">32</label>
<label id="[1,0,0,{1|2|255}]">21</label>
<label id="[1,0,0,{1|2|2}]">25</label>
<label id="[1,0,0,{1|2|3}]">4</label>
<label id="[1,0,0,{255|0|0}]">16</label>
<label id="[1,0,0,{255|0|1}]">16</label>
<label id="[1,0,0,{255|0|255}]">12</label>
<label id="[1,0,0,{255|0|2}]">16</label>
<label id="[1,0,0,{255|1|0}]">16</label>
<label id="[1,0,0,{255|1|1}]">16</label>
<label id="[1,0,0,{255|1|255}]">12</label>
<label id="[1,0,0,{255|1|2}]">16</label>
<label id="[1,0,0,{255|255|0}]">22</label>
<label id="[1,0,0,{255|255|1}]">22</label>
<label id="[1,0,0,{255|255|255}]">14</label>
<label id="[1,0,0,{255|255|2}]">20</label>
<label id="[1,0,0,{255|255|3}]">1</label>
<label id="[1,0,0,{255|2|0}]">8</label>
<label id="[1,0,0,{255|2|1}]">8</label>
<label id="[1,0,0,{255|2|255}]">6</label>
<label id="[1,0,0,{255|2|2}]">8</label>
<label id="[1,0,0,{2|0|0}]">84</label>
<label id="[1,0,0,{2|0|1}]">76</label>
<label id="[1,0,0,{2|0|255}]">48</label>
<label id="[1,0,0,{2|0|2}]">70</label>
<label id="[1,0,0,{2|0|3}]">10</label>
<label id="[1,0,0,{2|1|0}]">94</label>
<label id="[1,0,0,{2|1|1}]">84</label>
<label id="[1,0,0,{2|1|255}]">48</label>
<label id="[1,0,0,{2|1|2}]">70</label>
<label id="[1,0,0,{2|1|3}]">10</label>
<label id="[1,0,0,{2|255|0}]">79</label>
<label id="[1,0,0,{2|255|1}]">78</label>
<label id="[1,0,0,{2|255|255}]">42</label>
<label id="[1,0,0,{2|255|2}]">68</label>
<label id="[1,0,0,{2|255|3}]">7</label>
<label id="[1,0,0,{2|2|0}]">61</label>
<label id="[1,0,0,{2|2|1}]">59</label>
<label id="[1,0,0,{2|2|255}]">30</label>
<label id="[1,0,0,{2|2|2}]">50</label>
<label id="[1,0,0,{2|2|3}]">7</label>
<label id="[1,0,0,{3|0|0}]">30</label>
<label id="[1,0,0,{3|0|1}]">26</label>
<label id="[1,0,0,{3|0|255}]">15</label>
<label id="[1,0,0,{3|0|2}]">26</label>
<label id="[1,0,0,{3|0|3}]">5</label>
<label id="[1,0,0,{3|1|0}]">35</label>
<label id="[1,0,0,{3|1|1}]">30</label>
<label id="[1,0,0,{3|1|255}]">15</label>
<label id="[1,0,0,{3|1|2}]">26</label>
<label id="[1,0,0,{3|1|3}]">5</label>
<label id="[1,0,0,{3|255|0}]">16</label>
<label id="[1,0,0,{3|255|1}]">16</label>
<label id="[1,0,0,{3|255|255}]">7</label>
<label id="[1,0,0,{3|255|2}]">15</label>
<label id="[1,0,0,{3|255|3}]">2</label>
<label id="[1,0,0,{3|2|0}]">35</label>
<label id="[1,0,0,{3|2|1}]">35</label>
<label id="[1,0,0,{3|2|255}]">15</label>
<label id="[1,0,0,{3|2|2}]">30</label>
<label id="[1,0,0,{3|2|3}]">5</label>
<label id="[1,0,1,{0|0|255}]">7</label>
<label id="[1,0,1,{0|1|255}]">3</label>
<label id="[1,0,1,{0|255|0}]">22</label>
<label id="[1,0,1,{0|255|1}]">17</label>
<label id="[1,0,1,{0|255|255}]">24</label>
<label id="[1,0,1,{0|255|2}]">14</label>
<label id="[1,0,1,{0|255|3}]">1</label>
<label id="[1,0,1,{0|2|255}]">1</label>
<label id="[1,0,1,{1|0|255}]">11</label>
<label id="[1,0,1,{1|1|255}]">7</label>
<label id="[1,0,1,{1|255|0}]">25</label>
<label id="[1,0,1,{1|255|1}]">22</label>
<label id="[1,0,1,{1|255|255}]">24</label>
<label id="[1,0,1,{1|255|2}]">17</label>
<label id="[1,0,1,{1|255|3}]">2</label>
<label id="[1,0,1,{1|2|255}]">3</label>
<label id="[1,0,1,{255|0|255}]">2</label>
<label id="[1,0,1,{255|1|255}]">1</label>
<label id="[1,0,1,{255|255|0}]">15</label>
<label id="[1,0,1,{255|255|1}]">15</label>
<label id="[1,0,1,{255|255|255}]">11</label>
<label id="[1,0,1,{255|255|2}]">14</label>
<label id="[1,0,1,{255|255|3}]">1</label>
<label id="[1,0,1,{2|0|255}]">12</label>
<label id="[1,0,1,{2|1|255}]">11</label>
<label id="[1,0,1,{2|255|0}]">26</label>
<label id="[1,0,1,{2|255|1}]">25</label>
<label id="[1,0,1,{2|255|255}]">24</label>
<label id="[1,0,1,{2|255|2}]">22</label>
<label id="[1,0,1,{2|255|3}]">2</label>
<label id="[1,0,1,{2|2|255}]">7</label>
<label id="[1,0,1,{3|0|255}]">5</label>
<label id="[1,0,1,{3|1|255}]">5</label>
<label id="[1,0,1,{3|255|0}]">7</label>
<label id="[1,0,1,{3|255|1}]">7</label>
<label id="[1,0,1,{3|255|255}]">5</label>
<label id="[1,0,1,{3|255|2}]">6</label>
<label id="[1,0,1,{3|255|3}]">1</label>
<label id="[1,0,1,{3|2|255}]">5</label>
<label id="[1,1,0,{0|0|0}]">144</label>
<label id="[1,1,0,{0|0|1}]">96</label>
<label id="[1,1,0,{0|0|255}]">72</label>
<label id="[1,1,0,{0|0|2}]">96</label>
<label id="[1,1,0,{0|0|3}]">24</label>
<label id="[1,1,0,{0|1|0}]">176</label>
<label id="[1,1,0,{0|1|1}]">168</label>
<label id="[1,1,0,{0|1|255}]">84</label>
<label id="[1,1,0,{0|1|2}]">112</label>
<label id="[1,1,0,{0|1|3}]">28</label>
<label id="[1,1,0,{0|255|0}]">11</label>
<label id="[1,1,0,{0|255|1}]">10</label>
<label id="[1,1,0,{0|255|255}]">9</label>
<label id="[1,1,0,{0|255|2}]">10</label>
<label id="[1,1,0,{0|255|3}]">1</label>
<label id="[1,1,0,{0|2|0}]">176</label>
<label id="[1,1,0,{0|2|1}]">184</label>
<label id="[1,1,0,{0|2|255}]">84</label>
<label id="[1,1,0,{0|2|2}]">168</label>
<label id="[1,1,0,{0|2|3}]">28</label>
<label id="[1,1,0,{1|0|0}]">96</label>
<label id="[1,1,0,{1|0|1}]">64</label>
<label id="[1,1,0,{1|0|255}]">48</label>
<label id="[1,1,0,{1|0|2}]">64</label>
<label id="[1,1,0,{1|0|3}]">16</label>
<label id="[1,1,0,{1|1|0}]">168</label>
<label id="[1,1,0,{1|1|1}]">144</label>
<label id="[1,1,0,{1|1|255}]">72</label>
<label id="[1,1,0,{1|1|2}]">96</label>
<label id="[1,1,0,{1|1|3}]">24</label>
<label id="[1,1,0,{1|255|0}]">10</label>
<label id="[1,1,0,{1|255|1}]">11</label>
<label id="[1,1,0,{1|255|255}]">9</label>
<label id="[1,1,0,{1|255|2}]">10</label>
<label id="[1,1,0,{1|255|3}]">1</label>
<label id="[1,1,0,{1|2|0}]">184</label>
<label id="[1,1,0,{1|2|1}]">176</label>
<label id="[1,1,0,{1|2|255}]">84</label>
<label id="[1,1,0,{1|2|2}]">168</label>
<label id="[1,1,0,{1|2|3}]">28</label>
<label id="[1,1,0,{255|0|0}]">72</label>
<label id="[1,1,0,{255|0|1}]">48</label>
<label id="[1,1,0,{255|0|255}]">36</label>
<label id="[1,1,0,{255|0|2}]">48</label>
<label id="[1,1,0,{255|0|3}]">12</label>
<label id="[1,1,0,{255|1|0}]">84</label>
<label id="[1,1,0,{255|1|1}]">72</label>
<label id="[1,1,0,{255|1|255}]">36</label>
<label id="[1,1,0,{255|1|2}]">48</label>
<label id="[1,1,0,{255|1|3}]">12</label>
<label id="[1,1,0,{255|255|0}]">9</label>
<label id="[1,1,0,{255|255|1}]">9</label>
<label id="[1,1,0,{255|255|255}]">5</label>
<label id="[1,1,0,{255|255|2}]">8</label>
<label id="[1,1,0,{255|255|3}]">1</label>
<label id="[1,1,0,{255|2|0}]">84</label>
<label id="[1,1,0,{255|2|1}]">84</label>
<label id="[1,1,0,{255|2|255}]">36</label>
<label id="[1,1,0,{255|2|2}]">72</label>
<label id="[1,1,0,{255|2|3}]">12</label>
<label id="[1,1,0,{2|0|0}]">96</label>
<label id="[1,1,0,{2|0|1}]">64</label>
<label id="[1,1,0,{2|0|255}]">48</label>
<label id="[1,1,0,{2|0|2}]">64</label>
<label id="[1,1,0,{2|0|3}]">16</label>
<label id="[1,1,0,{2|1|0}]">112</label>
<label id="[1,1,0,{2|1|1}]">96</label>
<label id="[1,1,0,{2|1|255}]">48</label>
<label id="[1,1,0,{2|1|2}]">64</label>
<label id="[1,1,0,{2|1|3}]">16</label>
<label id="[1,1,0,{2|255|0}]">10</label>
<label id="[1,1,0,{2|255|1}]">10</label>
<label id="[1,1,0,{2|255|255}]">8</label>
<label id="[1,1,0,{2|255|2}]">11</label>
<label id="[1,1,0,{2|255|3}]">1</label>
<label id="[1,1,0,{2|2|0}]">168</label>
<label id="[1,1,0,{2|2|1}]">168</label>
<label id="[1,1,0,{2|2|255}]">72</label>
<label id="[1,1,0,{2|2|2}]">144</label>
<label id="[1,1,0,{2|2|3}]">24</label>
<label id="[1,1,0,{3|0|0}]">24</label>
<label id="[1,1,0,{3|0|1}]">16</label>
<label id="[1,1,0,{3|0|255}]">12</label>
<label id="[1,1,0,{3|0|2}]">16</label>
<label id="[1,1,0,{3|0|3}]">4</label>
<label id="[1,1,0,{3|1|0}]">28</label>
<label id="[1,1,0,{3|1|1}]">24</label>
<label id="[1,1,0,{3|1|255}]">12</label>
<label id="[1,1,0,{3|1|2}]">16</label>
<label id="[1,1,0,{3|1|3}]">4</label>
<label id="[1,1,0,{3|255|0}]">1</label>
<label id="[1,1,0,{3|255|1}]">1</label>
<label id="[1,1,0,{3|255|255}]">1</label>
<label id="[1,1,0,{3|255|2}]">1</label>
<label id="[1,1,0,{3|2|0}]">28</label>
<label id="[1,1,0,{3|2|1}]">28</label>
<label id="[1,1,0,{3|2|255}]">12</label>
<label id="[1,1,0,{3|2|2}]">24</label>
<label id="[1,1,0,{3|2|3}]">4</label>
<label id="[1,1,1,{0|0|255}]">24</label>
<label id="[1,1,1,{0|1|255}]">24</label>
<label id="[1,1,1,{0|255|0}]">44</label>
<label id="[1,1,1,{0|255|1}]">46</label>
<label id="[1,1,1,{0|255|255}]">21</label>
<label id="[1,1,1,{0|255|2}]">42</label>
<label id="[1,1,1,{0|255|3}]">7</label>
<label id="[1,1,1,{0|2|255}]">22</label>
<label id="[1,1,1,{1|0|255}]">16</label>
<label id="[1,1,1,{1|1|255}]">24</label>
<label id="[1,1,1,{1|255|0}]">46</label>
<label id="[1,1,1,{1|255|1}]">44</label>
<label id="[1,1,1,{1|255|255}]">21</label>
<label id="[1,1,1,{1|255|2}]">42</label>
<label id="[1,1,1,{1|255|3}]">7</label>
<label id="[1,1,1,{1|2|255}]">24</label>
<label id="[1,1,1,{255|0|0}]">24</label>
<label id="[1,1,1,{255|0|1}]">16</label>
<label id="[1,1,1,{255|0|255}]">20</label>
<label id="[1,1,1,{255|0|2}]">12</label>
<label id="[1,1,1,{255|0|3}]">4</label>
<label id="[1,1,1,{255|1|0}]">24</label>
<label id="[1,1,1,{255|1|1}]">24</label>
<label id="[1,1,1,{255|1|255}]">20</label>
<label id="[1,1,1,{255|1|2}]">16</label>
<label id="[1,1,1,{255|1|3}]">4</label>
<label id="[1,1,1,{255|255|0}]">21</label>
<label id="[1,1,1,{255|255|1}]">21</label>
<label id="[1,1,1,{255|255|255}]">9</label>
<label id="[1,1,1,{255|255|2}]">18</label>
<label id="[1,1,1,{255|255|3}]">3</label>
<label id="[1,1,1,{255|2|0}]">22</label>
<label id="[1,1,1,{255|2|1}]">24</label>
<label id="[1,1,1,{255|2|255}]">20</label>
<label id="[1,1,1,{255|2|2}]">24</label>
<label id="[1,1,1,{255|2|3}]">4</label>
<label id="[1,1,1,{2|0|255}]">12</label>
<label id="[1,1,1,{2|1|255}]">16</label>
<label id="[1,1,1,{2|255|0}]">42</label>
<label id="[1,1,1,{2|255|1}]">42</label>
<label id="[1,1,1,{2|255|255}]">18</label>
<label id="[1,1,1,{2|255|2}]">36</label>
<label id="[1,1,1,{2|255|3}]">6</label>
<label id="[1,1,1,{2|2|255}]">24</label>
<label id="[1,1,1,{3|0|255}]">4</label>
<label id="[1,1,1,{3|1|255}]">4</label>
<label id="[1,1,1,{3|255|0}]">7</label>
<label id="[1,1,1,{3|255|1}]">7</label>
<label id="[1,1,1,{3|255|255}]">3</label>
<label id="[1,1,1,{3|255|2}]">6</label>
<label id="[1,1,1,{3|255|3}]">1</label>
<label id="[1,1,1,{3|2|255}]">4</label>
<label id="[1,2,0,{0|0|0}]">50</label>
<label id="[1,2,0,{0|0|1}]">84</label>
<label id="[1,2,0,{0|0|255}]">16</label>
<label id="[1,2,0,{0|0|2}]">84</label>
<label id="[1,2,0,{0|0|3}]">30</label>
<label id="[1,2,0,{0|1|0}]">32</label>
<label id="[1,2,0,{0|1|1}]">59</label>
<label id="[1,2,0,{0|1|255}]">16</label>
<label id="[1,2,0,{0|1|2}]">94</label>
<label id="[1,2,0,{0|1|3}]">35</label>
<label id="[1,2,0,{0|255|0}]">68</label>
<label id="[1,2,0,{0|255|1}]">78</label>
<label id="[1,2,0,{0|255|255}]">22</label>
<label id="[1,2,0,{0|255|2}]">79</label>
<label id="[1,2,0,{0|255|3}]">16</label>
<label id="[1,2,0,{0|2|0}]">28</label>
<label id="[1,2,0,{0|2|1}]">38</label>
<label id="[1,2,0,{0|2|255}]">8</label>
<label id="[1,2,0,{0|2|2}]">61</label>
<label id="[1,2,0,{0|2|3}]">35</label>
<label id="[1,2,0,{1|0|0}]">37</label>
<label id="[1,2,0,{1|0|1}]">70</label>
<label id="[1,2,0,{1|0|255}]">16</label>
<label id="[1,2,0,{1|0|2}]">76</label>
<label id="[1,2,0,{1|0|3}]">26</label>
<label id="[1,2,0,{1|1|0}]">25</label>
<label id="[1,2,0,{1|1|1}]">50</label>
<label id="[1,2,0,{1|1|255}]">16</label>
<label id="[1,2,0,{1|1|2}]">84</label>
<label id="[1,2,0,{1|1|3}]">30</label>
<label id="[1,2,0,{1|255|0}]">51</label>
<label id="[1,2,0,{1|255|1}]">68</label>
<label id="[1,2,0,{1|255|255}]">22</label>
<label id="[1,2,0,{1|255|2}]">78</label>
<label id="[1,2,0,{1|255|3}]">16</label>
<label id="[1,2,0,{1|2|0}]">21</label>
<label id="[1,2,0,{1|2|1}]">32</label>
<label id="[1,2,0,{1|2|255}]">8</label>
<label id="[1,2,0,{1|2|2}]">59</label>
<label id="[1,2,0,{1|2|3}]">35</label>
<label id="[1,2,0,{255|0|0}]">30</label>
<label id="[1,2,0,{255|0|1}]">48</label>
<label id="[1,2,0,{255|0|255}]">12</label>
<label id="[1,2,0,{255|0|2}]">48</label>
<label id="[1,2,0,{255|0|3}]">15</label>
<label id="[1,2,0,{255|1|0}]">21</label>
<label id="[1,2,0,{255|1|1}]">30</label>
<label id="[1,2,0,{255|1|255}]">12</label>
<label id="[1,2,0,{255|1|2}]">48</label>
<label id="[1,2,0,{255|1|3}]">15</label>
<label id="[1,2,0,{255|255|0}]">42</label>
<label id="[1,2,0,{255|255|1}]">42</label>
<label id="[1,2,0,{255|255|255}]">14</label>
<label id="[1,2,0,{255|255|2}]">42</label>
<label id="[1,2,0,{255|255|3}]">7</label>
<label id="[1,2,0,{255|2|0}]">18</label>
<label id="[1,2,0,{255|2|1}]">21</label>
<label id="[1,2,0,{255|2|255}]">6</label>
<label id="[1,2,0,{255|2|2}]">30</label>
<label id="[1,2,0,{255|2|3}]">15</label>
<label id="[1,2,0,{2|0|0}]">37</label>
<label id="[1,2,0,{2|0|1}]">58</label>
<label id="[1,2,0,{2|0|255}]">16</label>
<label id="[1,2,0,{2|0|2}]">70</label>
<label id="[1,2,0,{2|0|3}]">26</label>
<label id="[1,2,0,{2|1|0}]">25</label>
<label id="[1,2,0,{2|1|1}]">37</label>
<label id="[1,2,0,{2|1|255}]">16</label>
<label id="[1,2,0,{2|1|2}]">70</label>
<label id="[1,2,0,{2|1|3}]">26</label>
<label id="[1,2,0,{2|255|0}]">50</label>
<label id="[1,2,0,{2|255|1}]">51</label>
<label id="[1,2,0,{2|255|255}]">20</label>
<label id="[1,2,0,{2|255|2}]">68</label>
<label id="[1,2,0,{2|255|3}]">15</label>
<label id="[1,2,0,{2|2|0}]">21</label>
<label id="[1,2,0,{2|2|1}]">25</label>
<label id="[1,2,0,{2|2|255}]">8</label>
<label id="[1,2,0,{2|2|2}]">50</label>
<label id="[1,2,0,{2|2|3}]">30</label>
<label id="[1,2,0,{3|0|0}]">5</label>
<label id="[1,2,0,{3|0|1}]">10</label>
<label id="[1,2,0,{3|0|2}]">10</label>
<label id="[1,2,0,{3|0|3}]">5</label>
<label id="[1,2,0,{3|1|0}]">2</label>
<label id="[1,2,0,{3|1|1}]">7</label>
<label id="[1,2,0,{3|1|2}]">10</label>
<label id="[1,2,0,{3|1|3}]">5</label>
<label id="[1,2,0,{3|255|0}]">5</label>
<label id="[1,2,0,{3|255|1}]">7</label>
<label id="[1,2,0,{3|255|255}]">1</label>
<label id="[1,2,0,{3|255|2}]">7</label>
<label id="[1,2,0,{3|255|3}]">2</label>
<label id="[1,2,0,{3|2|0}]">2</label>
<label id="[1,2,0,{3|2|1}]">4</label>
<label id="[1,2,0,{3|2|2}]">7</label>
<label id="[1,2,0,{3|2|3}]">5</label>
<label id="[1,2,1,{0|255|0}]">22</label>
<label id="[1,2,1,{0|255|1}]">25</label>
<label id="[1,2,1,{0|255|255}]">15</label>
<label id="[1,2,1,{0|255|2}]">26</label>
<label id="[1,2,1,{0|255|3}]">7</label>
<label id="[1,2,1,{1|255|0}]">17</label>
<label id="[1,2,1,{1|255|1}]">22</label>
<label id="[1,2,1,{1|255|255}]">15</label>
<label id="[1,2,1,{1|255|2}]">25</label>
<label id="[1,2,1,{1|255|3}]">7</label>
<label id="[1,2,1,{255|0|0}]">7</label>
<label id="[1,2,1,{255|0|1}]">11</label>
<label id="[1,2,1,{255|0|255}]">2</label>
<label id="[1,2,1,{255|0|2}]">12</label>
<label id="[1,2,1,{255|0|3}]">5</label>
<label id="[1,2,1,{255|1|0}]">3</label>
<label id="[1,2,1,{255|1|1}]">7</label>
<label id="[1,2,1,{255|1|255}]">1</label>
<label id="[1,2,1,{255|1|2}]">11</label>
<label id="[1,2,1,{255|1|3}]">5</label>
<label id="[1,2,1,{255|255|0}]">24</label>
<label id="[1,2,1,{255|255|1}]">24</label>
<label id="[1,2,1,{255|255|255}]">11</label>
<label id="[1,2,1,{255|255|2}]">24</label>
<label id="[1,2,1,{255|255|3}]">5</label>
<label id="[1,2,1,{255|2|0}]">1</label>
<label id="[1,2,1,{255|2|1}]">3</label>
<label id="[1,2,1,{255|2|2}]">7</label>
<label id="[1,2,1,{255|2|3}]">5</label>
<label id="[1,2,1,{2|255|0}]">14</label>
<label id="[1,2,1,{2|255|1}]">17</label>
<label id="[1,2,1,{2|255|255}]">14</label>
<label id="[1,2,1,{2|255|2}]">22</label>
<label id="[1,2,1,{2|255|3}]">6</label>
<label id="[1,2,1,{3|255|0}]">1</label>
<label id="[1,2,1,{3|255|1}]">2</label>
<label id="[1,2,1,{3|255|255}]">1</label>
<label id="[1,2,1,{3|255|2}]">2</label>
<label id="[1,2,1,{3|255|3}]">1</label>
<label id="[1,255,0,{0|0|0}]">36</label>
<label id="[1,255,0,{0|0|1}]">30</label>
<label id="[1,255,0,{0|0|255}]">27</label>
<label id="[1,255,0,{0|0|2}]">30</label>
<label id="[1,255,0,{0|0|3}]">6</label>
<label id="[1,255,0,{0|1|0}]">44</label>
<label id="[1,255,0,{0|1|1}]">42</label>
<label id="[1,255,0,{0|1|255}]">30</label>
<label id="[1,255,0,{0|1|2}]">35</label>
<label id="[1,255,0,{0|1|3}]">7</label>
<label id="[1,255,0,{0|255|0}]">88</label>
<label id="[1,255,0,{0|255|1}]">92</label>
<label id="[1,255,0,{0|255|255}]">47</label>
<label id="[1,255,0,{0|255|2}]">84</label>
<label id="[1,255,0,{0|255|3}]">14</label>
<label id="[1,255,0,{0|2|0}]">44</label>
<label id="[1,255,0,{0|2|1}]">46</label>
<label id="[1,255,0,{0|2|255}]">26</label>
<label id="[1,255,0,{0|2|2}]">42</label>
<label id="[1,255,0,{0|2|3}]">7</label>
<label id="[1,255,0,{1|0|0}]">30</label>
<label id="[1,255,0,{1|0|1}]">25</label>
<label id="[1,255,0,{1|0|255}]">25</label>
<label id="[1,255,0,{1|0|2}]">25</label>
<label id="[1,255,0,{1|0|3}]">5</label>
<label id="[1,255,0,{1|1|0}]">42</label>
<label id="[1,255,0,{1|1|1}]">36</label>
<label id="[1,255,0,{1|1|255}]">27</label>
<label id="[1,255,0,{1|1|2}]">30</label>
<label id="[1,255,0,{1|1|3}]">6</label>
<label id="[1,255,0,{1|255|0}]">92</label>
<label id="[1,255,0,{1|255|1}]">88</label>
<label id="[1,255,0,{1|255|255}]">47</label>
<label id="[1,255,0,{1|255|2}]">84</label>
<label id="[1,255,0,{1|255|3}]">14</label>
<label id="[1,255,0,{1|2|0}]">46</label>
<label id="[1,255,0,{1|2|1}]">44</label>
<label id="[1,255,0,{1|2|255}]">26</label>
<label id="[1,255,0,{1|2|2}]">42</label>
<label id="[1,255,0,{1|2|3}]">7</label>
<label id="[1,255,0,{255|0|0}]">27</label>
<label id="[1,255,0,{255|0|1}]">25</label>
<label id="[1,255,0,{255|0|255}]">19</label>
<label id="[1,255,0,{255|0|2}]">25</label>
<label id="[1,255,0,{255|0|3}]">3</label>
<label id="[1,255,0,{255|1|0}]">30</label>
<label id="[1,255,0,{255|1|1}]">27</label>
<label id="[1,255,0,{255|1|255}]">19</label>
<label id="[1,255,0,{255|1|2}]">25</label>
<label id="[1,255,0,{255|1|3}]">3</label>
<label id="[1,255,0,{255|255|0}]">47</label>
<label id="[1,255,0,{255|255|1}]">47</label>
<label id="[1,255,0,{255|255|255}]">23</label>
<label id="[1,255,0,{255|255|2}]">41</label>
<label id="[1,255,0,{255|255|3}]">6</label>
<label id="[1,255,0,{255|2|0}]">26</label>
<label id="[1,255,0,{255|2|1}]">26</label>
<label id="[1,255,0,{255|2|255}]">14</label>
<label id="[1,255,0,{255|2|2}]">23</label>
<label id="[1,255,0,{255|2|3}]">3</label>
<label id="[1,255,0,{2|0|0}]">30</label>
<label id="[1,255,0,{2|0|1}]">25</label>
<label id="[1,255,0,{2|0|255}]">25</label>
<label id="[1,255,0,{2|0|2}]">25</label>
<label id="[1,255,0,{2|0|3}]">5</label>
<label id="[1,255,0,{2|1|0}]">35</label>
<label id="[1,255,0,{2|1|1}]">30</label>
<label id="[1,255,0,{2|1|255}]">25</label>
<label id="[1,255,0,{2|1|2}]">25</label>
<label id="[1,255,0,{2|1|3}]">5</label>
<label id="[1,255,0,{2|255|0}]">84</label>
<label id="[1,255,0,{2|255|1}]">84</label>
<label id="[1,255,0,{2|255|255}]">41</label>
<label id="[1,255,0,{2|255|2}]">72</label>
<label id="[1,255,0,{2|255|3}]">12</label>
<label id="[1,255,0,{2|2|0}]">42</label>
<label id="[1,255,0,{2|2|1}]">42</label>
<label id="[1,255,0,{2|2|255}]">23</label>
<label id="[1,255,0,{2|2|2}]">36</label>
<label id="[1,255,0,{2|2|3}]">6</label>
<label id="[1,255,0,{3|0|0}]">6</label>
<label id="[1,255,0,{3|0|1}]">5</label>
<label id="[1,255,0,{3|0|255}]">3</label>
<label id="[1,255,0,{3|0|2}]">5</label>
<label id="[1,255,0,{3|0|3}]">1</label>
<label id="[1,255,0,{3|1|0}]">7</label>
<label id="[1,255,0,{3|1|1}]">6</label>
<label id="[1,255,0,{3|1|255}]">3</label>
<label id="[1,255,0,{3|1|2}]">5</label>
<label id="[1,255,0,{3|1|3}]">1</label>
<label id="[1,255,0,{3|255|0}]">14</label>
<label id="[1,255,0,{3|255|1}]">14</label>
<label id="[1,255,0,{3|255|255}]">6</label>
<label id="[1,255,0,{3|255|2}]">12</label>
<label id="[1,255,0,{3|255|3}]">2</label>
<label id="[1,255,0,{3|2|0}]">7</label>
<label id="[1,255,0,{3|2|1}]">7</label>
<label id="[1,255,0,{3|2|255}]">3</label>
<label id="[1,255,0,{3|2|2}]">6</label>
<label id="[1,255,0,{3|2|3}]">1</label>
<label id="[1,255,1,{0|0|255}]">6</label>
<label id="[1,255,1,{0|1|255}]">6</label>
<label id="[1,255,1,{0|255|255}]">17</label>
<label id="[1,255,1,{0|2|255}]">6</label>
<label id="[1,255,1,{1|0|255}]">5</label>
<label id="[1,255,1,{1|1|255}]">6</label>
<label id="[1,255,1,{1|255|255}]">17</label>
<label id="[1,255,1,{1|2|255}]">6</label>
<label id="[1,255,1,{255|0|0}]">6</label>
<label id="[1,255,1,{255|0|1}]">5</label>
<label id="[1,255,1,{255|0|255}]">5</label>
<label id="[1,255,1,{255|0|2}]">4</label>
<label id="[1,255,1,{255|0|3}]">1</label>
<label id="[1,255,1,{255|1|0}]">6</label>
<label id="[1,255,1,{255|1|1}]">6</label>
<label id="[1,255,1,{255|1|255}]">5</label>
<label id="[1,255,1,{255|1|2}]">5</label>
<label id="[1,255,1,{255|1|3}]">1</label>
<label id="[1,255,1,{255|255|0}]">17</label>
<label id="[1,255,1,{255|255|1}]">17</label>
<label id="[1,255,1,{255|255|255}]">15</label>
<label id="[1,255,1,{255|255|2}]">17</label>
<label id="[1,255,1,{255|255|3}]">2</label>
<label id="[1,255,1,{255|2|0}]">6</label>
<label id="[1,255,1,{255|2|1}]">6</label>
<label id="[1,255,1,{255|2|255}]">5</label>
<label id="[1,255,1,{255|2|2}]">6</label>
<label id="[1,255,1,{255|2|3}]">1</label>
<label id="[1,255,1,{2|0|255}]">4</label>
<label id="[1,255,1,{2|1|255}]">5</label>
<label id="[1,255,1,{2|255|255}]">17</label>
<label id="[1,255,1,{2|2|255}]">6</label>
<label id="[1,255,1,{3|0|255}]">1</label>
<label id="[1,255,1,{3|1|255}]">1</label>
<label id="[1,255,1,{3|255|255}]">2</label>
<label id="[1,255,1,{3|2|255}]">1</label>
<label id="[2,0,0,{0|0|0}]">50</label>
<label id="[2,0,0,{0|0|1}]">32</label>
<label id="[2,0,0,{0|0|255}]">68</label>
<label id="[2,0,0,{0|0|2}]">28</label>
<label id="[2,0,0,{0|1|0}]">37</label>
<label id="[2,0,0,{0|1|1}]">25</label>
<label id="[2,0,0,{0|1|255}]">51</label>
<label id="[2,0,0,{0|1|2}]">21</label>
<label id="[2,0,0,{0|255|0}]">30</label>
<label id="[2,0,0,{0|255|1}]">21</label>
<label id="[2,0,0,{0|255|255}]">42</label>
<label id="[2,0,0,{0|255|2}]">18</label>
<label id="[2,0,0,{0|2|0}]">37</label>
<label id="[2,0,0,{0|2|1}]">25</label>
<label id="[2,0,0,{0|2|255}]">50</label>
<label id="[2,0,0,{0|2|2}]">21</label>
<label id="[2,0,0,{0|3|0}]">5</label>
<label id="[2,0,0,{0|3|1}]">2</label>
<label id="[2,0,0,{0|3|255}]">5</label>
<label id="[2,0,0,{0|3|2}]">2</label>
<label id="[2,0,0,{1|0|0}]">84</label>
<label id="[2,0,0,{1|0|1}]">59</label>
<label id="[2,0,0,{1|0|255}]">78</label>
<label id="[2,0,0,{1|0|2}]">38</label>
<label id="[2,0,0,{1|1|0}]">70</label>
<label id="[2,0,0,{1|1|1}]">50</label>
<label id="[2,0,0,{1|1|255}]">68</label>
<label id="[2,0,0,{1|1|2}]">32</label>
<label id="[2,0,0,{1|255|0}]">48</label>
<label id="[2,0,0,{1|255|1}]">30</label>
<label id="[2,0,0,{1|255|255}]">42</label>
<label id="[2,0,0,{1|255|2}]">21</label>
<label id="[2,0,0,{1|2|0}]">58</label>
<label id="[2,0,0,{1|2|1}]">37</label>
<label id="[2,0,0,{1|2|255}]">51</label>
<label id="[2,0,0,{1|2|2}]">25</label>
<label id="[2,0,0,{1|3|0}]">10</label>
<label id="[2,0,0,{1|3|1}]">7</label>
<label id="[2,0,0,{1|3|255}]">7</label>
<label id="[2,0,0,{1|3|2}]">4</label>
<label id="[2,0,0,{255|0|0}]">16</label>
<label id="[2,0,0,{255|0|1}]">16</label>
<label id="[2,0,0,{255|0|255}]">22</label>
<label id="[2,0,0,{255|0|2}]">8</label>
<label id="[2,0,0,{255|1|0}]">16</label>
<label id="[2,0,0,{255|1|1}]">16</label>
<label id="[2,0,0,{255|1|255}]">22</label>
<label id="[2,0,0,{255|1|2}]">8</label>
<label id="[2,0,0,{255|255|0}]">12</label>
<label id="[2,0,0,{255|255|1}]">12</label>
<label id="[2,0,0,{255|255|255}]">14</label>
<label id="[2,0,0,{255|255|2}]">6</label>
<label id="[2,0,0,{255|2|0}]">16</label>
<label id="[2,0,0,{255|2|1}]">16</label>
<label id="[2,0,0,{255|2|255}]">20</label>
<label id="[2,0,0,{255|2|2}]">8</label>
<label id="[2,0,0,{255|3|255}]">1</label>
<label id="[2,0,0,{2|0|0}]">84</label>
<label id="[2,0,0,{2|0|1}]">94</label>
<label id="[2,0,0,{2|0|255}]">79</label>
<label id="[2,0,0,{2|0|2}]">61</label>
<label id="[2,0,0,{2|1|0}]">76</label>
<label id="[2,0,0,{2|1|1}]">84</label>
<label id="[2,0,0,{2|1|255}]">78</label>
<label id="[2,0,0,{2|1|2}]">59</label>
<label id="[2,0,0,{2|255|0}]">48</label>
<label id="[2,0,0,{2|255|1}]">48</label>
<label id="[2,0,0,{2|255|255}]">42</label>
<label id="[2,0,0,{2|255|2}]">30</label>
<label id="[2,0,0,{2|2|0}]">70</label>
<label id="[2,0,0,{2|2|1}]">70</label>
<label id="[2,0,0,{2|2|255}]">68</label>
<label id="[2,0,0,{2|2|2}]">50</label>
<label id="[2,0,0,{2|3|0}]">10</label>
<label id="[2,0,0,{2|3|1}]">10</label>
<label id="[2,0,0,{2|3|255}]">7</label>
<label id="[2,0,0,{2|3|2}]">7</label>
<label id="[2,0,0,{3|0|0}]">30</label>
<label id="[2,0,0,{3|0|1}]">35</label>
<label id="[2,0,0,{3|0|255}]">16</label>
<label id="[2,0,0,{3|0|2}]">35</label>
<label id="[2,0,0,{3|1|0}]">26</label>
<label id="[2,0,0,{3|1|1}]">30</label>
<label id="[2,0,0,{3|1|255}]">16</label>
<label id="[2,0,0,{3|1|2}]">35</label>
<label id="[2,0,0,{3|255|0}]">15</label>
<label id="[2,0,0,{3|255|1}]">15</label>
<label id="[2,0,0,{3|255|255}]">7</label>
<label id="[2,0,0,{3|255|2}]">15</label>
<label id="[2,0,0,{3|2|0}]">26</label>
<label id="[2,0,0,{3|2|1}]">26</label>
<label id="[2,0,0,{3|2|255}]">15</label>
<label id="[2,0,0,{3|2|2}]">30</label>
<label id="[2,0,0,{3|3|0}]">5</label>
<label id="[2,0,0,{3|3|1}]">5</label>
<label id="[2,0,0,{3|3|255}]">2</label>
<label id="[2,0,0,{3|3|2}]">5</label>
<label id="[2,0,1,{0|0|255}]">22</label>
<label id="[2,0,1,{0|1|255}]">17</label>
<label id="[2,0,1,{0|255|0}]">7</label>
<label id="[2,0,1,{0|255|1}]">3</label>
<label id="[2,0,1,{0|255|255}]">24</label>
<label id="[2,0,1,{0|255|2}]">1</label>
<label id="[2,0,1,{0|2|255}]">14</label>
<label id="[2,0,1,{0|3|255}]">1</label>
<label id="[2,0,1,{1|0|255}]">25</label>
<label id="[2,0,1,{1|1|255}]">22</label>
<label id="[2,0,1,{1|255|0}]">11</label>
<label id="[2,0,1,{1|255|1}]">7</label>
<label id="[2,0,1,{1|255|255}]">24</label>
<label id="[2,0,1,{1|255|2}]">3</label>
<label id="[2,0,1,{1|2|255}]">17</label>
<label id="[2,0,1,{1|3|255}]">2</label>
<label id="[2,0,1,{255|0|255}]">15</label>
<label id="[2,0,1,{255|1|255}]">15</label>
<label id="[2,0,1,{255|255|0}]">2</label>
<label id="[2,0,1,{255|255|1}]">1</label>
<label id="[2,0,1,{255|255|255}]">11</label>
<label id="[2,0,1,{255|2|255}]">14</label>
<label id="[2,0,1,{255|3|255}]">1</label>
<label id="[2,0,1,{2|0|255}]">26</label>
<label id="[2,0,1,{2|1|255}]">25</label>
<label id="[2,0,1,{2|255|0}]">12</label>
<label id="[2,0,1,{2|255|1}]">11</label>
<label id="[2,0,1,{2|255|255}]">24</label>
<label id="[2,0,1,{2|255|2}]">7</label>
<label id="[2,0,1,{2|2|255}]">22</label>
<label id="[2,0,1,{2|3|255}]">2</label>
<label id="[2,0,1,{3|0|255}]">7</label>
<label id="[2,0,1,{3|1|255}]">7</label>
<label id="[2,0,1,{3|255|0}]">5</label>
<label id="[2,0,1,{3|255|1}]">5</label>
<label id="[2,0,1,{3|255|255}]">5</label>
<label id="[2,0,1,{3|255|2}]">5</label>
<label id="[2,0,1,{3|2|255}]">6</label>
<label id="[2,0,1,{3|3|255}]">1</label>
<label id="[2,1,0,{0|0|0}]">50</label>
<label id="[2,1,0,{0|0|1}]">32</label>
<label id="[2,1,0,{0|0|255}]">68</label>
<label id="[2,1,0,{0|0|2}]">28</label>
<label id="[2,1,0,{0|1|0}]">84</label>
<label id="[2,1,0,{0|1|1}]">59</label>
<label id="[2,1,0,{0|1|255}]">78</label>
<label id="[2,1,0,{0|1|2}]">38</label>
<label id="[2,1,0,{0|255|0}]">16</label>
<label id="[2,1,0,{0|255|1}]">16</label>
<label id="[2,1,0,{0|255|255}]">22</label>
<label id="[2,1,0,{0|255|2}]">8</label>
<label id="[2,1,0,{0|2|0}]">84</label>
<label id="[2,1,0,{0|2|1}]">94</label>
<label id="[2,1,0,{0|2|255}]">79</label>
<label id="[2,1,0,{0|2|2}]">61</label>
<label id="[2,1,0,{0|3|0}]">30</label>
<label id="[2,1,0,{0|3|1}]">35</label>
<label id="[2,1,0,{0|3|255}]">16</label>
<label id="[2,1,0,{0|3|2}]">35</label>
<label id="[2,1,0,{1|0|0}]">37</label>
<label id="[2,1,0,{1|0|1}]">25</label>
<label id="[2,1,0,{1|0|255}]">51</label>
<label id="[2,1,0,{1|0|2}]">21</label>
<label id="[2,1,0,{1|1|0}]">70</label>
<label id="[2,1,0,{1|1|1}]">50</label>
<label id="[2,1,0,{1|1|255}]">68</label>
<label id="[2,1,0,{1|1|2}]">32</label>
<label id="[2,1,0,{1|255|0}]">16</label>
<label id="[2,1,0,{1|255|1}]">16</label>
<label id="[2,1,0,{1|255|255}]">22</label>
<label id="[2,1,0,{1|255|2}]">8</label>
<label id="[2,1,0,{1|2|0}]">76</label>
<label id="[2,1,0,{1|2|1}]">84</label>
<label id="[2,1,0,{1|2|255}]">78</label>
<label id="[2,1,0,{1|2|2}]">59</label>
<label id="[2,1,0,{1|3|0}]">26</label>
<label id="[2,1,0,{1|3|1}]">30</label>
<label id="[2,1,0,{1|3|255}]">16</label>
<label id="[2,1,0,{1|3|2}]">35</label>
<label id="[2,1,0,{255|0|0}]">30</label>
<label id="[2,1,0,{255|0|1}]">21</label>
<label id="[2,1,0,{255|0|255}]">42</label>
<label id="[2,1,0,{255|0|2}]">18</label>
<label id="[2,1,0,{255|1|0}]">48</label>
<label id="[2,1,0,{255|1|1}]">30</label>
<label id="[2,1,0,{255|1|255}]">42</label>
<label id="[2,1,0,{255|1|2}]">21</label>
<label id="[2,1,0,{255|255|0}]">12</label>
<label id="[2,1,0,{255|255|1}]">12</label>
<label id="[2,1,0,{255|255|255}]">14</label>
<label id="[2,1,0,{255|255|2}]">6</label>
<label id="[2,1,0,{255|2|0}]">48</label>
<label id="[2,1,0,{255|2|1}]">48</label>
<label id="[2,1,0,{255|2|255}]">42</label>
<label id="[2,1,0,{255|2|2}]">30</label>
<label id="[2,1,0,{255|3|0}]">15</label>
<label id="[2,1,0,{255|3|1}]">15</label>
<label id="[2,1,0,{255|3|255}]">7</label>
<label id="[2,1,0,{255|3|2}]">15</label>
<label id="[2,1,0,{2|0|0}]">37</label>
<label id="[2,1,0,{2|0|1}]">25</label>
<label id="[2,1,0,{2|0|255}]">50</label>
<label id="[2,1,0,{2|0|2}]">21</label>
<label id="[2,1,0,{2|1|0}]">58</label>
<label id="[2,1,0,{2|1|1}]">37</label>
<label id="[2,1,0,{2|1|255}]">51</label>
<label id="[2,1,0,{2|1|2}]">25</label>
<label id="[2,1,0,{2|255|0}]">16</label>
<label id="[2,1,0,{2|255|1}]">16</label>
<label id="[2,1,0,{2|255|255}]">20</label>
<label id="[2,1,0,{2|255|2}]">8</label>
<label id="[2,1,0,{2|2|0}]">70</label>
<label id="[2,1,0,{2|2|1}]">70</label>
<label id="[2,1,0,{2|2|255}]">68</label>
<label id="[2,1,0,{2|2|2}]">50</label>
<label id="[2,1,0,{2|3|0}]">26</label>
<label id="[2,1,0,{2|3|1}]">26</label>
<label id="[2,1,0,{2|3|255}]">15</label>
<label id="[2,1,0,{2|3|2}]">30</label>
<label id="[2,1,0,{3|0|0}]">5</label>
<label id="[2,1,0,{3|0|1}]">2</label>
<label id="[2,1,0,{3|0|255}]">5</label>
<label id="[2,1,0,{3|0|2}]">2</label>
<label id="[2,1,0,{3|1|0}]">10</label>
<label id="[2,1,0,{3|1|1}]">7</label>
<label id="[2,1,0,{3|1|255}]">7</label>
<label id="[2,1,0,{3|1|2}]">4</label>
<label id="[2,1,0,{3|255|255}]">1</label>
<label id="[2,1,0,{3|2|0}]">10</label>
<label id="[2,1,0,{3|2|1}]">10</label>
<label id="[2,1,0,{3|2|255}]">7</label>
<label id="[2,1,0,{3|2|2}]">7</label>
<label id="[2,1,0,{3|3|0}]">5</label>
<label id="[2,1,0,{3|3|1}]">5</label>
<label id="[2,1,0,{3|3|255}]">2</label>
<label id="[2,1,0,{3|3|2}]">5</label>
<label id="[2,1,1,{0|0|255}]">22</label>
<label id="[2,1,1,{0|1|255}]">25</label>
<label id="[2,1,1,{0|255|255}]">15</label>
<label id="[2,1,1,{0|2|255}]">26</label>
<label id="[2,1,1,{0|3|255}]">7</label>
<label id="[2,1,1,{1|0|255}]">17</label>
<label id="[2,1,1,{1|1|255}]">22</label>
<label id="[2,1,1,{1|255|255}]">15</label>
<label id="[2,1,1,{1|2|255}]">25</label>
<label id="[2,1,1,{1|3|255}]">7</label>
<label id="[2,1,1,{255|0|0}]">7</label>
<label id="[2,1,1,{255|0|1}]">3</label>
<label id="[2,1,1,{255|0|255}]">24</label>
<label id="[2,1,1,{255|0|2}]">1</label>
<label id="[2,1,1,{255|1|0}]">11</label>
<label id="[2,1,1,{255|1|1}]">7</label>
<label id="[2,1,1,{255|1|255}]">24</label>
<label id="[2,1,1,{255|1|2}]">3</label>
<label id="[2,1,1,{255|255|0}]">2</label>
<label id="[2,1,1,{255|255|1}]">1</label>
<label id="[2,1,1,{255|255|255}]">11</label>
<label id="[2,1,1,{255|2|0}]">12</label>
<label id="[2,1,1,{255|2|1}]">11</label>
<label id="[2,1,1,{255|2|255}]">24</label>
<label id="[2,1,1,{255|2|2}]">7</label>
<label id="[2,1,1,{255|3|0}]">5</label>
<label id="[2,1,1,{255|3|1}]">5</label>
<label id="[2,1,1,{255|3|255}]">5</label>
<label id="[2,1,1,{255|3|2}]">5</label>
<label id="[2,1,1,{2|0|255}]">14</label>
<label id="[2,1,1,{2|1|255}]">17</label>
<label id="[2,1,1,{2|255|255}]">14</label>
<label id="[2,1,1,{2|2|255}]">22</label>
<label id="[2,1,1,{2|3|255}]">6</label>
<label id="[2,1,1,{3|0|255}]">1</label>
<label id="[2,1,1,{3|1|255}]">2</label>
<label id="[2,1,1,{3|255|255}]">1</label>
<label id="[2,1,1,{3|2|255}]">2</label>
<label id="[2,1,1,{3|3|255}]">1</label>
<label id="[2,2,0,{0|0|0}]">144</label>
<label id="[2,2,0,{0|0|1}]">176</label>
<label id="[2,2,0,{0|0|255}]">11</label>
<label id="[2,2,0,{0|0|2}]">176</label>
<label id="[2,2,0,{0|1|0}]">96</label>
<label id="[2,2,0,{0|1|1}]">168</label>
<label id="[2,2,0,{0|1|255}]">10</label>
<label id="[2,2,0,{0|1|2}]">184</label>
<label id="[2,2,0,{0|255|0}]">72</label>
<label id="[2,2,0,{0|255|1}]">84</label>
<label id="[2,2,0,{0|255|255}]">9</label>
<label id="[2,2,0,{0|255|2}]">84</label>
<label id="[2,2,0,{0|2|0}]">96</label>
<label id="[2,2,0,{0|2|1}]">112</label>
<label id="[2,2,0,{0|2|255}]">10</label>
<label id="[2,2,0,{0|2|2}]">168</label>
<label id="[2,2,0,{0|3|0}]">24</label>
<label id="[2,2,0,{0|3|1}]">28</label>
<label id="[2,2,0,{0|3|255}]">1</label>
<label id="[2,2,0,{0|3|2}]">28</label>
<label id="[2,2,0,{1|0|0}]">96</label>
<label id="[2,2,0,{1|0|1}]">168</label>
<label id="[2,2,0,{1|0|255}]">10</label>
<label id="[2,2,0,{1|0|2}]">184</label>
<label id="[2,2,0,{1|1|0}]">64</label>
<label id="[2,2,0,{1|1|1}]">144</label>
<label id="[2,2,0,{1|1|255}]">11</label>
<label id="[2,2,0,{1|1|2}]">176</label>
<label id="[2,2,0,{1|255|0}]">48</label>
<label id="[2,2,0,{1|255|1}]">72</label>
<label id="[2,2,0,{1|255|255}]">9</label>
<label id="[2,2,0,{1|255|2}]">84</label>
<label id="[2,2,0,{1|2|0}]">64</label>
<label id="[2,2,0,{1|2|1}]">96</label>
<label id="[2,2,0,{1|2|255}]">10</label>
<label id="[2,2,0,{1|2|2}]">168</label>
<label id="[2,2,0,{1|3|0}]">16</label>
<label id="[2,2,0,{1|3|1}]">24</label>
<label id="[2,2,0,{1|3|255}]">1</label>
<label id="[2,2,0,{1|3|2}]">28</label>
<label id="[2,2,0,{255|0|0}]">72</label>
<label id="[2,2,0,{255|0|1}]">84</label>
<label id="[2,2,0,{255|0|255}]">9</label>
<label id="[2,2,0,{255|0|2}]">84</label>
<label id="[2,2,0,{255|1|0}]">48</label>
<label id="[2,2,0,{255|1|1}]">72</label>
<label id="[2,2,0,{255|1|255}]">9</label>
<label id="[2,2,0,{255|1|2}]">84</label>
<label id="[2,2,0,{255|255|0}]">36</label>
<label id="[2,2,0,{255|255|1}]">36</label>
<label id="[2,2,0,{255|255|255}]">5</label>
<label id="[2,2,0,{255|255|2}]">36</label>
<label id="[2,2,0,{255|2|0}]">48</label>
<label id="[2,2,0,{255|2|1}]">48</label>
<label id="[2,2,0,{255|2|255}]">8</label>
<label id="[2,2,0,{255|2|2}]">72</label>
<label id="[2,2,0,{255|3|0}]">12</label>
<label id="[2,2,0,{255|3|1}]">12</label>
<label id="[2,2,0,{255|3|255}]">1</label>
<label id="[2,2,0,{255|3|2}]">12</label>
<label id="[2,2,0,{2|0|0}]">96</label>
<label id="[2,2,0,{2|0|1}]">112</label>
<label id="[2,2,0,{2|0|255}]">10</label>
<label id="[2,2,0,{2|0|2}]">168</label>
<label id="[2,2,0,{2|1|0}]">64</label>
<label id="[2,2,0,{2|1|1}]">96</label>
<label id="[2,2,0,{2|1|255}]">10</label>
<label id="[2,2,0,{2|1|2}]">168</label>
<label id="[2,2,0,{2|255|0}]">48</label>
<label id="[2,2,0,{2|255|1}]">48</label>
<label id="[2,2,0,{2|255|255}]">8</label>
<label id="[2,2,0,{2|255|2}]">72</label>
<label id="[2,2,0,{2|2|0}]">64</label>
<label id="[2,2,0,{2|2|1}]">64</label>
<label id="[2,2,0,{2|2|255}]">11</label>
<label id="[2,2,0,{2|2|2}]">144</label>
<label id="[2,2,0,{2|3|0}]">16</label>
<label id="[2,2,0,{2|3|1}]">16</label>
<label id="[2,2,0,{2|3|255}]">1</label>
<label id="[2,2,0,{2|3|2}]">24</label>
<label id="[2,2,0,{3|0|0}]">24</label>
<label id="[2,2,0,{3|0|1}]">28</label>
<label id="[2,2,0,{3|0|255}]">1</label>
<label id="[2,2,0,{3|0|2}]">28</label>
<label id="[2,2,0,{3|1|0}]">16</label>
<label id="[2,2,0,{3|1|1}]">24</label>
<label id="[2,2,0,{3|1|255}]">1</label>
<label id="[2,2,0,{3|1|2}]">28</label>
<label id="[2,2,0,{3|255|0}]">12</label>
<label id="[2,2,0,{3|255|1}]">12</label>
<label id="[2,2,0,{3|255|255}]">1</label>
<label id="[2,2,0,{3|255|2}]">12</label>
<label id="[2,2,0,{3|2|0}]">16</label>
<label id="[2,2,0,{3|2|1}]">16</label>
<label id="[2,2,0,{3|2|255}]">1</label>
<label id="[2,2,0,{3|2|2}]">24</label>
<label id="[2,2,0,{3|3|0}]">4</label>
<label id="[2,2,0,{3|3|1}]">4</label>
<label id="[2,2,0,{3|3|2}]">4</label>
<label id="[2,2,1,{0|0|255}]">44</label>
<label id="[2,2,1,{0|1|255}]">46</label>
<label id="[2,2,1,{0|255|0}]">24</label>
<label id="[2,2,1,{0|255|1}]">24</label>
<label id="[2,2,1,{0|255|255}]">21</label>
<label id="[2,2,1,{0|255|2}]">22</label>
<label id="[2,2,1,{0|2|255}]">42</label>
<label id="[2,2,1,{0|3|255}]">7</label>
<label id="[2,2,1,{1|0|255}]">46</label>
<label id="[2,2,1,{1|1|255}]">44</label>
<label id="[2,2,1,{1|255|0}]">16</label>
<label id="[2,2,1,{1|255|1}]">24</label>
<label id="[2,2,1,{1|255|255}]">21</label>
<label id="[2,2,1,{1|255|2}]">24</label>
<label id="[2,2,1,{1|2|255}]">42</label>
<label id="[2,2,1,{1|3|255}]">7</label>
<label id="[2,2,1,{255|0|0}]">24</label>
<label id="[2,2,1,{255|0|1}]">24</label>
<label id="[2,2,1,{255|0|255}]">21</label>
<label id="[2,2,1,{255|0|2}]">22</label>
<label id="[2,2,1,{255|1|0}]">16</label>
<label id="[2,2,1,{255|1|1}]">24</label>
<label id="[2,2,1,{255|1|255}]">21</label>
<label id="[2,2,1,{255|1|2}]">24</label>
<label id="[2,2,1,{255|255|0}]">20</label>
<label id="[2,2,1,{255|255|1}]">20</label>
<label id="[2,2,1,{255|255|255}]">9</label>
<label id="[2,2,1,{255|255|2}]">20</label>
<label id="[2,2,1,{255|2|0}]">12</label>
<label id="[2,2,1,{255|2|1}]">16</label>
<label id="[2,2,1,{255|2|255}]">18</label>
<label id="[2,2,1,{255|2|2}]">24</label>
<label id="[2,2,1,{255|3|0}]">4</label>
<label id="[2,2,1,{255|3|1}]">4</label>
<label id="[2,2,1,{255|3|255}]">3</label>
<label id="[2,2,1,{255|3|2}]">4</label>
<label id="[2,2,1,{2|0|255}]">42</label>
<label id="[2,2,1,{2|1|255}]">42</label>
<label id="[2,2,1,{2|255|0}]">12</label>
<label id="[2,2,1,{2|255|1}]">16</label>
<label id="[2,2,1,{2|255|255}]">18</label>
<label id="[2,2,1,{2|255|2}]">24</label>
<label id="[2,2,1,{2|2|255}]">36</label>
<label id="[2,2,1,{2|3|255}]">6</label>
<label id="[2,2,1,{3|0|255}]">7</label>
<label id="[2,2,1,{3|1|255}]">7</label>
<label id="[2,2,1,{3|255|0}]">4</label>
<label id="[2,2,1,{3|255|1}]">4</label>
<label id="[2,2,1,{3|255|255}]">3</label>
<label id="[2,2,1,{3|255|2}]">4</label>
<label id="[2,2,1,{3|2|255}]">6</label>
<label id="[2,2,1,{3|3|255}]">1</label>
<label id="[2,255,0,{0|0|0}]">36</label>
<label id="[2,255,0,{0|0|1}]">44</label>
<label id="[2,255,0,{0|0|255}]">88</label>
<label id="[2,255,0,{0|0|2}]">44</label>
<label id="[2,255,0,{0|1|0}]">30</label>
<label id="[2,255,0,{0|1|1}]">42</label>
<label id="[2,255,0,{0|1|255}]">92</label>
<label id="[2,255,0,{0|1|2}]">46</label>
<label id="[2,255,0,{0|255|0}]">27</label>
<label id="[2,255,0,{0|255|1}]">30</label>
<label id="[2,255,0,{0|255|255}]">47</label>
<label id="[2,255,0,{0|255|2}]">26</label>
<label id="[2,255,0,{0|2|0}]">30</label>
<label id="[2,255,0,{0|2|1}]">35</label>
<label id="[2,255,0,{0|2|255}]">84</label>
<label id="[2,255,0,{0|2|2}]">42</label>
<label id="[2,255,0,{0|3|0}]">6</label>
<label id="[2,255,0,{0|3|1}]">7</label>
<label id="[2,255,0,{0|3|255}]">14</label>
<label id="[2,255,0,{0|3|2}]">7</label>
<label id="[2,255,0,{1|0|0}]">30</label>
<label id="[2,255,0,{1|0|1}]">42</label>
<label id="[2,255,0,{1|0|255}]">92</label>
<label id="[2,255,0,{1|0|2}]">46</label>
<label id="[2,255,0,{1|1|0}]">25</label>
<label id="[2,255,0,{1|1|1}]">36</label>
<label id="[2,255,0,{1|1|255}]">88</label>
<label id="[2,255,0,{1|1|2}]">44</label>
<label id="[2,255,0,{1|255|0}]">25</label>
<label id="[2,255,0,{1|255|1}]">27</label>
<label id="[2,255,0,{1|255|255}]">47</label>
<label id="[2,255,0,{1|255|2}]">26</label>
<label id="[2,255,0,{1|2|0}]">25</label>
<label id="[2,255,0,{1|2|1}]">30</label>
<label id="[2,255,0,{1|2|255}]">84</label>
<label id="[2,255,0,{1|2|2}]">42</label>
<label id="[2,255,0,{1|3|0}]">5</label>
<label id="[2,255,0,{1|3|1}]">6</label>
<label id="[2,255,0,{1|3|255}]">14</label>
<label id="[2,255,0,{1|3|2}]">7</label>
<label id="[2,255,0,{255|0|0}]">27</label>
<label id="[2,255,0,{255|0|1}]">30</label>
<label id="[2,255,0,{255|0|255}]">47</label>
<label id="[2,255,0,{255|0|2}]">26</label>
<label id="[2,255,0,{255|1|0}]">25</label>
<label id="[2,255,0,{255|1|1}]">27</label>
<label id="[2,255,0,{255|1|255}]">47</label>
<label id="[2,255,0,{255|1|2}]">26</label>
<label id="[2,255,0,{255|255|0}]">19</label>
<label id="[2,255,0,{255|255|1}]">19</label>
<label id="[2,255,0,{255|255|255}]">23</label>
<label id="[2,255,0,{255|255|2}]">14</label>
<label id="[2,255,0,{255|2|0}]">25</label>
<label id="[2,255,0,{255|2|1}]">25</label>
<label id="[2,255,0,{255|2|255}]">41</label>
<label id="[2,255,0,{255|2|2}]">23</label>
<label id="[2,255,0,{255|3|0}]">3</label>
<label id="[2,255,0,{255|3|1}]">3</label>
<label id="[2,255,0,{255|3|255}]">6</label>
<label id="[2,255,0,{255|3|2}]">3</label>
<label id="[2,255,0,{2|0|0}]">30</label>
<label id="[2,255,0,{2|0|1}]">35</label>
<label id="[2,255,0,{2|0|255}]">84</label>
<label id="[2,255,0,{2|0|2}]">42</label>
<label id="[2,255,0,{2|1|0}]">25</label>
<label id="[2,255,0,{2|1|1}]">30</label>
<label id="[2,255,0,{2|1|255}]">84</label>
<label id="[2,255,0,{2|1|2}]">42</label>
<label id="[2,255,0,{2|255|0}]">25</label>
<label id="[2,255,0,{2|255|1}]">25</label>
<label id="[2,255,0,{2|255|255}]">41</label>
<label id="[2,255,0,{2|255|2}]">23</label>
<label id="[2,255,0,{2|2|0}]">25</label>
<label id="[2,255,0,{2|2|1}]">25</label>
<label id="[2,255,0,{2|2|255}]">72</label>
<label id="[2,255,0,{2|2|2}]">36</label>
<label id="[2,255,0,{2|3|0}]">5</label>
<label id="[2,255,0,{2|3|1}]">5</label>
<label id="[2,255,0,{2|3|255}]">12</label>
<label id="[2,255,0,{2|3|2}]">6</label>
<label id="[2,255,0,{3|0|0}]">6</label>
<label id="[2,255,0,{3|0|1}]">7</label>
<label id="[2,255,0,{3|0|255}]">14</label>
<label id="[2,255,0,{3|0|2}]">7</label>
<label id="[2,255,0,{3|1|0}]">5</label>
<label id="[2,255,0,{3|1|1}]">6</label>
<label id="[2,255,0,{3|1|255}]">14</label>
<label id="[2,255,0,{3|1|2}]">7</label>
<label id="[2,255,0,{3|255|0}]">3</label>
<label id="[2,255,0,{3|255|1}]">3</label>
<label id="[2,255,0,{3|255|255}]">6</label>
<label id="[2,255,0,{3|255|2}]">3</label>
<label id="[2,255,0,{3|2|0}]">5</label>
<label id="[2,255,0,{3|2|1}]">5</label>
<label id="[2,255,0,{3|2|255}]">12</label>
<label id="[2,255,0,{3|2|2}]">6</label>
<label id="[2,255,0,{3|3|0}]">1</label>
<label id="[2,255,0,{3|3|1}]">1</label>
<label id="[2,255,0,{3|3|255}]">2</label>
<label id="[2,255,0,{3|3|2}]">1</label>
<label id="[2,255,1,{0|255|0}]">6</label>
<label id="[2,255,1,{0|255|1}]">6</label>
<label id="[2,255,1,{0|255|255}]">17</label>
<label id="[2,255,1,{0|255|2}]">6</label>
<label id="[2,255,1,{1|255|0}]">5</label>
<label id="[2,255,1,{1|255|1}]">6</label>
<label id="[2,255,1,{1|255|255}]">17</label>
<label id="[2,255,1,{1|255|2}]">6</label>
<label id="[2,255,1,{255|0|0}]">6</label>
<label id="[2,255,1,{255|0|1}]">6</label>
<label id="[2,255,1,{255|0|255}]">17</label>
<label id="[2,255,1,{255|0|2}]">6</label>
<label id="[2,255,1,{255|1|0}]">5</label>
<label id="[2,255,1,{255|1|1}]">6</label>
<label id="[2,255,1,{255|1|255}]">17</label>
<label id="[2,255,1,{255|1|2}]">6</label>
<label id="[2,255,1,{255|255|0}]">5</label>
<label id="[2,255,1,{255|255|1}]">5</label>
<label id="[2,255,1,{255|255|255}]">15</label>
<label id="[2,255,1,{255|255|2}]">5</label>
<label id="[2,255,1,{255|2|0}]">4</label>
<label id="[2,255,1,{255|2|1}]">5</label>
<label id="[2,255,1,{255|2|255}]">17</label>
<label id="[2,255,1,{255|2|2}]">6</label>
<label id="[2,255,1,{255|3|0}]">1</label>
<label id="[2,255,1,{255|3|1}]">1</label>
<label id="[2,255,1,{255|3|255}]">2</label>
<label id="[2,255,1,{255|3|2}]">1</label>
<label id="[2,255,1,{2|255|0}]">4</label>
<label id="[2,255,1,{2|255|1}]">5</label>
<label id="[2,255,1,{2|255|255}]">17</label>
<label id="[2,255,1,{2|255|2}]">6</label>
<label id="[2,255,1,{3|255|0}]">1</label>
<label id="[2,255,1,{3|255|1}]">1</label>
<label id="[2,255,1,{3|255|255}]">2</label>
<label id="[2,255,1,{3|255|2}]">1</label>
</state-labels><state-labels procid="1">
<label id="[0]">49443</label>
</state-labels><state-labels procid="2">
<label id="[0]">6355</label>
<label id="[10]">7834</label>
<label id="[11]">2701</label>
<label id="[2]">2785</label>
<label id="[3]">4420</label>
<label id="[4]">6161</label>
<label id="[5]">6786</label>
<label id="[6]">4270</label>
<label id="[7]">262</label>
<label id="[8]">3837</label>
<label id="[9]">4032</label>
</state-labels><state-labels procid="3">
<label id="[0]">6355</label>
<label id="[10]">7834</label>
<label id="[11]">2701</label>
<label id="[2]">2785</label>
<label id="[3]">4420</label>
<label id="[4]">6161</label>
<label id="[5]">6786</label>
<label id="[6]">4270</label>
<label id="[7]">262</label>
<label id="[8]">3837</label>
<label id="[9]">4032</label>
</state-labels><state-labels procid="4">
<label id="[0]">6355</label>
<label id="[10]">7834</label>
<label id="[11]">2701</label>
<label id="[2]">2785</label>
<label id="[3]">4420</label>
<label id="[4]">6161</label>
<label id="[5]">6786</label>
<label id="[6]">4270</label>
<label id="[7]">262</label>
<label id="[8]">3837</label>
<label id="[9]">4032</label>
</state-labels></label-info>
</state-space-info>
