<?xml version="1.0"?>

<!DOCTYPE instance-list SYSTEM "../instance_list.dtd">

<instance-list>
<instance name="at" id="1">
<reach-time complete="yes">1.1</reach-time>
<states>39354</states>
<state-size>14</state-size>
<prediction>0</prediction>
<reach-goal prop-id="1" answer="no" length="0"/>
<ltl-prob prop-id="2" answer="no" length="2"/>
<ltl-prob prop-id="3" answer="no" length="2"/>
<ltl-prob prop-id="4" answer="no" length="2"/>
</instance>

<instance name="at" id="2">
<reach-time complete="yes">1.3</reach-time>
<states>49443</states>
<state-size>14</state-size>
<prediction>0</prediction>
<reach-goal prop-id="1" answer="yes" length="16"/>
<ltl-prob prop-id="2" answer="no" length="2"/>
<ltl-prob prop-id="3" answer="no" length="2"/>
<ltl-prob prop-id="4" answer="no" length="2"/>
</instance>

<instance name="at" id="3">
<reach-time complete="yes">38.8</reach-time>
<states>1711620</states>
<state-size>17</state-size>
<prediction>0</prediction>
<reach-goal prop-id="1" answer="yes" length="17"/>
<ltl-prob prop-id="2" answer="no" length="2"/>
<ltl-prob prop-id="3" answer="no" length="2"/>
<ltl-prob prop-id="4" answer="no" length="2"/>
</instance>

<instance name="at" id="4">
<reach-time complete="yes">152.8</reach-time>
<states>6597245</states>
<state-size>20</state-size>
<prediction>0</prediction>
<reach-goal prop-id="1" answer="no" length="0"/>
<ltl-prob prop-id="2" answer="no" length="2"/>
<ltl-prob prop-id="3" answer="no" length="2"/>
<ltl-prob prop-id="4" answer="no" length="2"/>
</instance>

<instance name="at" id="5">
<reach-time complete="yes">821.1</reach-time>
<states>31999440</states>
<state-size>20</state-size>
<prediction>0</prediction>
<reach-goal prop-id="1" answer="no" length="0"/>
<ltl-prob prop-id="2" answer="unknown" length="0"/>
<ltl-prob prop-id="3" answer="unknown" length="0"/>
<ltl-prob prop-id="4" answer="unknown" length="0"/>
</instance>

<instance name="at" id="6">
<reach-time complete="no">1529.2</reach-time>
<states>37412761</states>
<state-size>20</state-size>
<prediction>0</prediction>
<reach-goal prop-id="1" answer="yes" length="18"/>
<ltl-prob prop-id="2" answer="unknown" length="0"/>
<ltl-prob prop-id="3" answer="unknown" length="0"/>
<ltl-prob prop-id="4" answer="unknown" length="0"/>
</instance>

<instance name="at" id="7">
<reach-time complete="no">1802.5</reach-time>
<states>28881350</states>
<state-size>23</state-size>
<prediction>0</prediction>
<reach-goal prop-id="1" answer="unknown" length="0"/>
<ltl-prob prop-id="2" answer="unknown" length="0"/>
<ltl-prob prop-id="3" answer="unknown" length="0"/>
<ltl-prob prop-id="4" answer="unknown" length="0"/>
</instance>

</instance-list>
