<?xml version="1.0"?>
<!DOCTYPE state-space-info SYSTEM "../../state_space_info.dtd">


<state-space-info>
<states>31875</states>
<edges>88521</edges>
<bfs-info>
 <levels>72</levels>
<max-level>1374</max-level>

<back-level-edges>10750</back-level-edges>
<max-back-level-edge>58</max-back-level-edge>
<avg-back-level-edge>8.4573</avg-back-level-edge>
<bfs-levels>
<level id="0"><states>1</states><edges>3</edges></level>
<level id="1"><states>3</states><edges>9</edges></level>
<level id="2"><states>6</states><edges>18</edges></level>
<level id="3"><states>10</states><edges>30</edges></level>
<level id="4"><states>15</states><edges>45</edges></level>
<level id="5"><states>21</states><edges>63</edges></level>
<level id="6"><states>28</states><edges>84</edges></level>
<level id="7"><states>36</states><edges>108</edges></level>
<level id="8"><states>45</states><edges>135</edges></level>
<level id="9"><states>57</states><edges>171</edges></level>
<level id="10"><states>74</states><edges>222</edges></level>
<level id="11"><states>98</states><edges>294</edges></level>
<level id="12"><states>129</states><edges>387</edges></level>
<level id="13"><states>166</states><edges>496</edges></level>
<level id="14"><states>207</states><edges>614</edges></level>
<level id="15"><states>252</states><edges>739</edges></level>
<level id="16"><states>299</states><edges>865</edges></level>
<level id="17"><states>349</states><edges>1004</edges></level>
<level id="18"><states>400</states><edges>1150</edges></level>
<level id="19"><states>457</states><edges>1315</edges></level>
<level id="20"><states>521</states><edges>1504</edges></level>
<level id="21"><states>596</states><edges>1722</edges></level>
<level id="22"><states>682</states><edges>1963</edges></level>
<level id="23"><states>773</states><edges>2209</edges></level>
<level id="24"><states>854</states><edges>2418</edges></level>
<level id="25"><states>928</states><edges>2606</edges></level>
<level id="26"><states>999</states><edges>2787</edges></level>
<level id="27"><states>1060</states><edges>2942</edges></level>
<level id="28"><states>1104</states><edges>3047</edges></level>
<level id="29"><states>1139</states><edges>3149</edges></level>
<level id="30"><states>1177</states><edges>3271</edges></level>
<level id="31"><states>1223</states><edges>3424</edges></level>
<level id="32"><states>1272</states><edges>3582</edges></level>
<level id="33"><states>1319</states><edges>3721</edges></level>
<level id="34"><states>1356</states><edges>3811</edges></level>
<level id="35"><states>1374</states><edges>3840</edges></level>
<level id="36"><states>1361</states><edges>3773</edges></level>
<level id="37"><states>1318</states><edges>3626</edges></level>
<level id="38"><states>1242</states><edges>3387</edges></level>
<level id="39"><states>1141</states><edges>3083</edges></level>
<level id="40"><states>1020</states><edges>2728</edges></level>
<level id="41"><states>893</states><edges>2363</edges></level>
<level id="42"><states>766</states><edges>2005</edges></level>
<level id="43"><states>644</states><edges>1673</edges></level>
<level id="44"><states>534</states><edges>1377</edges></level>
<level id="45"><states>434</states><edges>1120</edges></level>
<level id="46"><states>363</states><edges>946</edges></level>
<level id="47"><states>316</states><edges>824</edges></level>
<level id="48"><states>283</states><edges>742</edges></level>
<level id="49"><states>268</states><edges>713</edges></level>
<level id="50"><states>260</states><edges>701</edges></level>
<level id="51"><states>251</states><edges>689</edges></level>
<level id="52"><states>242</states><edges>680</edges></level>
<level id="53"><states>228</states><edges>652</edges></level>
<level id="54"><states>208</states><edges>601</edges></level>
<level id="55"><states>183</states><edges>532</edges></level>
<level id="56"><states>162</states><edges>472</edges></level>
<level id="57"><states>143</states><edges>417</edges></level>
<level id="58"><states>124</states><edges>362</edges></level>
<level id="59"><states>106</states><edges>310</edges></level>
<level id="60"><states>91</states><edges>261</edges></level>
<level id="61"><states>74</states><edges>211</edges></level>
<level id="62"><states>61</states><edges>170</edges></level>
<level id="63"><states>48</states><edges>130</edges></level>
<level id="64"><states>33</states><edges>89</edges></level>
<level id="65"><states>21</states><edges>58</edges></level>
<level id="66"><states>12</states><edges>34</edges></level>
<level id="67"><states>7</states><edges>21</edges></level>
<level id="68"><states>4</states><edges>12</edges></level>
<level id="69"><states>2</states><edges>6</edges></level>
<level id="70"><states>1</states><edges>3</edges></level>
<level id="71"><states>1</states><edges>2</edges></level>
</bfs-levels>
<back-level-length id="0">24.4093</back-level-length>
<back-level-length id="1">12.3907</back-level-length>
<back-level-length id="2">0.586047</back-level-length>
<back-level-length id="3">7.93488</back-level-length>
<back-level-length id="4">0.102326</back-level-length>
<back-level-length id="5">0</back-level-length>
<back-level-length id="6">0.706977</back-level-length>
<back-level-length id="7">1.54419</back-level-length>
<back-level-length id="8">7.11628</back-level-length>
<back-level-length id="9">6.8093</back-level-length>
<back-level-length id="10">2.15814</back-level-length>
<back-level-length id="11">0.0186047</back-level-length>
<back-level-length id="12">0.027907</back-level-length>
<back-level-length id="13">0.269767</back-level-length>
<back-level-length id="14">0.139535</back-level-length>
<back-level-length id="15">9.32093</back-level-length>
<back-level-length id="16">13.9721</back-level-length>
<back-level-length id="17">3.5907</back-level-length>
<back-level-length id="18">1.6093</back-level-length>
<back-level-length id="19">0.539535</back-level-length>
<back-level-length id="20">1.71163</back-level-length>
<back-level-length id="21">0</back-level-length>
<back-level-length id="22">0.00930233</back-level-length>
<back-level-length id="23">0.325581</back-level-length>
<back-level-length id="24">0.0837209</back-level-length>
<back-level-length id="25">1.71163</back-level-length>
<back-level-length id="26">0.111628</back-level-length>
<back-level-length id="27">1.24651</back-level-length>
<back-level-length id="28">0</back-level-length>
<back-level-length id="29">0</back-level-length>
<back-level-length id="30">0</back-level-length>
<back-level-length id="31">0</back-level-length>
<back-level-length id="32">0.474419</back-level-length>
<back-level-length id="33">0</back-level-length>
<back-level-length id="34">0</back-level-length>
<back-level-length id="35">0</back-level-length>
<back-level-length id="36">0</back-level-length>
<back-level-length id="37">0</back-level-length>
<back-level-length id="38">0</back-level-length>
<back-level-length id="39">0.00930233</back-level-length>
<back-level-length id="40">0</back-level-length>
<back-level-length id="41">1.02326</back-level-length>
<back-level-length id="42">0</back-level-length>
<back-level-length id="43">0</back-level-length>
<back-level-length id="44">0</back-level-length>
<back-level-length id="45">0</back-level-length>
<back-level-length id="46">0</back-level-length>
<back-level-length id="47">0</back-level-length>
<back-level-length id="48">0</back-level-length>
<back-level-length id="49">0</back-level-length>
<back-level-length id="50">0</back-level-length>
<back-level-length id="51">0</back-level-length>
<back-level-length id="52">0</back-level-length>
<back-level-length id="53">0</back-level-length>
<back-level-length id="54">0</back-level-length>
<back-level-length id="55">0</back-level-length>
<back-level-length id="56">0</back-level-length>
<back-level-length id="57">0</back-level-length>
<back-level-length id="58">0.0465116</back-level-length>
</bfs-info>
<degrees>
<avg>2.77713</avg>
<max-in>9</max-in>
<max-out>3</max-out>
<degree id="0"><in>0</in><out>0</out></degree>
<degree id="1"><in>1775</in><out>506</out></degree>
<degree id="2"><in>9999</in><out>6092</out></degree>
<degree id="3"><in>14673</in><out>25277</out></degree>
<degree id="4"><in>4530</in><out>0</out></degree>
<degree id="5"><in>812</in><out>0</out></degree>
<degree id="6"><in>56</in><out>0</out></degree>
<degree id="7"><in>28</in><out>0</out></degree>
<degree id="8"><in>1</in><out>0</out></degree>
<degree id="9"><in>1</in><out>0</out></degree>
</degrees>
<scc-info>
<count>4</count>
<height>2</height>
<nontrivial-height>2</nontrivial-height>
<trivial>0</trivial>
<terminal>1</terminal>
<largest>30310</largest>
<largest-position> the only terminal</largest-position>
</scc-info>
<dfs-info>
<stack-size id="159">0.495686</stack-size>
<stack-size id="318">0.99451</stack-size>
<stack-size id="477">1.49333</stack-size>
<stack-size id="636">1.99216</stack-size>
<stack-size id="795">2.49098</stack-size>
<stack-size id="954">2.7702</stack-size>
<stack-size id="1113">3.15608</stack-size>
<stack-size id="1272">3.53255</stack-size>
<stack-size id="1431">4.00314</stack-size>
<stack-size id="1590">4.0502</stack-size>
<stack-size id="1749">4.03451</stack-size>
<stack-size id="1908">4.16627</stack-size>
<stack-size id="2067">4.41098</stack-size>
<stack-size id="2226">4.38588</stack-size>
<stack-size id="2385">4.38275</stack-size>
<stack-size id="2544">4.40157</stack-size>
<stack-size id="2703">4.32314</stack-size>
<stack-size id="2862">4.32941</stack-size>
<stack-size id="3021">4.33569</stack-size>
<stack-size id="3180">4.30745</stack-size>
<stack-size id="3339">4.30431</stack-size>
<stack-size id="3498">4.30118</stack-size>
<stack-size id="3657">4.29804</stack-size>
<stack-size id="3816">4.2949</stack-size>
<stack-size id="3975">4.29176</stack-size>
<stack-size id="4134">4.28863</stack-size>
<stack-size id="4293">4.36078</stack-size>
<stack-size id="4452">4.31059</stack-size>
<stack-size id="4611">4.30745</stack-size>
<stack-size id="4770">4.35765</stack-size>
<stack-size id="4929">4.32941</stack-size>
<stack-size id="5088">4.2949</stack-size>
<stack-size id="5247">4.29176</stack-size>
<stack-size id="5406">4.28863</stack-size>
<stack-size id="5565">4.28549</stack-size>
<stack-size id="5724">4.28235</stack-size>
<stack-size id="5883">4.36392</stack-size>
<stack-size id="6042">4.47059</stack-size>
<stack-size id="6201">4.96941</stack-size>
<stack-size id="6360">5.46824</stack-size>
<stack-size id="6519">5.96706</stack-size>
<stack-size id="6678">5.9451</stack-size>
<stack-size id="6837">5.90431</stack-size>
<stack-size id="6996">5.99216</stack-size>
<stack-size id="7155">5.90745</stack-size>
<stack-size id="7314">5.93255</stack-size>
<stack-size id="7473">5.90118</stack-size>
<stack-size id="7632">5.92314</stack-size>
<stack-size id="7791">5.91373</stack-size>
<stack-size id="7950">5.87294</stack-size>
<stack-size id="8109">5.92627</stack-size>
<stack-size id="8268">5.95451</stack-size>
<stack-size id="8427">5.92941</stack-size>
<stack-size id="8586">5.93255</stack-size>
<stack-size id="8745">5.91059</stack-size>
<stack-size id="8904">5.89804</stack-size>
<stack-size id="9063">5.91686</stack-size>
<stack-size id="9222">5.95765</stack-size>
<stack-size id="9381">6.21176</stack-size>
<stack-size id="9540">6.71059</stack-size>
<stack-size id="9699">6.94588</stack-size>
<stack-size id="9858">6.99294</stack-size>
<stack-size id="10017">7.00863</stack-size>
<stack-size id="10176">6.9898</stack-size>
<stack-size id="10335">7.19373</stack-size>
<stack-size id="10494">7.41333</stack-size>
<stack-size id="10653">7.78667</stack-size>
<stack-size id="10812">7.91843</stack-size>
<stack-size id="10971">7.94667</stack-size>
<stack-size id="11130">8.25725</stack-size>
<stack-size id="11289">8.24471</stack-size>
<stack-size id="11448">8.3702</stack-size>
<stack-size id="11607">8.7498</stack-size>
<stack-size id="11766">9.23294</stack-size>
<stack-size id="11925">9.45255</stack-size>
<stack-size id="12084">9.8102</stack-size>
<stack-size id="12243">9.82588</stack-size>
<stack-size id="12402">9.88235</stack-size>
<stack-size id="12561">9.85725</stack-size>
<stack-size id="12720">10.0047</stack-size>
<stack-size id="12879">10.2682</stack-size>
<stack-size id="13038">10.4471</stack-size>
<stack-size id="13197">10.4502</stack-size>
<stack-size id="13356">10.4596</stack-size>
<stack-size id="13515">10.5318</stack-size>
<stack-size id="13674">10.9427</stack-size>
<stack-size id="13833">11.2063</stack-size>
<stack-size id="13992">11.3129</stack-size>
<stack-size id="14151">11.4071</stack-size>
<stack-size id="14310">11.4353</stack-size>
<stack-size id="14469">11.5263</stack-size>
<stack-size id="14628">11.7584</stack-size>
<stack-size id="14787">11.8243</stack-size>
<stack-size id="14946">11.7584</stack-size>
<stack-size id="15105">11.9749</stack-size>
<stack-size id="15264">12.1286</stack-size>
<stack-size id="15423">12.1129</stack-size>
<stack-size id="15582">12.1569</stack-size>
<stack-size id="15741">12.0753</stack-size>
<stack-size id="15900">12.0565</stack-size>
<stack-size id="16059">12.0722</stack-size>
<stack-size id="16218">12.0596</stack-size>
<stack-size id="16377">12.0878</stack-size>
<stack-size id="16536">12.0502</stack-size>
<stack-size id="16695">12.0408</stack-size>
<stack-size id="16854">12</stack-size>
<stack-size id="17013">12.0188</stack-size>
<stack-size id="17172">11.9875</stack-size>
<stack-size id="17331">11.9184</stack-size>
<stack-size id="17490">11.9278</stack-size>
<stack-size id="17649">11.9153</stack-size>
<stack-size id="17808">11.9341</stack-size>
<stack-size id="17967">11.9529</stack-size>
<stack-size id="18126">11.931</stack-size>
<stack-size id="18285">11.9216</stack-size>
<stack-size id="18444">11.9561</stack-size>
<stack-size id="18603">11.9655</stack-size>
<stack-size id="18762">11.9216</stack-size>
<stack-size id="18921">11.909</stack-size>
<stack-size id="19080">11.8808</stack-size>
<stack-size id="19239">11.931</stack-size>
<stack-size id="19398">11.9122</stack-size>
<stack-size id="19557">11.9027</stack-size>
<stack-size id="19716">11.8902</stack-size>
<stack-size id="19875">11.8933</stack-size>
<stack-size id="20034">11.8745</stack-size>
<stack-size id="20193">11.8275</stack-size>
<stack-size id="20352">11.7114</stack-size>
<stack-size id="20511">11.702</stack-size>
<stack-size id="20670">11.7396</stack-size>
<stack-size id="20829">11.7898</stack-size>
<stack-size id="20988">11.7992</stack-size>
<stack-size id="21147">11.771</stack-size>
<stack-size id="21306">11.7773</stack-size>
<stack-size id="21465">11.9059</stack-size>
<stack-size id="21624">12.4047</stack-size>
<stack-size id="21783">12.8345</stack-size>
<stack-size id="21942">12.7749</stack-size>
<stack-size id="22101">12.7592</stack-size>
<stack-size id="22260">12.5114</stack-size>
<stack-size id="22419">12.4267</stack-size>
<stack-size id="22578">12.1318</stack-size>
<stack-size id="22737">11.7867</stack-size>
<stack-size id="22896">11.7459</stack-size>
<stack-size id="23055">11.7678</stack-size>
<stack-size id="23214">11.749</stack-size>
<stack-size id="23373">11.7208</stack-size>
<stack-size id="23532">11.5639</stack-size>
<stack-size id="23691">11.6016</stack-size>
<stack-size id="23850">11.6016</stack-size>
<stack-size id="24009">11.5576</stack-size>
<stack-size id="24168">11.2941</stack-size>
<stack-size id="24327">11.2878</stack-size>
<stack-size id="24486">11.2063</stack-size>
<stack-size id="24645">11.1843</stack-size>
<stack-size id="24804">11.2282</stack-size>
<stack-size id="24963">11.2125</stack-size>
<stack-size id="25122">11.2282</stack-size>
<stack-size id="25281">11.2941</stack-size>
<stack-size id="25440">11.2596</stack-size>
<stack-size id="25599">11.2565</stack-size>
<stack-size id="25758">11.3694</stack-size>
<stack-size id="25917">11.2439</stack-size>
<stack-size id="26076">11.1875</stack-size>
<stack-size id="26235">11.1435</stack-size>
<stack-size id="26394">10.7451</stack-size>
<stack-size id="26553">10.7388</stack-size>
<stack-size id="26712">10.4251</stack-size>
<stack-size id="26871">9.43059</stack-size>
<stack-size id="27030">8.78118</stack-size>
<stack-size id="27189">8.72471</stack-size>
<stack-size id="27348">8.71843</stack-size>
<stack-size id="27507">8.72157</stack-size>
<stack-size id="27666">8.68706</stack-size>
<stack-size id="27825">8.33569</stack-size>
<stack-size id="27984">8.28863</stack-size>
<stack-size id="28143">8.2698</stack-size>
<stack-size id="28302">8.2949</stack-size>
<stack-size id="28461">8.29176</stack-size>
<stack-size id="28620">8.26039</stack-size>
<stack-size id="28779">8.29804</stack-size>
<stack-size id="28938">8.26353</stack-size>
<stack-size id="29097">8.2698</stack-size>
<stack-size id="29256">8.24784</stack-size>
<stack-size id="29415">8.2102</stack-size>
<stack-size id="29574">7.90902</stack-size>
<stack-size id="29733">7.86824</stack-size>
<stack-size id="29892">7.52314</stack-size>
<stack-size id="30051">5.58431</stack-size>
<stack-size id="30210">1.95451</stack-size>
<stack-size id="30369">0.178824</stack-size>
<stack-size id="30528">0.552157</stack-size>
<stack-size id="30687">0.401569</stack-size>
<stack-size id="30846">0.417255</stack-size>
<stack-size id="31005">0.385882</stack-size>
<stack-size id="31164">0.263529</stack-size>
<stack-size id="31323">0.511373</stack-size>
<stack-size id="31482">0.414118</stack-size>
<stack-size id="31641">0.414118</stack-size>
<stack-size id="31800">0.379608</stack-size>
<max-stack>4095</max-stack>
<front-edges>31874</front-edges>
<back-edges>3588</back-edges>
<cross-edges>53059</cross-edges>
<shortest-cycle>17</shortest-cycle>
</dfs-info>
<rw-info>
<coverage step="3180">5.98902</coverage>
<coverage step="6360">9.24863</coverage>
<coverage step="9540">11.7208</coverage>
<coverage step="12720">14.0267</coverage>
<coverage step="15900">15.9247</coverage>
<coverage step="19080">17.3427</coverage>
<coverage step="22260">18.5694</coverage>
<coverage step="25440">19.7427</coverage>
<coverage step="28620">20.8094</coverage>
<coverage step="31800">21.6784</coverage>
<coverage step="34980">22.5945</coverage>
<coverage step="38160">23.3255</coverage>
<coverage step="41340">23.9153</coverage>
<coverage step="44520">24.8</coverage>
<coverage step="47700">25.4525</coverage>
<coverage step="50880">26.1616</coverage>
<coverage step="54060">26.8675</coverage>
<coverage step="57240">27.5137</coverage>
<coverage step="60420">28.138</coverage>
<coverage step="63600">28.6871</coverage>
<coverage step="66780">29.1325</coverage>
<coverage step="69960">29.4871</coverage>
<coverage step="73140">29.8855</coverage>
<coverage step="76320">30.1773</coverage>
<coverage step="79500">30.4753</coverage>
<coverage step="82680">31.0275</coverage>
<coverage step="85860">31.6141</coverage>
<coverage step="89040">32.0439</coverage>
<coverage step="92220">32.342</coverage>
<coverage step="95400">32.6243</coverage>
<coverage step="98580">32.8816</coverage>
<coverage step="101760">33.1075</coverage>
<coverage step="104940">33.4086</coverage>
<coverage step="108120">33.6816</coverage>
<coverage step="111300">33.9137</coverage>
<coverage step="114480">34.1145</coverage>
<coverage step="117660">34.331</coverage>
<coverage step="120840">34.5129</coverage>
<coverage step="124020">34.6667</coverage>
<coverage step="127200">34.8737</coverage>
<coverage step="130380">35.1561</coverage>
<coverage step="133560">35.4227</coverage>
<coverage step="136740">35.7459</coverage>
<coverage step="139920">35.9686</coverage>
<coverage step="143100">36.3231</coverage>
<coverage step="146280">36.4957</coverage>
<coverage step="149460">36.8188</coverage>
<coverage step="152640">37.0259</coverage>
<coverage step="155820">37.1545</coverage>
<coverage step="159000">37.4243</coverage>
<coverage step="162180">37.6533</coverage>
<coverage step="165360">37.9827</coverage>
<coverage step="168540">38.102</coverage>
<coverage step="171720">38.3122</coverage>
<coverage step="174900">38.4314</coverage>
<coverage step="178080">38.5412</coverage>
<coverage step="181260">38.9051</coverage>
<coverage step="184440">39.2376</coverage>
<coverage step="187620">39.3788</coverage>
<coverage step="190800">39.5482</coverage>
<coverage step="193980">39.7145</coverage>
<coverage step="197160">39.84</coverage>
<coverage step="200340">40.1035</coverage>
<coverage step="203520">40.2604</coverage>
<coverage step="206700">40.4173</coverage>
<coverage step="209880">40.5867</coverage>
<coverage step="213060">40.6808</coverage>
<coverage step="216240">40.7561</coverage>
<coverage step="219420">40.9035</coverage>
<coverage step="222600">41.0196</coverage>
<coverage step="225780">41.1827</coverage>
<coverage step="228960">41.3396</coverage>
<coverage step="232140">41.5216</coverage>
<coverage step="235320">41.578</coverage>
<coverage step="238500">41.6847</coverage>
<coverage step="241680">41.8824</coverage>
<coverage step="244860">42.0769</coverage>
<coverage step="248040">42.1773</coverage>
<coverage step="251220">42.2557</coverage>
<coverage step="254400">42.3184</coverage>
<coverage step="257580">42.3937</coverage>
<coverage step="260760">42.5725</coverage>
<coverage step="263940">42.6478</coverage>
<coverage step="267120">42.8016</coverage>
<coverage step="270300">42.9459</coverage>
<coverage step="273480">43.0275</coverage>
<coverage step="276660">43.131</coverage>
<coverage step="279840">43.3255</coverage>
<coverage step="283020">43.3757</coverage>
<coverage step="286200">43.4761</coverage>
<coverage step="289380">43.5608</coverage>
<coverage step="292560">43.5984</coverage>
<coverage step="295740">43.6267</coverage>
<coverage step="298920">43.7616</coverage>
<coverage step="302100">43.8275</coverage>
<coverage step="305280">43.9592</coverage>
<coverage step="308460">44.0533</coverage>
<coverage step="311640">44.1412</coverage>
<coverage step="314820">44.3043</coverage>
<coverage step="318000">44.3545</coverage>
<rw-visits order="1">2360</rw-visits>
<rw-visits order="71">381</rw-visits>
<rw-visits order="141">246</rw-visits>
<rw-visits order="211">201</rw-visits>
<rw-visits order="281">167</rw-visits>
<rw-visits order="351">145</rw-visits>
<rw-visits order="421">129</rw-visits>
<rw-visits order="491">116</rw-visits>
<rw-visits order="561">105</rw-visits>
<rw-visits order="631">97</rw-visits>
<rw-visits order="701">89</rw-visits>
<rw-visits order="771">82</rw-visits>
<rw-visits order="841">76</rw-visits>
<rw-visits order="911">71</rw-visits>
<rw-visits order="981">66</rw-visits>
<rw-visits order="1051">63</rw-visits>
<rw-visits order="1121">60</rw-visits>
<rw-visits order="1191">57</rw-visits>
<rw-visits order="1261">55</rw-visits>
<rw-visits order="1331">53</rw-visits>
<rw-visits order="1401">50</rw-visits>
<rw-visits order="1471">48</rw-visits>
<rw-visits order="1541">46</rw-visits>
<rw-visits order="1611">44</rw-visits>
<rw-visits order="1681">43</rw-visits>
<rw-visits order="1751">41</rw-visits>
<rw-visits order="1821">40</rw-visits>
<rw-visits order="1891">39</rw-visits>
<rw-visits order="1961">37</rw-visits>
<rw-visits order="2031">36</rw-visits>
<rw-visits order="2101">35</rw-visits>
<rw-visits order="2171">34</rw-visits>
<rw-visits order="2241">33</rw-visits>
<rw-visits order="2311">31</rw-visits>
<rw-visits order="2381">30</rw-visits>
<rw-visits order="2451">30</rw-visits>
<rw-visits order="2521">29</rw-visits>
<rw-visits order="2591">28</rw-visits>
<rw-visits order="2661">27</rw-visits>
<rw-visits order="2731">26</rw-visits>
<rw-visits order="2801">25</rw-visits>
<rw-visits order="2871">24</rw-visits>
<rw-visits order="2941">23</rw-visits>
<rw-visits order="3011">23</rw-visits>
<rw-visits order="3081">22</rw-visits>
<rw-visits order="3151">21</rw-visits>
<rw-visits order="3221">21</rw-visits>
<rw-visits order="3291">20</rw-visits>
<rw-visits order="3361">20</rw-visits>
<rw-visits order="3431">19</rw-visits>
<rw-visits order="3501">19</rw-visits>
<rw-visits order="3571">18</rw-visits>
<rw-visits order="3641">18</rw-visits>
<rw-visits order="3711">17</rw-visits>
<rw-visits order="3781">17</rw-visits>
<rw-visits order="3851">16</rw-visits>
<rw-visits order="3921">16</rw-visits>
<rw-visits order="3991">15</rw-visits>
<rw-visits order="4061">15</rw-visits>
<rw-visits order="4131">15</rw-visits>
<rw-visits order="4201">14</rw-visits>
<rw-visits order="4271">14</rw-visits>
<rw-visits order="4341">13</rw-visits>
<rw-visits order="4411">13</rw-visits>
<rw-visits order="4481">13</rw-visits>
<rw-visits order="4551">12</rw-visits>
<rw-visits order="4621">12</rw-visits>
<rw-visits order="4691">12</rw-visits>
<rw-visits order="4761">12</rw-visits>
<rw-visits order="4831">11</rw-visits>
<rw-visits order="4901">11</rw-visits>
<rw-visits order="4971">11</rw-visits>
<rw-visits order="5041">11</rw-visits>
<rw-visits order="5111">10</rw-visits>
<rw-visits order="5181">10</rw-visits>
<rw-visits order="5251">10</rw-visits>
<rw-visits order="5321">10</rw-visits>
<rw-visits order="5391">10</rw-visits>
<rw-visits order="5461">9</rw-visits>
<rw-visits order="5531">9</rw-visits>
<rw-visits order="5601">9</rw-visits>
<rw-visits order="5671">9</rw-visits>
<rw-visits order="5741">8</rw-visits>
<rw-visits order="5811">8</rw-visits>
<rw-visits order="5881">8</rw-visits>
<rw-visits order="5951">8</rw-visits>
<rw-visits order="6021">8</rw-visits>
<rw-visits order="6091">8</rw-visits>
<rw-visits order="6161">7</rw-visits>
<rw-visits order="6231">7</rw-visits>
<rw-visits order="6301">7</rw-visits>
<rw-visits order="6371">7</rw-visits>
<rw-visits order="6441">7</rw-visits>
<rw-visits order="6511">7</rw-visits>
<rw-visits order="6581">6</rw-visits>
<rw-visits order="6651">6</rw-visits>
<rw-visits order="6721">6</rw-visits>
<rw-visits order="6791">6</rw-visits>
<rw-visits order="6861">6</rw-visits>
<rw-visits order="6931">6</rw-visits>
<rw-visits order="7001">6</rw-visits>
<rw-visits order="7071">5</rw-visits>
<rw-visits order="7141">5</rw-visits>
<rw-visits order="7211">5</rw-visits>
<rw-visits order="7281">5</rw-visits>
<rw-visits order="7351">5</rw-visits>
<rw-visits order="7421">5</rw-visits>
<rw-visits order="7491">5</rw-visits>
<rw-visits order="7561">5</rw-visits>
<rw-visits order="7631">5</rw-visits>
<rw-visits order="7701">4</rw-visits>
<rw-visits order="7771">4</rw-visits>
<rw-visits order="7841">4</rw-visits>
<rw-visits order="7911">4</rw-visits>
<rw-visits order="7981">4</rw-visits>
<rw-visits order="8051">4</rw-visits>
<rw-visits order="8121">4</rw-visits>
<rw-visits order="8191">4</rw-visits>
<rw-visits order="8261">4</rw-visits>
<rw-visits order="8331">4</rw-visits>
<rw-visits order="8401">4</rw-visits>
<rw-visits order="8471">4</rw-visits>
<rw-visits order="8541">3</rw-visits>
<rw-visits order="8611">3</rw-visits>
<rw-visits order="8681">3</rw-visits>
<rw-visits order="8751">3</rw-visits>
<rw-visits order="8821">3</rw-visits>
<rw-visits order="8891">3</rw-visits>
<rw-visits order="8961">3</rw-visits>
<rw-visits order="9031">3</rw-visits>
<rw-visits order="9101">3</rw-visits>
<rw-visits order="9171">3</rw-visits>
<rw-visits order="9241">3</rw-visits>
<rw-visits order="9311">3</rw-visits>
<rw-visits order="9381">3</rw-visits>
<rw-visits order="9451">3</rw-visits>
<rw-visits order="9521">3</rw-visits>
<rw-visits order="9591">3</rw-visits>
<rw-visits order="9661">2</rw-visits>
<rw-visits order="9731">2</rw-visits>
<rw-visits order="9801">2</rw-visits>
<rw-visits order="9871">2</rw-visits>
<rw-visits order="9941">2</rw-visits>
<rw-visits order="10011">2</rw-visits>
<rw-visits order="10081">2</rw-visits>
<rw-visits order="10151">2</rw-visits>
<rw-visits order="10221">2</rw-visits>
<rw-visits order="10291">2</rw-visits>
<rw-visits order="10361">2</rw-visits>
<rw-visits order="10431">2</rw-visits>
<rw-visits order="10501">2</rw-visits>
<rw-visits order="10571">2</rw-visits>
<rw-visits order="10641">2</rw-visits>
<rw-visits order="10711">2</rw-visits>
<rw-visits order="10781">2</rw-visits>
<rw-visits order="10851">2</rw-visits>
<rw-visits order="10921">2</rw-visits>
<rw-visits order="10991">2</rw-visits>
<rw-visits order="11061">2</rw-visits>
<rw-visits order="11131">2</rw-visits>
<rw-visits order="11201">1</rw-visits>
<rw-visits order="11271">1</rw-visits>
<rw-visits order="11341">1</rw-visits>
<rw-visits order="11411">1</rw-visits>
<rw-visits order="11481">1</rw-visits>
<rw-visits order="11551">1</rw-visits>
<rw-visits order="11621">1</rw-visits>
<rw-visits order="11691">1</rw-visits>
<rw-visits order="11761">1</rw-visits>
<rw-visits order="11831">1</rw-visits>
<rw-visits order="11901">1</rw-visits>
<rw-visits order="11971">1</rw-visits>
<rw-visits order="12041">1</rw-visits>
<rw-visits order="12111">1</rw-visits>
<rw-visits order="12181">1</rw-visits>
<rw-visits order="12251">1</rw-visits>
<rw-visits order="12321">1</rw-visits>
<rw-visits order="12391">1</rw-visits>
<rw-visits order="12461">1</rw-visits>
<rw-visits order="12531">1</rw-visits>
<rw-visits order="12601">1</rw-visits>
<rw-visits order="12671">1</rw-visits>
<rw-visits order="12741">1</rw-visits>
<rw-visits order="12811">1</rw-visits>
<rw-visits order="12881">1</rw-visits>
<rw-visits order="12951">1</rw-visits>
<rw-visits order="13021">1</rw-visits>
<rw-visits order="13091">1</rw-visits>
<rw-visits order="13161">1</rw-visits>
<rw-visits order="13231">1</rw-visits>
<rw-visits order="13301">1</rw-visits>
<rw-visits order="13371">1</rw-visits>
<rw-visits order="13441">1</rw-visits>
<rw-visits order="13511">1</rw-visits>
<rw-visits order="13581">1</rw-visits>
<rw-visits order="13651">1</rw-visits>
<rw-visits order="13721">1</rw-visits>
<rw-visits order="13791">1</rw-visits>
<rw-visits order="13861">1</rw-visits>
<rw-visits order="13931">1</rw-visits>
<rw-visits order="14001">1</rw-visits>
<rw-visits order="14071">1</rw-visits>
<rw-visits order="14141">1</rw-visits>
<final-coverage>44.3859</final-coverage>
</rw-info>
<local-info>
<diamonds>98.0894</diamonds>
<neighborhood k="4">28</neighborhood>
<clustering k="4">1.66889</clustering>
</local-info>
<label-info>
<edge-label id="0.0">1113</edge-label>
<edge-label id="0.1">2712</edge-label>
<edge-label id="0.10">2947</edge-label>
<edge-label id="0.11">291</edge-label>
<edge-label id="0.12">894</edge-label>
<edge-label id="0.13">1811</edge-label>
<edge-label id="0.14">240</edge-label>
<edge-label id="0.15">240</edge-label>
<edge-label id="0.16">1365</edge-label>
<edge-label id="0.17">1473</edge-label>
<edge-label id="0.18">1201</edge-label>
<edge-label id="0.19">1250</edge-label>
<edge-label id="0.2">806</edge-label>
<edge-label id="0.20">669</edge-label>
<edge-label id="0.22">1113</edge-label>
<edge-label id="0.23">1113</edge-label>
<edge-label id="0.3">806</edge-label>
<edge-label id="0.4">1926</edge-label>
<edge-label id="0.5">1134</edge-label>
<edge-label id="0.6">3073</edge-label>
<edge-label id="0.7">1445</edge-label>
<edge-label id="0.8">1365</edge-label>
<edge-label id="0.9">1122</edge-label>
<edge-label id="1.0">1696</edge-label>
<edge-label id="1.1">2067</edge-label>
<edge-label id="1.10">2761</edge-label>
<edge-label id="1.11">294</edge-label>
<edge-label id="1.12">912</edge-label>
<edge-label id="1.13">1091</edge-label>
<edge-label id="1.14">231</edge-label>
<edge-label id="1.15">231</edge-label>
<edge-label id="1.16">1441</edge-label>
<edge-label id="1.17">1497</edge-label>
<edge-label id="1.18">1456</edge-label>
<edge-label id="1.19">1518</edge-label>
<edge-label id="1.2">727</edge-label>
<edge-label id="1.20">811</edge-label>
<edge-label id="1.21">215</edge-label>
<edge-label id="1.22">884</edge-label>
<edge-label id="1.23">884</edge-label>
<edge-label id="1.3">727</edge-label>
<edge-label id="1.4">2139</edge-label>
<edge-label id="1.5">1085</edge-label>
<edge-label id="1.6">2934</edge-label>
<edge-label id="1.7">1394</edge-label>
<edge-label id="1.8">1441</edge-label>
<edge-label id="1.9">1081</edge-label>
<edge-label id="2.0">1586</edge-label>
<edge-label id="2.1">1989</edge-label>
<edge-label id="2.10">2730</edge-label>
<edge-label id="2.11">277</edge-label>
<edge-label id="2.12">953</edge-label>
<edge-label id="2.13">886</edge-label>
<edge-label id="2.14">227</edge-label>
<edge-label id="2.15">227</edge-label>
<edge-label id="2.16">1433</edge-label>
<edge-label id="2.17">1405</edge-label>
<edge-label id="2.18">1558</edge-label>
<edge-label id="2.19">1459</edge-label>
<edge-label id="2.2">772</edge-label>
<edge-label id="2.20">945</edge-label>
<edge-label id="2.21">358</edge-label>
<edge-label id="2.22">773</edge-label>
<edge-label id="2.23">773</edge-label>
<edge-label id="2.3">772</edge-label>
<edge-label id="2.4">1997</edge-label>
<edge-label id="2.5">1057</edge-label>
<edge-label id="2.6">2884</edge-label>
<edge-label id="2.7">1344</edge-label>
<edge-label id="2.8">1433</edge-label>
<edge-label id="2.9">1057</edge-label>
<state-labels procid="0">
<label id="[{0|0|0},{0|0|0},{0|0|0}]">4</label>
<label id="[{0|0|0},{0|0|0},{0|0|1}]">26</label>
<label id="[{0|0|0},{0|0|0},{0|1|0}]">24</label>
<label id="[{0|0|0},{0|0|0},{0|1|1}]">156</label>
<label id="[{0|0|0},{0|0|0},{1|0|0}]">36</label>
<label id="[{0|0|0},{0|0|0},{1|0|1}]">250</label>
<label id="[{0|0|0},{0|0|0},{1|1|0}]">248</label>
<label id="[{0|0|0},{0|0|0},{1|1|1}]">1660</label>
<label id="[{0|0|0},{0|0|1},{0|0|0}]">12</label>
<label id="[{0|0|0},{0|0|1},{0|0|1}]">8</label>
<label id="[{0|0|0},{0|0|1},{0|1|0}]">81</label>
<label id="[{0|0|0},{0|0|1},{0|1|1}]">32</label>
<label id="[{0|0|0},{0|0|1},{1|0|0}]">123</label>
<label id="[{0|0|0},{0|0|1},{1|0|1}]">48</label>
<label id="[{0|0|0},{0|0|1},{1|1|0}]">681</label>
<label id="[{0|0|0},{0|0|1},{1|1|1}]">216</label>
<label id="[{0|0|0},{0|1|0},{0|0|0}]">12</label>
<label id="[{0|0|0},{0|1|0},{0|0|1}]">70</label>
<label id="[{0|0|0},{0|1|0},{0|1|0}]">8</label>
<label id="[{0|0|0},{0|1|0},{0|1|1}]">32</label>
<label id="[{0|0|0},{0|1|0},{1|0|0}]">100</label>
<label id="[{0|0|0},{0|1|0},{1|0|1}]">528</label>
<label id="[{0|0|0},{0|1|0},{1|1|0}]">48</label>
<label id="[{0|0|0},{0|1|0},{1|1|1}]">192</label>
<label id="[{0|0|0},{0|1|1},{0|0|0}]">168</label>
<label id="[{0|0|0},{0|1|1},{0|0|1}]">68</label>
<label id="[{0|0|0},{0|1|1},{0|1|0}]">68</label>
<label id="[{0|0|0},{0|1|1},{0|1|1}]">16</label>
<label id="[{0|0|0},{0|1|1},{1|0|0}]">1154</label>
<label id="[{0|0|0},{0|1|1},{1|0|1}]">400</label>
<label id="[{0|0|0},{0|1|1},{1|1|0}]">364</label>
<label id="[{0|0|0},{0|1|1},{1|1|1}]">96</label>
<label id="[{0|0|0},{1|0|0},{0|0|0}]">24</label>
<label id="[{0|0|0},{1|0|0},{0|0|1}]">94</label>
<label id="[{0|0|0},{1|0|0},{0|1|0}]">86</label>
<label id="[{0|0|0},{1|0|0},{0|1|1}]">356</label>
<label id="[{0|0|0},{1|0|0},{1|0|0}]">16</label>
<label id="[{0|0|0},{1|0|0},{1|0|1}]">56</label>
<label id="[{0|0|0},{1|0|0},{1|1|0}]">48</label>
<label id="[{0|0|0},{1|0|0},{1|1|1}]">168</label>
<label id="[{0|0|0},{1|0|1},{0|0|0}]">234</label>
<label id="[{0|0|0},{1|0|1},{0|0|1}]">88</label>
<label id="[{0|0|0},{1|0|1},{0|1|0}]">1016</label>
<label id="[{0|0|0},{1|0|1},{0|1|1}]">352</label>
<label id="[{0|0|0},{1|0|1},{1|0|0}]">116</label>
<label id="[{0|0|0},{1|0|1},{1|0|1}]">32</label>
<label id="[{0|0|0},{1|0|1},{1|1|0}]">400</label>
<label id="[{0|0|0},{1|0|1},{1|1|1}]">96</label>
<label id="[{0|0|0},{1|1|0},{0|0|0}]">240</label>
<label id="[{0|0|0},{1|1|0},{0|0|1}]">1144</label>
<label id="[{0|0|0},{1|1|0},{0|1|0}]">104</label>
<label id="[{0|0|0},{1|1|0},{0|1|1}]">420</label>
<label id="[{0|0|0},{1|1|0},{1|0|0}]">104</label>
<label id="[{0|0|0},{1|1|0},{1|0|1}]">436</label>
<label id="[{0|0|0},{1|1|0},{1|1|0}]">32</label>
<label id="[{0|0|0},{1|1|0},{1|1|1}]">112</label>
<label id="[{0|0|0},{1|1|1},{0|0|0}]">3372</label>
<label id="[{0|0|0},{1|1|1},{0|0|1}]">1120</label>
<label id="[{0|0|0},{1|1|1},{0|1|0}]">1088</label>
<label id="[{0|0|0},{1|1|1},{0|1|1}]">272</label>
<label id="[{0|0|0},{1|1|1},{1|0|0}]">1120</label>
<label id="[{0|0|0},{1|1|1},{1|0|1}]">272</label>
<label id="[{0|0|0},{1|1|1},{1|1|0}]">272</label>
<label id="[{0|0|0},{1|1|1},{1|1|1}]">64</label>
<label id="[{0|0|1},{0|0|0},{0|0|0}]">10</label>
<label id="[{0|0|1},{0|0|0},{0|1|0}]">39</label>
<label id="[{0|0|1},{0|0|0},{1|0|0}]">44</label>
<label id="[{0|0|1},{0|0|0},{1|1|0}]">230</label>
<label id="[{0|0|1},{0|1|0},{0|0|0}]">75</label>
<label id="[{0|0|1},{0|1|0},{0|1|0}]">17</label>
<label id="[{0|0|1},{0|1|0},{1|0|0}]">320</label>
<label id="[{0|0|1},{0|1|0},{1|1|0}]">76</label>
<label id="[{0|0|1},{1|0|0},{0|0|0}]">110</label>
<label id="[{0|0|1},{1|0|0},{0|1|0}]">343</label>
<label id="[{0|0|1},{1|0|0},{1|0|0}]">32</label>
<label id="[{0|0|1},{1|0|0},{1|1|0}]">69</label>
<label id="[{0|0|1},{1|1|0},{0|0|0}]">1080</label>
<label id="[{0|0|1},{1|1|0},{0|1|0}]">255</label>
<label id="[{0|0|1},{1|1|0},{1|0|0}]">240</label>
<label id="[{0|0|1},{1|1|0},{1|1|0}]">55</label>
<label id="[{0|1|0},{0|0|0},{0|0|0}]">10</label>
<label id="[{0|1|0},{0|0|0},{0|0|1}]">51</label>
<label id="[{0|1|0},{0|0|0},{1|0|0}]">44</label>
<label id="[{0|1|0},{0|0|0},{1|0|1}]">244</label>
<label id="[{0|1|0},{0|0|1},{0|0|0}]">85</label>
<label id="[{0|1|0},{0|0|1},{0|0|1}]">16</label>
<label id="[{0|1|0},{0|0|1},{1|0|0}]">306</label>
<label id="[{0|1|0},{0|0|1},{1|0|1}]">60</label>
<label id="[{0|1|0},{1|0|0},{0|0|0}]">110</label>
<label id="[{0|1|0},{1|0|0},{0|0|1}]">371</label>
<label id="[{0|1|0},{1|0|0},{1|0|0}]">24</label>
<label id="[{0|1|0},{1|0|0},{1|0|1}]">68</label>
<label id="[{0|1|0},{1|0|1},{0|0|0}]">1045</label>
<label id="[{0|1|0},{1|0|1},{0|0|1}]">208</label>
<label id="[{0|1|0},{1|0|1},{1|0|0}]">204</label>
<label id="[{0|1|0},{1|0|1},{1|0|1}]">40</label>
<label id="[{0|1|1},{0|0|0},{0|0|0}]">25</label>
<label id="[{0|1|1},{0|0|0},{1|0|0}]">82</label>
<label id="[{0|1|1},{1|0|0},{0|0|0}]">325</label>
<label id="[{0|1|1},{1|0|0},{1|0|0}]">56</label>
<label id="[{1|0|0},{0|0|0},{0|0|0}]">20</label>
<label id="[{1|0|0},{0|0|0},{0|0|1}]">100</label>
<label id="[{1|0|0},{0|0|0},{0|1|0}]">72</label>
<label id="[{1|0|0},{0|0|0},{0|1|1}]">428</label>
<label id="[{1|0|0},{0|0|1},{0|0|0}]">135</label>
<label id="[{1|0|0},{0|0|1},{0|0|1}]">28</label>
<label id="[{1|0|0},{0|0|1},{0|1|0}]">492</label>
<label id="[{1|0|0},{0|0|1},{0|1|1}]">94</label>
<label id="[{1|0|0},{0|1|0},{0|0|0}]">100</label>
<label id="[{1|0|0},{0|1|0},{0|0|1}]">491</label>
<label id="[{1|0|0},{0|1|0},{0|1|0}]">22</label>
<label id="[{1|0|0},{0|1|0},{0|1|1}]">80</label>
<label id="[{1|0|0},{0|1|1},{0|0|0}]">1200</label>
<label id="[{1|0|0},{0|1|1},{0|0|1}]">238</label>
<label id="[{1|0|0},{0|1|1},{0|1|0}]">187</label>
<label id="[{1|0|0},{0|1|1},{0|1|1}]">38</label>
<label id="[{1|0|1},{0|0|0},{0|0|0}]">50</label>
<label id="[{1|0|1},{0|0|0},{0|1|0}]">153</label>
<label id="[{1|0|1},{0|1|0},{0|0|0}]">375</label>
<label id="[{1|0|1},{0|1|0},{0|1|0}]">49</label>
<label id="[{1|1|0},{0|0|0},{0|0|0}]">50</label>
<label id="[{1|1|0},{0|0|0},{0|0|1}]">213</label>
<label id="[{1|1|0},{0|0|1},{0|0|0}]">425</label>
<label id="[{1|1|0},{0|0|1},{0|0|1}]">58</label>
<label id="[{1|1|1},{0|0|0},{0|0|0}]">125</label>
</state-labels><state-labels procid="1">
<label id="[0,0]">1113</label>
<label id="[1,0]">1301</label>
<label id="[1,1]">1301</label>
<label id="[1,2]">1009</label>
<label id="[1,3]">806</label>
<label id="[10,1]">778</label>
<label id="[10,2]">472</label>
<label id="[10,3]">669</label>
<label id="[11,0]">1113</label>
<label id="[12,0]">1113</label>
<label id="[2,3]">806</label>
<label id="[3,1]">1037</label>
<label id="[3,2]">649</label>
<label id="[3,3]">1374</label>
<label id="[4,0]">1134</label>
<label id="[4,1]">1134</label>
<label id="[4,2]">1128</label>
<label id="[4,3]">1122</label>
<label id="[5,1]">698</label>
<label id="[5,2]">667</label>
<label id="[5,3]">1122</label>
<label id="[6,0]">1122</label>
<label id="[6,1]">1122</label>
<label id="[6,2]">994</label>
<label id="[6,3]">894</label>
<label id="[7,0]">1107</label>
<label id="[7,1]">1107</label>
<label id="[7,2]">464</label>
<label id="[7,3]">240</label>
<label id="[8,1]">698</label>
<label id="[8,2]">667</label>
<label id="[8,3]">240</label>
<label id="[9,0]">826</label>
<label id="[9,1]">826</label>
<label id="[9,2]">593</label>
<label id="[9,3]">429</label>
</state-labels><state-labels procid="2">
<label id="[0,0]">797</label>
<label id="[0,1]">899</label>
<label id="[1,0]">1091</label>
<label id="[1,1]">850</label>
<label id="[1,2]">850</label>
<label id="[1,3]">727</label>
<label id="[10,0]">783</label>
<label id="[10,2]">735</label>
<label id="[10,3]">811</label>
<label id="[11,0]">1022</label>
<label id="[11,1]">884</label>
<label id="[12,1]">884</label>
<label id="[2,3]">727</label>
<label id="[3,0]">976</label>
<label id="[3,2]">932</label>
<label id="[3,3]">1316</label>
<label id="[4,0]">1085</label>
<label id="[4,1]">1081</label>
<label id="[4,2]">1081</label>
<label id="[4,3]">1081</label>
<label id="[5,0]">766</label>
<label id="[5,2]">675</label>
<label id="[5,3]">1081</label>
<label id="[6,0]">1081</label>
<label id="[6,1]">987</label>
<label id="[6,2]">987</label>
<label id="[6,3]">912</label>
<label id="[7,0]">1058</label>
<label id="[7,1]">430</label>
<label id="[7,2]">430</label>
<label id="[7,3]">231</label>
<label id="[8,0]">766</label>
<label id="[8,2]">675</label>
<label id="[8,3]">231</label>
<label id="[9,0]">831</label>
<label id="[9,1]">771</label>
<label id="[9,2]">771</label>
<label id="[9,3]">580</label>
</state-labels><state-labels procid="3">
<label id="[0,0]">793</label>
<label id="[0,2]">793</label>
<label id="[1,0]">1045</label>
<label id="[1,1]">874</label>
<label id="[1,2]">772</label>
<label id="[1,3]">772</label>
<label id="[10,0]">754</label>
<label id="[10,1]">705</label>
<label id="[10,3]">945</label>
<label id="[11,0]">941</label>
<label id="[11,1]">869</label>
<label id="[11,2]">773</label>
<label id="[12,2]">773</label>
<label id="[2,3]">772</label>
<label id="[3,0]">901</label>
<label id="[3,1]">869</label>
<label id="[3,3]">1284</label>
<label id="[4,0]">1057</label>
<label id="[4,1]">1057</label>
<label id="[4,2]">1057</label>
<label id="[4,3]">1057</label>
<label id="[5,0]">754</label>
<label id="[5,1]">679</label>
<label id="[5,3]">1057</label>
<label id="[6,0]">1057</label>
<label id="[6,1]">997</label>
<label id="[6,2]">953</label>
<label id="[6,3]">953</label>
<label id="[7,0]">1053</label>
<label id="[7,1]">432</label>
<label id="[7,2]">227</label>
<label id="[7,3]">227</label>
<label id="[8,0]">754</label>
<label id="[8,1]">679</label>
<label id="[8,3]">227</label>
<label id="[9,0]">786</label>
<label id="[9,1]">741</label>
<label id="[9,2]">718</label>
<label id="[9,3]">718</label>
</state-labels></label-info>
</state-space-info>
