<?xml version="1.0"?>
<!DOCTYPE state-space-info SYSTEM "../../state_space_info.dtd">


<state-space-info>
<states>20264</states>
<edges>56701</edges>
<bfs-info>
 <levels>72</levels>
<max-level>801</max-level>

<back-level-edges>6916</back-level-edges>
<max-back-level-edge>26</max-back-level-edge>
<avg-back-level-edge>9.01764</avg-back-level-edge>
<bfs-levels>
<level id="0"><states>1</states><edges>3</edges></level>
<level id="1"><states>3</states><edges>9</edges></level>
<level id="2"><states>6</states><edges>18</edges></level>
<level id="3"><states>10</states><edges>30</edges></level>
<level id="4"><states>15</states><edges>45</edges></level>
<level id="5"><states>21</states><edges>63</edges></level>
<level id="6"><states>28</states><edges>84</edges></level>
<level id="7"><states>36</states><edges>108</edges></level>
<level id="8"><states>45</states><edges>135</edges></level>
<level id="9"><states>57</states><edges>171</edges></level>
<level id="10"><states>74</states><edges>222</edges></level>
<level id="11"><states>98</states><edges>294</edges></level>
<level id="12"><states>129</states><edges>387</edges></level>
<level id="13"><states>166</states><edges>496</edges></level>
<level id="14"><states>207</states><edges>615</edges></level>
<level id="15"><states>252</states><edges>744</edges></level>
<level id="16"><states>297</states><edges>873</edges></level>
<level id="17"><states>339</states><edges>994</edges></level>
<level id="18"><states>377</states><edges>1105</edges></level>
<level id="19"><states>419</states><edges>1228</edges></level>
<level id="20"><states>468</states><edges>1374</edges></level>
<level id="21"><states>526</states><edges>1544</edges></level>
<level id="22"><states>593</states><edges>1735</edges></level>
<level id="23"><states>663</states><edges>1927</edges></level>
<level id="24"><states>725</states><edges>2092</edges></level>
<level id="25"><states>770</states><edges>2208</edges></level>
<level id="26"><states>795</states><edges>2267</edges></level>
<level id="27"><states>801</states><edges>2273</edges></level>
<level id="28"><states>788</states><edges>2222</edges></level>
<level id="29"><states>764</states><edges>2151</edges></level>
<level id="30"><states>737</states><edges>2086</edges></level>
<level id="31"><states>721</states><edges>2041</edges></level>
<level id="32"><states>704</states><edges>1992</edges></level>
<level id="33"><states>689</states><edges>1953</edges></level>
<level id="34"><states>681</states><edges>1927</edges></level>
<level id="35"><states>678</states><edges>1901</edges></level>
<level id="36"><states>668</states><edges>1842</edges></level>
<level id="37"><states>645</states><edges>1746</edges></level>
<level id="38"><states>607</states><edges>1619</edges></level>
<level id="39"><states>560</states><edges>1461</edges></level>
<level id="40"><states>497</states><edges>1267</edges></level>
<level id="41"><states>433</states><edges>1082</edges></level>
<level id="42"><states>369</states><edges>914</edges></level>
<level id="43"><states>312</states><edges>762</edges></level>
<level id="44"><states>259</states><edges>630</edges></level>
<level id="45"><states>216</states><edges>527</edges></level>
<level id="46"><states>185</states><edges>464</edges></level>
<level id="47"><states>169</states><edges>435</edges></level>
<level id="48"><states>159</states><edges>419</edges></level>
<level id="49"><states>155</states><edges>416</edges></level>
<level id="50"><states>157</states><edges>427</edges></level>
<level id="51"><states>155</states><edges>428</edges></level>
<level id="52"><states>147</states><edges>406</edges></level>
<level id="53"><states>133</states><edges>371</edges></level>
<level id="54"><states>119</states><edges>337</edges></level>
<level id="55"><states>107</states><edges>302</edges></level>
<level id="56"><states>93</states><edges>262</edges></level>
<level id="57"><states>78</states><edges>220</edges></level>
<level id="58"><states>64</states><edges>181</edges></level>
<level id="59"><states>52</states><edges>152</edges></level>
<level id="60"><states>45</states><edges>133</edges></level>
<level id="61"><states>39</states><edges>115</edges></level>
<level id="62"><states>35</states><edges>103</edges></level>
<level id="63"><states>31</states><edges>91</edges></level>
<level id="64"><states>28</states><edges>82</edges></level>
<level id="65"><states>22</states><edges>65</edges></level>
<level id="66"><states>15</states><edges>44</edges></level>
<level id="67"><states>10</states><edges>30</edges></level>
<level id="68"><states>8</states><edges>24</edges></level>
<level id="69"><states>5</states><edges>15</edges></level>
<level id="70"><states>3</states><edges>9</edges></level>
<level id="71"><states>1</states><edges>3</edges></level>
</bfs-levels>
<back-level-length id="0">20.5176</back-level-length>
<back-level-length id="1">10.6275</back-level-length>
<back-level-length id="2">0.130133</back-level-length>
<back-level-length id="3">10.5408</back-level-length>
<back-level-length id="4">0</back-level-length>
<back-level-length id="5">0.520532</back-level-length>
<back-level-length id="6">0.303644</back-level-length>
<back-level-length id="7">1.8797</back-level-length>
<back-level-length id="8">15.7172</back-level-length>
<back-level-length id="9">11.5095</back-level-length>
<back-level-length id="10">2.83401</back-level-length>
<back-level-length id="11">0</back-level-length>
<back-level-length id="12">0.130133</back-level-length>
<back-level-length id="13">0.216888</back-level-length>
<back-level-length id="14">0.93985</back-level-length>
<back-level-length id="15">0.766339</back-level-length>
<back-level-length id="16">2.92076</back-level-length>
<back-level-length id="17">1.44592</back-level-length>
<back-level-length id="18">0.173511</back-level-length>
<back-level-length id="19">0.101215</back-level-length>
<back-level-length id="20">0</back-level-length>
<back-level-length id="21">0</back-level-length>
<back-level-length id="22">0.0144592</back-level-length>
<back-level-length id="23">0.0144592</back-level-length>
<back-level-length id="24">0.216888</back-level-length>
<back-level-length id="25">7.69231</back-level-length>
<back-level-length id="26">10.7866</back-level-length>
</bfs-info>
<degrees>
<avg>2.79811</avg>
<max-in>9</max-in>
<max-out>3</max-out>
<degree id="0"><in>0</in><out>0</out></degree>
<degree id="1"><in>1123</in><out>374</out></degree>
<degree id="2"><in>6219</in><out>3343</out></degree>
<degree id="3"><in>9262</in><out>16547</out></degree>
<degree id="4"><in>3015</in><out>0</out></degree>
<degree id="5"><in>601</in><out>0</out></degree>
<degree id="6"><in>21</in><out>0</out></degree>
<degree id="7"><in>22</in><out>0</out></degree>
<degree id="8"><in>0</in><out>0</out></degree>
<degree id="9"><in>1</in><out>0</out></degree>
</degrees>
<scc-info>
<count>4</count>
<height>2</height>
<nontrivial-height>2</nontrivial-height>
<trivial>0</trivial>
<terminal>1</terminal>
<largest>18913</largest>
<largest-position> the only terminal</largest-position>
</scc-info>
<dfs-info>
<stack-size id="101">0.498421</stack-size>
<stack-size id="202">0.996842</stack-size>
<stack-size id="303">1.49526</stack-size>
<stack-size id="404">1.99368</stack-size>
<stack-size id="505">2.4921</stack-size>
<stack-size id="606">2.99053</stack-size>
<stack-size id="707">3.48895</stack-size>
<stack-size id="808">3.98737</stack-size>
<stack-size id="909">4.48579</stack-size>
<stack-size id="1010">4.88551</stack-size>
<stack-size id="1111">5.38393</stack-size>
<stack-size id="1212">5.88235</stack-size>
<stack-size id="1313">6.38077</stack-size>
<stack-size id="1414">6.87919</stack-size>
<stack-size id="1515">7.28879</stack-size>
<stack-size id="1616">7.78721</stack-size>
<stack-size id="1717">8.25109</stack-size>
<stack-size id="1818">8.64094</stack-size>
<stack-size id="1919">8.8482</stack-size>
<stack-size id="2020">9.23312</stack-size>
<stack-size id="2121">9.42558</stack-size>
<stack-size id="2222">9.89933</stack-size>
<stack-size id="2323">10.0178</stack-size>
<stack-size id="2424">10.003</stack-size>
<stack-size id="2525">9.99803</stack-size>
<stack-size id="2626">9.98816</stack-size>
<stack-size id="2727">9.97335</stack-size>
<stack-size id="2828">9.97335</stack-size>
<stack-size id="2929">9.9092</stack-size>
<stack-size id="3030">9.88946</stack-size>
<stack-size id="3131">9.88452</stack-size>
<stack-size id="3232">9.88946</stack-size>
<stack-size id="3333">9.84998</stack-size>
<stack-size id="3434">9.84998</stack-size>
<stack-size id="3535">9.84998</stack-size>
<stack-size id="3636">9.84998</stack-size>
<stack-size id="3737">9.84998</stack-size>
<stack-size id="3838">9.84998</stack-size>
<stack-size id="3939">9.80063</stack-size>
<stack-size id="4040">9.80557</stack-size>
<stack-size id="4141">9.80557</stack-size>
<stack-size id="4242">9.80557</stack-size>
<stack-size id="4343">9.80557</stack-size>
<stack-size id="4444">9.97335</stack-size>
<stack-size id="4545">9.89439</stack-size>
<stack-size id="4646">9.96842</stack-size>
<stack-size id="4747">9.85985</stack-size>
<stack-size id="4848">9.83518</stack-size>
<stack-size id="4949">9.85985</stack-size>
<stack-size id="5050">9.83518</stack-size>
<stack-size id="5151">9.8105</stack-size>
<stack-size id="5252">9.83518</stack-size>
<stack-size id="5353">9.88946</stack-size>
<stack-size id="5454">9.96348</stack-size>
<stack-size id="5555">10.0572</stack-size>
<stack-size id="5656">9.96842</stack-size>
<stack-size id="5757">9.98322</stack-size>
<stack-size id="5858">10.0523</stack-size>
<stack-size id="5959">10.0178</stack-size>
<stack-size id="6060">9.96348</stack-size>
<stack-size id="6161">9.94374</stack-size>
<stack-size id="6262">9.924</stack-size>
<stack-size id="6363">9.96842</stack-size>
<stack-size id="6464">9.98322</stack-size>
<stack-size id="6565">9.87959</stack-size>
<stack-size id="6666">9.91413</stack-size>
<stack-size id="6767">9.91413</stack-size>
<stack-size id="6868">9.94868</stack-size>
<stack-size id="6969">9.96348</stack-size>
<stack-size id="7070">9.85985</stack-size>
<stack-size id="7171">9.89439</stack-size>
<stack-size id="7272">9.89439</stack-size>
<stack-size id="7373">9.92894</stack-size>
<stack-size id="7474">9.9092</stack-size>
<stack-size id="7575">10.0276</stack-size>
<stack-size id="7676">9.5983</stack-size>
<stack-size id="7777">10.0967</stack-size>
<stack-size id="7878">10.003</stack-size>
<stack-size id="7979">9.63285</stack-size>
<stack-size id="8080">9.70193</stack-size>
<stack-size id="8181">9.83518</stack-size>
<stack-size id="8282">9.77102</stack-size>
<stack-size id="8383">9.76609</stack-size>
<stack-size id="8484">9.75622</stack-size>
<stack-size id="8585">9.74141</stack-size>
<stack-size id="8686">9.90426</stack-size>
<stack-size id="8787">9.74635</stack-size>
<stack-size id="8888">9.86478</stack-size>
<stack-size id="8989">9.77596</stack-size>
<stack-size id="9090">9.72167</stack-size>
<stack-size id="9191">9.83518</stack-size>
<stack-size id="9292">9.88946</stack-size>
<stack-size id="9393">9.89439</stack-size>
<stack-size id="9494">9.93387</stack-size>
<stack-size id="9595">9.7957</stack-size>
<stack-size id="9696">9.79076</stack-size>
<stack-size id="9797">9.84505</stack-size>
<stack-size id="9898">9.86478</stack-size>
<stack-size id="9999">9.94868</stack-size>
<stack-size id="10100">9.85492</stack-size>
<stack-size id="10201">9.93387</stack-size>
<stack-size id="10302">9.86478</stack-size>
<stack-size id="10403">9.72167</stack-size>
<stack-size id="10504">9.69206</stack-size>
<stack-size id="10605">9.62298</stack-size>
<stack-size id="10706">9.61311</stack-size>
<stack-size id="10807">10.1115</stack-size>
<stack-size id="10908">9.54895</stack-size>
<stack-size id="11009">9.60324</stack-size>
<stack-size id="11110">9.61311</stack-size>
<stack-size id="11211">9.64272</stack-size>
<stack-size id="11312">9.64765</stack-size>
<stack-size id="11413">9.60324</stack-size>
<stack-size id="11514">9.57856</stack-size>
<stack-size id="11615">9.5983</stack-size>
<stack-size id="11716">9.54895</stack-size>
<stack-size id="11817">9.77596</stack-size>
<stack-size id="11918">9.85492</stack-size>
<stack-size id="12019">9.89933</stack-size>
<stack-size id="12120">9.95361</stack-size>
<stack-size id="12221">9.95855</stack-size>
<stack-size id="12322">9.86972</stack-size>
<stack-size id="12423">9.84505</stack-size>
<stack-size id="12524">9.80063</stack-size>
<stack-size id="12625">9.78583</stack-size>
<stack-size id="12726">9.62791</stack-size>
<stack-size id="12827">9.62298</stack-size>
<stack-size id="12928">9.54402</stack-size>
<stack-size id="13029">9.58843</stack-size>
<stack-size id="13130">9.53415</stack-size>
<stack-size id="13231">9.95855</stack-size>
<stack-size id="13332">9.52921</stack-size>
<stack-size id="13433">9.75128</stack-size>
<stack-size id="13534">9.60817</stack-size>
<stack-size id="13635">9.54402</stack-size>
<stack-size id="13736">10.0424</stack-size>
<stack-size id="13837">9.50454</stack-size>
<stack-size id="13938">9.75128</stack-size>
<stack-size id="14039">9.84998</stack-size>
<stack-size id="14140">9.79076</stack-size>
<stack-size id="14241">9.76115</stack-size>
<stack-size id="14342">10.0128</stack-size>
<stack-size id="14443">10.0178</stack-size>
<stack-size id="14544">9.99803</stack-size>
<stack-size id="14645">9.85492</stack-size>
<stack-size id="14746">9.75128</stack-size>
<stack-size id="14847">9.75622</stack-size>
<stack-size id="14948">9.72661</stack-size>
<stack-size id="15049">9.70687</stack-size>
<stack-size id="15150">9.7118</stack-size>
<stack-size id="15251">9.71674</stack-size>
<stack-size id="15352">9.73648</stack-size>
<stack-size id="15453">9.697</stack-size>
<stack-size id="15554">9.72167</stack-size>
<stack-size id="15655">9.74141</stack-size>
<stack-size id="15756">9.70193</stack-size>
<stack-size id="15857">9.58843</stack-size>
<stack-size id="15958">9.56869</stack-size>
<stack-size id="16059">9.56376</stack-size>
<stack-size id="16160">9.52921</stack-size>
<stack-size id="16261">9.42065</stack-size>
<stack-size id="16362">9.37623</stack-size>
<stack-size id="16463">9.56869</stack-size>
<stack-size id="16564">9.63285</stack-size>
<stack-size id="16665">9.36143</stack-size>
<stack-size id="16766">9.47987</stack-size>
<stack-size id="16867">9.45026</stack-size>
<stack-size id="16968">9.42558</stack-size>
<stack-size id="17069">9.68713</stack-size>
<stack-size id="17170">9.41571</stack-size>
<stack-size id="17271">9.40584</stack-size>
<stack-size id="17372">9.37623</stack-size>
<stack-size id="17473">9.35649</stack-size>
<stack-size id="17574">9.33675</stack-size>
<stack-size id="17675">8.36459</stack-size>
<stack-size id="17776">8.38433</stack-size>
<stack-size id="17877">8.36952</stack-size>
<stack-size id="17978">8.33498</stack-size>
<stack-size id="18079">8.34485</stack-size>
<stack-size id="18180">8.36459</stack-size>
<stack-size id="18281">7.9846</stack-size>
<stack-size id="18382">5.89222</stack-size>
<stack-size id="18483">5.88235</stack-size>
<stack-size id="18584">5.87742</stack-size>
<stack-size id="18685">4.80655</stack-size>
<stack-size id="18786">4.78681</stack-size>
<stack-size id="18887">4.5154</stack-size>
<stack-size id="18988">4.56968</stack-size>
<stack-size id="19089">0.695815</stack-size>
<stack-size id="19190">0.557639</stack-size>
<stack-size id="19291">0.478681</stack-size>
<stack-size id="19392">0.251678</stack-size>
<stack-size id="19493">0.197394</stack-size>
<stack-size id="19594">0.187525</stack-size>
<stack-size id="19695">0.685946</stack-size>
<stack-size id="19796">0.597118</stack-size>
<stack-size id="19897">0.508291</stack-size>
<stack-size id="19998">0.51816</stack-size>
<stack-size id="20099">0.266482</stack-size>
<stack-size id="20200">0.19246</stack-size>
<max-stack>2064</max-stack>
<front-edges>20263</front-edges>
<back-edges>2451</back-edges>
<cross-edges>33987</cross-edges>
<shortest-cycle>9</shortest-cycle>
</dfs-info>
<rw-info>
<coverage step="2020">6.48934</coverage>
<coverage step="4040">10.4668</coverage>
<coverage step="6060">13.0182</coverage>
<coverage step="8080">15.3079</coverage>
<coverage step="10100">17.6915</coverage>
<coverage step="12120">19.4779</coverage>
<coverage step="14140">21.0324</coverage>
<coverage step="16160">22.3056</coverage>
<coverage step="18180">23.5492</coverage>
<coverage step="20200">24.5016</coverage>
<coverage step="22220">25.3306</coverage>
<coverage step="24240">25.834</coverage>
<coverage step="26260">26.4805</coverage>
<coverage step="28280">27.122</coverage>
<coverage step="30300">27.6253</coverage>
<coverage step="32320">28.2274</coverage>
<coverage step="34340">28.6863</coverage>
<coverage step="36360">29.1946</coverage>
<coverage step="38380">29.7325</coverage>
<coverage step="40400">30.1865</coverage>
<coverage step="42420">30.3889</coverage>
<coverage step="44440">30.8231</coverage>
<coverage step="46460">31.0501</coverage>
<coverage step="48480">31.3018</coverage>
<coverage step="50500">31.6966</coverage>
<coverage step="52520">31.8397</coverage>
<coverage step="54540">32.0272</coverage>
<coverage step="56560">32.501</coverage>
<coverage step="58580">32.7823</coverage>
<coverage step="60600">33.1178</coverage>
<coverage step="62620">33.3202</coverage>
<coverage step="64640">33.5373</coverage>
<coverage step="66660">33.9222</coverage>
<coverage step="68680">34.0308</coverage>
<coverage step="70700">34.0604</coverage>
<coverage step="72720">34.164</coverage>
<coverage step="74740">34.4009</coverage>
<coverage step="76760">34.7315</coverage>
<coverage step="78780">34.8648</coverage>
<coverage step="80800">34.9783</coverage>
<coverage step="82820">35.1066</coverage>
<coverage step="84840">35.378</coverage>
<coverage step="86860">35.6001</coverage>
<coverage step="88880">35.6297</coverage>
<coverage step="90900">35.7333</coverage>
<coverage step="92920">35.9554</coverage>
<coverage step="94940">36.2219</coverage>
<coverage step="96960">36.5722</coverage>
<coverage step="98980">36.7746</coverage>
<coverage step="101000">36.9029</coverage>
<coverage step="103020">36.9424</coverage>
<coverage step="105040">37.0509</coverage>
<coverage step="107060">37.2878</coverage>
<coverage step="109080">37.3914</coverage>
<coverage step="111100">37.6184</coverage>
<coverage step="113120">37.8306</coverage>
<coverage step="115140">37.8849</coverage>
<coverage step="117160">37.9737</coverage>
<coverage step="119180">38.1267</coverage>
<coverage step="121200">38.2402</coverage>
<coverage step="123220">38.3587</coverage>
<coverage step="125240">38.4672</coverage>
<coverage step="127260">38.635</coverage>
<coverage step="129280">38.7683</coverage>
<coverage step="131300">38.867</coverage>
<coverage step="133320">39.0495</coverage>
<coverage step="135340">39.1532</coverage>
<coverage step="137360">39.316</coverage>
<coverage step="139380">39.4739</coverage>
<coverage step="141400">39.5282</coverage>
<coverage step="143420">39.6072</coverage>
<coverage step="145440">39.7552</coverage>
<coverage step="147460">39.9082</coverage>
<coverage step="149480">40.0464</coverage>
<coverage step="151500">40.1698</coverage>
<coverage step="153520">40.303</coverage>
<coverage step="155540">40.3129</coverage>
<coverage step="157560">40.3474</coverage>
<coverage step="159580">40.4708</coverage>
<coverage step="161600">40.5448</coverage>
<coverage step="163620">40.5843</coverage>
<coverage step="165640">40.7422</coverage>
<coverage step="167660">40.831</coverage>
<coverage step="169680">40.9051</coverage>
<coverage step="171700">41.0087</coverage>
<coverage step="173720">41.0728</coverage>
<coverage step="175740">41.1469</coverage>
<coverage step="177760">41.1617</coverage>
<coverage step="179780">41.2456</coverage>
<coverage step="181800">41.3393</coverage>
<coverage step="183820">41.3541</coverage>
<coverage step="185840">41.438</coverage>
<coverage step="187860">41.6206</coverage>
<coverage step="189880">41.7341</coverage>
<coverage step="191900">41.7588</coverage>
<coverage step="193920">41.7884</coverage>
<coverage step="195940">41.8476</coverage>
<coverage step="197960">41.8822</coverage>
<coverage step="199980">42.1289</coverage>
<coverage step="202000">42.1536</coverage>
<rw-visits order="1">1498</rw-visits>
<rw-visits order="43">398</rw-visits>
<rw-visits order="85">235</rw-visits>
<rw-visits order="127">182</rw-visits>
<rw-visits order="169">151</rw-visits>
<rw-visits order="211">135</rw-visits>
<rw-visits order="253">123</rw-visits>
<rw-visits order="295">112</rw-visits>
<rw-visits order="337">102</rw-visits>
<rw-visits order="379">97</rw-visits>
<rw-visits order="421">91</rw-visits>
<rw-visits order="463">85</rw-visits>
<rw-visits order="505">80</rw-visits>
<rw-visits order="547">75</rw-visits>
<rw-visits order="589">71</rw-visits>
<rw-visits order="631">68</rw-visits>
<rw-visits order="673">64</rw-visits>
<rw-visits order="715">61</rw-visits>
<rw-visits order="757">58</rw-visits>
<rw-visits order="799">56</rw-visits>
<rw-visits order="841">53</rw-visits>
<rw-visits order="883">51</rw-visits>
<rw-visits order="925">49</rw-visits>
<rw-visits order="967">47</rw-visits>
<rw-visits order="1009">46</rw-visits>
<rw-visits order="1051">45</rw-visits>
<rw-visits order="1093">43</rw-visits>
<rw-visits order="1135">42</rw-visits>
<rw-visits order="1177">41</rw-visits>
<rw-visits order="1219">39</rw-visits>
<rw-visits order="1261">38</rw-visits>
<rw-visits order="1303">37</rw-visits>
<rw-visits order="1345">36</rw-visits>
<rw-visits order="1387">36</rw-visits>
<rw-visits order="1429">35</rw-visits>
<rw-visits order="1471">34</rw-visits>
<rw-visits order="1513">33</rw-visits>
<rw-visits order="1555">32</rw-visits>
<rw-visits order="1597">32</rw-visits>
<rw-visits order="1639">31</rw-visits>
<rw-visits order="1681">30</rw-visits>
<rw-visits order="1723">30</rw-visits>
<rw-visits order="1765">29</rw-visits>
<rw-visits order="1807">28</rw-visits>
<rw-visits order="1849">28</rw-visits>
<rw-visits order="1891">27</rw-visits>
<rw-visits order="1933">27</rw-visits>
<rw-visits order="1975">26</rw-visits>
<rw-visits order="2017">25</rw-visits>
<rw-visits order="2059">25</rw-visits>
<rw-visits order="2101">24</rw-visits>
<rw-visits order="2143">24</rw-visits>
<rw-visits order="2185">24</rw-visits>
<rw-visits order="2227">23</rw-visits>
<rw-visits order="2269">22</rw-visits>
<rw-visits order="2311">22</rw-visits>
<rw-visits order="2353">22</rw-visits>
<rw-visits order="2395">21</rw-visits>
<rw-visits order="2437">21</rw-visits>
<rw-visits order="2479">20</rw-visits>
<rw-visits order="2521">20</rw-visits>
<rw-visits order="2563">19</rw-visits>
<rw-visits order="2605">19</rw-visits>
<rw-visits order="2647">19</rw-visits>
<rw-visits order="2689">18</rw-visits>
<rw-visits order="2731">18</rw-visits>
<rw-visits order="2773">17</rw-visits>
<rw-visits order="2815">17</rw-visits>
<rw-visits order="2857">17</rw-visits>
<rw-visits order="2899">16</rw-visits>
<rw-visits order="2941">16</rw-visits>
<rw-visits order="2983">16</rw-visits>
<rw-visits order="3025">15</rw-visits>
<rw-visits order="3067">15</rw-visits>
<rw-visits order="3109">15</rw-visits>
<rw-visits order="3151">15</rw-visits>
<rw-visits order="3193">14</rw-visits>
<rw-visits order="3235">14</rw-visits>
<rw-visits order="3277">14</rw-visits>
<rw-visits order="3319">13</rw-visits>
<rw-visits order="3361">13</rw-visits>
<rw-visits order="3403">13</rw-visits>
<rw-visits order="3445">12</rw-visits>
<rw-visits order="3487">12</rw-visits>
<rw-visits order="3529">12</rw-visits>
<rw-visits order="3571">12</rw-visits>
<rw-visits order="3613">11</rw-visits>
<rw-visits order="3655">11</rw-visits>
<rw-visits order="3697">11</rw-visits>
<rw-visits order="3739">11</rw-visits>
<rw-visits order="3781">10</rw-visits>
<rw-visits order="3823">10</rw-visits>
<rw-visits order="3865">10</rw-visits>
<rw-visits order="3907">10</rw-visits>
<rw-visits order="3949">9</rw-visits>
<rw-visits order="3991">9</rw-visits>
<rw-visits order="4033">9</rw-visits>
<rw-visits order="4075">9</rw-visits>
<rw-visits order="4117">9</rw-visits>
<rw-visits order="4159">8</rw-visits>
<rw-visits order="4201">8</rw-visits>
<rw-visits order="4243">8</rw-visits>
<rw-visits order="4285">8</rw-visits>
<rw-visits order="4327">8</rw-visits>
<rw-visits order="4369">7</rw-visits>
<rw-visits order="4411">7</rw-visits>
<rw-visits order="4453">7</rw-visits>
<rw-visits order="4495">7</rw-visits>
<rw-visits order="4537">7</rw-visits>
<rw-visits order="4579">7</rw-visits>
<rw-visits order="4621">7</rw-visits>
<rw-visits order="4663">6</rw-visits>
<rw-visits order="4705">6</rw-visits>
<rw-visits order="4747">6</rw-visits>
<rw-visits order="4789">6</rw-visits>
<rw-visits order="4831">6</rw-visits>
<rw-visits order="4873">6</rw-visits>
<rw-visits order="4915">6</rw-visits>
<rw-visits order="4957">6</rw-visits>
<rw-visits order="4999">5</rw-visits>
<rw-visits order="5041">5</rw-visits>
<rw-visits order="5083">5</rw-visits>
<rw-visits order="5125">5</rw-visits>
<rw-visits order="5167">5</rw-visits>
<rw-visits order="5209">5</rw-visits>
<rw-visits order="5251">5</rw-visits>
<rw-visits order="5293">5</rw-visits>
<rw-visits order="5335">5</rw-visits>
<rw-visits order="5377">4</rw-visits>
<rw-visits order="5419">4</rw-visits>
<rw-visits order="5461">4</rw-visits>
<rw-visits order="5503">4</rw-visits>
<rw-visits order="5545">4</rw-visits>
<rw-visits order="5587">4</rw-visits>
<rw-visits order="5629">4</rw-visits>
<rw-visits order="5671">4</rw-visits>
<rw-visits order="5713">4</rw-visits>
<rw-visits order="5755">4</rw-visits>
<rw-visits order="5797">3</rw-visits>
<rw-visits order="5839">3</rw-visits>
<rw-visits order="5881">3</rw-visits>
<rw-visits order="5923">3</rw-visits>
<rw-visits order="5965">3</rw-visits>
<rw-visits order="6007">3</rw-visits>
<rw-visits order="6049">3</rw-visits>
<rw-visits order="6091">3</rw-visits>
<rw-visits order="6133">3</rw-visits>
<rw-visits order="6175">3</rw-visits>
<rw-visits order="6217">3</rw-visits>
<rw-visits order="6259">3</rw-visits>
<rw-visits order="6301">3</rw-visits>
<rw-visits order="6343">2</rw-visits>
<rw-visits order="6385">2</rw-visits>
<rw-visits order="6427">2</rw-visits>
<rw-visits order="6469">2</rw-visits>
<rw-visits order="6511">2</rw-visits>
<rw-visits order="6553">2</rw-visits>
<rw-visits order="6595">2</rw-visits>
<rw-visits order="6637">2</rw-visits>
<rw-visits order="6679">2</rw-visits>
<rw-visits order="6721">2</rw-visits>
<rw-visits order="6763">2</rw-visits>
<rw-visits order="6805">2</rw-visits>
<rw-visits order="6847">2</rw-visits>
<rw-visits order="6889">2</rw-visits>
<rw-visits order="6931">2</rw-visits>
<rw-visits order="6973">2</rw-visits>
<rw-visits order="7015">2</rw-visits>
<rw-visits order="7057">2</rw-visits>
<rw-visits order="7099">1</rw-visits>
<rw-visits order="7141">1</rw-visits>
<rw-visits order="7183">1</rw-visits>
<rw-visits order="7225">1</rw-visits>
<rw-visits order="7267">1</rw-visits>
<rw-visits order="7309">1</rw-visits>
<rw-visits order="7351">1</rw-visits>
<rw-visits order="7393">1</rw-visits>
<rw-visits order="7435">1</rw-visits>
<rw-visits order="7477">1</rw-visits>
<rw-visits order="7519">1</rw-visits>
<rw-visits order="7561">1</rw-visits>
<rw-visits order="7603">1</rw-visits>
<rw-visits order="7645">1</rw-visits>
<rw-visits order="7687">1</rw-visits>
<rw-visits order="7729">1</rw-visits>
<rw-visits order="7771">1</rw-visits>
<rw-visits order="7813">1</rw-visits>
<rw-visits order="7855">1</rw-visits>
<rw-visits order="7897">1</rw-visits>
<rw-visits order="7939">1</rw-visits>
<rw-visits order="7981">1</rw-visits>
<rw-visits order="8023">1</rw-visits>
<rw-visits order="8065">1</rw-visits>
<rw-visits order="8107">1</rw-visits>
<rw-visits order="8149">1</rw-visits>
<rw-visits order="8191">1</rw-visits>
<rw-visits order="8233">1</rw-visits>
<rw-visits order="8275">1</rw-visits>
<rw-visits order="8317">1</rw-visits>
<rw-visits order="8359">1</rw-visits>
<rw-visits order="8401">1</rw-visits>
<rw-visits order="8443">1</rw-visits>
<rw-visits order="8485">1</rw-visits>
<rw-visits order="8527">1</rw-visits>
<final-coverage>42.198</final-coverage>
</rw-info>
<local-info>
<diamonds>97.8435</diamonds>
<neighborhood k="4">29</neighborhood>
<clustering k="4">1.6803</clustering>
</local-info>
<label-info>
<edge-label id="0.0">836</edge-label>
<edge-label id="0.1">2149</edge-label>
<edge-label id="0.10">1793</edge-label>
<edge-label id="0.11">238</edge-label>
<edge-label id="0.12">523</edge-label>
<edge-label id="0.13">1344</edge-label>
<edge-label id="0.14">162</edge-label>
<edge-label id="0.15">162</edge-label>
<edge-label id="0.16">1076</edge-label>
<edge-label id="0.17">1747</edge-label>
<edge-label id="0.18">661</edge-label>
<edge-label id="0.19">59</edge-label>
<edge-label id="0.2">517</edge-label>
<edge-label id="0.20">764</edge-label>
<edge-label id="0.22">291</edge-label>
<edge-label id="0.23">291</edge-label>
<edge-label id="0.3">517</edge-label>
<edge-label id="0.4">515</edge-label>
<edge-label id="0.5">711</edge-label>
<edge-label id="0.6">1875</edge-label>
<edge-label id="0.7">969</edge-label>
<edge-label id="0.8">1076</edge-label>
<edge-label id="0.9">711</edge-label>
<edge-label id="1.0">1420</edge-label>
<edge-label id="1.1">1770</edge-label>
<edge-label id="1.10">1768</edge-label>
<edge-label id="1.11">238</edge-label>
<edge-label id="1.12">581</edge-label>
<edge-label id="1.13">939</edge-label>
<edge-label id="1.14">187</edge-label>
<edge-label id="1.15">187</edge-label>
<edge-label id="1.16">1121</edge-label>
<edge-label id="1.17">1752</edge-label>
<edge-label id="1.18">720</edge-label>
<edge-label id="1.19">110</edge-label>
<edge-label id="1.2">540</edge-label>
<edge-label id="1.20">805</edge-label>
<edge-label id="1.21">54</edge-label>
<edge-label id="1.22">54</edge-label>
<edge-label id="1.23">54</edge-label>
<edge-label id="1.3">540</edge-label>
<edge-label id="1.4">586</edge-label>
<edge-label id="1.5">718</edge-label>
<edge-label id="1.6">1901</edge-label>
<edge-label id="1.7">971</edge-label>
<edge-label id="1.8">1121</edge-label>
<edge-label id="1.9">718</edge-label>
<edge-label id="2.0">1336</edge-label>
<edge-label id="2.1">1670</edge-label>
<edge-label id="2.10">1804</edge-label>
<edge-label id="2.11">237</edge-label>
<edge-label id="2.12">637</edge-label>
<edge-label id="2.13">804</edge-label>
<edge-label id="2.14">206</edge-label>
<edge-label id="2.15">206</edge-label>
<edge-label id="2.16">1133</edge-label>
<edge-label id="2.17">1749</edge-label>
<edge-label id="2.18">751</edge-label>
<edge-label id="2.19">135</edge-label>
<edge-label id="2.2">580</edge-label>
<edge-label id="2.20">831</edge-label>
<edge-label id="2.21">81</edge-label>
<edge-label id="2.22">20</edge-label>
<edge-label id="2.23">20</edge-label>
<edge-label id="2.3">580</edge-label>
<edge-label id="2.4">596</edge-label>
<edge-label id="2.5">725</edge-label>
<edge-label id="2.6">1928</edge-label>
<edge-label id="2.7">972</edge-label>
<edge-label id="2.8">1133</edge-label>
<edge-label id="2.9">725</edge-label>
<state-labels procid="0">
<label id="[{0|0|0},{0|0|0},{0|0|0}]">4</label>
<label id="[{0|0|0},{0|0|0},{0|0|1}]">25</label>
<label id="[{0|0|0},{0|0|0},{0|1|0}]">22</label>
<label id="[{0|0|0},{0|0|0},{0|1|1}]">131</label>
<label id="[{0|0|0},{0|0|0},{1|0|0}]">36</label>
<label id="[{0|0|0},{0|0|0},{1|0|1}]">178</label>
<label id="[{0|0|0},{0|0|0},{1|1|0}]">178</label>
<label id="[{0|0|0},{0|0|0},{1|1|1}]">1067</label>
<label id="[{0|0|0},{0|0|1},{0|0|0}]">12</label>
<label id="[{0|0|0},{0|0|1},{0|0|1}]">8</label>
<label id="[{0|0|0},{0|0|1},{0|1|0}]">51</label>
<label id="[{0|0|0},{0|0|1},{0|1|1}]">12</label>
<label id="[{0|0|0},{0|0|1},{1|0|0}]">84</label>
<label id="[{0|0|0},{0|0|1},{1|0|1}]">24</label>
<label id="[{0|0|0},{0|0|1},{1|1|0}]">408</label>
<label id="[{0|0|0},{0|0|1},{1|1|1}]">96</label>
<label id="[{0|0|0},{0|1|0},{0|0|0}]">12</label>
<label id="[{0|0|0},{0|1|0},{0|0|1}]">34</label>
<label id="[{0|0|0},{0|1|0},{0|1|0}]">8</label>
<label id="[{0|0|0},{0|1|0},{0|1|1}]">8</label>
<label id="[{0|0|0},{0|1|0},{1|0|0}]">56</label>
<label id="[{0|0|0},{0|1|0},{1|0|1}]">238</label>
<label id="[{0|0|0},{0|1|0},{1|1|0}]">16</label>
<label id="[{0|0|0},{0|1|0},{1|1|1}]">56</label>
<label id="[{0|0|0},{0|1|1},{0|0|0}]">120</label>
<label id="[{0|0|0},{0|1|1},{0|0|1}]">52</label>
<label id="[{0|0|0},{0|1|1},{0|1|0}]">52</label>
<label id="[{0|0|0},{0|1|1},{0|1|1}]">16</label>
<label id="[{0|0|0},{0|1|1},{1|0|0}]">504</label>
<label id="[{0|0|0},{0|1|1},{1|0|1}]">128</label>
<label id="[{0|0|0},{0|1|1},{1|1|0}]">128</label>
<label id="[{0|0|0},{0|1|1},{1|1|1}]">32</label>
<label id="[{0|0|0},{1|0|0},{0|0|0}]">24</label>
<label id="[{0|0|0},{1|0|0},{0|0|1}]">28</label>
<label id="[{0|0|0},{1|0|0},{0|1|0}]">28</label>
<label id="[{0|0|0},{1|0|0},{0|1|1}]">85</label>
<label id="[{0|0|0},{1|0|0},{1|0|0}]">16</label>
<label id="[{0|0|0},{1|0|0},{1|0|1}]">8</label>
<label id="[{0|0|0},{1|0|0},{1|1|0}]">8</label>
<label id="[{0|0|0},{1|0|0},{1|1|1}]">20</label>
<label id="[{0|0|0},{1|0|1},{0|0|0}]">240</label>
<label id="[{0|0|0},{1|0|1},{0|0|1}]">104</label>
<label id="[{0|0|0},{1|0|1},{0|1|0}]">252</label>
<label id="[{0|0|0},{1|0|1},{0|1|1}]">64</label>
<label id="[{0|0|0},{1|0|1},{1|0|0}]">104</label>
<label id="[{0|0|0},{1|0|1},{1|0|1}]">32</label>
<label id="[{0|0|0},{1|0|1},{1|1|0}]">64</label>
<label id="[{0|0|0},{1|0|1},{1|1|1}]">16</label>
<label id="[{0|0|0},{1|1|0},{0|0|0}]">240</label>
<label id="[{0|0|0},{1|1|0},{0|0|1}]">252</label>
<label id="[{0|0|0},{1|1|0},{0|1|0}]">104</label>
<label id="[{0|0|0},{1|1|0},{0|1|1}]">64</label>
<label id="[{0|0|0},{1|1|0},{1|0|0}]">104</label>
<label id="[{0|0|0},{1|1|0},{1|0|1}]">64</label>
<label id="[{0|0|0},{1|1|0},{1|1|0}]">32</label>
<label id="[{0|0|0},{1|1|0},{1|1|1}]">16</label>
<label id="[{0|0|0},{1|1|1},{0|0|0}]">2574</label>
<label id="[{0|0|0},{1|1|1},{0|0|1}]">884</label>
<label id="[{0|0|0},{1|1|1},{0|1|0}]">884</label>
<label id="[{0|0|0},{1|1|1},{0|1|1}]">240</label>
<label id="[{0|0|0},{1|1|1},{1|0|0}]">884</label>
<label id="[{0|0|0},{1|1|1},{1|0|1}]">240</label>
<label id="[{0|0|0},{1|1|1},{1|1|0}]">240</label>
<label id="[{0|0|0},{1|1|1},{1|1|1}]">64</label>
<label id="[{0|0|1},{0|0|0},{0|0|0}]">10</label>
<label id="[{0|0|1},{0|0|0},{0|1|0}]">22</label>
<label id="[{0|0|1},{0|0|0},{1|0|0}]">18</label>
<label id="[{0|0|1},{0|0|0},{1|1|0}]">113</label>
<label id="[{0|0|1},{0|1|0},{0|0|0}]">65</label>
<label id="[{0|0|1},{0|1|0},{0|1|0}]">17</label>
<label id="[{0|0|1},{0|1|0},{1|0|0}]">32</label>
<label id="[{0|0|1},{0|1|0},{1|1|0}]">8</label>
<label id="[{0|0|1},{1|0|0},{0|0|0}]">130</label>
<label id="[{0|0|1},{1|0|0},{0|1|0}]">32</label>
<label id="[{0|0|1},{1|0|0},{1|0|0}]">32</label>
<label id="[{0|0|1},{1|0|0},{1|1|0}]">7</label>
<label id="[{0|0|1},{1|1|0},{0|0|0}]">1105</label>
<label id="[{0|0|1},{1|1|0},{0|1|0}]">255</label>
<label id="[{0|0|1},{1|1|0},{1|0|0}]">240</label>
<label id="[{0|0|1},{1|1|0},{1|1|0}]">55</label>
<label id="[{0|1|0},{0|0|0},{0|0|0}]">10</label>
<label id="[{0|1|0},{0|0|0},{0|0|1}]">39</label>
<label id="[{0|1|0},{0|0|0},{1|0|0}]">18</label>
<label id="[{0|1|0},{0|0|0},{1|0|1}]">137</label>
<label id="[{0|1|0},{0|0|1},{0|0|0}]">65</label>
<label id="[{0|1|0},{0|0|1},{0|0|1}]">16</label>
<label id="[{0|1|0},{0|0|1},{1|0|0}]">48</label>
<label id="[{0|1|0},{0|0|1},{1|0|1}]">12</label>
<label id="[{0|1|0},{1|0|0},{0|0|0}]">130</label>
<label id="[{0|1|0},{1|0|0},{0|0|1}]">48</label>
<label id="[{0|1|0},{1|0|0},{1|0|0}]">24</label>
<label id="[{0|1|0},{1|0|0},{1|0|1}]">8</label>
<label id="[{0|1|0},{1|0|1},{0|0|0}]">1105</label>
<label id="[{0|1|0},{1|0|1},{0|0|1}]">240</label>
<label id="[{0|1|0},{1|0|1},{1|0|0}]">180</label>
<label id="[{0|1|0},{1|0|1},{1|0|1}]">40</label>
<label id="[{0|1|1},{0|0|0},{0|0|0}]">25</label>
<label id="[{0|1|1},{0|0|0},{1|0|0}]">9</label>
<label id="[{0|1|1},{1|0|0},{0|0|0}]">375</label>
<label id="[{0|1|1},{1|0|0},{1|0|0}]">56</label>
<label id="[{1|0|0},{0|0|0},{0|0|0}]">20</label>
<label id="[{1|0|0},{0|0|0},{0|0|1}]">75</label>
<label id="[{1|0|0},{0|0|0},{0|1|0}]">44</label>
<label id="[{1|0|0},{0|0|0},{0|1|1}]">307</label>
<label id="[{1|0|0},{0|0|1},{0|0|0}]">130</label>
<label id="[{1|0|0},{0|0|1},{0|0|1}]">28</label>
<label id="[{1|0|0},{0|0|1},{0|1|0}]">102</label>
<label id="[{1|0|0},{0|0|1},{0|1|1}]">24</label>
<label id="[{1|0|0},{0|1|0},{0|0|0}]">130</label>
<label id="[{1|0|0},{0|1|0},{0|0|1}]">102</label>
<label id="[{1|0|0},{0|1|0},{0|1|0}]">22</label>
<label id="[{1|0|0},{0|1|0},{0|1|1}]">18</label>
<label id="[{1|0|0},{0|1|1},{0|0|0}]">1105</label>
<label id="[{1|0|0},{0|1|1},{0|0|1}]">210</label>
<label id="[{1|0|0},{0|1|1},{0|1|0}]">165</label>
<label id="[{1|0|0},{0|1|1},{0|1|1}]">38</label>
<label id="[{1|0|1},{0|0|0},{0|0|0}]">50</label>
<label id="[{1|0|1},{0|0|0},{0|1|0}]">44</label>
<label id="[{1|0|1},{0|1|0},{0|0|0}]">375</label>
<label id="[{1|0|1},{0|1|0},{0|1|0}]">49</label>
<label id="[{1|1|0},{0|0|0},{0|0|0}]">50</label>
<label id="[{1|1|0},{0|0|0},{0|0|1}]">117</label>
<label id="[{1|1|0},{0|0|1},{0|0|0}]">375</label>
<label id="[{1|1|0},{0|0|1},{0|0|1}]">58</label>
<label id="[{1|1|1},{0|0|0},{0|0|0}]">125</label>
</state-labels><state-labels procid="1">
<label id="[0,0]">836</label>
<label id="[1,0]">1001</label>
<label id="[1,1]">1001</label>
<label id="[1,2]">727</label>
<label id="[1,3]">517</label>
<label id="[10,1]">29</label>
<label id="[10,2]">30</label>
<label id="[10,3]">764</label>
<label id="[11,0]">291</label>
<label id="[12,0]">291</label>
<label id="[2,3]">517</label>
<label id="[3,1]">183</label>
<label id="[3,2]">170</label>
<label id="[3,3]">873</label>
<label id="[4,0]">711</label>
<label id="[4,1]">711</label>
<label id="[4,2]">711</label>
<label id="[4,3]">711</label>
<label id="[5,1]">538</label>
<label id="[5,2]">538</label>
<label id="[5,3]">711</label>
<label id="[6,0]">711</label>
<label id="[6,1]">711</label>
<label id="[6,2]">609</label>
<label id="[6,3]">523</label>
<label id="[7,0]">859</label>
<label id="[7,1]">859</label>
<label id="[7,2]">323</label>
<label id="[7,3]">162</label>
<label id="[8,1]">538</label>
<label id="[8,2]">538</label>
<label id="[8,3]">162</label>
<label id="[9,0]">602</label>
<label id="[9,1]">602</label>
<label id="[9,2]">602</label>
<label id="[9,3]">602</label>
</state-labels><state-labels procid="2">
<label id="[0,0]">708</label>
<label id="[0,1]">712</label>
<label id="[1,0]">878</label>
<label id="[1,1]">676</label>
<label id="[1,2]">676</label>
<label id="[1,3]">540</label>
<label id="[10,0]">68</label>
<label id="[10,2]">42</label>
<label id="[10,3]">805</label>
<label id="[11,0]">280</label>
<label id="[11,1]">54</label>
<label id="[12,1]">54</label>
<label id="[2,3]">540</label>
<label id="[3,0]">242</label>
<label id="[3,2]">157</label>
<label id="[3,3]">905</label>
<label id="[4,0]">718</label>
<label id="[4,1]">718</label>
<label id="[4,2]">718</label>
<label id="[4,3]">718</label>
<label id="[5,0]">571</label>
<label id="[5,2]">550</label>
<label id="[5,3]">718</label>
<label id="[6,0]">718</label>
<label id="[6,1]">644</label>
<label id="[6,2]">644</label>
<label id="[6,3]">581</label>
<label id="[7,0]">910</label>
<label id="[7,1]">376</label>
<label id="[7,2]">376</label>
<label id="[7,3]">187</label>
<label id="[8,0]">571</label>
<label id="[8,2]">550</label>
<label id="[8,3]">187</label>
<label id="[9,0]">618</label>
<label id="[9,1]">618</label>
<label id="[9,2]">618</label>
<label id="[9,3]">618</label>
</state-labels><state-labels procid="3">
<label id="[0,0]">668</label>
<label id="[0,2]">668</label>
<label id="[1,0]">832</label>
<label id="[1,1]">677</label>
<label id="[1,2]">580</label>
<label id="[1,3]">580</label>
<label id="[10,0]">82</label>
<label id="[10,1]">53</label>
<label id="[10,3]">831</label>
<label id="[11,0]">269</label>
<label id="[11,1]">61</label>
<label id="[11,2]">20</label>
<label id="[12,2]">20</label>
<label id="[2,3]">580</label>
<label id="[3,0]">223</label>
<label id="[3,1]">167</label>
<label id="[3,3]">931</label>
<label id="[4,0]">725</label>
<label id="[4,1]">725</label>
<label id="[4,2]">725</label>
<label id="[4,3]">725</label>
<label id="[5,0]">578</label>
<label id="[5,1]">555</label>
<label id="[5,3]">725</label>
<label id="[6,0]">725</label>
<label id="[6,1]">679</label>
<label id="[6,2]">637</label>
<label id="[6,3]">637</label>
<label id="[7,0]">943</label>
<label id="[7,1]">392</label>
<label id="[7,2]">206</label>
<label id="[7,3]">206</label>
<label id="[8,0]">578</label>
<label id="[8,1]">555</label>
<label id="[8,3]">206</label>
<label id="[9,0]">625</label>
<label id="[9,1]">625</label>
<label id="[9,2]">625</label>
<label id="[9,3]">625</label>
</state-labels></label-info>
</state-space-info>
