<?xml version="1.0"?>
<!DOCTYPE state-space-info SYSTEM "../../state_space_info.dtd">


<state-space-info>
<states>729</states>
<edges>2916</edges>
<bfs-info>
 <levels>17</levels>
<max-level>114</max-level>

<back-level-edges>972</back-level-edges>
<max-back-level-edge>3</max-back-level-edge>
<avg-back-level-edge>3</avg-back-level-edge>
<bfs-levels>
<level id="0"><states>1</states><edges>6</edges></level>
<level id="1"><states>6</states><edges>34</edges></level>
<level id="2"><states>20</states><edges>102</edges></level>
<level id="3"><states>46</states><edges>209</edges></level>
<level id="4"><states>77</states><edges>317</edges></level>
<level id="5"><states>102</states><edges>396</edges></level>
<level id="6"><states>114</states><edges>434</edges></level>
<level id="7"><states>108</states><edges>404</edges></level>
<level id="8"><states>89</states><edges>332</edges></level>
<level id="9"><states>66</states><edges>257</edges></level>
<level id="10"><states>43</states><edges>171</edges></level>
<level id="11"><states>26</states><edges>112</edges></level>
<level id="12"><states>17</states><edges>76</edges></level>
<level id="13"><states>8</states><edges>35</edges></level>
<level id="14"><states>3</states><edges>15</edges></level>
<level id="15"><states>2</states><edges>11</edges></level>
<level id="16"><states>1</states><edges>5</edges></level>
</bfs-levels>
<back-level-length id="0">0</back-level-length>
<back-level-length id="1">0</back-level-length>
<back-level-length id="2">0</back-level-length>
<back-level-length id="3">100</back-level-length>
</bfs-info>
<degrees>
<avg>4</avg>
<max-in>6</max-in>
<max-out>6</max-out>
<degree id="0"><in>0</in><out>0</out></degree>
<degree id="1"><in>6</in><out>6</out></degree>
<degree id="2"><in>38</in><out>38</out></degree>
<degree id="3"><in>166</in><out>166</out></degree>
<degree id="4"><in>294</in><out>294</out></degree>
<degree id="5"><in>190</in><out>190</out></degree>
<degree id="6"><in>35</in><out>35</out></degree>
</degrees>
<scc-info>
<count>1</count>
<height>0</height>
<nontrivial-height>0</nontrivial-height>
<trivial>0</trivial>
<terminal>1</terminal>
<largest>729</largest>
<largest-position> initial the only terminal</largest-position>
</scc-info>
<dfs-info>
<stack-size id="3">0.411523</stack-size>
<stack-size id="6">0.823045</stack-size>
<stack-size id="9">1.23457</stack-size>
<stack-size id="12">1.64609</stack-size>
<stack-size id="15">2.05761</stack-size>
<stack-size id="18">2.46914</stack-size>
<stack-size id="21">2.88066</stack-size>
<stack-size id="24">3.29218</stack-size>
<stack-size id="27">3.7037</stack-size>
<stack-size id="30">4.11523</stack-size>
<stack-size id="33">4.52675</stack-size>
<stack-size id="36">4.93827</stack-size>
<stack-size id="39">5.34979</stack-size>
<stack-size id="42">5.76132</stack-size>
<stack-size id="45">6.17284</stack-size>
<stack-size id="48">6.58436</stack-size>
<stack-size id="51">6.99588</stack-size>
<stack-size id="54">7.40741</stack-size>
<stack-size id="57">7.81893</stack-size>
<stack-size id="60">8.23045</stack-size>
<stack-size id="63">8.64198</stack-size>
<stack-size id="66">9.0535</stack-size>
<stack-size id="69">9.46502</stack-size>
<stack-size id="72">9.87654</stack-size>
<stack-size id="75">10.2881</stack-size>
<stack-size id="78">10.6996</stack-size>
<stack-size id="81">11.1111</stack-size>
<stack-size id="84">11.5226</stack-size>
<stack-size id="87">11.9342</stack-size>
<stack-size id="90">12.3457</stack-size>
<stack-size id="93">12.7572</stack-size>
<stack-size id="96">13.1687</stack-size>
<stack-size id="99">13.5802</stack-size>
<stack-size id="102">13.9918</stack-size>
<stack-size id="105">14.4033</stack-size>
<stack-size id="108">14.8148</stack-size>
<stack-size id="111">15.2263</stack-size>
<stack-size id="114">15.6379</stack-size>
<stack-size id="117">16.0494</stack-size>
<stack-size id="120">16.4609</stack-size>
<stack-size id="123">16.8724</stack-size>
<stack-size id="126">17.284</stack-size>
<stack-size id="129">17.6955</stack-size>
<stack-size id="132">18.107</stack-size>
<stack-size id="135">18.5185</stack-size>
<stack-size id="138">18.93</stack-size>
<stack-size id="141">19.3416</stack-size>
<stack-size id="144">19.7531</stack-size>
<stack-size id="147">20.1646</stack-size>
<stack-size id="150">20.5761</stack-size>
<stack-size id="153">20.9877</stack-size>
<stack-size id="156">21.3992</stack-size>
<stack-size id="159">21.8107</stack-size>
<stack-size id="162">22.2222</stack-size>
<stack-size id="165">22.6337</stack-size>
<stack-size id="168">23.0453</stack-size>
<stack-size id="171">23.4568</stack-size>
<stack-size id="174">23.8683</stack-size>
<stack-size id="177">24.2798</stack-size>
<stack-size id="180">24.6914</stack-size>
<stack-size id="183">25.1029</stack-size>
<stack-size id="186">25.5144</stack-size>
<stack-size id="189">25.9259</stack-size>
<stack-size id="192">26.3374</stack-size>
<stack-size id="195">26.749</stack-size>
<stack-size id="198">27.1605</stack-size>
<stack-size id="201">27.572</stack-size>
<stack-size id="204">27.9835</stack-size>
<stack-size id="207">28.3951</stack-size>
<stack-size id="210">28.8066</stack-size>
<stack-size id="213">29.2181</stack-size>
<stack-size id="216">29.6296</stack-size>
<stack-size id="219">30.0412</stack-size>
<stack-size id="222">30.4527</stack-size>
<stack-size id="225">30.8642</stack-size>
<stack-size id="228">31.2757</stack-size>
<stack-size id="231">31.6872</stack-size>
<stack-size id="234">32.0988</stack-size>
<stack-size id="237">32.5103</stack-size>
<stack-size id="240">32.9218</stack-size>
<stack-size id="243">33.3333</stack-size>
<stack-size id="246">33.7449</stack-size>
<stack-size id="249">34.1564</stack-size>
<stack-size id="252">34.5679</stack-size>
<stack-size id="255">34.4307</stack-size>
<stack-size id="258">34.8422</stack-size>
<stack-size id="261">35.2538</stack-size>
<stack-size id="264">35.6653</stack-size>
<stack-size id="267">36.0768</stack-size>
<stack-size id="270">36.4883</stack-size>
<stack-size id="273">36.8999</stack-size>
<stack-size id="276">37.3114</stack-size>
<stack-size id="279">37.7229</stack-size>
<stack-size id="282">38.1344</stack-size>
<stack-size id="285">38.546</stack-size>
<stack-size id="288">38.9575</stack-size>
<stack-size id="291">39.369</stack-size>
<stack-size id="294">39.7805</stack-size>
<stack-size id="297">40.192</stack-size>
<stack-size id="300">40.6036</stack-size>
<stack-size id="303">41.0151</stack-size>
<stack-size id="306">41.4266</stack-size>
<stack-size id="309">41.8381</stack-size>
<stack-size id="312">42.2497</stack-size>
<stack-size id="315">42.6612</stack-size>
<stack-size id="318">42.9355</stack-size>
<stack-size id="321">43.3471</stack-size>
<stack-size id="324">43.7586</stack-size>
<stack-size id="327">44.1701</stack-size>
<stack-size id="330">44.5816</stack-size>
<stack-size id="333">44.9931</stack-size>
<stack-size id="336">45.4047</stack-size>
<stack-size id="339">45.8162</stack-size>
<stack-size id="342">46.2277</stack-size>
<stack-size id="345">46.6392</stack-size>
<stack-size id="348">47.0508</stack-size>
<stack-size id="351">47.4623</stack-size>
<stack-size id="354">47.5995</stack-size>
<stack-size id="357">47.7366</stack-size>
<stack-size id="360">48.1481</stack-size>
<stack-size id="363">48.2853</stack-size>
<stack-size id="366">48.5597</stack-size>
<stack-size id="369">48.011</stack-size>
<stack-size id="372">48.4225</stack-size>
<stack-size id="375">48.834</stack-size>
<stack-size id="378">49.2455</stack-size>
<stack-size id="381">49.5199</stack-size>
<stack-size id="384">49.1084</stack-size>
<stack-size id="387">48.011</stack-size>
<stack-size id="390">47.1879</stack-size>
<stack-size id="393">47.5995</stack-size>
<stack-size id="396">48.011</stack-size>
<stack-size id="399">48.4225</stack-size>
<stack-size id="402">48.834</stack-size>
<stack-size id="405">49.2455</stack-size>
<stack-size id="408">49.6571</stack-size>
<stack-size id="411">50.0686</stack-size>
<stack-size id="414">49.6571</stack-size>
<stack-size id="417">50.0686</stack-size>
<stack-size id="420">50.4801</stack-size>
<stack-size id="423">50.8916</stack-size>
<stack-size id="426">51.3032</stack-size>
<stack-size id="429">51.7147</stack-size>
<stack-size id="432">52.1262</stack-size>
<stack-size id="435">52.5377</stack-size>
<stack-size id="438">52.9492</stack-size>
<stack-size id="441">53.0864</stack-size>
<stack-size id="444">53.4979</stack-size>
<stack-size id="447">53.9095</stack-size>
<stack-size id="450">54.321</stack-size>
<stack-size id="453">54.7325</stack-size>
<stack-size id="456">55.144</stack-size>
<stack-size id="459">55.5556</stack-size>
<stack-size id="462">55.9671</stack-size>
<stack-size id="465">56.3786</stack-size>
<stack-size id="468">56.7901</stack-size>
<stack-size id="471">57.2016</stack-size>
<stack-size id="474">57.6132</stack-size>
<stack-size id="477">58.0247</stack-size>
<stack-size id="480">58.4362</stack-size>
<stack-size id="483">58.8477</stack-size>
<stack-size id="486">59.2593</stack-size>
<stack-size id="489">59.3964</stack-size>
<stack-size id="492">59.2593</stack-size>
<stack-size id="495">59.6708</stack-size>
<stack-size id="498">60.0823</stack-size>
<stack-size id="501">60.4938</stack-size>
<stack-size id="504">60.9053</stack-size>
<stack-size id="507">61.3169</stack-size>
<stack-size id="510">61.7284</stack-size>
<stack-size id="513">62.1399</stack-size>
<stack-size id="516">62.4143</stack-size>
<stack-size id="519">62.5514</stack-size>
<stack-size id="522">62.5514</stack-size>
<stack-size id="525">62.963</stack-size>
<stack-size id="528">63.3745</stack-size>
<stack-size id="531">63.786</stack-size>
<stack-size id="534">64.1975</stack-size>
<stack-size id="537">64.4719</stack-size>
<stack-size id="540">64.7462</stack-size>
<stack-size id="543">65.1578</stack-size>
<stack-size id="546">63.6488</stack-size>
<stack-size id="549">62.8258</stack-size>
<stack-size id="552">63.2373</stack-size>
<stack-size id="555">63.3745</stack-size>
<stack-size id="558">63.786</stack-size>
<stack-size id="561">64.0604</stack-size>
<stack-size id="564">64.3347</stack-size>
<stack-size id="567">64.7462</stack-size>
<stack-size id="570">65.1578</stack-size>
<stack-size id="573">65.2949</stack-size>
<stack-size id="576">65.7064</stack-size>
<stack-size id="579">65.7064</stack-size>
<stack-size id="582">65.2949</stack-size>
<stack-size id="585">65.7064</stack-size>
<stack-size id="588">66.118</stack-size>
<stack-size id="591">66.5295</stack-size>
<stack-size id="594">66.941</stack-size>
<stack-size id="597">66.941</stack-size>
<stack-size id="600">67.3525</stack-size>
<stack-size id="603">67.7641</stack-size>
<stack-size id="606">68.1756</stack-size>
<stack-size id="609">68.5871</stack-size>
<stack-size id="612">68.9986</stack-size>
<stack-size id="615">69.4102</stack-size>
<stack-size id="618">69.8217</stack-size>
<stack-size id="621">70.2332</stack-size>
<stack-size id="624">70.6447</stack-size>
<stack-size id="627">70.6447</stack-size>
<stack-size id="630">70.9191</stack-size>
<stack-size id="633">70.9191</stack-size>
<stack-size id="636">66.6667</stack-size>
<stack-size id="639">66.941</stack-size>
<stack-size id="642">67.2154</stack-size>
<stack-size id="645">67.4897</stack-size>
<stack-size id="648">67.9012</stack-size>
<stack-size id="651">67.7641</stack-size>
<stack-size id="654">68.1756</stack-size>
<stack-size id="657">68.5871</stack-size>
<stack-size id="660">68.9986</stack-size>
<stack-size id="663">68.3128</stack-size>
<stack-size id="666">68.7243</stack-size>
<stack-size id="669">68.7243</stack-size>
<stack-size id="672">68.5871</stack-size>
<stack-size id="675">67.2154</stack-size>
<stack-size id="678">66.8038</stack-size>
<stack-size id="681">67.2154</stack-size>
<stack-size id="684">66.5295</stack-size>
<stack-size id="687">66.941</stack-size>
<stack-size id="690">67.3525</stack-size>
<stack-size id="693">67.7641</stack-size>
<stack-size id="696">68.1756</stack-size>
<stack-size id="699">68.5871</stack-size>
<stack-size id="702">68.4499</stack-size>
<stack-size id="705">68.8615</stack-size>
<stack-size id="708">66.5295</stack-size>
<stack-size id="711">65.7064</stack-size>
<stack-size id="714">66.118</stack-size>
<stack-size id="717">66.5295</stack-size>
<stack-size id="720">58.299</stack-size>
<stack-size id="723">46.9136</stack-size>
<stack-size id="726">9.73937</stack-size>
<stack-size id="729">10.1509</stack-size>
<max-stack>518</max-stack>
<front-edges>728</front-edges>
<back-edges>943</back-edges>
<cross-edges>1245</cross-edges>
<shortest-cycle>4</shortest-cycle>
</dfs-info>
<rw-info>
<coverage step="60">7.54458</coverage>
<coverage step="120">13.8546</coverage>
<coverage step="180">17.5583</coverage>
<coverage step="240">22.3594</coverage>
<coverage step="300">25.3772</coverage>
<coverage step="360">28.1207</coverage>
<coverage step="420">31.5501</coverage>
<coverage step="480">34.7051</coverage>
<coverage step="540">36.4883</coverage>
<coverage step="600">38.8203</coverage>
<coverage step="660">39.5062</coverage>
<coverage step="720">40.8779</coverage>
<coverage step="780">41.2894</coverage>
<coverage step="840">43.0727</coverage>
<coverage step="900">43.4842</coverage>
<coverage step="960">44.5816</coverage>
<coverage step="1020">47.3251</coverage>
<coverage step="1080">47.5995</coverage>
<coverage step="1140">49.1084</coverage>
<coverage step="1200">51.5775</coverage>
<coverage step="1260">51.8519</coverage>
<coverage step="1320">53.2236</coverage>
<coverage step="1380">55.0069</coverage>
<coverage step="1440">55.6927</coverage>
<coverage step="1500">57.2016</coverage>
<coverage step="1560">57.476</coverage>
<coverage step="1620">58.8477</coverage>
<coverage step="1680">61.3169</coverage>
<coverage step="1740">61.3169</coverage>
<coverage step="1800">61.3169</coverage>
<coverage step="1860">61.7284</coverage>
<coverage step="1920">62.1399</coverage>
<coverage step="1980">63.3745</coverage>
<coverage step="2040">63.3745</coverage>
<coverage step="2100">63.3745</coverage>
<coverage step="2160">64.4719</coverage>
<coverage step="2220">64.6091</coverage>
<coverage step="2280">65.7064</coverage>
<coverage step="2340">66.2551</coverage>
<coverage step="2400">66.6667</coverage>
<coverage step="2460">66.8038</coverage>
<coverage step="2520">68.1756</coverage>
<coverage step="2580">68.5871</coverage>
<coverage step="2640">68.5871</coverage>
<coverage step="2700">69.5473</coverage>
<coverage step="2760">69.5473</coverage>
<coverage step="2820">69.8217</coverage>
<coverage step="2880">70.9191</coverage>
<coverage step="2940">71.0562</coverage>
<coverage step="3000">71.0562</coverage>
<coverage step="3060">71.4678</coverage>
<coverage step="3120">71.4678</coverage>
<coverage step="3180">71.4678</coverage>
<coverage step="3240">71.4678</coverage>
<coverage step="3300">72.428</coverage>
<coverage step="3360">72.8395</coverage>
<coverage step="3420">73.1139</coverage>
<coverage step="3480">74.3484</coverage>
<coverage step="3540">75.583</coverage>
<coverage step="3600">75.9945</coverage>
<coverage step="3660">77.2291</coverage>
<coverage step="3720">77.7778</coverage>
<coverage step="3780">77.915</coverage>
<coverage step="3840">78.8752</coverage>
<coverage step="3900">78.8752</coverage>
<coverage step="3960">79.0123</coverage>
<coverage step="4020">79.1495</coverage>
<coverage step="4080">79.1495</coverage>
<coverage step="4140">79.8354</coverage>
<coverage step="4200">79.8354</coverage>
<coverage step="4260">80.2469</coverage>
<coverage step="4320">80.6584</coverage>
<coverage step="4380">80.7956</coverage>
<coverage step="4440">81.07</coverage>
<coverage step="4500">81.4815</coverage>
<coverage step="4560">81.4815</coverage>
<coverage step="4620">81.6187</coverage>
<coverage step="4680">81.6187</coverage>
<coverage step="4740">82.1674</coverage>
<coverage step="4800">82.1674</coverage>
<coverage step="4860">82.1674</coverage>
<coverage step="4920">82.1674</coverage>
<coverage step="4980">82.4417</coverage>
<coverage step="5040">82.4417</coverage>
<coverage step="5100">82.5789</coverage>
<coverage step="5160">82.8532</coverage>
<coverage step="5220">83.4019</coverage>
<coverage step="5280">83.8134</coverage>
<coverage step="5340">84.0878</coverage>
<coverage step="5400">84.7737</coverage>
<coverage step="5460">84.7737</coverage>
<coverage step="5520">84.7737</coverage>
<coverage step="5580">84.9108</coverage>
<coverage step="5640">84.9108</coverage>
<coverage step="5700">85.1852</coverage>
<coverage step="5760">85.1852</coverage>
<coverage step="5820">85.3224</coverage>
<coverage step="5880">85.3224</coverage>
<coverage step="5940">85.3224</coverage>
<coverage step="6000">85.3224</coverage>
<coverage step="6060">85.4595</coverage>
<coverage step="6120">85.7339</coverage>
<coverage step="6180">85.8711</coverage>
<coverage step="6240">85.8711</coverage>
<coverage step="6300">86.4198</coverage>
<coverage step="6360">86.5569</coverage>
<coverage step="6420">86.5569</coverage>
<coverage step="6480">86.5569</coverage>
<coverage step="6540">86.5569</coverage>
<coverage step="6600">86.8313</coverage>
<coverage step="6660">86.9684</coverage>
<coverage step="6720">87.38</coverage>
<coverage step="6780">87.5171</coverage>
<coverage step="6840">87.7915</coverage>
<coverage step="6900">88.0658</coverage>
<coverage step="6960">88.0658</coverage>
<coverage step="7020">88.0658</coverage>
<coverage step="7080">88.8889</coverage>
<coverage step="7140">88.8889</coverage>
<coverage step="7200">89.4376</coverage>
<coverage step="7260">89.4376</coverage>
<rw-visits order="1">198</rw-visits>
<rw-visits order="3">170</rw-visits>
<rw-visits order="5">139</rw-visits>
<rw-visits order="7">121</rw-visits>
<rw-visits order="9">104</rw-visits>
<rw-visits order="11">88</rw-visits>
<rw-visits order="13">83</rw-visits>
<rw-visits order="15">59</rw-visits>
<rw-visits order="17">56</rw-visits>
<rw-visits order="19">54</rw-visits>
<rw-visits order="21">46</rw-visits>
<rw-visits order="23">45</rw-visits>
<rw-visits order="25">42</rw-visits>
<rw-visits order="27">40</rw-visits>
<rw-visits order="29">39</rw-visits>
<rw-visits order="31">39</rw-visits>
<rw-visits order="33">36</rw-visits>
<rw-visits order="35">36</rw-visits>
<rw-visits order="37">35</rw-visits>
<rw-visits order="39">34</rw-visits>
<rw-visits order="41">33</rw-visits>
<rw-visits order="43">33</rw-visits>
<rw-visits order="45">29</rw-visits>
<rw-visits order="47">29</rw-visits>
<rw-visits order="49">28</rw-visits>
<rw-visits order="51">27</rw-visits>
<rw-visits order="53">26</rw-visits>
<rw-visits order="55">26</rw-visits>
<rw-visits order="57">26</rw-visits>
<rw-visits order="59">25</rw-visits>
<rw-visits order="61">24</rw-visits>
<rw-visits order="63">24</rw-visits>
<rw-visits order="65">24</rw-visits>
<rw-visits order="67">23</rw-visits>
<rw-visits order="69">23</rw-visits>
<rw-visits order="71">23</rw-visits>
<rw-visits order="73">22</rw-visits>
<rw-visits order="75">21</rw-visits>
<rw-visits order="77">21</rw-visits>
<rw-visits order="79">20</rw-visits>
<rw-visits order="81">20</rw-visits>
<rw-visits order="83">19</rw-visits>
<rw-visits order="85">19</rw-visits>
<rw-visits order="87">19</rw-visits>
<rw-visits order="89">19</rw-visits>
<rw-visits order="91">18</rw-visits>
<rw-visits order="93">18</rw-visits>
<rw-visits order="95">18</rw-visits>
<rw-visits order="97">18</rw-visits>
<rw-visits order="99">17</rw-visits>
<rw-visits order="101">17</rw-visits>
<rw-visits order="103">17</rw-visits>
<rw-visits order="105">16</rw-visits>
<rw-visits order="107">16</rw-visits>
<rw-visits order="109">16</rw-visits>
<rw-visits order="111">16</rw-visits>
<rw-visits order="113">16</rw-visits>
<rw-visits order="115">15</rw-visits>
<rw-visits order="117">15</rw-visits>
<rw-visits order="119">15</rw-visits>
<rw-visits order="121">15</rw-visits>
<rw-visits order="123">15</rw-visits>
<rw-visits order="125">14</rw-visits>
<rw-visits order="127">14</rw-visits>
<rw-visits order="129">14</rw-visits>
<rw-visits order="131">14</rw-visits>
<rw-visits order="133">13</rw-visits>
<rw-visits order="135">13</rw-visits>
<rw-visits order="137">13</rw-visits>
<rw-visits order="139">13</rw-visits>
<rw-visits order="141">13</rw-visits>
<rw-visits order="143">13</rw-visits>
<rw-visits order="145">13</rw-visits>
<rw-visits order="147">12</rw-visits>
<rw-visits order="149">12</rw-visits>
<rw-visits order="151">12</rw-visits>
<rw-visits order="153">12</rw-visits>
<rw-visits order="155">12</rw-visits>
<rw-visits order="157">12</rw-visits>
<rw-visits order="159">12</rw-visits>
<rw-visits order="161">12</rw-visits>
<rw-visits order="163">11</rw-visits>
<rw-visits order="165">11</rw-visits>
<rw-visits order="167">11</rw-visits>
<rw-visits order="169">11</rw-visits>
<rw-visits order="171">11</rw-visits>
<rw-visits order="173">10</rw-visits>
<rw-visits order="175">10</rw-visits>
<rw-visits order="177">10</rw-visits>
<rw-visits order="179">10</rw-visits>
<rw-visits order="181">10</rw-visits>
<rw-visits order="183">10</rw-visits>
<rw-visits order="185">10</rw-visits>
<rw-visits order="187">10</rw-visits>
<rw-visits order="189">10</rw-visits>
<rw-visits order="191">10</rw-visits>
<rw-visits order="193">10</rw-visits>
<rw-visits order="195">10</rw-visits>
<rw-visits order="197">9</rw-visits>
<rw-visits order="199">9</rw-visits>
<rw-visits order="201">9</rw-visits>
<rw-visits order="203">9</rw-visits>
<rw-visits order="205">9</rw-visits>
<rw-visits order="207">9</rw-visits>
<rw-visits order="209">9</rw-visits>
<rw-visits order="211">9</rw-visits>
<rw-visits order="213">9</rw-visits>
<rw-visits order="215">9</rw-visits>
<rw-visits order="217">9</rw-visits>
<rw-visits order="219">9</rw-visits>
<rw-visits order="221">9</rw-visits>
<rw-visits order="223">8</rw-visits>
<rw-visits order="225">8</rw-visits>
<rw-visits order="227">8</rw-visits>
<rw-visits order="229">8</rw-visits>
<rw-visits order="231">8</rw-visits>
<rw-visits order="233">8</rw-visits>
<rw-visits order="235">8</rw-visits>
<rw-visits order="237">8</rw-visits>
<rw-visits order="239">8</rw-visits>
<rw-visits order="241">8</rw-visits>
<rw-visits order="243">8</rw-visits>
<rw-visits order="245">8</rw-visits>
<rw-visits order="247">8</rw-visits>
<rw-visits order="249">8</rw-visits>
<rw-visits order="251">8</rw-visits>
<rw-visits order="253">7</rw-visits>
<rw-visits order="255">7</rw-visits>
<rw-visits order="257">7</rw-visits>
<rw-visits order="259">7</rw-visits>
<rw-visits order="261">7</rw-visits>
<rw-visits order="263">7</rw-visits>
<rw-visits order="265">7</rw-visits>
<rw-visits order="267">7</rw-visits>
<rw-visits order="269">7</rw-visits>
<rw-visits order="271">7</rw-visits>
<rw-visits order="273">7</rw-visits>
<rw-visits order="275">7</rw-visits>
<rw-visits order="277">7</rw-visits>
<rw-visits order="279">7</rw-visits>
<rw-visits order="281">7</rw-visits>
<rw-visits order="283">7</rw-visits>
<rw-visits order="285">7</rw-visits>
<rw-visits order="287">7</rw-visits>
<rw-visits order="289">7</rw-visits>
<rw-visits order="291">7</rw-visits>
<rw-visits order="293">7</rw-visits>
<rw-visits order="295">6</rw-visits>
<rw-visits order="297">6</rw-visits>
<rw-visits order="299">6</rw-visits>
<rw-visits order="301">6</rw-visits>
<rw-visits order="303">6</rw-visits>
<rw-visits order="305">6</rw-visits>
<rw-visits order="307">6</rw-visits>
<rw-visits order="309">6</rw-visits>
<rw-visits order="311">6</rw-visits>
<rw-visits order="313">6</rw-visits>
<rw-visits order="315">6</rw-visits>
<rw-visits order="317">6</rw-visits>
<rw-visits order="319">6</rw-visits>
<rw-visits order="321">6</rw-visits>
<rw-visits order="323">6</rw-visits>
<rw-visits order="325">6</rw-visits>
<rw-visits order="327">6</rw-visits>
<rw-visits order="329">6</rw-visits>
<rw-visits order="331">5</rw-visits>
<rw-visits order="333">5</rw-visits>
<rw-visits order="335">5</rw-visits>
<rw-visits order="337">5</rw-visits>
<rw-visits order="339">5</rw-visits>
<rw-visits order="341">5</rw-visits>
<rw-visits order="343">5</rw-visits>
<rw-visits order="345">5</rw-visits>
<rw-visits order="347">5</rw-visits>
<rw-visits order="349">5</rw-visits>
<rw-visits order="351">5</rw-visits>
<rw-visits order="353">5</rw-visits>
<rw-visits order="355">5</rw-visits>
<rw-visits order="357">5</rw-visits>
<rw-visits order="359">5</rw-visits>
<rw-visits order="361">5</rw-visits>
<rw-visits order="363">5</rw-visits>
<rw-visits order="365">5</rw-visits>
<rw-visits order="367">5</rw-visits>
<rw-visits order="369">5</rw-visits>
<rw-visits order="371">5</rw-visits>
<rw-visits order="373">5</rw-visits>
<rw-visits order="375">5</rw-visits>
<rw-visits order="377">5</rw-visits>
<rw-visits order="379">5</rw-visits>
<rw-visits order="381">5</rw-visits>
<rw-visits order="383">5</rw-visits>
<rw-visits order="385">5</rw-visits>
<rw-visits order="387">5</rw-visits>
<rw-visits order="389">5</rw-visits>
<rw-visits order="391">4</rw-visits>
<rw-visits order="393">4</rw-visits>
<rw-visits order="395">4</rw-visits>
<rw-visits order="397">4</rw-visits>
<rw-visits order="399">4</rw-visits>
<rw-visits order="401">4</rw-visits>
<rw-visits order="403">4</rw-visits>
<rw-visits order="405">4</rw-visits>
<rw-visits order="407">4</rw-visits>
<rw-visits order="409">4</rw-visits>
<rw-visits order="411">4</rw-visits>
<rw-visits order="413">4</rw-visits>
<rw-visits order="415">4</rw-visits>
<rw-visits order="417">4</rw-visits>
<rw-visits order="419">4</rw-visits>
<rw-visits order="421">4</rw-visits>
<rw-visits order="423">4</rw-visits>
<rw-visits order="425">4</rw-visits>
<rw-visits order="427">4</rw-visits>
<rw-visits order="429">4</rw-visits>
<rw-visits order="431">4</rw-visits>
<rw-visits order="433">4</rw-visits>
<rw-visits order="435">4</rw-visits>
<rw-visits order="437">4</rw-visits>
<rw-visits order="439">4</rw-visits>
<rw-visits order="441">4</rw-visits>
<rw-visits order="443">4</rw-visits>
<rw-visits order="445">4</rw-visits>
<rw-visits order="447">3</rw-visits>
<rw-visits order="449">3</rw-visits>
<rw-visits order="451">3</rw-visits>
<rw-visits order="453">3</rw-visits>
<rw-visits order="455">3</rw-visits>
<rw-visits order="457">3</rw-visits>
<rw-visits order="459">3</rw-visits>
<rw-visits order="461">3</rw-visits>
<rw-visits order="463">3</rw-visits>
<rw-visits order="465">3</rw-visits>
<rw-visits order="467">3</rw-visits>
<rw-visits order="469">3</rw-visits>
<rw-visits order="471">3</rw-visits>
<rw-visits order="473">3</rw-visits>
<rw-visits order="475">3</rw-visits>
<rw-visits order="477">3</rw-visits>
<rw-visits order="479">3</rw-visits>
<rw-visits order="481">3</rw-visits>
<rw-visits order="483">3</rw-visits>
<rw-visits order="485">3</rw-visits>
<rw-visits order="487">3</rw-visits>
<rw-visits order="489">3</rw-visits>
<rw-visits order="491">3</rw-visits>
<rw-visits order="493">3</rw-visits>
<rw-visits order="495">3</rw-visits>
<rw-visits order="497">3</rw-visits>
<rw-visits order="499">3</rw-visits>
<rw-visits order="501">3</rw-visits>
<rw-visits order="503">3</rw-visits>
<rw-visits order="505">3</rw-visits>
<rw-visits order="507">3</rw-visits>
<rw-visits order="509">3</rw-visits>
<rw-visits order="511">3</rw-visits>
<rw-visits order="513">2</rw-visits>
<rw-visits order="515">2</rw-visits>
<rw-visits order="517">2</rw-visits>
<rw-visits order="519">2</rw-visits>
<rw-visits order="521">2</rw-visits>
<rw-visits order="523">2</rw-visits>
<rw-visits order="525">2</rw-visits>
<rw-visits order="527">2</rw-visits>
<rw-visits order="529">2</rw-visits>
<rw-visits order="531">2</rw-visits>
<rw-visits order="533">2</rw-visits>
<rw-visits order="535">2</rw-visits>
<rw-visits order="537">2</rw-visits>
<rw-visits order="539">2</rw-visits>
<rw-visits order="541">2</rw-visits>
<rw-visits order="543">2</rw-visits>
<rw-visits order="545">2</rw-visits>
<rw-visits order="547">2</rw-visits>
<rw-visits order="549">2</rw-visits>
<rw-visits order="551">2</rw-visits>
<rw-visits order="553">2</rw-visits>
<rw-visits order="555">2</rw-visits>
<rw-visits order="557">2</rw-visits>
<rw-visits order="559">2</rw-visits>
<rw-visits order="561">2</rw-visits>
<rw-visits order="563">2</rw-visits>
<rw-visits order="565">2</rw-visits>
<rw-visits order="567">2</rw-visits>
<rw-visits order="569">2</rw-visits>
<rw-visits order="571">2</rw-visits>
<rw-visits order="573">2</rw-visits>
<rw-visits order="575">2</rw-visits>
<rw-visits order="577">1</rw-visits>
<rw-visits order="579">1</rw-visits>
<rw-visits order="581">1</rw-visits>
<rw-visits order="583">1</rw-visits>
<rw-visits order="585">1</rw-visits>
<rw-visits order="587">1</rw-visits>
<rw-visits order="589">1</rw-visits>
<rw-visits order="591">1</rw-visits>
<rw-visits order="593">1</rw-visits>
<rw-visits order="595">1</rw-visits>
<rw-visits order="597">1</rw-visits>
<rw-visits order="599">1</rw-visits>
<rw-visits order="601">1</rw-visits>
<rw-visits order="603">1</rw-visits>
<rw-visits order="605">1</rw-visits>
<rw-visits order="607">1</rw-visits>
<rw-visits order="609">1</rw-visits>
<rw-visits order="611">1</rw-visits>
<rw-visits order="613">1</rw-visits>
<rw-visits order="615">1</rw-visits>
<rw-visits order="617">1</rw-visits>
<rw-visits order="619">1</rw-visits>
<rw-visits order="621">1</rw-visits>
<rw-visits order="623">1</rw-visits>
<rw-visits order="625">1</rw-visits>
<rw-visits order="627">1</rw-visits>
<rw-visits order="629">1</rw-visits>
<rw-visits order="631">1</rw-visits>
<rw-visits order="633">1</rw-visits>
<rw-visits order="635">1</rw-visits>
<rw-visits order="637">1</rw-visits>
<rw-visits order="639">1</rw-visits>
<rw-visits order="641">1</rw-visits>
<rw-visits order="643">1</rw-visits>
<rw-visits order="645">1</rw-visits>
<rw-visits order="647">1</rw-visits>
<rw-visits order="649">1</rw-visits>
<rw-visits order="651">1</rw-visits>
<final-coverage>89.5748</final-coverage>
</rw-info>
<local-info>
<diamonds>98.9026</diamonds>
<neighborhood k="4">66</neighborhood>
<clustering k="4">1.99647</clustering>
</local-info>
<label-info>
<edge-label id="0.0">162</edge-label>
<edge-label id="0.1">81</edge-label>
<edge-label id="0.2">81</edge-label>
<edge-label id="0.3">162</edge-label>
<edge-label id="1.0">162</edge-label>
<edge-label id="1.1">81</edge-label>
<edge-label id="1.2">81</edge-label>
<edge-label id="1.3">162</edge-label>
<edge-label id="2.0">162</edge-label>
<edge-label id="2.1">81</edge-label>
<edge-label id="2.2">81</edge-label>
<edge-label id="2.3">162</edge-label>
<edge-label id="3.0">162</edge-label>
<edge-label id="3.1">81</edge-label>
<edge-label id="3.2">81</edge-label>
<edge-label id="3.3">162</edge-label>
<edge-label id="4.0">162</edge-label>
<edge-label id="4.1">81</edge-label>
<edge-label id="4.2">81</edge-label>
<edge-label id="4.3">162</edge-label>
<edge-label id="5.0">162</edge-label>
<edge-label id="5.1">81</edge-label>
<edge-label id="5.2">81</edge-label>
<edge-label id="5.3">162</edge-label>
<state-labels procid="0">
<label id="[{0|0|0|0|0|0}]">1</label>
<label id="[{0|0|0|0|0|1}]">2</label>
<label id="[{0|0|0|0|1|0}]">2</label>
<label id="[{0|0|0|0|1|1}]">4</label>
<label id="[{0|0|0|1|0|0}]">2</label>
<label id="[{0|0|0|1|0|1}]">4</label>
<label id="[{0|0|0|1|1|0}]">4</label>
<label id="[{0|0|0|1|1|1}]">8</label>
<label id="[{0|0|1|0|0|0}]">2</label>
<label id="[{0|0|1|0|0|1}]">4</label>
<label id="[{0|0|1|0|1|0}]">4</label>
<label id="[{0|0|1|0|1|1}]">8</label>
<label id="[{0|0|1|1|0|0}]">4</label>
<label id="[{0|0|1|1|0|1}]">8</label>
<label id="[{0|0|1|1|1|0}]">8</label>
<label id="[{0|0|1|1|1|1}]">16</label>
<label id="[{0|1|0|0|0|0}]">2</label>
<label id="[{0|1|0|0|0|1}]">4</label>
<label id="[{0|1|0|0|1|0}]">4</label>
<label id="[{0|1|0|0|1|1}]">8</label>
<label id="[{0|1|0|1|0|0}]">4</label>
<label id="[{0|1|0|1|0|1}]">8</label>
<label id="[{0|1|0|1|1|0}]">8</label>
<label id="[{0|1|0|1|1|1}]">16</label>
<label id="[{0|1|1|0|0|0}]">4</label>
<label id="[{0|1|1|0|0|1}]">8</label>
<label id="[{0|1|1|0|1|0}]">8</label>
<label id="[{0|1|1|0|1|1}]">16</label>
<label id="[{0|1|1|1|0|0}]">8</label>
<label id="[{0|1|1|1|0|1}]">16</label>
<label id="[{0|1|1|1|1|0}]">16</label>
<label id="[{0|1|1|1|1|1}]">32</label>
<label id="[{1|0|0|0|0|0}]">2</label>
<label id="[{1|0|0|0|0|1}]">4</label>
<label id="[{1|0|0|0|1|0}]">4</label>
<label id="[{1|0|0|0|1|1}]">8</label>
<label id="[{1|0|0|1|0|0}]">4</label>
<label id="[{1|0|0|1|0|1}]">8</label>
<label id="[{1|0|0|1|1|0}]">8</label>
<label id="[{1|0|0|1|1|1}]">16</label>
<label id="[{1|0|1|0|0|0}]">4</label>
<label id="[{1|0|1|0|0|1}]">8</label>
<label id="[{1|0|1|0|1|0}]">8</label>
<label id="[{1|0|1|0|1|1}]">16</label>
<label id="[{1|0|1|1|0|0}]">8</label>
<label id="[{1|0|1|1|0|1}]">16</label>
<label id="[{1|0|1|1|1|0}]">16</label>
<label id="[{1|0|1|1|1|1}]">32</label>
<label id="[{1|1|0|0|0|0}]">4</label>
<label id="[{1|1|0|0|0|1}]">8</label>
<label id="[{1|1|0|0|1|0}]">8</label>
<label id="[{1|1|0|0|1|1}]">16</label>
<label id="[{1|1|0|1|0|0}]">8</label>
<label id="[{1|1|0|1|0|1}]">16</label>
<label id="[{1|1|0|1|1|0}]">16</label>
<label id="[{1|1|0|1|1|1}]">32</label>
<label id="[{1|1|1|0|0|0}]">8</label>
<label id="[{1|1|1|0|0|1}]">16</label>
<label id="[{1|1|1|0|1|0}]">16</label>
<label id="[{1|1|1|0|1|1}]">32</label>
<label id="[{1|1|1|1|0|0}]">16</label>
<label id="[{1|1|1|1|0|1}]">32</label>
<label id="[{1|1|1|1|1|0}]">32</label>
<label id="[{1|1|1|1|1|1}]">64</label>
</state-labels><state-labels procid="1">
<label id="[0]">324</label>
<label id="[1]">162</label>
<label id="[2]">81</label>
<label id="[3]">162</label>
</state-labels><state-labels procid="2">
<label id="[0]">324</label>
<label id="[1]">162</label>
<label id="[2]">81</label>
<label id="[3]">162</label>
</state-labels><state-labels procid="3">
<label id="[0]">324</label>
<label id="[1]">162</label>
<label id="[2]">81</label>
<label id="[3]">162</label>
</state-labels><state-labels procid="4">
<label id="[0]">324</label>
<label id="[1]">162</label>
<label id="[2]">81</label>
<label id="[3]">162</label>
</state-labels><state-labels procid="5">
<label id="[0]">324</label>
<label id="[1]">162</label>
<label id="[2]">81</label>
<label id="[3]">162</label>
</state-labels><state-labels procid="6">
<label id="[0]">324</label>
<label id="[1]">162</label>
<label id="[2]">81</label>
<label id="[3]">162</label>
</state-labels></label-info>
</state-space-info>
