<?xml version="1.0"?>
<!DOCTYPE state-space-info SYSTEM "../../state_space_info.dtd">


<state-space-info>
<states>581</states>
<edges>2350</edges>
<bfs-info>
 <levels>13</levels>
<max-level>105</max-level>

<back-level-edges>890</back-level-edges>
<max-back-level-edge>3</max-back-level-edge>
<avg-back-level-edge>1.86517</avg-back-level-edge>
<bfs-levels>
<level id="0"><states>1</states><edges>5</edges></level>
<level id="1"><states>5</states><edges>30</edges></level>
<level id="2"><states>15</states><edges>95</edges></level>
<level id="3"><states>35</states><edges>205</edges></level>
<level id="4"><states>65</states><edges>335</edges></level>
<level id="5"><states>95</states><edges>425</edges></level>
<level id="6"><states>105</states><edges>400</edges></level>
<level id="7"><states>90</states><edges>315</edges></level>
<level id="8"><states>75</states><edges>250</edges></level>
<level id="9"><states>50</states><edges>155</edges></level>
<level id="10"><states>20</states><edges>60</edges></level>
<level id="11"><states>15</states><edges>45</edges></level>
<level id="12"><states>10</states><edges>30</edges></level>
</bfs-levels>
<back-level-length id="0">0</back-level-length>
<back-level-length id="1">56.7416</back-level-length>
<back-level-length id="2">0</back-level-length>
<back-level-length id="3">43.2584</back-level-length>
</bfs-info>
<degrees>
<avg>4.04475</avg>
<max-in>7</max-in>
<max-out>7</max-out>
<degree id="0"><in>0</in><out>0</out></degree>
<degree id="1"><in>10</in><out>10</out></degree>
<degree id="2"><in>45</in><out>45</out></degree>
<degree id="3"><in>160</in><out>160</out></degree>
<degree id="4"><in>145</in><out>145</out></degree>
<degree id="5"><in>146</in><out>146</out></degree>
<degree id="6"><in>65</in><out>65</out></degree>
<degree id="7"><in>10</in><out>10</out></degree>
</degrees>
<scc-info>
<count>1</count>
<height>0</height>
<nontrivial-height>0</nontrivial-height>
<trivial>0</trivial>
<terminal>1</terminal>
<largest>581</largest>
<largest-position> initial the only terminal</largest-position>
</scc-info>
<dfs-info>
<stack-size id="2">0.344234</stack-size>
<stack-size id="4">0.688468</stack-size>
<stack-size id="6">1.0327</stack-size>
<stack-size id="8">1.37694</stack-size>
<stack-size id="10">1.72117</stack-size>
<stack-size id="12">2.0654</stack-size>
<stack-size id="14">2.40964</stack-size>
<stack-size id="16">2.75387</stack-size>
<stack-size id="18">3.09811</stack-size>
<stack-size id="20">3.44234</stack-size>
<stack-size id="22">3.78657</stack-size>
<stack-size id="24">4.13081</stack-size>
<stack-size id="26">4.47504</stack-size>
<stack-size id="28">4.81928</stack-size>
<stack-size id="30">5.16351</stack-size>
<stack-size id="32">5.50775</stack-size>
<stack-size id="34">5.85198</stack-size>
<stack-size id="36">6.19621</stack-size>
<stack-size id="38">6.54045</stack-size>
<stack-size id="40">6.88468</stack-size>
<stack-size id="42">7.22892</stack-size>
<stack-size id="44">7.57315</stack-size>
<stack-size id="46">7.91738</stack-size>
<stack-size id="48">8.26162</stack-size>
<stack-size id="50">8.60585</stack-size>
<stack-size id="52">8.95009</stack-size>
<stack-size id="54">9.29432</stack-size>
<stack-size id="56">9.46644</stack-size>
<stack-size id="58">9.81067</stack-size>
<stack-size id="60">10.1549</stack-size>
<stack-size id="62">10.4991</stack-size>
<stack-size id="64">10.8434</stack-size>
<stack-size id="66">11.1876</stack-size>
<stack-size id="68">11.5318</stack-size>
<stack-size id="70">11.8761</stack-size>
<stack-size id="72">12.2203</stack-size>
<stack-size id="74">12.5645</stack-size>
<stack-size id="76">12.9088</stack-size>
<stack-size id="78">13.253</stack-size>
<stack-size id="80">13.5972</stack-size>
<stack-size id="82">13.9415</stack-size>
<stack-size id="84">14.2857</stack-size>
<stack-size id="86">14.6299</stack-size>
<stack-size id="88">14.9742</stack-size>
<stack-size id="90">15.3184</stack-size>
<stack-size id="92">15.6627</stack-size>
<stack-size id="94">16.0069</stack-size>
<stack-size id="96">16.3511</stack-size>
<stack-size id="98">16.6954</stack-size>
<stack-size id="100">17.0396</stack-size>
<stack-size id="102">17.3838</stack-size>
<stack-size id="104">17.7281</stack-size>
<stack-size id="106">18.0723</stack-size>
<stack-size id="108">18.4165</stack-size>
<stack-size id="110">18.7608</stack-size>
<stack-size id="112">19.105</stack-size>
<stack-size id="114">19.4492</stack-size>
<stack-size id="116">19.7935</stack-size>
<stack-size id="118">20.1377</stack-size>
<stack-size id="120">20.4819</stack-size>
<stack-size id="122">20.8262</stack-size>
<stack-size id="124">21.1704</stack-size>
<stack-size id="126">21.5146</stack-size>
<stack-size id="128">21.8589</stack-size>
<stack-size id="130">22.2031</stack-size>
<stack-size id="132">22.5473</stack-size>
<stack-size id="134">22.8916</stack-size>
<stack-size id="136">23.2358</stack-size>
<stack-size id="138">23.58</stack-size>
<stack-size id="140">23.9243</stack-size>
<stack-size id="142">24.2685</stack-size>
<stack-size id="144">24.6127</stack-size>
<stack-size id="146">24.957</stack-size>
<stack-size id="148">25.3012</stack-size>
<stack-size id="150">25.6454</stack-size>
<stack-size id="152">25.9897</stack-size>
<stack-size id="154">26.3339</stack-size>
<stack-size id="156">26.6781</stack-size>
<stack-size id="158">27.0224</stack-size>
<stack-size id="160">27.3666</stack-size>
<stack-size id="162">27.7108</stack-size>
<stack-size id="164">28.0551</stack-size>
<stack-size id="166">28.3993</stack-size>
<stack-size id="168">28.7435</stack-size>
<stack-size id="170">29.0878</stack-size>
<stack-size id="172">29.432</stack-size>
<stack-size id="174">29.7762</stack-size>
<stack-size id="176">30.1205</stack-size>
<stack-size id="178">30.4647</stack-size>
<stack-size id="180">30.809</stack-size>
<stack-size id="182">31.1532</stack-size>
<stack-size id="184">31.4974</stack-size>
<stack-size id="186">31.8417</stack-size>
<stack-size id="188">32.1859</stack-size>
<stack-size id="190">32.5301</stack-size>
<stack-size id="192">32.8744</stack-size>
<stack-size id="194">33.2186</stack-size>
<stack-size id="196">33.5628</stack-size>
<stack-size id="198">33.9071</stack-size>
<stack-size id="200">34.2513</stack-size>
<stack-size id="202">34.5955</stack-size>
<stack-size id="204">34.9398</stack-size>
<stack-size id="206">35.284</stack-size>
<stack-size id="208">35.6282</stack-size>
<stack-size id="210">35.9725</stack-size>
<stack-size id="212">36.3167</stack-size>
<stack-size id="214">36.6609</stack-size>
<stack-size id="216">37.0052</stack-size>
<stack-size id="218">37.3494</stack-size>
<stack-size id="220">37.6936</stack-size>
<stack-size id="222">38.0379</stack-size>
<stack-size id="224">38.3821</stack-size>
<stack-size id="226">38.7263</stack-size>
<stack-size id="228">39.0706</stack-size>
<stack-size id="230">39.4148</stack-size>
<stack-size id="232">39.759</stack-size>
<stack-size id="234">40.1033</stack-size>
<stack-size id="236">40.4475</stack-size>
<stack-size id="238">40.7917</stack-size>
<stack-size id="240">41.136</stack-size>
<stack-size id="242">41.4802</stack-size>
<stack-size id="244">41.8244</stack-size>
<stack-size id="246">42.1687</stack-size>
<stack-size id="248">42.5129</stack-size>
<stack-size id="250">42.8571</stack-size>
<stack-size id="252">43.2014</stack-size>
<stack-size id="254">43.3735</stack-size>
<stack-size id="256">43.7177</stack-size>
<stack-size id="258">44.062</stack-size>
<stack-size id="260">44.4062</stack-size>
<stack-size id="262">44.7504</stack-size>
<stack-size id="264">45.0947</stack-size>
<stack-size id="266">45.4389</stack-size>
<stack-size id="268">45.7831</stack-size>
<stack-size id="270">46.1274</stack-size>
<stack-size id="272">46.4716</stack-size>
<stack-size id="274">46.8158</stack-size>
<stack-size id="276">47.1601</stack-size>
<stack-size id="278">47.5043</stack-size>
<stack-size id="280">47.8485</stack-size>
<stack-size id="282">48.1928</stack-size>
<stack-size id="284">48.537</stack-size>
<stack-size id="286">48.8812</stack-size>
<stack-size id="288">49.2255</stack-size>
<stack-size id="290">49.5697</stack-size>
<stack-size id="292">49.2255</stack-size>
<stack-size id="294">49.5697</stack-size>
<stack-size id="296">49.9139</stack-size>
<stack-size id="298">50.2582</stack-size>
<stack-size id="300">50.6024</stack-size>
<stack-size id="302">50.9466</stack-size>
<stack-size id="304">51.2909</stack-size>
<stack-size id="306">51.6351</stack-size>
<stack-size id="308">51.9793</stack-size>
<stack-size id="310">52.1515</stack-size>
<stack-size id="312">52.4957</stack-size>
<stack-size id="314">52.8399</stack-size>
<stack-size id="316">53.1842</stack-size>
<stack-size id="318">53.5284</stack-size>
<stack-size id="320">53.8726</stack-size>
<stack-size id="322">54.2169</stack-size>
<stack-size id="324">54.5611</stack-size>
<stack-size id="326">54.9053</stack-size>
<stack-size id="328">55.2496</stack-size>
<stack-size id="330">55.5938</stack-size>
<stack-size id="332">55.938</stack-size>
<stack-size id="334">56.2823</stack-size>
<stack-size id="336">56.4544</stack-size>
<stack-size id="338">56.7986</stack-size>
<stack-size id="340">57.1429</stack-size>
<stack-size id="342">57.4871</stack-size>
<stack-size id="344">56.7986</stack-size>
<stack-size id="346">57.1429</stack-size>
<stack-size id="348">57.4871</stack-size>
<stack-size id="350">57.6592</stack-size>
<stack-size id="352">58.0034</stack-size>
<stack-size id="354">58.1756</stack-size>
<stack-size id="356">58.3477</stack-size>
<stack-size id="358">58.6919</stack-size>
<stack-size id="360">59.0361</stack-size>
<stack-size id="362">59.0361</stack-size>
<stack-size id="364">59.3804</stack-size>
<stack-size id="366">59.7246</stack-size>
<stack-size id="368">59.8967</stack-size>
<stack-size id="370">60.241</stack-size>
<stack-size id="372">60.5852</stack-size>
<stack-size id="374">60.9294</stack-size>
<stack-size id="376">61.2737</stack-size>
<stack-size id="378">60.7573</stack-size>
<stack-size id="380">61.1015</stack-size>
<stack-size id="382">60.4131</stack-size>
<stack-size id="384">60.7573</stack-size>
<stack-size id="386">61.1015</stack-size>
<stack-size id="388">60.9294</stack-size>
<stack-size id="390">61.2737</stack-size>
<stack-size id="392">61.6179</stack-size>
<stack-size id="394">61.9621</stack-size>
<stack-size id="396">62.3064</stack-size>
<stack-size id="398">61.9621</stack-size>
<stack-size id="400">62.3064</stack-size>
<stack-size id="402">62.6506</stack-size>
<stack-size id="404">62.9948</stack-size>
<stack-size id="406">63.3391</stack-size>
<stack-size id="408">63.6833</stack-size>
<stack-size id="410">64.0275</stack-size>
<stack-size id="412">64.3718</stack-size>
<stack-size id="414">64.716</stack-size>
<stack-size id="416">65.0602</stack-size>
<stack-size id="418">65.4045</stack-size>
<stack-size id="420">65.0602</stack-size>
<stack-size id="422">65.4045</stack-size>
<stack-size id="424">65.7487</stack-size>
<stack-size id="426">65.7487</stack-size>
<stack-size id="428">66.0929</stack-size>
<stack-size id="430">66.4372</stack-size>
<stack-size id="432">66.7814</stack-size>
<stack-size id="434">67.1256</stack-size>
<stack-size id="436">67.4699</stack-size>
<stack-size id="438">67.8141</stack-size>
<stack-size id="440">68.1583</stack-size>
<stack-size id="442">68.5026</stack-size>
<stack-size id="444">68.8468</stack-size>
<stack-size id="446">68.1583</stack-size>
<stack-size id="448">67.8141</stack-size>
<stack-size id="450">68.1583</stack-size>
<stack-size id="452">68.1583</stack-size>
<stack-size id="454">68.5026</stack-size>
<stack-size id="456">68.8468</stack-size>
<stack-size id="458">68.3305</stack-size>
<stack-size id="460">68.3305</stack-size>
<stack-size id="462">68.6747</stack-size>
<stack-size id="464">69.0189</stack-size>
<stack-size id="466">68.8468</stack-size>
<stack-size id="468">69.191</stack-size>
<stack-size id="470">69.3632</stack-size>
<stack-size id="472">69.7074</stack-size>
<stack-size id="474">68.6747</stack-size>
<stack-size id="476">67.1256</stack-size>
<stack-size id="478">67.2978</stack-size>
<stack-size id="480">65.5766</stack-size>
<stack-size id="482">65.9208</stack-size>
<stack-size id="484">66.2651</stack-size>
<stack-size id="486">66.6093</stack-size>
<stack-size id="488">66.9535</stack-size>
<stack-size id="490">67.2978</stack-size>
<stack-size id="492">67.642</stack-size>
<stack-size id="494">67.9862</stack-size>
<stack-size id="496">67.8141</stack-size>
<stack-size id="498">67.642</stack-size>
<stack-size id="500">66.9535</stack-size>
<stack-size id="502">67.2978</stack-size>
<stack-size id="504">67.642</stack-size>
<stack-size id="506">67.9862</stack-size>
<stack-size id="508">68.3305</stack-size>
<stack-size id="510">68.3305</stack-size>
<stack-size id="512">67.9862</stack-size>
<stack-size id="514">68.3305</stack-size>
<stack-size id="516">68.6747</stack-size>
<stack-size id="518">68.5026</stack-size>
<stack-size id="520">67.9862</stack-size>
<stack-size id="522">68.3305</stack-size>
<stack-size id="524">68.6747</stack-size>
<stack-size id="526">69.0189</stack-size>
<stack-size id="528">69.3632</stack-size>
<stack-size id="530">69.7074</stack-size>
<stack-size id="532">70.0516</stack-size>
<stack-size id="534">69.7074</stack-size>
<stack-size id="536">69.3632</stack-size>
<stack-size id="538">69.7074</stack-size>
<stack-size id="540">68.8468</stack-size>
<stack-size id="542">67.1256</stack-size>
<stack-size id="544">64.8881</stack-size>
<stack-size id="546">65.2324</stack-size>
<stack-size id="548">65.0602</stack-size>
<stack-size id="550">64.3718</stack-size>
<stack-size id="552">63.8554</stack-size>
<stack-size id="554">58.0034</stack-size>
<stack-size id="556">57.8313</stack-size>
<stack-size id="558">53.8726</stack-size>
<stack-size id="560">45.7831</stack-size>
<stack-size id="562">42.1687</stack-size>
<stack-size id="564">32.8744</stack-size>
<stack-size id="566">29.432</stack-size>
<stack-size id="568">29.2599</stack-size>
<stack-size id="570">28.0551</stack-size>
<stack-size id="572">25.6454</stack-size>
<stack-size id="574">25.4733</stack-size>
<stack-size id="576">16.6954</stack-size>
<stack-size id="578">15.1463</stack-size>
<stack-size id="580">7.91738</stack-size>
<max-stack>407</max-stack>
<front-edges>580</front-edges>
<back-edges>939</back-edges>
<cross-edges>831</cross-edges>
<shortest-cycle>2</shortest-cycle>
</dfs-info>
<rw-info>
<coverage step="40">4.47504</coverage>
<coverage step="80">9.81067</coverage>
<coverage step="120">15.6627</coverage>
<coverage step="160">19.7935</coverage>
<coverage step="200">24.6127</coverage>
<coverage step="240">27.1945</coverage>
<coverage step="280">30.809</coverage>
<coverage step="320">33.5628</coverage>
<coverage step="360">37.8657</coverage>
<coverage step="400">40.7917</coverage>
<coverage step="440">43.7177</coverage>
<coverage step="480">47.3322</coverage>
<coverage step="520">48.1928</coverage>
<coverage step="560">49.5697</coverage>
<coverage step="600">51.2909</coverage>
<coverage step="640">53.1842</coverage>
<coverage step="680">54.9053</coverage>
<coverage step="720">56.2823</coverage>
<coverage step="760">57.1429</coverage>
<coverage step="800">58.1756</coverage>
<coverage step="840">59.0361</coverage>
<coverage step="880">61.2737</coverage>
<coverage step="920">62.3064</coverage>
<coverage step="960">62.4785</coverage>
<coverage step="1000">64.3718</coverage>
<coverage step="1040">67.642</coverage>
<coverage step="1080">69.3632</coverage>
<coverage step="1120">70.568</coverage>
<coverage step="1160">72.6334</coverage>
<coverage step="1200">73.1497</coverage>
<coverage step="1240">74.6988</coverage>
<coverage step="1280">76.42</coverage>
<coverage step="1320">76.7642</coverage>
<coverage step="1360">77.1084</coverage>
<coverage step="1400">79.0017</coverage>
<coverage step="1440">80.3787</coverage>
<coverage step="1480">81.7556</coverage>
<coverage step="1520">81.9277</coverage>
<coverage step="1560">81.9277</coverage>
<coverage step="1600">82.7883</coverage>
<coverage step="1640">83.3046</coverage>
<coverage step="1680">84.1652</coverage>
<coverage step="1720">85.3701</coverage>
<coverage step="1760">86.0585</coverage>
<coverage step="1800">86.4028</coverage>
<coverage step="1840">87.4355</coverage>
<coverage step="1880">88.1239</coverage>
<coverage step="1920">88.296</coverage>
<coverage step="1960">88.8124</coverage>
<coverage step="2000">90.0172</coverage>
<coverage step="2040">90.8778</coverage>
<coverage step="2080">91.5663</coverage>
<coverage step="2120">91.5663</coverage>
<coverage step="2160">91.5663</coverage>
<coverage step="2200">91.5663</coverage>
<coverage step="2240">91.5663</coverage>
<coverage step="2280">91.9105</coverage>
<coverage step="2320">92.2547</coverage>
<coverage step="2360">92.9432</coverage>
<coverage step="2400">92.9432</coverage>
<coverage step="2440">93.2874</coverage>
<coverage step="2480">93.2874</coverage>
<coverage step="2520">93.2874</coverage>
<coverage step="2560">93.2874</coverage>
<coverage step="2600">93.4596</coverage>
<coverage step="2640">93.6317</coverage>
<coverage step="2680">94.148</coverage>
<coverage step="2720">94.148</coverage>
<coverage step="2760">94.148</coverage>
<coverage step="2800">94.148</coverage>
<coverage step="2840">94.148</coverage>
<coverage step="2880">94.3201</coverage>
<coverage step="2920">94.8365</coverage>
<coverage step="2960">95.1807</coverage>
<coverage step="3000">95.1807</coverage>
<coverage step="3040">95.3528</coverage>
<coverage step="3080">95.525</coverage>
<coverage step="3120">95.525</coverage>
<coverage step="3160">95.525</coverage>
<coverage step="3200">96.0413</coverage>
<coverage step="3240">96.0413</coverage>
<coverage step="3280">96.3855</coverage>
<coverage step="3320">96.3855</coverage>
<coverage step="3360">96.7298</coverage>
<coverage step="3400">96.7298</coverage>
<coverage step="3440">96.9019</coverage>
<coverage step="3480">97.074</coverage>
<coverage step="3520">97.074</coverage>
<coverage step="3560">97.074</coverage>
<coverage step="3600">97.074</coverage>
<coverage step="3640">97.2461</coverage>
<coverage step="3680">97.2461</coverage>
<coverage step="3720">97.2461</coverage>
<coverage step="3760">97.7625</coverage>
<coverage step="3800">97.7625</coverage>
<coverage step="3840">97.7625</coverage>
<coverage step="3880">97.9346</coverage>
<coverage step="3920">98.1067</coverage>
<coverage step="3960">98.2788</coverage>
<coverage step="4000">98.2788</coverage>
<coverage step="4040">98.2788</coverage>
<coverage step="4080">98.4509</coverage>
<coverage step="4120">98.4509</coverage>
<coverage step="4160">98.4509</coverage>
<coverage step="4200">98.4509</coverage>
<coverage step="4240">98.4509</coverage>
<coverage step="4280">98.4509</coverage>
<coverage step="4320">98.4509</coverage>
<coverage step="4360">98.4509</coverage>
<coverage step="4400">98.4509</coverage>
<coverage step="4440">98.6231</coverage>
<coverage step="4480">98.7952</coverage>
<coverage step="4520">98.7952</coverage>
<coverage step="4560">98.7952</coverage>
<coverage step="4600">98.7952</coverage>
<coverage step="4640">98.7952</coverage>
<coverage step="4680">98.7952</coverage>
<coverage step="4720">98.7952</coverage>
<coverage step="4760">98.7952</coverage>
<coverage step="4800">98.7952</coverage>
<coverage step="4840">98.7952</coverage>
<coverage step="4880">98.7952</coverage>
<coverage step="4920">98.7952</coverage>
<coverage step="4960">98.7952</coverage>
<coverage step="5000">98.7952</coverage>
<coverage step="5040">99.1394</coverage>
<coverage step="5080">99.1394</coverage>
<coverage step="5120">99.1394</coverage>
<coverage step="5160">99.1394</coverage>
<coverage step="5200">99.1394</coverage>
<coverage step="5240">99.1394</coverage>
<coverage step="5280">99.1394</coverage>
<coverage step="5320">99.1394</coverage>
<coverage step="5360">99.1394</coverage>
<coverage step="5400">99.1394</coverage>
<coverage step="5440">99.1394</coverage>
<coverage step="5480">99.1394</coverage>
<coverage step="5520">99.1394</coverage>
<coverage step="5560">99.1394</coverage>
<coverage step="5600">99.1394</coverage>
<coverage step="5640">99.1394</coverage>
<coverage step="5680">99.1394</coverage>
<coverage step="5720">99.1394</coverage>
<coverage step="5760">99.1394</coverage>
<coverage step="5800">99.1394</coverage>
<rw-visits order="1">31</rw-visits>
<rw-visits order="2">30</rw-visits>
<rw-visits order="3">30</rw-visits>
<rw-visits order="4">30</rw-visits>
<rw-visits order="5">30</rw-visits>
<rw-visits order="6">29</rw-visits>
<rw-visits order="7">28</rw-visits>
<rw-visits order="8">28</rw-visits>
<rw-visits order="9">27</rw-visits>
<rw-visits order="10">26</rw-visits>
<rw-visits order="11">26</rw-visits>
<rw-visits order="12">25</rw-visits>
<rw-visits order="13">25</rw-visits>
<rw-visits order="14">24</rw-visits>
<rw-visits order="15">24</rw-visits>
<rw-visits order="16">23</rw-visits>
<rw-visits order="17">23</rw-visits>
<rw-visits order="18">23</rw-visits>
<rw-visits order="19">23</rw-visits>
<rw-visits order="20">22</rw-visits>
<rw-visits order="21">22</rw-visits>
<rw-visits order="22">22</rw-visits>
<rw-visits order="23">22</rw-visits>
<rw-visits order="24">22</rw-visits>
<rw-visits order="25">22</rw-visits>
<rw-visits order="26">22</rw-visits>
<rw-visits order="27">21</rw-visits>
<rw-visits order="28">21</rw-visits>
<rw-visits order="29">21</rw-visits>
<rw-visits order="30">21</rw-visits>
<rw-visits order="31">21</rw-visits>
<rw-visits order="32">21</rw-visits>
<rw-visits order="33">20</rw-visits>
<rw-visits order="34">20</rw-visits>
<rw-visits order="35">20</rw-visits>
<rw-visits order="36">20</rw-visits>
<rw-visits order="37">20</rw-visits>
<rw-visits order="38">20</rw-visits>
<rw-visits order="39">19</rw-visits>
<rw-visits order="40">19</rw-visits>
<rw-visits order="41">19</rw-visits>
<rw-visits order="42">19</rw-visits>
<rw-visits order="43">19</rw-visits>
<rw-visits order="44">19</rw-visits>
<rw-visits order="45">19</rw-visits>
<rw-visits order="46">19</rw-visits>
<rw-visits order="47">19</rw-visits>
<rw-visits order="48">19</rw-visits>
<rw-visits order="49">19</rw-visits>
<rw-visits order="50">19</rw-visits>
<rw-visits order="51">18</rw-visits>
<rw-visits order="52">18</rw-visits>
<rw-visits order="53">18</rw-visits>
<rw-visits order="54">18</rw-visits>
<rw-visits order="55">18</rw-visits>
<rw-visits order="56">18</rw-visits>
<rw-visits order="57">18</rw-visits>
<rw-visits order="58">18</rw-visits>
<rw-visits order="59">18</rw-visits>
<rw-visits order="60">18</rw-visits>
<rw-visits order="61">18</rw-visits>
<rw-visits order="62">17</rw-visits>
<rw-visits order="63">17</rw-visits>
<rw-visits order="64">17</rw-visits>
<rw-visits order="65">17</rw-visits>
<rw-visits order="66">17</rw-visits>
<rw-visits order="67">17</rw-visits>
<rw-visits order="68">17</rw-visits>
<rw-visits order="69">17</rw-visits>
<rw-visits order="70">17</rw-visits>
<rw-visits order="71">17</rw-visits>
<rw-visits order="72">17</rw-visits>
<rw-visits order="73">17</rw-visits>
<rw-visits order="74">17</rw-visits>
<rw-visits order="75">17</rw-visits>
<rw-visits order="76">17</rw-visits>
<rw-visits order="77">17</rw-visits>
<rw-visits order="78">17</rw-visits>
<rw-visits order="79">17</rw-visits>
<rw-visits order="80">17</rw-visits>
<rw-visits order="81">16</rw-visits>
<rw-visits order="82">16</rw-visits>
<rw-visits order="83">16</rw-visits>
<rw-visits order="84">16</rw-visits>
<rw-visits order="85">16</rw-visits>
<rw-visits order="86">16</rw-visits>
<rw-visits order="87">16</rw-visits>
<rw-visits order="88">16</rw-visits>
<rw-visits order="89">16</rw-visits>
<rw-visits order="90">16</rw-visits>
<rw-visits order="91">16</rw-visits>
<rw-visits order="92">16</rw-visits>
<rw-visits order="93">16</rw-visits>
<rw-visits order="94">16</rw-visits>
<rw-visits order="95">15</rw-visits>
<rw-visits order="96">15</rw-visits>
<rw-visits order="97">15</rw-visits>
<rw-visits order="98">15</rw-visits>
<rw-visits order="99">15</rw-visits>
<rw-visits order="100">15</rw-visits>
<rw-visits order="101">15</rw-visits>
<rw-visits order="102">15</rw-visits>
<rw-visits order="103">15</rw-visits>
<rw-visits order="104">15</rw-visits>
<rw-visits order="105">15</rw-visits>
<rw-visits order="106">15</rw-visits>
<rw-visits order="107">15</rw-visits>
<rw-visits order="108">15</rw-visits>
<rw-visits order="109">15</rw-visits>
<rw-visits order="110">15</rw-visits>
<rw-visits order="111">15</rw-visits>
<rw-visits order="112">15</rw-visits>
<rw-visits order="113">15</rw-visits>
<rw-visits order="114">14</rw-visits>
<rw-visits order="115">14</rw-visits>
<rw-visits order="116">14</rw-visits>
<rw-visits order="117">14</rw-visits>
<rw-visits order="118">14</rw-visits>
<rw-visits order="119">14</rw-visits>
<rw-visits order="120">14</rw-visits>
<rw-visits order="121">14</rw-visits>
<rw-visits order="122">14</rw-visits>
<rw-visits order="123">14</rw-visits>
<rw-visits order="124">14</rw-visits>
<rw-visits order="125">14</rw-visits>
<rw-visits order="126">14</rw-visits>
<rw-visits order="127">14</rw-visits>
<rw-visits order="128">14</rw-visits>
<rw-visits order="129">14</rw-visits>
<rw-visits order="130">14</rw-visits>
<rw-visits order="131">14</rw-visits>
<rw-visits order="132">14</rw-visits>
<rw-visits order="133">14</rw-visits>
<rw-visits order="134">14</rw-visits>
<rw-visits order="135">14</rw-visits>
<rw-visits order="136">14</rw-visits>
<rw-visits order="137">13</rw-visits>
<rw-visits order="138">13</rw-visits>
<rw-visits order="139">13</rw-visits>
<rw-visits order="140">13</rw-visits>
<rw-visits order="141">13</rw-visits>
<rw-visits order="142">13</rw-visits>
<rw-visits order="143">13</rw-visits>
<rw-visits order="144">13</rw-visits>
<rw-visits order="145">13</rw-visits>
<rw-visits order="146">13</rw-visits>
<rw-visits order="147">13</rw-visits>
<rw-visits order="148">13</rw-visits>
<rw-visits order="149">13</rw-visits>
<rw-visits order="150">13</rw-visits>
<rw-visits order="151">13</rw-visits>
<rw-visits order="152">13</rw-visits>
<rw-visits order="153">13</rw-visits>
<rw-visits order="154">13</rw-visits>
<rw-visits order="155">13</rw-visits>
<rw-visits order="156">13</rw-visits>
<rw-visits order="157">13</rw-visits>
<rw-visits order="158">13</rw-visits>
<rw-visits order="159">13</rw-visits>
<rw-visits order="160">13</rw-visits>
<rw-visits order="161">13</rw-visits>
<rw-visits order="162">13</rw-visits>
<rw-visits order="163">13</rw-visits>
<rw-visits order="164">13</rw-visits>
<rw-visits order="165">13</rw-visits>
<rw-visits order="166">13</rw-visits>
<rw-visits order="167">13</rw-visits>
<rw-visits order="168">13</rw-visits>
<rw-visits order="169">13</rw-visits>
<rw-visits order="170">13</rw-visits>
<rw-visits order="171">13</rw-visits>
<rw-visits order="172">13</rw-visits>
<rw-visits order="173">13</rw-visits>
<rw-visits order="174">12</rw-visits>
<rw-visits order="175">12</rw-visits>
<rw-visits order="176">12</rw-visits>
<rw-visits order="177">12</rw-visits>
<rw-visits order="178">12</rw-visits>
<rw-visits order="179">12</rw-visits>
<rw-visits order="180">12</rw-visits>
<rw-visits order="181">12</rw-visits>
<rw-visits order="182">12</rw-visits>
<rw-visits order="183">12</rw-visits>
<rw-visits order="184">12</rw-visits>
<rw-visits order="185">12</rw-visits>
<rw-visits order="186">12</rw-visits>
<rw-visits order="187">12</rw-visits>
<rw-visits order="188">12</rw-visits>
<rw-visits order="189">12</rw-visits>
<rw-visits order="190">12</rw-visits>
<rw-visits order="191">12</rw-visits>
<rw-visits order="192">12</rw-visits>
<rw-visits order="193">12</rw-visits>
<rw-visits order="194">12</rw-visits>
<rw-visits order="195">12</rw-visits>
<rw-visits order="196">12</rw-visits>
<rw-visits order="197">12</rw-visits>
<rw-visits order="198">12</rw-visits>
<rw-visits order="199">12</rw-visits>
<rw-visits order="200">12</rw-visits>
<rw-visits order="201">12</rw-visits>
<rw-visits order="202">12</rw-visits>
<rw-visits order="203">12</rw-visits>
<rw-visits order="204">12</rw-visits>
<rw-visits order="205">12</rw-visits>
<rw-visits order="206">12</rw-visits>
<rw-visits order="207">12</rw-visits>
<rw-visits order="208">12</rw-visits>
<rw-visits order="209">12</rw-visits>
<rw-visits order="210">11</rw-visits>
<rw-visits order="211">11</rw-visits>
<rw-visits order="212">11</rw-visits>
<rw-visits order="213">11</rw-visits>
<rw-visits order="214">11</rw-visits>
<rw-visits order="215">11</rw-visits>
<rw-visits order="216">11</rw-visits>
<rw-visits order="217">11</rw-visits>
<rw-visits order="218">11</rw-visits>
<rw-visits order="219">11</rw-visits>
<rw-visits order="220">11</rw-visits>
<rw-visits order="221">11</rw-visits>
<rw-visits order="222">11</rw-visits>
<rw-visits order="223">11</rw-visits>
<rw-visits order="224">11</rw-visits>
<rw-visits order="225">11</rw-visits>
<rw-visits order="226">11</rw-visits>
<rw-visits order="227">11</rw-visits>
<rw-visits order="228">11</rw-visits>
<rw-visits order="229">11</rw-visits>
<rw-visits order="230">11</rw-visits>
<rw-visits order="231">11</rw-visits>
<rw-visits order="232">11</rw-visits>
<rw-visits order="233">11</rw-visits>
<rw-visits order="234">11</rw-visits>
<rw-visits order="235">11</rw-visits>
<rw-visits order="236">11</rw-visits>
<rw-visits order="237">11</rw-visits>
<rw-visits order="238">11</rw-visits>
<rw-visits order="239">11</rw-visits>
<rw-visits order="240">11</rw-visits>
<rw-visits order="241">10</rw-visits>
<rw-visits order="242">10</rw-visits>
<rw-visits order="243">10</rw-visits>
<rw-visits order="244">10</rw-visits>
<rw-visits order="245">10</rw-visits>
<rw-visits order="246">10</rw-visits>
<rw-visits order="247">10</rw-visits>
<rw-visits order="248">10</rw-visits>
<rw-visits order="249">10</rw-visits>
<rw-visits order="250">10</rw-visits>
<rw-visits order="251">10</rw-visits>
<rw-visits order="252">10</rw-visits>
<rw-visits order="253">10</rw-visits>
<rw-visits order="254">10</rw-visits>
<rw-visits order="255">10</rw-visits>
<rw-visits order="256">10</rw-visits>
<rw-visits order="257">10</rw-visits>
<rw-visits order="258">10</rw-visits>
<rw-visits order="259">10</rw-visits>
<rw-visits order="260">10</rw-visits>
<rw-visits order="261">10</rw-visits>
<rw-visits order="262">10</rw-visits>
<rw-visits order="263">10</rw-visits>
<rw-visits order="264">10</rw-visits>
<rw-visits order="265">10</rw-visits>
<rw-visits order="266">10</rw-visits>
<rw-visits order="267">10</rw-visits>
<rw-visits order="268">10</rw-visits>
<rw-visits order="269">9</rw-visits>
<rw-visits order="270">9</rw-visits>
<rw-visits order="271">9</rw-visits>
<rw-visits order="272">9</rw-visits>
<rw-visits order="273">9</rw-visits>
<rw-visits order="274">9</rw-visits>
<rw-visits order="275">9</rw-visits>
<rw-visits order="276">9</rw-visits>
<rw-visits order="277">9</rw-visits>
<rw-visits order="278">9</rw-visits>
<rw-visits order="279">9</rw-visits>
<rw-visits order="280">9</rw-visits>
<rw-visits order="281">9</rw-visits>
<rw-visits order="282">9</rw-visits>
<rw-visits order="283">9</rw-visits>
<rw-visits order="284">9</rw-visits>
<rw-visits order="285">9</rw-visits>
<rw-visits order="286">9</rw-visits>
<rw-visits order="287">9</rw-visits>
<rw-visits order="288">9</rw-visits>
<rw-visits order="289">9</rw-visits>
<rw-visits order="290">9</rw-visits>
<rw-visits order="291">9</rw-visits>
<rw-visits order="292">9</rw-visits>
<rw-visits order="293">9</rw-visits>
<rw-visits order="294">9</rw-visits>
<rw-visits order="295">9</rw-visits>
<rw-visits order="296">9</rw-visits>
<rw-visits order="297">9</rw-visits>
<rw-visits order="298">9</rw-visits>
<rw-visits order="299">9</rw-visits>
<rw-visits order="300">9</rw-visits>
<rw-visits order="301">9</rw-visits>
<rw-visits order="302">9</rw-visits>
<rw-visits order="303">9</rw-visits>
<rw-visits order="304">9</rw-visits>
<rw-visits order="305">9</rw-visits>
<rw-visits order="306">9</rw-visits>
<rw-visits order="307">9</rw-visits>
<rw-visits order="308">9</rw-visits>
<rw-visits order="309">9</rw-visits>
<rw-visits order="310">9</rw-visits>
<rw-visits order="311">9</rw-visits>
<rw-visits order="312">9</rw-visits>
<rw-visits order="313">9</rw-visits>
<rw-visits order="314">9</rw-visits>
<rw-visits order="315">9</rw-visits>
<rw-visits order="316">9</rw-visits>
<rw-visits order="317">9</rw-visits>
<rw-visits order="318">9</rw-visits>
<rw-visits order="319">9</rw-visits>
<rw-visits order="320">9</rw-visits>
<rw-visits order="321">8</rw-visits>
<rw-visits order="322">8</rw-visits>
<rw-visits order="323">8</rw-visits>
<rw-visits order="324">8</rw-visits>
<rw-visits order="325">8</rw-visits>
<rw-visits order="326">8</rw-visits>
<rw-visits order="327">8</rw-visits>
<rw-visits order="328">8</rw-visits>
<rw-visits order="329">8</rw-visits>
<rw-visits order="330">8</rw-visits>
<rw-visits order="331">8</rw-visits>
<rw-visits order="332">8</rw-visits>
<rw-visits order="333">8</rw-visits>
<rw-visits order="334">8</rw-visits>
<rw-visits order="335">8</rw-visits>
<rw-visits order="336">8</rw-visits>
<rw-visits order="337">8</rw-visits>
<rw-visits order="338">8</rw-visits>
<rw-visits order="339">8</rw-visits>
<rw-visits order="340">8</rw-visits>
<rw-visits order="341">8</rw-visits>
<rw-visits order="342">8</rw-visits>
<rw-visits order="343">8</rw-visits>
<rw-visits order="344">8</rw-visits>
<rw-visits order="345">8</rw-visits>
<rw-visits order="346">8</rw-visits>
<rw-visits order="347">8</rw-visits>
<rw-visits order="348">8</rw-visits>
<rw-visits order="349">8</rw-visits>
<rw-visits order="350">8</rw-visits>
<rw-visits order="351">8</rw-visits>
<rw-visits order="352">8</rw-visits>
<rw-visits order="353">8</rw-visits>
<rw-visits order="354">8</rw-visits>
<rw-visits order="355">8</rw-visits>
<rw-visits order="356">8</rw-visits>
<rw-visits order="357">8</rw-visits>
<rw-visits order="358">8</rw-visits>
<rw-visits order="359">8</rw-visits>
<rw-visits order="360">8</rw-visits>
<rw-visits order="361">7</rw-visits>
<rw-visits order="362">7</rw-visits>
<rw-visits order="363">7</rw-visits>
<rw-visits order="364">7</rw-visits>
<rw-visits order="365">7</rw-visits>
<rw-visits order="366">7</rw-visits>
<rw-visits order="367">7</rw-visits>
<rw-visits order="368">7</rw-visits>
<rw-visits order="369">7</rw-visits>
<rw-visits order="370">7</rw-visits>
<rw-visits order="371">7</rw-visits>
<rw-visits order="372">7</rw-visits>
<rw-visits order="373">7</rw-visits>
<rw-visits order="374">7</rw-visits>
<rw-visits order="375">7</rw-visits>
<rw-visits order="376">7</rw-visits>
<rw-visits order="377">7</rw-visits>
<rw-visits order="378">7</rw-visits>
<rw-visits order="379">7</rw-visits>
<rw-visits order="380">7</rw-visits>
<rw-visits order="381">7</rw-visits>
<rw-visits order="382">7</rw-visits>
<rw-visits order="383">7</rw-visits>
<rw-visits order="384">7</rw-visits>
<rw-visits order="385">7</rw-visits>
<rw-visits order="386">7</rw-visits>
<rw-visits order="387">7</rw-visits>
<rw-visits order="388">7</rw-visits>
<rw-visits order="389">7</rw-visits>
<rw-visits order="390">7</rw-visits>
<rw-visits order="391">7</rw-visits>
<rw-visits order="392">7</rw-visits>
<rw-visits order="393">7</rw-visits>
<rw-visits order="394">7</rw-visits>
<rw-visits order="395">6</rw-visits>
<rw-visits order="396">6</rw-visits>
<rw-visits order="397">6</rw-visits>
<rw-visits order="398">6</rw-visits>
<rw-visits order="399">6</rw-visits>
<rw-visits order="400">6</rw-visits>
<rw-visits order="401">6</rw-visits>
<rw-visits order="402">6</rw-visits>
<rw-visits order="403">6</rw-visits>
<rw-visits order="404">6</rw-visits>
<rw-visits order="405">6</rw-visits>
<rw-visits order="406">6</rw-visits>
<rw-visits order="407">6</rw-visits>
<rw-visits order="408">6</rw-visits>
<rw-visits order="409">6</rw-visits>
<rw-visits order="410">6</rw-visits>
<rw-visits order="411">6</rw-visits>
<rw-visits order="412">6</rw-visits>
<rw-visits order="413">6</rw-visits>
<rw-visits order="414">6</rw-visits>
<rw-visits order="415">6</rw-visits>
<rw-visits order="416">6</rw-visits>
<rw-visits order="417">6</rw-visits>
<rw-visits order="418">6</rw-visits>
<rw-visits order="419">6</rw-visits>
<rw-visits order="420">6</rw-visits>
<rw-visits order="421">6</rw-visits>
<rw-visits order="422">6</rw-visits>
<rw-visits order="423">6</rw-visits>
<rw-visits order="424">6</rw-visits>
<rw-visits order="425">6</rw-visits>
<rw-visits order="426">6</rw-visits>
<rw-visits order="427">6</rw-visits>
<rw-visits order="428">6</rw-visits>
<rw-visits order="429">6</rw-visits>
<rw-visits order="430">6</rw-visits>
<rw-visits order="431">6</rw-visits>
<rw-visits order="432">6</rw-visits>
<rw-visits order="433">6</rw-visits>
<rw-visits order="434">6</rw-visits>
<rw-visits order="435">6</rw-visits>
<rw-visits order="436">6</rw-visits>
<rw-visits order="437">6</rw-visits>
<rw-visits order="438">6</rw-visits>
<rw-visits order="439">6</rw-visits>
<rw-visits order="440">6</rw-visits>
<rw-visits order="441">6</rw-visits>
<rw-visits order="442">6</rw-visits>
<rw-visits order="443">6</rw-visits>
<rw-visits order="444">6</rw-visits>
<rw-visits order="445">6</rw-visits>
<rw-visits order="446">6</rw-visits>
<rw-visits order="447">6</rw-visits>
<rw-visits order="448">6</rw-visits>
<rw-visits order="449">6</rw-visits>
<rw-visits order="450">5</rw-visits>
<rw-visits order="451">5</rw-visits>
<rw-visits order="452">5</rw-visits>
<rw-visits order="453">5</rw-visits>
<rw-visits order="454">5</rw-visits>
<rw-visits order="455">5</rw-visits>
<rw-visits order="456">5</rw-visits>
<rw-visits order="457">5</rw-visits>
<rw-visits order="458">5</rw-visits>
<rw-visits order="459">5</rw-visits>
<rw-visits order="460">5</rw-visits>
<rw-visits order="461">5</rw-visits>
<rw-visits order="462">5</rw-visits>
<rw-visits order="463">5</rw-visits>
<rw-visits order="464">5</rw-visits>
<rw-visits order="465">5</rw-visits>
<rw-visits order="466">5</rw-visits>
<rw-visits order="467">5</rw-visits>
<rw-visits order="468">5</rw-visits>
<rw-visits order="469">5</rw-visits>
<rw-visits order="470">5</rw-visits>
<rw-visits order="471">5</rw-visits>
<rw-visits order="472">5</rw-visits>
<rw-visits order="473">5</rw-visits>
<rw-visits order="474">5</rw-visits>
<rw-visits order="475">5</rw-visits>
<rw-visits order="476">5</rw-visits>
<rw-visits order="477">5</rw-visits>
<rw-visits order="478">5</rw-visits>
<rw-visits order="479">5</rw-visits>
<rw-visits order="480">5</rw-visits>
<rw-visits order="481">5</rw-visits>
<rw-visits order="482">5</rw-visits>
<rw-visits order="483">5</rw-visits>
<rw-visits order="484">5</rw-visits>
<rw-visits order="485">5</rw-visits>
<rw-visits order="486">4</rw-visits>
<rw-visits order="487">4</rw-visits>
<rw-visits order="488">4</rw-visits>
<rw-visits order="489">4</rw-visits>
<rw-visits order="490">4</rw-visits>
<rw-visits order="491">4</rw-visits>
<rw-visits order="492">4</rw-visits>
<rw-visits order="493">4</rw-visits>
<rw-visits order="494">4</rw-visits>
<rw-visits order="495">4</rw-visits>
<rw-visits order="496">4</rw-visits>
<rw-visits order="497">4</rw-visits>
<rw-visits order="498">4</rw-visits>
<rw-visits order="499">4</rw-visits>
<rw-visits order="500">4</rw-visits>
<rw-visits order="501">4</rw-visits>
<rw-visits order="502">4</rw-visits>
<rw-visits order="503">4</rw-visits>
<rw-visits order="504">4</rw-visits>
<rw-visits order="505">4</rw-visits>
<rw-visits order="506">4</rw-visits>
<rw-visits order="507">4</rw-visits>
<rw-visits order="508">4</rw-visits>
<rw-visits order="509">4</rw-visits>
<rw-visits order="510">4</rw-visits>
<rw-visits order="511">4</rw-visits>
<rw-visits order="512">4</rw-visits>
<rw-visits order="513">4</rw-visits>
<rw-visits order="514">4</rw-visits>
<rw-visits order="515">4</rw-visits>
<rw-visits order="516">4</rw-visits>
<rw-visits order="517">4</rw-visits>
<rw-visits order="518">4</rw-visits>
<rw-visits order="519">4</rw-visits>
<rw-visits order="520">4</rw-visits>
<rw-visits order="521">4</rw-visits>
<rw-visits order="522">4</rw-visits>
<rw-visits order="523">4</rw-visits>
<rw-visits order="524">4</rw-visits>
<rw-visits order="525">3</rw-visits>
<rw-visits order="526">3</rw-visits>
<rw-visits order="527">3</rw-visits>
<rw-visits order="528">3</rw-visits>
<rw-visits order="529">3</rw-visits>
<rw-visits order="530">3</rw-visits>
<rw-visits order="531">3</rw-visits>
<rw-visits order="532">3</rw-visits>
<rw-visits order="533">3</rw-visits>
<rw-visits order="534">3</rw-visits>
<rw-visits order="535">3</rw-visits>
<rw-visits order="536">3</rw-visits>
<rw-visits order="537">3</rw-visits>
<rw-visits order="538">3</rw-visits>
<rw-visits order="539">3</rw-visits>
<rw-visits order="540">3</rw-visits>
<rw-visits order="541">3</rw-visits>
<rw-visits order="542">3</rw-visits>
<rw-visits order="543">3</rw-visits>
<rw-visits order="544">3</rw-visits>
<rw-visits order="545">3</rw-visits>
<rw-visits order="546">3</rw-visits>
<rw-visits order="547">3</rw-visits>
<rw-visits order="548">3</rw-visits>
<rw-visits order="549">2</rw-visits>
<rw-visits order="550">2</rw-visits>
<rw-visits order="551">2</rw-visits>
<rw-visits order="552">2</rw-visits>
<rw-visits order="553">2</rw-visits>
<rw-visits order="554">2</rw-visits>
<rw-visits order="555">2</rw-visits>
<rw-visits order="556">2</rw-visits>
<rw-visits order="557">2</rw-visits>
<rw-visits order="558">2</rw-visits>
<rw-visits order="559">1</rw-visits>
<rw-visits order="560">1</rw-visits>
<rw-visits order="561">1</rw-visits>
<rw-visits order="562">1</rw-visits>
<rw-visits order="563">1</rw-visits>
<rw-visits order="564">1</rw-visits>
<rw-visits order="565">1</rw-visits>
<rw-visits order="566">1</rw-visits>
<rw-visits order="567">1</rw-visits>
<rw-visits order="568">1</rw-visits>
<rw-visits order="569">1</rw-visits>
<rw-visits order="570">1</rw-visits>
<rw-visits order="571">1</rw-visits>
<rw-visits order="572">1</rw-visits>
<rw-visits order="573">1</rw-visits>
<rw-visits order="574">1</rw-visits>
<rw-visits order="575">1</rw-visits>
<final-coverage>99.1394</final-coverage>
</rw-info>
<local-info>
<diamonds>98.2788</diamonds>
<neighborhood k="4">71</neighborhood>
<clustering k="4">2.178</clustering>
</local-info>
<label-info>
<edge-label id="0.0">101</edge-label>
<edge-label id="0.1">101</edge-label>
<edge-label id="0.2">77</edge-label>
<edge-label id="0.3">57</edge-label>
<edge-label id="0.4">57</edge-label>
<edge-label id="0.5">77</edge-label>
<edge-label id="1.0">101</edge-label>
<edge-label id="1.1">101</edge-label>
<edge-label id="1.2">77</edge-label>
<edge-label id="1.3">57</edge-label>
<edge-label id="1.4">57</edge-label>
<edge-label id="1.5">77</edge-label>
<edge-label id="2.0">101</edge-label>
<edge-label id="2.1">101</edge-label>
<edge-label id="2.2">77</edge-label>
<edge-label id="2.3">57</edge-label>
<edge-label id="2.4">57</edge-label>
<edge-label id="2.5">77</edge-label>
<edge-label id="3.0">101</edge-label>
<edge-label id="3.1">101</edge-label>
<edge-label id="3.2">77</edge-label>
<edge-label id="3.3">57</edge-label>
<edge-label id="3.4">57</edge-label>
<edge-label id="3.5">77</edge-label>
<edge-label id="4.0">101</edge-label>
<edge-label id="4.1">101</edge-label>
<edge-label id="4.2">77</edge-label>
<edge-label id="4.3">57</edge-label>
<edge-label id="4.4">57</edge-label>
<edge-label id="4.5">77</edge-label>
<state-labels procid="0">
<label id="[{0|0|0|0|0},0]">1</label>
<label id="[{0|0|0|0|0},1]">5</label>
<label id="[{0|0|0|0|0},2]">10</label>
<label id="[{0|0|0|0|0},3]">10</label>
<label id="[{0|0|0|0|1},1]">2</label>
<label id="[{0|0|0|0|1},2]">8</label>
<label id="[{0|0|0|0|1},3]">12</label>
<label id="[{0|0|0|1|0},1]">2</label>
<label id="[{0|0|0|1|0},2]">8</label>
<label id="[{0|0|0|1|0},3]">12</label>
<label id="[{0|0|0|1|1},1]">1</label>
<label id="[{0|0|0|1|1},2]">7</label>
<label id="[{0|0|0|1|1},3]">15</label>
<label id="[{0|0|1|0|0},1]">2</label>
<label id="[{0|0|1|0|0},2]">8</label>
<label id="[{0|0|1|0|0},3]">12</label>
<label id="[{0|0|1|0|1},2]">4</label>
<label id="[{0|0|1|0|1},3]">12</label>
<label id="[{0|0|1|1|0},1]">1</label>
<label id="[{0|0|1|1|0},2]">7</label>
<label id="[{0|0|1|1|0},3]">15</label>
<label id="[{0|0|1|1|1},2]">4</label>
<label id="[{0|0|1|1|1},3]">16</label>
<label id="[{0|1|0|0|0},1]">2</label>
<label id="[{0|1|0|0|0},2]">8</label>
<label id="[{0|1|0|0|0},3]">12</label>
<label id="[{0|1|0|0|1},2]">4</label>
<label id="[{0|1|0|0|1},3]">12</label>
<label id="[{0|1|0|1|0},2]">4</label>
<label id="[{0|1|0|1|0},3]">12</label>
<label id="[{0|1|0|1|1},2]">2</label>
<label id="[{0|1|0|1|1},3]">12</label>
<label id="[{0|1|1|0|0},1]">1</label>
<label id="[{0|1|1|0|0},2]">7</label>
<label id="[{0|1|1|0|0},3]">15</label>
<label id="[{0|1|1|0|1},2]">2</label>
<label id="[{0|1|1|0|1},3]">12</label>
<label id="[{0|1|1|1|0},2]">4</label>
<label id="[{0|1|1|1|0},3]">16</label>
<label id="[{0|1|1|1|1},2]">1</label>
<label id="[{0|1|1|1|1},3]">13</label>
<label id="[{1|0|0|0|0},1]">2</label>
<label id="[{1|0|0|0|0},2]">8</label>
<label id="[{1|0|0|0|0},3]">12</label>
<label id="[{1|0|0|0|1},1]">1</label>
<label id="[{1|0|0|0|1},2]">7</label>
<label id="[{1|0|0|0|1},3]">15</label>
<label id="[{1|0|0|1|0},2]">4</label>
<label id="[{1|0|0|1|0},3]">12</label>
<label id="[{1|0|0|1|1},2]">4</label>
<label id="[{1|0|0|1|1},3]">16</label>
<label id="[{1|0|1|0|0},2]">4</label>
<label id="[{1|0|1|0|0},3]">12</label>
<label id="[{1|0|1|0|1},2]">2</label>
<label id="[{1|0|1|0|1},3]">12</label>
<label id="[{1|0|1|1|0},2]">2</label>
<label id="[{1|0|1|1|0},3]">12</label>
<label id="[{1|0|1|1|1},2]">1</label>
<label id="[{1|0|1|1|1},3]">13</label>
<label id="[{1|1|0|0|0},1]">1</label>
<label id="[{1|1|0|0|0},2]">7</label>
<label id="[{1|1|0|0|0},3]">15</label>
<label id="[{1|1|0|0|1},2]">4</label>
<label id="[{1|1|0|0|1},3]">16</label>
<label id="[{1|1|0|1|0},2]">2</label>
<label id="[{1|1|0|1|0},3]">12</label>
<label id="[{1|1|0|1|1},2]">1</label>
<label id="[{1|1|0|1|1},3]">13</label>
<label id="[{1|1|1|0|0},2]">4</label>
<label id="[{1|1|1|0|0},3]">16</label>
<label id="[{1|1|1|0|1},2]">1</label>
<label id="[{1|1|1|0|1},3]">13</label>
<label id="[{1|1|1|1|0},2]">1</label>
<label id="[{1|1|1|1|0},3]">13</label>
<label id="[{1|1|1|1|1},3]">10</label>
</state-labels><state-labels procid="1">
<label id="[0]">269</label>
<label id="[1]">101</label>
<label id="[2]">77</label>
<label id="[3]">57</label>
<label id="[4]">77</label>
</state-labels><state-labels procid="2">
<label id="[0]">269</label>
<label id="[1]">101</label>
<label id="[2]">77</label>
<label id="[3]">57</label>
<label id="[4]">77</label>
</state-labels><state-labels procid="3">
<label id="[0]">269</label>
<label id="[1]">101</label>
<label id="[2]">77</label>
<label id="[3]">57</label>
<label id="[4]">77</label>
</state-labels><state-labels procid="4">
<label id="[0]">269</label>
<label id="[1]">101</label>
<label id="[2]">77</label>
<label id="[3]">57</label>
<label id="[4]">77</label>
</state-labels><state-labels procid="5">
<label id="[0]">269</label>
<label id="[1]">101</label>
<label id="[2]">77</label>
<label id="[3]">57</label>
<label id="[4]">77</label>
</state-labels></label-info>
</state-space-info>
