<?xml version="1.0"?>

<!DOCTYPE instance-list SYSTEM "../instance_list.dtd">

<instance-list>
<instance name="exit" id="1">
<reach-time complete="yes">57.3</reach-time>
<states>3239334</states>
<state-size>28</state-size>
<prediction>0</prediction>
<reach-goal prop-id="1" answer="no" length="0"/>
</instance>

<instance name="exit" id="2">
<reach-time complete="yes">1.3</reach-time>
<states>33670</states>
<state-size>31</state-size>
<prediction>0</prediction>
<reach-goal prop-id="1" answer="no" length="0"/>
</instance>

<instance name="exit" id="3">
<reach-time complete="yes">62.2</reach-time>
<states>2356294</states>
<state-size>31</state-size>
<prediction>0</prediction>
<reach-goal prop-id="1" answer="no" length="0"/>
</instance>

<instance name="exit" id="4">
<reach-time complete="no">1532.1</reach-time>
<states>24177544</states>
<state-size>31</state-size>
<prediction>0</prediction>
<reach-goal prop-id="1" answer="unknown" length="0"/>
</instance>

<instance name="exit" id="5">
<reach-time complete="yes">38.7</reach-time>
<states>833226</states>
<state-size>34</state-size>
<prediction>0</prediction>
<reach-goal prop-id="1" answer="no" length="0"/>
</instance>

</instance-list>
