<?xml version="1.0"?>
<!DOCTYPE state-space-info SYSTEM "../../state_space_info.dtd">


<state-space-info>
<states>3302</states>
<edges>7720</edges>
<bfs-info>
 <levels>51</levels>
<max-level>160</max-level>

<back-level-edges>16</back-level-edges>
<max-back-level-edge>19</max-back-level-edge>
<avg-back-level-edge>19</avg-back-level-edge>
<bfs-levels>
<level id="0"><states>1</states><edges>1</edges></level>
<level id="1"><states>1</states><edges>1</edges></level>
<level id="2"><states>1</states><edges>2</edges></level>
<level id="3"><states>2</states><edges>3</edges></level>
<level id="4"><states>2</states><edges>4</edges></level>
<level id="5"><states>3</states><edges>7</edges></level>
<level id="6"><states>4</states><edges>9</edges></level>
<level id="7"><states>5</states><edges>14</edges></level>
<level id="8"><states>7</states><edges>20</edges></level>
<level id="9"><states>9</states><edges>28</edges></level>
<level id="10"><states>12</states><edges>41</edges></level>
<level id="11"><states>16</states><edges>56</edges></level>
<level id="12"><states>21</states><edges>75</edges></level>
<level id="13"><states>27</states><edges>91</edges></level>
<level id="14"><states>31</states><edges>96</edges></level>
<level id="15"><states>33</states><edges>101</edges></level>
<level id="16"><states>37</states><edges>116</edges></level>
<level id="17"><states>43</states><edges>131</edges></level>
<level id="18"><states>48</states><edges>140</edges></level>
<level id="19"><states>53</states><edges>153</edges></level>
<level id="20"><states>60</states><edges>172</edges></level>
<level id="21"><states>68</states><edges>190</edges></level>
<level id="22"><states>76</states><edges>206</edges></level>
<level id="23"><states>85</states><edges>227</edges></level>
<level id="24"><states>96</states><edges>252</edges></level>
<level id="25"><states>108</states><edges>276</edges></level>
<level id="26"><states>121</states><edges>302</edges></level>
<level id="27"><states>135</states><edges>331</edges></level>
<level id="28"><states>148</states><edges>358</edges></level>
<level id="29"><states>157</states><edges>373</edges></level>
<level id="30"><states>160</states><edges>372</edges></level>
<level id="31"><states>156</states><edges>348</edges></level>
<level id="32"><states>146</states><edges>312</edges></level>
<level id="33"><states>136</states><edges>288</edges></level>
<level id="34"><states>131</states><edges>282</edges></level>
<level id="35"><states>129</states><edges>277</edges></level>
<level id="36"><states>125</states><edges>262</edges></level>
<level id="37"><states>119</states><edges>247</edges></level>
<level id="38"><states>114</states><edges>238</edges></level>
<level id="39"><states>109</states><edges>225</edges></level>
<level id="40"><states>102</states><edges>206</edges></level>
<level id="41"><states>94</states><edges>188</edges></level>
<level id="42"><states>86</states><edges>172</edges></level>
<level id="43"><states>77</states><edges>151</edges></level>
<level id="44"><states>66</states><edges>126</edges></level>
<level id="45"><states>54</states><edges>102</edges></level>
<level id="46"><states>41</states><edges>76</edges></level>
<level id="47"><states>27</states><edges>47</edges></level>
<level id="48"><states>14</states><edges>20</edges></level>
<level id="49"><states>5</states><edges>5</edges></level>
<level id="50"><states>1</states><edges>0</edges></level>
</bfs-levels>
<back-level-length id="0">0</back-level-length>
<back-level-length id="1">0</back-level-length>
<back-level-length id="2">0</back-level-length>
<back-level-length id="3">0</back-level-length>
<back-level-length id="4">0</back-level-length>
<back-level-length id="5">0</back-level-length>
<back-level-length id="6">0</back-level-length>
<back-level-length id="7">0</back-level-length>
<back-level-length id="8">0</back-level-length>
<back-level-length id="9">0</back-level-length>
<back-level-length id="10">0</back-level-length>
<back-level-length id="11">0</back-level-length>
<back-level-length id="12">0</back-level-length>
<back-level-length id="13">0</back-level-length>
<back-level-length id="14">0</back-level-length>
<back-level-length id="15">0</back-level-length>
<back-level-length id="16">0</back-level-length>
<back-level-length id="17">0</back-level-length>
<back-level-length id="18">0</back-level-length>
<back-level-length id="19">100</back-level-length>
</bfs-info>
<degrees>
<avg>2.33798</avg>
<max-in>6</max-in>
<max-out>6</max-out>
<degree id="0"><in>1</in><out>80</out></degree>
<degree id="1"><in>652</in><out>650</out></degree>
<degree id="2"><in>1299</in><out>1180</out></degree>
<degree id="3"><in>976</in><out>940</out></degree>
<degree id="4"><in>329</in><out>375</out></degree>
<degree id="5"><in>44</in><out>72</out></degree>
<degree id="6"><in>1</in><out>5</out></degree>
</degrees>
<scc-info>
<count>2983</count>
<height>38</height>
<nontrivial-height>2</nontrivial-height>
<trivial>2982</trivial>
<terminal>80</terminal>
<largest>320</largest>
<largest-position> </largest-position>
</scc-info>
<dfs-info>
<stack-size id="16">0.484555</stack-size>
<stack-size id="32">0.96911</stack-size>
<stack-size id="48">1.36281</stack-size>
<stack-size id="64">1.33253</stack-size>
<stack-size id="80">1.21139</stack-size>
<stack-size id="96">1.48395</stack-size>
<stack-size id="112">1.45366</stack-size>
<stack-size id="128">1.36281</stack-size>
<stack-size id="144">1.84737</stack-size>
<stack-size id="160">1.90793</stack-size>
<stack-size id="176">1.7868</stack-size>
<stack-size id="192">1.84737</stack-size>
<stack-size id="208">1.66566</stack-size>
<stack-size id="224">1.93822</stack-size>
<stack-size id="240">1.90793</stack-size>
<stack-size id="256">1.42338</stack-size>
<stack-size id="272">1.90793</stack-size>
<stack-size id="288">1.7868</stack-size>
<stack-size id="304">1.7868</stack-size>
<stack-size id="320">1.51423</stack-size>
<stack-size id="336">1.84737</stack-size>
<stack-size id="352">1.3931</stack-size>
<stack-size id="368">1.87765</stack-size>
<stack-size id="384">2.3622</stack-size>
<stack-size id="400">2.42277</stack-size>
<stack-size id="416">2.21078</stack-size>
<stack-size id="432">2.08964</stack-size>
<stack-size id="448">2.45306</stack-size>
<stack-size id="464">2.33192</stack-size>
<stack-size id="480">2.42277</stack-size>
<stack-size id="496">1.99879</stack-size>
<stack-size id="512">2.33192</stack-size>
<stack-size id="528">2.33192</stack-size>
<stack-size id="544">2.27135</stack-size>
<stack-size id="560">2.42277</stack-size>
<stack-size id="576">2.1805</stack-size>
<stack-size id="592">2.02907</stack-size>
<stack-size id="608">2.21078</stack-size>
<stack-size id="624">2.69534</stack-size>
<stack-size id="640">2.87704</stack-size>
<stack-size id="656">2.84676</stack-size>
<stack-size id="672">2.81647</stack-size>
<stack-size id="688">2.81647</stack-size>
<stack-size id="704">2.78619</stack-size>
<stack-size id="720">2.90733</stack-size>
<stack-size id="736">2.63477</stack-size>
<stack-size id="752">2.48334</stack-size>
<stack-size id="768">2.90733</stack-size>
<stack-size id="784">2.81647</stack-size>
<stack-size id="800">2.60448</stack-size>
<stack-size id="816">2.84676</stack-size>
<stack-size id="832">2.81647</stack-size>
<stack-size id="848">2.54391</stack-size>
<stack-size id="864">2.66505</stack-size>
<stack-size id="880">3.14961</stack-size>
<stack-size id="896">3.42217</stack-size>
<stack-size id="912">3.21018</stack-size>
<stack-size id="928">3.33131</stack-size>
<stack-size id="944">3.08904</stack-size>
<stack-size id="960">3.3616</stack-size>
<stack-size id="976">3.14961</stack-size>
<stack-size id="992">3.27075</stack-size>
<stack-size id="1008">3.02847</stack-size>
<stack-size id="1024">2.9679</stack-size>
<stack-size id="1040">3.39188</stack-size>
<stack-size id="1056">3.39188</stack-size>
<stack-size id="1072">3.14961</stack-size>
<stack-size id="1088">3.14961</stack-size>
<stack-size id="1104">3.14961</stack-size>
<stack-size id="1120">3.02847</stack-size>
<stack-size id="1136">3.42217</stack-size>
<stack-size id="1152">3.72502</stack-size>
<stack-size id="1168">3.72502</stack-size>
<stack-size id="1184">3.30103</stack-size>
<stack-size id="1200">3.66445</stack-size>
<stack-size id="1216">3.60388</stack-size>
<stack-size id="1232">3.24046</stack-size>
<stack-size id="1248">3.72502</stack-size>
<stack-size id="1264">3.72502</stack-size>
<stack-size id="1280">3.30103</stack-size>
<stack-size id="1296">3.66445</stack-size>
<stack-size id="1312">3.42217</stack-size>
<stack-size id="1328">3.51302</stack-size>
<stack-size id="1344">3.99758</stack-size>
<stack-size id="1360">3.90672</stack-size>
<stack-size id="1376">3.84615</stack-size>
<stack-size id="1392">3.7553</stack-size>
<stack-size id="1408">3.39188</stack-size>
<stack-size id="1424">3.87644</stack-size>
<stack-size id="1440">3.99758</stack-size>
<stack-size id="1456">3.84615</stack-size>
<stack-size id="1472">3.96729</stack-size>
<stack-size id="1488">3.63416</stack-size>
<stack-size id="1504">3.93701</stack-size>
<stack-size id="1520">4.02786</stack-size>
<stack-size id="1536">4.02786</stack-size>
<stack-size id="1552">3.63416</stack-size>
<stack-size id="1568">3.63416</stack-size>
<stack-size id="1584">3.90672</stack-size>
<stack-size id="1600">3.84615</stack-size>
<stack-size id="1616">3.27075</stack-size>
<stack-size id="1632">3.69473</stack-size>
<stack-size id="1648">3.27075</stack-size>
<stack-size id="1664">3.7553</stack-size>
<stack-size id="1680">4.11872</stack-size>
<stack-size id="1696">3.90672</stack-size>
<stack-size id="1712">3.87644</stack-size>
<stack-size id="1728">3.57359</stack-size>
<stack-size id="1744">3.90672</stack-size>
<stack-size id="1760">3.99758</stack-size>
<stack-size id="1776">3.84615</stack-size>
<stack-size id="1792">3.60388</stack-size>
<stack-size id="1808">4.08843</stack-size>
<stack-size id="1824">4.02786</stack-size>
<stack-size id="1840">4.17929</stack-size>
<stack-size id="1856">3.96729</stack-size>
<stack-size id="1872">3.87644</stack-size>
<stack-size id="1888">3.99758</stack-size>
<stack-size id="1904">3.57359</stack-size>
<stack-size id="1920">4.05815</stack-size>
<stack-size id="1936">4.11872</stack-size>
<stack-size id="1952">3.90672</stack-size>
<stack-size id="1968">4.17929</stack-size>
<stack-size id="1984">3.90672</stack-size>
<stack-size id="2000">4.08843</stack-size>
<stack-size id="2016">3.99758</stack-size>
<stack-size id="2032">3.63416</stack-size>
<stack-size id="2048">3.93701</stack-size>
<stack-size id="2064">4.42156</stack-size>
<stack-size id="2080">4.39128</stack-size>
<stack-size id="2096">4.08843</stack-size>
<stack-size id="2112">4.42156</stack-size>
<stack-size id="2128">4.17929</stack-size>
<stack-size id="2144">4.27014</stack-size>
<stack-size id="2160">4.11872</stack-size>
<stack-size id="2176">4.20957</stack-size>
<stack-size id="2192">3.93701</stack-size>
<stack-size id="2208">4.20957</stack-size>
<stack-size id="2224">4.11872</stack-size>
<stack-size id="2240">4.30042</stack-size>
<stack-size id="2256">4.39128</stack-size>
<stack-size id="2272">3.99758</stack-size>
<stack-size id="2288">4.23985</stack-size>
<stack-size id="2304">4.39128</stack-size>
<stack-size id="2320">4.05815</stack-size>
<stack-size id="2336">4.5427</stack-size>
<stack-size id="2352">4.45185</stack-size>
<stack-size id="2368">4.42156</stack-size>
<stack-size id="2384">4.5427</stack-size>
<stack-size id="2400">4.11872</stack-size>
<stack-size id="2416">4.33071</stack-size>
<stack-size id="2432">3.93701</stack-size>
<stack-size id="2448">4.42156</stack-size>
<stack-size id="2464">4.23985</stack-size>
<stack-size id="2480">4.45185</stack-size>
<stack-size id="2496">4.11872</stack-size>
<stack-size id="2512">4.60327</stack-size>
<stack-size id="2528">4.60327</stack-size>
<stack-size id="2544">4.69412</stack-size>
<stack-size id="2560">4.08843</stack-size>
<stack-size id="2576">4.33071</stack-size>
<stack-size id="2592">4.149</stack-size>
<stack-size id="2608">3.78558</stack-size>
<stack-size id="2624">3.87644</stack-size>
<stack-size id="2640">3.87644</stack-size>
<stack-size id="2656">3.69473</stack-size>
<stack-size id="2672">4.17929</stack-size>
<stack-size id="2688">4.45185</stack-size>
<stack-size id="2704">4.33071</stack-size>
<stack-size id="2720">4.23985</stack-size>
<stack-size id="2736">4.23985</stack-size>
<stack-size id="2752">3.96729</stack-size>
<stack-size id="2768">4.149</stack-size>
<stack-size id="2784">4.05815</stack-size>
<stack-size id="2800">4.149</stack-size>
<stack-size id="2816">4.05815</stack-size>
<stack-size id="2832">4.20957</stack-size>
<stack-size id="2848">4.08843</stack-size>
<stack-size id="2864">3.69473</stack-size>
<stack-size id="2880">4.17929</stack-size>
<stack-size id="2896">4.39128</stack-size>
<stack-size id="2912">4.36099</stack-size>
<stack-size id="2928">4.08843</stack-size>
<stack-size id="2944">3.99758</stack-size>
<stack-size id="2960">4.48213</stack-size>
<stack-size id="2976">4.39128</stack-size>
<stack-size id="2992">3.90672</stack-size>
<stack-size id="3008">4.39128</stack-size>
<stack-size id="3024">4.30042</stack-size>
<stack-size id="3040">4.66384</stack-size>
<stack-size id="3056">4.33071</stack-size>
<stack-size id="3072">4.39128</stack-size>
<stack-size id="3088">4.48213</stack-size>
<stack-size id="3104">3.96729</stack-size>
<stack-size id="3120">4.45185</stack-size>
<stack-size id="3136">4.08843</stack-size>
<stack-size id="3152">4.23985</stack-size>
<stack-size id="3168">4.08843</stack-size>
<stack-size id="3184">3.96729</stack-size>
<stack-size id="3200">3.72502</stack-size>
<stack-size id="3216">3.96729</stack-size>
<stack-size id="3232">4.11872</stack-size>
<stack-size id="3248">3.63416</stack-size>
<stack-size id="3264">0.302847</stack-size>
<stack-size id="3280">0.302847</stack-size>
<stack-size id="3296">0.363416</stack-size>
<max-stack>159</max-stack>
<front-edges>3301</front-edges>
<back-edges>252</back-edges>
<cross-edges>4167</cross-edges>
<shortest-cycle>20</shortest-cycle>
</dfs-info>
<rw-info>
<coverage step="320">1.84737</coverage>
<coverage step="640">2.84676</coverage>
<coverage step="960">2.90733</coverage>
<coverage step="1280">3.05875</coverage>
<coverage step="1600">3.39188</coverage>
<coverage step="1920">3.51302</coverage>
<coverage step="2240">3.60388</coverage>
<coverage step="2560">3.72502</coverage>
<coverage step="2880">3.7553</coverage>
<coverage step="3200">3.87644</coverage>
<coverage step="3520">3.96729</coverage>
<coverage step="3840">3.96729</coverage>
<coverage step="4160">3.99758</coverage>
<coverage step="4480">4.05815</coverage>
<coverage step="4800">4.05815</coverage>
<coverage step="5120">4.05815</coverage>
<coverage step="5440">4.05815</coverage>
<coverage step="5760">4.05815</coverage>
<coverage step="6080">4.05815</coverage>
<coverage step="6400">4.05815</coverage>
<coverage step="6720">4.08843</coverage>
<coverage step="7040">4.08843</coverage>
<coverage step="7360">4.149</coverage>
<coverage step="7680">4.149</coverage>
<coverage step="8000">4.149</coverage>
<coverage step="8320">4.149</coverage>
<coverage step="8640">4.149</coverage>
<coverage step="8960">4.17929</coverage>
<coverage step="9280">4.20957</coverage>
<coverage step="9600">4.20957</coverage>
<coverage step="9920">4.20957</coverage>
<coverage step="10240">4.20957</coverage>
<coverage step="10560">4.23985</coverage>
<coverage step="10880">4.23985</coverage>
<coverage step="11200">4.23985</coverage>
<coverage step="11520">4.23985</coverage>
<coverage step="11840">4.33071</coverage>
<coverage step="12160">4.36099</coverage>
<coverage step="12480">4.36099</coverage>
<coverage step="12800">4.36099</coverage>
<coverage step="13120">4.57299</coverage>
<coverage step="13440">4.57299</coverage>
<coverage step="13760">4.57299</coverage>
<coverage step="14080">4.57299</coverage>
<coverage step="14400">4.57299</coverage>
<coverage step="14720">4.66384</coverage>
<coverage step="15040">4.72441</coverage>
<coverage step="15360">4.72441</coverage>
<coverage step="15680">4.81526</coverage>
<coverage step="16000">4.81526</coverage>
<coverage step="16320">4.84555</coverage>
<coverage step="16640">4.84555</coverage>
<coverage step="16960">4.84555</coverage>
<coverage step="17280">4.84555</coverage>
<coverage step="17600">4.9364</coverage>
<coverage step="17920">4.9364</coverage>
<coverage step="18240">4.9364</coverage>
<coverage step="18560">4.9364</coverage>
<coverage step="18880">4.9364</coverage>
<coverage step="19200">5.08783</coverage>
<coverage step="19520">5.08783</coverage>
<coverage step="19840">5.08783</coverage>
<coverage step="20160">5.08783</coverage>
<coverage step="20480">5.08783</coverage>
<coverage step="20800">5.14839</coverage>
<coverage step="21120">5.14839</coverage>
<coverage step="21440">5.14839</coverage>
<coverage step="21760">5.14839</coverage>
<coverage step="22080">5.20896</coverage>
<coverage step="22400">5.20896</coverage>
<coverage step="22720">5.29982</coverage>
<coverage step="23040">5.29982</coverage>
<coverage step="23360">5.29982</coverage>
<coverage step="23680">5.29982</coverage>
<coverage step="24000">5.29982</coverage>
<coverage step="24320">5.29982</coverage>
<coverage step="24640">5.36039</coverage>
<coverage step="24960">5.36039</coverage>
<coverage step="25280">5.36039</coverage>
<coverage step="25600">5.36039</coverage>
<coverage step="25920">5.36039</coverage>
<coverage step="26240">5.36039</coverage>
<coverage step="26560">5.51181</coverage>
<coverage step="26880">5.51181</coverage>
<coverage step="27200">5.51181</coverage>
<coverage step="27520">5.51181</coverage>
<coverage step="27840">5.51181</coverage>
<coverage step="28160">5.51181</coverage>
<coverage step="28480">5.51181</coverage>
<coverage step="28800">5.7238</coverage>
<coverage step="29120">5.78437</coverage>
<coverage step="29440">5.78437</coverage>
<coverage step="29760">5.81466</coverage>
<coverage step="30080">5.81466</coverage>
<coverage step="30400">5.81466</coverage>
<coverage step="30720">5.81466</coverage>
<coverage step="31040">5.81466</coverage>
<coverage step="31360">5.81466</coverage>
<coverage step="31680">5.81466</coverage>
<coverage step="32000">5.81466</coverage>
<coverage step="32320">5.81466</coverage>
<coverage step="32640">5.81466</coverage>
<coverage step="32960">5.9358</coverage>
<rw-visits order="1">1501</rw-visits>
<rw-visits order="2">1495</rw-visits>
<rw-visits order="3">1457</rw-visits>
<rw-visits order="4">1442</rw-visits>
<rw-visits order="5">1424</rw-visits>
<rw-visits order="6">1415</rw-visits>
<rw-visits order="7">1393</rw-visits>
<rw-visits order="8">1373</rw-visits>
<rw-visits order="9">1364</rw-visits>
<rw-visits order="10">1356</rw-visits>
<rw-visits order="11">1221</rw-visits>
<rw-visits order="12">1210</rw-visits>
<rw-visits order="13">1187</rw-visits>
<rw-visits order="14">1161</rw-visits>
<rw-visits order="15">1155</rw-visits>
<rw-visits order="16">788</rw-visits>
<rw-visits order="17">787</rw-visits>
<rw-visits order="18">783</rw-visits>
<rw-visits order="19">777</rw-visits>
<rw-visits order="20">770</rw-visits>
<rw-visits order="21">761</rw-visits>
<rw-visits order="22">759</rw-visits>
<rw-visits order="23">741</rw-visits>
<rw-visits order="24">741</rw-visits>
<rw-visits order="25">714</rw-visits>
<rw-visits order="26">395</rw-visits>
<rw-visits order="27">384</rw-visits>
<rw-visits order="28">379</rw-visits>
<rw-visits order="29">370</rw-visits>
<rw-visits order="30">343</rw-visits>
<rw-visits order="31">205</rw-visits>
<rw-visits order="32">194</rw-visits>
<rw-visits order="33">192</rw-visits>
<rw-visits order="34">182</rw-visits>
<rw-visits order="35">165</rw-visits>
<rw-visits order="36">76</rw-visits>
<rw-visits order="37">71</rw-visits>
<rw-visits order="38">67</rw-visits>
<rw-visits order="39">67</rw-visits>
<rw-visits order="40">67</rw-visits>
<rw-visits order="41">65</rw-visits>
<rw-visits order="42">63</rw-visits>
<rw-visits order="43">63</rw-visits>
<rw-visits order="44">62</rw-visits>
<rw-visits order="45">61</rw-visits>
<rw-visits order="46">60</rw-visits>
<rw-visits order="47">60</rw-visits>
<rw-visits order="48">55</rw-visits>
<rw-visits order="49">54</rw-visits>
<rw-visits order="50">54</rw-visits>
<rw-visits order="51">54</rw-visits>
<rw-visits order="52">53</rw-visits>
<rw-visits order="53">51</rw-visits>
<rw-visits order="54">48</rw-visits>
<rw-visits order="55">48</rw-visits>
<rw-visits order="56">48</rw-visits>
<rw-visits order="57">47</rw-visits>
<rw-visits order="58">45</rw-visits>
<rw-visits order="59">44</rw-visits>
<rw-visits order="60">38</rw-visits>
<rw-visits order="61">37</rw-visits>
<rw-visits order="62">36</rw-visits>
<rw-visits order="63">35</rw-visits>
<rw-visits order="64">34</rw-visits>
<rw-visits order="65">34</rw-visits>
<rw-visits order="66">32</rw-visits>
<rw-visits order="67">31</rw-visits>
<rw-visits order="68">30</rw-visits>
<rw-visits order="69">29</rw-visits>
<rw-visits order="70">28</rw-visits>
<rw-visits order="71">28</rw-visits>
<rw-visits order="72">28</rw-visits>
<rw-visits order="73">27</rw-visits>
<rw-visits order="74">26</rw-visits>
<rw-visits order="75">24</rw-visits>
<rw-visits order="76">24</rw-visits>
<rw-visits order="77">23</rw-visits>
<rw-visits order="78">23</rw-visits>
<rw-visits order="79">22</rw-visits>
<rw-visits order="80">22</rw-visits>
<rw-visits order="81">20</rw-visits>
<rw-visits order="82">20</rw-visits>
<rw-visits order="83">19</rw-visits>
<rw-visits order="84">18</rw-visits>
<rw-visits order="85">16</rw-visits>
<rw-visits order="86">14</rw-visits>
<rw-visits order="87">13</rw-visits>
<rw-visits order="88">12</rw-visits>
<rw-visits order="89">11</rw-visits>
<rw-visits order="90">10</rw-visits>
<rw-visits order="91">10</rw-visits>
<rw-visits order="92">10</rw-visits>
<rw-visits order="93">10</rw-visits>
<rw-visits order="94">9</rw-visits>
<rw-visits order="95">9</rw-visits>
<rw-visits order="96">9</rw-visits>
<rw-visits order="97">9</rw-visits>
<rw-visits order="98">9</rw-visits>
<rw-visits order="99">8</rw-visits>
<rw-visits order="100">8</rw-visits>
<rw-visits order="101">8</rw-visits>
<rw-visits order="102">8</rw-visits>
<rw-visits order="103">8</rw-visits>
<rw-visits order="104">7</rw-visits>
<rw-visits order="105">7</rw-visits>
<rw-visits order="106">7</rw-visits>
<rw-visits order="107">7</rw-visits>
<rw-visits order="108">7</rw-visits>
<rw-visits order="109">7</rw-visits>
<rw-visits order="110">7</rw-visits>
<rw-visits order="111">6</rw-visits>
<rw-visits order="112">6</rw-visits>
<rw-visits order="113">5</rw-visits>
<rw-visits order="114">5</rw-visits>
<rw-visits order="115">5</rw-visits>
<rw-visits order="116">5</rw-visits>
<rw-visits order="117">5</rw-visits>
<rw-visits order="118">5</rw-visits>
<rw-visits order="119">4</rw-visits>
<rw-visits order="120">4</rw-visits>
<rw-visits order="121">4</rw-visits>
<rw-visits order="122">4</rw-visits>
<rw-visits order="123">4</rw-visits>
<rw-visits order="124">4</rw-visits>
<rw-visits order="125">4</rw-visits>
<rw-visits order="126">4</rw-visits>
<rw-visits order="127">4</rw-visits>
<rw-visits order="128">4</rw-visits>
<rw-visits order="129">4</rw-visits>
<rw-visits order="130">3</rw-visits>
<rw-visits order="131">3</rw-visits>
<rw-visits order="132">3</rw-visits>
<rw-visits order="133">3</rw-visits>
<rw-visits order="134">3</rw-visits>
<rw-visits order="135">3</rw-visits>
<rw-visits order="136">3</rw-visits>
<rw-visits order="137">3</rw-visits>
<rw-visits order="138">3</rw-visits>
<rw-visits order="139">3</rw-visits>
<rw-visits order="140">3</rw-visits>
<rw-visits order="141">2</rw-visits>
<rw-visits order="142">2</rw-visits>
<rw-visits order="143">2</rw-visits>
<rw-visits order="144">2</rw-visits>
<rw-visits order="145">2</rw-visits>
<rw-visits order="146">2</rw-visits>
<rw-visits order="147">2</rw-visits>
<rw-visits order="148">2</rw-visits>
<rw-visits order="149">2</rw-visits>
<rw-visits order="150">2</rw-visits>
<rw-visits order="151">2</rw-visits>
<rw-visits order="152">2</rw-visits>
<rw-visits order="153">2</rw-visits>
<rw-visits order="154">2</rw-visits>
<rw-visits order="155">2</rw-visits>
<rw-visits order="156">2</rw-visits>
<rw-visits order="157">1</rw-visits>
<rw-visits order="158">1</rw-visits>
<rw-visits order="159">1</rw-visits>
<rw-visits order="160">1</rw-visits>
<rw-visits order="161">1</rw-visits>
<rw-visits order="162">1</rw-visits>
<rw-visits order="163">1</rw-visits>
<rw-visits order="164">1</rw-visits>
<rw-visits order="165">1</rw-visits>
<rw-visits order="166">1</rw-visits>
<rw-visits order="167">1</rw-visits>
<rw-visits order="168">1</rw-visits>
<rw-visits order="169">1</rw-visits>
<rw-visits order="170">1</rw-visits>
<rw-visits order="171">1</rw-visits>
<rw-visits order="172">1</rw-visits>
<rw-visits order="173">1</rw-visits>
<rw-visits order="174">1</rw-visits>
<rw-visits order="175">1</rw-visits>
<rw-visits order="176">1</rw-visits>
<rw-visits order="177">1</rw-visits>
<rw-visits order="178">1</rw-visits>
<rw-visits order="179">1</rw-visits>
<rw-visits order="180">1</rw-visits>
<rw-visits order="181">1</rw-visits>
<rw-visits order="182">1</rw-visits>
<rw-visits order="183">1</rw-visits>
<rw-visits order="184">1</rw-visits>
<rw-visits order="185">1</rw-visits>
<rw-visits order="186">1</rw-visits>
<rw-visits order="187">1</rw-visits>
<rw-visits order="188">1</rw-visits>
<rw-visits order="189">1</rw-visits>
<rw-visits order="190">1</rw-visits>
<rw-visits order="191">1</rw-visits>
<rw-visits order="192">1</rw-visits>
<rw-visits order="193">1</rw-visits>
<rw-visits order="194">1</rw-visits>
<rw-visits order="195">1</rw-visits>
<final-coverage>5.9358</final-coverage>
</rw-info>
<local-info>
<diamonds>75.4694</diamonds>
<neighborhood k="4">12</neighborhood>
<clustering k="4">1.47088</clustering>
</local-info>
<label-info>
<edge-label id="0.1+1.3">975</edge-label>
<edge-label id="1.1+0.0">82</edge-label>
<edge-label id="1.1+0.2">81</edge-label>
<edge-label id="1.2+3.0">1</edge-label>
<edge-label id="1.2+3.4">162</edge-label>
<edge-label id="1.5">243</edge-label>
<edge-label id="2.1+3.3">973</edge-label>
<edge-label id="3.1+2.0">83</edge-label>
<edge-label id="3.1+2.2">81</edge-label>
<edge-label id="3.2+5.0">2</edge-label>
<edge-label id="3.2+5.4">162</edge-label>
<edge-label id="3.5">243</edge-label>
<edge-label id="4.1+5.3">969</edge-label>
<edge-label id="5.1+4.0">85</edge-label>
<edge-label id="5.1+4.2">81</edge-label>
<edge-label id="5.2+7.0">4</edge-label>
<edge-label id="5.2+7.4">162</edge-label>
<edge-label id="5.5">243</edge-label>
<edge-label id="6.1+7.3">961</edge-label>
<edge-label id="7.1+6.0">89</edge-label>
<edge-label id="7.1+6.2">81</edge-label>
<edge-label id="7.2+9.0">8</edge-label>
<edge-label id="7.2+9.4">162</edge-label>
<edge-label id="7.5">243</edge-label>
<edge-label id="8.1+9.3">945</edge-label>
<edge-label id="9.1+8.0">97</edge-label>
<edge-label id="9.1+8.2">81</edge-label>
<edge-label id="9.2+1.4">178</edge-label>
<edge-label id="9.5">243</edge-label>
<state-labels procid="0">
<label id="[]">3302</label>
</state-labels><state-labels procid="1">
<label id="[0]">1057</label>
<label id="[1]">1138</label>
<label id="[2]">1107</label>
</state-labels><state-labels procid="2">
<label id="[1,0,0]">1</label>
<label id="[1,0,1]">162</label>
<label id="[1,1,1]">81</label>
<label id="[2,0,0]">1</label>
<label id="[2,0,1]">81</label>
<label id="[2,1,1]">81</label>
<label id="[3,0,0]">1758</label>
<label id="[3,0,1]">162</label>
<label id="[3,1,0]">894</label>
<label id="[3,1,1]">81</label>
</state-labels><state-labels procid="3">
<label id="[0]">1058</label>
<label id="[1]">1137</label>
<label id="[2]">1107</label>
</state-labels><state-labels procid="4">
<label id="[0,0,0]">2</label>
<label id="[1,0,0]">2</label>
<label id="[1,0,1]">162</label>
<label id="[1,1,1]">81</label>
<label id="[2,0,0]">2</label>
<label id="[2,0,1]">81</label>
<label id="[2,1,1]">81</label>
<label id="[3,0,0]">1756</label>
<label id="[3,0,1]">162</label>
<label id="[3,1,0]">892</label>
<label id="[3,1,1]">81</label>
</state-labels><state-labels procid="5">
<label id="[0]">1060</label>
<label id="[1]">1135</label>
<label id="[2]">1107</label>
</state-labels><state-labels procid="6">
<label id="[0,0,0]">6</label>
<label id="[1,0,0]">4</label>
<label id="[1,0,1]">162</label>
<label id="[1,1,1]">81</label>
<label id="[2,0,0]">4</label>
<label id="[2,0,1]">81</label>
<label id="[2,1,1]">81</label>
<label id="[3,0,0]">1752</label>
<label id="[3,0,1]">162</label>
<label id="[3,1,0]">888</label>
<label id="[3,1,1]">81</label>
</state-labels><state-labels procid="7">
<label id="[0]">1064</label>
<label id="[1]">1131</label>
<label id="[2]">1107</label>
</state-labels><state-labels procid="8">
<label id="[0,0,0]">14</label>
<label id="[1,0,0]">8</label>
<label id="[1,0,1]">162</label>
<label id="[1,1,1]">81</label>
<label id="[2,0,0]">8</label>
<label id="[2,0,1]">81</label>
<label id="[2,1,1]">81</label>
<label id="[3,0,0]">1744</label>
<label id="[3,0,1]">162</label>
<label id="[3,1,0]">880</label>
<label id="[3,1,1]">81</label>
</state-labels><state-labels procid="9">
<label id="[0]">1072</label>
<label id="[1]">1123</label>
<label id="[2]">1107</label>
</state-labels><state-labels procid="10">
<label id="[0,0,0]">30</label>
<label id="[1,0,0]">16</label>
<label id="[1,0,1]">162</label>
<label id="[1,1,1]">81</label>
<label id="[2,0,0]">16</label>
<label id="[2,0,1]">81</label>
<label id="[2,1,1]">81</label>
<label id="[3,0,0]">1728</label>
<label id="[3,0,1]">162</label>
<label id="[3,1,0]">864</label>
<label id="[3,1,1]">81</label>
</state-labels></label-info>
</state-space-info>
