<?xml version="1.0"?>
<!DOCTYPE state-space-info SYSTEM "../../state_space_info.dtd">


<state-space-info>
<states>4606</states>
<edges>20480</edges>
<bfs-info>
 <levels>55</levels>
<max-level>128</max-level>

<back-level-edges>128</back-level-edges>
<max-back-level-edge>31</max-back-level-edge>
<avg-back-level-edge>31</avg-back-level-edge>
<bfs-levels>
<level id="0"><states>1</states><edges>1</edges></level>
<level id="1"><states>1</states><edges>1</edges></level>
<level id="2"><states>1</states><edges>2</edges></level>
<level id="3"><states>2</states><edges>3</edges></level>
<level id="4"><states>2</states><edges>4</edges></level>
<level id="5"><states>3</states><edges>7</edges></level>
<level id="6"><states>4</states><edges>9</edges></level>
<level id="7"><states>5</states><edges>14</edges></level>
<level id="8"><states>7</states><edges>20</edges></level>
<level id="9"><states>9</states><edges>28</edges></level>
<level id="10"><states>12</states><edges>41</edges></level>
<level id="11"><states>16</states><edges>57</edges></level>
<level id="12"><states>21</states><edges>81</edges></level>
<level id="13"><states>28</states><edges>114</edges></level>
<level id="14"><states>37</states><edges>159</edges></level>
<level id="15"><states>49</states><edges>223</edges></level>
<level id="16"><states>65</states><edges>309</edges></level>
<level id="17"><states>85</states><edges>415</edges></level>
<level id="18"><states>106</states><edges>511</edges></level>
<level id="19"><states>121</states><edges>562</edges></level>
<level id="20"><states>127</states><edges>575</edges></level>
<level id="21"><states>128</states><edges>576</edges></level>
<level id="22"><states>128</states><edges>576</edges></level>
<level id="23"><states>128</states><edges>576</edges></level>
<level id="24"><states>128</states><edges>576</edges></level>
<level id="25"><states>128</states><edges>576</edges></level>
<level id="26"><states>128</states><edges>576</edges></level>
<level id="27"><states>128</states><edges>576</edges></level>
<level id="28"><states>128</states><edges>576</edges></level>
<level id="29"><states>128</states><edges>576</edges></level>
<level id="30"><states>128</states><edges>576</edges></level>
<level id="31"><states>128</states><edges>576</edges></level>
<level id="32"><states>128</states><edges>576</edges></level>
<level id="33"><states>128</states><edges>576</edges></level>
<level id="34"><states>128</states><edges>576</edges></level>
<level id="35"><states>128</states><edges>576</edges></level>
<level id="36"><states>128</states><edges>576</edges></level>
<level id="37"><states>128</states><edges>576</edges></level>
<level id="38"><states>128</states><edges>576</edges></level>
<level id="39"><states>128</states><edges>576</edges></level>
<level id="40"><states>128</states><edges>576</edges></level>
<level id="41"><states>128</states><edges>576</edges></level>
<level id="42"><states>128</states><edges>576</edges></level>
<level id="43"><states>128</states><edges>576</edges></level>
<level id="44"><states>128</states><edges>576</edges></level>
<level id="45"><states>128</states><edges>576</edges></level>
<level id="46"><states>128</states><edges>576</edges></level>
<level id="47"><states>128</states><edges>576</edges></level>
<level id="48"><states>127</states><edges>568</edges></level>
<level id="49"><states>120</states><edges>519</edges></level>
<level id="50"><states>99</states><edges>393</edges></level>
<level id="51"><states>64</states><edges>218</edges></level>
<level id="52"><states>29</states><edges>78</edges></level>
<level id="53"><states>8</states><edges>15</edges></level>
<level id="54"><states>1</states><edges>1</edges></level>
</bfs-levels>
<back-level-length id="0">0</back-level-length>
<back-level-length id="1">0</back-level-length>
<back-level-length id="2">0</back-level-length>
<back-level-length id="3">0</back-level-length>
<back-level-length id="4">0</back-level-length>
<back-level-length id="5">0</back-level-length>
<back-level-length id="6">0</back-level-length>
<back-level-length id="7">0</back-level-length>
<back-level-length id="8">0</back-level-length>
<back-level-length id="9">0</back-level-length>
<back-level-length id="10">0</back-level-length>
<back-level-length id="11">0</back-level-length>
<back-level-length id="12">0</back-level-length>
<back-level-length id="13">0</back-level-length>
<back-level-length id="14">0</back-level-length>
<back-level-length id="15">0</back-level-length>
<back-level-length id="16">0</back-level-length>
<back-level-length id="17">0</back-level-length>
<back-level-length id="18">0</back-level-length>
<back-level-length id="19">0</back-level-length>
<back-level-length id="20">0</back-level-length>
<back-level-length id="21">0</back-level-length>
<back-level-length id="22">0</back-level-length>
<back-level-length id="23">0</back-level-length>
<back-level-length id="24">0</back-level-length>
<back-level-length id="25">0</back-level-length>
<back-level-length id="26">0</back-level-length>
<back-level-length id="27">0</back-level-length>
<back-level-length id="28">0</back-level-length>
<back-level-length id="29">0</back-level-length>
<back-level-length id="30">0</back-level-length>
<back-level-length id="31">100</back-level-length>
</bfs-info>
<degrees>
<avg>4.44637</avg>
<max-in>9</max-in>
<max-out>8</max-out>
<degree id="0"><in>1</in><out>0</out></degree>
<degree id="1"><in>53</in><out>48</out></degree>
<degree id="2"><in>288</in><out>280</out></degree>
<degree id="3"><in>784</in><out>784</out></degree>
<degree id="4"><in>1246</in><out>1260</out></degree>
<degree id="5"><in>1218</in><out>1232</out></degree>
<degree id="6"><in>728</in><out>728</out></degree>
<degree id="7"><in>248</in><out>240</out></degree>
<degree id="8"><in>39</in><out>34</out></degree>
<degree id="9"><in>1</in><out>0</out></degree>
</degrees>
<scc-info>
<count>511</count>
<height>23</height>
<nontrivial-height>1</nontrivial-height>
<trivial>510</trivial>
<terminal>1</terminal>
<largest>4096</largest>
<largest-position> the only terminal</largest-position>
</scc-info>
<dfs-info>
<stack-size id="23">0.499349</stack-size>
<stack-size id="46">0.998697</stack-size>
<stack-size id="69">1.4112</stack-size>
<stack-size id="92">1.802</stack-size>
<stack-size id="115">2.30135</stack-size>
<stack-size id="138">2.69214</stack-size>
<stack-size id="161">3.08294</stack-size>
<stack-size id="184">3.58228</stack-size>
<stack-size id="207">3.97308</stack-size>
<stack-size id="230">4.36387</stack-size>
<stack-size id="253">4.75467</stack-size>
<stack-size id="276">5.25402</stack-size>
<stack-size id="299">5.57968</stack-size>
<stack-size id="322">5.84021</stack-size>
<stack-size id="345">6.231</stack-size>
<stack-size id="368">6.20929</stack-size>
<stack-size id="391">6.60009</stack-size>
<stack-size id="414">7.01259</stack-size>
<stack-size id="437">7.16457</stack-size>
<stack-size id="460">7.6205</stack-size>
<stack-size id="483">7.70734</stack-size>
<stack-size id="506">8.09813</stack-size>
<stack-size id="529">8.48893</stack-size>
<stack-size id="552">8.98828</stack-size>
<stack-size id="575">9.37907</stack-size>
<stack-size id="598">9.53105</stack-size>
<stack-size id="621">9.76987</stack-size>
<stack-size id="644">10.0521</stack-size>
<stack-size id="667">10.4212</stack-size>
<stack-size id="690">10.6166</stack-size>
<stack-size id="713">10.7903</stack-size>
<stack-size id="736">11.2462</stack-size>
<stack-size id="759">11.4633</stack-size>
<stack-size id="782">11.7455</stack-size>
<stack-size id="805">12.1363</stack-size>
<stack-size id="828">12.5271</stack-size>
<stack-size id="851">13.0265</stack-size>
<stack-size id="874">13.2436</stack-size>
<stack-size id="897">13.5258</stack-size>
<stack-size id="920">13.7212</stack-size>
<stack-size id="943">14.112</stack-size>
<stack-size id="966">14.568</stack-size>
<stack-size id="989">14.4811</stack-size>
<stack-size id="1012">14.8936</stack-size>
<stack-size id="1035">15.2193</stack-size>
<stack-size id="1058">15.6101</stack-size>
<stack-size id="1081">16.0009</stack-size>
<stack-size id="1104">16.5002</stack-size>
<stack-size id="1127">16.7825</stack-size>
<stack-size id="1150">17.0647</stack-size>
<stack-size id="1173">17.3469</stack-size>
<stack-size id="1196">17.7377</stack-size>
<stack-size id="1219">18.02</stack-size>
<stack-size id="1242">18.2805</stack-size>
<stack-size id="1265">18.5845</stack-size>
<stack-size id="1288">18.7799</stack-size>
<stack-size id="1311">19.2792</stack-size>
<stack-size id="1334">19.7785</stack-size>
<stack-size id="1357">20.0608</stack-size>
<stack-size id="1380">20.343</stack-size>
<stack-size id="1403">20.6904</stack-size>
<stack-size id="1426">20.8858</stack-size>
<stack-size id="1449">21.1029</stack-size>
<stack-size id="1472">21.472</stack-size>
<stack-size id="1495">21.5805</stack-size>
<stack-size id="1518">21.7977</stack-size>
<stack-size id="1541">21.9713</stack-size>
<stack-size id="1564">22.3621</stack-size>
<stack-size id="1587">22.7312</stack-size>
<stack-size id="1610">23.0569</stack-size>
<stack-size id="1633">23.4477</stack-size>
<stack-size id="1656">23.4911</stack-size>
<stack-size id="1679">23.4694</stack-size>
<stack-size id="1702">23.8385</stack-size>
<stack-size id="1725">24.099</stack-size>
<stack-size id="1748">24.2944</stack-size>
<stack-size id="1771">24.4464</stack-size>
<stack-size id="1794">24.5549</stack-size>
<stack-size id="1817">24.9023</stack-size>
<stack-size id="1840">24.8589</stack-size>
<stack-size id="1863">25.2714</stack-size>
<stack-size id="1886">25.6622</stack-size>
<stack-size id="1909">26.0747</stack-size>
<stack-size id="1932">26.4872</stack-size>
<stack-size id="1955">26.7043</stack-size>
<stack-size id="1978">27.03</stack-size>
<stack-size id="2001">27.0951</stack-size>
<stack-size id="2024">27.3773</stack-size>
<stack-size id="2047">27.4642</stack-size>
<stack-size id="2070">27.7464</stack-size>
<stack-size id="2093">28.0069</stack-size>
<stack-size id="2116">28.376</stack-size>
<stack-size id="2139">28.5063</stack-size>
<stack-size id="2162">28.9839</stack-size>
<stack-size id="2185">29.2662</stack-size>
<stack-size id="2208">29.6353</stack-size>
<stack-size id="2231">29.8524</stack-size>
<stack-size id="2254">30.2432</stack-size>
<stack-size id="2277">30.3517</stack-size>
<stack-size id="2300">30.5905</stack-size>
<stack-size id="2323">30.8294</stack-size>
<stack-size id="2346">31.0682</stack-size>
<stack-size id="2369">31.155</stack-size>
<stack-size id="2392">31.2419</stack-size>
<stack-size id="2415">31.4807</stack-size>
<stack-size id="2438">31.7412</stack-size>
<stack-size id="2461">32.0452</stack-size>
<stack-size id="2484">32.1754</stack-size>
<stack-size id="2507">32.5662</stack-size>
<stack-size id="2530">32.9353</stack-size>
<stack-size id="2553">33.109</stack-size>
<stack-size id="2576">33.1958</stack-size>
<stack-size id="2599">33.4129</stack-size>
<stack-size id="2622">33.63</stack-size>
<stack-size id="2645">33.9991</stack-size>
<stack-size id="2668">34.2162</stack-size>
<stack-size id="2691">34.607</stack-size>
<stack-size id="2714">34.607</stack-size>
<stack-size id="2737">34.8241</stack-size>
<stack-size id="2760">35.0847</stack-size>
<stack-size id="2783">35.0195</stack-size>
<stack-size id="2806">35.3886</stack-size>
<stack-size id="2829">35.5189</stack-size>
<stack-size id="2852">35.888</stack-size>
<stack-size id="2875">36.2571</stack-size>
<stack-size id="2898">36.6696</stack-size>
<stack-size id="2921">36.865</stack-size>
<stack-size id="2944">37.1472</stack-size>
<stack-size id="2967">37.4294</stack-size>
<stack-size id="2990">37.7334</stack-size>
<stack-size id="3013">38.0373</stack-size>
<stack-size id="3036">38.0808</stack-size>
<stack-size id="3059">37.6683</stack-size>
<stack-size id="3082">37.9722</stack-size>
<stack-size id="3105">38.0591</stack-size>
<stack-size id="3128">38.0591</stack-size>
<stack-size id="3151">38.2979</stack-size>
<stack-size id="3174">38.4064</stack-size>
<stack-size id="3197">38.7104</stack-size>
<stack-size id="3220">38.6018</stack-size>
<stack-size id="3243">38.6235</stack-size>
<stack-size id="3266">38.5584</stack-size>
<stack-size id="3289">38.5801</stack-size>
<stack-size id="3312">38.667</stack-size>
<stack-size id="3335">38.6887</stack-size>
<stack-size id="3358">38.5801</stack-size>
<stack-size id="3381">38.667</stack-size>
<stack-size id="3404">38.7538</stack-size>
<stack-size id="3427">39.0795</stack-size>
<stack-size id="3450">39.1229</stack-size>
<stack-size id="3473">39.1446</stack-size>
<stack-size id="3496">39.2966</stack-size>
<stack-size id="3519">39.1446</stack-size>
<stack-size id="3542">39.0578</stack-size>
<stack-size id="3565">38.9492</stack-size>
<stack-size id="3588">39.0578</stack-size>
<stack-size id="3611">39.2097</stack-size>
<stack-size id="3634">39.2966</stack-size>
<stack-size id="3657">39.036</stack-size>
<stack-size id="3680">38.9709</stack-size>
<stack-size id="3703">39.0795</stack-size>
<stack-size id="3726">39.2966</stack-size>
<stack-size id="3749">39.0143</stack-size>
<stack-size id="3772">39.188</stack-size>
<stack-size id="3795">39.1663</stack-size>
<stack-size id="3818">39.2314</stack-size>
<stack-size id="3841">39.1446</stack-size>
<stack-size id="3864">39.1229</stack-size>
<stack-size id="3887">39.0143</stack-size>
<stack-size id="3910">38.9492</stack-size>
<stack-size id="3933">38.9926</stack-size>
<stack-size id="3956">38.9275</stack-size>
<stack-size id="3979">38.8841</stack-size>
<stack-size id="4002">38.9058</stack-size>
<stack-size id="4025">38.8624</stack-size>
<stack-size id="4048">38.8841</stack-size>
<stack-size id="4071">38.8406</stack-size>
<stack-size id="4094">38.7755</stack-size>
<stack-size id="4117">17.3035</stack-size>
<stack-size id="4140">0.303951</stack-size>
<stack-size id="4163">0.369084</stack-size>
<stack-size id="4186">0.434216</stack-size>
<stack-size id="4209">0.455927</stack-size>
<stack-size id="4232">0.217108</stack-size>
<stack-size id="4255">0.412505</stack-size>
<stack-size id="4278">0.434216</stack-size>
<stack-size id="4301">0.369084</stack-size>
<stack-size id="4324">0.390795</stack-size>
<stack-size id="4347">0.412505</stack-size>
<stack-size id="4370">0.434216</stack-size>
<stack-size id="4393">0.282241</stack-size>
<stack-size id="4416">0.347373</stack-size>
<stack-size id="4439">0.412505</stack-size>
<stack-size id="4462">0.434216</stack-size>
<stack-size id="4485">0.195397</stack-size>
<stack-size id="4508">0.390795</stack-size>
<stack-size id="4531">0.412505</stack-size>
<stack-size id="4554">0.347373</stack-size>
<stack-size id="4577">0.369084</stack-size>
<stack-size id="4600">0.390795</stack-size>
<max-stack>1819</max-stack>
<front-edges>4605</front-edges>
<back-edges>6419</back-edges>
<cross-edges>9456</cross-edges>
<shortest-cycle>32</shortest-cycle>
</dfs-info>
<rw-info>
<coverage step="460">1.88884</coverage>
<coverage step="920">2.32306</coverage>
<coverage step="1380">2.62701</coverage>
<coverage step="1840">3.03951</coverage>
<coverage step="2300">3.19149</coverage>
<coverage step="2760">3.4086</coverage>
<coverage step="3220">3.69084</coverage>
<coverage step="3680">3.79939</coverage>
<coverage step="4140">3.84281</coverage>
<coverage step="4600">3.88624</coverage>
<coverage step="5060">3.90795</coverage>
<coverage step="5520">3.95137</coverage>
<coverage step="5980">4.2119</coverage>
<coverage step="6440">4.2119</coverage>
<coverage step="6900">4.27703</coverage>
<coverage step="7360">4.47243</coverage>
<coverage step="7820">4.60269</coverage>
<coverage step="8280">4.60269</coverage>
<coverage step="8740">4.66782</coverage>
<coverage step="9200">4.73296</coverage>
<coverage step="9660">4.75467</coverage>
<coverage step="10120">4.86322</coverage>
<coverage step="10580">5.0152</coverage>
<coverage step="11040">5.05862</coverage>
<coverage step="11500">5.05862</coverage>
<coverage step="11960">5.05862</coverage>
<coverage step="12420">5.05862</coverage>
<coverage step="12880">5.18888</coverage>
<coverage step="13340">5.36257</coverage>
<coverage step="13800">5.36257</coverage>
<coverage step="14260">5.36257</coverage>
<coverage step="14720">5.4277</coverage>
<coverage step="15180">5.44941</coverage>
<coverage step="15640">5.44941</coverage>
<coverage step="16100">5.47112</coverage>
<coverage step="16560">5.51455</coverage>
<coverage step="17020">5.51455</coverage>
<coverage step="17480">5.51455</coverage>
<coverage step="17940">5.6231</coverage>
<coverage step="18400">5.66652</coverage>
<coverage step="18860">5.68823</coverage>
<coverage step="19320">5.68823</coverage>
<coverage step="19780">5.68823</coverage>
<coverage step="20240">5.70994</coverage>
<coverage step="20700">5.73165</coverage>
<coverage step="21160">5.75337</coverage>
<coverage step="21620">5.75337</coverage>
<coverage step="22080">5.77508</coverage>
<coverage step="22540">5.86192</coverage>
<coverage step="23000">5.86192</coverage>
<coverage step="23460">5.90534</coverage>
<coverage step="23920">5.90534</coverage>
<coverage step="24380">6.03561</coverage>
<coverage step="24840">6.03561</coverage>
<coverage step="25300">6.03561</coverage>
<coverage step="25760">6.03561</coverage>
<coverage step="26220">6.05732</coverage>
<coverage step="26680">6.18758</coverage>
<coverage step="27140">6.18758</coverage>
<coverage step="27600">6.18758</coverage>
<coverage step="28060">6.231</coverage>
<coverage step="28520">6.31785</coverage>
<coverage step="28980">6.33956</coverage>
<coverage step="29440">6.33956</coverage>
<coverage step="29900">6.36127</coverage>
<coverage step="30360">6.6218</coverage>
<coverage step="30820">6.6218</coverage>
<coverage step="31280">6.6218</coverage>
<coverage step="31740">6.6218</coverage>
<coverage step="32200">6.6218</coverage>
<coverage step="32660">6.6218</coverage>
<coverage step="33120">6.68693</coverage>
<coverage step="33580">6.68693</coverage>
<coverage step="34040">6.68693</coverage>
<coverage step="34500">6.68693</coverage>
<coverage step="34960">6.68693</coverage>
<coverage step="35420">6.68693</coverage>
<coverage step="35880">6.68693</coverage>
<coverage step="36340">6.68693</coverage>
<coverage step="36800">6.70864</coverage>
<coverage step="37260">6.70864</coverage>
<coverage step="37720">6.70864</coverage>
<coverage step="38180">6.70864</coverage>
<coverage step="38640">6.70864</coverage>
<coverage step="39100">6.75206</coverage>
<coverage step="39560">6.75206</coverage>
<coverage step="40020">6.77377</coverage>
<coverage step="40480">6.77377</coverage>
<coverage step="40940">6.79548</coverage>
<coverage step="41400">6.79548</coverage>
<coverage step="41860">6.83891</coverage>
<coverage step="42320">6.83891</coverage>
<coverage step="42780">6.83891</coverage>
<coverage step="43240">6.86062</coverage>
<coverage step="43700">6.86062</coverage>
<coverage step="44160">6.88233</coverage>
<coverage step="44620">6.88233</coverage>
<coverage step="45080">6.92575</coverage>
<coverage step="45540">6.92575</coverage>
<coverage step="46000">6.92575</coverage>
<rw-visits order="1">1265</rw-visits>
<rw-visits order="2">1259</rw-visits>
<rw-visits order="3">1253</rw-visits>
<rw-visits order="4">1249</rw-visits>
<rw-visits order="5">1247</rw-visits>
<rw-visits order="6">1246</rw-visits>
<rw-visits order="7">1242</rw-visits>
<rw-visits order="8">1234</rw-visits>
<rw-visits order="9">1213</rw-visits>
<rw-visits order="10">1202</rw-visits>
<rw-visits order="11">1195</rw-visits>
<rw-visits order="12">1191</rw-visits>
<rw-visits order="13">1187</rw-visits>
<rw-visits order="14">1186</rw-visits>
<rw-visits order="15">1182</rw-visits>
<rw-visits order="16">1111</rw-visits>
<rw-visits order="17">1026</rw-visits>
<rw-visits order="18">1023</rw-visits>
<rw-visits order="19">1016</rw-visits>
<rw-visits order="20">1013</rw-visits>
<rw-visits order="21">1007</rw-visits>
<rw-visits order="22">1005</rw-visits>
<rw-visits order="23">981</rw-visits>
<rw-visits order="24">932</rw-visits>
<rw-visits order="25">693</rw-visits>
<rw-visits order="26">671</rw-visits>
<rw-visits order="27">667</rw-visits>
<rw-visits order="28">666</rw-visits>
<rw-visits order="29">665</rw-visits>
<rw-visits order="30">660</rw-visits>
<rw-visits order="31">657</rw-visits>
<rw-visits order="32">653</rw-visits>
<rw-visits order="33">652</rw-visits>
<rw-visits order="34">652</rw-visits>
<rw-visits order="35">645</rw-visits>
<rw-visits order="36">644</rw-visits>
<rw-visits order="37">640</rw-visits>
<rw-visits order="38">634</rw-visits>
<rw-visits order="39">628</rw-visits>
<rw-visits order="40">601</rw-visits>
<rw-visits order="41">353</rw-visits>
<rw-visits order="42">338</rw-visits>
<rw-visits order="43">337</rw-visits>
<rw-visits order="44">332</rw-visits>
<rw-visits order="45">324</rw-visits>
<rw-visits order="46">320</rw-visits>
<rw-visits order="47">307</rw-visits>
<rw-visits order="48">307</rw-visits>
<rw-visits order="49">174</rw-visits>
<rw-visits order="50">173</rw-visits>
<rw-visits order="51">172</rw-visits>
<rw-visits order="52">170</rw-visits>
<rw-visits order="53">168</rw-visits>
<rw-visits order="54">167</rw-visits>
<rw-visits order="55">156</rw-visits>
<rw-visits order="56">144</rw-visits>
<rw-visits order="57">93</rw-visits>
<rw-visits order="58">93</rw-visits>
<rw-visits order="59">93</rw-visits>
<rw-visits order="60">79</rw-visits>
<rw-visits order="61">78</rw-visits>
<rw-visits order="62">77</rw-visits>
<rw-visits order="63">73</rw-visits>
<rw-visits order="64">71</rw-visits>
<rw-visits order="65">71</rw-visits>
<rw-visits order="66">70</rw-visits>
<rw-visits order="67">70</rw-visits>
<rw-visits order="68">69</rw-visits>
<rw-visits order="69">68</rw-visits>
<rw-visits order="70">67</rw-visits>
<rw-visits order="71">65</rw-visits>
<rw-visits order="72">63</rw-visits>
<rw-visits order="73">63</rw-visits>
<rw-visits order="74">62</rw-visits>
<rw-visits order="75">61</rw-visits>
<rw-visits order="76">60</rw-visits>
<rw-visits order="77">60</rw-visits>
<rw-visits order="78">60</rw-visits>
<rw-visits order="79">59</rw-visits>
<rw-visits order="80">59</rw-visits>
<rw-visits order="81">59</rw-visits>
<rw-visits order="82">58</rw-visits>
<rw-visits order="83">58</rw-visits>
<rw-visits order="84">58</rw-visits>
<rw-visits order="85">57</rw-visits>
<rw-visits order="86">57</rw-visits>
<rw-visits order="87">52</rw-visits>
<rw-visits order="88">51</rw-visits>
<rw-visits order="89">50</rw-visits>
<rw-visits order="90">50</rw-visits>
<rw-visits order="91">49</rw-visits>
<rw-visits order="92">48</rw-visits>
<rw-visits order="93">47</rw-visits>
<rw-visits order="94">47</rw-visits>
<rw-visits order="95">46</rw-visits>
<rw-visits order="96">45</rw-visits>
<rw-visits order="97">44</rw-visits>
<rw-visits order="98">44</rw-visits>
<rw-visits order="99">42</rw-visits>
<rw-visits order="100">41</rw-visits>
<rw-visits order="101">41</rw-visits>
<rw-visits order="102">41</rw-visits>
<rw-visits order="103">40</rw-visits>
<rw-visits order="104">40</rw-visits>
<rw-visits order="105">39</rw-visits>
<rw-visits order="106">38</rw-visits>
<rw-visits order="107">38</rw-visits>
<rw-visits order="108">38</rw-visits>
<rw-visits order="109">38</rw-visits>
<rw-visits order="110">37</rw-visits>
<rw-visits order="111">37</rw-visits>
<rw-visits order="112">35</rw-visits>
<rw-visits order="113">29</rw-visits>
<rw-visits order="114">28</rw-visits>
<rw-visits order="115">27</rw-visits>
<rw-visits order="116">26</rw-visits>
<rw-visits order="117">24</rw-visits>
<rw-visits order="118">24</rw-visits>
<rw-visits order="119">24</rw-visits>
<rw-visits order="120">24</rw-visits>
<rw-visits order="121">24</rw-visits>
<rw-visits order="122">23</rw-visits>
<rw-visits order="123">23</rw-visits>
<rw-visits order="124">23</rw-visits>
<rw-visits order="125">22</rw-visits>
<rw-visits order="126">21</rw-visits>
<rw-visits order="127">21</rw-visits>
<rw-visits order="128">20</rw-visits>
<rw-visits order="129">20</rw-visits>
<rw-visits order="130">20</rw-visits>
<rw-visits order="131">17</rw-visits>
<rw-visits order="132">17</rw-visits>
<rw-visits order="133">16</rw-visits>
<rw-visits order="134">16</rw-visits>
<rw-visits order="135">16</rw-visits>
<rw-visits order="136">15</rw-visits>
<rw-visits order="137">15</rw-visits>
<rw-visits order="138">15</rw-visits>
<rw-visits order="139">14</rw-visits>
<rw-visits order="140">13</rw-visits>
<rw-visits order="141">12</rw-visits>
<rw-visits order="142">11</rw-visits>
<rw-visits order="143">10</rw-visits>
<rw-visits order="144">10</rw-visits>
<rw-visits order="145">10</rw-visits>
<rw-visits order="146">10</rw-visits>
<rw-visits order="147">10</rw-visits>
<rw-visits order="148">9</rw-visits>
<rw-visits order="149">9</rw-visits>
<rw-visits order="150">8</rw-visits>
<rw-visits order="151">8</rw-visits>
<rw-visits order="152">8</rw-visits>
<rw-visits order="153">8</rw-visits>
<rw-visits order="154">7</rw-visits>
<rw-visits order="155">7</rw-visits>
<rw-visits order="156">7</rw-visits>
<rw-visits order="157">7</rw-visits>
<rw-visits order="158">7</rw-visits>
<rw-visits order="159">7</rw-visits>
<rw-visits order="160">7</rw-visits>
<rw-visits order="161">7</rw-visits>
<rw-visits order="162">7</rw-visits>
<rw-visits order="163">7</rw-visits>
<rw-visits order="164">7</rw-visits>
<rw-visits order="165">6</rw-visits>
<rw-visits order="166">6</rw-visits>
<rw-visits order="167">6</rw-visits>
<rw-visits order="168">6</rw-visits>
<rw-visits order="169">6</rw-visits>
<rw-visits order="170">6</rw-visits>
<rw-visits order="171">6</rw-visits>
<rw-visits order="172">6</rw-visits>
<rw-visits order="173">6</rw-visits>
<rw-visits order="174">6</rw-visits>
<rw-visits order="175">6</rw-visits>
<rw-visits order="176">6</rw-visits>
<rw-visits order="177">6</rw-visits>
<rw-visits order="178">6</rw-visits>
<rw-visits order="179">6</rw-visits>
<rw-visits order="180">6</rw-visits>
<rw-visits order="181">6</rw-visits>
<rw-visits order="182">5</rw-visits>
<rw-visits order="183">5</rw-visits>
<rw-visits order="184">5</rw-visits>
<rw-visits order="185">5</rw-visits>
<rw-visits order="186">5</rw-visits>
<rw-visits order="187">5</rw-visits>
<rw-visits order="188">5</rw-visits>
<rw-visits order="189">5</rw-visits>
<rw-visits order="190">5</rw-visits>
<rw-visits order="191">5</rw-visits>
<rw-visits order="192">5</rw-visits>
<rw-visits order="193">5</rw-visits>
<rw-visits order="194">5</rw-visits>
<rw-visits order="195">5</rw-visits>
<rw-visits order="196">5</rw-visits>
<rw-visits order="197">5</rw-visits>
<rw-visits order="198">4</rw-visits>
<rw-visits order="199">4</rw-visits>
<rw-visits order="200">4</rw-visits>
<rw-visits order="201">4</rw-visits>
<rw-visits order="202">4</rw-visits>
<rw-visits order="203">4</rw-visits>
<rw-visits order="204">4</rw-visits>
<rw-visits order="205">4</rw-visits>
<rw-visits order="206">4</rw-visits>
<rw-visits order="207">4</rw-visits>
<rw-visits order="208">4</rw-visits>
<rw-visits order="209">4</rw-visits>
<rw-visits order="210">4</rw-visits>
<rw-visits order="211">3</rw-visits>
<rw-visits order="212">3</rw-visits>
<rw-visits order="213">3</rw-visits>
<rw-visits order="214">3</rw-visits>
<rw-visits order="215">3</rw-visits>
<rw-visits order="216">3</rw-visits>
<rw-visits order="217">3</rw-visits>
<rw-visits order="218">3</rw-visits>
<rw-visits order="219">2</rw-visits>
<rw-visits order="220">2</rw-visits>
<rw-visits order="221">2</rw-visits>
<rw-visits order="222">2</rw-visits>
<rw-visits order="223">2</rw-visits>
<rw-visits order="224">2</rw-visits>
<rw-visits order="225">2</rw-visits>
<rw-visits order="226">2</rw-visits>
<rw-visits order="227">2</rw-visits>
<rw-visits order="228">2</rw-visits>
<rw-visits order="229">2</rw-visits>
<rw-visits order="230">2</rw-visits>
<rw-visits order="231">2</rw-visits>
<rw-visits order="232">2</rw-visits>
<rw-visits order="233">2</rw-visits>
<rw-visits order="234">2</rw-visits>
<rw-visits order="235">2</rw-visits>
<rw-visits order="236">2</rw-visits>
<rw-visits order="237">2</rw-visits>
<rw-visits order="238">2</rw-visits>
<rw-visits order="239">2</rw-visits>
<rw-visits order="240">2</rw-visits>
<rw-visits order="241">2</rw-visits>
<rw-visits order="242">2</rw-visits>
<rw-visits order="243">2</rw-visits>
<rw-visits order="244">2</rw-visits>
<rw-visits order="245">2</rw-visits>
<rw-visits order="246">2</rw-visits>
<rw-visits order="247">2</rw-visits>
<rw-visits order="248">2</rw-visits>
<rw-visits order="249">2</rw-visits>
<rw-visits order="250">2</rw-visits>
<rw-visits order="251">1</rw-visits>
<rw-visits order="252">1</rw-visits>
<rw-visits order="253">1</rw-visits>
<rw-visits order="254">1</rw-visits>
<rw-visits order="255">1</rw-visits>
<rw-visits order="256">1</rw-visits>
<rw-visits order="257">1</rw-visits>
<rw-visits order="258">1</rw-visits>
<rw-visits order="259">1</rw-visits>
<rw-visits order="260">1</rw-visits>
<rw-visits order="261">1</rw-visits>
<rw-visits order="262">1</rw-visits>
<rw-visits order="263">1</rw-visits>
<rw-visits order="264">1</rw-visits>
<rw-visits order="265">1</rw-visits>
<rw-visits order="266">1</rw-visits>
<rw-visits order="267">1</rw-visits>
<rw-visits order="268">1</rw-visits>
<rw-visits order="269">1</rw-visits>
<rw-visits order="270">1</rw-visits>
<rw-visits order="271">1</rw-visits>
<rw-visits order="272">1</rw-visits>
<rw-visits order="273">1</rw-visits>
<rw-visits order="274">1</rw-visits>
<rw-visits order="275">1</rw-visits>
<rw-visits order="276">1</rw-visits>
<rw-visits order="277">1</rw-visits>
<rw-visits order="278">1</rw-visits>
<rw-visits order="279">1</rw-visits>
<rw-visits order="280">1</rw-visits>
<rw-visits order="281">1</rw-visits>
<rw-visits order="282">1</rw-visits>
<rw-visits order="283">1</rw-visits>
<rw-visits order="284">1</rw-visits>
<rw-visits order="285">1</rw-visits>
<rw-visits order="286">1</rw-visits>
<rw-visits order="287">1</rw-visits>
<rw-visits order="288">1</rw-visits>
<rw-visits order="289">1</rw-visits>
<rw-visits order="290">1</rw-visits>
<rw-visits order="291">1</rw-visits>
<rw-visits order="292">1</rw-visits>
<rw-visits order="293">1</rw-visits>
<rw-visits order="294">1</rw-visits>
<rw-visits order="295">1</rw-visits>
<rw-visits order="296">1</rw-visits>
<rw-visits order="297">1</rw-visits>
<rw-visits order="298">1</rw-visits>
<rw-visits order="299">1</rw-visits>
<rw-visits order="300">1</rw-visits>
<rw-visits order="301">1</rw-visits>
<rw-visits order="302">1</rw-visits>
<rw-visits order="303">1</rw-visits>
<rw-visits order="304">1</rw-visits>
<rw-visits order="305">1</rw-visits>
<rw-visits order="306">1</rw-visits>
<rw-visits order="307">1</rw-visits>
<rw-visits order="308">1</rw-visits>
<rw-visits order="309">1</rw-visits>
<rw-visits order="310">1</rw-visits>
<rw-visits order="311">1</rw-visits>
<rw-visits order="312">1</rw-visits>
<rw-visits order="313">1</rw-visits>
<rw-visits order="314">1</rw-visits>
<rw-visits order="315">1</rw-visits>
<rw-visits order="316">1</rw-visits>
<rw-visits order="317">1</rw-visits>
<rw-visits order="318">1</rw-visits>
<final-coverage>6.92575</final-coverage>
</rw-info>
<local-info>
<diamonds>98.9579</diamonds>
<neighborhood k="4">47</neighborhood>
<clustering k="4">2.19316</clustering>
</local-info>
<label-info>
<edge-label id="0.1+1.3">2174</edge-label>
<edge-label id="1.1+0.0">129</edge-label>
<edge-label id="1.2+3.0">1</edge-label>
<edge-label id="1.2+3.4">128</edge-label>
<edge-label id="1.5">128</edge-label>
<edge-label id="10.1+11.3">2112</edge-label>
<edge-label id="11.1+10.0">160</edge-label>
<edge-label id="11.2+13.0">32</edge-label>
<edge-label id="11.2+13.4">128</edge-label>
<edge-label id="11.5">128</edge-label>
<edge-label id="12.1+13.3">2048</edge-label>
<edge-label id="13.1+12.0">192</edge-label>
<edge-label id="13.2+15.0">64</edge-label>
<edge-label id="13.2+15.4">128</edge-label>
<edge-label id="13.5">128</edge-label>
<edge-label id="14.1+15.3">1920</edge-label>
<edge-label id="15.1+14.0">256</edge-label>
<edge-label id="15.2+1.4">256</edge-label>
<edge-label id="15.5">128</edge-label>
<edge-label id="2.1+3.3">2172</edge-label>
<edge-label id="3.1+2.0">130</edge-label>
<edge-label id="3.2+5.0">2</edge-label>
<edge-label id="3.2+5.4">128</edge-label>
<edge-label id="3.5">128</edge-label>
<edge-label id="4.1+5.3">2168</edge-label>
<edge-label id="5.1+4.0">132</edge-label>
<edge-label id="5.2+7.0">4</edge-label>
<edge-label id="5.2+7.4">128</edge-label>
<edge-label id="5.5">128</edge-label>
<edge-label id="6.1+7.3">2160</edge-label>
<edge-label id="7.1+6.0">136</edge-label>
<edge-label id="7.2+9.0">8</edge-label>
<edge-label id="7.2+9.4">128</edge-label>
<edge-label id="7.5">128</edge-label>
<edge-label id="8.1+9.3">2144</edge-label>
<edge-label id="9.1+8.0">144</edge-label>
<edge-label id="9.2+11.0">16</edge-label>
<edge-label id="9.2+11.4">128</edge-label>
<edge-label id="9.5">128</edge-label>
<state-labels procid="0">
<label id="[]">4606</label>
</state-labels><state-labels procid="1">
<label id="[0]">2303</label>
<label id="[1]">2303</label>
</state-labels><state-labels procid="2">
<label id="[1,0,0]">1</label>
<label id="[1,1,1]">128</label>
<label id="[2,0,0]">1</label>
<label id="[2,1,1]">128</label>
<label id="[3,0,0]">2046</label>
<label id="[3,0,1]">128</label>
<label id="[3,1,0]">2046</label>
<label id="[3,1,1]">128</label>
</state-labels><state-labels procid="3">
<label id="[0]">2304</label>
<label id="[1]">2302</label>
</state-labels><state-labels procid="4">
<label id="[0,0,0]">2</label>
<label id="[1,0,0]">2</label>
<label id="[1,1,1]">128</label>
<label id="[2,0,0]">2</label>
<label id="[2,1,1]">128</label>
<label id="[3,0,0]">2044</label>
<label id="[3,0,1]">128</label>
<label id="[3,1,0]">2044</label>
<label id="[3,1,1]">128</label>
</state-labels><state-labels procid="5">
<label id="[0]">2306</label>
<label id="[1]">2300</label>
</state-labels><state-labels procid="6">
<label id="[0,0,0]">6</label>
<label id="[1,0,0]">4</label>
<label id="[1,1,1]">128</label>
<label id="[2,0,0]">4</label>
<label id="[2,1,1]">128</label>
<label id="[3,0,0]">2040</label>
<label id="[3,0,1]">128</label>
<label id="[3,1,0]">2040</label>
<label id="[3,1,1]">128</label>
</state-labels><state-labels procid="7">
<label id="[0]">2310</label>
<label id="[1]">2296</label>
</state-labels><state-labels procid="8">
<label id="[0,0,0]">14</label>
<label id="[1,0,0]">8</label>
<label id="[1,1,1]">128</label>
<label id="[2,0,0]">8</label>
<label id="[2,1,1]">128</label>
<label id="[3,0,0]">2032</label>
<label id="[3,0,1]">128</label>
<label id="[3,1,0]">2032</label>
<label id="[3,1,1]">128</label>
</state-labels><state-labels procid="9">
<label id="[0]">2318</label>
<label id="[1]">2288</label>
</state-labels><state-labels procid="10">
<label id="[0,0,0]">30</label>
<label id="[1,0,0]">16</label>
<label id="[1,1,1]">128</label>
<label id="[2,0,0]">16</label>
<label id="[2,1,1]">128</label>
<label id="[3,0,0]">2016</label>
<label id="[3,0,1]">128</label>
<label id="[3,1,0]">2016</label>
<label id="[3,1,1]">128</label>
</state-labels><state-labels procid="11">
<label id="[0]">2334</label>
<label id="[1]">2272</label>
</state-labels><state-labels procid="12">
<label id="[0,0,0]">62</label>
<label id="[1,0,0]">32</label>
<label id="[1,1,1]">128</label>
<label id="[2,0,0]">32</label>
<label id="[2,1,1]">128</label>
<label id="[3,0,0]">1984</label>
<label id="[3,0,1]">128</label>
<label id="[3,1,0]">1984</label>
<label id="[3,1,1]">128</label>
</state-labels><state-labels procid="13">
<label id="[0]">2366</label>
<label id="[1]">2240</label>
</state-labels><state-labels procid="14">
<label id="[0,0,0]">126</label>
<label id="[1,0,0]">64</label>
<label id="[1,1,1]">128</label>
<label id="[2,0,0]">64</label>
<label id="[2,1,1]">128</label>
<label id="[3,0,0]">1920</label>
<label id="[3,0,1]">128</label>
<label id="[3,1,0]">1920</label>
<label id="[3,1,1]">128</label>
</state-labels><state-labels procid="15">
<label id="[0]">2430</label>
<label id="[1]">2176</label>
</state-labels><state-labels procid="16">
<label id="[0,0,0]">254</label>
<label id="[1,0,0]">128</label>
<label id="[1,1,1]">128</label>
<label id="[2,0,0]">128</label>
<label id="[2,1,1]">128</label>
<label id="[3,0,0]">1792</label>
<label id="[3,0,1]">128</label>
<label id="[3,1,0]">1792</label>
<label id="[3,1,1]">128</label>
</state-labels></label-info>
</state-space-info>
