<?xml version="1.0"?>

<!DOCTYPE instance-list SYSTEM "../instance_list.dtd">

<instance-list>
<instance name="cyclic_scheduler" id="1">
<reach-time complete="yes">0.7</reach-time>
<states>4606</states>
<state-size>48</state-size>
<prediction>0</prediction>
<reach-goal prop-id="1" answer="no" length="0"/>
</instance>

<instance name="cyclic_scheduler" id="2">
<reach-time complete="yes">0.6</reach-time>
<states>3302</states>
<state-size>30</state-size>
<prediction>0</prediction>
<reach-goal prop-id="1" answer="yes" length="13"/>
</instance>

<instance name="cyclic_scheduler" id="3">
<reach-time complete="yes">22.9</reach-time>
<states>229374</states>
<state-size>78</state-size>
<prediction>0</prediction>
<reach-goal prop-id="1" answer="no" length="0"/>
</instance>

<instance name="cyclic_scheduler" id="4">
<reach-time complete="yes">31.3</reach-time>
<states>473414</states>
<state-size>54</state-size>
<prediction>0</prediction>
<reach-goal prop-id="1" answer="yes" length="21"/>
</instance>

</instance-list>
