<?xml version="1.0"?>
<!DOCTYPE state-space-info SYSTEM "../../state_space_info.dtd">


<state-space-info>
<states>134844</states>
<edges>200614</edges>
<bfs-info>
 <levels>51</levels>
<max-level>8349</max-level>

<back-level-edges>35013</back-level-edges>
<max-back-level-edge>18</max-back-level-edge>
<avg-back-level-edge>4.43852</avg-back-level-edge>
<bfs-levels>
<level id="0"><states>1</states><edges>13</edges></level>
<level id="1"><states>13</states><edges>13</edges></level>
<level id="2"><states>13</states><edges>13</edges></level>
<level id="3"><states>7</states><edges>21</edges></level>
<level id="4"><states>21</states><edges>21</edges></level>
<level id="5"><states>3</states><edges>39</edges></level>
<level id="6"><states>39</states><edges>39</edges></level>
<level id="7"><states>39</states><edges>39</edges></level>
<level id="8"><states>39</states><edges>81</edges></level>
<level id="9"><states>81</states><edges>297</edges></level>
<level id="10"><states>243</states><edges>351</edges></level>
<level id="11"><states>351</states><edges>351</edges></level>
<level id="12"><states>243</states><edges>891</edges></level>
<level id="13"><states>891</states><edges>891</edges></level>
<level id="14"><states>675</states><edges>1755</edges></level>
<level id="15"><states>1545</states><edges>2580</edges></level>
<level id="16"><states>2328</states><edges>2328</edges></level>
<level id="17"><states>1473</states><edges>4533</edges></level>
<level id="18"><states>4164</states><edges>5124</edges></level>
<level id="19"><states>3831</states><edges>5163</edges></level>
<level id="20"><states>3273</states><edges>7818</edges></level>
<level id="21"><states>6810</states><edges>7341</edges></level>
<level id="22"><states>4341</states><edges>7659</edges></level>
<level id="23"><states>5346</states><edges>9522</edges></level>
<level id="24"><states>7443</states><edges>7785</edges></level>
<level id="25"><states>3375</states><edges>7737</edges></level>
<level id="26"><states>6085</states><edges>8812</edges></level>
<level id="27"><states>6253</states><edges>6330</edges></level>
<level id="28"><states>2046</states><edges>6798</edges></level>
<level id="29"><states>5922</states><edges>7587</edges></level>
<level id="30"><states>5193</states><edges>5235</edges></level>
<level id="31"><states>1791</states><edges>7281</edges></level>
<level id="32"><states>6855</states><edges>7878</edges></level>
<level id="33"><states>5106</states><edges>5970</edges></level>
<level id="34"><states>2904</states><edges>9105</edges></level>
<level id="35"><states>8349</states><edges>8880</edges></level>
<level id="36"><states>4932</states><edges>7092</edges></level>
<level id="37"><states>4149</states><edges>9189</edges></level>
<level id="38"><states>7824</states><edges>7986</edges></level>
<level id="39"><states>3366</states><edges>6246</edges></level>
<level id="40"><states>4230</states><edges>6687</edges></level>
<level id="41"><states>4989</states><edges>5010</edges></level>
<level id="42"><states>1356</states><edges>3516</edges></level>
<level id="43"><states>2739</states><edges>3369</edges></level>
<level id="44"><states>2109</states><edges>2109</edges></level>
<level id="45"><states>261</states><edges>1125</edges></level>
<level id="46"><states>999</states><edges>1062</edges></level>
<level id="47"><states>558</states><edges>558</edges></level>
<level id="48"><states>12</states><edges>156</edges></level>
<level id="49"><states>156</states><edges>156</edges></level>
<level id="50"><states>72</states><edges>72</edges></level>
</bfs-levels>
<back-level-length id="0">0</back-level-length>
<back-level-length id="1">0</back-level-length>
<back-level-length id="2">0.0171365</back-level-length>
<back-level-length id="3">0</back-level-length>
<back-level-length id="4">60.9973</back-level-length>
<back-level-length id="5">38.2487</back-level-length>
<back-level-length id="6">0</back-level-length>
<back-level-length id="7">0</back-level-length>
<back-level-length id="8">0.222774</back-level-length>
<back-level-length id="9">0.119955</back-level-length>
<back-level-length id="10">0</back-level-length>
<back-level-length id="11">0</back-level-length>
<back-level-length id="12">0</back-level-length>
<back-level-length id="13">0.274184</back-level-length>
<back-level-length id="14">0</back-level-length>
<back-level-length id="15">0</back-level-length>
<back-level-length id="16">0</back-level-length>
<back-level-length id="17">0</back-level-length>
<back-level-length id="18">0.119955</back-level-length>
</bfs-info>
<degrees>
<avg>1.48775</avg>
<max-in>13</max-in>
<max-out>13</max-out>
<degree id="0"><in>0</in><out>162</out></degree>
<degree id="1"><in>119235</in><out>119217</out></degree>
<degree id="2"><in>342</in><out>10782</out></degree>
<degree id="3"><in>10633</in><out>56</out></degree>
<degree id="4"><in>61</in><out>54</out></degree>
<degree id="5"><in>0</in><out>0</out></degree>
<degree id="6"><in>1513</in><out>0</out></degree>
<degree id="7"><in>27</in><out>0</out></degree>
<degree id="8"><in>0</in><out>0</out></degree>
<degree id="9"><in>0</in><out>0</out></degree>
<degree id="10"><in>0</in><out>0</out></degree>
<degree id="11"><in>0</in><out>0</out></degree>
<degree id="12"><in>144</in><out>0</out></degree>
<degree id="13"><in>2889</in><out>4573</out></degree>
</degrees>
<scc-info>
<count>12099</count>
<height>18</height>
<nontrivial-height>11</nontrivial-height>
<trivial>12067</trivial>
<terminal>162</terminal>
<largest>13338</largest>
<largest-position> </largest-position>
</scc-info>
<dfs-info>
<stack-size id="674">0.223221</stack-size>
<stack-size id="1348">0.407879</stack-size>
<stack-size id="2022">0.604402</stack-size>
<stack-size id="2696">0.797959</stack-size>
<stack-size id="3370">0.984842</stack-size>
<stack-size id="4044">1.17395</stack-size>
<stack-size id="4718">1.32598</stack-size>
<stack-size id="5392">1.22289</stack-size>
<stack-size id="6066">1.12055</stack-size>
<stack-size id="6740">1.01228</stack-size>
<stack-size id="7414">0.910682</stack-size>
<stack-size id="8088">0.805375</stack-size>
<stack-size id="8762">0.703035</stack-size>
<stack-size id="9436">0.599211</stack-size>
<stack-size id="10110">0.493904</stack-size>
<stack-size id="10784">0.392305</stack-size>
<stack-size id="11458">0.289965</stack-size>
<stack-size id="12132">0.183916</stack-size>
<stack-size id="12806">0.0830589</stack-size>
<stack-size id="13480">0.135712</stack-size>
<stack-size id="14154">0.0778678</stack-size>
<stack-size id="14828">0.204681</stack-size>
<stack-size id="15502">0.396013</stack-size>
<stack-size id="16176">0.584379</stack-size>
<stack-size id="16850">0.777194</stack-size>
<stack-size id="17524">0.967043</stack-size>
<stack-size id="18198">1.1606</stack-size>
<stack-size id="18872">1.32524</stack-size>
<stack-size id="19546">1.22438</stack-size>
<stack-size id="20220">1.12278</stack-size>
<stack-size id="20894">1.01599</stack-size>
<stack-size id="21568">0.91439</stack-size>
<stack-size id="22242">0.809825</stack-size>
<stack-size id="22916">0.708967</stack-size>
<stack-size id="23590">0.600694</stack-size>
<stack-size id="24264">0.49687</stack-size>
<stack-size id="24938">0.391564</stack-size>
<stack-size id="25612">0.291448</stack-size>
<stack-size id="26286">0.183175</stack-size>
<stack-size id="26960">0.0852837</stack-size>
<stack-size id="27634">0.12533</stack-size>
<stack-size id="28308">0.0875085</stack-size>
<stack-size id="28982">0.192815</stack-size>
<stack-size id="29656">0.386372</stack-size>
<stack-size id="30330">0.57548</stack-size>
<stack-size id="31004">0.769778</stack-size>
<stack-size id="31678">0.957403</stack-size>
<stack-size id="32352">1.14503</stack-size>
<stack-size id="33026">1.32524</stack-size>
<stack-size id="33700">1.22438</stack-size>
<stack-size id="34374">1.12278</stack-size>
<stack-size id="35048">1.01896</stack-size>
<stack-size id="35722">0.90994</stack-size>
<stack-size id="36396">0.812049</stack-size>
<stack-size id="37070">0.706743</stack-size>
<stack-size id="37744">0.601436</stack-size>
<stack-size id="38418">0.494646</stack-size>
<stack-size id="39092">0.392305</stack-size>
<stack-size id="39766">0.291448</stack-size>
<stack-size id="40440">0.185399</stack-size>
<stack-size id="41114">0.0808341</stack-size>
<stack-size id="41788">0.117172</stack-size>
<stack-size id="42462">0.0882501</stack-size>
<stack-size id="43136">0.120139</stack-size>
<stack-size id="43810">0.075643</stack-size>
<stack-size id="44484">0.127555</stack-size>
<stack-size id="45158">0.0541366</stack-size>
<stack-size id="45832">0.134971</stack-size>
<stack-size id="46506">0.0348551</stack-size>
<stack-size id="47180">0.225446</stack-size>
<stack-size id="47854">0.413812</stack-size>
<stack-size id="48528">0.605144</stack-size>
<stack-size id="49202">0.796476</stack-size>
<stack-size id="49876">0.984842</stack-size>
<stack-size id="50550">1.18137</stack-size>
<stack-size id="51224">1.36899</stack-size>
<stack-size id="51898">1.27851</stack-size>
<stack-size id="52572">1.17098</stack-size>
<stack-size id="53246">1.06568</stack-size>
<stack-size id="53920">0.959627</stack-size>
<stack-size id="54594">0.861737</stack-size>
<stack-size id="55268">0.752722</stack-size>
<stack-size id="55942">0.650381</stack-size>
<stack-size id="56616">0.548041</stack-size>
<stack-size id="57290">0.444217</stack-size>
<stack-size id="57964">0.338169</stack-size>
<stack-size id="58638">0.235086</stack-size>
<stack-size id="59312">0.134229</stack-size>
<stack-size id="59986">0.218771</stack-size>
<stack-size id="60660">0.407137</stack-size>
<stack-size id="61334">0.594761</stack-size>
<stack-size id="62008">0.790543</stack-size>
<stack-size id="62682">0.978167</stack-size>
<stack-size id="63356">1.17172</stack-size>
<stack-size id="64030">1.35935</stack-size>
<stack-size id="64704">1.28222</stack-size>
<stack-size id="65378">1.18211</stack-size>
<stack-size id="66052">1.07309</stack-size>
<stack-size id="66726">0.971493</stack-size>
<stack-size id="67400">0.866186</stack-size>
<stack-size id="68074">0.764587</stack-size>
<stack-size id="68748">0.657797</stack-size>
<stack-size id="69422">0.555457</stack-size>
<stack-size id="70096">0.454599</stack-size>
<stack-size id="70770">0.344101</stack-size>
<stack-size id="71444">0.240278</stack-size>
<stack-size id="72118">0.134229</stack-size>
<stack-size id="72792">0.177983</stack-size>
<stack-size id="73466">0.366349</stack-size>
<stack-size id="74140">0.553973</stack-size>
<stack-size id="74814">0.752722</stack-size>
<stack-size id="75488">0.941087</stack-size>
<stack-size id="76162">1.12352</stack-size>
<stack-size id="76836">1.32746</stack-size>
<stack-size id="77510">1.29631</stack-size>
<stack-size id="78184">1.19323</stack-size>
<stack-size id="78858">1.0857</stack-size>
<stack-size id="79532">0.980392</stack-size>
<stack-size id="80206">0.874344</stack-size>
<stack-size id="80880">0.776453</stack-size>
<stack-size id="81554">0.66818</stack-size>
<stack-size id="82228">0.567322</stack-size>
<stack-size id="82902">0.462015</stack-size>
<stack-size id="83576">0.354484</stack-size>
<stack-size id="84250">0.252143</stack-size>
<stack-size id="84924">0.149803</stack-size>
<stack-size id="85598">0.138679</stack-size>
<stack-size id="86272">0.323337</stack-size>
<stack-size id="86946">0.513927</stack-size>
<stack-size id="87620">0.711192</stack-size>
<stack-size id="88294">0.895108</stack-size>
<stack-size id="88968">1.08496</stack-size>
<stack-size id="89642">1.28222</stack-size>
<stack-size id="90316">1.32004</stack-size>
<stack-size id="90990">1.2177</stack-size>
<stack-size id="91664">1.11536</stack-size>
<stack-size id="92338">1.00783</stack-size>
<stack-size id="93012">0.904749</stack-size>
<stack-size id="93686">0.80315</stack-size>
<stack-size id="94360">0.697843</stack-size>
<stack-size id="95034">0.590312</stack-size>
<stack-size id="95708">0.487971</stack-size>
<stack-size id="96382">0.386372</stack-size>
<stack-size id="97056">0.286257</stack-size>
<stack-size id="97730">0.177983</stack-size>
<stack-size id="98404">0.0800926</stack-size>
<stack-size id="99078">0.173534</stack-size>
<stack-size id="99752">0.358933</stack-size>
<stack-size id="100426">0.544333</stack-size>
<stack-size id="101100">0.745306</stack-size>
<stack-size id="101774">0.935896</stack-size>
<stack-size id="102448">1.1213</stack-size>
<stack-size id="103122">1.31411</stack-size>
<stack-size id="103796">1.21474</stack-size>
<stack-size id="104470">1.11165</stack-size>
<stack-size id="105144">1.0108</stack-size>
<stack-size id="105818">0.903266</stack-size>
<stack-size id="106492">0.800184</stack-size>
<stack-size id="107166">0.69636</stack-size>
<stack-size id="107840">0.58957</stack-size>
<stack-size id="108514">0.487971</stack-size>
<stack-size id="109188">0.384889</stack-size>
<stack-size id="109862">0.282549</stack-size>
<stack-size id="110536">0.174275</stack-size>
<stack-size id="111210">0.0704518</stack-size>
<stack-size id="111884">0.111981</stack-size>
<stack-size id="112558">0.123847</stack-size>
<stack-size id="113232">0.129038</stack-size>
<stack-size id="113906">0.144612</stack-size>
<stack-size id="114580">0.134229</stack-size>
<stack-size id="115254">0.127555</stack-size>
<stack-size id="115928">0.138679</stack-size>
<stack-size id="116602">0.110498</stack-size>
<stack-size id="117276">0.146836</stack-size>
<stack-size id="117950">0.0889917</stack-size>
<stack-size id="118624">0.155736</stack-size>
<stack-size id="119298">0.0667438</stack-size>
<stack-size id="119972">0.163151</stack-size>
<stack-size id="120646">0.0452375</stack-size>
<stack-size id="121320">0.170567</stack-size>
<stack-size id="121994">0.0511702</stack-size>
<stack-size id="122668">0.177983</stack-size>
<stack-size id="123342">0.0585862</stack-size>
<stack-size id="124016">0.177242</stack-size>
<stack-size id="124690">0.0637774</stack-size>
<stack-size id="125364">0.15796</stack-size>
<stack-size id="126038">0.0697102</stack-size>
<stack-size id="126712">0.140904</stack-size>
<stack-size id="127386">0.0778678</stack-size>
<stack-size id="128060">0.109015</stack-size>
<stack-size id="128734">0.0830589</stack-size>
<stack-size id="129408">0.0941829</stack-size>
<stack-size id="130082">0.0904749</stack-size>
<stack-size id="130756">0.0726766</stack-size>
<stack-size id="131430">0.100116</stack-size>
<stack-size id="132104">0.0511702</stack-size>
<stack-size id="132778">0.107532</stack-size>
<stack-size id="133452">0.0296639</stack-size>
<stack-size id="134126">0.114948</stack-size>
<stack-size id="134800">0.0103824</stack-size>
<max-stack>1852</max-stack>
<front-edges>134843</front-edges>
<back-edges>28501</back-edges>
<cross-edges>37270</cross-edges>
<shortest-cycle>3</shortest-cycle>
</dfs-info>
<rw-info>
<coverage step="13480">7.5465</coverage>
<coverage step="26960">13.0454</coverage>
<coverage step="40440">17.3267</coverage>
<coverage step="53920">21.3973</coverage>
<coverage step="67400">24.337</coverage>
<coverage step="80880">26.9867</coverage>
<coverage step="94360">28.7325</coverage>
<coverage step="107840">30.1304</coverage>
<coverage step="121320">32.1913</coverage>
<coverage step="134800">33.4779</coverage>
<coverage step="148280">34.646</coverage>
<coverage step="161760">36.0913</coverage>
<coverage step="175240">37.8556</coverage>
<coverage step="188720">39.3803</coverage>
<coverage step="202200">40.4779</coverage>
<coverage step="215680">41.4805</coverage>
<coverage step="229160">42.4617</coverage>
<coverage step="242640">43.5741</coverage>
<coverage step="256120">44.6924</coverage>
<coverage step="269600">45.4911</coverage>
<coverage step="283080">46.3669</coverage>
<coverage step="296560">46.9861</coverage>
<coverage step="310040">47.6417</coverage>
<coverage step="323520">48.7104</coverage>
<coverage step="337000">49.4082</coverage>
<coverage step="350480">50.0208</coverage>
<coverage step="363960">50.6556</coverage>
<coverage step="377440">51.0308</coverage>
<coverage step="390920">51.5314</coverage>
<coverage step="404400">51.8903</coverage>
<coverage step="417880">52.3694</coverage>
<coverage step="431360">53.1251</coverage>
<coverage step="444840">53.4062</coverage>
<coverage step="458320">53.8823</coverage>
<coverage step="471800">54.3072</coverage>
<coverage step="485280">54.655</coverage>
<coverage step="498760">54.764</coverage>
<coverage step="512240">55.1</coverage>
<coverage step="525720">55.2372</coverage>
<coverage step="539200">55.6391</coverage>
<coverage step="552680">55.8275</coverage>
<coverage step="566160">56.0381</coverage>
<coverage step="579640">56.7278</coverage>
<coverage step="593120">56.9139</coverage>
<coverage step="606600">57.2187</coverage>
<coverage step="620080">57.5205</coverage>
<coverage step="633560">57.8098</coverage>
<coverage step="647040">58.1872</coverage>
<coverage step="660520">58.4112</coverage>
<coverage step="674000">58.8094</coverage>
<coverage step="687480">58.8421</coverage>
<coverage step="700960">59.4227</coverage>
<coverage step="714440">59.6385</coverage>
<coverage step="727920">59.6823</coverage>
<coverage step="741400">59.7312</coverage>
<coverage step="754880">59.9567</coverage>
<coverage step="768360">60.2311</coverage>
<coverage step="781840">60.4795</coverage>
<coverage step="795320">60.8548</coverage>
<coverage step="808800">61.0854</coverage>
<coverage step="822280">61.3242</coverage>
<coverage step="835760">61.5519</coverage>
<coverage step="849240">61.8003</coverage>
<coverage step="862720">61.9071</coverage>
<coverage step="876200">62.0369</coverage>
<coverage step="889680">62.1845</coverage>
<coverage step="903160">62.5501</coverage>
<coverage step="916640">62.6568</coverage>
<coverage step="930120">62.912</coverage>
<coverage step="943600">63.0581</coverage>
<coverage step="957080">63.2709</coverage>
<coverage step="970560">63.5727</coverage>
<coverage step="984040">63.6105</coverage>
<coverage step="997520">63.684</coverage>
<coverage step="1011000">64.1074</coverage>
<coverage step="1024480">64.2127</coverage>
<coverage step="1037960">64.6443</coverage>
<coverage step="1051440">64.8297</coverage>
<coverage step="1064920">64.9973</coverage>
<coverage step="1078400">65.0618</coverage>
<coverage step="1091880">65.1041</coverage>
<coverage step="1105360">65.1738</coverage>
<coverage step="1118840">65.538</coverage>
<coverage step="1132320">65.6878</coverage>
<coverage step="1145800">66.0096</coverage>
<coverage step="1159280">66.0437</coverage>
<coverage step="1172760">66.1691</coverage>
<coverage step="1186240">66.2885</coverage>
<coverage step="1199720">66.502</coverage>
<coverage step="1213200">66.6222</coverage>
<coverage step="1226680">66.7482</coverage>
<coverage step="1240160">66.7905</coverage>
<coverage step="1253640">66.8387</coverage>
<coverage step="1267120">67.0486</coverage>
<coverage step="1280600">67.214</coverage>
<coverage step="1294080">67.4461</coverage>
<coverage step="1307560">67.7005</coverage>
<coverage step="1321040">67.8658</coverage>
<coverage step="1334520">67.9867</coverage>
<coverage step="1348000">68.1306</coverage>
<rw-visits order="1">9290</rw-visits>
<rw-visits order="460">238</rw-visits>
<rw-visits order="919">120</rw-visits>
<rw-visits order="1378">104</rw-visits>
<rw-visits order="1837">83</rw-visits>
<rw-visits order="2296">72</rw-visits>
<rw-visits order="2755">67</rw-visits>
<rw-visits order="3214">63</rw-visits>
<rw-visits order="3673">58</rw-visits>
<rw-visits order="4132">53</rw-visits>
<rw-visits order="4591">46</rw-visits>
<rw-visits order="5050">42</rw-visits>
<rw-visits order="5509">40</rw-visits>
<rw-visits order="5968">38</rw-visits>
<rw-visits order="6427">37</rw-visits>
<rw-visits order="6886">36</rw-visits>
<rw-visits order="7345">35</rw-visits>
<rw-visits order="7804">34</rw-visits>
<rw-visits order="8263">33</rw-visits>
<rw-visits order="8722">33</rw-visits>
<rw-visits order="9181">32</rw-visits>
<rw-visits order="9640">31</rw-visits>
<rw-visits order="10099">31</rw-visits>
<rw-visits order="10558">30</rw-visits>
<rw-visits order="11017">29</rw-visits>
<rw-visits order="11476">29</rw-visits>
<rw-visits order="11935">28</rw-visits>
<rw-visits order="12394">27</rw-visits>
<rw-visits order="12853">27</rw-visits>
<rw-visits order="13312">26</rw-visits>
<rw-visits order="13771">25</rw-visits>
<rw-visits order="14230">25</rw-visits>
<rw-visits order="14689">24</rw-visits>
<rw-visits order="15148">23</rw-visits>
<rw-visits order="15607">22</rw-visits>
<rw-visits order="16066">21</rw-visits>
<rw-visits order="16525">21</rw-visits>
<rw-visits order="16984">20</rw-visits>
<rw-visits order="17443">19</rw-visits>
<rw-visits order="17902">19</rw-visits>
<rw-visits order="18361">18</rw-visits>
<rw-visits order="18820">18</rw-visits>
<rw-visits order="19279">17</rw-visits>
<rw-visits order="19738">17</rw-visits>
<rw-visits order="20197">16</rw-visits>
<rw-visits order="20656">16</rw-visits>
<rw-visits order="21115">16</rw-visits>
<rw-visits order="21574">15</rw-visits>
<rw-visits order="22033">15</rw-visits>
<rw-visits order="22492">14</rw-visits>
<rw-visits order="22951">14</rw-visits>
<rw-visits order="23410">14</rw-visits>
<rw-visits order="23869">13</rw-visits>
<rw-visits order="24328">13</rw-visits>
<rw-visits order="24787">13</rw-visits>
<rw-visits order="25246">13</rw-visits>
<rw-visits order="25705">13</rw-visits>
<rw-visits order="26164">12</rw-visits>
<rw-visits order="26623">12</rw-visits>
<rw-visits order="27082">12</rw-visits>
<rw-visits order="27541">12</rw-visits>
<rw-visits order="28000">12</rw-visits>
<rw-visits order="28459">11</rw-visits>
<rw-visits order="28918">11</rw-visits>
<rw-visits order="29377">11</rw-visits>
<rw-visits order="29836">11</rw-visits>
<rw-visits order="30295">11</rw-visits>
<rw-visits order="30754">11</rw-visits>
<rw-visits order="31213">11</rw-visits>
<rw-visits order="31672">10</rw-visits>
<rw-visits order="32131">10</rw-visits>
<rw-visits order="32590">10</rw-visits>
<rw-visits order="33049">10</rw-visits>
<rw-visits order="33508">10</rw-visits>
<rw-visits order="33967">10</rw-visits>
<rw-visits order="34426">10</rw-visits>
<rw-visits order="34885">10</rw-visits>
<rw-visits order="35344">9</rw-visits>
<rw-visits order="35803">9</rw-visits>
<rw-visits order="36262">9</rw-visits>
<rw-visits order="36721">9</rw-visits>
<rw-visits order="37180">9</rw-visits>
<rw-visits order="37639">9</rw-visits>
<rw-visits order="38098">9</rw-visits>
<rw-visits order="38557">9</rw-visits>
<rw-visits order="39016">8</rw-visits>
<rw-visits order="39475">8</rw-visits>
<rw-visits order="39934">8</rw-visits>
<rw-visits order="40393">8</rw-visits>
<rw-visits order="40852">8</rw-visits>
<rw-visits order="41311">8</rw-visits>
<rw-visits order="41770">8</rw-visits>
<rw-visits order="42229">8</rw-visits>
<rw-visits order="42688">8</rw-visits>
<rw-visits order="43147">8</rw-visits>
<rw-visits order="43606">7</rw-visits>
<rw-visits order="44065">7</rw-visits>
<rw-visits order="44524">7</rw-visits>
<rw-visits order="44983">7</rw-visits>
<rw-visits order="45442">7</rw-visits>
<rw-visits order="45901">7</rw-visits>
<rw-visits order="46360">7</rw-visits>
<rw-visits order="46819">7</rw-visits>
<rw-visits order="47278">6</rw-visits>
<rw-visits order="47737">6</rw-visits>
<rw-visits order="48196">6</rw-visits>
<rw-visits order="48655">6</rw-visits>
<rw-visits order="49114">6</rw-visits>
<rw-visits order="49573">6</rw-visits>
<rw-visits order="50032">6</rw-visits>
<rw-visits order="50491">5</rw-visits>
<rw-visits order="50950">5</rw-visits>
<rw-visits order="51409">5</rw-visits>
<rw-visits order="51868">5</rw-visits>
<rw-visits order="52327">5</rw-visits>
<rw-visits order="52786">5</rw-visits>
<rw-visits order="53245">5</rw-visits>
<rw-visits order="53704">4</rw-visits>
<rw-visits order="54163">4</rw-visits>
<rw-visits order="54622">4</rw-visits>
<rw-visits order="55081">4</rw-visits>
<rw-visits order="55540">4</rw-visits>
<rw-visits order="55999">4</rw-visits>
<rw-visits order="56458">4</rw-visits>
<rw-visits order="56917">3</rw-visits>
<rw-visits order="57376">3</rw-visits>
<rw-visits order="57835">3</rw-visits>
<rw-visits order="58294">3</rw-visits>
<rw-visits order="58753">3</rw-visits>
<rw-visits order="59212">3</rw-visits>
<rw-visits order="59671">3</rw-visits>
<rw-visits order="60130">3</rw-visits>
<rw-visits order="60589">3</rw-visits>
<rw-visits order="61048">3</rw-visits>
<rw-visits order="61507">3</rw-visits>
<rw-visits order="61966">3</rw-visits>
<rw-visits order="62425">2</rw-visits>
<rw-visits order="62884">2</rw-visits>
<rw-visits order="63343">2</rw-visits>
<rw-visits order="63802">2</rw-visits>
<rw-visits order="64261">2</rw-visits>
<rw-visits order="64720">2</rw-visits>
<rw-visits order="65179">2</rw-visits>
<rw-visits order="65638">2</rw-visits>
<rw-visits order="66097">2</rw-visits>
<rw-visits order="66556">2</rw-visits>
<rw-visits order="67015">2</rw-visits>
<rw-visits order="67474">2</rw-visits>
<rw-visits order="67933">2</rw-visits>
<rw-visits order="68392">2</rw-visits>
<rw-visits order="68851">2</rw-visits>
<rw-visits order="69310">2</rw-visits>
<rw-visits order="69769">2</rw-visits>
<rw-visits order="70228">2</rw-visits>
<rw-visits order="70687">2</rw-visits>
<rw-visits order="71146">2</rw-visits>
<rw-visits order="71605">2</rw-visits>
<rw-visits order="72064">2</rw-visits>
<rw-visits order="72523">2</rw-visits>
<rw-visits order="72982">1</rw-visits>
<rw-visits order="73441">1</rw-visits>
<rw-visits order="73900">1</rw-visits>
<rw-visits order="74359">1</rw-visits>
<rw-visits order="74818">1</rw-visits>
<rw-visits order="75277">1</rw-visits>
<rw-visits order="75736">1</rw-visits>
<rw-visits order="76195">1</rw-visits>
<rw-visits order="76654">1</rw-visits>
<rw-visits order="77113">1</rw-visits>
<rw-visits order="77572">1</rw-visits>
<rw-visits order="78031">1</rw-visits>
<rw-visits order="78490">1</rw-visits>
<rw-visits order="78949">1</rw-visits>
<rw-visits order="79408">1</rw-visits>
<rw-visits order="79867">1</rw-visits>
<rw-visits order="80326">1</rw-visits>
<rw-visits order="80785">1</rw-visits>
<rw-visits order="81244">1</rw-visits>
<rw-visits order="81703">1</rw-visits>
<rw-visits order="82162">1</rw-visits>
<rw-visits order="82621">1</rw-visits>
<rw-visits order="83080">1</rw-visits>
<rw-visits order="83539">1</rw-visits>
<rw-visits order="83998">1</rw-visits>
<rw-visits order="84457">1</rw-visits>
<rw-visits order="84916">1</rw-visits>
<rw-visits order="85375">1</rw-visits>
<rw-visits order="85834">1</rw-visits>
<rw-visits order="86293">1</rw-visits>
<rw-visits order="86752">1</rw-visits>
<rw-visits order="87211">1</rw-visits>
<rw-visits order="87670">1</rw-visits>
<rw-visits order="88129">1</rw-visits>
<rw-visits order="88588">1</rw-visits>
<rw-visits order="89047">1</rw-visits>
<rw-visits order="89506">1</rw-visits>
<rw-visits order="89965">1</rw-visits>
<rw-visits order="90424">1</rw-visits>
<rw-visits order="90883">1</rw-visits>
<rw-visits order="91342">1</rw-visits>
<rw-visits order="91801">1</rw-visits>
<final-coverage>68.1313</final-coverage>
</rw-info>
<local-info>
<diamonds>0</diamonds>
<neighborhood k="4">33</neighborhood>
<clustering k="4">1.00082</clustering>
</local-info>
<label-info>
<edge-label id="0.0">4573</edge-label>
<edge-label id="0.1">768</edge-label>
<edge-label id="0.11">765</edge-label>
<edge-label id="0.12">765</edge-label>
<edge-label id="0.13">765</edge-label>
<edge-label id="0.14">765</edge-label>
<edge-label id="0.16">3060</edge-label>
<edge-label id="0.2">768</edge-label>
<edge-label id="0.3">768</edge-label>
<edge-label id="0.4">768</edge-label>
<edge-label id="0.5">1513</edge-label>
<edge-label id="0.6">383</edge-label>
<edge-label id="0.7">383</edge-label>
<edge-label id="0.8">383</edge-label>
<edge-label id="0.9">383</edge-label>
<edge-label id="1.0">4573</edge-label>
<edge-label id="1.1">768</edge-label>
<edge-label id="1.11">765</edge-label>
<edge-label id="1.12">765</edge-label>
<edge-label id="1.13">765</edge-label>
<edge-label id="1.14">765</edge-label>
<edge-label id="1.16">3060</edge-label>
<edge-label id="1.2">768</edge-label>
<edge-label id="1.3">768</edge-label>
<edge-label id="1.4">768</edge-label>
<edge-label id="1.5">1513</edge-label>
<edge-label id="1.6">383</edge-label>
<edge-label id="1.7">383</edge-label>
<edge-label id="1.8">383</edge-label>
<edge-label id="1.9">383</edge-label>
<edge-label id="10.0">2269</edge-label>
<edge-label id="10.1">558</edge-label>
<edge-label id="10.10">1</edge-label>
<edge-label id="10.11">2280</edge-label>
<edge-label id="10.12">2304</edge-label>
<edge-label id="10.13">72</edge-label>
<edge-label id="10.14">2232</edge-label>
<edge-label id="10.15">12</edge-label>
<edge-label id="10.16">60</edge-label>
<edge-label id="10.17">9</edge-label>
<edge-label id="10.18">9</edge-label>
<edge-label id="10.19">9</edge-label>
<edge-label id="10.2">558</edge-label>
<edge-label id="10.20">9</edge-label>
<edge-label id="10.21">2241</edge-label>
<edge-label id="10.3">558</edge-label>
<edge-label id="10.4">558</edge-label>
<edge-label id="10.5">37</edge-label>
<edge-label id="10.6">12</edge-label>
<edge-label id="10.7">12</edge-label>
<edge-label id="10.8">12</edge-label>
<edge-label id="10.9">12</edge-label>
<edge-label id="11.0">2269</edge-label>
<edge-label id="11.1">558</edge-label>
<edge-label id="11.10">1</edge-label>
<edge-label id="11.11">2280</edge-label>
<edge-label id="11.12">2304</edge-label>
<edge-label id="11.13">72</edge-label>
<edge-label id="11.14">2232</edge-label>
<edge-label id="11.15">12</edge-label>
<edge-label id="11.16">60</edge-label>
<edge-label id="11.17">9</edge-label>
<edge-label id="11.18">9</edge-label>
<edge-label id="11.19">9</edge-label>
<edge-label id="11.2">558</edge-label>
<edge-label id="11.20">9</edge-label>
<edge-label id="11.21">2241</edge-label>
<edge-label id="11.3">558</edge-label>
<edge-label id="11.4">558</edge-label>
<edge-label id="11.5">37</edge-label>
<edge-label id="11.6">12</edge-label>
<edge-label id="11.7">12</edge-label>
<edge-label id="11.8">12</edge-label>
<edge-label id="11.9">12</edge-label>
<edge-label id="12.0">2269</edge-label>
<edge-label id="12.1">558</edge-label>
<edge-label id="12.10">1</edge-label>
<edge-label id="12.11">2280</edge-label>
<edge-label id="12.12">2304</edge-label>
<edge-label id="12.13">72</edge-label>
<edge-label id="12.14">2232</edge-label>
<edge-label id="12.15">12</edge-label>
<edge-label id="12.16">60</edge-label>
<edge-label id="12.17">9</edge-label>
<edge-label id="12.18">9</edge-label>
<edge-label id="12.19">9</edge-label>
<edge-label id="12.2">558</edge-label>
<edge-label id="12.20">9</edge-label>
<edge-label id="12.21">2241</edge-label>
<edge-label id="12.3">558</edge-label>
<edge-label id="12.4">558</edge-label>
<edge-label id="12.5">37</edge-label>
<edge-label id="12.6">12</edge-label>
<edge-label id="12.7">12</edge-label>
<edge-label id="12.8">12</edge-label>
<edge-label id="12.9">12</edge-label>
<edge-label id="2.0">4573</edge-label>
<edge-label id="2.1">768</edge-label>
<edge-label id="2.11">765</edge-label>
<edge-label id="2.12">765</edge-label>
<edge-label id="2.13">765</edge-label>
<edge-label id="2.14">765</edge-label>
<edge-label id="2.16">3060</edge-label>
<edge-label id="2.2">768</edge-label>
<edge-label id="2.3">768</edge-label>
<edge-label id="2.4">768</edge-label>
<edge-label id="2.5">1513</edge-label>
<edge-label id="2.6">383</edge-label>
<edge-label id="2.7">383</edge-label>
<edge-label id="2.8">383</edge-label>
<edge-label id="2.9">383</edge-label>
<edge-label id="3.0">4573</edge-label>
<edge-label id="3.1">768</edge-label>
<edge-label id="3.11">765</edge-label>
<edge-label id="3.12">765</edge-label>
<edge-label id="3.13">765</edge-label>
<edge-label id="3.14">765</edge-label>
<edge-label id="3.16">3060</edge-label>
<edge-label id="3.2">768</edge-label>
<edge-label id="3.3">768</edge-label>
<edge-label id="3.4">768</edge-label>
<edge-label id="3.5">1513</edge-label>
<edge-label id="3.6">383</edge-label>
<edge-label id="3.7">383</edge-label>
<edge-label id="3.8">383</edge-label>
<edge-label id="3.9">383</edge-label>
<edge-label id="4.0">4573</edge-label>
<edge-label id="4.1">768</edge-label>
<edge-label id="4.11">765</edge-label>
<edge-label id="4.12">765</edge-label>
<edge-label id="4.13">765</edge-label>
<edge-label id="4.14">765</edge-label>
<edge-label id="4.16">3060</edge-label>
<edge-label id="4.2">768</edge-label>
<edge-label id="4.3">768</edge-label>
<edge-label id="4.4">768</edge-label>
<edge-label id="4.5">1513</edge-label>
<edge-label id="4.6">383</edge-label>
<edge-label id="4.7">383</edge-label>
<edge-label id="4.8">383</edge-label>
<edge-label id="4.9">383</edge-label>
<edge-label id="5.0">4573</edge-label>
<edge-label id="5.1">768</edge-label>
<edge-label id="5.11">765</edge-label>
<edge-label id="5.12">765</edge-label>
<edge-label id="5.13">765</edge-label>
<edge-label id="5.14">765</edge-label>
<edge-label id="5.16">3060</edge-label>
<edge-label id="5.2">768</edge-label>
<edge-label id="5.3">768</edge-label>
<edge-label id="5.4">768</edge-label>
<edge-label id="5.5">1513</edge-label>
<edge-label id="5.6">383</edge-label>
<edge-label id="5.7">383</edge-label>
<edge-label id="5.8">383</edge-label>
<edge-label id="5.9">383</edge-label>
<edge-label id="6.0">4573</edge-label>
<edge-label id="6.1">768</edge-label>
<edge-label id="6.11">765</edge-label>
<edge-label id="6.12">765</edge-label>
<edge-label id="6.13">765</edge-label>
<edge-label id="6.14">765</edge-label>
<edge-label id="6.16">3060</edge-label>
<edge-label id="6.2">768</edge-label>
<edge-label id="6.3">768</edge-label>
<edge-label id="6.4">768</edge-label>
<edge-label id="6.5">1513</edge-label>
<edge-label id="6.6">383</edge-label>
<edge-label id="6.7">383</edge-label>
<edge-label id="6.8">383</edge-label>
<edge-label id="6.9">383</edge-label>
<edge-label id="7.0">2269</edge-label>
<edge-label id="7.1">558</edge-label>
<edge-label id="7.10">1</edge-label>
<edge-label id="7.11">2280</edge-label>
<edge-label id="7.12">2304</edge-label>
<edge-label id="7.13">72</edge-label>
<edge-label id="7.14">2232</edge-label>
<edge-label id="7.15">12</edge-label>
<edge-label id="7.16">60</edge-label>
<edge-label id="7.17">9</edge-label>
<edge-label id="7.18">9</edge-label>
<edge-label id="7.19">9</edge-label>
<edge-label id="7.2">558</edge-label>
<edge-label id="7.20">9</edge-label>
<edge-label id="7.21">2241</edge-label>
<edge-label id="7.3">558</edge-label>
<edge-label id="7.4">558</edge-label>
<edge-label id="7.5">37</edge-label>
<edge-label id="7.6">12</edge-label>
<edge-label id="7.7">12</edge-label>
<edge-label id="7.8">12</edge-label>
<edge-label id="7.9">12</edge-label>
<edge-label id="8.0">2269</edge-label>
<edge-label id="8.1">558</edge-label>
<edge-label id="8.10">1</edge-label>
<edge-label id="8.11">2280</edge-label>
<edge-label id="8.12">2304</edge-label>
<edge-label id="8.13">72</edge-label>
<edge-label id="8.14">2232</edge-label>
<edge-label id="8.15">12</edge-label>
<edge-label id="8.16">60</edge-label>
<edge-label id="8.17">9</edge-label>
<edge-label id="8.18">9</edge-label>
<edge-label id="8.19">9</edge-label>
<edge-label id="8.2">558</edge-label>
<edge-label id="8.20">9</edge-label>
<edge-label id="8.21">2241</edge-label>
<edge-label id="8.3">558</edge-label>
<edge-label id="8.4">558</edge-label>
<edge-label id="8.5">37</edge-label>
<edge-label id="8.6">12</edge-label>
<edge-label id="8.7">12</edge-label>
<edge-label id="8.8">12</edge-label>
<edge-label id="8.9">12</edge-label>
<edge-label id="9.0">2269</edge-label>
<edge-label id="9.1">558</edge-label>
<edge-label id="9.10">1</edge-label>
<edge-label id="9.11">2280</edge-label>
<edge-label id="9.12">2304</edge-label>
<edge-label id="9.13">72</edge-label>
<edge-label id="9.14">2232</edge-label>
<edge-label id="9.15">12</edge-label>
<edge-label id="9.16">60</edge-label>
<edge-label id="9.17">9</edge-label>
<edge-label id="9.18">9</edge-label>
<edge-label id="9.19">9</edge-label>
<edge-label id="9.2">558</edge-label>
<edge-label id="9.20">9</edge-label>
<edge-label id="9.21">2241</edge-label>
<edge-label id="9.3">558</edge-label>
<edge-label id="9.4">558</edge-label>
<edge-label id="9.5">37</edge-label>
<edge-label id="9.6">12</edge-label>
<edge-label id="9.7">12</edge-label>
<edge-label id="9.8">12</edge-label>
<edge-label id="9.9">12</edge-label>
<state-labels procid="0">
<label id="[{0|0|0|1},0,0,0]">7</label>
<label id="[{0|0|0|1},0,0,1]">7</label>
<label id="[{0|0|0|2},0,0,0]">26</label>
<label id="[{0|0|0|2},0,0,1]">7</label>
<label id="[{0|0|0|2},0,1,0]">1</label>
<label id="[{0|0|1|0},0,0,0]">7</label>
<label id="[{0|0|1|0},0,0,1]">7</label>
<label id="[{0|0|1|1},0,0,1]">7</label>
<label id="[{0|0|1|2},0,0,0]">26</label>
<label id="[{0|0|1|2},0,0,1]">33</label>
<label id="[{0|0|1|2},0,1,0]">1</label>
<label id="[{0|0|1|2},0,1,1]">1</label>
<label id="[{0|0|1|3},1,0,0]">42</label>
<label id="[{0|0|1|3},1,0,1]">42</label>
<label id="[{0|0|1|3},2,0,0]">105</label>
<label id="[{0|0|1|3},2,0,1]">105</label>
<label id="[{0|0|1|3},3,0,0]">140</label>
<label id="[{0|0|1|3},3,0,1]">140</label>
<label id="[{0|0|1|3},4,0,0]">105</label>
<label id="[{0|0|1|3},4,0,1]">105</label>
<label id="[{0|0|1|3},5,0,0]">42</label>
<label id="[{0|0|1|3},5,0,1]">42</label>
<label id="[{0|0|1|3},6,0,0]">7</label>
<label id="[{0|0|1|3},6,0,1]">7</label>
<label id="[{0|0|2|0},0,0,0]">7</label>
<label id="[{0|0|2|0},0,0,1]">7</label>
<label id="[{0|0|2|1},0,0,0]">26</label>
<label id="[{0|0|2|1},0,0,1]">33</label>
<label id="[{0|0|2|1},0,1,0]">1</label>
<label id="[{0|0|2|1},0,1,1]">1</label>
<label id="[{0|0|2|3},0,0,0]">18</label>
<label id="[{0|0|2|3},0,0,1]">24</label>
<label id="[{0|0|2|3},1,0,0]">204</label>
<label id="[{0|0|2|3},1,0,1]">204</label>
<label id="[{0|0|2|3},1,1,0]">6</label>
<label id="[{0|0|2|3},1,1,1]">6</label>
<label id="[{0|0|2|3},2,0,0]">450</label>
<label id="[{0|0|2|3},2,0,1]">450</label>
<label id="[{0|0|2|3},2,1,0]">15</label>
<label id="[{0|0|2|3},2,1,1]">15</label>
<label id="[{0|0|2|3},3,0,0]">520</label>
<label id="[{0|0|2|3},3,0,1]">520</label>
<label id="[{0|0|2|3},3,1,0]">20</label>
<label id="[{0|0|2|3},3,1,1]">20</label>
<label id="[{0|0|2|3},4,0,0]">330</label>
<label id="[{0|0|2|3},4,0,1]">330</label>
<label id="[{0|0|2|3},4,1,0]">15</label>
<label id="[{0|0|2|3},4,1,1]">15</label>
<label id="[{0|0|2|3},5,0,0]">108</label>
<label id="[{0|0|2|3},5,0,1]">108</label>
<label id="[{0|0|2|3},5,1,0]">6</label>
<label id="[{0|0|2|3},5,1,1]">6</label>
<label id="[{0|0|2|3},6,0,0]">14</label>
<label id="[{0|0|2|3},6,0,1]">14</label>
<label id="[{0|0|2|3},6,1,0]">1</label>
<label id="[{0|0|2|3},6,1,1]">1</label>
<label id="[{0|0|3|1},1,0,0]">42</label>
<label id="[{0|0|3|1},1,0,1]">42</label>
<label id="[{0|0|3|1},2,0,0]">105</label>
<label id="[{0|0|3|1},2,0,1]">105</label>
<label id="[{0|0|3|1},3,0,0]">140</label>
<label id="[{0|0|3|1},3,0,1]">140</label>
<label id="[{0|0|3|1},4,0,0]">105</label>
<label id="[{0|0|3|1},4,0,1]">105</label>
<label id="[{0|0|3|1},5,0,0]">42</label>
<label id="[{0|0|3|1},5,0,1]">42</label>
<label id="[{0|0|3|1},6,0,0]">7</label>
<label id="[{0|0|3|1},6,0,1]">7</label>
<label id="[{0|0|3|2},0,0,0]">18</label>
<label id="[{0|0|3|2},0,0,1]">24</label>
<label id="[{0|0|3|2},1,0,0]">204</label>
<label id="[{0|0|3|2},1,0,1]">204</label>
<label id="[{0|0|3|2},1,1,0]">6</label>
<label id="[{0|0|3|2},1,1,1]">6</label>
<label id="[{0|0|3|2},2,0,0]">450</label>
<label id="[{0|0|3|2},2,0,1]">450</label>
<label id="[{0|0|3|2},2,1,0]">15</label>
<label id="[{0|0|3|2},2,1,1]">15</label>
<label id="[{0|0|3|2},3,0,0]">520</label>
<label id="[{0|0|3|2},3,0,1]">520</label>
<label id="[{0|0|3|2},3,1,0]">20</label>
<label id="[{0|0|3|2},3,1,1]">20</label>
<label id="[{0|0|3|2},4,0,0]">330</label>
<label id="[{0|0|3|2},4,0,1]">330</label>
<label id="[{0|0|3|2},4,1,0]">15</label>
<label id="[{0|0|3|2},4,1,1]">15</label>
<label id="[{0|0|3|2},5,0,0]">108</label>
<label id="[{0|0|3|2},5,0,1]">108</label>
<label id="[{0|0|3|2},5,1,0]">6</label>
<label id="[{0|0|3|2},5,1,1]">6</label>
<label id="[{0|0|3|2},6,0,0]">14</label>
<label id="[{0|0|3|2},6,0,1]">14</label>
<label id="[{0|0|3|2},6,1,0]">1</label>
<label id="[{0|0|3|2},6,1,1]">1</label>
<label id="[{0|1|0|0},0,0,0]">7</label>
<label id="[{0|1|0|0},0,0,1]">7</label>
<label id="[{0|1|0|1},0,0,1]">7</label>
<label id="[{0|1|0|2},0,0,0]">26</label>
<label id="[{0|1|0|2},0,0,1]">33</label>
<label id="[{0|1|0|2},0,1,0]">1</label>
<label id="[{0|1|0|2},0,1,1]">1</label>
<label id="[{0|1|0|3},1,0,0]">42</label>
<label id="[{0|1|0|3},1,0,1]">42</label>
<label id="[{0|1|0|3},2,0,0]">105</label>
<label id="[{0|1|0|3},2,0,1]">105</label>
<label id="[{0|1|0|3},3,0,0]">140</label>
<label id="[{0|1|0|3},3,0,1]">140</label>
<label id="[{0|1|0|3},4,0,0]">105</label>
<label id="[{0|1|0|3},4,0,1]">105</label>
<label id="[{0|1|0|3},5,0,0]">42</label>
<label id="[{0|1|0|3},5,0,1]">42</label>
<label id="[{0|1|0|3},6,0,0]">7</label>
<label id="[{0|1|0|3},6,0,1]">7</label>
<label id="[{0|1|1|0},0,0,1]">7</label>
<label id="[{0|1|1|2},0,0,1]">26</label>
<label id="[{0|1|1|2},0,1,1]">1</label>
<label id="[{0|1|2|0},0,0,0]">26</label>
<label id="[{0|1|2|0},0,0,1]">33</label>
<label id="[{0|1|2|0},0,1,0]">1</label>
<label id="[{0|1|2|0},0,1,1]">1</label>
<label id="[{0|1|2|1},0,0,1]">26</label>
<label id="[{0|1|2|1},0,1,1]">1</label>
<label id="[{0|1|2|3},0,0,0]">12</label>
<label id="[{0|1|2|3},0,0,1]">24</label>
<label id="[{0|1|2|3},1,0,0]">204</label>
<label id="[{0|1|2|3},1,0,1]">204</label>
<label id="[{0|1|2|3},1,1,0]">6</label>
<label id="[{0|1|2|3},1,1,1]">6</label>
<label id="[{0|1|2|3},2,0,0]">450</label>
<label id="[{0|1|2|3},2,0,1]">450</label>
<label id="[{0|1|2|3},2,1,0]">15</label>
<label id="[{0|1|2|3},2,1,1]">15</label>
<label id="[{0|1|2|3},3,0,0]">520</label>
<label id="[{0|1|2|3},3,0,1]">520</label>
<label id="[{0|1|2|3},3,1,0]">20</label>
<label id="[{0|1|2|3},3,1,1]">20</label>
<label id="[{0|1|2|3},4,0,0]">330</label>
<label id="[{0|1|2|3},4,0,1]">330</label>
<label id="[{0|1|2|3},4,1,0]">15</label>
<label id="[{0|1|2|3},4,1,1]">15</label>
<label id="[{0|1|2|3},5,0,0]">108</label>
<label id="[{0|1|2|3},5,0,1]">108</label>
<label id="[{0|1|2|3},5,1,0]">6</label>
<label id="[{0|1|2|3},5,1,1]">6</label>
<label id="[{0|1|2|3},6,0,0]">14</label>
<label id="[{0|1|2|3},6,0,1]">14</label>
<label id="[{0|1|2|3},6,1,0]">1</label>
<label id="[{0|1|2|3},6,1,1]">1</label>
<label id="[{0|1|3|0},1,0,0]">42</label>
<label id="[{0|1|3|0},1,0,1]">42</label>
<label id="[{0|1|3|0},2,0,0]">105</label>
<label id="[{0|1|3|0},2,0,1]">105</label>
<label id="[{0|1|3|0},3,0,0]">140</label>
<label id="[{0|1|3|0},3,0,1]">140</label>
<label id="[{0|1|3|0},4,0,0]">105</label>
<label id="[{0|1|3|0},4,0,1]">105</label>
<label id="[{0|1|3|0},5,0,0]">42</label>
<label id="[{0|1|3|0},5,0,1]">42</label>
<label id="[{0|1|3|0},6,0,0]">7</label>
<label id="[{0|1|3|0},6,0,1]">7</label>
<label id="[{0|1|3|2},0,0,0]">12</label>
<label id="[{0|1|3|2},0,0,1]">24</label>
<label id="[{0|1|3|2},1,0,0]">204</label>
<label id="[{0|1|3|2},1,0,1]">204</label>
<label id="[{0|1|3|2},1,1,0]">6</label>
<label id="[{0|1|3|2},1,1,1]">6</label>
<label id="[{0|1|3|2},2,0,0]">450</label>
<label id="[{0|1|3|2},2,0,1]">450</label>
<label id="[{0|1|3|2},2,1,0]">15</label>
<label id="[{0|1|3|2},2,1,1]">15</label>
<label id="[{0|1|3|2},3,0,0]">520</label>
<label id="[{0|1|3|2},3,0,1]">520</label>
<label id="[{0|1|3|2},3,1,0]">20</label>
<label id="[{0|1|3|2},3,1,1]">20</label>
<label id="[{0|1|3|2},4,0,0]">330</label>
<label id="[{0|1|3|2},4,0,1]">330</label>
<label id="[{0|1|3|2},4,1,0]">15</label>
<label id="[{0|1|3|2},4,1,1]">15</label>
<label id="[{0|1|3|2},5,0,0]">108</label>
<label id="[{0|1|3|2},5,0,1]">108</label>
<label id="[{0|1|3|2},5,1,0]">6</label>
<label id="[{0|1|3|2},5,1,1]">6</label>
<label id="[{0|1|3|2},6,0,0]">14</label>
<label id="[{0|1|3|2},6,0,1]">14</label>
<label id="[{0|1|3|2},6,1,0]">1</label>
<label id="[{0|1|3|2},6,1,1]">1</label>
<label id="[{0|2|0|0},0,0,0]">7</label>
<label id="[{0|2|0|0},0,0,1]">7</label>
<label id="[{0|2|0|1},0,0,0]">26</label>
<label id="[{0|2|0|1},0,0,1]">33</label>
<label id="[{0|2|0|1},0,1,0]">1</label>
<label id="[{0|2|0|1},0,1,1]">1</label>
<label id="[{0|2|0|3},0,0,0]">18</label>
<label id="[{0|2|0|3},0,0,1]">24</label>
<label id="[{0|2|0|3},1,0,0]">204</label>
<label id="[{0|2|0|3},1,0,1]">204</label>
<label id="[{0|2|0|3},1,1,0]">6</label>
<label id="[{0|2|0|3},1,1,1]">6</label>
<label id="[{0|2|0|3},2,0,0]">450</label>
<label id="[{0|2|0|3},2,0,1]">450</label>
<label id="[{0|2|0|3},2,1,0]">15</label>
<label id="[{0|2|0|3},2,1,1]">15</label>
<label id="[{0|2|0|3},3,0,0]">520</label>
<label id="[{0|2|0|3},3,0,1]">520</label>
<label id="[{0|2|0|3},3,1,0]">20</label>
<label id="[{0|2|0|3},3,1,1]">20</label>
<label id="[{0|2|0|3},4,0,0]">330</label>
<label id="[{0|2|0|3},4,0,1]">330</label>
<label id="[{0|2|0|3},4,1,0]">15</label>
<label id="[{0|2|0|3},4,1,1]">15</label>
<label id="[{0|2|0|3},5,0,0]">108</label>
<label id="[{0|2|0|3},5,0,1]">108</label>
<label id="[{0|2|0|3},5,1,0]">6</label>
<label id="[{0|2|0|3},5,1,1]">6</label>
<label id="[{0|2|0|3},6,0,0]">14</label>
<label id="[{0|2|0|3},6,0,1]">14</label>
<label id="[{0|2|0|3},6,1,0]">1</label>
<label id="[{0|2|0|3},6,1,1]">1</label>
<label id="[{0|2|1|0},0,0,0]">26</label>
<label id="[{0|2|1|0},0,0,1]">33</label>
<label id="[{0|2|1|0},0,1,0]">1</label>
<label id="[{0|2|1|0},0,1,1]">1</label>
<label id="[{0|2|1|1},0,0,1]">26</label>
<label id="[{0|2|1|1},0,1,1]">1</label>
<label id="[{0|2|1|3},0,0,0]">12</label>
<label id="[{0|2|1|3},0,0,1]">24</label>
<label id="[{0|2|1|3},1,0,0]">204</label>
<label id="[{0|2|1|3},1,0,1]">204</label>
<label id="[{0|2|1|3},1,1,0]">6</label>
<label id="[{0|2|1|3},1,1,1]">6</label>
<label id="[{0|2|1|3},2,0,0]">450</label>
<label id="[{0|2|1|3},2,0,1]">450</label>
<label id="[{0|2|1|3},2,1,0]">15</label>
<label id="[{0|2|1|3},2,1,1]">15</label>
<label id="[{0|2|1|3},3,0,0]">520</label>
<label id="[{0|2|1|3},3,0,1]">520</label>
<label id="[{0|2|1|3},3,1,0]">20</label>
<label id="[{0|2|1|3},3,1,1]">20</label>
<label id="[{0|2|1|3},4,0,0]">330</label>
<label id="[{0|2|1|3},4,0,1]">330</label>
<label id="[{0|2|1|3},4,1,0]">15</label>
<label id="[{0|2|1|3},4,1,1]">15</label>
<label id="[{0|2|1|3},5,0,0]">108</label>
<label id="[{0|2|1|3},5,0,1]">108</label>
<label id="[{0|2|1|3},5,1,0]">6</label>
<label id="[{0|2|1|3},5,1,1]">6</label>
<label id="[{0|2|1|3},6,0,0]">14</label>
<label id="[{0|2|1|3},6,0,1]">14</label>
<label id="[{0|2|1|3},6,1,0]">1</label>
<label id="[{0|2|1|3},6,1,1]">1</label>
<label id="[{0|2|3|0},0,0,0]">18</label>
<label id="[{0|2|3|0},0,0,1]">24</label>
<label id="[{0|2|3|0},1,0,0]">204</label>
<label id="[{0|2|3|0},1,0,1]">204</label>
<label id="[{0|2|3|0},1,1,0]">6</label>
<label id="[{0|2|3|0},1,1,1]">6</label>
<label id="[{0|2|3|0},2,0,0]">450</label>
<label id="[{0|2|3|0},2,0,1]">450</label>
<label id="[{0|2|3|0},2,1,0]">15</label>
<label id="[{0|2|3|0},2,1,1]">15</label>
<label id="[{0|2|3|0},3,0,0]">520</label>
<label id="[{0|2|3|0},3,0,1]">520</label>
<label id="[{0|2|3|0},3,1,0]">20</label>
<label id="[{0|2|3|0},3,1,1]">20</label>
<label id="[{0|2|3|0},4,0,0]">330</label>
<label id="[{0|2|3|0},4,0,1]">330</label>
<label id="[{0|2|3|0},4,1,0]">15</label>
<label id="[{0|2|3|0},4,1,1]">15</label>
<label id="[{0|2|3|0},5,0,0]">108</label>
<label id="[{0|2|3|0},5,0,1]">108</label>
<label id="[{0|2|3|0},5,1,0]">6</label>
<label id="[{0|2|3|0},5,1,1]">6</label>
<label id="[{0|2|3|0},6,0,0]">14</label>
<label id="[{0|2|3|0},6,0,1]">14</label>
<label id="[{0|2|3|0},6,1,0]">1</label>
<label id="[{0|2|3|0},6,1,1]">1</label>
<label id="[{0|2|3|1},0,0,0]">12</label>
<label id="[{0|2|3|1},0,0,1]">24</label>
<label id="[{0|2|3|1},1,0,0]">204</label>
<label id="[{0|2|3|1},1,0,1]">204</label>
<label id="[{0|2|3|1},1,1,0]">6</label>
<label id="[{0|2|3|1},1,1,1]">6</label>
<label id="[{0|2|3|1},2,0,0]">450</label>
<label id="[{0|2|3|1},2,0,1]">450</label>
<label id="[{0|2|3|1},2,1,0]">15</label>
<label id="[{0|2|3|1},2,1,1]">15</label>
<label id="[{0|2|3|1},3,0,0]">520</label>
<label id="[{0|2|3|1},3,0,1]">520</label>
<label id="[{0|2|3|1},3,1,0]">20</label>
<label id="[{0|2|3|1},3,1,1]">20</label>
<label id="[{0|2|3|1},4,0,0]">330</label>
<label id="[{0|2|3|1},4,0,1]">330</label>
<label id="[{0|2|3|1},4,1,0]">15</label>
<label id="[{0|2|3|1},4,1,1]">15</label>
<label id="[{0|2|3|1},5,0,0]">108</label>
<label id="[{0|2|3|1},5,0,1]">108</label>
<label id="[{0|2|3|1},5,1,0]">6</label>
<label id="[{0|2|3|1},5,1,1]">6</label>
<label id="[{0|2|3|1},6,0,0]">14</label>
<label id="[{0|2|3|1},6,0,1]">14</label>
<label id="[{0|2|3|1},6,1,0]">1</label>
<label id="[{0|2|3|1},6,1,1]">1</label>
<label id="[{0|3|0|1},1,0,0]">42</label>
<label id="[{0|3|0|1},1,0,1]">42</label>
<label id="[{0|3|0|1},2,0,0]">105</label>
<label id="[{0|3|0|1},2,0,1]">105</label>
<label id="[{0|3|0|1},3,0,0]">140</label>
<label id="[{0|3|0|1},3,0,1]">140</label>
<label id="[{0|3|0|1},4,0,0]">105</label>
<label id="[{0|3|0|1},4,0,1]">105</label>
<label id="[{0|3|0|1},5,0,0]">42</label>
<label id="[{0|3|0|1},5,0,1]">42</label>
<label id="[{0|3|0|1},6,0,0]">7</label>
<label id="[{0|3|0|1},6,0,1]">7</label>
<label id="[{0|3|0|2},0,0,0]">18</label>
<label id="[{0|3|0|2},0,0,1]">24</label>
<label id="[{0|3|0|2},1,0,0]">204</label>
<label id="[{0|3|0|2},1,0,1]">204</label>
<label id="[{0|3|0|2},1,1,0]">6</label>
<label id="[{0|3|0|2},1,1,1]">6</label>
<label id="[{0|3|0|2},2,0,0]">450</label>
<label id="[{0|3|0|2},2,0,1]">450</label>
<label id="[{0|3|0|2},2,1,0]">15</label>
<label id="[{0|3|0|2},2,1,1]">15</label>
<label id="[{0|3|0|2},3,0,0]">520</label>
<label id="[{0|3|0|2},3,0,1]">520</label>
<label id="[{0|3|0|2},3,1,0]">20</label>
<label id="[{0|3|0|2},3,1,1]">20</label>
<label id="[{0|3|0|2},4,0,0]">330</label>
<label id="[{0|3|0|2},4,0,1]">330</label>
<label id="[{0|3|0|2},4,1,0]">15</label>
<label id="[{0|3|0|2},4,1,1]">15</label>
<label id="[{0|3|0|2},5,0,0]">108</label>
<label id="[{0|3|0|2},5,0,1]">108</label>
<label id="[{0|3|0|2},5,1,0]">6</label>
<label id="[{0|3|0|2},5,1,1]">6</label>
<label id="[{0|3|0|2},6,0,0]">14</label>
<label id="[{0|3|0|2},6,0,1]">14</label>
<label id="[{0|3|0|2},6,1,0]">1</label>
<label id="[{0|3|0|2},6,1,1]">1</label>
<label id="[{0|3|1|0},1,0,0]">42</label>
<label id="[{0|3|1|0},1,0,1]">42</label>
<label id="[{0|3|1|0},2,0,0]">105</label>
<label id="[{0|3|1|0},2,0,1]">105</label>
<label id="[{0|3|1|0},3,0,0]">140</label>
<label id="[{0|3|1|0},3,0,1]">140</label>
<label id="[{0|3|1|0},4,0,0]">105</label>
<label id="[{0|3|1|0},4,0,1]">105</label>
<label id="[{0|3|1|0},5,0,0]">42</label>
<label id="[{0|3|1|0},5,0,1]">42</label>
<label id="[{0|3|1|0},6,0,0]">7</label>
<label id="[{0|3|1|0},6,0,1]">7</label>
<label id="[{0|3|1|2},0,0,0]">12</label>
<label id="[{0|3|1|2},0,0,1]">24</label>
<label id="[{0|3|1|2},1,0,0]">204</label>
<label id="[{0|3|1|2},1,0,1]">204</label>
<label id="[{0|3|1|2},1,1,0]">6</label>
<label id="[{0|3|1|2},1,1,1]">6</label>
<label id="[{0|3|1|2},2,0,0]">450</label>
<label id="[{0|3|1|2},2,0,1]">450</label>
<label id="[{0|3|1|2},2,1,0]">15</label>
<label id="[{0|3|1|2},2,1,1]">15</label>
<label id="[{0|3|1|2},3,0,0]">520</label>
<label id="[{0|3|1|2},3,0,1]">520</label>
<label id="[{0|3|1|2},3,1,0]">20</label>
<label id="[{0|3|1|2},3,1,1]">20</label>
<label id="[{0|3|1|2},4,0,0]">330</label>
<label id="[{0|3|1|2},4,0,1]">330</label>
<label id="[{0|3|1|2},4,1,0]">15</label>
<label id="[{0|3|1|2},4,1,1]">15</label>
<label id="[{0|3|1|2},5,0,0]">108</label>
<label id="[{0|3|1|2},5,0,1]">108</label>
<label id="[{0|3|1|2},5,1,0]">6</label>
<label id="[{0|3|1|2},5,1,1]">6</label>
<label id="[{0|3|1|2},6,0,0]">14</label>
<label id="[{0|3|1|2},6,0,1]">14</label>
<label id="[{0|3|1|2},6,1,0]">1</label>
<label id="[{0|3|1|2},6,1,1]">1</label>
<label id="[{0|3|2|0},0,0,0]">18</label>
<label id="[{0|3|2|0},0,0,1]">24</label>
<label id="[{0|3|2|0},1,0,0]">204</label>
<label id="[{0|3|2|0},1,0,1]">204</label>
<label id="[{0|3|2|0},1,1,0]">6</label>
<label id="[{0|3|2|0},1,1,1]">6</label>
<label id="[{0|3|2|0},2,0,0]">450</label>
<label id="[{0|3|2|0},2,0,1]">450</label>
<label id="[{0|3|2|0},2,1,0]">15</label>
<label id="[{0|3|2|0},2,1,1]">15</label>
<label id="[{0|3|2|0},3,0,0]">520</label>
<label id="[{0|3|2|0},3,0,1]">520</label>
<label id="[{0|3|2|0},3,1,0]">20</label>
<label id="[{0|3|2|0},3,1,1]">20</label>
<label id="[{0|3|2|0},4,0,0]">330</label>
<label id="[{0|3|2|0},4,0,1]">330</label>
<label id="[{0|3|2|0},4,1,0]">15</label>
<label id="[{0|3|2|0},4,1,1]">15</label>
<label id="[{0|3|2|0},5,0,0]">108</label>
<label id="[{0|3|2|0},5,0,1]">108</label>
<label id="[{0|3|2|0},5,1,0]">6</label>
<label id="[{0|3|2|0},5,1,1]">6</label>
<label id="[{0|3|2|0},6,0,0]">14</label>
<label id="[{0|3|2|0},6,0,1]">14</label>
<label id="[{0|3|2|0},6,1,0]">1</label>
<label id="[{0|3|2|0},6,1,1]">1</label>
<label id="[{0|3|2|1},0,0,0]">12</label>
<label id="[{0|3|2|1},0,0,1]">24</label>
<label id="[{0|3|2|1},1,0,0]">204</label>
<label id="[{0|3|2|1},1,0,1]">204</label>
<label id="[{0|3|2|1},1,1,0]">6</label>
<label id="[{0|3|2|1},1,1,1]">6</label>
<label id="[{0|3|2|1},2,0,0]">450</label>
<label id="[{0|3|2|1},2,0,1]">450</label>
<label id="[{0|3|2|1},2,1,0]">15</label>
<label id="[{0|3|2|1},2,1,1]">15</label>
<label id="[{0|3|2|1},3,0,0]">520</label>
<label id="[{0|3|2|1},3,0,1]">520</label>
<label id="[{0|3|2|1},3,1,0]">20</label>
<label id="[{0|3|2|1},3,1,1]">20</label>
<label id="[{0|3|2|1},4,0,0]">330</label>
<label id="[{0|3|2|1},4,0,1]">330</label>
<label id="[{0|3|2|1},4,1,0]">15</label>
<label id="[{0|3|2|1},4,1,1]">15</label>
<label id="[{0|3|2|1},5,0,0]">108</label>
<label id="[{0|3|2|1},5,0,1]">108</label>
<label id="[{0|3|2|1},5,1,0]">6</label>
<label id="[{0|3|2|1},5,1,1]">6</label>
<label id="[{0|3|2|1},6,0,0]">14</label>
<label id="[{0|3|2|1},6,0,1]">14</label>
<label id="[{0|3|2|1},6,1,0]">1</label>
<label id="[{0|3|2|1},6,1,1]">1</label>
<label id="[{1|0|0|0},0,0,0]">7</label>
<label id="[{1|0|0|0},0,0,1]">7</label>
<label id="[{1|0|0|1},0,0,1]">7</label>
<label id="[{1|0|0|2},0,0,0]">26</label>
<label id="[{1|0|0|2},0,0,1]">39</label>
<label id="[{1|0|0|2},0,1,0]">1</label>
<label id="[{1|0|0|2},0,1,1]">1</label>
<label id="[{1|0|0|3},1,0,0]">42</label>
<label id="[{1|0|0|3},1,0,1]">42</label>
<label id="[{1|0|0|3},2,0,0]">105</label>
<label id="[{1|0|0|3},2,0,1]">105</label>
<label id="[{1|0|0|3},3,0,0]">140</label>
<label id="[{1|0|0|3},3,0,1]">140</label>
<label id="[{1|0|0|3},4,0,0]">105</label>
<label id="[{1|0|0|3},4,0,1]">105</label>
<label id="[{1|0|0|3},5,0,0]">42</label>
<label id="[{1|0|0|3},5,0,1]">42</label>
<label id="[{1|0|0|3},6,0,0]">7</label>
<label id="[{1|0|0|3},6,0,1]">7</label>
<label id="[{1|0|1|0},0,0,1]">7</label>
<label id="[{1|0|1|2},0,0,1]">32</label>
<label id="[{1|0|1|2},0,1,1]">1</label>
<label id="[{1|0|2|0},0,0,0]">26</label>
<label id="[{1|0|2|0},0,0,1]">39</label>
<label id="[{1|0|2|0},0,1,0]">1</label>
<label id="[{1|0|2|0},0,1,1]">1</label>
<label id="[{1|0|2|1},0,0,1]">32</label>
<label id="[{1|0|2|1},0,1,1]">1</label>
<label id="[{1|0|2|3},0,0,0]">18</label>
<label id="[{1|0|2|3},0,0,1]">18</label>
<label id="[{1|0|2|3},1,0,0]">204</label>
<label id="[{1|0|2|3},1,0,1]">204</label>
<label id="[{1|0|2|3},1,1,0]">6</label>
<label id="[{1|0|2|3},1,1,1]">6</label>
<label id="[{1|0|2|3},2,0,0]">450</label>
<label id="[{1|0|2|3},2,0,1]">450</label>
<label id="[{1|0|2|3},2,1,0]">15</label>
<label id="[{1|0|2|3},2,1,1]">15</label>
<label id="[{1|0|2|3},3,0,0]">520</label>
<label id="[{1|0|2|3},3,0,1]">520</label>
<label id="[{1|0|2|3},3,1,0]">20</label>
<label id="[{1|0|2|3},3,1,1]">20</label>
<label id="[{1|0|2|3},4,0,0]">330</label>
<label id="[{1|0|2|3},4,0,1]">330</label>
<label id="[{1|0|2|3},4,1,0]">15</label>
<label id="[{1|0|2|3},4,1,1]">15</label>
<label id="[{1|0|2|3},5,0,0]">108</label>
<label id="[{1|0|2|3},5,0,1]">108</label>
<label id="[{1|0|2|3},5,1,0]">6</label>
<label id="[{1|0|2|3},5,1,1]">6</label>
<label id="[{1|0|2|3},6,0,0]">14</label>
<label id="[{1|0|2|3},6,0,1]">14</label>
<label id="[{1|0|2|3},6,1,0]">1</label>
<label id="[{1|0|2|3},6,1,1]">1</label>
<label id="[{1|0|3|0},1,0,0]">42</label>
<label id="[{1|0|3|0},1,0,1]">42</label>
<label id="[{1|0|3|0},2,0,0]">105</label>
<label id="[{1|0|3|0},2,0,1]">105</label>
<label id="[{1|0|3|0},3,0,0]">140</label>
<label id="[{1|0|3|0},3,0,1]">140</label>
<label id="[{1|0|3|0},4,0,0]">105</label>
<label id="[{1|0|3|0},4,0,1]">105</label>
<label id="[{1|0|3|0},5,0,0]">42</label>
<label id="[{1|0|3|0},5,0,1]">42</label>
<label id="[{1|0|3|0},6,0,0]">7</label>
<label id="[{1|0|3|0},6,0,1]">7</label>
<label id="[{1|0|3|2},0,0,0]">18</label>
<label id="[{1|0|3|2},0,0,1]">18</label>
<label id="[{1|0|3|2},1,0,0]">204</label>
<label id="[{1|0|3|2},1,0,1]">204</label>
<label id="[{1|0|3|2},1,1,0]">6</label>
<label id="[{1|0|3|2},1,1,1]">6</label>
<label id="[{1|0|3|2},2,0,0]">450</label>
<label id="[{1|0|3|2},2,0,1]">450</label>
<label id="[{1|0|3|2},2,1,0]">15</label>
<label id="[{1|0|3|2},2,1,1]">15</label>
<label id="[{1|0|3|2},3,0,0]">520</label>
<label id="[{1|0|3|2},3,0,1]">520</label>
<label id="[{1|0|3|2},3,1,0]">20</label>
<label id="[{1|0|3|2},3,1,1]">20</label>
<label id="[{1|0|3|2},4,0,0]">330</label>
<label id="[{1|0|3|2},4,0,1]">330</label>
<label id="[{1|0|3|2},4,1,0]">15</label>
<label id="[{1|0|3|2},4,1,1]">15</label>
<label id="[{1|0|3|2},5,0,0]">108</label>
<label id="[{1|0|3|2},5,0,1]">108</label>
<label id="[{1|0|3|2},5,1,0]">6</label>
<label id="[{1|0|3|2},5,1,1]">6</label>
<label id="[{1|0|3|2},6,0,0]">14</label>
<label id="[{1|0|3|2},6,0,1]">14</label>
<label id="[{1|0|3|2},6,1,0]">1</label>
<label id="[{1|0|3|2},6,1,1]">1</label>
<label id="[{1|1|0|0},0,0,1]">7</label>
<label id="[{1|1|0|2},0,0,1]">32</label>
<label id="[{1|1|0|2},0,1,1]">1</label>
<label id="[{1|1|2|0},0,0,1]">32</label>
<label id="[{1|1|2|0},0,1,1]">1</label>
<label id="[{1|2|0|0},0,0,0]">26</label>
<label id="[{1|2|0|0},0,0,1]">39</label>
<label id="[{1|2|0|0},0,1,0]">1</label>
<label id="[{1|2|0|0},0,1,1]">1</label>
<label id="[{1|2|0|1},0,0,1]">32</label>
<label id="[{1|2|0|1},0,1,1]">1</label>
<label id="[{1|2|0|3},0,0,0]">18</label>
<label id="[{1|2|0|3},0,0,1]">18</label>
<label id="[{1|2|0|3},1,0,0]">204</label>
<label id="[{1|2|0|3},1,0,1]">204</label>
<label id="[{1|2|0|3},1,1,0]">6</label>
<label id="[{1|2|0|3},1,1,1]">6</label>
<label id="[{1|2|0|3},2,0,0]">450</label>
<label id="[{1|2|0|3},2,0,1]">450</label>
<label id="[{1|2|0|3},2,1,0]">15</label>
<label id="[{1|2|0|3},2,1,1]">15</label>
<label id="[{1|2|0|3},3,0,0]">520</label>
<label id="[{1|2|0|3},3,0,1]">520</label>
<label id="[{1|2|0|3},3,1,0]">20</label>
<label id="[{1|2|0|3},3,1,1]">20</label>
<label id="[{1|2|0|3},4,0,0]">330</label>
<label id="[{1|2|0|3},4,0,1]">330</label>
<label id="[{1|2|0|3},4,1,0]">15</label>
<label id="[{1|2|0|3},4,1,1]">15</label>
<label id="[{1|2|0|3},5,0,0]">108</label>
<label id="[{1|2|0|3},5,0,1]">108</label>
<label id="[{1|2|0|3},5,1,0]">6</label>
<label id="[{1|2|0|3},5,1,1]">6</label>
<label id="[{1|2|0|3},6,0,0]">14</label>
<label id="[{1|2|0|3},6,0,1]">14</label>
<label id="[{1|2|0|3},6,1,0]">1</label>
<label id="[{1|2|0|3},6,1,1]">1</label>
<label id="[{1|2|1|0},0,0,1]">32</label>
<label id="[{1|2|1|0},0,1,1]">1</label>
<label id="[{1|2|3|0},0,0,0]">18</label>
<label id="[{1|2|3|0},0,0,1]">18</label>
<label id="[{1|2|3|0},1,0,0]">204</label>
<label id="[{1|2|3|0},1,0,1]">204</label>
<label id="[{1|2|3|0},1,1,0]">6</label>
<label id="[{1|2|3|0},1,1,1]">6</label>
<label id="[{1|2|3|0},2,0,0]">450</label>
<label id="[{1|2|3|0},2,0,1]">450</label>
<label id="[{1|2|3|0},2,1,0]">15</label>
<label id="[{1|2|3|0},2,1,1]">15</label>
<label id="[{1|2|3|0},3,0,0]">520</label>
<label id="[{1|2|3|0},3,0,1]">520</label>
<label id="[{1|2|3|0},3,1,0]">20</label>
<label id="[{1|2|3|0},3,1,1]">20</label>
<label id="[{1|2|3|0},4,0,0]">330</label>
<label id="[{1|2|3|0},4,0,1]">330</label>
<label id="[{1|2|3|0},4,1,0]">15</label>
<label id="[{1|2|3|0},4,1,1]">15</label>
<label id="[{1|2|3|0},5,0,0]">108</label>
<label id="[{1|2|3|0},5,0,1]">108</label>
<label id="[{1|2|3|0},5,1,0]">6</label>
<label id="[{1|2|3|0},5,1,1]">6</label>
<label id="[{1|2|3|0},6,0,0]">14</label>
<label id="[{1|2|3|0},6,0,1]">14</label>
<label id="[{1|2|3|0},6,1,0]">1</label>
<label id="[{1|2|3|0},6,1,1]">1</label>
<label id="[{1|3|0|0},1,0,0]">42</label>
<label id="[{1|3|0|0},1,0,1]">42</label>
<label id="[{1|3|0|0},2,0,0]">105</label>
<label id="[{1|3|0|0},2,0,1]">105</label>
<label id="[{1|3|0|0},3,0,0]">140</label>
<label id="[{1|3|0|0},3,0,1]">140</label>
<label id="[{1|3|0|0},4,0,0]">105</label>
<label id="[{1|3|0|0},4,0,1]">105</label>
<label id="[{1|3|0|0},5,0,0]">42</label>
<label id="[{1|3|0|0},5,0,1]">42</label>
<label id="[{1|3|0|0},6,0,0]">7</label>
<label id="[{1|3|0|0},6,0,1]">7</label>
<label id="[{1|3|0|2},0,0,0]">18</label>
<label id="[{1|3|0|2},0,0,1]">18</label>
<label id="[{1|3|0|2},1,0,0]">204</label>
<label id="[{1|3|0|2},1,0,1]">204</label>
<label id="[{1|3|0|2},1,1,0]">6</label>
<label id="[{1|3|0|2},1,1,1]">6</label>
<label id="[{1|3|0|2},2,0,0]">450</label>
<label id="[{1|3|0|2},2,0,1]">450</label>
<label id="[{1|3|0|2},2,1,0]">15</label>
<label id="[{1|3|0|2},2,1,1]">15</label>
<label id="[{1|3|0|2},3,0,0]">520</label>
<label id="[{1|3|0|2},3,0,1]">520</label>
<label id="[{1|3|0|2},3,1,0]">20</label>
<label id="[{1|3|0|2},3,1,1]">20</label>
<label id="[{1|3|0|2},4,0,0]">330</label>
<label id="[{1|3|0|2},4,0,1]">330</label>
<label id="[{1|3|0|2},4,1,0]">15</label>
<label id="[{1|3|0|2},4,1,1]">15</label>
<label id="[{1|3|0|2},5,0,0]">108</label>
<label id="[{1|3|0|2},5,0,1]">108</label>
<label id="[{1|3|0|2},5,1,0]">6</label>
<label id="[{1|3|0|2},5,1,1]">6</label>
<label id="[{1|3|0|2},6,0,0]">14</label>
<label id="[{1|3|0|2},6,0,1]">14</label>
<label id="[{1|3|0|2},6,1,0]">1</label>
<label id="[{1|3|0|2},6,1,1]">1</label>
<label id="[{1|3|2|0},0,0,0]">18</label>
<label id="[{1|3|2|0},0,0,1]">18</label>
<label id="[{1|3|2|0},1,0,0]">204</label>
<label id="[{1|3|2|0},1,0,1]">204</label>
<label id="[{1|3|2|0},1,1,0]">6</label>
<label id="[{1|3|2|0},1,1,1]">6</label>
<label id="[{1|3|2|0},2,0,0]">450</label>
<label id="[{1|3|2|0},2,0,1]">450</label>
<label id="[{1|3|2|0},2,1,0]">15</label>
<label id="[{1|3|2|0},2,1,1]">15</label>
<label id="[{1|3|2|0},3,0,0]">520</label>
<label id="[{1|3|2|0},3,0,1]">520</label>
<label id="[{1|3|2|0},3,1,0]">20</label>
<label id="[{1|3|2|0},3,1,1]">20</label>
<label id="[{1|3|2|0},4,0,0]">330</label>
<label id="[{1|3|2|0},4,0,1]">330</label>
<label id="[{1|3|2|0},4,1,0]">15</label>
<label id="[{1|3|2|0},4,1,1]">15</label>
<label id="[{1|3|2|0},5,0,0]">108</label>
<label id="[{1|3|2|0},5,0,1]">108</label>
<label id="[{1|3|2|0},5,1,0]">6</label>
<label id="[{1|3|2|0},5,1,1]">6</label>
<label id="[{1|3|2|0},6,0,0]">14</label>
<label id="[{1|3|2|0},6,0,1]">14</label>
<label id="[{1|3|2|0},6,1,0]">1</label>
<label id="[{1|3|2|0},6,1,1]">1</label>
<label id="[{2|0|0|0},0,0,0]">7</label>
<label id="[{2|0|0|0},0,0,1]">7</label>
<label id="[{2|0|0|1},0,0,0]">26</label>
<label id="[{2|0|0|1},0,0,1]">33</label>
<label id="[{2|0|0|1},0,1,0]">1</label>
<label id="[{2|0|0|1},0,1,1]">1</label>
<label id="[{2|0|0|3},0,0,0]">18</label>
<label id="[{2|0|0|3},0,0,1]">24</label>
<label id="[{2|0|0|3},1,0,0]">204</label>
<label id="[{2|0|0|3},1,0,1]">204</label>
<label id="[{2|0|0|3},1,1,0]">6</label>
<label id="[{2|0|0|3},1,1,1]">6</label>
<label id="[{2|0|0|3},2,0,0]">450</label>
<label id="[{2|0|0|3},2,0,1]">450</label>
<label id="[{2|0|0|3},2,1,0]">15</label>
<label id="[{2|0|0|3},2,1,1]">15</label>
<label id="[{2|0|0|3},3,0,0]">520</label>
<label id="[{2|0|0|3},3,0,1]">520</label>
<label id="[{2|0|0|3},3,1,0]">20</label>
<label id="[{2|0|0|3},3,1,1]">20</label>
<label id="[{2|0|0|3},4,0,0]">330</label>
<label id="[{2|0|0|3},4,0,1]">330</label>
<label id="[{2|0|0|3},4,1,0]">15</label>
<label id="[{2|0|0|3},4,1,1]">15</label>
<label id="[{2|0|0|3},5,0,0]">108</label>
<label id="[{2|0|0|3},5,0,1]">108</label>
<label id="[{2|0|0|3},5,1,0]">6</label>
<label id="[{2|0|0|3},5,1,1]">6</label>
<label id="[{2|0|0|3},6,0,0]">14</label>
<label id="[{2|0|0|3},6,0,1]">14</label>
<label id="[{2|0|0|3},6,1,0]">1</label>
<label id="[{2|0|0|3},6,1,1]">1</label>
<label id="[{2|0|1|0},0,0,0]">26</label>
<label id="[{2|0|1|0},0,0,1]">33</label>
<label id="[{2|0|1|0},0,1,0]">1</label>
<label id="[{2|0|1|0},0,1,1]">1</label>
<label id="[{2|0|1|1},0,0,1]">26</label>
<label id="[{2|0|1|1},0,1,1]">1</label>
<label id="[{2|0|1|3},0,0,0]">12</label>
<label id="[{2|0|1|3},0,0,1]">24</label>
<label id="[{2|0|1|3},1,0,0]">204</label>
<label id="[{2|0|1|3},1,0,1]">204</label>
<label id="[{2|0|1|3},1,1,0]">6</label>
<label id="[{2|0|1|3},1,1,1]">6</label>
<label id="[{2|0|1|3},2,0,0]">450</label>
<label id="[{2|0|1|3},2,0,1]">450</label>
<label id="[{2|0|1|3},2,1,0]">15</label>
<label id="[{2|0|1|3},2,1,1]">15</label>
<label id="[{2|0|1|3},3,0,0]">520</label>
<label id="[{2|0|1|3},3,0,1]">520</label>
<label id="[{2|0|1|3},3,1,0]">20</label>
<label id="[{2|0|1|3},3,1,1]">20</label>
<label id="[{2|0|1|3},4,0,0]">330</label>
<label id="[{2|0|1|3},4,0,1]">330</label>
<label id="[{2|0|1|3},4,1,0]">15</label>
<label id="[{2|0|1|3},4,1,1]">15</label>
<label id="[{2|0|1|3},5,0,0]">108</label>
<label id="[{2|0|1|3},5,0,1]">108</label>
<label id="[{2|0|1|3},5,1,0]">6</label>
<label id="[{2|0|1|3},5,1,1]">6</label>
<label id="[{2|0|1|3},6,0,0]">14</label>
<label id="[{2|0|1|3},6,0,1]">14</label>
<label id="[{2|0|1|3},6,1,0]">1</label>
<label id="[{2|0|1|3},6,1,1]">1</label>
<label id="[{2|0|3|0},0,0,0]">18</label>
<label id="[{2|0|3|0},0,0,1]">24</label>
<label id="[{2|0|3|0},1,0,0]">204</label>
<label id="[{2|0|3|0},1,0,1]">204</label>
<label id="[{2|0|3|0},1,1,0]">6</label>
<label id="[{2|0|3|0},1,1,1]">6</label>
<label id="[{2|0|3|0},2,0,0]">450</label>
<label id="[{2|0|3|0},2,0,1]">450</label>
<label id="[{2|0|3|0},2,1,0]">15</label>
<label id="[{2|0|3|0},2,1,1]">15</label>
<label id="[{2|0|3|0},3,0,0]">520</label>
<label id="[{2|0|3|0},3,0,1]">520</label>
<label id="[{2|0|3|0},3,1,0]">20</label>
<label id="[{2|0|3|0},3,1,1]">20</label>
<label id="[{2|0|3|0},4,0,0]">330</label>
<label id="[{2|0|3|0},4,0,1]">330</label>
<label id="[{2|0|3|0},4,1,0]">15</label>
<label id="[{2|0|3|0},4,1,1]">15</label>
<label id="[{2|0|3|0},5,0,0]">108</label>
<label id="[{2|0|3|0},5,0,1]">108</label>
<label id="[{2|0|3|0},5,1,0]">6</label>
<label id="[{2|0|3|0},5,1,1]">6</label>
<label id="[{2|0|3|0},6,0,0]">14</label>
<label id="[{2|0|3|0},6,0,1]">14</label>
<label id="[{2|0|3|0},6,1,0]">1</label>
<label id="[{2|0|3|0},6,1,1]">1</label>
<label id="[{2|0|3|1},0,0,0]">12</label>
<label id="[{2|0|3|1},0,0,1]">24</label>
<label id="[{2|0|3|1},1,0,0]">204</label>
<label id="[{2|0|3|1},1,0,1]">204</label>
<label id="[{2|0|3|1},1,1,0]">6</label>
<label id="[{2|0|3|1},1,1,1]">6</label>
<label id="[{2|0|3|1},2,0,0]">450</label>
<label id="[{2|0|3|1},2,0,1]">450</label>
<label id="[{2|0|3|1},2,1,0]">15</label>
<label id="[{2|0|3|1},2,1,1]">15</label>
<label id="[{2|0|3|1},3,0,0]">520</label>
<label id="[{2|0|3|1},3,0,1]">520</label>
<label id="[{2|0|3|1},3,1,0]">20</label>
<label id="[{2|0|3|1},3,1,1]">20</label>
<label id="[{2|0|3|1},4,0,0]">330</label>
<label id="[{2|0|3|1},4,0,1]">330</label>
<label id="[{2|0|3|1},4,1,0]">15</label>
<label id="[{2|0|3|1},4,1,1]">15</label>
<label id="[{2|0|3|1},5,0,0]">108</label>
<label id="[{2|0|3|1},5,0,1]">108</label>
<label id="[{2|0|3|1},5,1,0]">6</label>
<label id="[{2|0|3|1},5,1,1]">6</label>
<label id="[{2|0|3|1},6,0,0]">14</label>
<label id="[{2|0|3|1},6,0,1]">14</label>
<label id="[{2|0|3|1},6,1,0]">1</label>
<label id="[{2|0|3|1},6,1,1]">1</label>
<label id="[{2|1|0|0},0,0,0]">26</label>
<label id="[{2|1|0|0},0,0,1]">33</label>
<label id="[{2|1|0|0},0,1,0]">1</label>
<label id="[{2|1|0|0},0,1,1]">1</label>
<label id="[{2|1|0|1},0,0,1]">26</label>
<label id="[{2|1|0|1},0,1,1]">1</label>
<label id="[{2|1|0|3},0,0,0]">12</label>
<label id="[{2|1|0|3},0,0,1]">24</label>
<label id="[{2|1|0|3},1,0,0]">204</label>
<label id="[{2|1|0|3},1,0,1]">204</label>
<label id="[{2|1|0|3},1,1,0]">6</label>
<label id="[{2|1|0|3},1,1,1]">6</label>
<label id="[{2|1|0|3},2,0,0]">450</label>
<label id="[{2|1|0|3},2,0,1]">450</label>
<label id="[{2|1|0|3},2,1,0]">15</label>
<label id="[{2|1|0|3},2,1,1]">15</label>
<label id="[{2|1|0|3},3,0,0]">520</label>
<label id="[{2|1|0|3},3,0,1]">520</label>
<label id="[{2|1|0|3},3,1,0]">20</label>
<label id="[{2|1|0|3},3,1,1]">20</label>
<label id="[{2|1|0|3},4,0,0]">330</label>
<label id="[{2|1|0|3},4,0,1]">330</label>
<label id="[{2|1|0|3},4,1,0]">15</label>
<label id="[{2|1|0|3},4,1,1]">15</label>
<label id="[{2|1|0|3},5,0,0]">108</label>
<label id="[{2|1|0|3},5,0,1]">108</label>
<label id="[{2|1|0|3},5,1,0]">6</label>
<label id="[{2|1|0|3},5,1,1]">6</label>
<label id="[{2|1|0|3},6,0,0]">14</label>
<label id="[{2|1|0|3},6,0,1]">14</label>
<label id="[{2|1|0|3},6,1,0]">1</label>
<label id="[{2|1|0|3},6,1,1]">1</label>
<label id="[{2|1|1|0},0,0,1]">26</label>
<label id="[{2|1|1|0},0,1,1]">1</label>
<label id="[{2|1|3|0},0,0,0]">12</label>
<label id="[{2|1|3|0},0,0,1]">24</label>
<label id="[{2|1|3|0},1,0,0]">204</label>
<label id="[{2|1|3|0},1,0,1]">204</label>
<label id="[{2|1|3|0},1,1,0]">6</label>
<label id="[{2|1|3|0},1,1,1]">6</label>
<label id="[{2|1|3|0},2,0,0]">450</label>
<label id="[{2|1|3|0},2,0,1]">450</label>
<label id="[{2|1|3|0},2,1,0]">15</label>
<label id="[{2|1|3|0},2,1,1]">15</label>
<label id="[{2|1|3|0},3,0,0]">520</label>
<label id="[{2|1|3|0},3,0,1]">520</label>
<label id="[{2|1|3|0},3,1,0]">20</label>
<label id="[{2|1|3|0},3,1,1]">20</label>
<label id="[{2|1|3|0},4,0,0]">330</label>
<label id="[{2|1|3|0},4,0,1]">330</label>
<label id="[{2|1|3|0},4,1,0]">15</label>
<label id="[{2|1|3|0},4,1,1]">15</label>
<label id="[{2|1|3|0},5,0,0]">108</label>
<label id="[{2|1|3|0},5,0,1]">108</label>
<label id="[{2|1|3|0},5,1,0]">6</label>
<label id="[{2|1|3|0},5,1,1]">6</label>
<label id="[{2|1|3|0},6,0,0]">14</label>
<label id="[{2|1|3|0},6,0,1]">14</label>
<label id="[{2|1|3|0},6,1,0]">1</label>
<label id="[{2|1|3|0},6,1,1]">1</label>
<label id="[{2|3|0|0},0,0,0]">18</label>
<label id="[{2|3|0|0},0,0,1]">24</label>
<label id="[{2|3|0|0},1,0,0]">204</label>
<label id="[{2|3|0|0},1,0,1]">204</label>
<label id="[{2|3|0|0},1,1,0]">6</label>
<label id="[{2|3|0|0},1,1,1]">6</label>
<label id="[{2|3|0|0},2,0,0]">450</label>
<label id="[{2|3|0|0},2,0,1]">450</label>
<label id="[{2|3|0|0},2,1,0]">15</label>
<label id="[{2|3|0|0},2,1,1]">15</label>
<label id="[{2|3|0|0},3,0,0]">520</label>
<label id="[{2|3|0|0},3,0,1]">520</label>
<label id="[{2|3|0|0},3,1,0]">20</label>
<label id="[{2|3|0|0},3,1,1]">20</label>
<label id="[{2|3|0|0},4,0,0]">330</label>
<label id="[{2|3|0|0},4,0,1]">330</label>
<label id="[{2|3|0|0},4,1,0]">15</label>
<label id="[{2|3|0|0},4,1,1]">15</label>
<label id="[{2|3|0|0},5,0,0]">108</label>
<label id="[{2|3|0|0},5,0,1]">108</label>
<label id="[{2|3|0|0},5,1,0]">6</label>
<label id="[{2|3|0|0},5,1,1]">6</label>
<label id="[{2|3|0|0},6,0,0]">14</label>
<label id="[{2|3|0|0},6,0,1]">14</label>
<label id="[{2|3|0|0},6,1,0]">1</label>
<label id="[{2|3|0|0},6,1,1]">1</label>
<label id="[{2|3|0|1},0,0,0]">12</label>
<label id="[{2|3|0|1},0,0,1]">24</label>
<label id="[{2|3|0|1},1,0,0]">204</label>
<label id="[{2|3|0|1},1,0,1]">204</label>
<label id="[{2|3|0|1},1,1,0]">6</label>
<label id="[{2|3|0|1},1,1,1]">6</label>
<label id="[{2|3|0|1},2,0,0]">450</label>
<label id="[{2|3|0|1},2,0,1]">450</label>
<label id="[{2|3|0|1},2,1,0]">15</label>
<label id="[{2|3|0|1},2,1,1]">15</label>
<label id="[{2|3|0|1},3,0,0]">520</label>
<label id="[{2|3|0|1},3,0,1]">520</label>
<label id="[{2|3|0|1},3,1,0]">20</label>
<label id="[{2|3|0|1},3,1,1]">20</label>
<label id="[{2|3|0|1},4,0,0]">330</label>
<label id="[{2|3|0|1},4,0,1]">330</label>
<label id="[{2|3|0|1},4,1,0]">15</label>
<label id="[{2|3|0|1},4,1,1]">15</label>
<label id="[{2|3|0|1},5,0,0]">108</label>
<label id="[{2|3|0|1},5,0,1]">108</label>
<label id="[{2|3|0|1},5,1,0]">6</label>
<label id="[{2|3|0|1},5,1,1]">6</label>
<label id="[{2|3|0|1},6,0,0]">14</label>
<label id="[{2|3|0|1},6,0,1]">14</label>
<label id="[{2|3|0|1},6,1,0]">1</label>
<label id="[{2|3|0|1},6,1,1]">1</label>
<label id="[{2|3|1|0},0,0,0]">12</label>
<label id="[{2|3|1|0},0,0,1]">24</label>
<label id="[{2|3|1|0},1,0,0]">204</label>
<label id="[{2|3|1|0},1,0,1]">204</label>
<label id="[{2|3|1|0},1,1,0]">6</label>
<label id="[{2|3|1|0},1,1,1]">6</label>
<label id="[{2|3|1|0},2,0,0]">450</label>
<label id="[{2|3|1|0},2,0,1]">450</label>
<label id="[{2|3|1|0},2,1,0]">15</label>
<label id="[{2|3|1|0},2,1,1]">15</label>
<label id="[{2|3|1|0},3,0,0]">520</label>
<label id="[{2|3|1|0},3,0,1]">520</label>
<label id="[{2|3|1|0},3,1,0]">20</label>
<label id="[{2|3|1|0},3,1,1]">20</label>
<label id="[{2|3|1|0},4,0,0]">330</label>
<label id="[{2|3|1|0},4,0,1]">330</label>
<label id="[{2|3|1|0},4,1,0]">15</label>
<label id="[{2|3|1|0},4,1,1]">15</label>
<label id="[{2|3|1|0},5,0,0]">108</label>
<label id="[{2|3|1|0},5,0,1]">108</label>
<label id="[{2|3|1|0},5,1,0]">6</label>
<label id="[{2|3|1|0},5,1,1]">6</label>
<label id="[{2|3|1|0},6,0,0]">14</label>
<label id="[{2|3|1|0},6,0,1]">14</label>
<label id="[{2|3|1|0},6,1,0]">1</label>
<label id="[{2|3|1|0},6,1,1]">1</label>
<label id="[{3|0|0|1},1,0,0]">42</label>
<label id="[{3|0|0|1},1,0,1]">42</label>
<label id="[{3|0|0|1},2,0,0]">105</label>
<label id="[{3|0|0|1},2,0,1]">105</label>
<label id="[{3|0|0|1},3,0,0]">140</label>
<label id="[{3|0|0|1},3,0,1]">140</label>
<label id="[{3|0|0|1},4,0,0]">105</label>
<label id="[{3|0|0|1},4,0,1]">105</label>
<label id="[{3|0|0|1},5,0,0]">42</label>
<label id="[{3|0|0|1},5,0,1]">42</label>
<label id="[{3|0|0|1},6,0,0]">7</label>
<label id="[{3|0|0|1},6,0,1]">7</label>
<label id="[{3|0|0|2},0,0,0]">18</label>
<label id="[{3|0|0|2},0,0,1]">24</label>
<label id="[{3|0|0|2},1,0,0]">204</label>
<label id="[{3|0|0|2},1,0,1]">204</label>
<label id="[{3|0|0|2},1,1,0]">6</label>
<label id="[{3|0|0|2},1,1,1]">6</label>
<label id="[{3|0|0|2},2,0,0]">450</label>
<label id="[{3|0|0|2},2,0,1]">450</label>
<label id="[{3|0|0|2},2,1,0]">15</label>
<label id="[{3|0|0|2},2,1,1]">15</label>
<label id="[{3|0|0|2},3,0,0]">520</label>
<label id="[{3|0|0|2},3,0,1]">520</label>
<label id="[{3|0|0|2},3,1,0]">20</label>
<label id="[{3|0|0|2},3,1,1]">20</label>
<label id="[{3|0|0|2},4,0,0]">330</label>
<label id="[{3|0|0|2},4,0,1]">330</label>
<label id="[{3|0|0|2},4,1,0]">15</label>
<label id="[{3|0|0|2},4,1,1]">15</label>
<label id="[{3|0|0|2},5,0,0]">108</label>
<label id="[{3|0|0|2},5,0,1]">108</label>
<label id="[{3|0|0|2},5,1,0]">6</label>
<label id="[{3|0|0|2},5,1,1]">6</label>
<label id="[{3|0|0|2},6,0,0]">14</label>
<label id="[{3|0|0|2},6,0,1]">14</label>
<label id="[{3|0|0|2},6,1,0]">1</label>
<label id="[{3|0|0|2},6,1,1]">1</label>
<label id="[{3|0|1|0},1,0,0]">42</label>
<label id="[{3|0|1|0},1,0,1]">42</label>
<label id="[{3|0|1|0},2,0,0]">105</label>
<label id="[{3|0|1|0},2,0,1]">105</label>
<label id="[{3|0|1|0},3,0,0]">140</label>
<label id="[{3|0|1|0},3,0,1]">140</label>
<label id="[{3|0|1|0},4,0,0]">105</label>
<label id="[{3|0|1|0},4,0,1]">105</label>
<label id="[{3|0|1|0},5,0,0]">42</label>
<label id="[{3|0|1|0},5,0,1]">42</label>
<label id="[{3|0|1|0},6,0,0]">7</label>
<label id="[{3|0|1|0},6,0,1]">7</label>
<label id="[{3|0|1|2},0,0,0]">12</label>
<label id="[{3|0|1|2},0,0,1]">24</label>
<label id="[{3|0|1|2},1,0,0]">204</label>
<label id="[{3|0|1|2},1,0,1]">204</label>
<label id="[{3|0|1|2},1,1,0]">6</label>
<label id="[{3|0|1|2},1,1,1]">6</label>
<label id="[{3|0|1|2},2,0,0]">450</label>
<label id="[{3|0|1|2},2,0,1]">450</label>
<label id="[{3|0|1|2},2,1,0]">15</label>
<label id="[{3|0|1|2},2,1,1]">15</label>
<label id="[{3|0|1|2},3,0,0]">520</label>
<label id="[{3|0|1|2},3,0,1]">520</label>
<label id="[{3|0|1|2},3,1,0]">20</label>
<label id="[{3|0|1|2},3,1,1]">20</label>
<label id="[{3|0|1|2},4,0,0]">330</label>
<label id="[{3|0|1|2},4,0,1]">330</label>
<label id="[{3|0|1|2},4,1,0]">15</label>
<label id="[{3|0|1|2},4,1,1]">15</label>
<label id="[{3|0|1|2},5,0,0]">108</label>
<label id="[{3|0|1|2},5,0,1]">108</label>
<label id="[{3|0|1|2},5,1,0]">6</label>
<label id="[{3|0|1|2},5,1,1]">6</label>
<label id="[{3|0|1|2},6,0,0]">14</label>
<label id="[{3|0|1|2},6,0,1]">14</label>
<label id="[{3|0|1|2},6,1,0]">1</label>
<label id="[{3|0|1|2},6,1,1]">1</label>
<label id="[{3|0|2|0},0,0,0]">18</label>
<label id="[{3|0|2|0},0,0,1]">24</label>
<label id="[{3|0|2|0},1,0,0]">204</label>
<label id="[{3|0|2|0},1,0,1]">204</label>
<label id="[{3|0|2|0},1,1,0]">6</label>
<label id="[{3|0|2|0},1,1,1]">6</label>
<label id="[{3|0|2|0},2,0,0]">450</label>
<label id="[{3|0|2|0},2,0,1]">450</label>
<label id="[{3|0|2|0},2,1,0]">15</label>
<label id="[{3|0|2|0},2,1,1]">15</label>
<label id="[{3|0|2|0},3,0,0]">520</label>
<label id="[{3|0|2|0},3,0,1]">520</label>
<label id="[{3|0|2|0},3,1,0]">20</label>
<label id="[{3|0|2|0},3,1,1]">20</label>
<label id="[{3|0|2|0},4,0,0]">330</label>
<label id="[{3|0|2|0},4,0,1]">330</label>
<label id="[{3|0|2|0},4,1,0]">15</label>
<label id="[{3|0|2|0},4,1,1]">15</label>
<label id="[{3|0|2|0},5,0,0]">108</label>
<label id="[{3|0|2|0},5,0,1]">108</label>
<label id="[{3|0|2|0},5,1,0]">6</label>
<label id="[{3|0|2|0},5,1,1]">6</label>
<label id="[{3|0|2|0},6,0,0]">14</label>
<label id="[{3|0|2|0},6,0,1]">14</label>
<label id="[{3|0|2|0},6,1,0]">1</label>
<label id="[{3|0|2|0},6,1,1]">1</label>
<label id="[{3|0|2|1},0,0,0]">12</label>
<label id="[{3|0|2|1},0,0,1]">24</label>
<label id="[{3|0|2|1},1,0,0]">204</label>
<label id="[{3|0|2|1},1,0,1]">204</label>
<label id="[{3|0|2|1},1,1,0]">6</label>
<label id="[{3|0|2|1},1,1,1]">6</label>
<label id="[{3|0|2|1},2,0,0]">450</label>
<label id="[{3|0|2|1},2,0,1]">450</label>
<label id="[{3|0|2|1},2,1,0]">15</label>
<label id="[{3|0|2|1},2,1,1]">15</label>
<label id="[{3|0|2|1},3,0,0]">520</label>
<label id="[{3|0|2|1},3,0,1]">520</label>
<label id="[{3|0|2|1},3,1,0]">20</label>
<label id="[{3|0|2|1},3,1,1]">20</label>
<label id="[{3|0|2|1},4,0,0]">330</label>
<label id="[{3|0|2|1},4,0,1]">330</label>
<label id="[{3|0|2|1},4,1,0]">15</label>
<label id="[{3|0|2|1},4,1,1]">15</label>
<label id="[{3|0|2|1},5,0,0]">108</label>
<label id="[{3|0|2|1},5,0,1]">108</label>
<label id="[{3|0|2|1},5,1,0]">6</label>
<label id="[{3|0|2|1},5,1,1]">6</label>
<label id="[{3|0|2|1},6,0,0]">14</label>
<label id="[{3|0|2|1},6,0,1]">14</label>
<label id="[{3|0|2|1},6,1,0]">1</label>
<label id="[{3|0|2|1},6,1,1]">1</label>
<label id="[{3|1|0|0},1,0,0]">42</label>
<label id="[{3|1|0|0},1,0,1]">42</label>
<label id="[{3|1|0|0},2,0,0]">105</label>
<label id="[{3|1|0|0},2,0,1]">105</label>
<label id="[{3|1|0|0},3,0,0]">140</label>
<label id="[{3|1|0|0},3,0,1]">140</label>
<label id="[{3|1|0|0},4,0,0]">105</label>
<label id="[{3|1|0|0},4,0,1]">105</label>
<label id="[{3|1|0|0},5,0,0]">42</label>
<label id="[{3|1|0|0},5,0,1]">42</label>
<label id="[{3|1|0|0},6,0,0]">7</label>
<label id="[{3|1|0|0},6,0,1]">7</label>
<label id="[{3|1|0|2},0,0,0]">12</label>
<label id="[{3|1|0|2},0,0,1]">24</label>
<label id="[{3|1|0|2},1,0,0]">204</label>
<label id="[{3|1|0|2},1,0,1]">204</label>
<label id="[{3|1|0|2},1,1,0]">6</label>
<label id="[{3|1|0|2},1,1,1]">6</label>
<label id="[{3|1|0|2},2,0,0]">450</label>
<label id="[{3|1|0|2},2,0,1]">450</label>
<label id="[{3|1|0|2},2,1,0]">15</label>
<label id="[{3|1|0|2},2,1,1]">15</label>
<label id="[{3|1|0|2},3,0,0]">520</label>
<label id="[{3|1|0|2},3,0,1]">520</label>
<label id="[{3|1|0|2},3,1,0]">20</label>
<label id="[{3|1|0|2},3,1,1]">20</label>
<label id="[{3|1|0|2},4,0,0]">330</label>
<label id="[{3|1|0|2},4,0,1]">330</label>
<label id="[{3|1|0|2},4,1,0]">15</label>
<label id="[{3|1|0|2},4,1,1]">15</label>
<label id="[{3|1|0|2},5,0,0]">108</label>
<label id="[{3|1|0|2},5,0,1]">108</label>
<label id="[{3|1|0|2},5,1,0]">6</label>
<label id="[{3|1|0|2},5,1,1]">6</label>
<label id="[{3|1|0|2},6,0,0]">14</label>
<label id="[{3|1|0|2},6,0,1]">14</label>
<label id="[{3|1|0|2},6,1,0]">1</label>
<label id="[{3|1|0|2},6,1,1]">1</label>
<label id="[{3|1|2|0},0,0,0]">12</label>
<label id="[{3|1|2|0},0,0,1]">24</label>
<label id="[{3|1|2|0},1,0,0]">204</label>
<label id="[{3|1|2|0},1,0,1]">204</label>
<label id="[{3|1|2|0},1,1,0]">6</label>
<label id="[{3|1|2|0},1,1,1]">6</label>
<label id="[{3|1|2|0},2,0,0]">450</label>
<label id="[{3|1|2|0},2,0,1]">450</label>
<label id="[{3|1|2|0},2,1,0]">15</label>
<label id="[{3|1|2|0},2,1,1]">15</label>
<label id="[{3|1|2|0},3,0,0]">520</label>
<label id="[{3|1|2|0},3,0,1]">520</label>
<label id="[{3|1|2|0},3,1,0]">20</label>
<label id="[{3|1|2|0},3,1,1]">20</label>
<label id="[{3|1|2|0},4,0,0]">330</label>
<label id="[{3|1|2|0},4,0,1]">330</label>
<label id="[{3|1|2|0},4,1,0]">15</label>
<label id="[{3|1|2|0},4,1,1]">15</label>
<label id="[{3|1|2|0},5,0,0]">108</label>
<label id="[{3|1|2|0},5,0,1]">108</label>
<label id="[{3|1|2|0},5,1,0]">6</label>
<label id="[{3|1|2|0},5,1,1]">6</label>
<label id="[{3|1|2|0},6,0,0]">14</label>
<label id="[{3|1|2|0},6,0,1]">14</label>
<label id="[{3|1|2|0},6,1,0]">1</label>
<label id="[{3|1|2|0},6,1,1]">1</label>
<label id="[{3|2|0|0},0,0,0]">18</label>
<label id="[{3|2|0|0},0,0,1]">24</label>
<label id="[{3|2|0|0},1,0,0]">204</label>
<label id="[{3|2|0|0},1,0,1]">204</label>
<label id="[{3|2|0|0},1,1,0]">6</label>
<label id="[{3|2|0|0},1,1,1]">6</label>
<label id="[{3|2|0|0},2,0,0]">450</label>
<label id="[{3|2|0|0},2,0,1]">450</label>
<label id="[{3|2|0|0},2,1,0]">15</label>
<label id="[{3|2|0|0},2,1,1]">15</label>
<label id="[{3|2|0|0},3,0,0]">520</label>
<label id="[{3|2|0|0},3,0,1]">520</label>
<label id="[{3|2|0|0},3,1,0]">20</label>
<label id="[{3|2|0|0},3,1,1]">20</label>
<label id="[{3|2|0|0},4,0,0]">330</label>
<label id="[{3|2|0|0},4,0,1]">330</label>
<label id="[{3|2|0|0},4,1,0]">15</label>
<label id="[{3|2|0|0},4,1,1]">15</label>
<label id="[{3|2|0|0},5,0,0]">108</label>
<label id="[{3|2|0|0},5,0,1]">108</label>
<label id="[{3|2|0|0},5,1,0]">6</label>
<label id="[{3|2|0|0},5,1,1]">6</label>
<label id="[{3|2|0|0},6,0,0]">14</label>
<label id="[{3|2|0|0},6,0,1]">14</label>
<label id="[{3|2|0|0},6,1,0]">1</label>
<label id="[{3|2|0|0},6,1,1]">1</label>
<label id="[{3|2|0|1},0,0,0]">12</label>
<label id="[{3|2|0|1},0,0,1]">24</label>
<label id="[{3|2|0|1},1,0,0]">204</label>
<label id="[{3|2|0|1},1,0,1]">204</label>
<label id="[{3|2|0|1},1,1,0]">6</label>
<label id="[{3|2|0|1},1,1,1]">6</label>
<label id="[{3|2|0|1},2,0,0]">450</label>
<label id="[{3|2|0|1},2,0,1]">450</label>
<label id="[{3|2|0|1},2,1,0]">15</label>
<label id="[{3|2|0|1},2,1,1]">15</label>
<label id="[{3|2|0|1},3,0,0]">520</label>
<label id="[{3|2|0|1},3,0,1]">520</label>
<label id="[{3|2|0|1},3,1,0]">20</label>
<label id="[{3|2|0|1},3,1,1]">20</label>
<label id="[{3|2|0|1},4,0,0]">330</label>
<label id="[{3|2|0|1},4,0,1]">330</label>
<label id="[{3|2|0|1},4,1,0]">15</label>
<label id="[{3|2|0|1},4,1,1]">15</label>
<label id="[{3|2|0|1},5,0,0]">108</label>
<label id="[{3|2|0|1},5,0,1]">108</label>
<label id="[{3|2|0|1},5,1,0]">6</label>
<label id="[{3|2|0|1},5,1,1]">6</label>
<label id="[{3|2|0|1},6,0,0]">14</label>
<label id="[{3|2|0|1},6,0,1]">14</label>
<label id="[{3|2|0|1},6,1,0]">1</label>
<label id="[{3|2|0|1},6,1,1]">1</label>
<label id="[{3|2|1|0},0,0,0]">12</label>
<label id="[{3|2|1|0},0,0,1]">24</label>
<label id="[{3|2|1|0},1,0,0]">204</label>
<label id="[{3|2|1|0},1,0,1]">204</label>
<label id="[{3|2|1|0},1,1,0]">6</label>
<label id="[{3|2|1|0},1,1,1]">6</label>
<label id="[{3|2|1|0},2,0,0]">450</label>
<label id="[{3|2|1|0},2,0,1]">450</label>
<label id="[{3|2|1|0},2,1,0]">15</label>
<label id="[{3|2|1|0},2,1,1]">15</label>
<label id="[{3|2|1|0},3,0,0]">520</label>
<label id="[{3|2|1|0},3,0,1]">520</label>
<label id="[{3|2|1|0},3,1,0]">20</label>
<label id="[{3|2|1|0},3,1,1]">20</label>
<label id="[{3|2|1|0},4,0,0]">330</label>
<label id="[{3|2|1|0},4,0,1]">330</label>
<label id="[{3|2|1|0},4,1,0]">15</label>
<label id="[{3|2|1|0},4,1,1]">15</label>
<label id="[{3|2|1|0},5,0,0]">108</label>
<label id="[{3|2|1|0},5,0,1]">108</label>
<label id="[{3|2|1|0},5,1,0]">6</label>
<label id="[{3|2|1|0},5,1,1]">6</label>
<label id="[{3|2|1|0},6,0,0]">14</label>
<label id="[{3|2|1|0},6,0,1]">14</label>
<label id="[{3|2|1|0},6,1,0]">1</label>
<label id="[{3|2|1|0},6,1,1]">1</label>
</state-labels><state-labels procid="1">
<label id="[0]">124153</label>
<label id="[1]">4573</label>
<label id="[2]">1532</label>
<label id="[3]">1526</label>
<label id="[4]">3060</label>
</state-labels><state-labels procid="2">
<label id="[0]">124153</label>
<label id="[1]">4573</label>
<label id="[2]">1532</label>
<label id="[3]">1526</label>
<label id="[4]">3060</label>
</state-labels><state-labels procid="3">
<label id="[0]">124153</label>
<label id="[1]">4573</label>
<label id="[2]">1532</label>
<label id="[3]">1526</label>
<label id="[4]">3060</label>
</state-labels><state-labels procid="4">
<label id="[0]">124153</label>
<label id="[1]">4573</label>
<label id="[2]">1532</label>
<label id="[3]">1526</label>
<label id="[4]">3060</label>
</state-labels><state-labels procid="5">
<label id="[0]">124153</label>
<label id="[1]">4573</label>
<label id="[2]">1532</label>
<label id="[3]">1526</label>
<label id="[4]">3060</label>
</state-labels><state-labels procid="6">
<label id="[0]">124153</label>
<label id="[1]">4573</label>
<label id="[2]">1532</label>
<label id="[3]">1526</label>
<label id="[4]">3060</label>
</state-labels><state-labels procid="7">
<label id="[0]">124153</label>
<label id="[1]">4573</label>
<label id="[2]">1532</label>
<label id="[3]">1526</label>
<label id="[4]">3060</label>
</state-labels><state-labels procid="8">
<label id="[0]">62629</label>
<label id="[1]">2269</label>
<label id="[2]">37</label>
<label id="[3]">2280</label>
<label id="[4]">62976</label>
<label id="[5]">2304</label>
<label id="[6]">72</label>
<label id="[7]">36</label>
<label id="[8]">2241</label>
</state-labels><state-labels procid="9">
<label id="[0]">62629</label>
<label id="[1]">2269</label>
<label id="[2]">37</label>
<label id="[3]">2280</label>
<label id="[4]">62976</label>
<label id="[5]">2304</label>
<label id="[6]">72</label>
<label id="[7]">36</label>
<label id="[8]">2241</label>
</state-labels><state-labels procid="10">
<label id="[0]">62629</label>
<label id="[1]">2269</label>
<label id="[2]">37</label>
<label id="[3]">2280</label>
<label id="[4]">62976</label>
<label id="[5]">2304</label>
<label id="[6]">72</label>
<label id="[7]">36</label>
<label id="[8]">2241</label>
</state-labels><state-labels procid="11">
<label id="[0]">62629</label>
<label id="[1]">2269</label>
<label id="[2]">37</label>
<label id="[3]">2280</label>
<label id="[4]">62976</label>
<label id="[5]">2304</label>
<label id="[6]">72</label>
<label id="[7]">36</label>
<label id="[8]">2241</label>
</state-labels><state-labels procid="12">
<label id="[0]">62629</label>
<label id="[1]">2269</label>
<label id="[2]">37</label>
<label id="[3]">2280</label>
<label id="[4]">62976</label>
<label id="[5]">2304</label>
<label id="[6]">72</label>
<label id="[7]">36</label>
<label id="[8]">2241</label>
</state-labels><state-labels procid="13">
<label id="[0]">62629</label>
<label id="[1]">2269</label>
<label id="[2]">37</label>
<label id="[3]">2280</label>
<label id="[4]">62976</label>
<label id="[5]">2304</label>
<label id="[6]">72</label>
<label id="[7]">36</label>
<label id="[8]">2241</label>
</state-labels></label-info>
</state-space-info>
