<?xml version="1.0"?>
<!DOCTYPE state-space-info SYSTEM "../../state_space_info.dtd">


<state-space-info>
<states>2334</states>
<edges>3097</edges>
<bfs-info>
 <levels>42</levels>
<max-level>154</max-level>

<back-level-edges>447</back-level-edges>
<max-back-level-edge>18</max-back-level-edge>
<avg-back-level-edge>5.217</avg-back-level-edge>
<bfs-levels>
<level id="0"><states>1</states><edges>5</edges></level>
<level id="1"><states>5</states><edges>5</edges></level>
<level id="2"><states>5</states><edges>5</edges></level>
<level id="3"><states>2</states><edges>4</edges></level>
<level id="4"><states>4</states><edges>4</edges></level>
<level id="5"><states>2</states><edges>10</edges></level>
<level id="6"><states>10</states><edges>10</edges></level>
<level id="7"><states>10</states><edges>10</edges></level>
<level id="8"><states>10</states><edges>14</edges></level>
<level id="9"><states>14</states><edges>38</edges></level>
<level id="10"><states>34</states><edges>50</edges></level>
<level id="11"><states>50</states><edges>50</edges></level>
<level id="12"><states>36</states><edges>54</edges></level>
<level id="13"><states>54</states><edges>54</edges></level>
<level id="14"><states>48</states><edges>120</edges></level>
<level id="15"><states>104</states><edges>112</edges></level>
<level id="16"><states>100</states><edges>100</edges></level>
<level id="17"><states>70</states><edges>142</edges></level>
<level id="18"><states>124</states><edges>124</edges></level>
<level id="19"><states>96</states><edges>152</edges></level>
<level id="20"><states>100</states><edges>124</edges></level>
<level id="21"><states>100</states><edges>100</edges></level>
<level id="22"><states>60</states><edges>118</edges></level>
<level id="23"><states>88</states><edges>112</edges></level>
<level id="24"><states>80</states><edges>104</edges></level>
<level id="25"><states>64</states><edges>84</edges></level>
<level id="26"><states>66</states><edges>96</edges></level>
<level id="27"><states>86</states><edges>88</edges></level>
<level id="28"><states>64</states><edges>160</edges></level>
<level id="29"><states>135</states><edges>147</edges></level>
<level id="30"><states>123</states><edges>125</edges></level>
<level id="31"><states>65</states><edges>164</edges></level>
<level id="32"><states>154</states><edges>154</edges></level>
<level id="33"><states>106</states><edges>130</edges></level>
<level id="34"><states>62</states><edges>94</edges></level>
<level id="35"><states>82</states><edges>82</edges></level>
<level id="36"><states>38</states><edges>62</edges></level>
<level id="37"><states>38</states><edges>38</edges></level>
<level id="38"><states>26</states><edges>26</edges></level>
<level id="39"><states>2</states><edges>10</edges></level>
<level id="40"><states>10</states><edges>10</edges></level>
<level id="41"><states>6</states><edges>6</edges></level>
</bfs-levels>
<back-level-length id="0">0</back-level-length>
<back-level-length id="1">0</back-level-length>
<back-level-length id="2">0.671141</back-level-length>
<back-level-length id="3">0</back-level-length>
<back-level-length id="4">41.1633</back-level-length>
<back-level-length id="5">48.3221</back-level-length>
<back-level-length id="6">0</back-level-length>
<back-level-length id="7">0</back-level-length>
<back-level-length id="8">3.3557</back-level-length>
<back-level-length id="9">1.78971</back-level-length>
<back-level-length id="10">0</back-level-length>
<back-level-length id="11">0</back-level-length>
<back-level-length id="12">0</back-level-length>
<back-level-length id="13">2.68456</back-level-length>
<back-level-length id="14">0</back-level-length>
<back-level-length id="15">0</back-level-length>
<back-level-length id="16">0</back-level-length>
<back-level-length id="17">0</back-level-length>
<back-level-length id="18">2.01342</back-level-length>
</bfs-info>
<degrees>
<avg>1.32691</avg>
<max-in>5</max-in>
<max-out>5</max-out>
<degree id="0"><in>0</in><out>24</out></degree>
<degree id="1"><in>1916</in><out>2087</out></degree>
<degree id="2"><in>231</in><out>27</out></degree>
<degree id="3"><in>99</in><out>12</out></degree>
<degree id="4"><in>18</in><out>0</out></degree>
<degree id="5"><in>70</in><out>184</out></degree>
</degrees>
<scc-info>
<count>441</count>
<height>18</height>
<nontrivial-height>11</nontrivial-height>
<trivial>422</trivial>
<terminal>24</terminal>
<largest>273</largest>
<largest-position> </largest-position>
</scc-info>
<dfs-info>
<stack-size id="11">0.471294</stack-size>
<stack-size id="22">0.856898</stack-size>
<stack-size id="33">1.19966</stack-size>
<stack-size id="44">1.54242</stack-size>
<stack-size id="55">1.97087</stack-size>
<stack-size id="66">2.14225</stack-size>
<stack-size id="77">2.44216</stack-size>
<stack-size id="88">2.74207</stack-size>
<stack-size id="99">2.65638</stack-size>
<stack-size id="110">3.12768</stack-size>
<stack-size id="121">3.25621</stack-size>
<stack-size id="132">3.38475</stack-size>
<stack-size id="143">3.77035</stack-size>
<stack-size id="154">3.89889</stack-size>
<stack-size id="165">4.02742</stack-size>
<stack-size id="176">3.8132</stack-size>
<stack-size id="187">3.47044</stack-size>
<stack-size id="198">3.38475</stack-size>
<stack-size id="209">2.99914</stack-size>
<stack-size id="220">2.82776</stack-size>
<stack-size id="231">2.52785</stack-size>
<stack-size id="242">2.0994</stack-size>
<stack-size id="253">1.88518</stack-size>
<stack-size id="264">1.62811</stack-size>
<stack-size id="275">1.79949</stack-size>
<stack-size id="286">1.97087</stack-size>
<stack-size id="297">2.18509</stack-size>
<stack-size id="308">2.39931</stack-size>
<stack-size id="319">1.67095</stack-size>
<stack-size id="330">1.45673</stack-size>
<stack-size id="341">1.58526</stack-size>
<stack-size id="352">1.84233</stack-size>
<stack-size id="363">2.18509</stack-size>
<stack-size id="374">2.31362</stack-size>
<stack-size id="385">2.44216</stack-size>
<stack-size id="396">2.69923</stack-size>
<stack-size id="407">2.82776</stack-size>
<stack-size id="418">3.12768</stack-size>
<stack-size id="429">3.3419</stack-size>
<stack-size id="440">3.47044</stack-size>
<stack-size id="451">3.94173</stack-size>
<stack-size id="462">3.89889</stack-size>
<stack-size id="473">3.68466</stack-size>
<stack-size id="484">3.25621</stack-size>
<stack-size id="495">2.9563</stack-size>
<stack-size id="506">2.65638</stack-size>
<stack-size id="517">2.35647</stack-size>
<stack-size id="528">2.14225</stack-size>
<stack-size id="539">1.75664</stack-size>
<stack-size id="550">1.54242</stack-size>
<stack-size id="561">1.45673</stack-size>
<stack-size id="572">1.62811</stack-size>
<stack-size id="583">1.84233</stack-size>
<stack-size id="594">2.14225</stack-size>
<stack-size id="605">1.88518</stack-size>
<stack-size id="616">1.15681</stack-size>
<stack-size id="627">1.15681</stack-size>
<stack-size id="638">1.58526</stack-size>
<stack-size id="649">1.88518</stack-size>
<stack-size id="660">2.31362</stack-size>
<stack-size id="671">2.31362</stack-size>
<stack-size id="682">2.61354</stack-size>
<stack-size id="693">2.82776</stack-size>
<stack-size id="704">2.9563</stack-size>
<stack-size id="715">3.25621</stack-size>
<stack-size id="726">3.29906</stack-size>
<stack-size id="737">3.59897</stack-size>
<stack-size id="748">3.89889</stack-size>
<stack-size id="759">3.94173</stack-size>
<stack-size id="770">4.41302</stack-size>
<stack-size id="781">4.54156</stack-size>
<stack-size id="792">4.67009</stack-size>
<stack-size id="803">4.41302</stack-size>
<stack-size id="814">4.32734</stack-size>
<stack-size id="825">3.94173</stack-size>
<stack-size id="836">3.77035</stack-size>
<stack-size id="847">3.38475</stack-size>
<stack-size id="858">3.08483</stack-size>
<stack-size id="869">2.78492</stack-size>
<stack-size id="880">2.39931</stack-size>
<stack-size id="891">2.27078</stack-size>
<stack-size id="902">2.57069</stack-size>
<stack-size id="913">2.78492</stack-size>
<stack-size id="924">2.91345</stack-size>
<stack-size id="935">3.38475</stack-size>
<stack-size id="946">3.3419</stack-size>
<stack-size id="957">3.64182</stack-size>
<stack-size id="968">3.94173</stack-size>
<stack-size id="979">3.98458</stack-size>
<stack-size id="990">4.28449</stack-size>
<stack-size id="1001">4.5844</stack-size>
<stack-size id="1012">4.62725</stack-size>
<stack-size id="1023">4.45587</stack-size>
<stack-size id="1034">4.07027</stack-size>
<stack-size id="1045">3.85604</stack-size>
<stack-size id="1056">3.38475</stack-size>
<stack-size id="1067">3.08483</stack-size>
<stack-size id="1078">2.91345</stack-size>
<stack-size id="1089">2.74207</stack-size>
<stack-size id="1100">2.35647</stack-size>
<stack-size id="1111">1.97087</stack-size>
<stack-size id="1122">2.22793</stack-size>
<stack-size id="1133">2.35647</stack-size>
<stack-size id="1144">2.74207</stack-size>
<stack-size id="1155">2.87061</stack-size>
<stack-size id="1166">3.17052</stack-size>
<stack-size id="1177">3.29906</stack-size>
<stack-size id="1188">3.42759</stack-size>
<stack-size id="1199">3.72751</stack-size>
<stack-size id="1210">3.94173</stack-size>
<stack-size id="1221">4.07027</stack-size>
<stack-size id="1232">4.54156</stack-size>
<stack-size id="1243">4.1988</stack-size>
<stack-size id="1254">4.11311</stack-size>
<stack-size id="1265">3.85604</stack-size>
<stack-size id="1276">3.55613</stack-size>
<stack-size id="1287">3.17052</stack-size>
<stack-size id="1298">2.87061</stack-size>
<stack-size id="1309">2.57069</stack-size>
<stack-size id="1320">2.18509</stack-size>
<stack-size id="1331">2.01371</stack-size>
<stack-size id="1342">1.75664</stack-size>
<stack-size id="1353">1.84233</stack-size>
<stack-size id="1364">1.97087</stack-size>
<stack-size id="1375">2.0994</stack-size>
<stack-size id="1386">2.22793</stack-size>
<stack-size id="1397">2.52785</stack-size>
<stack-size id="1408">2.65638</stack-size>
<stack-size id="1419">2.9563</stack-size>
<stack-size id="1430">3.17052</stack-size>
<stack-size id="1441">3.29906</stack-size>
<stack-size id="1452">3.59897</stack-size>
<stack-size id="1463">3.42759</stack-size>
<stack-size id="1474">3.25621</stack-size>
<stack-size id="1485">3.08483</stack-size>
<stack-size id="1496">2.69923</stack-size>
<stack-size id="1507">2.39931</stack-size>
<stack-size id="1518">2.01371</stack-size>
<stack-size id="1529">1.79949</stack-size>
<stack-size id="1540">1.41388</stack-size>
<stack-size id="1551">1.19966</stack-size>
<stack-size id="1562">1.67095</stack-size>
<stack-size id="1573">2.0994</stack-size>
<stack-size id="1584">2.14225</stack-size>
<stack-size id="1595">2.44216</stack-size>
<stack-size id="1606">2.61354</stack-size>
<stack-size id="1617">2.82776</stack-size>
<stack-size id="1628">2.78492</stack-size>
<stack-size id="1639">2.31362</stack-size>
<stack-size id="1650">1.88518</stack-size>
<stack-size id="1661">2.22793</stack-size>
<stack-size id="1672">2.39931</stack-size>
<stack-size id="1683">2.61354</stack-size>
<stack-size id="1694">2.82776</stack-size>
<stack-size id="1705">3.04199</stack-size>
<stack-size id="1716">3.04199</stack-size>
<stack-size id="1727">2.485</stack-size>
<stack-size id="1738">2.01371</stack-size>
<stack-size id="1749">2.27078</stack-size>
<stack-size id="1760">2.44216</stack-size>
<stack-size id="1771">2.65638</stack-size>
<stack-size id="1782">2.9563</stack-size>
<stack-size id="1793">2.52785</stack-size>
<stack-size id="1804">2.01371</stack-size>
<stack-size id="1815">1.92802</stack-size>
<stack-size id="1826">2.0994</stack-size>
<stack-size id="1837">2.22793</stack-size>
<stack-size id="1848">2.44216</stack-size>
<stack-size id="1859">2.74207</stack-size>
<stack-size id="1870">2.44216</stack-size>
<stack-size id="1881">1.97087</stack-size>
<stack-size id="1892">1.62811</stack-size>
<stack-size id="1903">1.84233</stack-size>
<stack-size id="1914">1.97087</stack-size>
<stack-size id="1925">2.27078</stack-size>
<stack-size id="1936">2.485</stack-size>
<stack-size id="1947">2.22793</stack-size>
<stack-size id="1958">1.75664</stack-size>
<stack-size id="1969">1.41388</stack-size>
<stack-size id="1980">1.62811</stack-size>
<stack-size id="1991">1.75664</stack-size>
<stack-size id="2002">2.05656</stack-size>
<stack-size id="2013">2.27078</stack-size>
<stack-size id="2024">2.18509</stack-size>
<stack-size id="2035">1.49957</stack-size>
<stack-size id="2046">1.2425</stack-size>
<stack-size id="2057">1.37104</stack-size>
<stack-size id="2068">1.67095</stack-size>
<stack-size id="2079">1.88518</stack-size>
<stack-size id="2090">1.67095</stack-size>
<stack-size id="2101">0.942588</stack-size>
<stack-size id="2112">0.899743</stack-size>
<stack-size id="2123">1.15681</stack-size>
<stack-size id="2134">1.28535</stack-size>
<stack-size id="2145">1.54242</stack-size>
<stack-size id="2156">1.7138</stack-size>
<stack-size id="2167">1.02828</stack-size>
<stack-size id="2178">0.814053</stack-size>
<stack-size id="2189">0.685518</stack-size>
<stack-size id="2200">0.985433</stack-size>
<stack-size id="2211">1.19966</stack-size>
<stack-size id="2222">1.41388</stack-size>
<stack-size id="2233">1.32819</stack-size>
<stack-size id="2244">0.856898</stack-size>
<stack-size id="2255">0.299914</stack-size>
<stack-size id="2266">0.599829</stack-size>
<stack-size id="2277">0.728363</stack-size>
<stack-size id="2288">1.02828</stack-size>
<stack-size id="2299">1.2425</stack-size>
<stack-size id="2310">1.02828</stack-size>
<stack-size id="2321">0.299914</stack-size>
<stack-size id="2332">0.128535</stack-size>
<max-stack>111</max-stack>
<front-edges>2333</front-edges>
<back-edges>335</back-edges>
<cross-edges>429</cross-edges>
<shortest-cycle>3</shortest-cycle>
</dfs-info>
<rw-info>
<coverage step="220">5.99829</coverage>
<coverage step="440">11.0111</coverage>
<coverage step="660">14.8672</coverage>
<coverage step="880">17.6521</coverage>
<coverage step="1100">22.1937</coverage>
<coverage step="1320">23.8218</coverage>
<coverage step="1540">25.964</coverage>
<coverage step="1760">30.8055</coverage>
<coverage step="1980">31.5767</coverage>
<coverage step="2200">34.1474</coverage>
<coverage step="2420">34.1902</coverage>
<coverage step="2640">34.3616</coverage>
<coverage step="2860">34.4473</coverage>
<coverage step="3080">36.7609</coverage>
<coverage step="3300">38.9032</coverage>
<coverage step="3520">42.0308</coverage>
<coverage step="3740">43.8303</coverage>
<coverage step="3960">45.0728</coverage>
<coverage step="4180">45.7584</coverage>
<coverage step="4400">46.1011</coverage>
<coverage step="4620">48.9717</coverage>
<coverage step="4840">49.0574</coverage>
<coverage step="5060">49.5716</coverage>
<coverage step="5280">51.1997</coverage>
<coverage step="5500">54.0274</coverage>
<coverage step="5720">54.3702</coverage>
<coverage step="5940">55.9126</coverage>
<coverage step="6160">56.5124</coverage>
<coverage step="6380">57.4122</coverage>
<coverage step="6600">58.0548</coverage>
<coverage step="6820">59.7258</coverage>
<coverage step="7040">60.4113</coverage>
<coverage step="7260">60.5398</coverage>
<coverage step="7480">61.2254</coverage>
<coverage step="7700">61.5253</coverage>
<coverage step="7920">61.5681</coverage>
<coverage step="8140">62.3393</coverage>
<coverage step="8360">62.425</coverage>
<coverage step="8580">62.5107</coverage>
<coverage step="8800">62.6392</coverage>
<coverage step="9020">63.3248</coverage>
<coverage step="9240">63.4533</coverage>
<coverage step="9460">63.4961</coverage>
<coverage step="9680">64.7815</coverage>
<coverage step="9900">64.7815</coverage>
<coverage step="10120">64.8243</coverage>
<coverage step="10340">65.5099</coverage>
<coverage step="10560">65.5099</coverage>
<coverage step="10780">65.6812</coverage>
<coverage step="11000">65.6812</coverage>
<coverage step="11220">67.0951</coverage>
<coverage step="11440">67.2665</coverage>
<coverage step="11660">67.2665</coverage>
<coverage step="11880">67.2665</coverage>
<coverage step="12100">67.7806</coverage>
<coverage step="12320">68.7232</coverage>
<coverage step="12540">69.2802</coverage>
<coverage step="12760">69.5801</coverage>
<coverage step="12980">69.7087</coverage>
<coverage step="13200">70.0086</coverage>
<coverage step="13420">70.1371</coverage>
<coverage step="13640">70.437</coverage>
<coverage step="13860">71.1654</coverage>
<coverage step="14080">71.1654</coverage>
<coverage step="14300">71.1654</coverage>
<coverage step="14520">71.2511</coverage>
<coverage step="14740">71.3368</coverage>
<coverage step="14960">71.4225</coverage>
<coverage step="15180">71.5081</coverage>
<coverage step="15400">71.5938</coverage>
<coverage step="15620">72.5793</coverage>
<coverage step="15840">72.5793</coverage>
<coverage step="16060">72.7935</coverage>
<coverage step="16280">73.1791</coverage>
<coverage step="16500">73.7361</coverage>
<coverage step="16720">73.9931</coverage>
<coverage step="16940">74.1217</coverage>
<coverage step="17160">74.2931</coverage>
<coverage step="17380">74.6787</coverage>
<coverage step="17600">75.1928</coverage>
<coverage step="17820">75.8783</coverage>
<coverage step="18040">76.2211</coverage>
<coverage step="18260">76.3925</coverage>
<coverage step="18480">76.3925</coverage>
<coverage step="18700">76.7352</coverage>
<coverage step="18920">77.2065</coverage>
<coverage step="19140">77.2065</coverage>
<coverage step="19360">77.5064</coverage>
<coverage step="19580">77.5064</coverage>
<coverage step="19800">77.5064</coverage>
<coverage step="20020">77.6778</coverage>
<coverage step="20240">77.8063</coverage>
<coverage step="20460">77.8063</coverage>
<coverage step="20680">77.8063</coverage>
<coverage step="20900">77.8063</coverage>
<coverage step="21120">77.8063</coverage>
<coverage step="21340">77.8063</coverage>
<coverage step="21560">77.892</coverage>
<coverage step="21780">78.0634</coverage>
<coverage step="22000">78.0634</coverage>
<coverage step="22220">78.0634</coverage>
<coverage step="22440">78.0634</coverage>
<coverage step="22660">78.0634</coverage>
<coverage step="22880">78.0634</coverage>
<coverage step="23100">78.3205</coverage>
<coverage step="23320">78.4062</coverage>
<rw-visits order="1">849</rw-visits>
<rw-visits order="9">180</rw-visits>
<rw-visits order="17">161</rw-visits>
<rw-visits order="25">151</rw-visits>
<rw-visits order="33">88</rw-visits>
<rw-visits order="41">50</rw-visits>
<rw-visits order="49">47</rw-visits>
<rw-visits order="57">46</rw-visits>
<rw-visits order="65">45</rw-visits>
<rw-visits order="73">44</rw-visits>
<rw-visits order="81">42</rw-visits>
<rw-visits order="89">42</rw-visits>
<rw-visits order="97">41</rw-visits>
<rw-visits order="105">40</rw-visits>
<rw-visits order="113">38</rw-visits>
<rw-visits order="121">37</rw-visits>
<rw-visits order="129">37</rw-visits>
<rw-visits order="137">36</rw-visits>
<rw-visits order="145">36</rw-visits>
<rw-visits order="153">35</rw-visits>
<rw-visits order="161">34</rw-visits>
<rw-visits order="169">33</rw-visits>
<rw-visits order="177">32</rw-visits>
<rw-visits order="185">32</rw-visits>
<rw-visits order="193">32</rw-visits>
<rw-visits order="201">31</rw-visits>
<rw-visits order="209">31</rw-visits>
<rw-visits order="217">31</rw-visits>
<rw-visits order="225">30</rw-visits>
<rw-visits order="233">30</rw-visits>
<rw-visits order="241">29</rw-visits>
<rw-visits order="249">29</rw-visits>
<rw-visits order="257">29</rw-visits>
<rw-visits order="265">28</rw-visits>
<rw-visits order="273">27</rw-visits>
<rw-visits order="281">27</rw-visits>
<rw-visits order="289">26</rw-visits>
<rw-visits order="297">25</rw-visits>
<rw-visits order="305">24</rw-visits>
<rw-visits order="313">22</rw-visits>
<rw-visits order="321">21</rw-visits>
<rw-visits order="329">20</rw-visits>
<rw-visits order="337">18</rw-visits>
<rw-visits order="345">17</rw-visits>
<rw-visits order="353">16</rw-visits>
<rw-visits order="361">15</rw-visits>
<rw-visits order="369">14</rw-visits>
<rw-visits order="377">14</rw-visits>
<rw-visits order="385">13</rw-visits>
<rw-visits order="393">13</rw-visits>
<rw-visits order="401">12</rw-visits>
<rw-visits order="409">12</rw-visits>
<rw-visits order="417">11</rw-visits>
<rw-visits order="425">11</rw-visits>
<rw-visits order="433">11</rw-visits>
<rw-visits order="441">10</rw-visits>
<rw-visits order="449">10</rw-visits>
<rw-visits order="457">10</rw-visits>
<rw-visits order="465">10</rw-visits>
<rw-visits order="473">10</rw-visits>
<rw-visits order="481">10</rw-visits>
<rw-visits order="489">10</rw-visits>
<rw-visits order="497">9</rw-visits>
<rw-visits order="505">9</rw-visits>
<rw-visits order="513">9</rw-visits>
<rw-visits order="521">9</rw-visits>
<rw-visits order="529">9</rw-visits>
<rw-visits order="537">9</rw-visits>
<rw-visits order="545">9</rw-visits>
<rw-visits order="553">9</rw-visits>
<rw-visits order="561">8</rw-visits>
<rw-visits order="569">8</rw-visits>
<rw-visits order="577">8</rw-visits>
<rw-visits order="585">8</rw-visits>
<rw-visits order="593">8</rw-visits>
<rw-visits order="601">8</rw-visits>
<rw-visits order="609">8</rw-visits>
<rw-visits order="617">8</rw-visits>
<rw-visits order="625">8</rw-visits>
<rw-visits order="633">8</rw-visits>
<rw-visits order="641">7</rw-visits>
<rw-visits order="649">7</rw-visits>
<rw-visits order="657">7</rw-visits>
<rw-visits order="665">7</rw-visits>
<rw-visits order="673">7</rw-visits>
<rw-visits order="681">7</rw-visits>
<rw-visits order="689">7</rw-visits>
<rw-visits order="697">7</rw-visits>
<rw-visits order="705">7</rw-visits>
<rw-visits order="713">7</rw-visits>
<rw-visits order="721">7</rw-visits>
<rw-visits order="729">7</rw-visits>
<rw-visits order="737">6</rw-visits>
<rw-visits order="745">6</rw-visits>
<rw-visits order="753">6</rw-visits>
<rw-visits order="761">6</rw-visits>
<rw-visits order="769">6</rw-visits>
<rw-visits order="777">6</rw-visits>
<rw-visits order="785">6</rw-visits>
<rw-visits order="793">6</rw-visits>
<rw-visits order="801">6</rw-visits>
<rw-visits order="809">6</rw-visits>
<rw-visits order="817">6</rw-visits>
<rw-visits order="825">6</rw-visits>
<rw-visits order="833">6</rw-visits>
<rw-visits order="841">6</rw-visits>
<rw-visits order="849">6</rw-visits>
<rw-visits order="857">6</rw-visits>
<rw-visits order="865">6</rw-visits>
<rw-visits order="873">6</rw-visits>
<rw-visits order="881">6</rw-visits>
<rw-visits order="889">6</rw-visits>
<rw-visits order="897">6</rw-visits>
<rw-visits order="905">5</rw-visits>
<rw-visits order="913">5</rw-visits>
<rw-visits order="921">5</rw-visits>
<rw-visits order="929">5</rw-visits>
<rw-visits order="937">5</rw-visits>
<rw-visits order="945">5</rw-visits>
<rw-visits order="953">5</rw-visits>
<rw-visits order="961">5</rw-visits>
<rw-visits order="969">5</rw-visits>
<rw-visits order="977">5</rw-visits>
<rw-visits order="985">5</rw-visits>
<rw-visits order="993">5</rw-visits>
<rw-visits order="1001">5</rw-visits>
<rw-visits order="1009">5</rw-visits>
<rw-visits order="1017">5</rw-visits>
<rw-visits order="1025">5</rw-visits>
<rw-visits order="1033">5</rw-visits>
<rw-visits order="1041">5</rw-visits>
<rw-visits order="1049">5</rw-visits>
<rw-visits order="1057">5</rw-visits>
<rw-visits order="1065">5</rw-visits>
<rw-visits order="1073">4</rw-visits>
<rw-visits order="1081">4</rw-visits>
<rw-visits order="1089">4</rw-visits>
<rw-visits order="1097">4</rw-visits>
<rw-visits order="1105">4</rw-visits>
<rw-visits order="1113">4</rw-visits>
<rw-visits order="1121">4</rw-visits>
<rw-visits order="1129">4</rw-visits>
<rw-visits order="1137">4</rw-visits>
<rw-visits order="1145">4</rw-visits>
<rw-visits order="1153">4</rw-visits>
<rw-visits order="1161">4</rw-visits>
<rw-visits order="1169">4</rw-visits>
<rw-visits order="1177">4</rw-visits>
<rw-visits order="1185">4</rw-visits>
<rw-visits order="1193">4</rw-visits>
<rw-visits order="1201">4</rw-visits>
<rw-visits order="1209">4</rw-visits>
<rw-visits order="1217">4</rw-visits>
<rw-visits order="1225">4</rw-visits>
<rw-visits order="1233">4</rw-visits>
<rw-visits order="1241">4</rw-visits>
<rw-visits order="1249">4</rw-visits>
<rw-visits order="1257">4</rw-visits>
<rw-visits order="1265">4</rw-visits>
<rw-visits order="1273">4</rw-visits>
<rw-visits order="1281">3</rw-visits>
<rw-visits order="1289">3</rw-visits>
<rw-visits order="1297">3</rw-visits>
<rw-visits order="1305">3</rw-visits>
<rw-visits order="1313">3</rw-visits>
<rw-visits order="1321">3</rw-visits>
<rw-visits order="1329">3</rw-visits>
<rw-visits order="1337">3</rw-visits>
<rw-visits order="1345">3</rw-visits>
<rw-visits order="1353">3</rw-visits>
<rw-visits order="1361">3</rw-visits>
<rw-visits order="1369">3</rw-visits>
<rw-visits order="1377">3</rw-visits>
<rw-visits order="1385">3</rw-visits>
<rw-visits order="1393">3</rw-visits>
<rw-visits order="1401">3</rw-visits>
<rw-visits order="1409">3</rw-visits>
<rw-visits order="1417">3</rw-visits>
<rw-visits order="1425">3</rw-visits>
<rw-visits order="1433">3</rw-visits>
<rw-visits order="1441">3</rw-visits>
<rw-visits order="1449">3</rw-visits>
<rw-visits order="1457">2</rw-visits>
<rw-visits order="1465">2</rw-visits>
<rw-visits order="1473">2</rw-visits>
<rw-visits order="1481">2</rw-visits>
<rw-visits order="1489">2</rw-visits>
<rw-visits order="1497">2</rw-visits>
<rw-visits order="1505">2</rw-visits>
<rw-visits order="1513">2</rw-visits>
<rw-visits order="1521">2</rw-visits>
<rw-visits order="1529">2</rw-visits>
<rw-visits order="1537">2</rw-visits>
<rw-visits order="1545">2</rw-visits>
<rw-visits order="1553">2</rw-visits>
<rw-visits order="1561">2</rw-visits>
<rw-visits order="1569">2</rw-visits>
<rw-visits order="1577">2</rw-visits>
<rw-visits order="1585">2</rw-visits>
<rw-visits order="1593">2</rw-visits>
<rw-visits order="1601">2</rw-visits>
<rw-visits order="1609">2</rw-visits>
<rw-visits order="1617">2</rw-visits>
<rw-visits order="1625">1</rw-visits>
<rw-visits order="1633">1</rw-visits>
<rw-visits order="1641">1</rw-visits>
<rw-visits order="1649">1</rw-visits>
<rw-visits order="1657">1</rw-visits>
<rw-visits order="1665">1</rw-visits>
<rw-visits order="1673">1</rw-visits>
<rw-visits order="1681">1</rw-visits>
<rw-visits order="1689">1</rw-visits>
<rw-visits order="1697">1</rw-visits>
<rw-visits order="1705">1</rw-visits>
<rw-visits order="1713">1</rw-visits>
<rw-visits order="1721">1</rw-visits>
<rw-visits order="1729">1</rw-visits>
<rw-visits order="1737">1</rw-visits>
<rw-visits order="1745">1</rw-visits>
<rw-visits order="1753">1</rw-visits>
<rw-visits order="1761">1</rw-visits>
<rw-visits order="1769">1</rw-visits>
<rw-visits order="1777">1</rw-visits>
<rw-visits order="1785">1</rw-visits>
<rw-visits order="1793">1</rw-visits>
<rw-visits order="1801">1</rw-visits>
<rw-visits order="1809">1</rw-visits>
<rw-visits order="1817">1</rw-visits>
<rw-visits order="1825">1</rw-visits>
<final-coverage>78.4919</final-coverage>
</rw-info>
<local-info>
<diamonds>0</diamonds>
<neighborhood k="4">13</neighborhood>
<clustering k="4">1.00977</clustering>
</local-info>
<label-info>
<edge-label id="0.0">184</edge-label>
<edge-label id="0.1">34</edge-label>
<edge-label id="0.10">33</edge-label>
<edge-label id="0.11">33</edge-label>
<edge-label id="0.13">99</edge-label>
<edge-label id="0.2">34</edge-label>
<edge-label id="0.3">34</edge-label>
<edge-label id="0.4">85</edge-label>
<edge-label id="0.5">32</edge-label>
<edge-label id="0.6">32</edge-label>
<edge-label id="0.7">32</edge-label>
<edge-label id="0.9">33</edge-label>
<edge-label id="1.0">184</edge-label>
<edge-label id="1.1">34</edge-label>
<edge-label id="1.10">33</edge-label>
<edge-label id="1.11">33</edge-label>
<edge-label id="1.13">99</edge-label>
<edge-label id="1.2">34</edge-label>
<edge-label id="1.3">34</edge-label>
<edge-label id="1.4">85</edge-label>
<edge-label id="1.5">32</edge-label>
<edge-label id="1.6">32</edge-label>
<edge-label id="1.7">32</edge-label>
<edge-label id="1.9">33</edge-label>
<edge-label id="2.0">88</edge-label>
<edge-label id="2.1">24</edge-label>
<edge-label id="2.10">96</edge-label>
<edge-label id="2.11">24</edge-label>
<edge-label id="2.12">72</edge-label>
<edge-label id="2.13">4</edge-label>
<edge-label id="2.14">20</edge-label>
<edge-label id="2.15">4</edge-label>
<edge-label id="2.16">4</edge-label>
<edge-label id="2.17">4</edge-label>
<edge-label id="2.18">76</edge-label>
<edge-label id="2.2">24</edge-label>
<edge-label id="2.3">24</edge-label>
<edge-label id="2.4">16</edge-label>
<edge-label id="2.5">6</edge-label>
<edge-label id="2.6">6</edge-label>
<edge-label id="2.7">6</edge-label>
<edge-label id="2.8">1</edge-label>
<edge-label id="2.9">90</edge-label>
<edge-label id="3.0">88</edge-label>
<edge-label id="3.1">24</edge-label>
<edge-label id="3.10">96</edge-label>
<edge-label id="3.11">24</edge-label>
<edge-label id="3.12">72</edge-label>
<edge-label id="3.13">4</edge-label>
<edge-label id="3.14">20</edge-label>
<edge-label id="3.15">4</edge-label>
<edge-label id="3.16">4</edge-label>
<edge-label id="3.17">4</edge-label>
<edge-label id="3.18">76</edge-label>
<edge-label id="3.2">24</edge-label>
<edge-label id="3.3">24</edge-label>
<edge-label id="3.4">16</edge-label>
<edge-label id="3.5">6</edge-label>
<edge-label id="3.6">6</edge-label>
<edge-label id="3.7">6</edge-label>
<edge-label id="3.8">1</edge-label>
<edge-label id="3.9">90</edge-label>
<edge-label id="4.0">88</edge-label>
<edge-label id="4.1">24</edge-label>
<edge-label id="4.10">96</edge-label>
<edge-label id="4.11">24</edge-label>
<edge-label id="4.12">72</edge-label>
<edge-label id="4.13">4</edge-label>
<edge-label id="4.14">20</edge-label>
<edge-label id="4.15">4</edge-label>
<edge-label id="4.16">4</edge-label>
<edge-label id="4.17">4</edge-label>
<edge-label id="4.18">76</edge-label>
<edge-label id="4.2">24</edge-label>
<edge-label id="4.3">24</edge-label>
<edge-label id="4.4">16</edge-label>
<edge-label id="4.5">6</edge-label>
<edge-label id="4.6">6</edge-label>
<edge-label id="4.7">6</edge-label>
<edge-label id="4.8">1</edge-label>
<edge-label id="4.9">90</edge-label>
<state-labels procid="0">
<label id="[{0|0|1},0,0,0]">2</label>
<label id="[{0|0|1},0,0,1]">2</label>
<label id="[{0|0|2},0,0,0]">10</label>
<label id="[{0|0|2},0,0,1]">2</label>
<label id="[{0|0|2},0,1,0]">1</label>
<label id="[{0|1|0},0,0,0]">2</label>
<label id="[{0|1|0},0,0,1]">2</label>
<label id="[{0|1|1},0,0,1]">2</label>
<label id="[{0|1|2},0,0,0]">10</label>
<label id="[{0|1|2},0,0,1]">12</label>
<label id="[{0|1|2},0,1,0]">1</label>
<label id="[{0|1|2},0,1,1]">1</label>
<label id="[{0|1|3},1,0,0]">6</label>
<label id="[{0|1|3},1,0,1]">6</label>
<label id="[{0|1|3},2,0,0]">6</label>
<label id="[{0|1|3},2,0,1]">6</label>
<label id="[{0|1|3},3,0,0]">2</label>
<label id="[{0|1|3},3,0,1]">2</label>
<label id="[{0|2|0},0,0,0]">2</label>
<label id="[{0|2|0},0,0,1]">2</label>
<label id="[{0|2|1},0,0,0]">10</label>
<label id="[{0|2|1},0,0,1]">12</label>
<label id="[{0|2|1},0,1,0]">1</label>
<label id="[{0|2|1},0,1,1]">1</label>
<label id="[{0|2|3},0,0,0]">9</label>
<label id="[{0|2|3},0,0,1]">12</label>
<label id="[{0|2|3},1,0,0]">36</label>
<label id="[{0|2|3},1,0,1]">36</label>
<label id="[{0|2|3},1,1,0]">3</label>
<label id="[{0|2|3},1,1,1]">3</label>
<label id="[{0|2|3},2,0,0]">24</label>
<label id="[{0|2|3},2,0,1]">24</label>
<label id="[{0|2|3},2,1,0]">3</label>
<label id="[{0|2|3},2,1,1]">3</label>
<label id="[{0|2|3},3,0,0]">4</label>
<label id="[{0|2|3},3,0,1]">4</label>
<label id="[{0|2|3},3,1,0]">1</label>
<label id="[{0|2|3},3,1,1]">1</label>
<label id="[{0|3|1},1,0,0]">6</label>
<label id="[{0|3|1},1,0,1]">6</label>
<label id="[{0|3|1},2,0,0]">6</label>
<label id="[{0|3|1},2,0,1]">6</label>
<label id="[{0|3|1},3,0,0]">2</label>
<label id="[{0|3|1},3,0,1]">2</label>
<label id="[{0|3|2},0,0,0]">9</label>
<label id="[{0|3|2},0,0,1]">12</label>
<label id="[{0|3|2},1,0,0]">36</label>
<label id="[{0|3|2},1,0,1]">36</label>
<label id="[{0|3|2},1,1,0]">3</label>
<label id="[{0|3|2},1,1,1]">3</label>
<label id="[{0|3|2},2,0,0]">24</label>
<label id="[{0|3|2},2,0,1]">24</label>
<label id="[{0|3|2},2,1,0]">3</label>
<label id="[{0|3|2},2,1,1]">3</label>
<label id="[{0|3|2},3,0,0]">4</label>
<label id="[{0|3|2},3,0,1]">4</label>
<label id="[{0|3|2},3,1,0]">1</label>
<label id="[{0|3|2},3,1,1]">1</label>
<label id="[{1|0|0},0,0,0]">2</label>
<label id="[{1|0|0},0,0,1]">2</label>
<label id="[{1|0|1},0,0,1]">2</label>
<label id="[{1|0|2},0,0,0]">10</label>
<label id="[{1|0|2},0,0,1]">15</label>
<label id="[{1|0|2},0,1,0]">1</label>
<label id="[{1|0|2},0,1,1]">1</label>
<label id="[{1|0|3},1,0,0]">6</label>
<label id="[{1|0|3},1,0,1]">6</label>
<label id="[{1|0|3},2,0,0]">6</label>
<label id="[{1|0|3},2,0,1]">6</label>
<label id="[{1|0|3},3,0,0]">2</label>
<label id="[{1|0|3},3,0,1]">2</label>
<label id="[{1|1|0},0,0,1]">2</label>
<label id="[{1|1|2},0,0,1]">13</label>
<label id="[{1|1|2},0,1,1]">1</label>
<label id="[{1|2|0},0,0,0]">10</label>
<label id="[{1|2|0},0,0,1]">15</label>
<label id="[{1|2|0},0,1,0]">1</label>
<label id="[{1|2|0},0,1,1]">1</label>
<label id="[{1|2|1},0,0,1]">13</label>
<label id="[{1|2|1},0,1,1]">1</label>
<label id="[{1|2|3},0,0,0]">9</label>
<label id="[{1|2|3},0,0,1]">9</label>
<label id="[{1|2|3},1,0,0]">36</label>
<label id="[{1|2|3},1,0,1]">36</label>
<label id="[{1|2|3},1,1,0]">3</label>
<label id="[{1|2|3},1,1,1]">3</label>
<label id="[{1|2|3},2,0,0]">24</label>
<label id="[{1|2|3},2,0,1]">24</label>
<label id="[{1|2|3},2,1,0]">3</label>
<label id="[{1|2|3},2,1,1]">3</label>
<label id="[{1|2|3},3,0,0]">4</label>
<label id="[{1|2|3},3,0,1]">4</label>
<label id="[{1|2|3},3,1,0]">1</label>
<label id="[{1|2|3},3,1,1]">1</label>
<label id="[{1|3|0},1,0,0]">6</label>
<label id="[{1|3|0},1,0,1]">6</label>
<label id="[{1|3|0},2,0,0]">6</label>
<label id="[{1|3|0},2,0,1]">6</label>
<label id="[{1|3|0},3,0,0]">2</label>
<label id="[{1|3|0},3,0,1]">2</label>
<label id="[{1|3|2},0,0,0]">9</label>
<label id="[{1|3|2},0,0,1]">9</label>
<label id="[{1|3|2},1,0,0]">36</label>
<label id="[{1|3|2},1,0,1]">36</label>
<label id="[{1|3|2},1,1,0]">3</label>
<label id="[{1|3|2},1,1,1]">3</label>
<label id="[{1|3|2},2,0,0]">24</label>
<label id="[{1|3|2},2,0,1]">24</label>
<label id="[{1|3|2},2,1,0]">3</label>
<label id="[{1|3|2},2,1,1]">3</label>
<label id="[{1|3|2},3,0,0]">4</label>
<label id="[{1|3|2},3,0,1]">4</label>
<label id="[{1|3|2},3,1,0]">1</label>
<label id="[{1|3|2},3,1,1]">1</label>
<label id="[{2|0|0},0,0,0]">2</label>
<label id="[{2|0|0},0,0,1]">2</label>
<label id="[{2|0|1},0,0,0]">10</label>
<label id="[{2|0|1},0,0,1]">12</label>
<label id="[{2|0|1},0,1,0]">1</label>
<label id="[{2|0|1},0,1,1]">1</label>
<label id="[{2|0|3},0,0,0]">9</label>
<label id="[{2|0|3},0,0,1]">12</label>
<label id="[{2|0|3},1,0,0]">36</label>
<label id="[{2|0|3},1,0,1]">36</label>
<label id="[{2|0|3},1,1,0]">3</label>
<label id="[{2|0|3},1,1,1]">3</label>
<label id="[{2|0|3},2,0,0]">24</label>
<label id="[{2|0|3},2,0,1]">24</label>
<label id="[{2|0|3},2,1,0]">3</label>
<label id="[{2|0|3},2,1,1]">3</label>
<label id="[{2|0|3},3,0,0]">4</label>
<label id="[{2|0|3},3,0,1]">4</label>
<label id="[{2|0|3},3,1,0]">1</label>
<label id="[{2|0|3},3,1,1]">1</label>
<label id="[{2|1|0},0,0,0]">10</label>
<label id="[{2|1|0},0,0,1]">12</label>
<label id="[{2|1|0},0,1,0]">1</label>
<label id="[{2|1|0},0,1,1]">1</label>
<label id="[{2|1|1},0,0,1]">10</label>
<label id="[{2|1|1},0,1,1]">1</label>
<label id="[{2|1|3},0,0,0]">6</label>
<label id="[{2|1|3},0,0,1]">12</label>
<label id="[{2|1|3},1,0,0]">36</label>
<label id="[{2|1|3},1,0,1]">36</label>
<label id="[{2|1|3},1,1,0]">3</label>
<label id="[{2|1|3},1,1,1]">3</label>
<label id="[{2|1|3},2,0,0]">24</label>
<label id="[{2|1|3},2,0,1]">24</label>
<label id="[{2|1|3},2,1,0]">3</label>
<label id="[{2|1|3},2,1,1]">3</label>
<label id="[{2|1|3},3,0,0]">4</label>
<label id="[{2|1|3},3,0,1]">4</label>
<label id="[{2|1|3},3,1,0]">1</label>
<label id="[{2|1|3},3,1,1]">1</label>
<label id="[{2|3|0},0,0,0]">9</label>
<label id="[{2|3|0},0,0,1]">12</label>
<label id="[{2|3|0},1,0,0]">36</label>
<label id="[{2|3|0},1,0,1]">36</label>
<label id="[{2|3|0},1,1,0]">3</label>
<label id="[{2|3|0},1,1,1]">3</label>
<label id="[{2|3|0},2,0,0]">24</label>
<label id="[{2|3|0},2,0,1]">24</label>
<label id="[{2|3|0},2,1,0]">3</label>
<label id="[{2|3|0},2,1,1]">3</label>
<label id="[{2|3|0},3,0,0]">4</label>
<label id="[{2|3|0},3,0,1]">4</label>
<label id="[{2|3|0},3,1,0]">1</label>
<label id="[{2|3|0},3,1,1]">1</label>
<label id="[{2|3|1},0,0,0]">6</label>
<label id="[{2|3|1},0,0,1]">12</label>
<label id="[{2|3|1},1,0,0]">36</label>
<label id="[{2|3|1},1,0,1]">36</label>
<label id="[{2|3|1},1,1,0]">3</label>
<label id="[{2|3|1},1,1,1]">3</label>
<label id="[{2|3|1},2,0,0]">24</label>
<label id="[{2|3|1},2,0,1]">24</label>
<label id="[{2|3|1},2,1,0]">3</label>
<label id="[{2|3|1},2,1,1]">3</label>
<label id="[{2|3|1},3,0,0]">4</label>
<label id="[{2|3|1},3,0,1]">4</label>
<label id="[{2|3|1},3,1,0]">1</label>
<label id="[{2|3|1},3,1,1]">1</label>
<label id="[{3|0|1},1,0,0]">6</label>
<label id="[{3|0|1},1,0,1]">6</label>
<label id="[{3|0|1},2,0,0]">6</label>
<label id="[{3|0|1},2,0,1]">6</label>
<label id="[{3|0|1},3,0,0]">2</label>
<label id="[{3|0|1},3,0,1]">2</label>
<label id="[{3|0|2},0,0,0]">9</label>
<label id="[{3|0|2},0,0,1]">12</label>
<label id="[{3|0|2},1,0,0]">36</label>
<label id="[{3|0|2},1,0,1]">36</label>
<label id="[{3|0|2},1,1,0]">3</label>
<label id="[{3|0|2},1,1,1]">3</label>
<label id="[{3|0|2},2,0,0]">24</label>
<label id="[{3|0|2},2,0,1]">24</label>
<label id="[{3|0|2},2,1,0]">3</label>
<label id="[{3|0|2},2,1,1]">3</label>
<label id="[{3|0|2},3,0,0]">4</label>
<label id="[{3|0|2},3,0,1]">4</label>
<label id="[{3|0|2},3,1,0]">1</label>
<label id="[{3|0|2},3,1,1]">1</label>
<label id="[{3|1|0},1,0,0]">6</label>
<label id="[{3|1|0},1,0,1]">6</label>
<label id="[{3|1|0},2,0,0]">6</label>
<label id="[{3|1|0},2,0,1]">6</label>
<label id="[{3|1|0},3,0,0]">2</label>
<label id="[{3|1|0},3,0,1]">2</label>
<label id="[{3|1|2},0,0,0]">6</label>
<label id="[{3|1|2},0,0,1]">12</label>
<label id="[{3|1|2},1,0,0]">36</label>
<label id="[{3|1|2},1,0,1]">36</label>
<label id="[{3|1|2},1,1,0]">3</label>
<label id="[{3|1|2},1,1,1]">3</label>
<label id="[{3|1|2},2,0,0]">24</label>
<label id="[{3|1|2},2,0,1]">24</label>
<label id="[{3|1|2},2,1,0]">3</label>
<label id="[{3|1|2},2,1,1]">3</label>
<label id="[{3|1|2},3,0,0]">4</label>
<label id="[{3|1|2},3,0,1]">4</label>
<label id="[{3|1|2},3,1,0]">1</label>
<label id="[{3|1|2},3,1,1]">1</label>
<label id="[{3|2|0},0,0,0]">9</label>
<label id="[{3|2|0},0,0,1]">12</label>
<label id="[{3|2|0},1,0,0]">36</label>
<label id="[{3|2|0},1,0,1]">36</label>
<label id="[{3|2|0},1,1,0]">3</label>
<label id="[{3|2|0},1,1,1]">3</label>
<label id="[{3|2|0},2,0,0]">24</label>
<label id="[{3|2|0},2,0,1]">24</label>
<label id="[{3|2|0},2,1,0]">3</label>
<label id="[{3|2|0},2,1,1]">3</label>
<label id="[{3|2|0},3,0,0]">4</label>
<label id="[{3|2|0},3,0,1]">4</label>
<label id="[{3|2|0},3,1,0]">1</label>
<label id="[{3|2|0},3,1,1]">1</label>
<label id="[{3|2|1},0,0,0]">6</label>
<label id="[{3|2|1},0,0,1]">12</label>
<label id="[{3|2|1},1,0,0]">36</label>
<label id="[{3|2|1},1,0,1]">36</label>
<label id="[{3|2|1},1,1,0]">3</label>
<label id="[{3|2|1},1,1,1]">3</label>
<label id="[{3|2|1},2,0,0]">24</label>
<label id="[{3|2|1},2,0,1]">24</label>
<label id="[{3|2|1},2,1,0]">3</label>
<label id="[{3|2|1},2,1,1]">3</label>
<label id="[{3|2|1},3,0,0]">4</label>
<label id="[{3|2|1},3,0,1]">4</label>
<label id="[{3|2|1},3,1,0]">1</label>
<label id="[{3|2|1},3,1,1]">1</label>
</state-labels><state-labels procid="1">
<label id="[0]">1862</label>
<label id="[1]">184</label>
<label id="[2]">96</label>
<label id="[3]">93</label>
<label id="[4]">99</label>
</state-labels><state-labels procid="2">
<label id="[0]">1862</label>
<label id="[1]">184</label>
<label id="[2]">96</label>
<label id="[3]">93</label>
<label id="[4]">99</label>
</state-labels><state-labels procid="3">
<label id="[0]">972</label>
<label id="[1]">88</label>
<label id="[2]">16</label>
<label id="[3]">90</label>
<label id="[4]">960</label>
<label id="[5]">96</label>
<label id="[6]">24</label>
<label id="[7]">12</label>
<label id="[8]">76</label>
</state-labels><state-labels procid="4">
<label id="[0]">972</label>
<label id="[1]">88</label>
<label id="[2]">16</label>
<label id="[3]">90</label>
<label id="[4]">960</label>
<label id="[5]">96</label>
<label id="[6]">24</label>
<label id="[7]">12</label>
<label id="[8]">76</label>
</state-labels><state-labels procid="5">
<label id="[0]">972</label>
<label id="[1]">88</label>
<label id="[2]">16</label>
<label id="[3]">90</label>
<label id="[4]">960</label>
<label id="[5]">96</label>
<label id="[6]">24</label>
<label id="[7]">12</label>
<label id="[8]">76</label>
</state-labels></label-info>
</state-space-info>
