<?xml version="1.0"?>
<!DOCTYPE state-space-info SYSTEM "../../state_space_info.dtd">


<state-space-info>
<states>10558</states>
<edges>11878</edges>
<bfs-info>
 <levels>48</levels>
<max-level>537</max-level>

<back-level-edges>776</back-level-edges>
<max-back-level-edge>18</max-back-level-edge>
<avg-back-level-edge>5.17268</avg-back-level-edge>
<bfs-levels>
<level id="0"><states>1</states><edges>13</edges></level>
<level id="1"><states>13</states><edges>13</edges></level>
<level id="2"><states>13</states><edges>13</edges></level>
<level id="3"><states>7</states><edges>7</edges></level>
<level id="4"><states>7</states><edges>7</edges></level>
<level id="5"><states>1</states><edges>13</edges></level>
<level id="6"><states>13</states><edges>13</edges></level>
<level id="7"><states>13</states><edges>13</edges></level>
<level id="8"><states>13</states><edges>13</edges></level>
<level id="9"><states>13</states><edges>85</edges></level>
<level id="10"><states>79</states><edges>91</edges></level>
<level id="11"><states>91</states><edges>91</edges></level>
<level id="12"><states>69</states><edges>243</edges></level>
<level id="13"><states>243</states><edges>201</edges></level>
<level id="14"><states>201</states><edges>273</edges></level>
<level id="15"><states>203</states><edges>443</edges></level>
<level id="16"><states>443</states><edges>338</edges></level>
<level id="17"><states>323</states><edges>509</edges></level>
<level id="18"><states>398</states><edges>536</edges></level>
<level id="19"><states>531</states><edges>403</edges></level>
<level id="20"><states>333</states><edges>573</edges></level>
<level id="21"><states>489</states><edges>456</edges></level>
<level id="22"><states>456</states><edges>351</edges></level>
<level id="23"><states>246</states><edges>498</edges></level>
<level id="24"><states>457</states><edges>341</edges></level>
<level id="25"><states>341</states><edges>299</edges></level>
<level id="26"><states>194</states><edges>446</edges></level>
<level id="27"><states>440</states><edges>293</edges></level>
<level id="28"><states>293</states><edges>358</edges></level>
<level id="29"><states>246</states><edges>498</edges></level>
<level id="30"><states>498</states><edges>351</edges></level>
<level id="31"><states>330</states><edges>510</edges></level>
<level id="32"><states>399</states><edges>537</edges></level>
<level id="33"><states>537</states><edges>390</edges></level>
<level id="34"><states>320</states><edges>560</edges></level>
<level id="35"><states>476</states><edges>443</edges></level>
<level id="36"><states>443</states><edges>338</edges></level>
<level id="37"><states>233</states><edges>413</edges></level>
<level id="38"><states>378</states><edges>250</edges></level>
<level id="39"><states>250</states><edges>208</edges></level>
<level id="40"><states>124</states><edges>196</edges></level>
<level id="41"><states>190</states><edges>85</edges></level>
<level id="42"><states>85</states><edges>78</edges></level>
<level id="43"><states>43</states><edges>55</edges></level>
<level id="44"><states>55</states><edges>13</edges></level>
<level id="45"><states>13</states><edges>13</edges></level>
<level id="46"><states>7</states><edges>7</edges></level>
<level id="47"><states>7</states><edges>0</edges></level>
</bfs-levels>
<back-level-length id="0">0</back-level-length>
<back-level-length id="1">0</back-level-length>
<back-level-length id="2">0.773196</back-level-length>
<back-level-length id="3">0</back-level-length>
<back-level-length id="4">0</back-level-length>
<back-level-length id="5">95.8763</back-level-length>
<back-level-length id="6">0</back-level-length>
<back-level-length id="7">0</back-level-length>
<back-level-length id="8">0.773196</back-level-length>
<back-level-length id="9">1.80412</back-level-length>
<back-level-length id="10">0</back-level-length>
<back-level-length id="11">0</back-level-length>
<back-level-length id="12">0</back-level-length>
<back-level-length id="13">0</back-level-length>
<back-level-length id="14">0</back-level-length>
<back-level-length id="15">0</back-level-length>
<back-level-length id="16">0</back-level-length>
<back-level-length id="17">0</back-level-length>
<back-level-length id="18">0.773196</back-level-length>
</bfs-info>
<degrees>
<avg>1.12502</avg>
<max-in>13</max-in>
<max-out>13</max-out>
<degree id="0"><in>0</in><out>1770</out></degree>
<degree id="1"><in>10276</in><out>8525</out></degree>
<degree id="2"><in>25</in><out>6</out></degree>
<degree id="3"><in>0</in><out>0</out></degree>
<degree id="4"><in>0</in><out>0</out></degree>
<degree id="5"><in>0</in><out>0</out></degree>
<degree id="6"><in>253</in><out>0</out></degree>
<degree id="7"><in>3</in><out>0</out></degree>
<degree id="8"><in>0</in><out>0</out></degree>
<degree id="9"><in>0</in><out>0</out></degree>
<degree id="10"><in>0</in><out>0</out></degree>
<degree id="11"><in>0</in><out>0</out></degree>
<degree id="12"><in>0</in><out>0</out></degree>
<degree id="13"><in>1</in><out>257</out></degree>
</degrees>
<scc-info>
<count>7165</count>
<height>17</height>
<nontrivial-height>9</nontrivial-height>
<trivial>7159</trivial>
<terminal>1770</terminal>
<largest>907</largest>
<largest-position> </largest-position>
</scc-info>
<dfs-info>
<stack-size id="52">0.179958</stack-size>
<stack-size id="104">0.25573</stack-size>
<stack-size id="156">0.340974</stack-size>
<stack-size id="208">0.359917</stack-size>
<stack-size id="260">0.407274</stack-size>
<stack-size id="312">0.464103</stack-size>
<stack-size id="364">0.511461</stack-size>
<stack-size id="416">0.568289</stack-size>
<stack-size id="468">0.568289</stack-size>
<stack-size id="520">0.644061</stack-size>
<stack-size id="572">0.70089</stack-size>
<stack-size id="624">0.729305</stack-size>
<stack-size id="676">0.786134</stack-size>
<stack-size id="728">0.82402</stack-size>
<stack-size id="780">0.861906</stack-size>
<stack-size id="832">0.880849</stack-size>
<stack-size id="884">0.937678</stack-size>
<stack-size id="936">0.994507</stack-size>
<stack-size id="988">1.03239</stack-size>
<stack-size id="1040">1.10816</stack-size>
<stack-size id="1092">1.12711</stack-size>
<stack-size id="1144">1.17446</stack-size>
<stack-size id="1196">1.21235</stack-size>
<stack-size id="1248">1.26918</stack-size>
<stack-size id="1300">1.30707</stack-size>
<stack-size id="1352">1.36389</stack-size>
<stack-size id="1404">1.42072</stack-size>
<stack-size id="1456">1.42072</stack-size>
<stack-size id="1508">1.47755</stack-size>
<stack-size id="1560">1.51544</stack-size>
<stack-size id="1612">1.57227</stack-size>
<stack-size id="1664">1.61015</stack-size>
<stack-size id="1716">1.64804</stack-size>
<stack-size id="1768">1.70487</stack-size>
<stack-size id="1820">1.74275</stack-size>
<stack-size id="1872">1.79958</stack-size>
<stack-size id="1924">1.81853</stack-size>
<stack-size id="1976">1.8943</stack-size>
<stack-size id="2028">1.95113</stack-size>
<stack-size id="2080">1.98901</stack-size>
<stack-size id="2132">2.04584</stack-size>
<stack-size id="2184">2.04584</stack-size>
<stack-size id="2236">1.91324</stack-size>
<stack-size id="2288">1.71434</stack-size>
<stack-size id="2340">1.54385</stack-size>
<stack-size id="2392">1.34495</stack-size>
<stack-size id="2444">1.17446</stack-size>
<stack-size id="2496">0.975564</stack-size>
<stack-size id="2548">0.805077</stack-size>
<stack-size id="2600">0.606175</stack-size>
<stack-size id="2652">0.435689</stack-size>
<stack-size id="2704">0.265202</stack-size>
<stack-size id="2756">0.25573</stack-size>
<stack-size id="2808">0.312559</stack-size>
<stack-size id="2860">0.331502</stack-size>
<stack-size id="2912">0.388331</stack-size>
<stack-size id="2964">0.426217</stack-size>
<stack-size id="3016">0.464103</stack-size>
<stack-size id="3068">0.520932</stack-size>
<stack-size id="3120">0.558818</stack-size>
<stack-size id="3172">0.615647</stack-size>
<stack-size id="3224">0.653533</stack-size>
<stack-size id="3276">0.710362</stack-size>
<stack-size id="3328">0.729305</stack-size>
<stack-size id="3380">0.805077</stack-size>
<stack-size id="3432">0.805077</stack-size>
<stack-size id="3484">0.861906</stack-size>
<stack-size id="3536">0.918735</stack-size>
<stack-size id="3588">0.975564</stack-size>
<stack-size id="3640">1.01345</stack-size>
<stack-size id="3692">1.05134</stack-size>
<stack-size id="3744">1.10816</stack-size>
<stack-size id="3796">1.14605</stack-size>
<stack-size id="3848">1.20288</stack-size>
<stack-size id="3900">1.20288</stack-size>
<stack-size id="3952">1.27865</stack-size>
<stack-size id="4004">1.33548</stack-size>
<stack-size id="4056">1.35442</stack-size>
<stack-size id="4108">1.41125</stack-size>
<stack-size id="4160">1.4302</stack-size>
<stack-size id="4212">1.48702</stack-size>
<stack-size id="4264">1.54385</stack-size>
<stack-size id="4316">1.58174</stack-size>
<stack-size id="4368">1.63857</stack-size>
<stack-size id="4420">1.67645</stack-size>
<stack-size id="4472">1.71434</stack-size>
<stack-size id="4524">1.77117</stack-size>
<stack-size id="4576">1.828</stack-size>
<stack-size id="4628">1.88483</stack-size>
<stack-size id="4680">1.88483</stack-size>
<stack-size id="4732">1.9606</stack-size>
<stack-size id="4784">1.97954</stack-size>
<stack-size id="4836">1.97007</stack-size>
<stack-size id="4888">1.79958</stack-size>
<stack-size id="4940">1.60068</stack-size>
<stack-size id="4992">1.40178</stack-size>
<stack-size id="5044">1.23129</stack-size>
<stack-size id="5096">1.03239</stack-size>
<stack-size id="5148">0.861906</stack-size>
<stack-size id="5200">0.691419</stack-size>
<stack-size id="5252">0.492518</stack-size>
<stack-size id="5304">0.322031</stack-size>
<stack-size id="5356">0.179958</stack-size>
<stack-size id="5408">0.217844</stack-size>
<stack-size id="5460">0.293616</stack-size>
<stack-size id="5512">0.312559</stack-size>
<stack-size id="5564">0.369388</stack-size>
<stack-size id="5616">0.426217</stack-size>
<stack-size id="5668">0.464103</stack-size>
<stack-size id="5720">0.501989</stack-size>
<stack-size id="5772">0.520932</stack-size>
<stack-size id="5824">0.596704</stack-size>
<stack-size id="5876">0.615647</stack-size>
<stack-size id="5928">0.691419</stack-size>
<stack-size id="5980">0.729305</stack-size>
<stack-size id="6032">0.748248</stack-size>
<stack-size id="6084">0.805077</stack-size>
<stack-size id="6136">0.842963</stack-size>
<stack-size id="6188">0.899792</stack-size>
<stack-size id="6240">0.975564</stack-size>
<stack-size id="6292">0.994507</stack-size>
<stack-size id="6344">1.05134</stack-size>
<stack-size id="6396">1.08922</stack-size>
<stack-size id="6448">1.14605</stack-size>
<stack-size id="6500">1.14605</stack-size>
<stack-size id="6552">1.20288</stack-size>
<stack-size id="6604">1.25971</stack-size>
<stack-size id="6656">1.29759</stack-size>
<stack-size id="6708">1.35442</stack-size>
<stack-size id="6760">1.39231</stack-size>
<stack-size id="6812">1.44914</stack-size>
<stack-size id="6864">1.46808</stack-size>
<stack-size id="6916">1.52491</stack-size>
<stack-size id="6968">1.58174</stack-size>
<stack-size id="7020">1.61962</stack-size>
<stack-size id="7072">1.67645</stack-size>
<stack-size id="7124">1.6954</stack-size>
<stack-size id="7176">1.77117</stack-size>
<stack-size id="7228">1.828</stack-size>
<stack-size id="7280">1.828</stack-size>
<stack-size id="7332">1.88483</stack-size>
<stack-size id="7384">1.92271</stack-size>
<stack-size id="7436">1.78064</stack-size>
<stack-size id="7488">1.61015</stack-size>
<stack-size id="7540">1.41125</stack-size>
<stack-size id="7592">1.21235</stack-size>
<stack-size id="7644">1.04186</stack-size>
<stack-size id="7696">0.871377</stack-size>
<stack-size id="7748">0.672476</stack-size>
<stack-size id="7800">0.501989</stack-size>
<stack-size id="7852">0.303088</stack-size>
<stack-size id="7904">0.113658</stack-size>
<stack-size id="7956">0.104186</stack-size>
<stack-size id="8008">0.161015</stack-size>
<stack-size id="8060">0.198901</stack-size>
<stack-size id="8112">0.25573</stack-size>
<stack-size id="8164">0.293616</stack-size>
<stack-size id="8216">0.350445</stack-size>
<stack-size id="8268">0.369388</stack-size>
<stack-size id="8320">0.44516</stack-size>
<stack-size id="8372">0.501989</stack-size>
<stack-size id="8424">0.501989</stack-size>
<stack-size id="8476">0.577761</stack-size>
<stack-size id="8528">0.596704</stack-size>
<stack-size id="8580">0.672476</stack-size>
<stack-size id="8632">0.691419</stack-size>
<stack-size id="8684">0.729305</stack-size>
<stack-size id="8736">0.786134</stack-size>
<stack-size id="8788">0.842963</stack-size>
<stack-size id="8840">0.880849</stack-size>
<stack-size id="8892">0.899792</stack-size>
<stack-size id="8944">0.975564</stack-size>
<stack-size id="8996">0.994507</stack-size>
<stack-size id="9048">1.05134</stack-size>
<stack-size id="9100">1.12711</stack-size>
<stack-size id="9152">1.12711</stack-size>
<stack-size id="9204">1.18394</stack-size>
<stack-size id="9256">1.24077</stack-size>
<stack-size id="9308">1.29759</stack-size>
<stack-size id="9360">1.33548</stack-size>
<stack-size id="9412">1.37337</stack-size>
<stack-size id="9464">1.4302</stack-size>
<stack-size id="9516">1.46808</stack-size>
<stack-size id="9568">1.52491</stack-size>
<stack-size id="9620">1.52491</stack-size>
<stack-size id="9672">1.60068</stack-size>
<stack-size id="9724">1.65751</stack-size>
<stack-size id="9776">1.67645</stack-size>
<stack-size id="9828">1.73328</stack-size>
<stack-size id="9880">1.75223</stack-size>
<stack-size id="9932">1.80905</stack-size>
<stack-size id="9984">1.86588</stack-size>
<stack-size id="10036">1.80905</stack-size>
<stack-size id="10088">1.61015</stack-size>
<stack-size id="10140">1.43967</stack-size>
<stack-size id="10192">1.26918</stack-size>
<stack-size id="10244">1.07028</stack-size>
<stack-size id="10296">0.871377</stack-size>
<stack-size id="10348">0.70089</stack-size>
<stack-size id="10400">0.530403</stack-size>
<stack-size id="10452">0.331502</stack-size>
<stack-size id="10504">0.161015</stack-size>
<stack-size id="10556">0.0284145</stack-size>
<max-stack>219</max-stack>
<front-edges>10557</front-edges>
<back-edges>770</back-edges>
<cross-edges>551</cross-edges>
<shortest-cycle>3</shortest-cycle>
</dfs-info>
<rw-info>
<coverage step="1040">3.59917</coverage>
<coverage step="2080">4.83993</coverage>
<coverage step="3120">6.43114</coverage>
<coverage step="4160">7.61508</coverage>
<coverage step="5200">8.89373</coverage>
<coverage step="6240">9.93559</coverage>
<coverage step="7280">10.968</coverage>
<coverage step="8320">11.9341</coverage>
<coverage step="9360">12.9854</coverage>
<coverage step="10400">13.6295</coverage>
<coverage step="11440">14.2925</coverage>
<coverage step="12480">15.1639</coverage>
<coverage step="13520">15.8458</coverage>
<coverage step="14560">16.3952</coverage>
<coverage step="15600">16.7645</coverage>
<coverage step="16640">17.115</coverage>
<coverage step="17680">17.7212</coverage>
<coverage step="18720">18.2326</coverage>
<coverage step="19760">18.9146</coverage>
<coverage step="20800">19.2745</coverage>
<coverage step="21840">19.8333</coverage>
<coverage step="22880">20.5437</coverage>
<coverage step="23920">21.5855</coverage>
<coverage step="24960">22.0307</coverage>
<coverage step="26000">22.4853</coverage>
<coverage step="27040">22.7884</coverage>
<coverage step="28080">23.082</coverage>
<coverage step="29120">23.5651</coverage>
<coverage step="30160">23.9723</coverage>
<coverage step="31200">24.427</coverage>
<coverage step="32240">24.8437</coverage>
<coverage step="33280">25.3836</coverage>
<coverage step="34320">25.6867</coverage>
<coverage step="35360">26.0087</coverage>
<coverage step="36400">26.2739</coverage>
<coverage step="37440">26.8233</coverage>
<coverage step="38480">27.259</coverage>
<coverage step="39520">27.5242</coverage>
<coverage step="40560">27.6757</coverage>
<coverage step="41600">27.7894</coverage>
<coverage step="42640">28.0072</coverage>
<coverage step="43680">28.2819</coverage>
<coverage step="44720">28.9638</coverage>
<coverage step="45760">29.0964</coverage>
<coverage step="46800">29.4185</coverage>
<coverage step="47840">29.57</coverage>
<coverage step="48880">29.911</coverage>
<coverage step="49920">30.1004</coverage>
<coverage step="50960">30.5077</coverage>
<coverage step="52000">30.9149</coverage>
<coverage step="53040">31.1233</coverage>
<coverage step="54080">31.1991</coverage>
<coverage step="55120">31.3601</coverage>
<coverage step="56160">31.6727</coverage>
<coverage step="57200">31.881</coverage>
<coverage step="58240">32.1368</coverage>
<coverage step="59280">32.4209</coverage>
<coverage step="60320">32.6293</coverage>
<coverage step="61360">32.7619</coverage>
<coverage step="62400">33.1029</coverage>
<coverage step="63440">33.2355</coverage>
<coverage step="64480">33.3491</coverage>
<coverage step="65520">33.6522</coverage>
<coverage step="66560">33.7469</coverage>
<coverage step="67600">34.1637</coverage>
<coverage step="68640">34.372</coverage>
<coverage step="69680">34.6088</coverage>
<coverage step="70720">34.7035</coverage>
<coverage step="71760">34.7793</coverage>
<coverage step="72800">34.9309</coverage>
<coverage step="73840">35.0729</coverage>
<coverage step="74880">35.3097</coverage>
<coverage step="75920">35.4991</coverage>
<coverage step="76960">35.698</coverage>
<coverage step="78000">35.8306</coverage>
<coverage step="79040">35.9822</coverage>
<coverage step="80080">36.2285</coverage>
<coverage step="81120">36.3421</coverage>
<coverage step="82160">36.541</coverage>
<coverage step="83200">36.882</coverage>
<coverage step="84240">37.0998</coverage>
<coverage step="85280">37.1567</coverage>
<coverage step="86320">37.2703</coverage>
<coverage step="87360">37.4408</coverage>
<coverage step="88400">37.4976</coverage>
<coverage step="89440">37.6302</coverage>
<coverage step="90480">37.8007</coverage>
<coverage step="91520">37.9144</coverage>
<coverage step="92560">38.0091</coverage>
<coverage step="93600">38.1606</coverage>
<coverage step="94640">38.4069</coverage>
<coverage step="95680">38.4827</coverage>
<coverage step="96720">38.6153</coverage>
<coverage step="97760">38.691</coverage>
<coverage step="98800">38.8426</coverage>
<coverage step="99840">39.032</coverage>
<coverage step="100880">39.0699</coverage>
<coverage step="101920">39.2404</coverage>
<coverage step="102960">39.5056</coverage>
<coverage step="104000">39.5624</coverage>
<coverage step="105040">39.7045</coverage>
<rw-visits order="1">8224</rw-visits>
<rw-visits order="21">891</rw-visits>
<rw-visits order="41">597</rw-visits>
<rw-visits order="61">491</rw-visits>
<rw-visits order="81">469</rw-visits>
<rw-visits order="101">271</rw-visits>
<rw-visits order="121">242</rw-visits>
<rw-visits order="141">81</rw-visits>
<rw-visits order="161">48</rw-visits>
<rw-visits order="181">46</rw-visits>
<rw-visits order="201">44</rw-visits>
<rw-visits order="221">42</rw-visits>
<rw-visits order="241">41</rw-visits>
<rw-visits order="261">40</rw-visits>
<rw-visits order="281">39</rw-visits>
<rw-visits order="301">38</rw-visits>
<rw-visits order="321">37</rw-visits>
<rw-visits order="341">35</rw-visits>
<rw-visits order="361">33</rw-visits>
<rw-visits order="381">32</rw-visits>
<rw-visits order="401">27</rw-visits>
<rw-visits order="421">26</rw-visits>
<rw-visits order="441">25</rw-visits>
<rw-visits order="461">24</rw-visits>
<rw-visits order="481">23</rw-visits>
<rw-visits order="501">22</rw-visits>
<rw-visits order="521">21</rw-visits>
<rw-visits order="541">21</rw-visits>
<rw-visits order="561">20</rw-visits>
<rw-visits order="581">20</rw-visits>
<rw-visits order="601">19</rw-visits>
<rw-visits order="621">18</rw-visits>
<rw-visits order="641">17</rw-visits>
<rw-visits order="661">16</rw-visits>
<rw-visits order="681">15</rw-visits>
<rw-visits order="701">14</rw-visits>
<rw-visits order="721">13</rw-visits>
<rw-visits order="741">13</rw-visits>
<rw-visits order="761">12</rw-visits>
<rw-visits order="781">11</rw-visits>
<rw-visits order="801">11</rw-visits>
<rw-visits order="821">10</rw-visits>
<rw-visits order="841">10</rw-visits>
<rw-visits order="861">9</rw-visits>
<rw-visits order="881">9</rw-visits>
<rw-visits order="901">9</rw-visits>
<rw-visits order="921">9</rw-visits>
<rw-visits order="941">8</rw-visits>
<rw-visits order="961">8</rw-visits>
<rw-visits order="981">8</rw-visits>
<rw-visits order="1001">8</rw-visits>
<rw-visits order="1021">8</rw-visits>
<rw-visits order="1041">7</rw-visits>
<rw-visits order="1061">7</rw-visits>
<rw-visits order="1081">7</rw-visits>
<rw-visits order="1101">7</rw-visits>
<rw-visits order="1121">7</rw-visits>
<rw-visits order="1141">7</rw-visits>
<rw-visits order="1161">6</rw-visits>
<rw-visits order="1181">6</rw-visits>
<rw-visits order="1201">6</rw-visits>
<rw-visits order="1221">6</rw-visits>
<rw-visits order="1241">6</rw-visits>
<rw-visits order="1261">6</rw-visits>
<rw-visits order="1281">5</rw-visits>
<rw-visits order="1301">5</rw-visits>
<rw-visits order="1321">5</rw-visits>
<rw-visits order="1341">5</rw-visits>
<rw-visits order="1361">5</rw-visits>
<rw-visits order="1381">5</rw-visits>
<rw-visits order="1401">5</rw-visits>
<rw-visits order="1421">5</rw-visits>
<rw-visits order="1441">5</rw-visits>
<rw-visits order="1461">4</rw-visits>
<rw-visits order="1481">4</rw-visits>
<rw-visits order="1501">4</rw-visits>
<rw-visits order="1521">4</rw-visits>
<rw-visits order="1541">4</rw-visits>
<rw-visits order="1561">4</rw-visits>
<rw-visits order="1581">4</rw-visits>
<rw-visits order="1601">4</rw-visits>
<rw-visits order="1621">4</rw-visits>
<rw-visits order="1641">4</rw-visits>
<rw-visits order="1661">4</rw-visits>
<rw-visits order="1681">4</rw-visits>
<rw-visits order="1701">4</rw-visits>
<rw-visits order="1721">4</rw-visits>
<rw-visits order="1741">4</rw-visits>
<rw-visits order="1761">3</rw-visits>
<rw-visits order="1781">3</rw-visits>
<rw-visits order="1801">3</rw-visits>
<rw-visits order="1821">3</rw-visits>
<rw-visits order="1841">3</rw-visits>
<rw-visits order="1861">3</rw-visits>
<rw-visits order="1881">3</rw-visits>
<rw-visits order="1901">3</rw-visits>
<rw-visits order="1921">3</rw-visits>
<rw-visits order="1941">3</rw-visits>
<rw-visits order="1961">3</rw-visits>
<rw-visits order="1981">3</rw-visits>
<rw-visits order="2001">3</rw-visits>
<rw-visits order="2021">3</rw-visits>
<rw-visits order="2041">3</rw-visits>
<rw-visits order="2061">3</rw-visits>
<rw-visits order="2081">3</rw-visits>
<rw-visits order="2101">3</rw-visits>
<rw-visits order="2121">3</rw-visits>
<rw-visits order="2141">2</rw-visits>
<rw-visits order="2161">2</rw-visits>
<rw-visits order="2181">2</rw-visits>
<rw-visits order="2201">2</rw-visits>
<rw-visits order="2221">2</rw-visits>
<rw-visits order="2241">2</rw-visits>
<rw-visits order="2261">2</rw-visits>
<rw-visits order="2281">2</rw-visits>
<rw-visits order="2301">2</rw-visits>
<rw-visits order="2321">2</rw-visits>
<rw-visits order="2341">2</rw-visits>
<rw-visits order="2361">2</rw-visits>
<rw-visits order="2381">2</rw-visits>
<rw-visits order="2401">2</rw-visits>
<rw-visits order="2421">2</rw-visits>
<rw-visits order="2441">2</rw-visits>
<rw-visits order="2461">2</rw-visits>
<rw-visits order="2481">2</rw-visits>
<rw-visits order="2501">2</rw-visits>
<rw-visits order="2521">2</rw-visits>
<rw-visits order="2541">2</rw-visits>
<rw-visits order="2561">2</rw-visits>
<rw-visits order="2581">2</rw-visits>
<rw-visits order="2601">2</rw-visits>
<rw-visits order="2621">2</rw-visits>
<rw-visits order="2641">2</rw-visits>
<rw-visits order="2661">2</rw-visits>
<rw-visits order="2681">2</rw-visits>
<rw-visits order="2701">2</rw-visits>
<rw-visits order="2721">2</rw-visits>
<rw-visits order="2741">2</rw-visits>
<rw-visits order="2761">2</rw-visits>
<rw-visits order="2781">1</rw-visits>
<rw-visits order="2801">1</rw-visits>
<rw-visits order="2821">1</rw-visits>
<rw-visits order="2841">1</rw-visits>
<rw-visits order="2861">1</rw-visits>
<rw-visits order="2881">1</rw-visits>
<rw-visits order="2901">1</rw-visits>
<rw-visits order="2921">1</rw-visits>
<rw-visits order="2941">1</rw-visits>
<rw-visits order="2961">1</rw-visits>
<rw-visits order="2981">1</rw-visits>
<rw-visits order="3001">1</rw-visits>
<rw-visits order="3021">1</rw-visits>
<rw-visits order="3041">1</rw-visits>
<rw-visits order="3061">1</rw-visits>
<rw-visits order="3081">1</rw-visits>
<rw-visits order="3101">1</rw-visits>
<rw-visits order="3121">1</rw-visits>
<rw-visits order="3141">1</rw-visits>
<rw-visits order="3161">1</rw-visits>
<rw-visits order="3181">1</rw-visits>
<rw-visits order="3201">1</rw-visits>
<rw-visits order="3221">1</rw-visits>
<rw-visits order="3241">1</rw-visits>
<rw-visits order="3261">1</rw-visits>
<rw-visits order="3281">1</rw-visits>
<rw-visits order="3301">1</rw-visits>
<rw-visits order="3321">1</rw-visits>
<rw-visits order="3341">1</rw-visits>
<rw-visits order="3361">1</rw-visits>
<rw-visits order="3381">1</rw-visits>
<rw-visits order="3401">1</rw-visits>
<rw-visits order="3421">1</rw-visits>
<rw-visits order="3441">1</rw-visits>
<rw-visits order="3461">1</rw-visits>
<rw-visits order="3481">1</rw-visits>
<rw-visits order="3501">1</rw-visits>
<rw-visits order="3521">1</rw-visits>
<rw-visits order="3541">1</rw-visits>
<rw-visits order="3561">1</rw-visits>
<rw-visits order="3581">1</rw-visits>
<rw-visits order="3601">1</rw-visits>
<rw-visits order="3621">1</rw-visits>
<rw-visits order="3641">1</rw-visits>
<rw-visits order="3661">1</rw-visits>
<rw-visits order="3681">1</rw-visits>
<rw-visits order="3701">1</rw-visits>
<rw-visits order="3721">1</rw-visits>
<rw-visits order="3741">1</rw-visits>
<rw-visits order="3761">1</rw-visits>
<rw-visits order="3781">1</rw-visits>
<rw-visits order="3801">1</rw-visits>
<rw-visits order="3821">1</rw-visits>
<rw-visits order="3841">1</rw-visits>
<rw-visits order="3861">1</rw-visits>
<rw-visits order="3881">1</rw-visits>
<rw-visits order="3901">1</rw-visits>
<rw-visits order="3921">1</rw-visits>
<rw-visits order="3941">1</rw-visits>
<rw-visits order="3961">1</rw-visits>
<rw-visits order="3981">1</rw-visits>
<rw-visits order="4001">1</rw-visits>
<rw-visits order="4021">1</rw-visits>
<rw-visits order="4041">1</rw-visits>
<rw-visits order="4061">1</rw-visits>
<rw-visits order="4081">1</rw-visits>
<rw-visits order="4101">1</rw-visits>
<rw-visits order="4121">1</rw-visits>
<rw-visits order="4141">1</rw-visits>
<rw-visits order="4161">1</rw-visits>
<rw-visits order="4181">1</rw-visits>
<final-coverage>39.7424</final-coverage>
</rw-info>
<local-info>
<diamonds>0</diamonds>
<neighborhood k="4">15</neighborhood>
<clustering k="4">1.00053</clustering>
</local-info>
<label-info>
<edge-label id="0.0">257</edge-label>
<edge-label id="0.1">2</edge-label>
<edge-label id="0.10">4</edge-label>
<edge-label id="0.2">2</edge-label>
<edge-label id="0.3">253</edge-label>
<edge-label id="0.4">128</edge-label>
<edge-label id="0.5">128</edge-label>
<edge-label id="0.7">2</edge-label>
<edge-label id="0.8">2</edge-label>
<edge-label id="0.9">252</edge-label>
<edge-label id="1.0">257</edge-label>
<edge-label id="1.1">2</edge-label>
<edge-label id="1.10">4</edge-label>
<edge-label id="1.2">2</edge-label>
<edge-label id="1.3">253</edge-label>
<edge-label id="1.4">128</edge-label>
<edge-label id="1.5">128</edge-label>
<edge-label id="1.7">2</edge-label>
<edge-label id="1.8">2</edge-label>
<edge-label id="1.9">252</edge-label>
<edge-label id="10.0">129</edge-label>
<edge-label id="10.1">62</edge-label>
<edge-label id="10.10">124</edge-label>
<edge-label id="10.12">4</edge-label>
<edge-label id="10.13">1</edge-label>
<edge-label id="10.14">1</edge-label>
<edge-label id="10.15">125</edge-label>
<edge-label id="10.2">62</edge-label>
<edge-label id="10.3">5</edge-label>
<edge-label id="10.4">2</edge-label>
<edge-label id="10.5">2</edge-label>
<edge-label id="10.6">1</edge-label>
<edge-label id="10.7">128</edge-label>
<edge-label id="10.8">128</edge-label>
<edge-label id="10.9">4</edge-label>
<edge-label id="11.0">129</edge-label>
<edge-label id="11.1">62</edge-label>
<edge-label id="11.10">124</edge-label>
<edge-label id="11.12">4</edge-label>
<edge-label id="11.13">1</edge-label>
<edge-label id="11.14">1</edge-label>
<edge-label id="11.15">125</edge-label>
<edge-label id="11.2">62</edge-label>
<edge-label id="11.3">5</edge-label>
<edge-label id="11.4">2</edge-label>
<edge-label id="11.5">2</edge-label>
<edge-label id="11.6">1</edge-label>
<edge-label id="11.7">128</edge-label>
<edge-label id="11.8">128</edge-label>
<edge-label id="11.9">4</edge-label>
<edge-label id="12.0">129</edge-label>
<edge-label id="12.1">62</edge-label>
<edge-label id="12.10">124</edge-label>
<edge-label id="12.12">4</edge-label>
<edge-label id="12.13">1</edge-label>
<edge-label id="12.14">1</edge-label>
<edge-label id="12.15">125</edge-label>
<edge-label id="12.2">62</edge-label>
<edge-label id="12.3">5</edge-label>
<edge-label id="12.4">2</edge-label>
<edge-label id="12.5">2</edge-label>
<edge-label id="12.6">1</edge-label>
<edge-label id="12.7">128</edge-label>
<edge-label id="12.8">128</edge-label>
<edge-label id="12.9">4</edge-label>
<edge-label id="2.0">257</edge-label>
<edge-label id="2.1">2</edge-label>
<edge-label id="2.10">4</edge-label>
<edge-label id="2.2">2</edge-label>
<edge-label id="2.3">253</edge-label>
<edge-label id="2.4">128</edge-label>
<edge-label id="2.5">128</edge-label>
<edge-label id="2.7">2</edge-label>
<edge-label id="2.8">2</edge-label>
<edge-label id="2.9">252</edge-label>
<edge-label id="3.0">257</edge-label>
<edge-label id="3.1">2</edge-label>
<edge-label id="3.10">4</edge-label>
<edge-label id="3.2">2</edge-label>
<edge-label id="3.3">253</edge-label>
<edge-label id="3.4">128</edge-label>
<edge-label id="3.5">128</edge-label>
<edge-label id="3.7">2</edge-label>
<edge-label id="3.8">2</edge-label>
<edge-label id="3.9">252</edge-label>
<edge-label id="4.0">257</edge-label>
<edge-label id="4.1">2</edge-label>
<edge-label id="4.10">4</edge-label>
<edge-label id="4.2">2</edge-label>
<edge-label id="4.3">253</edge-label>
<edge-label id="4.4">128</edge-label>
<edge-label id="4.5">128</edge-label>
<edge-label id="4.7">2</edge-label>
<edge-label id="4.8">2</edge-label>
<edge-label id="4.9">252</edge-label>
<edge-label id="5.0">257</edge-label>
<edge-label id="5.1">2</edge-label>
<edge-label id="5.10">4</edge-label>
<edge-label id="5.2">2</edge-label>
<edge-label id="5.3">253</edge-label>
<edge-label id="5.4">128</edge-label>
<edge-label id="5.5">128</edge-label>
<edge-label id="5.7">2</edge-label>
<edge-label id="5.8">2</edge-label>
<edge-label id="5.9">252</edge-label>
<edge-label id="6.0">257</edge-label>
<edge-label id="6.1">2</edge-label>
<edge-label id="6.10">4</edge-label>
<edge-label id="6.2">2</edge-label>
<edge-label id="6.3">253</edge-label>
<edge-label id="6.4">128</edge-label>
<edge-label id="6.5">128</edge-label>
<edge-label id="6.7">2</edge-label>
<edge-label id="6.8">2</edge-label>
<edge-label id="6.9">252</edge-label>
<edge-label id="7.0">129</edge-label>
<edge-label id="7.1">62</edge-label>
<edge-label id="7.10">124</edge-label>
<edge-label id="7.12">4</edge-label>
<edge-label id="7.13">1</edge-label>
<edge-label id="7.14">1</edge-label>
<edge-label id="7.15">125</edge-label>
<edge-label id="7.2">62</edge-label>
<edge-label id="7.3">5</edge-label>
<edge-label id="7.4">2</edge-label>
<edge-label id="7.5">2</edge-label>
<edge-label id="7.6">1</edge-label>
<edge-label id="7.7">128</edge-label>
<edge-label id="7.8">128</edge-label>
<edge-label id="7.9">4</edge-label>
<edge-label id="8.0">129</edge-label>
<edge-label id="8.1">62</edge-label>
<edge-label id="8.10">124</edge-label>
<edge-label id="8.12">4</edge-label>
<edge-label id="8.13">1</edge-label>
<edge-label id="8.14">1</edge-label>
<edge-label id="8.15">125</edge-label>
<edge-label id="8.2">62</edge-label>
<edge-label id="8.3">5</edge-label>
<edge-label id="8.4">2</edge-label>
<edge-label id="8.5">2</edge-label>
<edge-label id="8.6">1</edge-label>
<edge-label id="8.7">128</edge-label>
<edge-label id="8.8">128</edge-label>
<edge-label id="8.9">4</edge-label>
<edge-label id="9.0">129</edge-label>
<edge-label id="9.1">62</edge-label>
<edge-label id="9.10">124</edge-label>
<edge-label id="9.12">4</edge-label>
<edge-label id="9.13">1</edge-label>
<edge-label id="9.14">1</edge-label>
<edge-label id="9.15">125</edge-label>
<edge-label id="9.2">62</edge-label>
<edge-label id="9.3">5</edge-label>
<edge-label id="9.4">2</edge-label>
<edge-label id="9.5">2</edge-label>
<edge-label id="9.6">1</edge-label>
<edge-label id="9.7">128</edge-label>
<edge-label id="9.8">128</edge-label>
<edge-label id="9.9">4</edge-label>
<state-labels procid="0">
<label id="[{0|1},0,0,0]">7</label>
<label id="[{0|1},0,0,1]">7</label>
<label id="[{0|2},0,0,0]">26</label>
<label id="[{0|2},0,0,1]">7</label>
<label id="[{0|2},0,1,0]">1</label>
<label id="[{1|0},0,0,0]">7</label>
<label id="[{1|0},0,0,1]">7</label>
<label id="[{1|2},0,0,0]">26</label>
<label id="[{1|2},0,0,1]">32</label>
<label id="[{1|2},0,1,0]">1</label>
<label id="[{1|2},0,1,1]">1</label>
<label id="[{1|3},1,0,0]">84</label>
<label id="[{1|3},1,0,1]">84</label>
<label id="[{1|3},2,0,0]">210</label>
<label id="[{1|3},2,0,1]">210</label>
<label id="[{1|3},3,0,0]">280</label>
<label id="[{1|3},3,0,1]">280</label>
<label id="[{1|3},4,0,0]">210</label>
<label id="[{1|3},4,0,1]">210</label>
<label id="[{1|3},5,0,0]">84</label>
<label id="[{1|3},5,0,1]">84</label>
<label id="[{1|3},6,0,0]">14</label>
<label id="[{1|3},6,0,1]">14</label>
<label id="[{2|0},0,0,0]">7</label>
<label id="[{2|0},0,0,1]">7</label>
<label id="[{2|1},0,0,0]">26</label>
<label id="[{2|1},0,0,1]">26</label>
<label id="[{2|1},0,1,0]">1</label>
<label id="[{2|1},0,1,1]">1</label>
<label id="[{2|3},0,0,0]">18</label>
<label id="[{2|3},0,0,1]">24</label>
<label id="[{2|3},1,0,0]">204</label>
<label id="[{2|3},1,0,1]">204</label>
<label id="[{2|3},1,1,0]">6</label>
<label id="[{2|3},1,1,1]">6</label>
<label id="[{2|3},2,0,0]">450</label>
<label id="[{2|3},2,0,1]">450</label>
<label id="[{2|3},2,1,0]">15</label>
<label id="[{2|3},2,1,1]">15</label>
<label id="[{2|3},3,0,0]">520</label>
<label id="[{2|3},3,0,1]">520</label>
<label id="[{2|3},3,1,0]">20</label>
<label id="[{2|3},3,1,1]">20</label>
<label id="[{2|3},4,0,0]">330</label>
<label id="[{2|3},4,0,1]">330</label>
<label id="[{2|3},4,1,0]">15</label>
<label id="[{2|3},4,1,1]">15</label>
<label id="[{2|3},5,0,0]">108</label>
<label id="[{2|3},5,0,1]">108</label>
<label id="[{2|3},5,1,0]">6</label>
<label id="[{2|3},5,1,1]">6</label>
<label id="[{2|3},6,0,0]">14</label>
<label id="[{2|3},6,0,1]">14</label>
<label id="[{2|3},6,1,0]">1</label>
<label id="[{2|3},6,1,1]">1</label>
<label id="[{3|1},1,0,0]">84</label>
<label id="[{3|1},1,0,1]">84</label>
<label id="[{3|1},2,0,0]">210</label>
<label id="[{3|1},2,0,1]">210</label>
<label id="[{3|1},3,0,0]">280</label>
<label id="[{3|1},3,0,1]">280</label>
<label id="[{3|1},4,0,0]">210</label>
<label id="[{3|1},4,0,1]">210</label>
<label id="[{3|1},5,0,0]">84</label>
<label id="[{3|1},5,0,1]">84</label>
<label id="[{3|1},6,0,0]">14</label>
<label id="[{3|1},6,0,1]">14</label>
<label id="[{3|2},0,0,0]">18</label>
<label id="[{3|2},0,0,1]">24</label>
<label id="[{3|2},1,0,0]">204</label>
<label id="[{3|2},1,0,1]">204</label>
<label id="[{3|2},1,1,0]">6</label>
<label id="[{3|2},1,1,1]">6</label>
<label id="[{3|2},2,0,0]">450</label>
<label id="[{3|2},2,0,1]">450</label>
<label id="[{3|2},2,1,0]">15</label>
<label id="[{3|2},2,1,1]">15</label>
<label id="[{3|2},3,0,0]">520</label>
<label id="[{3|2},3,0,1]">520</label>
<label id="[{3|2},3,1,0]">20</label>
<label id="[{3|2},3,1,1]">20</label>
<label id="[{3|2},4,0,0]">330</label>
<label id="[{3|2},4,0,1]">330</label>
<label id="[{3|2},4,1,0]">15</label>
<label id="[{3|2},4,1,1]">15</label>
<label id="[{3|2},5,0,0]">108</label>
<label id="[{3|2},5,0,1]">108</label>
<label id="[{3|2},5,1,0]">6</label>
<label id="[{3|2},5,1,1]">6</label>
<label id="[{3|2},6,0,0]">14</label>
<label id="[{3|2},6,0,1]">14</label>
<label id="[{3|2},6,1,0]">1</label>
<label id="[{3|2},6,1,1]">1</label>
</state-labels><state-labels procid="1">
<label id="[0]">9533</label>
<label id="[1]">257</label>
<label id="[2]">256</label>
<label id="[3]">256</label>
<label id="[4]">4</label>
<label id="[5]">252</label>
</state-labels><state-labels procid="2">
<label id="[0]">9533</label>
<label id="[1]">257</label>
<label id="[2]">256</label>
<label id="[3]">256</label>
<label id="[4]">4</label>
<label id="[5]">252</label>
</state-labels><state-labels procid="3">
<label id="[0]">9533</label>
<label id="[1]">257</label>
<label id="[2]">256</label>
<label id="[3]">256</label>
<label id="[4]">4</label>
<label id="[5]">252</label>
</state-labels><state-labels procid="4">
<label id="[0]">9533</label>
<label id="[1]">257</label>
<label id="[2]">256</label>
<label id="[3]">256</label>
<label id="[4]">4</label>
<label id="[5]">252</label>
</state-labels><state-labels procid="5">
<label id="[0]">9533</label>
<label id="[1]">257</label>
<label id="[2]">256</label>
<label id="[3]">256</label>
<label id="[4]">4</label>
<label id="[5]">252</label>
</state-labels><state-labels procid="6">
<label id="[0]">9533</label>
<label id="[1]">257</label>
<label id="[2]">256</label>
<label id="[3]">256</label>
<label id="[4]">4</label>
<label id="[5]">252</label>
</state-labels><state-labels procid="7">
<label id="[0]">9533</label>
<label id="[1]">257</label>
<label id="[2]">256</label>
<label id="[3]">256</label>
<label id="[4]">4</label>
<label id="[5]">252</label>
</state-labels><state-labels procid="8">
<label id="[0]">5045</label>
<label id="[1]">129</label>
<label id="[2]">5</label>
<label id="[3]">128</label>
<label id="[4]">4992</label>
<label id="[5]">128</label>
<label id="[6]">4</label>
<label id="[7]">2</label>
<label id="[8]">125</label>
</state-labels><state-labels procid="9">
<label id="[0]">5045</label>
<label id="[1]">129</label>
<label id="[2]">5</label>
<label id="[3]">128</label>
<label id="[4]">4992</label>
<label id="[5]">128</label>
<label id="[6]">4</label>
<label id="[7]">2</label>
<label id="[8]">125</label>
</state-labels><state-labels procid="10">
<label id="[0]">5045</label>
<label id="[1]">129</label>
<label id="[2]">5</label>
<label id="[3]">128</label>
<label id="[4]">4992</label>
<label id="[5]">128</label>
<label id="[6]">4</label>
<label id="[7]">2</label>
<label id="[8]">125</label>
</state-labels><state-labels procid="11">
<label id="[0]">5045</label>
<label id="[1]">129</label>
<label id="[2]">5</label>
<label id="[3]">128</label>
<label id="[4]">4992</label>
<label id="[5]">128</label>
<label id="[6]">4</label>
<label id="[7]">2</label>
<label id="[8]">125</label>
</state-labels><state-labels procid="12">
<label id="[0]">5045</label>
<label id="[1]">129</label>
<label id="[2]">5</label>
<label id="[3]">128</label>
<label id="[4]">4992</label>
<label id="[5]">128</label>
<label id="[6]">4</label>
<label id="[7]">2</label>
<label id="[8]">125</label>
</state-labels><state-labels procid="13">
<label id="[0]">5045</label>
<label id="[1]">129</label>
<label id="[2]">5</label>
<label id="[3]">128</label>
<label id="[4]">4992</label>
<label id="[5]">128</label>
<label id="[6]">4</label>
<label id="[7]">2</label>
<label id="[8]">125</label>
</state-labels></label-info>
</state-space-info>
