<?xml version="1.0"?>
<!DOCTYPE state-space-info SYSTEM "../../state_space_info.dtd">


<state-space-info>
<states>2430</states>
<edges>6480</edges>
<bfs-info>
 <levels>30</levels>
<max-level>172</max-level>

<back-level-edges>999</back-level-edges>
<max-back-level-edge>11</max-back-level-edge>
<avg-back-level-edge>6.32432</avg-back-level-edge>
<bfs-levels>
<level id="0"><states>1</states><edges>2</edges></level>
<level id="1"><states>2</states><edges>2</edges></level>
<level id="2"><states>2</states><edges>6</edges></level>
<level id="3"><states>6</states><edges>12</edges></level>
<level id="4"><states>8</states><edges>22</edges></level>
<level id="5"><states>14</states><edges>34</edges></level>
<level id="6"><states>22</states><edges>58</edges></level>
<level id="7"><states>31</states><edges>74</edges></level>
<level id="8"><states>36</states><edges>106</edges></level>
<level id="9"><states>54</states><edges>166</edges></level>
<level id="10"><states>82</states><edges>232</edges></level>
<level id="11"><states>94</states><edges>270</edges></level>
<level id="12"><states>106</states><edges>308</edges></level>
<level id="13"><states>120</states><edges>344</edges></level>
<level id="14"><states>142</states><edges>408</edges></level>
<level id="15"><states>168</states><edges>474</edges></level>
<level id="16"><states>172</states><edges>468</edges></level>
<level id="17"><states>152</states><edges>416</edges></level>
<level id="18"><states>146</states><edges>404</edges></level>
<level id="19"><states>158</states><edges>456</edges></level>
<level id="20"><states>164</states><edges>436</edges></level>
<level id="21"><states>136</states><edges>356</edges></level>
<level id="22"><states>118</states><edges>302</edges></level>
<level id="23"><states>120</states><edges>332</edges></level>
<level id="24"><states>124</states><edges>308</edges></level>
<level id="25"><states>88</states><edges>192</edges></level>
<level id="26"><states>52</states><edges>124</edges></level>
<level id="27"><states>56</states><edges>96</edges></level>
<level id="28"><states>40</states><edges>56</edges></level>
<level id="29"><states>16</states><edges>16</edges></level>
</bfs-levels>
<back-level-length id="0">0</back-level-length>
<back-level-length id="1">0</back-level-length>
<back-level-length id="2">0</back-level-length>
<back-level-length id="3">10.8108</back-level-length>
<back-level-length id="4">0</back-level-length>
<back-level-length id="5">0</back-level-length>
<back-level-length id="6">67.5676</back-level-length>
<back-level-length id="7">10.8108</back-level-length>
<back-level-length id="8">0</back-level-length>
<back-level-length id="9">0</back-level-length>
<back-level-length id="10">0</back-level-length>
<back-level-length id="11">10.8108</back-level-length>
</bfs-info>
<degrees>
<avg>2.66667</avg>
<max-in>6</max-in>
<max-out>5</max-out>
<degree id="0"><in>0</in><out>0</out></degree>
<degree id="1"><in>228</in><out>196</out></degree>
<degree id="2"><in>938</in><out>1110</out></degree>
<degree id="3"><in>872</in><out>504</out></degree>
<degree id="4"><in>264</in><out>548</out></degree>
<degree id="5"><in>64</in><out>72</out></degree>
<degree id="6"><in>64</in><out>0</out></degree>
</degrees>
<scc-info>
<count>1</count>
<height>0</height>
<nontrivial-height>0</nontrivial-height>
<trivial>0</trivial>
<terminal>1</terminal>
<largest>2430</largest>
<largest-position> initial the only terminal</largest-position>
</scc-info>
<dfs-info>
<stack-size id="12">0.493827</stack-size>
<stack-size id="24">0.987654</stack-size>
<stack-size id="36">1.48148</stack-size>
<stack-size id="48">1.97531</stack-size>
<stack-size id="60">2.42798</stack-size>
<stack-size id="72">2.88066</stack-size>
<stack-size id="84">3.37449</stack-size>
<stack-size id="96">3.82716</stack-size>
<stack-size id="108">4.32099</stack-size>
<stack-size id="120">4.81481</stack-size>
<stack-size id="132">5.30864</stack-size>
<stack-size id="144">5.72016</stack-size>
<stack-size id="156">6.00823</stack-size>
<stack-size id="168">6.50206</stack-size>
<stack-size id="180">6.91358</stack-size>
<stack-size id="192">7.40741</stack-size>
<stack-size id="204">7.90123</stack-size>
<stack-size id="216">8.35391</stack-size>
<stack-size id="228">8.80658</stack-size>
<stack-size id="240">9.25926</stack-size>
<stack-size id="252">9.75309</stack-size>
<stack-size id="264">10.0412</stack-size>
<stack-size id="276">10.4938</stack-size>
<stack-size id="288">10.9053</stack-size>
<stack-size id="300">11.3992</stack-size>
<stack-size id="312">11.3169</stack-size>
<stack-size id="324">11.7695</stack-size>
<stack-size id="336">12.2222</stack-size>
<stack-size id="348">12.716</stack-size>
<stack-size id="360">13.1276</stack-size>
<stack-size id="372">13.5802</stack-size>
<stack-size id="384">14.0741</stack-size>
<stack-size id="396">14.5267</stack-size>
<stack-size id="408">15.0206</stack-size>
<stack-size id="420">15.3086</stack-size>
<stack-size id="432">15.7613</stack-size>
<stack-size id="444">16.0494</stack-size>
<stack-size id="456">16.5021</stack-size>
<stack-size id="468">16.9136</stack-size>
<stack-size id="480">17.3663</stack-size>
<stack-size id="492">17.4486</stack-size>
<stack-size id="504">17.6132</stack-size>
<stack-size id="516">17.9424</stack-size>
<stack-size id="528">18.2305</stack-size>
<stack-size id="540">18.642</stack-size>
<stack-size id="552">18.93</stack-size>
<stack-size id="564">19.177</stack-size>
<stack-size id="576">19.2593</stack-size>
<stack-size id="588">19.7119</stack-size>
<stack-size id="600">19.9588</stack-size>
<stack-size id="612">20.0823</stack-size>
<stack-size id="624">20.5761</stack-size>
<stack-size id="636">20.9877</stack-size>
<stack-size id="648">21.358</stack-size>
<stack-size id="660">21.8519</stack-size>
<stack-size id="672">22.3045</stack-size>
<stack-size id="684">22.6337</stack-size>
<stack-size id="696">23.0453</stack-size>
<stack-size id="708">23.4979</stack-size>
<stack-size id="720">23.786</stack-size>
<stack-size id="732">24.2387</stack-size>
<stack-size id="744">24.6502</stack-size>
<stack-size id="756">25.1029</stack-size>
<stack-size id="768">25.1029</stack-size>
<stack-size id="780">25.3498</stack-size>
<stack-size id="792">25.4321</stack-size>
<stack-size id="804">25.8848</stack-size>
<stack-size id="816">26.2963</stack-size>
<stack-size id="828">26.7078</stack-size>
<stack-size id="840">27.2016</stack-size>
<stack-size id="852">27.6543</stack-size>
<stack-size id="864">27.572</stack-size>
<stack-size id="876">27.6543</stack-size>
<stack-size id="888">28.107</stack-size>
<stack-size id="900">28.1893</stack-size>
<stack-size id="912">28.3539</stack-size>
<stack-size id="924">28.7654</stack-size>
<stack-size id="936">28.8477</stack-size>
<stack-size id="948">29.0123</stack-size>
<stack-size id="960">28.93</stack-size>
<stack-size id="972">29.0123</stack-size>
<stack-size id="984">29.465</stack-size>
<stack-size id="996">29.7531</stack-size>
<stack-size id="1008">29.7119</stack-size>
<stack-size id="1020">29.7531</stack-size>
<stack-size id="1032">29.7531</stack-size>
<stack-size id="1044">29.6296</stack-size>
<stack-size id="1056">29.5885</stack-size>
<stack-size id="1068">29.3416</stack-size>
<stack-size id="1080">29.465</stack-size>
<stack-size id="1092">29.6708</stack-size>
<stack-size id="1104">29.7531</stack-size>
<stack-size id="1116">29.5062</stack-size>
<stack-size id="1128">29.5885</stack-size>
<stack-size id="1140">29.5473</stack-size>
<stack-size id="1152">29.4239</stack-size>
<stack-size id="1164">29.465</stack-size>
<stack-size id="1176">29.5062</stack-size>
<stack-size id="1188">29.465</stack-size>
<stack-size id="1200">29.3416</stack-size>
<stack-size id="1212">29.3004</stack-size>
<stack-size id="1224">29.5062</stack-size>
<stack-size id="1236">29.5062</stack-size>
<stack-size id="1248">29.4239</stack-size>
<stack-size id="1260">29.5473</stack-size>
<stack-size id="1272">29.5885</stack-size>
<stack-size id="1284">29.3827</stack-size>
<stack-size id="1296">29.3827</stack-size>
<stack-size id="1308">29.3827</stack-size>
<stack-size id="1320">29.3004</stack-size>
<stack-size id="1332">29.1358</stack-size>
<stack-size id="1344">28.6008</stack-size>
<stack-size id="1356">28.3951</stack-size>
<stack-size id="1368">28.642</stack-size>
<stack-size id="1380">28.5597</stack-size>
<stack-size id="1392">28.6831</stack-size>
<stack-size id="1404">27.2428</stack-size>
<stack-size id="1416">26.2963</stack-size>
<stack-size id="1428">25.5144</stack-size>
<stack-size id="1440">25.2263</stack-size>
<stack-size id="1452">25.2263</stack-size>
<stack-size id="1464">25.1029</stack-size>
<stack-size id="1476">25.0617</stack-size>
<stack-size id="1488">25.0206</stack-size>
<stack-size id="1500">24.9794</stack-size>
<stack-size id="1512">25.3498</stack-size>
<stack-size id="1524">25.0617</stack-size>
<stack-size id="1536">25.2263</stack-size>
<stack-size id="1548">25.1029</stack-size>
<stack-size id="1560">24.8148</stack-size>
<stack-size id="1572">24.9383</stack-size>
<stack-size id="1584">25.1029</stack-size>
<stack-size id="1596">25.0206</stack-size>
<stack-size id="1608">25.1029</stack-size>
<stack-size id="1620">24.6914</stack-size>
<stack-size id="1632">24.7737</stack-size>
<stack-size id="1644">24.9383</stack-size>
<stack-size id="1656">24.8971</stack-size>
<stack-size id="1668">24.9383</stack-size>
<stack-size id="1680">25.2263</stack-size>
<stack-size id="1692">24.9383</stack-size>
<stack-size id="1704">25.1852</stack-size>
<stack-size id="1716">25.144</stack-size>
<stack-size id="1728">25.0206</stack-size>
<stack-size id="1740">24.9383</stack-size>
<stack-size id="1752">25.0617</stack-size>
<stack-size id="1764">24.9794</stack-size>
<stack-size id="1776">24.9383</stack-size>
<stack-size id="1788">24.7737</stack-size>
<stack-size id="1800">24.6914</stack-size>
<stack-size id="1812">22.2222</stack-size>
<stack-size id="1824">22.0165</stack-size>
<stack-size id="1836">22.2634</stack-size>
<stack-size id="1848">22.0576</stack-size>
<stack-size id="1860">22.3045</stack-size>
<stack-size id="1872">21.893</stack-size>
<stack-size id="1884">21.1111</stack-size>
<stack-size id="1896">21.1111</stack-size>
<stack-size id="1908">21.1934</stack-size>
<stack-size id="1920">21.1523</stack-size>
<stack-size id="1932">20.9465</stack-size>
<stack-size id="1944">21.0288</stack-size>
<stack-size id="1956">21.0288</stack-size>
<stack-size id="1968">20.5761</stack-size>
<stack-size id="1980">20.7819</stack-size>
<stack-size id="1992">20.7407</stack-size>
<stack-size id="2004">20.6996</stack-size>
<stack-size id="2016">20.4115</stack-size>
<stack-size id="2028">20.8642</stack-size>
<stack-size id="2040">20.6584</stack-size>
<stack-size id="2052">20.3704</stack-size>
<stack-size id="2064">20.5761</stack-size>
<stack-size id="2076">20.535</stack-size>
<stack-size id="2088">20.4115</stack-size>
<stack-size id="2100">18.107</stack-size>
<stack-size id="2112">17.9012</stack-size>
<stack-size id="2124">17.6955</stack-size>
<stack-size id="2136">17.7366</stack-size>
<stack-size id="2148">17.4897</stack-size>
<stack-size id="2160">17.4486</stack-size>
<stack-size id="2172">17.5309</stack-size>
<stack-size id="2184">17.6132</stack-size>
<stack-size id="2196">17.572</stack-size>
<stack-size id="2208">17.3251</stack-size>
<stack-size id="2220">17.284</stack-size>
<stack-size id="2232">17.0782</stack-size>
<stack-size id="2244">17.4897</stack-size>
<stack-size id="2256">17.4897</stack-size>
<stack-size id="2268">17.284</stack-size>
<stack-size id="2280">17.3251</stack-size>
<stack-size id="2292">17.284</stack-size>
<stack-size id="2304">17.2016</stack-size>
<stack-size id="2316">17.1193</stack-size>
<stack-size id="2328">17.1605</stack-size>
<stack-size id="2340">13.251</stack-size>
<stack-size id="2352">13.1687</stack-size>
<stack-size id="2364">13.2099</stack-size>
<stack-size id="2376">5.88477</stack-size>
<stack-size id="2388">5.72016</stack-size>
<stack-size id="2400">5.63786</stack-size>
<stack-size id="2412">5.47325</stack-size>
<stack-size id="2424">5.4321</stack-size>
<max-stack>728</max-stack>
<front-edges>2429</front-edges>
<back-edges>1467</back-edges>
<cross-edges>2584</cross-edges>
<shortest-cycle>7</shortest-cycle>
</dfs-info>
<rw-info>
<coverage step="240">8.43621</coverage>
<coverage step="480">14.1975</coverage>
<coverage step="720">19.0947</coverage>
<coverage step="960">22.6749</coverage>
<coverage step="1200">24.7737</coverage>
<coverage step="1440">27.3251</coverage>
<coverage step="1680">30.1235</coverage>
<coverage step="1920">32.2222</coverage>
<coverage step="2160">34.321</coverage>
<coverage step="2400">35.6379</coverage>
<coverage step="2640">37.2016</coverage>
<coverage step="2880">38.1481</coverage>
<coverage step="3120">39.7942</coverage>
<coverage step="3360">41.5226</coverage>
<coverage step="3600">42.3868</coverage>
<coverage step="3840">43.0041</coverage>
<coverage step="4080">44.0741</coverage>
<coverage step="4320">45.2263</coverage>
<coverage step="4560">45.8436</coverage>
<coverage step="4800">46.0494</coverage>
<coverage step="5040">46.5021</coverage>
<coverage step="5280">46.6667</coverage>
<coverage step="5520">47.1605</coverage>
<coverage step="5760">47.4486</coverage>
<coverage step="6000">48.5597</coverage>
<coverage step="6240">48.9712</coverage>
<coverage step="6480">49.2593</coverage>
<coverage step="6720">49.3416</coverage>
<coverage step="6960">50</coverage>
<coverage step="7200">50.4938</coverage>
<coverage step="7440">51.4815</coverage>
<coverage step="7680">52.2634</coverage>
<coverage step="7920">52.9218</coverage>
<coverage step="8160">53.251</coverage>
<coverage step="8400">53.6626</coverage>
<coverage step="8640">53.8683</coverage>
<coverage step="8880">54.1564</coverage>
<coverage step="9120">54.2387</coverage>
<coverage step="9360">54.6914</coverage>
<coverage step="9600">54.9383</coverage>
<coverage step="9840">55.144</coverage>
<coverage step="10080">55.3909</coverage>
<coverage step="10320">55.7202</coverage>
<coverage step="10560">55.7613</coverage>
<coverage step="10800">55.8436</coverage>
<coverage step="11040">56.0494</coverage>
<coverage step="11280">56.3374</coverage>
<coverage step="11520">56.3786</coverage>
<coverage step="11760">56.749</coverage>
<coverage step="12000">57.1193</coverage>
<coverage step="12240">57.9835</coverage>
<coverage step="12480">58.3128</coverage>
<coverage step="12720">59.0123</coverage>
<coverage step="12960">59.3416</coverage>
<coverage step="13200">59.3827</coverage>
<coverage step="13440">59.9177</coverage>
<coverage step="13680">60.3292</coverage>
<coverage step="13920">60.6584</coverage>
<coverage step="14160">60.6996</coverage>
<coverage step="14400">60.8642</coverage>
<coverage step="14640">61.9342</coverage>
<coverage step="14880">62.1399</coverage>
<coverage step="15120">62.1399</coverage>
<coverage step="15360">62.1399</coverage>
<coverage step="15600">62.2634</coverage>
<coverage step="15840">62.5103</coverage>
<coverage step="16080">62.8395</coverage>
<coverage step="16320">63.7037</coverage>
<coverage step="16560">63.8272</coverage>
<coverage step="16800">63.8683</coverage>
<coverage step="17040">64.1152</coverage>
<coverage step="17280">65.0206</coverage>
<coverage step="17520">65.1852</coverage>
<coverage step="17760">65.3909</coverage>
<coverage step="18000">65.3909</coverage>
<coverage step="18240">65.3909</coverage>
<coverage step="18480">65.679</coverage>
<coverage step="18720">65.8436</coverage>
<coverage step="18960">65.9259</coverage>
<coverage step="19200">66.0082</coverage>
<coverage step="19440">66.214</coverage>
<coverage step="19680">66.3786</coverage>
<coverage step="19920">66.4609</coverage>
<coverage step="20160">66.4609</coverage>
<coverage step="20400">66.4609</coverage>
<coverage step="20640">66.6255</coverage>
<coverage step="20880">66.9547</coverage>
<coverage step="21120">66.9547</coverage>
<coverage step="21360">67.4486</coverage>
<coverage step="21600">67.4897</coverage>
<coverage step="21840">67.7366</coverage>
<coverage step="22080">67.7366</coverage>
<coverage step="22320">67.7778</coverage>
<coverage step="22560">67.7778</coverage>
<coverage step="22800">67.8601</coverage>
<coverage step="23040">67.9835</coverage>
<coverage step="23280">68.2305</coverage>
<coverage step="23520">68.2305</coverage>
<coverage step="23760">68.3539</coverage>
<coverage step="24000">68.3951</coverage>
<coverage step="24240">68.4362</coverage>
<rw-visits order="1">143</rw-visits>
<rw-visits order="9">117</rw-visits>
<rw-visits order="17">106</rw-visits>
<rw-visits order="25">89</rw-visits>
<rw-visits order="33">75</rw-visits>
<rw-visits order="41">71</rw-visits>
<rw-visits order="49">68</rw-visits>
<rw-visits order="57">64</rw-visits>
<rw-visits order="65">61</rw-visits>
<rw-visits order="73">59</rw-visits>
<rw-visits order="81">56</rw-visits>
<rw-visits order="89">53</rw-visits>
<rw-visits order="97">52</rw-visits>
<rw-visits order="105">51</rw-visits>
<rw-visits order="113">50</rw-visits>
<rw-visits order="121">49</rw-visits>
<rw-visits order="129">47</rw-visits>
<rw-visits order="137">45</rw-visits>
<rw-visits order="145">44</rw-visits>
<rw-visits order="153">43</rw-visits>
<rw-visits order="161">42</rw-visits>
<rw-visits order="169">41</rw-visits>
<rw-visits order="177">39</rw-visits>
<rw-visits order="185">38</rw-visits>
<rw-visits order="193">38</rw-visits>
<rw-visits order="201">37</rw-visits>
<rw-visits order="209">36</rw-visits>
<rw-visits order="217">35</rw-visits>
<rw-visits order="225">34</rw-visits>
<rw-visits order="233">34</rw-visits>
<rw-visits order="241">33</rw-visits>
<rw-visits order="249">31</rw-visits>
<rw-visits order="257">31</rw-visits>
<rw-visits order="265">30</rw-visits>
<rw-visits order="273">30</rw-visits>
<rw-visits order="281">29</rw-visits>
<rw-visits order="289">28</rw-visits>
<rw-visits order="297">27</rw-visits>
<rw-visits order="305">26</rw-visits>
<rw-visits order="313">26</rw-visits>
<rw-visits order="321">25</rw-visits>
<rw-visits order="329">24</rw-visits>
<rw-visits order="337">24</rw-visits>
<rw-visits order="345">24</rw-visits>
<rw-visits order="353">23</rw-visits>
<rw-visits order="361">23</rw-visits>
<rw-visits order="369">22</rw-visits>
<rw-visits order="377">21</rw-visits>
<rw-visits order="385">21</rw-visits>
<rw-visits order="393">20</rw-visits>
<rw-visits order="401">20</rw-visits>
<rw-visits order="409">20</rw-visits>
<rw-visits order="417">19</rw-visits>
<rw-visits order="425">19</rw-visits>
<rw-visits order="433">18</rw-visits>
<rw-visits order="441">17</rw-visits>
<rw-visits order="449">17</rw-visits>
<rw-visits order="457">16</rw-visits>
<rw-visits order="465">16</rw-visits>
<rw-visits order="473">16</rw-visits>
<rw-visits order="481">16</rw-visits>
<rw-visits order="489">15</rw-visits>
<rw-visits order="497">15</rw-visits>
<rw-visits order="505">15</rw-visits>
<rw-visits order="513">14</rw-visits>
<rw-visits order="521">14</rw-visits>
<rw-visits order="529">13</rw-visits>
<rw-visits order="537">13</rw-visits>
<rw-visits order="545">13</rw-visits>
<rw-visits order="553">13</rw-visits>
<rw-visits order="561">12</rw-visits>
<rw-visits order="569">12</rw-visits>
<rw-visits order="577">11</rw-visits>
<rw-visits order="585">11</rw-visits>
<rw-visits order="593">11</rw-visits>
<rw-visits order="601">11</rw-visits>
<rw-visits order="609">11</rw-visits>
<rw-visits order="617">10</rw-visits>
<rw-visits order="625">10</rw-visits>
<rw-visits order="633">10</rw-visits>
<rw-visits order="641">10</rw-visits>
<rw-visits order="649">10</rw-visits>
<rw-visits order="657">9</rw-visits>
<rw-visits order="665">9</rw-visits>
<rw-visits order="673">9</rw-visits>
<rw-visits order="681">9</rw-visits>
<rw-visits order="689">9</rw-visits>
<rw-visits order="697">8</rw-visits>
<rw-visits order="705">8</rw-visits>
<rw-visits order="713">8</rw-visits>
<rw-visits order="721">8</rw-visits>
<rw-visits order="729">8</rw-visits>
<rw-visits order="737">8</rw-visits>
<rw-visits order="745">8</rw-visits>
<rw-visits order="753">7</rw-visits>
<rw-visits order="761">7</rw-visits>
<rw-visits order="769">7</rw-visits>
<rw-visits order="777">7</rw-visits>
<rw-visits order="785">7</rw-visits>
<rw-visits order="793">7</rw-visits>
<rw-visits order="801">7</rw-visits>
<rw-visits order="809">7</rw-visits>
<rw-visits order="817">6</rw-visits>
<rw-visits order="825">6</rw-visits>
<rw-visits order="833">6</rw-visits>
<rw-visits order="841">6</rw-visits>
<rw-visits order="849">6</rw-visits>
<rw-visits order="857">6</rw-visits>
<rw-visits order="865">6</rw-visits>
<rw-visits order="873">5</rw-visits>
<rw-visits order="881">5</rw-visits>
<rw-visits order="889">5</rw-visits>
<rw-visits order="897">5</rw-visits>
<rw-visits order="905">5</rw-visits>
<rw-visits order="913">5</rw-visits>
<rw-visits order="921">5</rw-visits>
<rw-visits order="929">5</rw-visits>
<rw-visits order="937">5</rw-visits>
<rw-visits order="945">5</rw-visits>
<rw-visits order="953">4</rw-visits>
<rw-visits order="961">4</rw-visits>
<rw-visits order="969">4</rw-visits>
<rw-visits order="977">4</rw-visits>
<rw-visits order="985">4</rw-visits>
<rw-visits order="993">4</rw-visits>
<rw-visits order="1001">4</rw-visits>
<rw-visits order="1009">4</rw-visits>
<rw-visits order="1017">4</rw-visits>
<rw-visits order="1025">4</rw-visits>
<rw-visits order="1033">4</rw-visits>
<rw-visits order="1041">3</rw-visits>
<rw-visits order="1049">3</rw-visits>
<rw-visits order="1057">3</rw-visits>
<rw-visits order="1065">3</rw-visits>
<rw-visits order="1073">3</rw-visits>
<rw-visits order="1081">3</rw-visits>
<rw-visits order="1089">3</rw-visits>
<rw-visits order="1097">3</rw-visits>
<rw-visits order="1105">3</rw-visits>
<rw-visits order="1113">3</rw-visits>
<rw-visits order="1121">3</rw-visits>
<rw-visits order="1129">3</rw-visits>
<rw-visits order="1137">3</rw-visits>
<rw-visits order="1145">3</rw-visits>
<rw-visits order="1153">3</rw-visits>
<rw-visits order="1161">3</rw-visits>
<rw-visits order="1169">3</rw-visits>
<rw-visits order="1177">2</rw-visits>
<rw-visits order="1185">2</rw-visits>
<rw-visits order="1193">2</rw-visits>
<rw-visits order="1201">2</rw-visits>
<rw-visits order="1209">2</rw-visits>
<rw-visits order="1217">2</rw-visits>
<rw-visits order="1225">2</rw-visits>
<rw-visits order="1233">2</rw-visits>
<rw-visits order="1241">2</rw-visits>
<rw-visits order="1249">2</rw-visits>
<rw-visits order="1257">2</rw-visits>
<rw-visits order="1265">2</rw-visits>
<rw-visits order="1273">2</rw-visits>
<rw-visits order="1281">2</rw-visits>
<rw-visits order="1289">2</rw-visits>
<rw-visits order="1297">2</rw-visits>
<rw-visits order="1305">2</rw-visits>
<rw-visits order="1313">2</rw-visits>
<rw-visits order="1321">2</rw-visits>
<rw-visits order="1329">2</rw-visits>
<rw-visits order="1337">1</rw-visits>
<rw-visits order="1345">1</rw-visits>
<rw-visits order="1353">1</rw-visits>
<rw-visits order="1361">1</rw-visits>
<rw-visits order="1369">1</rw-visits>
<rw-visits order="1377">1</rw-visits>
<rw-visits order="1385">1</rw-visits>
<rw-visits order="1393">1</rw-visits>
<rw-visits order="1401">1</rw-visits>
<rw-visits order="1409">1</rw-visits>
<rw-visits order="1417">1</rw-visits>
<rw-visits order="1425">1</rw-visits>
<rw-visits order="1433">1</rw-visits>
<rw-visits order="1441">1</rw-visits>
<rw-visits order="1449">1</rw-visits>
<rw-visits order="1457">1</rw-visits>
<rw-visits order="1465">1</rw-visits>
<rw-visits order="1473">1</rw-visits>
<rw-visits order="1481">1</rw-visits>
<rw-visits order="1489">1</rw-visits>
<rw-visits order="1497">1</rw-visits>
<rw-visits order="1505">1</rw-visits>
<rw-visits order="1513">1</rw-visits>
<rw-visits order="1521">1</rw-visits>
<rw-visits order="1529">1</rw-visits>
<rw-visits order="1537">1</rw-visits>
<rw-visits order="1545">1</rw-visits>
<rw-visits order="1553">1</rw-visits>
<rw-visits order="1561">1</rw-visits>
<rw-visits order="1569">1</rw-visits>
<rw-visits order="1577">1</rw-visits>
<rw-visits order="1585">1</rw-visits>
<rw-visits order="1593">1</rw-visits>
<rw-visits order="1601">1</rw-visits>
<rw-visits order="1609">1</rw-visits>
<rw-visits order="1617">1</rw-visits>
<rw-visits order="1625">1</rw-visits>
<rw-visits order="1633">1</rw-visits>
<rw-visits order="1641">1</rw-visits>
<rw-visits order="1649">1</rw-visits>
<rw-visits order="1657">1</rw-visits>
<final-coverage>68.4362</final-coverage>
</rw-info>
<local-info>
<diamonds>89.3827</diamonds>
<neighborhood k="4">28</neighborhood>
<clustering k="4">1.6021</clustering>
</local-info>
<label-info>
<edge-label id="0.1">972</edge-label>
<edge-label id="0.2+5.0">432</edge-label>
<edge-label id="2.0">810</edge-label>
<edge-label id="2.1">810</edge-label>
<edge-label id="2.2+4.0">270</edge-label>
<edge-label id="2.3+4.0">270</edge-label>
<edge-label id="3.1">405</edge-label>
<edge-label id="3.2">405</edge-label>
<edge-label id="3.3">405</edge-label>
<edge-label id="3.4">405</edge-label>
<edge-label id="4.1+0.0">756</edge-label>
<edge-label id="5.1+3.0">540</edge-label>
<state-labels procid="0">
<label id="[]">2430</label>
</state-labels><state-labels procid="1">
<label id="[0,0,0]">81</label>
<label id="[0,0,1]">162</label>
<label id="[0,0,2]">162</label>
<label id="[0,0,3]">162</label>
<label id="[0,1,0]">81</label>
<label id="[0,1,1]">162</label>
<label id="[0,1,2]">162</label>
<label id="[0,1,3]">162</label>
<label id="[1,0,0]">162</label>
<label id="[1,0,1]">162</label>
<label id="[1,0,2]">162</label>
<label id="[1,0,3]">162</label>
<label id="[1,1,0]">162</label>
<label id="[1,1,1]">162</label>
<label id="[1,1,2]">162</label>
<label id="[1,1,3]">162</label>
</state-labels><state-labels procid="2">
<label id="[0,0,0]">2430</label>
</state-labels><state-labels procid="3">
<label id="[0]">810</label>
<label id="[1]">810</label>
<label id="[2]">810</label>
</state-labels><state-labels procid="4">
<label id="[0,0]">405</label>
<label id="[0,1]">405</label>
<label id="[1,0]">405</label>
<label id="[1,1]">405</label>
<label id="[2,0]">405</label>
<label id="[3,1]">405</label>
</state-labels><state-labels procid="5">
<label id="[0,0]">405</label>
<label id="[0,1]">405</label>
<label id="[1,0]">810</label>
<label id="[1,1]">810</label>
</state-labels><state-labels procid="6">
<label id="[0,0]">405</label>
<label id="[0,1]">405</label>
<label id="[1,0]">810</label>
<label id="[1,1]">810</label>
</state-labels></label-info>
</state-space-info>
